timestamp, name, uuid, driver_version, pstate, temperature.gpu, power.draw [W], utilization.gpu [%], utilization.memory [%], memory.used [MiB], memory.total [MiB], clocks.current.sm [MHz], clocks.current.memory [MHz]
2026/09/13 11:16:36.135, NVIDIA GeForce RTX 4090, GPU-457328ff-6f8e-1f53-8cc3-68ae75d90604, 595.91.07, P8, 26, 15.74 W, 0 %, 0 %, 1 MiB, 24564 MiB, 210 MHz, 405 MHz
2026/09/13 11:16:37.143, NVIDIA GeForce RTX 4090, GPU-457328ff-6f8e-1f53-8cc3-68ae75d90604, 595.91.07, P8, 26, 15.71 W, 0 %, 0 %, 1 MiB, 24564 MiB, 210 MHz, 405 MHz
2026/09/13 11:16:38.145, NVIDIA GeForce RTX 4090, GPU-457328ff-6f8e-1f53-8cc3-68ae75d90604, 595.91.07, P8, 26, 15.88 W, 0 %, 0 %, 1 MiB, 24564 MiB, 210 MHz, 405 MHz
2026/09/13 11:16:39.147, NVIDIA GeForce RTX 4090, GPU-457328ff-6f8e-1f53-8cc3-68ae75d90604, 595.91.07, P8, 26, 16.09 W, 0 %, 0 %, 1 MiB, 24564 MiB, 210 MHz, 405 MHz
2026/09/13 11:16:40.149, NVIDIA GeForce RTX 4090, GPU-457328ff-6f8e-1f53-8cc3-68ae75d90604, 595.91.07, P8, 26, 16.02 W, 0 %, 0 %, 1 MiB, 24564 MiB, 210 MHz, 405 MHz
2026/09/13 11:16:41.151, NVIDIA GeForce RTX 4090, GPU-457328ff-6f8e-1f53-8cc3-68ae75d90604, 595.91.07, P8, 26, 15.97 W, 0 %, 0 %, 1 MiB, 24564 MiB, 210 MHz, 405 MHz
2026/09/13 11:16:42.153, NVIDIA GeForce RTX 4090, GPU-457328ff-6f8e-1f53-8cc3-68ae75d90604, 595.91.07, P8, 26, 15.95 W, 0 %, 0 %, 1 MiB, 24564 MiB, 210 MHz, 405 MHz
2026/09/13 11:16:43.154, NVIDIA GeForce RTX 4090, GPU-457328ff-6f8e-1f53-8cc3-68ae75d90604, 595.91.07, P8, 26, 15.95 W, 0 %, 0 %, 1 MiB, 24564 MiB, 210 MHz, 405 MHz
2026/09/13 11:16:44.157, NVIDIA GeForce RTX 4090, GPU-457328ff-6f8e-1f53-8cc3-68ae75d90604, 595.91.07, P8, 26, 16.06 W, 0 %, 0 %, 1 MiB, 24564 MiB, 210 MHz, 405 MHz
2026/09/13 11:16:45.158, NVIDIA GeForce RTX 4090, GPU-457328ff-6f8e-1f53-8cc3-68ae75d90604, 595.91.07, P8, 26, 16.11 W, 0 %, 0 %, 1 MiB, 24564 MiB, 210 MHz, 405 MHz
2026/09/13 11:16:46.160, NVIDIA GeForce RTX 4090, GPU-457328ff-6f8e-1f53-8cc3-68ae75d90604, 595.91.07, P8, 26, 16.05 W, 0 %, 0 %, 1 MiB, 24564 MiB, 210 MHz, 405 MHz
2026/09/13 11:16:47.162, NVIDIA GeForce RTX 4090, GPU-457328ff-6f8e-1f53-8cc3-68ae75d90604, 595.91.07, P8, 26, 15.99 W, 0 %, 0 %, 1 MiB, 24564 MiB, 210 MHz, 405 MHz
2026/09/13 11:16:48.165, NVIDIA GeForce RTX 4090, GPU-457328ff-6f8e-1f53-8cc3-68ae75d90604, 595.91.07, P8, 26, 16.04 W, 0 %, 0 %, 1 MiB, 24564 MiB, 210 MHz, 405 MHz
2026/09/13 11:16:49.167, NVIDIA GeForce RTX 4090, GPU-457328ff-6f8e-1f53-8cc3-68ae75d90604, 595.91.07, P8, 26, 16.02 W, 0 %, 0 %, 1 MiB, 24564 MiB, 210 MHz, 405 MHz
2026/09/13 11:16:50.169, NVIDIA GeForce RTX 4090, GPU-457328ff-6f8e-1f53-8cc3-68ae75d90604, 595.91.07, P8, 26, 15.84 W, 0 %, 0 %, 1 MiB, 24564 MiB, 210 MHz, 405 MHz
2026/09/13 11:16:51.170, NVIDIA GeForce RTX 4090, GPU-457328ff-6f8e-1f53-8cc3-68ae75d90604, 595.91.07, P8, 26, 15.87 W, 0 %, 0 %, 1 MiB, 24564 MiB, 210 MHz, 405 MHz
2026/09/13 11:16:52.172, NVIDIA GeForce RTX 4090, GPU-457328ff-6f8e-1f53-8cc3-68ae75d90604, 595.91.07, P8, 26, 16.00 W, 0 %, 0 %, 1 MiB, 24564 MiB, 210 MHz, 405 MHz
2026/09/13 11:16:53.174, NVIDIA GeForce RTX 4090, GPU-457328ff-6f8e-1f53-8cc3-68ae75d90604, 595.91.07, P8, 26, 15.99 W, 0 %, 0 %, 1 MiB, 24564 MiB, 210 MHz, 405 MHz
2026/09/13 11:16:54.177, NVIDIA GeForce RTX 4090, GPU-457328ff-6f8e-1f53-8cc3-68ae75d90604, 595.91.07, P8, 26, 15.99 W, 0 %, 0 %, 1 MiB, 24564 MiB, 210 MHz, 405 MHz
2026/09/13 11:16:55.178, NVIDIA GeForce RTX 4090, GPU-457328ff-6f8e-1f53-8cc3-68ae75d90604, 595.91.07, P8, 26, 15.95 W, 0 %, 0 %, 1 MiB, 24564 MiB, 210 MHz, 405 MHz
2026/09/13 11:16:56.180, NVIDIA GeForce RTX 4090, GPU-457328ff-6f8e-1f53-8cc3-68ae75d90604, 595.91.07, P8, 26, 16.16 W, 0 %, 0 %, 1 MiB, 24564 MiB, 210 MHz, 405 MHz
2026/09/13 11:16:57.181, NVIDIA GeForce RTX 4090, GPU-457328ff-6f8e-1f53-8cc3-68ae75d90604, 595.91.07, P8, 26, 16.35 W, 0 %, 0 %, 1 MiB, 24564 MiB, 210 MHz, 405 MHz
2026/09/13 11:16:58.184, NVIDIA GeForce RTX 4090, GPU-457328ff-6f8e-1f53-8cc3-68ae75d90604, 595.91.07, P8, 26, 16.23 W, 0 %, 0 %, 1 MiB, 24564 MiB, 210 MHz, 405 MHz
2026/09/13 11:16:59.185, NVIDIA GeForce RTX 4090, GPU-457328ff-6f8e-1f53-8cc3-68ae75d90604, 595.91.07, P8, 26, 16.00 W, 0 %, 0 %, 1 MiB, 24564 MiB, 210 MHz, 405 MHz
2026/09/13 11:17:00.187, NVIDIA GeForce RTX 4090, GPU-457328ff-6f8e-1f53-8cc3-68ae75d90604, 595.91.07, P8, 26, 15.78 W, 0 %, 0 %, 1 MiB, 24564 MiB, 210 MHz, 405 MHz
2026/09/13 11:17:01.189, NVIDIA GeForce RTX 4090, GPU-457328ff-6f8e-1f53-8cc3-68ae75d90604, 595.91.07, P8, 26, 15.87 W, 0 %, 0 %, 1 MiB, 24564 MiB, 210 MHz, 405 MHz
2026/09/13 11:17:02.190, NVIDIA GeForce RTX 4090, GPU-457328ff-6f8e-1f53-8cc3-68ae75d90604, 595.91.07, P8, 26, 15.94 W, 0 %, 0 %, 1 MiB, 24564 MiB, 210 MHz, 405 MHz
2026/09/13 11:17:03.192, NVIDIA GeForce RTX 4090, GPU-457328ff-6f8e-1f53-8cc3-68ae75d90604, 595.91.07, P8, 26, 15.74 W, 0 %, 0 %, 1 MiB, 24564 MiB, 210 MHz, 405 MHz
2026/09/13 11:17:04.194, NVIDIA GeForce RTX 4090, GPU-457328ff-6f8e-1f53-8cc3-68ae75d90604, 595.91.07, P8, 26, 15.82 W, 0 %, 0 %, 1 MiB, 24564 MiB, 210 MHz, 405 MHz
2026/09/13 11:17:05.195, NVIDIA GeForce RTX 4090, GPU-457328ff-6f8e-1f53-8cc3-68ae75d90604, 595.91.07, P8, 26, 15.88 W, 0 %, 0 %, 1 MiB, 24564 MiB, 210 MHz, 405 MHz
2026/09/13 11:17:06.197, NVIDIA GeForce RTX 4090, GPU-457328ff-6f8e-1f53-8cc3-68ae75d90604, 595.91.07, P8, 26, 16.00 W, 0 %, 0 %, 1 MiB, 24564 MiB, 210 MHz, 405 MHz
2026/09/13 11:17:07.199, NVIDIA GeForce RTX 4090, GPU-457328ff-6f8e-1f53-8cc3-68ae75d90604, 595.91.07, P8, 26, 16.11 W, 0 %, 0 %, 1 MiB, 24564 MiB, 210 MHz, 405 MHz
2026/09/13 11:17:08.201, NVIDIA GeForce RTX 4090, GPU-457328ff-6f8e-1f53-8cc3-68ae75d90604, 595.91.07, P8, 26, 15.88 W, 0 %, 0 %, 1 MiB, 24564 MiB, 210 MHz, 405 MHz
2026/09/13 11:17:09.203, NVIDIA GeForce RTX 4090, GPU-457328ff-6f8e-1f53-8cc3-68ae75d90604, 595.91.07, P8, 26, 15.79 W, 0 %, 0 %, 1 MiB, 24564 MiB, 210 MHz, 405 MHz
2026/09/13 11:17:10.205, NVIDIA GeForce RTX 4090, GPU-457328ff-6f8e-1f53-8cc3-68ae75d90604, 595.91.07, P8, 26, 15.81 W, 0 %, 0 %, 1 MiB, 24564 MiB, 210 MHz, 405 MHz
2026/09/13 11:17:11.207, NVIDIA GeForce RTX 4090, GPU-457328ff-6f8e-1f53-8cc3-68ae75d90604, 595.91.07, P8, 26, 15.83 W, 0 %, 0 %, 1 MiB, 24564 MiB, 210 MHz, 405 MHz
2026/09/13 11:17:12.210, NVIDIA GeForce RTX 4090, GPU-457328ff-6f8e-1f53-8cc3-68ae75d90604, 595.91.07, P8, 26, 15.95 W, 0 %, 0 %, 1 MiB, 24564 MiB, 210 MHz, 405 MHz
2026/09/13 11:17:13.211, NVIDIA GeForce RTX 4090, GPU-457328ff-6f8e-1f53-8cc3-68ae75d90604, 595.91.07, P8, 26, 16.02 W, 0 %, 0 %, 1 MiB, 24564 MiB, 210 MHz, 405 MHz
2026/09/13 11:17:14.213, NVIDIA GeForce RTX 4090, GPU-457328ff-6f8e-1f53-8cc3-68ae75d90604, 595.91.07, P8, 26, 15.98 W, 0 %, 0 %, 1 MiB, 24564 MiB, 210 MHz, 405 MHz
2026/09/13 11:17:15.215, NVIDIA GeForce RTX 4090, GPU-457328ff-6f8e-1f53-8cc3-68ae75d90604, 595.91.07, P8, 26, 16.07 W, 0 %, 0 %, 1 MiB, 24564 MiB, 210 MHz, 405 MHz
2026/09/13 11:17:16.216, NVIDIA GeForce RTX 4090, GPU-457328ff-6f8e-1f53-8cc3-68ae75d90604, 595.91.07, P8, 26, 16.14 W, 0 %, 0 %, 1 MiB, 24564 MiB, 210 MHz, 405 MHz
2026/09/13 11:17:17.218, NVIDIA GeForce RTX 4090, GPU-457328ff-6f8e-1f53-8cc3-68ae75d90604, 595.91.07, P8, 26, 15.97 W, 0 %, 0 %, 1 MiB, 24564 MiB, 210 MHz, 405 MHz
2026/09/13 11:17:18.219, NVIDIA GeForce RTX 4090, GPU-457328ff-6f8e-1f53-8cc3-68ae75d90604, 595.91.07, P8, 26, 15.92 W, 0 %, 0 %, 1 MiB, 24564 MiB, 210 MHz, 405 MHz
2026/09/13 11:17:19.220, NVIDIA GeForce RTX 4090, GPU-457328ff-6f8e-1f53-8cc3-68ae75d90604, 595.91.07, P8, 26, 15.92 W, 0 %, 0 %, 1 MiB, 24564 MiB, 210 MHz, 405 MHz
2026/09/13 11:17:20.222, NVIDIA GeForce RTX 4090, GPU-457328ff-6f8e-1f53-8cc3-68ae75d90604, 595.91.07, P8, 26, 15.89 W, 0 %, 0 %, 1 MiB, 24564 MiB, 210 MHz, 405 MHz
2026/09/13 11:17:21.224, NVIDIA GeForce RTX 4090, GPU-457328ff-6f8e-1f53-8cc3-68ae75d90604, 595.91.07, P8, 26, 15.95 W, 0 %, 0 %, 1 MiB, 24564 MiB, 210 MHz, 405 MHz
2026/09/13 11:17:22.225, NVIDIA GeForce RTX 4090, GPU-457328ff-6f8e-1f53-8cc3-68ae75d90604, 595.91.07, P8, 26, 15.91 W, 0 %, 0 %, 1 MiB, 24564 MiB, 210 MHz, 405 MHz
2026/09/13 11:17:23.226, NVIDIA GeForce RTX 4090, GPU-457328ff-6f8e-1f53-8cc3-68ae75d90604, 595.91.07, P8, 26, 15.96 W, 0 %, 0 %, 1 MiB, 24564 MiB, 210 MHz, 405 MHz
2026/09/13 11:17:24.228, NVIDIA GeForce RTX 4090, GPU-457328ff-6f8e-1f53-8cc3-68ae75d90604, 595.91.07, P8, 26, 16.11 W, 0 %, 0 %, 1 MiB, 24564 MiB, 210 MHz, 405 MHz
2026/09/13 11:17:25.229, NVIDIA GeForce RTX 4090, GPU-457328ff-6f8e-1f53-8cc3-68ae75d90604, 595.91.07, P8, 26, 16.19 W, 0 %, 0 %, 1 MiB, 24564 MiB, 210 MHz, 405 MHz
2026/09/13 11:17:26.231, NVIDIA GeForce RTX 4090, GPU-457328ff-6f8e-1f53-8cc3-68ae75d90604, 595.91.07, P8, 26, 16.11 W, 0 %, 0 %, 1 MiB, 24564 MiB, 210 MHz, 405 MHz
2026/09/13 11:17:27.232, NVIDIA GeForce RTX 4090, GPU-457328ff-6f8e-1f53-8cc3-68ae75d90604, 595.91.07, P8, 26, 15.96 W, 0 %, 0 %, 1 MiB, 24564 MiB, 210 MHz, 405 MHz
2026/09/13 11:17:28.234, NVIDIA GeForce RTX 4090, GPU-457328ff-6f8e-1f53-8cc3-68ae75d90604, 595.91.07, P8, 26, 15.93 W, 0 %, 0 %, 1 MiB, 24564 MiB, 210 MHz, 405 MHz
2026/09/13 11:17:29.236, NVIDIA GeForce RTX 4090, GPU-457328ff-6f8e-1f53-8cc3-68ae75d90604, 595.91.07, P8, 26, 15.98 W, 0 %, 0 %, 1 MiB, 24564 MiB, 210 MHz, 405 MHz
2026/09/13 11:17:30.238, NVIDIA GeForce RTX 4090, GPU-457328ff-6f8e-1f53-8cc3-68ae75d90604, 595.91.07, P8, 26, 15.95 W, 0 %, 0 %, 1 MiB, 24564 MiB, 210 MHz, 405 MHz
2026/09/13 11:17:31.240, NVIDIA GeForce RTX 4090, GPU-457328ff-6f8e-1f53-8cc3-68ae75d90604, 595.91.07, P8, 26, 15.89 W, 0 %, 0 %, 1 MiB, 24564 MiB, 210 MHz, 405 MHz
2026/09/13 11:17:32.242, NVIDIA GeForce RTX 4090, GPU-457328ff-6f8e-1f53-8cc3-68ae75d90604, 595.91.07, P8, 26, 15.82 W, 0 %, 0 %, 1 MiB, 24564 MiB, 210 MHz, 405 MHz
2026/09/13 11:17:33.244, NVIDIA GeForce RTX 4090, GPU-457328ff-6f8e-1f53-8cc3-68ae75d90604, 595.91.07, P8, 26, 15.81 W, 0 %, 0 %, 1 MiB, 24564 MiB, 210 MHz, 405 MHz
2026/09/13 11:17:34.245, NVIDIA GeForce RTX 4090, GPU-457328ff-6f8e-1f53-8cc3-68ae75d90604, 595.91.07, P8, 26, 15.88 W, 0 %, 0 %, 1 MiB, 24564 MiB, 210 MHz, 405 MHz
2026/09/13 11:17:35.247, NVIDIA GeForce RTX 4090, GPU-457328ff-6f8e-1f53-8cc3-68ae75d90604, 595.91.07, P8, 26, 15.94 W, 0 %, 0 %, 1 MiB, 24564 MiB, 210 MHz, 405 MHz
2026/09/13 11:17:36.249, NVIDIA GeForce RTX 4090, GPU-457328ff-6f8e-1f53-8cc3-68ae75d90604, 595.91.07, P8, 26, 16.04 W, 0 %, 0 %, 1 MiB, 24564 MiB, 210 MHz, 405 MHz
2026/09/13 11:17:37.251, NVIDIA GeForce RTX 4090, GPU-457328ff-6f8e-1f53-8cc3-68ae75d90604, 595.91.07, P8, 26, 16.11 W, 0 %, 0 %, 1 MiB, 24564 MiB, 210 MHz, 405 MHz
2026/09/13 11:17:38.253, NVIDIA GeForce RTX 4090, GPU-457328ff-6f8e-1f53-8cc3-68ae75d90604, 595.91.07, P8, 26, 16.09 W, 0 %, 0 %, 1 MiB, 24564 MiB, 210 MHz, 405 MHz
2026/09/13 11:17:39.254, NVIDIA GeForce RTX 4090, GPU-457328ff-6f8e-1f53-8cc3-68ae75d90604, 595.91.07, P8, 26, 16.07 W, 0 %, 0 %, 1 MiB, 24564 MiB, 210 MHz, 405 MHz
2026/09/13 11:17:40.256, NVIDIA GeForce RTX 4090, GPU-457328ff-6f8e-1f53-8cc3-68ae75d90604, 595.91.07, P8, 26, 16.10 W, 0 %, 0 %, 1 MiB, 24564 MiB, 210 MHz, 405 MHz
2026/09/13 11:17:41.258, NVIDIA GeForce RTX 4090, GPU-457328ff-6f8e-1f53-8cc3-68ae75d90604, 595.91.07, P8, 26, 15.99 W, 0 %, 0 %, 1 MiB, 24564 MiB, 210 MHz, 405 MHz
2026/09/13 11:17:42.260, NVIDIA GeForce RTX 4090, GPU-457328ff-6f8e-1f53-8cc3-68ae75d90604, 595.91.07, P8, 26, 15.91 W, 0 %, 0 %, 1 MiB, 24564 MiB, 210 MHz, 405 MHz
2026/09/13 11:17:43.262, NVIDIA GeForce RTX 4090, GPU-457328ff-6f8e-1f53-8cc3-68ae75d90604, 595.91.07, P8, 26, 15.97 W, 0 %, 0 %, 1 MiB, 24564 MiB, 210 MHz, 405 MHz
2026/09/13 11:17:44.264, NVIDIA GeForce RTX 4090, GPU-457328ff-6f8e-1f53-8cc3-68ae75d90604, 595.91.07, P8, 26, 16.11 W, 0 %, 0 %, 1 MiB, 24564 MiB, 210 MHz, 405 MHz
2026/09/13 11:17:45.266, NVIDIA GeForce RTX 4090, GPU-457328ff-6f8e-1f53-8cc3-68ae75d90604, 595.91.07, P8, 26, 16.13 W, 0 %, 0 %, 1 MiB, 24564 MiB, 210 MHz, 405 MHz
2026/09/13 11:17:46.267, NVIDIA GeForce RTX 4090, GPU-457328ff-6f8e-1f53-8cc3-68ae75d90604, 595.91.07, P8, 26, 16.01 W, 0 %, 0 %, 1 MiB, 24564 MiB, 210 MHz, 405 MHz
2026/09/13 11:17:47.268, NVIDIA GeForce RTX 4090, GPU-457328ff-6f8e-1f53-8cc3-68ae75d90604, 595.91.07, P8, 26, 16.08 W, 0 %, 0 %, 4 MiB, 24564 MiB, 210 MHz, 405 MHz
2026/09/13 11:17:48.270, NVIDIA GeForce RTX 4090, GPU-457328ff-6f8e-1f53-8cc3-68ae75d90604, 595.91.07, P8, 26, 15.93 W, 0 %, 0 %, 4 MiB, 24564 MiB, 210 MHz, 405 MHz
2026/09/13 11:17:49.271, NVIDIA GeForce RTX 4090, GPU-457328ff-6f8e-1f53-8cc3-68ae75d90604, 595.91.07, P8, 26, 15.98 W, 0 %, 0 %, 4 MiB, 24564 MiB, 210 MHz, 405 MHz
2026/09/13 11:17:50.273, NVIDIA GeForce RTX 4090, GPU-457328ff-6f8e-1f53-8cc3-68ae75d90604, 595.91.07, P8, 26, 16.07 W, 0 %, 0 %, 4 MiB, 24564 MiB, 210 MHz, 405 MHz
2026/09/13 11:17:51.274, NVIDIA GeForce RTX 4090, GPU-457328ff-6f8e-1f53-8cc3-68ae75d90604, 595.91.07, P8, 26, 16.12 W, 0 %, 0 %, 4 MiB, 24564 MiB, 210 MHz, 405 MHz
2026/09/13 11:17:52.276, NVIDIA GeForce RTX 4090, GPU-457328ff-6f8e-1f53-8cc3-68ae75d90604, 595.91.07, P8, 26, 16.10 W, 0 %, 0 %, 4 MiB, 24564 MiB, 210 MHz, 405 MHz
2026/09/13 11:17:53.278, NVIDIA GeForce RTX 4090, GPU-457328ff-6f8e-1f53-8cc3-68ae75d90604, 595.91.07, P8, 26, 16.14 W, 0 %, 0 %, 4 MiB, 24564 MiB, 210 MHz, 405 MHz
2026/09/13 11:17:54.280, NVIDIA GeForce RTX 4090, GPU-457328ff-6f8e-1f53-8cc3-68ae75d90604, 595.91.07, P8, 26, 16.33 W, 0 %, 0 %, 4 MiB, 24564 MiB, 210 MHz, 405 MHz
2026/09/13 11:17:55.281, NVIDIA GeForce RTX 4090, GPU-457328ff-6f8e-1f53-8cc3-68ae75d90604, 595.91.07, P8, 26, 16.25 W, 0 %, 0 %, 4 MiB, 24564 MiB, 210 MHz, 405 MHz
2026/09/13 11:17:56.282, NVIDIA GeForce RTX 4090, GPU-457328ff-6f8e-1f53-8cc3-68ae75d90604, 595.91.07, P8, 26, 16.11 W, 0 %, 0 %, 4 MiB, 24564 MiB, 210 MHz, 405 MHz
2026/09/13 11:17:57.284, NVIDIA GeForce RTX 4090, GPU-457328ff-6f8e-1f53-8cc3-68ae75d90604, 595.91.07, P8, 26, 16.11 W, 0 %, 0 %, 4 MiB, 24564 MiB, 210 MHz, 405 MHz
2026/09/13 11:17:58.285, NVIDIA GeForce RTX 4090, GPU-457328ff-6f8e-1f53-8cc3-68ae75d90604, 595.91.07, P8, 26, 16.14 W, 0 %, 0 %, 4 MiB, 24564 MiB, 210 MHz, 405 MHz
2026/09/13 11:17:59.287, NVIDIA GeForce RTX 4090, GPU-457328ff-6f8e-1f53-8cc3-68ae75d90604, 595.91.07, P8, 26, 16.16 W, 0 %, 0 %, 4 MiB, 24564 MiB, 210 MHz, 405 MHz
2026/09/13 11:18:00.288, NVIDIA GeForce RTX 4090, GPU-457328ff-6f8e-1f53-8cc3-68ae75d90604, 595.91.07, P8, 26, 16.12 W, 0 %, 0 %, 4 MiB, 24564 MiB, 210 MHz, 405 MHz
2026/09/13 11:18:01.289, NVIDIA GeForce RTX 4090, GPU-457328ff-6f8e-1f53-8cc3-68ae75d90604, 595.91.07, P8, 26, 16.22 W, 0 %, 0 %, 4 MiB, 24564 MiB, 210 MHz, 405 MHz
2026/09/13 11:18:02.291, NVIDIA GeForce RTX 4090, GPU-457328ff-6f8e-1f53-8cc3-68ae75d90604, 595.91.07, P8, 26, 16.36 W, 0 %, 0 %, 4 MiB, 24564 MiB, 210 MHz, 405 MHz
2026/09/13 11:18:03.292, NVIDIA GeForce RTX 4090, GPU-457328ff-6f8e-1f53-8cc3-68ae75d90604, 595.91.07, P8, 26, 16.47 W, 0 %, 0 %, 4 MiB, 24564 MiB, 210 MHz, 405 MHz
2026/09/13 11:18:04.293, NVIDIA GeForce RTX 4090, GPU-457328ff-6f8e-1f53-8cc3-68ae75d90604, 595.91.07, P8, 26, 16.46 W, 0 %, 0 %, 4 MiB, 24564 MiB, 210 MHz, 405 MHz
2026/09/13 11:18:05.295, NVIDIA GeForce RTX 4090, GPU-457328ff-6f8e-1f53-8cc3-68ae75d90604, 595.91.07, P8, 26, 16.25 W, 0 %, 0 %, 4 MiB, 24564 MiB, 210 MHz, 405 MHz
2026/09/13 11:18:06.296, NVIDIA GeForce RTX 4090, GPU-457328ff-6f8e-1f53-8cc3-68ae75d90604, 595.91.07, P8, 26, 16.10 W, 0 %, 0 %, 4 MiB, 24564 MiB, 210 MHz, 405 MHz
2026/09/13 11:18:07.298, NVIDIA GeForce RTX 4090, GPU-457328ff-6f8e-1f53-8cc3-68ae75d90604, 595.91.07, P8, 26, 16.11 W, 0 %, 0 %, 4 MiB, 24564 MiB, 210 MHz, 405 MHz
2026/09/13 11:18:08.299, NVIDIA GeForce RTX 4090, GPU-457328ff-6f8e-1f53-8cc3-68ae75d90604, 595.91.07, P8, 26, 16.12 W, 0 %, 0 %, 4 MiB, 24564 MiB, 210 MHz, 405 MHz
2026/09/13 11:18:09.300, NVIDIA GeForce RTX 4090, GPU-457328ff-6f8e-1f53-8cc3-68ae75d90604, 595.91.07, P8, 26, 16.14 W, 0 %, 0 %, 4 MiB, 24564 MiB, 210 MHz, 405 MHz
2026/09/13 11:18:10.302, NVIDIA GeForce RTX 4090, GPU-457328ff-6f8e-1f53-8cc3-68ae75d90604, 595.91.07, P8, 26, 16.21 W, 0 %, 0 %, 4 MiB, 24564 MiB, 210 MHz, 405 MHz
2026/09/13 11:18:11.303, NVIDIA GeForce RTX 4090, GPU-457328ff-6f8e-1f53-8cc3-68ae75d90604, 595.91.07, P8, 26, 16.26 W, 0 %, 0 %, 4 MiB, 24564 MiB, 210 MHz, 405 MHz
2026/09/13 11:18:12.304, NVIDIA GeForce RTX 4090, GPU-457328ff-6f8e-1f53-8cc3-68ae75d90604, 595.91.07, P8, 26, 16.14 W, 0 %, 0 %, 4 MiB, 24564 MiB, 210 MHz, 405 MHz
2026/09/13 11:18:13.305, NVIDIA GeForce RTX 4090, GPU-457328ff-6f8e-1f53-8cc3-68ae75d90604, 595.91.07, P8, 26, 16.11 W, 0 %, 0 %, 4 MiB, 24564 MiB, 210 MHz, 405 MHz
2026/09/13 11:18:14.306, NVIDIA GeForce RTX 4090, GPU-457328ff-6f8e-1f53-8cc3-68ae75d90604, 595.91.07, P8, 26, 16.18 W, 0 %, 0 %, 4 MiB, 24564 MiB, 210 MHz, 405 MHz
2026/09/13 11:18:15.307, NVIDIA GeForce RTX 4090, GPU-457328ff-6f8e-1f53-8cc3-68ae75d90604, 595.91.07, P8, 26, 16.12 W, 0 %, 0 %, 4 MiB, 24564 MiB, 210 MHz, 405 MHz
2026/09/13 11:18:16.309, NVIDIA GeForce RTX 4090, GPU-457328ff-6f8e-1f53-8cc3-68ae75d90604, 595.91.07, P8, 26, 16.12 W, 0 %, 0 %, 4 MiB, 24564 MiB, 210 MHz, 405 MHz
2026/09/13 11:18:17.310, NVIDIA GeForce RTX 4090, GPU-457328ff-6f8e-1f53-8cc3-68ae75d90604, 595.91.07, P8, 26, 16.11 W, 0 %, 0 %, 4 MiB, 24564 MiB, 210 MHz, 405 MHz
2026/09/13 11:18:18.311, NVIDIA GeForce RTX 4090, GPU-457328ff-6f8e-1f53-8cc3-68ae75d90604, 595.91.07, P8, 26, 16.06 W, 0 %, 0 %, 4 MiB, 24564 MiB, 210 MHz, 405 MHz
2026/09/13 11:18:19.313, NVIDIA GeForce RTX 4090, GPU-457328ff-6f8e-1f53-8cc3-68ae75d90604, 595.91.07, P8, 26, 16.06 W, 0 %, 0 %, 4 MiB, 24564 MiB, 210 MHz, 405 MHz
2026/09/13 11:18:20.314, NVIDIA GeForce RTX 4090, GPU-457328ff-6f8e-1f53-8cc3-68ae75d90604, 595.91.07, P8, 26, 15.98 W, 0 %, 0 %, 4 MiB, 24564 MiB, 210 MHz, 405 MHz
2026/09/13 11:18:21.315, NVIDIA GeForce RTX 4090, GPU-457328ff-6f8e-1f53-8cc3-68ae75d90604, 595.91.07, P8, 26, 15.84 W, 0 %, 0 %, 4 MiB, 24564 MiB, 210 MHz, 405 MHz
2026/09/13 11:18:22.317, NVIDIA GeForce RTX 4090, GPU-457328ff-6f8e-1f53-8cc3-68ae75d90604, 595.91.07, P8, 26, 15.92 W, 0 %, 0 %, 4 MiB, 24564 MiB, 210 MHz, 405 MHz
2026/09/13 11:18:23.318, NVIDIA GeForce RTX 4090, GPU-457328ff-6f8e-1f53-8cc3-68ae75d90604, 595.91.07, P8, 26, 16.00 W, 0 %, 0 %, 4 MiB, 24564 MiB, 210 MHz, 405 MHz
2026/09/13 11:18:24.319, NVIDIA GeForce RTX 4090, GPU-457328ff-6f8e-1f53-8cc3-68ae75d90604, 595.91.07, P8, 26, 15.90 W, 0 %, 0 %, 4 MiB, 24564 MiB, 210 MHz, 405 MHz
2026/09/13 11:18:25.321, NVIDIA GeForce RTX 4090, GPU-457328ff-6f8e-1f53-8cc3-68ae75d90604, 595.91.07, P8, 26, 15.82 W, 0 %, 0 %, 4 MiB, 24564 MiB, 210 MHz, 405 MHz
2026/09/13 11:18:26.323, NVIDIA GeForce RTX 4090, GPU-457328ff-6f8e-1f53-8cc3-68ae75d90604, 595.91.07, P8, 26, 15.85 W, 0 %, 0 %, 4 MiB, 24564 MiB, 210 MHz, 405 MHz
2026/09/13 11:18:27.324, NVIDIA GeForce RTX 4090, GPU-457328ff-6f8e-1f53-8cc3-68ae75d90604, 595.91.07, P8, 26, 15.95 W, 0 %, 0 %, 4 MiB, 24564 MiB, 210 MHz, 405 MHz
2026/09/13 11:18:28.325, NVIDIA GeForce RTX 4090, GPU-457328ff-6f8e-1f53-8cc3-68ae75d90604, 595.91.07, P8, 26, 15.94 W, 0 %, 0 %, 4 MiB, 24564 MiB, 210 MHz, 405 MHz
2026/09/13 11:18:29.327, NVIDIA GeForce RTX 4090, GPU-457328ff-6f8e-1f53-8cc3-68ae75d90604, 595.91.07, P8, 26, 15.81 W, 0 %, 0 %, 4 MiB, 24564 MiB, 210 MHz, 405 MHz
2026/09/13 11:18:30.329, NVIDIA GeForce RTX 4090, GPU-457328ff-6f8e-1f53-8cc3-68ae75d90604, 595.91.07, P8, 26, 15.63 W, 0 %, 0 %, 4 MiB, 24564 MiB, 210 MHz, 405 MHz
2026/09/13 11:18:31.330, NVIDIA GeForce RTX 4090, GPU-457328ff-6f8e-1f53-8cc3-68ae75d90604, 595.91.07, P8, 26, 15.59 W, 0 %, 0 %, 4 MiB, 24564 MiB, 210 MHz, 405 MHz
2026/09/13 11:18:32.331, NVIDIA GeForce RTX 4090, GPU-457328ff-6f8e-1f53-8cc3-68ae75d90604, 595.91.07, P8, 26, 15.70 W, 0 %, 0 %, 4 MiB, 24564 MiB, 210 MHz, 405 MHz
2026/09/13 11:18:33.332, NVIDIA GeForce RTX 4090, GPU-457328ff-6f8e-1f53-8cc3-68ae75d90604, 595.91.07, P8, 26, 15.69 W, 0 %, 0 %, 4 MiB, 24564 MiB, 210 MHz, 405 MHz
2026/09/13 11:18:34.333, NVIDIA GeForce RTX 4090, GPU-457328ff-6f8e-1f53-8cc3-68ae75d90604, 595.91.07, P8, 26, 15.77 W, 0 %, 0 %, 4 MiB, 24564 MiB, 210 MHz, 405 MHz
2026/09/13 11:18:35.334, NVIDIA GeForce RTX 4090, GPU-457328ff-6f8e-1f53-8cc3-68ae75d90604, 595.91.07, P8, 26, 15.89 W, 0 %, 0 %, 4 MiB, 24564 MiB, 210 MHz, 405 MHz
2026/09/13 11:18:36.335, NVIDIA GeForce RTX 4090, GPU-457328ff-6f8e-1f53-8cc3-68ae75d90604, 595.91.07, P8, 26, 15.80 W, 0 %, 0 %, 4 MiB, 24564 MiB, 210 MHz, 405 MHz
2026/09/13 11:18:37.337, NVIDIA GeForce RTX 4090, GPU-457328ff-6f8e-1f53-8cc3-68ae75d90604, 595.91.07, P8, 26, 15.60 W, 0 %, 0 %, 4 MiB, 24564 MiB, 210 MHz, 405 MHz
2026/09/13 11:18:38.338, NVIDIA GeForce RTX 4090, GPU-457328ff-6f8e-1f53-8cc3-68ae75d90604, 595.91.07, P2, 27, 36.30 W, 0 %, 0 %, 3072 MiB, 24564 MiB, 2520 MHz, 10251 MHz
2026/09/13 11:18:39.340, NVIDIA GeForce RTX 4090, GPU-457328ff-6f8e-1f53-8cc3-68ae75d90604, 595.91.07, P2, 27, 49.35 W, 0 %, 0 %, 3072 MiB, 24564 MiB, 2520 MHz, 10251 MHz
2026/09/13 11:18:40.341, NVIDIA GeForce RTX 4090, GPU-457328ff-6f8e-1f53-8cc3-68ae75d90604, 595.91.07, P2, 27, 48.91 W, 0 %, 0 %, 3072 MiB, 24564 MiB, 2520 MHz, 10251 MHz
2026/09/13 11:18:41.342, NVIDIA GeForce RTX 4090, GPU-457328ff-6f8e-1f53-8cc3-68ae75d90604, 595.91.07, P2, 27, 48.58 W, 0 %, 0 %, 3072 MiB, 24564 MiB, 2520 MHz, 10251 MHz
2026/09/13 11:18:42.344, NVIDIA GeForce RTX 4090, GPU-457328ff-6f8e-1f53-8cc3-68ae75d90604, 595.91.07, P2, 27, 48.45 W, 0 %, 0 %, 3072 MiB, 24564 MiB, 2520 MHz, 10251 MHz
2026/09/13 11:18:43.345, NVIDIA GeForce RTX 4090, GPU-457328ff-6f8e-1f53-8cc3-68ae75d90604, 595.91.07, P2, 27, 48.63 W, 0 %, 0 %, 3072 MiB, 24564 MiB, 2520 MHz, 10251 MHz
2026/09/13 11:18:44.347, NVIDIA GeForce RTX 4090, GPU-457328ff-6f8e-1f53-8cc3-68ae75d90604, 595.91.07, P2, 27, 48.85 W, 0 %, 0 %, 10388 MiB, 24564 MiB, 2520 MHz, 10251 MHz
2026/09/13 11:18:45.349, NVIDIA GeForce RTX 4090, GPU-457328ff-6f8e-1f53-8cc3-68ae75d90604, 595.91.07, P2, 27, 49.02 W, 8 %, 0 %, 10388 MiB, 24564 MiB, 2520 MHz, 10251 MHz
2026/09/13 11:18:46.352, NVIDIA GeForce RTX 4090, GPU-457328ff-6f8e-1f53-8cc3-68ae75d90604, 595.91.07, P2, 27, 49.25 W, 7 %, 0 %, 10388 MiB, 24564 MiB, 2520 MHz, 10251 MHz
2026/09/13 11:18:47.354, NVIDIA GeForce RTX 4090, GPU-457328ff-6f8e-1f53-8cc3-68ae75d90604, 595.91.07, P2, 27, 49.42 W, 10 %, 0 %, 10388 MiB, 24564 MiB, 2520 MHz, 10251 MHz
2026/09/13 11:18:48.356, NVIDIA GeForce RTX 4090, GPU-457328ff-6f8e-1f53-8cc3-68ae75d90604, 595.91.07, P2, 27, 49.66 W, 0 %, 0 %, 10388 MiB, 24564 MiB, 2520 MHz, 10251 MHz
2026/09/13 11:18:49.357, NVIDIA GeForce RTX 4090, GPU-457328ff-6f8e-1f53-8cc3-68ae75d90604, 595.91.07, P2, 28, 49.56 W, 9 %, 0 %, 10388 MiB, 24564 MiB, 2520 MHz, 10251 MHz
2026/09/13 11:18:50.359, NVIDIA GeForce RTX 4090, GPU-457328ff-6f8e-1f53-8cc3-68ae75d90604, 595.91.07, P2, 28, 49.65 W, 8 %, 0 %, 10388 MiB, 24564 MiB, 2520 MHz, 10251 MHz
2026/09/13 11:18:51.360, NVIDIA GeForce RTX 4090, GPU-457328ff-6f8e-1f53-8cc3-68ae75d90604, 595.91.07, P2, 28, 49.88 W, 17 %, 0 %, 10388 MiB, 24564 MiB, 2520 MHz, 10251 MHz
2026/09/13 11:18:52.362, NVIDIA GeForce RTX 4090, GPU-457328ff-6f8e-1f53-8cc3-68ae75d90604, 595.91.07, P2, 28, 49.23 W, 0 %, 0 %, 10388 MiB, 24564 MiB, 2520 MHz, 10251 MHz
2026/09/13 11:18:53.364, NVIDIA GeForce RTX 4090, GPU-457328ff-6f8e-1f53-8cc3-68ae75d90604, 595.91.07, P2, 28, 49.29 W, 14 %, 0 %, 10388 MiB, 24564 MiB, 2520 MHz, 10251 MHz
2026/09/13 11:18:54.365, NVIDIA GeForce RTX 4090, GPU-457328ff-6f8e-1f53-8cc3-68ae75d90604, 595.91.07, P2, 28, 49.72 W, 1 %, 0 %, 10388 MiB, 24564 MiB, 2520 MHz, 10251 MHz
2026/09/13 11:18:55.368, NVIDIA GeForce RTX 4090, GPU-457328ff-6f8e-1f53-8cc3-68ae75d90604, 595.91.07, P2, 28, 49.77 W, 21 %, 0 %, 10388 MiB, 24564 MiB, 2520 MHz, 10251 MHz
2026/09/13 11:18:56.370, NVIDIA GeForce RTX 4090, GPU-457328ff-6f8e-1f53-8cc3-68ae75d90604, 595.91.07, P2, 28, 49.98 W, 14 %, 0 %, 10388 MiB, 24564 MiB, 2520 MHz, 10251 MHz
2026/09/13 11:18:57.371, NVIDIA GeForce RTX 4090, GPU-457328ff-6f8e-1f53-8cc3-68ae75d90604, 595.91.07, P2, 28, 49.65 W, 8 %, 0 %, 10388 MiB, 24564 MiB, 2520 MHz, 10251 MHz
2026/09/13 11:18:58.372, NVIDIA GeForce RTX 4090, GPU-457328ff-6f8e-1f53-8cc3-68ae75d90604, 595.91.07, P2, 28, 49.79 W, 10 %, 0 %, 10388 MiB, 24564 MiB, 2520 MHz, 10251 MHz
2026/09/13 11:18:59.374, NVIDIA GeForce RTX 4090, GPU-457328ff-6f8e-1f53-8cc3-68ae75d90604, 595.91.07, P2, 28, 49.65 W, 5 %, 0 %, 10388 MiB, 24564 MiB, 2520 MHz, 10251 MHz
2026/09/13 11:19:00.375, NVIDIA GeForce RTX 4090, GPU-457328ff-6f8e-1f53-8cc3-68ae75d90604, 595.91.07, P2, 28, 49.45 W, 5 %, 0 %, 10388 MiB, 24564 MiB, 2520 MHz, 10251 MHz
2026/09/13 11:19:01.377, NVIDIA GeForce RTX 4090, GPU-457328ff-6f8e-1f53-8cc3-68ae75d90604, 595.91.07, P2, 28, 49.48 W, 0 %, 0 %, 10388 MiB, 24564 MiB, 2520 MHz, 10251 MHz
2026/09/13 11:19:02.379, NVIDIA GeForce RTX 4090, GPU-457328ff-6f8e-1f53-8cc3-68ae75d90604, 595.91.07, P2, 28, 49.64 W, 0 %, 0 %, 8698 MiB, 24564 MiB, 2520 MHz, 10251 MHz
2026/09/13 11:19:03.381, NVIDIA GeForce RTX 4090, GPU-457328ff-6f8e-1f53-8cc3-68ae75d90604, 595.91.07, P2, 28, 49.17 W, 0 %, 0 %, 8698 MiB, 24564 MiB, 2520 MHz, 10251 MHz
2026/09/13 11:19:04.382, NVIDIA GeForce RTX 4090, GPU-457328ff-6f8e-1f53-8cc3-68ae75d90604, 595.91.07, P2, 28, 49.28 W, 0 %, 0 %, 8698 MiB, 24564 MiB, 2520 MHz, 10251 MHz
2026/09/13 11:19:05.384, NVIDIA GeForce RTX 4090, GPU-457328ff-6f8e-1f53-8cc3-68ae75d90604, 595.91.07, P2, 28, 49.26 W, 0 %, 0 %, 8698 MiB, 24564 MiB, 2520 MHz, 10251 MHz
2026/09/13 11:19:06.386, NVIDIA GeForce RTX 4090, GPU-457328ff-6f8e-1f53-8cc3-68ae75d90604, 595.91.07, P2, 28, 48.94 W, 0 %, 0 %, 8698 MiB, 24564 MiB, 2520 MHz, 10251 MHz
2026/09/13 11:19:07.387, NVIDIA GeForce RTX 4090, GPU-457328ff-6f8e-1f53-8cc3-68ae75d90604, 595.91.07, P2, 28, 48.97 W, 0 %, 0 %, 8698 MiB, 24564 MiB, 2520 MHz, 10251 MHz
2026/09/13 11:19:08.389, NVIDIA GeForce RTX 4090, GPU-457328ff-6f8e-1f53-8cc3-68ae75d90604, 595.91.07, P2, 28, 48.94 W, 0 %, 0 %, 8698 MiB, 24564 MiB, 2520 MHz, 10251 MHz
2026/09/13 11:19:09.391, NVIDIA GeForce RTX 4090, GPU-457328ff-6f8e-1f53-8cc3-68ae75d90604, 595.91.07, P2, 28, 48.72 W, 0 %, 0 %, 8698 MiB, 24564 MiB, 2520 MHz, 10251 MHz
2026/09/13 11:19:10.392, NVIDIA GeForce RTX 4090, GPU-457328ff-6f8e-1f53-8cc3-68ae75d90604, 595.91.07, P2, 28, 48.87 W, 0 %, 0 %, 8698 MiB, 24564 MiB, 2520 MHz, 10251 MHz
2026/09/13 11:19:11.394, NVIDIA GeForce RTX 4090, GPU-457328ff-6f8e-1f53-8cc3-68ae75d90604, 595.91.07, P2, 28, 49.06 W, 0 %, 0 %, 8698 MiB, 24564 MiB, 2520 MHz, 10251 MHz
2026/09/13 11:19:12.395, NVIDIA GeForce RTX 4090, GPU-457328ff-6f8e-1f53-8cc3-68ae75d90604, 595.91.07, P2, 28, 48.99 W, 0 %, 0 %, 8698 MiB, 24564 MiB, 2520 MHz, 10251 MHz
2026/09/13 11:19:13.396, NVIDIA GeForce RTX 4090, GPU-457328ff-6f8e-1f53-8cc3-68ae75d90604, 595.91.07, P2, 28, 49.12 W, 0 %, 0 %, 8698 MiB, 24564 MiB, 2520 MHz, 10251 MHz
2026/09/13 11:19:14.398, NVIDIA GeForce RTX 4090, GPU-457328ff-6f8e-1f53-8cc3-68ae75d90604, 595.91.07, P2, 34, 65.06 W, 95 %, 26 %, 9600 MiB, 24564 MiB, 2520 MHz, 10251 MHz
2026/09/13 11:19:15.400, NVIDIA GeForce RTX 4090, GPU-457328ff-6f8e-1f53-8cc3-68ae75d90604, 595.91.07, P2, 29, 170.50 W, 0 %, 0 %, 8734 MiB, 24564 MiB, 2670 MHz, 10251 MHz
2026/09/13 11:19:16.403, NVIDIA GeForce RTX 4090, GPU-457328ff-6f8e-1f53-8cc3-68ae75d90604, 595.91.07, P2, 29, 62.35 W, 23 %, 19 %, 9476 MiB, 24564 MiB, 2670 MHz, 10251 MHz
2026/09/13 11:19:17.405, NVIDIA GeForce RTX 4090, GPU-457328ff-6f8e-1f53-8cc3-68ae75d90604, 595.91.07, P2, 30, 92.48 W, 20 %, 18 %, 9368 MiB, 24564 MiB, 2670 MHz, 10251 MHz
2026/09/13 11:19:18.407, NVIDIA GeForce RTX 4090, GPU-457328ff-6f8e-1f53-8cc3-68ae75d90604, 595.91.07, P2, 29, 68.54 W, 0 %, 0 %, 21372 MiB, 24564 MiB, 2670 MHz, 10251 MHz
2026/09/13 11:19:19.409, NVIDIA GeForce RTX 4090, GPU-457328ff-6f8e-1f53-8cc3-68ae75d90604, 595.91.07, P2, 29, 50.93 W, 0 %, 0 %, 21372 MiB, 24564 MiB, 2520 MHz, 10251 MHz
2026/09/13 11:19:20.411, NVIDIA GeForce RTX 4090, GPU-457328ff-6f8e-1f53-8cc3-68ae75d90604, 595.91.07, P2, 29, 50.14 W, 0 %, 0 %, 21372 MiB, 24564 MiB, 2520 MHz, 10251 MHz
2026/09/13 11:19:21.412, NVIDIA GeForce RTX 4090, GPU-457328ff-6f8e-1f53-8cc3-68ae75d90604, 595.91.07, P2, 30, 51.20 W, 10 %, 7 %, 21538 MiB, 24564 MiB, 2520 MHz, 10251 MHz
2026/09/13 11:19:22.414, NVIDIA GeForce RTX 4090, GPU-457328ff-6f8e-1f53-8cc3-68ae75d90604, 595.91.07, P2, 30, 82.29 W, 32 %, 13 %, 21488 MiB, 24564 MiB, 2670 MHz, 10251 MHz
2026/09/13 11:19:23.416, NVIDIA GeForce RTX 4090, GPU-457328ff-6f8e-1f53-8cc3-68ae75d90604, 595.91.07, P2, 30, 87.46 W, 0 %, 0 %, 21506 MiB, 24564 MiB, 2670 MHz, 10251 MHz
2026/09/13 11:19:24.417, NVIDIA GeForce RTX 4090, GPU-457328ff-6f8e-1f53-8cc3-68ae75d90604, 595.91.07, P2, 29, 54.22 W, 0 %, 0 %, 21506 MiB, 24564 MiB, 2520 MHz, 10251 MHz
2026/09/13 11:19:25.419, NVIDIA GeForce RTX 4090, GPU-457328ff-6f8e-1f53-8cc3-68ae75d90604, 595.91.07, P2, 29, 50.19 W, 0 %, 0 %, 21506 MiB, 24564 MiB, 2520 MHz, 10251 MHz
2026/09/13 11:19:26.420, NVIDIA GeForce RTX 4090, GPU-457328ff-6f8e-1f53-8cc3-68ae75d90604, 595.91.07, P2, 29, 47.80 W, 0 %, 0 %, 21506 MiB, 24564 MiB, 2520 MHz, 10251 MHz
2026/09/13 11:19:27.422, NVIDIA GeForce RTX 4090, GPU-457328ff-6f8e-1f53-8cc3-68ae75d90604, 595.91.07, P2, 29, 47.91 W, 0 %, 0 %, 21506 MiB, 24564 MiB, 2520 MHz, 10251 MHz
2026/09/13 11:19:28.424, NVIDIA GeForce RTX 4090, GPU-457328ff-6f8e-1f53-8cc3-68ae75d90604, 595.91.07, P2, 29, 48.08 W, 0 %, 0 %, 21506 MiB, 24564 MiB, 2520 MHz, 10251 MHz
2026/09/13 11:19:29.426, NVIDIA GeForce RTX 4090, GPU-457328ff-6f8e-1f53-8cc3-68ae75d90604, 595.91.07, P2, 29, 47.94 W, 0 %, 0 %, 21506 MiB, 24564 MiB, 2520 MHz, 10251 MHz
2026/09/13 11:19:30.428, NVIDIA GeForce RTX 4090, GPU-457328ff-6f8e-1f53-8cc3-68ae75d90604, 595.91.07, P2, 29, 48.01 W, 0 %, 0 %, 21506 MiB, 24564 MiB, 2520 MHz, 10251 MHz
2026/09/13 11:19:31.429, NVIDIA GeForce RTX 4090, GPU-457328ff-6f8e-1f53-8cc3-68ae75d90604, 595.91.07, P2, 29, 48.18 W, 0 %, 0 %, 21506 MiB, 24564 MiB, 2520 MHz, 10251 MHz
2026/09/13 11:19:32.432, NVIDIA GeForce RTX 4090, GPU-457328ff-6f8e-1f53-8cc3-68ae75d90604, 595.91.07, P2, 29, 47.98 W, 0 %, 0 %, 21506 MiB, 24564 MiB, 2520 MHz, 10251 MHz
2026/09/13 11:19:33.433, NVIDIA GeForce RTX 4090, GPU-457328ff-6f8e-1f53-8cc3-68ae75d90604, 595.91.07, P2, 29, 47.86 W, 0 %, 0 %, 21506 MiB, 24564 MiB, 2520 MHz, 10251 MHz
2026/09/13 11:19:34.435, NVIDIA GeForce RTX 4090, GPU-457328ff-6f8e-1f53-8cc3-68ae75d90604, 595.91.07, P2, 29, 47.96 W, 0 %, 0 %, 21506 MiB, 24564 MiB, 2520 MHz, 10251 MHz
2026/09/13 11:19:35.438, NVIDIA GeForce RTX 4090, GPU-457328ff-6f8e-1f53-8cc3-68ae75d90604, 595.91.07, P2, 29, 48.09 W, 0 %, 0 %, 21506 MiB, 24564 MiB, 2520 MHz, 10251 MHz
2026/09/13 11:19:36.440, NVIDIA GeForce RTX 4090, GPU-457328ff-6f8e-1f53-8cc3-68ae75d90604, 595.91.07, P2, 29, 48.16 W, 0 %, 0 %, 21506 MiB, 24564 MiB, 2520 MHz, 10251 MHz
2026/09/13 11:19:37.451, NVIDIA GeForce RTX 4090, GPU-457328ff-6f8e-1f53-8cc3-68ae75d90604, 595.91.07, P2, 29, 48.17 W, 0 %, 0 %, 21506 MiB, 24564 MiB, 2520 MHz, 10251 MHz
2026/09/13 11:19:38.453, NVIDIA GeForce RTX 4090, GPU-457328ff-6f8e-1f53-8cc3-68ae75d90604, 595.91.07, P2, 29, 48.37 W, 0 %, 0 %, 21506 MiB, 24564 MiB, 2520 MHz, 10251 MHz
2026/09/13 11:19:39.454, NVIDIA GeForce RTX 4090, GPU-457328ff-6f8e-1f53-8cc3-68ae75d90604, 595.91.07, P2, 29, 48.64 W, 0 %, 0 %, 21506 MiB, 24564 MiB, 2520 MHz, 10251 MHz
2026/09/13 11:19:40.455, NVIDIA GeForce RTX 4090, GPU-457328ff-6f8e-1f53-8cc3-68ae75d90604, 595.91.07, P2, 29, 48.68 W, 0 %, 0 %, 21506 MiB, 24564 MiB, 2520 MHz, 10251 MHz
2026/09/13 11:19:41.456, NVIDIA GeForce RTX 4090, GPU-457328ff-6f8e-1f53-8cc3-68ae75d90604, 595.91.07, P5, 29, 48.76 W, 0 %, 0 %, 21506 MiB, 24564 MiB, 2520 MHz, 10251 MHz
2026/09/13 11:19:42.458, NVIDIA GeForce RTX 4090, GPU-457328ff-6f8e-1f53-8cc3-68ae75d90604, 595.91.07, P8, 28, 36.83 W, 0 %, 0 %, 21506 MiB, 24564 MiB, 360 MHz, 810 MHz
2026/09/13 11:19:43.460, NVIDIA GeForce RTX 4090, GPU-457328ff-6f8e-1f53-8cc3-68ae75d90604, 595.91.07, P8, 28, 21.56 W, 0 %, 0 %, 21506 MiB, 24564 MiB, 240 MHz, 405 MHz
2026/09/13 11:19:44.462, NVIDIA GeForce RTX 4090, GPU-457328ff-6f8e-1f53-8cc3-68ae75d90604, 595.91.07, P8, 28, 17.38 W, 0 %, 0 %, 21506 MiB, 24564 MiB, 210 MHz, 405 MHz
2026/09/13 11:19:45.464, NVIDIA GeForce RTX 4090, GPU-457328ff-6f8e-1f53-8cc3-68ae75d90604, 595.91.07, P8, 28, 16.39 W, 0 %, 0 %, 21506 MiB, 24564 MiB, 210 MHz, 405 MHz
2026/09/13 11:19:46.466, NVIDIA GeForce RTX 4090, GPU-457328ff-6f8e-1f53-8cc3-68ae75d90604, 595.91.07, P8, 28, 16.48 W, 0 %, 0 %, 21506 MiB, 24564 MiB, 210 MHz, 405 MHz
2026/09/13 11:19:47.467, NVIDIA GeForce RTX 4090, GPU-457328ff-6f8e-1f53-8cc3-68ae75d90604, 595.91.07, P8, 28, 16.51 W, 0 %, 0 %, 21506 MiB, 24564 MiB, 210 MHz, 405 MHz
2026/09/13 11:19:48.469, NVIDIA GeForce RTX 4090, GPU-457328ff-6f8e-1f53-8cc3-68ae75d90604, 595.91.07, P2, 33, 56.69 W, 100 %, 100 %, 21508 MiB, 24564 MiB, 2520 MHz, 10251 MHz
2026/09/13 11:19:49.471, NVIDIA GeForce RTX 4090, GPU-457328ff-6f8e-1f53-8cc3-68ae75d90604, 595.91.07, P2, 35, 281.76 W, 97 %, 100 %, 21510 MiB, 24564 MiB, 2670 MHz, 10251 MHz
2026/09/13 11:19:50.473, NVIDIA GeForce RTX 4090, GPU-457328ff-6f8e-1f53-8cc3-68ae75d90604, 595.91.07, P2, 36, 275.07 W, 100 %, 100 %, 21510 MiB, 24564 MiB, 2670 MHz, 10251 MHz
2026/09/13 11:19:51.475, NVIDIA GeForce RTX 4090, GPU-457328ff-6f8e-1f53-8cc3-68ae75d90604, 595.91.07, P2, 37, 285.39 W, 100 %, 100 %, 21510 MiB, 24564 MiB, 2670 MHz, 10251 MHz
2026/09/13 11:19:52.477, NVIDIA GeForce RTX 4090, GPU-457328ff-6f8e-1f53-8cc3-68ae75d90604, 595.91.07, P2, 37, 278.87 W, 100 %, 100 %, 21510 MiB, 24564 MiB, 2670 MHz, 10251 MHz
2026/09/13 11:19:53.479, NVIDIA GeForce RTX 4090, GPU-457328ff-6f8e-1f53-8cc3-68ae75d90604, 595.91.07, P2, 37, 280.96 W, 100 %, 100 %, 21510 MiB, 24564 MiB, 2670 MHz, 10251 MHz
2026/09/13 11:19:54.481, NVIDIA GeForce RTX 4090, GPU-457328ff-6f8e-1f53-8cc3-68ae75d90604, 595.91.07, P2, 38, 285.83 W, 100 %, 100 %, 21510 MiB, 24564 MiB, 2670 MHz, 10251 MHz
2026/09/13 11:19:55.483, NVIDIA GeForce RTX 4090, GPU-457328ff-6f8e-1f53-8cc3-68ae75d90604, 595.91.07, P2, 38, 280.38 W, 100 %, 100 %, 21530 MiB, 24564 MiB, 2670 MHz, 10251 MHz
2026/09/13 11:19:56.485, NVIDIA GeForce RTX 4090, GPU-457328ff-6f8e-1f53-8cc3-68ae75d90604, 595.91.07, P2, 38, 280.43 W, 100 %, 100 %, 21530 MiB, 24564 MiB, 2670 MHz, 10251 MHz
2026/09/13 11:19:57.487, NVIDIA GeForce RTX 4090, GPU-457328ff-6f8e-1f53-8cc3-68ae75d90604, 595.91.07, P2, 38, 281.21 W, 100 %, 100 %, 21530 MiB, 24564 MiB, 2670 MHz, 10251 MHz
2026/09/13 11:19:58.489, NVIDIA GeForce RTX 4090, GPU-457328ff-6f8e-1f53-8cc3-68ae75d90604, 595.91.07, P2, 39, 281.48 W, 100 %, 100 %, 21530 MiB, 24564 MiB, 2670 MHz, 10251 MHz
2026/09/13 11:19:59.491, NVIDIA GeForce RTX 4090, GPU-457328ff-6f8e-1f53-8cc3-68ae75d90604, 595.91.07, P2, 39, 286.76 W, 100 %, 100 %, 21530 MiB, 24564 MiB, 2670 MHz, 10251 MHz
2026/09/13 11:20:00.493, NVIDIA GeForce RTX 4090, GPU-457328ff-6f8e-1f53-8cc3-68ae75d90604, 595.91.07, P2, 39, 281.20 W, 100 %, 100 %, 21530 MiB, 24564 MiB, 2670 MHz, 10251 MHz
2026/09/13 11:20:01.495, NVIDIA GeForce RTX 4090, GPU-457328ff-6f8e-1f53-8cc3-68ae75d90604, 595.91.07, P2, 39, 286.96 W, 100 %, 100 %, 21530 MiB, 24564 MiB, 2670 MHz, 10251 MHz
2026/09/13 11:20:02.497, NVIDIA GeForce RTX 4090, GPU-457328ff-6f8e-1f53-8cc3-68ae75d90604, 595.91.07, P2, 40, 282.11 W, 100 %, 100 %, 21530 MiB, 24564 MiB, 2670 MHz, 10251 MHz
2026/09/13 11:20:03.499, NVIDIA GeForce RTX 4090, GPU-457328ff-6f8e-1f53-8cc3-68ae75d90604, 595.91.07, P2, 40, 282.73 W, 100 %, 100 %, 21530 MiB, 24564 MiB, 2670 MHz, 10251 MHz
2026/09/13 11:20:04.501, NVIDIA GeForce RTX 4090, GPU-457328ff-6f8e-1f53-8cc3-68ae75d90604, 595.91.07, P2, 40, 282.17 W, 100 %, 100 %, 21530 MiB, 24564 MiB, 2670 MHz, 10251 MHz
2026/09/13 11:20:05.503, NVIDIA GeForce RTX 4090, GPU-457328ff-6f8e-1f53-8cc3-68ae75d90604, 595.91.07, P2, 40, 287.43 W, 100 %, 100 %, 21530 MiB, 24564 MiB, 2670 MHz, 10251 MHz
2026/09/13 11:20:06.505, NVIDIA GeForce RTX 4090, GPU-457328ff-6f8e-1f53-8cc3-68ae75d90604, 595.91.07, P2, 39, 282.28 W, 59 %, 56 %, 21530 MiB, 24564 MiB, 2670 MHz, 10251 MHz
2026/09/13 11:20:07.508, NVIDIA GeForce RTX 4090, GPU-457328ff-6f8e-1f53-8cc3-68ae75d90604, 595.91.07, P2, 41, 282.45 W, 100 %, 100 %, 21530 MiB, 24564 MiB, 2670 MHz, 10251 MHz
2026/09/13 11:20:08.509, NVIDIA GeForce RTX 4090, GPU-457328ff-6f8e-1f53-8cc3-68ae75d90604, 595.91.07, P2, 41, 280.81 W, 100 %, 100 %, 21530 MiB, 24564 MiB, 2655 MHz, 10251 MHz
2026/09/13 11:20:09.511, NVIDIA GeForce RTX 4090, GPU-457328ff-6f8e-1f53-8cc3-68ae75d90604, 595.91.07, P2, 41, 280.91 W, 100 %, 100 %, 21530 MiB, 24564 MiB, 2655 MHz, 10251 MHz
2026/09/13 11:20:10.513, NVIDIA GeForce RTX 4090, GPU-457328ff-6f8e-1f53-8cc3-68ae75d90604, 595.91.07, P2, 41, 281.05 W, 100 %, 100 %, 21530 MiB, 24564 MiB, 2655 MHz, 10251 MHz
2026/09/13 11:20:11.515, NVIDIA GeForce RTX 4090, GPU-457328ff-6f8e-1f53-8cc3-68ae75d90604, 595.91.07, P2, 41, 288.12 W, 100 %, 100 %, 21530 MiB, 24564 MiB, 2655 MHz, 10251 MHz
2026/09/13 11:20:12.516, NVIDIA GeForce RTX 4090, GPU-457328ff-6f8e-1f53-8cc3-68ae75d90604, 595.91.07, P2, 41, 288.01 W, 100 %, 100 %, 21530 MiB, 24564 MiB, 2655 MHz, 10251 MHz
2026/09/13 11:20:13.518, NVIDIA GeForce RTX 4090, GPU-457328ff-6f8e-1f53-8cc3-68ae75d90604, 595.91.07, P2, 42, 279.94 W, 100 %, 100 %, 21530 MiB, 24564 MiB, 2655 MHz, 10251 MHz
2026/09/13 11:20:14.521, NVIDIA GeForce RTX 4090, GPU-457328ff-6f8e-1f53-8cc3-68ae75d90604, 595.91.07, P2, 42, 281.66 W, 100 %, 100 %, 21530 MiB, 24564 MiB, 2655 MHz, 10251 MHz
2026/09/13 11:20:15.522, NVIDIA GeForce RTX 4090, GPU-457328ff-6f8e-1f53-8cc3-68ae75d90604, 595.91.07, P2, 42, 276.28 W, 100 %, 100 %, 21532 MiB, 24564 MiB, 2655 MHz, 10251 MHz
2026/09/13 11:20:16.524, NVIDIA GeForce RTX 4090, GPU-457328ff-6f8e-1f53-8cc3-68ae75d90604, 595.91.07, P2, 42, 288.96 W, 100 %, 100 %, 21532 MiB, 24564 MiB, 2655 MHz, 10251 MHz
2026/09/13 11:20:17.526, NVIDIA GeForce RTX 4090, GPU-457328ff-6f8e-1f53-8cc3-68ae75d90604, 595.91.07, P2, 42, 288.73 W, 100 %, 100 %, 21532 MiB, 24564 MiB, 2655 MHz, 10251 MHz
2026/09/13 11:20:18.527, NVIDIA GeForce RTX 4090, GPU-457328ff-6f8e-1f53-8cc3-68ae75d90604, 595.91.07, P2, 42, 280.20 W, 86 %, 92 %, 21532 MiB, 24564 MiB, 2655 MHz, 10251 MHz
2026/09/13 11:20:19.529, NVIDIA GeForce RTX 4090, GPU-457328ff-6f8e-1f53-8cc3-68ae75d90604, 595.91.07, P2, 42, 284.83 W, 100 %, 100 %, 21532 MiB, 24564 MiB, 2655 MHz, 10251 MHz
2026/09/13 11:20:20.531, NVIDIA GeForce RTX 4090, GPU-457328ff-6f8e-1f53-8cc3-68ae75d90604, 595.91.07, P2, 43, 288.67 W, 100 %, 100 %, 21532 MiB, 24564 MiB, 2655 MHz, 10251 MHz
2026/09/13 11:20:21.532, NVIDIA GeForce RTX 4090, GPU-457328ff-6f8e-1f53-8cc3-68ae75d90604, 595.91.07, P2, 43, 285.20 W, 100 %, 100 %, 21532 MiB, 24564 MiB, 2655 MHz, 10251 MHz
2026/09/13 11:20:22.534, NVIDIA GeForce RTX 4090, GPU-457328ff-6f8e-1f53-8cc3-68ae75d90604, 595.91.07, P2, 43, 288.35 W, 100 %, 100 %, 21532 MiB, 24564 MiB, 2655 MHz, 10251 MHz
2026/09/13 11:20:23.535, NVIDIA GeForce RTX 4090, GPU-457328ff-6f8e-1f53-8cc3-68ae75d90604, 595.91.07, P2, 43, 284.33 W, 100 %, 100 %, 21532 MiB, 24564 MiB, 2655 MHz, 10251 MHz
2026/09/13 11:20:24.537, NVIDIA GeForce RTX 4090, GPU-457328ff-6f8e-1f53-8cc3-68ae75d90604, 595.91.07, P2, 43, 288.78 W, 100 %, 100 %, 21532 MiB, 24564 MiB, 2655 MHz, 10251 MHz
2026/09/13 11:20:25.538, NVIDIA GeForce RTX 4090, GPU-457328ff-6f8e-1f53-8cc3-68ae75d90604, 595.91.07, P2, 43, 288.78 W, 100 %, 100 %, 21532 MiB, 24564 MiB, 2655 MHz, 10251 MHz
2026/09/13 11:20:26.539, NVIDIA GeForce RTX 4090, GPU-457328ff-6f8e-1f53-8cc3-68ae75d90604, 595.91.07, P2, 43, 283.06 W, 100 %, 100 %, 21532 MiB, 24564 MiB, 2655 MHz, 10251 MHz
2026/09/13 11:20:27.541, NVIDIA GeForce RTX 4090, GPU-457328ff-6f8e-1f53-8cc3-68ae75d90604, 595.91.07, P2, 44, 289.22 W, 100 %, 100 %, 21532 MiB, 24564 MiB, 2655 MHz, 10251 MHz
2026/09/13 11:20:28.542, NVIDIA GeForce RTX 4090, GPU-457328ff-6f8e-1f53-8cc3-68ae75d90604, 595.91.07, P2, 44, 283.71 W, 100 %, 100 %, 21532 MiB, 24564 MiB, 2655 MHz, 10251 MHz
2026/09/13 11:20:29.544, NVIDIA GeForce RTX 4090, GPU-457328ff-6f8e-1f53-8cc3-68ae75d90604, 595.91.07, P2, 44, 289.72 W, 100 %, 100 %, 21532 MiB, 24564 MiB, 2655 MHz, 10251 MHz
2026/09/13 11:20:30.546, NVIDIA GeForce RTX 4090, GPU-457328ff-6f8e-1f53-8cc3-68ae75d90604, 595.91.07, P2, 44, 284.14 W, 100 %, 100 %, 21532 MiB, 24564 MiB, 2655 MHz, 10251 MHz
2026/09/13 11:20:31.547, NVIDIA GeForce RTX 4090, GPU-457328ff-6f8e-1f53-8cc3-68ae75d90604, 595.91.07, P2, 44, 289.53 W, 100 %, 100 %, 21532 MiB, 24564 MiB, 2655 MHz, 10251 MHz
2026/09/13 11:20:32.549, NVIDIA GeForce RTX 4090, GPU-457328ff-6f8e-1f53-8cc3-68ae75d90604, 595.91.07, P2, 44, 284.18 W, 100 %, 100 %, 21532 MiB, 24564 MiB, 2655 MHz, 10251 MHz
2026/09/13 11:20:33.550, NVIDIA GeForce RTX 4090, GPU-457328ff-6f8e-1f53-8cc3-68ae75d90604, 595.91.07, P2, 44, 289.78 W, 100 %, 100 %, 21532 MiB, 24564 MiB, 2655 MHz, 10251 MHz
2026/09/13 11:20:34.552, NVIDIA GeForce RTX 4090, GPU-457328ff-6f8e-1f53-8cc3-68ae75d90604, 595.91.07, P2, 45, 289.86 W, 100 %, 100 %, 21532 MiB, 24564 MiB, 2655 MHz, 10251 MHz
2026/09/13 11:20:35.553, NVIDIA GeForce RTX 4090, GPU-457328ff-6f8e-1f53-8cc3-68ae75d90604, 595.91.07, P2, 45, 289.67 W, 100 %, 100 %, 21532 MiB, 24564 MiB, 2655 MHz, 10251 MHz
2026/09/13 11:20:36.554, NVIDIA GeForce RTX 4090, GPU-457328ff-6f8e-1f53-8cc3-68ae75d90604, 595.91.07, P2, 45, 282.82 W, 100 %, 100 %, 21532 MiB, 24564 MiB, 2655 MHz, 10251 MHz
2026/09/13 11:20:37.560, NVIDIA GeForce RTX 4090, GPU-457328ff-6f8e-1f53-8cc3-68ae75d90604, 595.91.07, P2, 45, 290.57 W, 100 %, 100 %, 21532 MiB, 24564 MiB, 2655 MHz, 10251 MHz
2026/09/13 11:20:38.562, NVIDIA GeForce RTX 4090, GPU-457328ff-6f8e-1f53-8cc3-68ae75d90604, 595.91.07, P2, 45, 290.75 W, 100 %, 100 %, 21532 MiB, 24564 MiB, 2655 MHz, 10251 MHz
2026/09/13 11:20:39.563, NVIDIA GeForce RTX 4090, GPU-457328ff-6f8e-1f53-8cc3-68ae75d90604, 595.91.07, P2, 45, 284.30 W, 100 %, 100 %, 21532 MiB, 24564 MiB, 2655 MHz, 10251 MHz
2026/09/13 11:20:40.565, NVIDIA GeForce RTX 4090, GPU-457328ff-6f8e-1f53-8cc3-68ae75d90604, 595.91.07, P2, 45, 290.43 W, 100 %, 100 %, 21532 MiB, 24564 MiB, 2655 MHz, 10251 MHz
2026/09/13 11:20:41.567, NVIDIA GeForce RTX 4090, GPU-457328ff-6f8e-1f53-8cc3-68ae75d90604, 595.91.07, P2, 46, 290.85 W, 100 %, 100 %, 21532 MiB, 24564 MiB, 2655 MHz, 10251 MHz
2026/09/13 11:20:42.569, NVIDIA GeForce RTX 4090, GPU-457328ff-6f8e-1f53-8cc3-68ae75d90604, 595.91.07, P2, 46, 285.73 W, 100 %, 100 %, 21532 MiB, 24564 MiB, 2655 MHz, 10251 MHz
2026/09/13 11:20:43.570, NVIDIA GeForce RTX 4090, GPU-457328ff-6f8e-1f53-8cc3-68ae75d90604, 595.91.07, P2, 46, 290.70 W, 100 %, 100 %, 21532 MiB, 24564 MiB, 2655 MHz, 10251 MHz
2026/09/13 11:20:44.572, NVIDIA GeForce RTX 4090, GPU-457328ff-6f8e-1f53-8cc3-68ae75d90604, 595.91.07, P2, 46, 290.79 W, 100 %, 100 %, 21532 MiB, 24564 MiB, 2655 MHz, 10251 MHz
2026/09/13 11:20:45.574, NVIDIA GeForce RTX 4090, GPU-457328ff-6f8e-1f53-8cc3-68ae75d90604, 595.91.07, P2, 46, 291.06 W, 100 %, 100 %, 21532 MiB, 24564 MiB, 2655 MHz, 10251 MHz
2026/09/13 11:20:46.575, NVIDIA GeForce RTX 4090, GPU-457328ff-6f8e-1f53-8cc3-68ae75d90604, 595.91.07, P2, 46, 283.31 W, 100 %, 100 %, 21532 MiB, 24564 MiB, 2655 MHz, 10251 MHz
2026/09/13 11:20:47.576, NVIDIA GeForce RTX 4090, GPU-457328ff-6f8e-1f53-8cc3-68ae75d90604, 595.91.07, P2, 46, 291.20 W, 100 %, 100 %, 21532 MiB, 24564 MiB, 2655 MHz, 10251 MHz
2026/09/13 11:20:48.577, NVIDIA GeForce RTX 4090, GPU-457328ff-6f8e-1f53-8cc3-68ae75d90604, 595.91.07, P2, 46, 287.55 W, 100 %, 100 %, 21532 MiB, 24564 MiB, 2655 MHz, 10251 MHz
2026/09/13 11:20:49.579, NVIDIA GeForce RTX 4090, GPU-457328ff-6f8e-1f53-8cc3-68ae75d90604, 595.91.07, P2, 47, 290.99 W, 100 %, 100 %, 21532 MiB, 24564 MiB, 2655 MHz, 10251 MHz
2026/09/13 11:20:50.581, NVIDIA GeForce RTX 4090, GPU-457328ff-6f8e-1f53-8cc3-68ae75d90604, 595.91.07, P2, 47, 291.13 W, 100 %, 100 %, 21532 MiB, 24564 MiB, 2655 MHz, 10251 MHz
2026/09/13 11:20:51.582, NVIDIA GeForce RTX 4090, GPU-457328ff-6f8e-1f53-8cc3-68ae75d90604, 595.91.07, P2, 47, 284.19 W, 100 %, 100 %, 21532 MiB, 24564 MiB, 2655 MHz, 10251 MHz
2026/09/13 11:20:52.584, NVIDIA GeForce RTX 4090, GPU-457328ff-6f8e-1f53-8cc3-68ae75d90604, 595.91.07, P2, 47, 291.45 W, 100 %, 100 %, 21532 MiB, 24564 MiB, 2655 MHz, 10251 MHz
2026/09/13 11:20:53.585, NVIDIA GeForce RTX 4090, GPU-457328ff-6f8e-1f53-8cc3-68ae75d90604, 595.91.07, P2, 47, 283.95 W, 100 %, 100 %, 21532 MiB, 24564 MiB, 2655 MHz, 10251 MHz
2026/09/13 11:20:54.587, NVIDIA GeForce RTX 4090, GPU-457328ff-6f8e-1f53-8cc3-68ae75d90604, 595.91.07, P2, 47, 286.87 W, 100 %, 100 %, 21532 MiB, 24564 MiB, 2655 MHz, 10251 MHz
2026/09/13 11:20:55.588, NVIDIA GeForce RTX 4090, GPU-457328ff-6f8e-1f53-8cc3-68ae75d90604, 595.91.07, P2, 47, 287.75 W, 100 %, 100 %, 21532 MiB, 24564 MiB, 2655 MHz, 10251 MHz
2026/09/13 11:20:56.590, NVIDIA GeForce RTX 4090, GPU-457328ff-6f8e-1f53-8cc3-68ae75d90604, 595.91.07, P2, 47, 287.34 W, 100 %, 100 %, 21532 MiB, 24564 MiB, 2655 MHz, 10251 MHz
2026/09/13 11:20:57.591, NVIDIA GeForce RTX 4090, GPU-457328ff-6f8e-1f53-8cc3-68ae75d90604, 595.91.07, P2, 47, 286.99 W, 100 %, 100 %, 21532 MiB, 24564 MiB, 2655 MHz, 10251 MHz
2026/09/13 11:20:58.592, NVIDIA GeForce RTX 4090, GPU-457328ff-6f8e-1f53-8cc3-68ae75d90604, 595.91.07, P2, 48, 292.27 W, 100 %, 100 %, 21532 MiB, 24564 MiB, 2655 MHz, 10251 MHz
2026/09/13 11:20:59.593, NVIDIA GeForce RTX 4090, GPU-457328ff-6f8e-1f53-8cc3-68ae75d90604, 595.91.07, P2, 48, 292.03 W, 100 %, 100 %, 21532 MiB, 24564 MiB, 2655 MHz, 10251 MHz
2026/09/13 11:21:00.596, NVIDIA GeForce RTX 4090, GPU-457328ff-6f8e-1f53-8cc3-68ae75d90604, 595.91.07, P2, 48, 286.21 W, 100 %, 100 %, 21532 MiB, 24564 MiB, 2655 MHz, 10251 MHz
2026/09/13 11:21:01.597, NVIDIA GeForce RTX 4090, GPU-457328ff-6f8e-1f53-8cc3-68ae75d90604, 595.91.07, P2, 48, 287.96 W, 100 %, 100 %, 21532 MiB, 24564 MiB, 2655 MHz, 10251 MHz
2026/09/13 11:21:02.598, NVIDIA GeForce RTX 4090, GPU-457328ff-6f8e-1f53-8cc3-68ae75d90604, 595.91.07, P2, 48, 292.64 W, 100 %, 100 %, 21532 MiB, 24564 MiB, 2655 MHz, 10251 MHz
2026/09/13 11:21:03.600, NVIDIA GeForce RTX 4090, GPU-457328ff-6f8e-1f53-8cc3-68ae75d90604, 595.91.07, P2, 48, 287.48 W, 100 %, 100 %, 21532 MiB, 24564 MiB, 2655 MHz, 10251 MHz
2026/09/13 11:21:04.601, NVIDIA GeForce RTX 4090, GPU-457328ff-6f8e-1f53-8cc3-68ae75d90604, 595.91.07, P2, 48, 292.88 W, 100 %, 100 %, 21532 MiB, 24564 MiB, 2655 MHz, 10251 MHz
2026/09/13 11:21:05.603, NVIDIA GeForce RTX 4090, GPU-457328ff-6f8e-1f53-8cc3-68ae75d90604, 595.91.07, P2, 48, 292.90 W, 100 %, 100 %, 21532 MiB, 24564 MiB, 2655 MHz, 10251 MHz
2026/09/13 11:21:06.604, NVIDIA GeForce RTX 4090, GPU-457328ff-6f8e-1f53-8cc3-68ae75d90604, 595.91.07, P2, 48, 286.14 W, 100 %, 100 %, 21532 MiB, 24564 MiB, 2655 MHz, 10251 MHz
2026/09/13 11:21:07.607, NVIDIA GeForce RTX 4090, GPU-457328ff-6f8e-1f53-8cc3-68ae75d90604, 595.91.07, P2, 48, 292.68 W, 100 %, 100 %, 21532 MiB, 24564 MiB, 2655 MHz, 10251 MHz
2026/09/13 11:21:08.608, NVIDIA GeForce RTX 4090, GPU-457328ff-6f8e-1f53-8cc3-68ae75d90604, 595.91.07, P2, 49, 289.80 W, 83 %, 91 %, 21532 MiB, 24564 MiB, 2655 MHz, 10251 MHz
2026/09/13 11:21:09.610, NVIDIA GeForce RTX 4090, GPU-457328ff-6f8e-1f53-8cc3-68ae75d90604, 595.91.07, P2, 49, 287.11 W, 100 %, 100 %, 21532 MiB, 24564 MiB, 2655 MHz, 10251 MHz
2026/09/13 11:21:10.612, NVIDIA GeForce RTX 4090, GPU-457328ff-6f8e-1f53-8cc3-68ae75d90604, 595.91.07, P2, 49, 292.60 W, 100 %, 100 %, 21532 MiB, 24564 MiB, 2655 MHz, 10251 MHz
2026/09/13 11:21:11.613, NVIDIA GeForce RTX 4090, GPU-457328ff-6f8e-1f53-8cc3-68ae75d90604, 595.91.07, P2, 49, 292.98 W, 100 %, 100 %, 21532 MiB, 24564 MiB, 2655 MHz, 10251 MHz
2026/09/13 11:21:12.615, NVIDIA GeForce RTX 4090, GPU-457328ff-6f8e-1f53-8cc3-68ae75d90604, 595.91.07, P2, 49, 292.58 W, 100 %, 100 %, 21532 MiB, 24564 MiB, 2655 MHz, 10251 MHz
2026/09/13 11:21:13.616, NVIDIA GeForce RTX 4090, GPU-457328ff-6f8e-1f53-8cc3-68ae75d90604, 595.91.07, P2, 49, 285.80 W, 99 %, 100 %, 21532 MiB, 24564 MiB, 2655 MHz, 10251 MHz
2026/09/13 11:21:14.618, NVIDIA GeForce RTX 4090, GPU-457328ff-6f8e-1f53-8cc3-68ae75d90604, 595.91.07, P2, 49, 292.81 W, 100 %, 100 %, 21532 MiB, 24564 MiB, 2655 MHz, 10251 MHz
2026/09/13 11:21:15.619, NVIDIA GeForce RTX 4090, GPU-457328ff-6f8e-1f53-8cc3-68ae75d90604, 595.91.07, P2, 49, 285.61 W, 100 %, 100 %, 21532 MiB, 24564 MiB, 2655 MHz, 10251 MHz
2026/09/13 11:21:16.620, NVIDIA GeForce RTX 4090, GPU-457328ff-6f8e-1f53-8cc3-68ae75d90604, 595.91.07, P2, 49, 293.15 W, 100 %, 100 %, 21532 MiB, 24564 MiB, 2655 MHz, 10251 MHz
2026/09/13 11:21:17.622, NVIDIA GeForce RTX 4090, GPU-457328ff-6f8e-1f53-8cc3-68ae75d90604, 595.91.07, P2, 49, 286.67 W, 100 %, 100 %, 21532 MiB, 24564 MiB, 2655 MHz, 10251 MHz
2026/09/13 11:21:18.624, NVIDIA GeForce RTX 4090, GPU-457328ff-6f8e-1f53-8cc3-68ae75d90604, 595.91.07, P2, 49, 286.37 W, 100 %, 100 %, 21532 MiB, 24564 MiB, 2655 MHz, 10251 MHz
2026/09/13 11:21:19.625, NVIDIA GeForce RTX 4090, GPU-457328ff-6f8e-1f53-8cc3-68ae75d90604, 595.91.07, P2, 50, 293.81 W, 100 %, 100 %, 21532 MiB, 24564 MiB, 2655 MHz, 10251 MHz
2026/09/13 11:21:20.627, NVIDIA GeForce RTX 4090, GPU-457328ff-6f8e-1f53-8cc3-68ae75d90604, 595.91.07, P2, 50, 293.87 W, 100 %, 100 %, 21532 MiB, 24564 MiB, 2655 MHz, 10251 MHz
2026/09/13 11:21:21.628, NVIDIA GeForce RTX 4090, GPU-457328ff-6f8e-1f53-8cc3-68ae75d90604, 595.91.07, P2, 50, 288.55 W, 100 %, 100 %, 21532 MiB, 24564 MiB, 2655 MHz, 10251 MHz
2026/09/13 11:21:22.630, NVIDIA GeForce RTX 4090, GPU-457328ff-6f8e-1f53-8cc3-68ae75d90604, 595.91.07, P2, 50, 293.85 W, 100 %, 100 %, 21532 MiB, 24564 MiB, 2655 MHz, 10251 MHz
2026/09/13 11:21:23.631, NVIDIA GeForce RTX 4090, GPU-457328ff-6f8e-1f53-8cc3-68ae75d90604, 595.91.07, P2, 50, 294.11 W, 100 %, 100 %, 21532 MiB, 24564 MiB, 2655 MHz, 10251 MHz
2026/09/13 11:21:24.633, NVIDIA GeForce RTX 4090, GPU-457328ff-6f8e-1f53-8cc3-68ae75d90604, 595.91.07, P2, 50, 293.71 W, 100 %, 100 %, 21532 MiB, 24564 MiB, 2655 MHz, 10251 MHz
2026/09/13 11:21:25.634, NVIDIA GeForce RTX 4090, GPU-457328ff-6f8e-1f53-8cc3-68ae75d90604, 595.91.07, P2, 50, 293.28 W, 100 %, 100 %, 21532 MiB, 24564 MiB, 2655 MHz, 10251 MHz
2026/09/13 11:21:26.635, NVIDIA GeForce RTX 4090, GPU-457328ff-6f8e-1f53-8cc3-68ae75d90604, 595.91.07, P2, 50, 285.53 W, 70 %, 68 %, 21532 MiB, 24564 MiB, 2655 MHz, 10251 MHz
2026/09/13 11:21:27.637, NVIDIA GeForce RTX 4090, GPU-457328ff-6f8e-1f53-8cc3-68ae75d90604, 595.91.07, P2, 50, 284.71 W, 100 %, 100 %, 21532 MiB, 24564 MiB, 2655 MHz, 10251 MHz
2026/09/13 11:21:28.639, NVIDIA GeForce RTX 4090, GPU-457328ff-6f8e-1f53-8cc3-68ae75d90604, 595.91.07, P2, 50, 289.94 W, 100 %, 100 %, 21532 MiB, 24564 MiB, 2655 MHz, 10251 MHz
2026/09/13 11:21:29.640, NVIDIA GeForce RTX 4090, GPU-457328ff-6f8e-1f53-8cc3-68ae75d90604, 595.91.07, P2, 50, 294.16 W, 100 %, 100 %, 21532 MiB, 24564 MiB, 2655 MHz, 10251 MHz
2026/09/13 11:21:30.641, NVIDIA GeForce RTX 4090, GPU-457328ff-6f8e-1f53-8cc3-68ae75d90604, 595.91.07, P2, 50, 288.14 W, 100 %, 100 %, 21532 MiB, 24564 MiB, 2655 MHz, 10251 MHz
2026/09/13 11:21:31.643, NVIDIA GeForce RTX 4090, GPU-457328ff-6f8e-1f53-8cc3-68ae75d90604, 595.91.07, P2, 51, 294.06 W, 100 %, 100 %, 21532 MiB, 24564 MiB, 2655 MHz, 10251 MHz
2026/09/13 11:21:32.645, NVIDIA GeForce RTX 4090, GPU-457328ff-6f8e-1f53-8cc3-68ae75d90604, 595.91.07, P2, 51, 288.80 W, 100 %, 100 %, 21532 MiB, 24564 MiB, 2655 MHz, 10251 MHz
2026/09/13 11:21:33.646, NVIDIA GeForce RTX 4090, GPU-457328ff-6f8e-1f53-8cc3-68ae75d90604, 595.91.07, P2, 51, 289.64 W, 100 %, 100 %, 21532 MiB, 24564 MiB, 2655 MHz, 10251 MHz
2026/09/13 11:21:34.648, NVIDIA GeForce RTX 4090, GPU-457328ff-6f8e-1f53-8cc3-68ae75d90604, 595.91.07, P2, 51, 290.12 W, 100 %, 100 %, 21532 MiB, 24564 MiB, 2655 MHz, 10251 MHz
2026/09/13 11:21:35.649, NVIDIA GeForce RTX 4090, GPU-457328ff-6f8e-1f53-8cc3-68ae75d90604, 595.91.07, P2, 51, 294.86 W, 100 %, 100 %, 21532 MiB, 24564 MiB, 2655 MHz, 10251 MHz
2026/09/13 11:21:36.651, NVIDIA GeForce RTX 4090, GPU-457328ff-6f8e-1f53-8cc3-68ae75d90604, 595.91.07, P2, 51, 294.24 W, 100 %, 100 %, 21532 MiB, 24564 MiB, 2655 MHz, 10251 MHz
2026/09/13 11:21:37.652, NVIDIA GeForce RTX 4090, GPU-457328ff-6f8e-1f53-8cc3-68ae75d90604, 595.91.07, P2, 51, 290.42 W, 100 %, 100 %, 21532 MiB, 24564 MiB, 2655 MHz, 10251 MHz
2026/09/13 11:21:38.653, NVIDIA GeForce RTX 4090, GPU-457328ff-6f8e-1f53-8cc3-68ae75d90604, 595.91.07, P2, 51, 294.99 W, 100 %, 100 %, 21532 MiB, 24564 MiB, 2655 MHz, 10251 MHz
2026/09/13 11:21:39.655, NVIDIA GeForce RTX 4090, GPU-457328ff-6f8e-1f53-8cc3-68ae75d90604, 595.91.07, P2, 51, 290.18 W, 100 %, 100 %, 21532 MiB, 24564 MiB, 2655 MHz, 10251 MHz
2026/09/13 11:21:40.656, NVIDIA GeForce RTX 4090, GPU-457328ff-6f8e-1f53-8cc3-68ae75d90604, 595.91.07, P2, 51, 291.38 W, 100 %, 100 %, 21532 MiB, 24564 MiB, 2655 MHz, 10251 MHz
2026/09/13 11:21:41.658, NVIDIA GeForce RTX 4090, GPU-457328ff-6f8e-1f53-8cc3-68ae75d90604, 595.91.07, P2, 51, 295.11 W, 100 %, 100 %, 21532 MiB, 24564 MiB, 2655 MHz, 10251 MHz
2026/09/13 11:21:42.659, NVIDIA GeForce RTX 4090, GPU-457328ff-6f8e-1f53-8cc3-68ae75d90604, 595.91.07, P2, 51, 295.34 W, 100 %, 100 %, 21532 MiB, 24564 MiB, 2655 MHz, 10251 MHz
2026/09/13 11:21:43.661, NVIDIA GeForce RTX 4090, GPU-457328ff-6f8e-1f53-8cc3-68ae75d90604, 595.91.07, P2, 52, 291.25 W, 100 %, 100 %, 21532 MiB, 24564 MiB, 2640 MHz, 10251 MHz
2026/09/13 11:21:44.663, NVIDIA GeForce RTX 4090, GPU-457328ff-6f8e-1f53-8cc3-68ae75d90604, 595.91.07, P2, 52, 294.95 W, 100 %, 100 %, 21532 MiB, 24564 MiB, 2640 MHz, 10251 MHz
2026/09/13 11:21:45.664, NVIDIA GeForce RTX 4090, GPU-457328ff-6f8e-1f53-8cc3-68ae75d90604, 595.91.07, P2, 52, 288.45 W, 100 %, 100 %, 21532 MiB, 24564 MiB, 2640 MHz, 10251 MHz
2026/09/13 11:21:46.666, NVIDIA GeForce RTX 4090, GPU-457328ff-6f8e-1f53-8cc3-68ae75d90604, 595.91.07, P2, 52, 295.00 W, 100 %, 100 %, 21532 MiB, 24564 MiB, 2640 MHz, 10251 MHz
2026/09/13 11:21:47.668, NVIDIA GeForce RTX 4090, GPU-457328ff-6f8e-1f53-8cc3-68ae75d90604, 595.91.07, P2, 52, 289.14 W, 100 %, 100 %, 21532 MiB, 24564 MiB, 2640 MHz, 10251 MHz
2026/09/13 11:21:48.669, NVIDIA GeForce RTX 4090, GPU-457328ff-6f8e-1f53-8cc3-68ae75d90604, 595.91.07, P2, 52, 287.49 W, 100 %, 100 %, 21532 MiB, 24564 MiB, 2640 MHz, 10251 MHz
2026/09/13 11:21:49.671, NVIDIA GeForce RTX 4090, GPU-457328ff-6f8e-1f53-8cc3-68ae75d90604, 595.91.07, P2, 52, 288.99 W, 63 %, 65 %, 21532 MiB, 24564 MiB, 2640 MHz, 10251 MHz
2026/09/13 11:21:50.672, NVIDIA GeForce RTX 4090, GPU-457328ff-6f8e-1f53-8cc3-68ae75d90604, 595.91.07, P2, 52, 288.08 W, 100 %, 100 %, 21532 MiB, 24564 MiB, 2640 MHz, 10251 MHz
2026/09/13 11:21:51.673, NVIDIA GeForce RTX 4090, GPU-457328ff-6f8e-1f53-8cc3-68ae75d90604, 595.91.07, P2, 52, 290.08 W, 100 %, 100 %, 21532 MiB, 24564 MiB, 2640 MHz, 10251 MHz
2026/09/13 11:21:52.675, NVIDIA GeForce RTX 4090, GPU-457328ff-6f8e-1f53-8cc3-68ae75d90604, 595.91.07, P2, 52, 289.66 W, 100 %, 100 %, 21532 MiB, 24564 MiB, 2640 MHz, 10251 MHz
2026/09/13 11:21:53.676, NVIDIA GeForce RTX 4090, GPU-457328ff-6f8e-1f53-8cc3-68ae75d90604, 595.91.07, P2, 52, 289.58 W, 100 %, 100 %, 21532 MiB, 24564 MiB, 2640 MHz, 10251 MHz
2026/09/13 11:21:54.678, NVIDIA GeForce RTX 4090, GPU-457328ff-6f8e-1f53-8cc3-68ae75d90604, 595.91.07, P2, 52, 295.06 W, 100 %, 100 %, 21532 MiB, 24564 MiB, 2640 MHz, 10251 MHz
2026/09/13 11:21:55.679, NVIDIA GeForce RTX 4090, GPU-457328ff-6f8e-1f53-8cc3-68ae75d90604, 595.91.07, P2, 52, 294.78 W, 100 %, 100 %, 21532 MiB, 24564 MiB, 2640 MHz, 10251 MHz
2026/09/13 11:21:56.681, NVIDIA GeForce RTX 4090, GPU-457328ff-6f8e-1f53-8cc3-68ae75d90604, 595.91.07, P2, 52, 294.85 W, 100 %, 100 %, 21532 MiB, 24564 MiB, 2640 MHz, 10251 MHz
2026/09/13 11:21:57.682, NVIDIA GeForce RTX 4090, GPU-457328ff-6f8e-1f53-8cc3-68ae75d90604, 595.91.07, P2, 52, 288.91 W, 100 %, 100 %, 21532 MiB, 24564 MiB, 2640 MHz, 10251 MHz
2026/09/13 11:21:58.684, NVIDIA GeForce RTX 4090, GPU-457328ff-6f8e-1f53-8cc3-68ae75d90604, 595.91.07, P2, 53, 295.60 W, 100 %, 100 %, 21532 MiB, 24564 MiB, 2640 MHz, 10251 MHz
2026/09/13 11:21:59.685, NVIDIA GeForce RTX 4090, GPU-457328ff-6f8e-1f53-8cc3-68ae75d90604, 595.91.07, P2, 52, 283.15 W, 61 %, 59 %, 21532 MiB, 24564 MiB, 2640 MHz, 10251 MHz
2026/09/13 11:22:00.687, NVIDIA GeForce RTX 4090, GPU-457328ff-6f8e-1f53-8cc3-68ae75d90604, 595.91.07, P2, 53, 289.96 W, 100 %, 100 %, 21532 MiB, 24564 MiB, 2640 MHz, 10251 MHz
2026/09/13 11:22:01.688, NVIDIA GeForce RTX 4090, GPU-457328ff-6f8e-1f53-8cc3-68ae75d90604, 595.91.07, P2, 53, 290.51 W, 68 %, 72 %, 21532 MiB, 24564 MiB, 2640 MHz, 10251 MHz
2026/09/13 11:22:02.690, NVIDIA GeForce RTX 4090, GPU-457328ff-6f8e-1f53-8cc3-68ae75d90604, 595.91.07, P2, 53, 289.92 W, 100 %, 100 %, 21532 MiB, 24564 MiB, 2640 MHz, 10251 MHz
2026/09/13 11:22:03.692, NVIDIA GeForce RTX 4090, GPU-457328ff-6f8e-1f53-8cc3-68ae75d90604, 595.91.07, P2, 53, 292.19 W, 100 %, 100 %, 21532 MiB, 24564 MiB, 2640 MHz, 10251 MHz
2026/09/13 11:22:04.693, NVIDIA GeForce RTX 4090, GPU-457328ff-6f8e-1f53-8cc3-68ae75d90604, 595.91.07, P2, 53, 296.28 W, 100 %, 100 %, 21532 MiB, 24564 MiB, 2640 MHz, 10251 MHz
2026/09/13 11:22:05.695, NVIDIA GeForce RTX 4090, GPU-457328ff-6f8e-1f53-8cc3-68ae75d90604, 595.91.07, P2, 53, 289.37 W, 100 %, 100 %, 21532 MiB, 24564 MiB, 2640 MHz, 10251 MHz
2026/09/13 11:22:06.696, NVIDIA GeForce RTX 4090, GPU-457328ff-6f8e-1f53-8cc3-68ae75d90604, 595.91.07, P2, 53, 288.89 W, 100 %, 100 %, 21532 MiB, 24564 MiB, 2640 MHz, 10251 MHz
2026/09/13 11:22:07.698, NVIDIA GeForce RTX 4090, GPU-457328ff-6f8e-1f53-8cc3-68ae75d90604, 595.91.07, P2, 53, 296.50 W, 100 %, 100 %, 21532 MiB, 24564 MiB, 2640 MHz, 10251 MHz
2026/09/13 11:22:08.699, NVIDIA GeForce RTX 4090, GPU-457328ff-6f8e-1f53-8cc3-68ae75d90604, 595.91.07, P2, 53, 289.05 W, 100 %, 100 %, 21532 MiB, 24564 MiB, 2640 MHz, 10251 MHz
2026/09/13 11:22:09.701, NVIDIA GeForce RTX 4090, GPU-457328ff-6f8e-1f53-8cc3-68ae75d90604, 595.91.07, P2, 53, 296.36 W, 100 %, 100 %, 21532 MiB, 24564 MiB, 2640 MHz, 10251 MHz
2026/09/13 11:22:10.702, NVIDIA GeForce RTX 4090, GPU-457328ff-6f8e-1f53-8cc3-68ae75d90604, 595.91.07, P2, 53, 296.48 W, 100 %, 100 %, 21532 MiB, 24564 MiB, 2640 MHz, 10251 MHz
2026/09/13 11:22:11.703, NVIDIA GeForce RTX 4090, GPU-457328ff-6f8e-1f53-8cc3-68ae75d90604, 595.91.07, P2, 53, 290.63 W, 100 %, 100 %, 21532 MiB, 24564 MiB, 2640 MHz, 10251 MHz
2026/09/13 11:22:12.704, NVIDIA GeForce RTX 4090, GPU-457328ff-6f8e-1f53-8cc3-68ae75d90604, 595.91.07, P2, 53, 296.64 W, 100 %, 100 %, 21532 MiB, 24564 MiB, 2640 MHz, 10251 MHz
2026/09/13 11:22:13.705, NVIDIA GeForce RTX 4090, GPU-457328ff-6f8e-1f53-8cc3-68ae75d90604, 595.91.07, P2, 53, 290.66 W, 100 %, 100 %, 21532 MiB, 24564 MiB, 2640 MHz, 10251 MHz
2026/09/13 11:22:14.706, NVIDIA GeForce RTX 4090, GPU-457328ff-6f8e-1f53-8cc3-68ae75d90604, 595.91.07, P2, 53, 290.72 W, 60 %, 58 %, 21532 MiB, 24564 MiB, 2640 MHz, 10251 MHz
2026/09/13 11:22:15.708, NVIDIA GeForce RTX 4090, GPU-457328ff-6f8e-1f53-8cc3-68ae75d90604, 595.91.07, P2, 54, 284.09 W, 100 %, 100 %, 21532 MiB, 24564 MiB, 2640 MHz, 10251 MHz
2026/09/13 11:22:16.709, NVIDIA GeForce RTX 4090, GPU-457328ff-6f8e-1f53-8cc3-68ae75d90604, 595.91.07, P2, 52, 297.21 W, 100 %, 100 %, 21532 MiB, 24564 MiB, 2640 MHz, 10251 MHz
2026/09/13 11:22:17.710, NVIDIA GeForce RTX 4090, GPU-457328ff-6f8e-1f53-8cc3-68ae75d90604, 595.91.07, P2, 54, 289.94 W, 100 %, 100 %, 21532 MiB, 24564 MiB, 2640 MHz, 10251 MHz
2026/09/13 11:22:18.712, NVIDIA GeForce RTX 4090, GPU-457328ff-6f8e-1f53-8cc3-68ae75d90604, 595.91.07, P2, 54, 296.62 W, 100 %, 100 %, 21532 MiB, 24564 MiB, 2640 MHz, 10251 MHz
2026/09/13 11:22:19.713, NVIDIA GeForce RTX 4090, GPU-457328ff-6f8e-1f53-8cc3-68ae75d90604, 595.91.07, P2, 54, 297.01 W, 100 %, 100 %, 21532 MiB, 24564 MiB, 2640 MHz, 10251 MHz
2026/09/13 11:22:20.714, NVIDIA GeForce RTX 4090, GPU-457328ff-6f8e-1f53-8cc3-68ae75d90604, 595.91.07, P2, 54, 296.53 W, 100 %, 100 %, 21532 MiB, 24564 MiB, 2640 MHz, 10251 MHz
2026/09/13 11:22:21.716, NVIDIA GeForce RTX 4090, GPU-457328ff-6f8e-1f53-8cc3-68ae75d90604, 595.91.07, P2, 54, 296.27 W, 100 %, 100 %, 21532 MiB, 24564 MiB, 2640 MHz, 10251 MHz
2026/09/13 11:22:22.717, NVIDIA GeForce RTX 4090, GPU-457328ff-6f8e-1f53-8cc3-68ae75d90604, 595.91.07, P2, 54, 288.49 W, 100 %, 100 %, 21532 MiB, 24564 MiB, 2640 MHz, 10251 MHz
2026/09/13 11:22:23.718, NVIDIA GeForce RTX 4090, GPU-457328ff-6f8e-1f53-8cc3-68ae75d90604, 595.91.07, P2, 54, 297.02 W, 100 %, 100 %, 21532 MiB, 24564 MiB, 2640 MHz, 10251 MHz
2026/09/13 11:22:24.719, NVIDIA GeForce RTX 4090, GPU-457328ff-6f8e-1f53-8cc3-68ae75d90604, 595.91.07, P2, 54, 296.68 W, 100 %, 100 %, 21532 MiB, 24564 MiB, 2640 MHz, 10251 MHz
2026/09/13 11:22:25.721, NVIDIA GeForce RTX 4090, GPU-457328ff-6f8e-1f53-8cc3-68ae75d90604, 595.91.07, P2, 54, 296.39 W, 100 %, 100 %, 21532 MiB, 24564 MiB, 2640 MHz, 10251 MHz
2026/09/13 11:22:26.723, NVIDIA GeForce RTX 4090, GPU-457328ff-6f8e-1f53-8cc3-68ae75d90604, 595.91.07, P2, 54, 296.12 W, 100 %, 100 %, 21532 MiB, 24564 MiB, 2640 MHz, 10251 MHz
2026/09/13 11:22:27.725, NVIDIA GeForce RTX 4090, GPU-457328ff-6f8e-1f53-8cc3-68ae75d90604, 595.91.07, P2, 54, 290.38 W, 100 %, 100 %, 21532 MiB, 24564 MiB, 2640 MHz, 10251 MHz
2026/09/13 11:22:28.727, NVIDIA GeForce RTX 4090, GPU-457328ff-6f8e-1f53-8cc3-68ae75d90604, 595.91.07, P2, 54, 297.03 W, 100 %, 100 %, 21532 MiB, 24564 MiB, 2640 MHz, 10251 MHz
2026/09/13 11:22:29.729, NVIDIA GeForce RTX 4090, GPU-457328ff-6f8e-1f53-8cc3-68ae75d90604, 595.91.07, P2, 54, 289.53 W, 100 %, 100 %, 21532 MiB, 24564 MiB, 2640 MHz, 10251 MHz
2026/09/13 11:22:30.731, NVIDIA GeForce RTX 4090, GPU-457328ff-6f8e-1f53-8cc3-68ae75d90604, 595.91.07, P2, 55, 288.53 W, 87 %, 96 %, 21532 MiB, 24564 MiB, 2640 MHz, 10251 MHz
2026/09/13 11:22:31.733, NVIDIA GeForce RTX 4090, GPU-457328ff-6f8e-1f53-8cc3-68ae75d90604, 595.91.07, P2, 54, 294.44 W, 100 %, 100 %, 21532 MiB, 24564 MiB, 2640 MHz, 10251 MHz
2026/09/13 11:22:32.735, NVIDIA GeForce RTX 4090, GPU-457328ff-6f8e-1f53-8cc3-68ae75d90604, 595.91.07, P2, 54, 291.35 W, 100 %, 100 %, 21532 MiB, 24564 MiB, 2640 MHz, 10251 MHz
2026/09/13 11:22:33.737, NVIDIA GeForce RTX 4090, GPU-457328ff-6f8e-1f53-8cc3-68ae75d90604, 595.91.07, P2, 54, 296.76 W, 100 %, 100 %, 21532 MiB, 24564 MiB, 2640 MHz, 10251 MHz
2026/09/13 11:22:34.738, NVIDIA GeForce RTX 4090, GPU-457328ff-6f8e-1f53-8cc3-68ae75d90604, 595.91.07, P2, 54, 291.64 W, 100 %, 100 %, 21532 MiB, 24564 MiB, 2640 MHz, 10251 MHz
2026/09/13 11:22:35.740, NVIDIA GeForce RTX 4090, GPU-457328ff-6f8e-1f53-8cc3-68ae75d90604, 595.91.07, P2, 54, 289.55 W, 100 %, 100 %, 21532 MiB, 24564 MiB, 2640 MHz, 10251 MHz
2026/09/13 11:22:36.742, NVIDIA GeForce RTX 4090, GPU-457328ff-6f8e-1f53-8cc3-68ae75d90604, 595.91.07, P2, 54, 293.88 W, 100 %, 100 %, 21532 MiB, 24564 MiB, 2640 MHz, 10251 MHz
2026/09/13 11:22:37.745, NVIDIA GeForce RTX 4090, GPU-457328ff-6f8e-1f53-8cc3-68ae75d90604, 595.91.07, P2, 54, 296.13 W, 100 %, 100 %, 21532 MiB, 24564 MiB, 2640 MHz, 10251 MHz
2026/09/13 11:22:38.747, NVIDIA GeForce RTX 4090, GPU-457328ff-6f8e-1f53-8cc3-68ae75d90604, 595.91.07, P2, 54, 296.49 W, 100 %, 100 %, 21532 MiB, 24564 MiB, 2640 MHz, 10251 MHz
2026/09/13 11:22:39.748, NVIDIA GeForce RTX 4090, GPU-457328ff-6f8e-1f53-8cc3-68ae75d90604, 595.91.07, P2, 54, 296.49 W, 100 %, 100 %, 21532 MiB, 24564 MiB, 2640 MHz, 10251 MHz
2026/09/13 11:22:40.750, NVIDIA GeForce RTX 4090, GPU-457328ff-6f8e-1f53-8cc3-68ae75d90604, 595.91.07, P2, 54, 296.34 W, 100 %, 100 %, 21532 MiB, 24564 MiB, 2640 MHz, 10251 MHz
2026/09/13 11:22:41.752, NVIDIA GeForce RTX 4090, GPU-457328ff-6f8e-1f53-8cc3-68ae75d90604, 595.91.07, P2, 54, 290.40 W, 100 %, 100 %, 21532 MiB, 24564 MiB, 2640 MHz, 10251 MHz
2026/09/13 11:22:42.754, NVIDIA GeForce RTX 4090, GPU-457328ff-6f8e-1f53-8cc3-68ae75d90604, 595.91.07, P2, 54, 296.97 W, 100 %, 100 %, 21532 MiB, 24564 MiB, 2640 MHz, 10251 MHz
2026/09/13 11:22:43.756, NVIDIA GeForce RTX 4090, GPU-457328ff-6f8e-1f53-8cc3-68ae75d90604, 595.91.07, P2, 54, 288.24 W, 76 %, 74 %, 21532 MiB, 24564 MiB, 2640 MHz, 10251 MHz
2026/09/13 11:22:44.757, NVIDIA GeForce RTX 4090, GPU-457328ff-6f8e-1f53-8cc3-68ae75d90604, 595.91.07, P2, 54, 294.23 W, 100 %, 100 %, 21532 MiB, 24564 MiB, 2640 MHz, 10251 MHz
2026/09/13 11:22:45.759, NVIDIA GeForce RTX 4090, GPU-457328ff-6f8e-1f53-8cc3-68ae75d90604, 595.91.07, P2, 54, 290.19 W, 100 %, 100 %, 21532 MiB, 24564 MiB, 2640 MHz, 10251 MHz
2026/09/13 11:22:46.761, NVIDIA GeForce RTX 4090, GPU-457328ff-6f8e-1f53-8cc3-68ae75d90604, 595.91.07, P2, 53, 289.77 W, 94 %, 100 %, 21532 MiB, 24564 MiB, 2640 MHz, 10251 MHz
2026/09/13 11:22:47.763, NVIDIA GeForce RTX 4090, GPU-457328ff-6f8e-1f53-8cc3-68ae75d90604, 595.91.07, P2, 53, 289.70 W, 100 %, 100 %, 21532 MiB, 24564 MiB, 2640 MHz, 10251 MHz
2026/09/13 11:22:48.765, NVIDIA GeForce RTX 4090, GPU-457328ff-6f8e-1f53-8cc3-68ae75d90604, 595.91.07, P2, 54, 297.04 W, 100 %, 100 %, 21532 MiB, 24564 MiB, 2640 MHz, 10251 MHz
2026/09/13 11:22:49.767, NVIDIA GeForce RTX 4090, GPU-457328ff-6f8e-1f53-8cc3-68ae75d90604, 595.91.07, P2, 54, 292.90 W, 100 %, 100 %, 21532 MiB, 24564 MiB, 2640 MHz, 10251 MHz
2026/09/13 11:22:50.768, NVIDIA GeForce RTX 4090, GPU-457328ff-6f8e-1f53-8cc3-68ae75d90604, 595.91.07, P2, 54, 297.43 W, 100 %, 100 %, 21532 MiB, 24564 MiB, 2640 MHz, 10251 MHz
2026/09/13 11:22:51.770, NVIDIA GeForce RTX 4090, GPU-457328ff-6f8e-1f53-8cc3-68ae75d90604, 595.91.07, P2, 53, 293.34 W, 100 %, 100 %, 21532 MiB, 24564 MiB, 2640 MHz, 10251 MHz
2026/09/13 11:22:52.772, NVIDIA GeForce RTX 4090, GPU-457328ff-6f8e-1f53-8cc3-68ae75d90604, 595.91.07, P2, 54, 296.83 W, 100 %, 100 %, 21532 MiB, 24564 MiB, 2640 MHz, 10251 MHz
2026/09/13 11:22:53.774, NVIDIA GeForce RTX 4090, GPU-457328ff-6f8e-1f53-8cc3-68ae75d90604, 595.91.07, P2, 54, 296.81 W, 100 %, 100 %, 21532 MiB, 24564 MiB, 2640 MHz, 10251 MHz
2026/09/13 11:22:54.776, NVIDIA GeForce RTX 4090, GPU-457328ff-6f8e-1f53-8cc3-68ae75d90604, 595.91.07, P2, 54, 291.90 W, 100 %, 100 %, 21532 MiB, 24564 MiB, 2640 MHz, 10251 MHz
2026/09/13 11:22:55.778, NVIDIA GeForce RTX 4090, GPU-457328ff-6f8e-1f53-8cc3-68ae75d90604, 595.91.07, P2, 53, 292.32 W, 100 %, 100 %, 21532 MiB, 24564 MiB, 2640 MHz, 10251 MHz
2026/09/13 11:22:56.780, NVIDIA GeForce RTX 4090, GPU-457328ff-6f8e-1f53-8cc3-68ae75d90604, 595.91.07, P2, 54, 296.72 W, 100 %, 100 %, 21532 MiB, 24564 MiB, 2640 MHz, 10251 MHz
2026/09/13 11:22:57.782, NVIDIA GeForce RTX 4090, GPU-457328ff-6f8e-1f53-8cc3-68ae75d90604, 595.91.07, P2, 54, 296.62 W, 100 %, 100 %, 21532 MiB, 24564 MiB, 2640 MHz, 10251 MHz
2026/09/13 11:22:58.783, NVIDIA GeForce RTX 4090, GPU-457328ff-6f8e-1f53-8cc3-68ae75d90604, 595.91.07, P2, 53, 289.99 W, 100 %, 100 %, 21532 MiB, 24564 MiB, 2640 MHz, 10251 MHz
2026/09/13 11:22:59.785, NVIDIA GeForce RTX 4090, GPU-457328ff-6f8e-1f53-8cc3-68ae75d90604, 595.91.07, P2, 48, 199.92 W, 0 %, 0 %, 21532 MiB, 24564 MiB, 2640 MHz, 10251 MHz
2026/09/13 11:23:00.786, NVIDIA GeForce RTX 4090, GPU-457328ff-6f8e-1f53-8cc3-68ae75d90604, 595.91.07, P2, 47, 94.09 W, 0 %, 0 %, 21532 MiB, 24564 MiB, 2655 MHz, 10251 MHz
2026/09/13 11:23:01.789, NVIDIA GeForce RTX 4090, GPU-457328ff-6f8e-1f53-8cc3-68ae75d90604, 595.91.07, P2, 46, 61.42 W, 0 %, 0 %, 21532 MiB, 24564 MiB, 2520 MHz, 10251 MHz
2026/09/13 11:23:02.790, NVIDIA GeForce RTX 4090, GPU-457328ff-6f8e-1f53-8cc3-68ae75d90604, 595.91.07, P2, 46, 57.99 W, 0 %, 0 %, 21532 MiB, 24564 MiB, 2520 MHz, 10251 MHz
2026/09/13 11:23:03.791, NVIDIA GeForce RTX 4090, GPU-457328ff-6f8e-1f53-8cc3-68ae75d90604, 595.91.07, P2, 45, 54.66 W, 0 %, 0 %, 21532 MiB, 24564 MiB, 2520 MHz, 10251 MHz
2026/09/13 11:23:04.792, NVIDIA GeForce RTX 4090, GPU-457328ff-6f8e-1f53-8cc3-68ae75d90604, 595.91.07, P2, 45, 54.78 W, 0 %, 0 %, 21532 MiB, 24564 MiB, 2520 MHz, 10251 MHz
2026/09/13 11:23:05.795, NVIDIA GeForce RTX 4090, GPU-457328ff-6f8e-1f53-8cc3-68ae75d90604, 595.91.07, P2, 44, 54.85 W, 0 %, 0 %, 21532 MiB, 24564 MiB, 2520 MHz, 10251 MHz
2026/09/13 11:23:06.796, NVIDIA GeForce RTX 4090, GPU-457328ff-6f8e-1f53-8cc3-68ae75d90604, 595.91.07, P2, 44, 54.63 W, 0 %, 0 %, 21532 MiB, 24564 MiB, 2520 MHz, 10251 MHz
2026/09/13 11:23:07.798, NVIDIA GeForce RTX 4090, GPU-457328ff-6f8e-1f53-8cc3-68ae75d90604, 595.91.07, P2, 44, 54.46 W, 0 %, 0 %, 21532 MiB, 24564 MiB, 2520 MHz, 10251 MHz
2026/09/13 11:23:08.800, NVIDIA GeForce RTX 4090, GPU-457328ff-6f8e-1f53-8cc3-68ae75d90604, 595.91.07, P2, 43, 54.40 W, 0 %, 0 %, 21532 MiB, 24564 MiB, 2520 MHz, 10251 MHz
2026/09/13 11:23:09.802, NVIDIA GeForce RTX 4090, GPU-457328ff-6f8e-1f53-8cc3-68ae75d90604, 595.91.07, P2, 43, 54.37 W, 0 %, 0 %, 21532 MiB, 24564 MiB, 2520 MHz, 10251 MHz
2026/09/13 11:23:10.803, NVIDIA GeForce RTX 4090, GPU-457328ff-6f8e-1f53-8cc3-68ae75d90604, 595.91.07, P2, 43, 54.22 W, 0 %, 0 %, 21532 MiB, 24564 MiB, 2520 MHz, 10251 MHz
2026/09/13 11:23:11.806, NVIDIA GeForce RTX 4090, GPU-457328ff-6f8e-1f53-8cc3-68ae75d90604, 595.91.07, P2, 42, 54.22 W, 0 %, 0 %, 21532 MiB, 24564 MiB, 2520 MHz, 10251 MHz
2026/09/13 11:23:12.807, NVIDIA GeForce RTX 4090, GPU-457328ff-6f8e-1f53-8cc3-68ae75d90604, 595.91.07, P2, 42, 54.24 W, 0 %, 0 %, 21532 MiB, 24564 MiB, 2520 MHz, 10251 MHz
2026/09/13 11:23:13.809, NVIDIA GeForce RTX 4090, GPU-457328ff-6f8e-1f53-8cc3-68ae75d90604, 595.91.07, P2, 42, 53.87 W, 0 %, 0 %, 21532 MiB, 24564 MiB, 2520 MHz, 10251 MHz
2026/09/13 11:23:14.810, NVIDIA GeForce RTX 4090, GPU-457328ff-6f8e-1f53-8cc3-68ae75d90604, 595.91.07, P2, 42, 53.69 W, 0 %, 0 %, 21532 MiB, 24564 MiB, 2520 MHz, 10251 MHz
2026/09/13 11:23:15.812, NVIDIA GeForce RTX 4090, GPU-457328ff-6f8e-1f53-8cc3-68ae75d90604, 595.91.07, P2, 41, 55.69 W, 25 %, 14 %, 21532 MiB, 24564 MiB, 2520 MHz, 10251 MHz
2026/09/13 11:23:16.814, NVIDIA GeForce RTX 4090, GPU-457328ff-6f8e-1f53-8cc3-68ae75d90604, 595.91.07, P2, 47, 279.40 W, 100 %, 100 %, 21532 MiB, 24564 MiB, 2655 MHz, 10251 MHz
2026/09/13 11:23:17.816, NVIDIA GeForce RTX 4090, GPU-457328ff-6f8e-1f53-8cc3-68ae75d90604, 595.91.07, P2, 48, 292.81 W, 100 %, 100 %, 21532 MiB, 24564 MiB, 2655 MHz, 10251 MHz
2026/09/13 11:23:18.817, NVIDIA GeForce RTX 4090, GPU-457328ff-6f8e-1f53-8cc3-68ae75d90604, 595.91.07, P2, 48, 293.30 W, 100 %, 100 %, 21532 MiB, 24564 MiB, 2655 MHz, 10251 MHz
2026/09/13 11:23:19.819, NVIDIA GeForce RTX 4090, GPU-457328ff-6f8e-1f53-8cc3-68ae75d90604, 595.91.07, P2, 49, 293.55 W, 100 %, 100 %, 21532 MiB, 24564 MiB, 2655 MHz, 10251 MHz
2026/09/13 11:23:20.821, NVIDIA GeForce RTX 4090, GPU-457328ff-6f8e-1f53-8cc3-68ae75d90604, 595.91.07, P2, 49, 293.56 W, 100 %, 100 %, 21532 MiB, 24564 MiB, 2655 MHz, 10251 MHz
2026/09/13 11:23:21.822, NVIDIA GeForce RTX 4090, GPU-457328ff-6f8e-1f53-8cc3-68ae75d90604, 595.91.07, P2, 49, 293.25 W, 100 %, 100 %, 21532 MiB, 24564 MiB, 2655 MHz, 10251 MHz
2026/09/13 11:23:22.824, NVIDIA GeForce RTX 4090, GPU-457328ff-6f8e-1f53-8cc3-68ae75d90604, 595.91.07, P2, 49, 293.28 W, 100 %, 100 %, 21532 MiB, 24564 MiB, 2655 MHz, 10251 MHz
2026/09/13 11:23:23.826, NVIDIA GeForce RTX 4090, GPU-457328ff-6f8e-1f53-8cc3-68ae75d90604, 595.91.07, P2, 49, 293.14 W, 100 %, 100 %, 21532 MiB, 24564 MiB, 2655 MHz, 10251 MHz
2026/09/13 11:23:24.828, NVIDIA GeForce RTX 4090, GPU-457328ff-6f8e-1f53-8cc3-68ae75d90604, 595.91.07, P2, 49, 293.48 W, 100 %, 100 %, 21532 MiB, 24564 MiB, 2655 MHz, 10251 MHz
2026/09/13 11:23:25.830, NVIDIA GeForce RTX 4090, GPU-457328ff-6f8e-1f53-8cc3-68ae75d90604, 595.91.07, P2, 49, 293.20 W, 100 %, 100 %, 21532 MiB, 24564 MiB, 2655 MHz, 10251 MHz
2026/09/13 11:23:26.831, NVIDIA GeForce RTX 4090, GPU-457328ff-6f8e-1f53-8cc3-68ae75d90604, 595.91.07, P2, 50, 293.08 W, 100 %, 100 %, 21532 MiB, 24564 MiB, 2655 MHz, 10251 MHz
2026/09/13 11:23:27.833, NVIDIA GeForce RTX 4090, GPU-457328ff-6f8e-1f53-8cc3-68ae75d90604, 595.91.07, P2, 50, 293.07 W, 100 %, 100 %, 21532 MiB, 24564 MiB, 2655 MHz, 10251 MHz
2026/09/13 11:23:28.834, NVIDIA GeForce RTX 4090, GPU-457328ff-6f8e-1f53-8cc3-68ae75d90604, 595.91.07, P2, 50, 292.88 W, 100 %, 100 %, 21532 MiB, 24564 MiB, 2655 MHz, 10251 MHz
2026/09/13 11:23:29.836, NVIDIA GeForce RTX 4090, GPU-457328ff-6f8e-1f53-8cc3-68ae75d90604, 595.91.07, P2, 50, 292.85 W, 100 %, 100 %, 21532 MiB, 24564 MiB, 2655 MHz, 10251 MHz
2026/09/13 11:23:30.838, NVIDIA GeForce RTX 4090, GPU-457328ff-6f8e-1f53-8cc3-68ae75d90604, 595.91.07, P2, 50, 292.48 W, 100 %, 100 %, 21532 MiB, 24564 MiB, 2655 MHz, 10251 MHz
2026/09/13 11:23:31.839, NVIDIA GeForce RTX 4090, GPU-457328ff-6f8e-1f53-8cc3-68ae75d90604, 595.91.07, P2, 50, 292.79 W, 100 %, 100 %, 21532 MiB, 24564 MiB, 2655 MHz, 10251 MHz
2026/09/13 11:23:32.841, NVIDIA GeForce RTX 4090, GPU-457328ff-6f8e-1f53-8cc3-68ae75d90604, 595.91.07, P2, 50, 293.07 W, 100 %, 100 %, 21532 MiB, 24564 MiB, 2655 MHz, 10251 MHz
2026/09/13 11:23:33.843, NVIDIA GeForce RTX 4090, GPU-457328ff-6f8e-1f53-8cc3-68ae75d90604, 595.91.07, P2, 50, 292.73 W, 100 %, 100 %, 21532 MiB, 24564 MiB, 2655 MHz, 10251 MHz
2026/09/13 11:23:34.844, NVIDIA GeForce RTX 4090, GPU-457328ff-6f8e-1f53-8cc3-68ae75d90604, 595.91.07, P2, 50, 292.69 W, 100 %, 100 %, 21532 MiB, 24564 MiB, 2655 MHz, 10251 MHz
2026/09/13 11:23:35.846, NVIDIA GeForce RTX 4090, GPU-457328ff-6f8e-1f53-8cc3-68ae75d90604, 595.91.07, P2, 48, 279.00 W, 45 %, 41 %, 21532 MiB, 24564 MiB, 2655 MHz, 10251 MHz
2026/09/13 11:23:36.849, NVIDIA GeForce RTX 4090, GPU-457328ff-6f8e-1f53-8cc3-68ae75d90604, 595.91.07, P2, 50, 284.53 W, 100 %, 100 %, 21532 MiB, 24564 MiB, 2655 MHz, 10251 MHz
2026/09/13 11:23:37.851, NVIDIA GeForce RTX 4090, GPU-457328ff-6f8e-1f53-8cc3-68ae75d90604, 595.91.07, P2, 50, 294.85 W, 100 %, 100 %, 21532 MiB, 24564 MiB, 2655 MHz, 10251 MHz
2026/09/13 11:23:38.854, NVIDIA GeForce RTX 4090, GPU-457328ff-6f8e-1f53-8cc3-68ae75d90604, 595.91.07, P2, 50, 295.38 W, 100 %, 100 %, 21532 MiB, 24564 MiB, 2655 MHz, 10251 MHz
2026/09/13 11:23:39.857, NVIDIA GeForce RTX 4090, GPU-457328ff-6f8e-1f53-8cc3-68ae75d90604, 595.91.07, P2, 51, 294.25 W, 100 %, 100 %, 21532 MiB, 24564 MiB, 2655 MHz, 10251 MHz
2026/09/13 11:23:40.859, NVIDIA GeForce RTX 4090, GPU-457328ff-6f8e-1f53-8cc3-68ae75d90604, 595.91.07, P2, 51, 293.84 W, 100 %, 100 %, 21532 MiB, 24564 MiB, 2655 MHz, 10251 MHz
2026/09/13 11:23:41.861, NVIDIA GeForce RTX 4090, GPU-457328ff-6f8e-1f53-8cc3-68ae75d90604, 595.91.07, P2, 51, 293.83 W, 100 %, 100 %, 21532 MiB, 24564 MiB, 2655 MHz, 10251 MHz
2026/09/13 11:23:42.863, NVIDIA GeForce RTX 4090, GPU-457328ff-6f8e-1f53-8cc3-68ae75d90604, 595.91.07, P2, 51, 293.99 W, 100 %, 100 %, 21532 MiB, 24564 MiB, 2655 MHz, 10251 MHz
2026/09/13 11:23:43.865, NVIDIA GeForce RTX 4090, GPU-457328ff-6f8e-1f53-8cc3-68ae75d90604, 595.91.07, P2, 51, 294.01 W, 100 %, 100 %, 21532 MiB, 24564 MiB, 2655 MHz, 10251 MHz
2026/09/13 11:23:44.867, NVIDIA GeForce RTX 4090, GPU-457328ff-6f8e-1f53-8cc3-68ae75d90604, 595.91.07, P2, 51, 293.99 W, 100 %, 100 %, 21532 MiB, 24564 MiB, 2655 MHz, 10251 MHz
2026/09/13 11:23:45.869, NVIDIA GeForce RTX 4090, GPU-457328ff-6f8e-1f53-8cc3-68ae75d90604, 595.91.07, P2, 51, 294.11 W, 100 %, 100 %, 21532 MiB, 24564 MiB, 2655 MHz, 10251 MHz
2026/09/13 11:23:46.872, NVIDIA GeForce RTX 4090, GPU-457328ff-6f8e-1f53-8cc3-68ae75d90604, 595.91.07, P2, 51, 293.97 W, 100 %, 100 %, 21532 MiB, 24564 MiB, 2655 MHz, 10251 MHz
2026/09/13 11:23:47.873, NVIDIA GeForce RTX 4090, GPU-457328ff-6f8e-1f53-8cc3-68ae75d90604, 595.91.07, P2, 51, 293.71 W, 100 %, 100 %, 21532 MiB, 24564 MiB, 2655 MHz, 10251 MHz
2026/09/13 11:23:48.875, NVIDIA GeForce RTX 4090, GPU-457328ff-6f8e-1f53-8cc3-68ae75d90604, 595.91.07, P2, 51, 293.60 W, 100 %, 100 %, 21532 MiB, 24564 MiB, 2655 MHz, 10251 MHz
2026/09/13 11:23:49.877, NVIDIA GeForce RTX 4090, GPU-457328ff-6f8e-1f53-8cc3-68ae75d90604, 595.91.07, P2, 51, 293.66 W, 100 %, 100 %, 21532 MiB, 24564 MiB, 2655 MHz, 10251 MHz
2026/09/13 11:23:50.879, NVIDIA GeForce RTX 4090, GPU-457328ff-6f8e-1f53-8cc3-68ae75d90604, 595.91.07, P2, 51, 293.95 W, 100 %, 100 %, 21532 MiB, 24564 MiB, 2655 MHz, 10251 MHz
2026/09/13 11:23:51.881, NVIDIA GeForce RTX 4090, GPU-457328ff-6f8e-1f53-8cc3-68ae75d90604, 595.91.07, P2, 51, 293.52 W, 100 %, 100 %, 21532 MiB, 24564 MiB, 2655 MHz, 10251 MHz
2026/09/13 11:23:52.883, NVIDIA GeForce RTX 4090, GPU-457328ff-6f8e-1f53-8cc3-68ae75d90604, 595.91.07, P2, 51, 293.11 W, 100 %, 100 %, 21532 MiB, 24564 MiB, 2655 MHz, 10251 MHz
2026/09/13 11:23:53.886, NVIDIA GeForce RTX 4090, GPU-457328ff-6f8e-1f53-8cc3-68ae75d90604, 595.91.07, P2, 51, 293.33 W, 100 %, 100 %, 21532 MiB, 24564 MiB, 2655 MHz, 10251 MHz
2026/09/13 11:23:54.888, NVIDIA GeForce RTX 4090, GPU-457328ff-6f8e-1f53-8cc3-68ae75d90604, 595.91.07, P2, 51, 293.21 W, 100 %, 100 %, 21532 MiB, 24564 MiB, 2655 MHz, 10251 MHz
2026/09/13 11:23:55.891, NVIDIA GeForce RTX 4090, GPU-457328ff-6f8e-1f53-8cc3-68ae75d90604, 595.91.07, P2, 51, 292.95 W, 100 %, 100 %, 21532 MiB, 24564 MiB, 2655 MHz, 10251 MHz
2026/09/13 11:23:56.893, NVIDIA GeForce RTX 4090, GPU-457328ff-6f8e-1f53-8cc3-68ae75d90604, 595.91.07, P2, 51, 274.76 W, 100 %, 100 %, 21532 MiB, 24564 MiB, 2655 MHz, 10251 MHz
2026/09/13 11:23:57.896, NVIDIA GeForce RTX 4090, GPU-457328ff-6f8e-1f53-8cc3-68ae75d90604, 595.91.07, P2, 51, 295.35 W, 100 %, 100 %, 21532 MiB, 24564 MiB, 2655 MHz, 10251 MHz
2026/09/13 11:23:58.898, NVIDIA GeForce RTX 4090, GPU-457328ff-6f8e-1f53-8cc3-68ae75d90604, 595.91.07, P2, 51, 295.10 W, 100 %, 100 %, 21532 MiB, 24564 MiB, 2655 MHz, 10251 MHz
2026/09/13 11:23:59.900, NVIDIA GeForce RTX 4090, GPU-457328ff-6f8e-1f53-8cc3-68ae75d90604, 595.91.07, P2, 51, 294.63 W, 100 %, 100 %, 21532 MiB, 24564 MiB, 2655 MHz, 10251 MHz
2026/09/13 11:24:00.903, NVIDIA GeForce RTX 4090, GPU-457328ff-6f8e-1f53-8cc3-68ae75d90604, 595.91.07, P2, 52, 294.71 W, 100 %, 100 %, 21532 MiB, 24564 MiB, 2655 MHz, 10251 MHz
2026/09/13 11:24:01.906, NVIDIA GeForce RTX 4090, GPU-457328ff-6f8e-1f53-8cc3-68ae75d90604, 595.91.07, P2, 52, 294.52 W, 100 %, 100 %, 21532 MiB, 24564 MiB, 2655 MHz, 10251 MHz
2026/09/13 11:24:02.908, NVIDIA GeForce RTX 4090, GPU-457328ff-6f8e-1f53-8cc3-68ae75d90604, 595.91.07, P2, 52, 294.49 W, 100 %, 100 %, 21532 MiB, 24564 MiB, 2655 MHz, 10251 MHz
2026/09/13 11:24:03.909, NVIDIA GeForce RTX 4090, GPU-457328ff-6f8e-1f53-8cc3-68ae75d90604, 595.91.07, P2, 52, 294.38 W, 100 %, 100 %, 21532 MiB, 24564 MiB, 2655 MHz, 10251 MHz
2026/09/13 11:24:04.912, NVIDIA GeForce RTX 4090, GPU-457328ff-6f8e-1f53-8cc3-68ae75d90604, 595.91.07, P2, 52, 294.62 W, 100 %, 100 %, 21532 MiB, 24564 MiB, 2655 MHz, 10251 MHz
2026/09/13 11:24:05.914, NVIDIA GeForce RTX 4090, GPU-457328ff-6f8e-1f53-8cc3-68ae75d90604, 595.91.07, P2, 52, 287.96 W, 100 %, 100 %, 21532 MiB, 24564 MiB, 2655 MHz, 10251 MHz
2026/09/13 11:24:06.917, NVIDIA GeForce RTX 4090, GPU-457328ff-6f8e-1f53-8cc3-68ae75d90604, 595.91.07, P2, 52, 295.79 W, 100 %, 100 %, 21532 MiB, 24564 MiB, 2655 MHz, 10251 MHz
2026/09/13 11:24:07.920, NVIDIA GeForce RTX 4090, GPU-457328ff-6f8e-1f53-8cc3-68ae75d90604, 595.91.07, P2, 52, 295.66 W, 100 %, 100 %, 21532 MiB, 24564 MiB, 2655 MHz, 10251 MHz
2026/09/13 11:24:08.922, NVIDIA GeForce RTX 4090, GPU-457328ff-6f8e-1f53-8cc3-68ae75d90604, 595.91.07, P2, 52, 295.00 W, 100 %, 100 %, 21532 MiB, 24564 MiB, 2655 MHz, 10251 MHz
2026/09/13 11:24:09.925, NVIDIA GeForce RTX 4090, GPU-457328ff-6f8e-1f53-8cc3-68ae75d90604, 595.91.07, P2, 52, 294.44 W, 100 %, 100 %, 21532 MiB, 24564 MiB, 2655 MHz, 10251 MHz
2026/09/13 11:24:10.927, NVIDIA GeForce RTX 4090, GPU-457328ff-6f8e-1f53-8cc3-68ae75d90604, 595.91.07, P2, 52, 294.70 W, 100 %, 100 %, 21532 MiB, 24564 MiB, 2655 MHz, 10251 MHz
2026/09/13 11:24:11.930, NVIDIA GeForce RTX 4090, GPU-457328ff-6f8e-1f53-8cc3-68ae75d90604, 595.91.07, P2, 52, 294.43 W, 100 %, 100 %, 21532 MiB, 24564 MiB, 2655 MHz, 10251 MHz
2026/09/13 11:24:12.933, NVIDIA GeForce RTX 4090, GPU-457328ff-6f8e-1f53-8cc3-68ae75d90604, 595.91.07, P2, 52, 294.37 W, 100 %, 100 %, 21532 MiB, 24564 MiB, 2655 MHz, 10251 MHz
2026/09/13 11:24:13.936, NVIDIA GeForce RTX 4090, GPU-457328ff-6f8e-1f53-8cc3-68ae75d90604, 595.91.07, P2, 52, 295.06 W, 100 %, 100 %, 21532 MiB, 24564 MiB, 2655 MHz, 10251 MHz
2026/09/13 11:24:14.939, NVIDIA GeForce RTX 4090, GPU-457328ff-6f8e-1f53-8cc3-68ae75d90604, 595.91.07, P2, 52, 294.76 W, 100 %, 100 %, 21532 MiB, 24564 MiB, 2655 MHz, 10251 MHz
2026/09/13 11:24:15.941, NVIDIA GeForce RTX 4090, GPU-457328ff-6f8e-1f53-8cc3-68ae75d90604, 595.91.07, P2, 52, 294.61 W, 100 %, 100 %, 21532 MiB, 24564 MiB, 2655 MHz, 10251 MHz
2026/09/13 11:24:16.944, NVIDIA GeForce RTX 4090, GPU-457328ff-6f8e-1f53-8cc3-68ae75d90604, 595.91.07, P2, 52, 294.40 W, 100 %, 100 %, 21532 MiB, 24564 MiB, 2655 MHz, 10251 MHz
2026/09/13 11:24:17.947, NVIDIA GeForce RTX 4090, GPU-457328ff-6f8e-1f53-8cc3-68ae75d90604, 595.91.07, P2, 52, 294.35 W, 100 %, 100 %, 21532 MiB, 24564 MiB, 2655 MHz, 10251 MHz
2026/09/13 11:24:18.949, NVIDIA GeForce RTX 4090, GPU-457328ff-6f8e-1f53-8cc3-68ae75d90604, 595.91.07, P2, 52, 294.57 W, 100 %, 100 %, 21532 MiB, 24564 MiB, 2655 MHz, 10251 MHz
2026/09/13 11:24:19.952, NVIDIA GeForce RTX 4090, GPU-457328ff-6f8e-1f53-8cc3-68ae75d90604, 595.91.07, P2, 52, 294.81 W, 100 %, 100 %, 21532 MiB, 24564 MiB, 2655 MHz, 10251 MHz
2026/09/13 11:24:20.954, NVIDIA GeForce RTX 4090, GPU-457328ff-6f8e-1f53-8cc3-68ae75d90604, 595.91.07, P2, 52, 294.42 W, 100 %, 100 %, 21532 MiB, 24564 MiB, 2655 MHz, 10251 MHz
2026/09/13 11:24:21.957, NVIDIA GeForce RTX 4090, GPU-457328ff-6f8e-1f53-8cc3-68ae75d90604, 595.91.07, P2, 52, 294.55 W, 100 %, 100 %, 21532 MiB, 24564 MiB, 2655 MHz, 10251 MHz
2026/09/13 11:24:22.959, NVIDIA GeForce RTX 4090, GPU-457328ff-6f8e-1f53-8cc3-68ae75d90604, 595.91.07, P2, 52, 294.48 W, 100 %, 100 %, 21532 MiB, 24564 MiB, 2655 MHz, 10251 MHz
2026/09/13 11:24:23.962, NVIDIA GeForce RTX 4090, GPU-457328ff-6f8e-1f53-8cc3-68ae75d90604, 595.91.07, P2, 52, 294.12 W, 100 %, 100 %, 21532 MiB, 24564 MiB, 2655 MHz, 10251 MHz
2026/09/13 11:24:24.965, NVIDIA GeForce RTX 4090, GPU-457328ff-6f8e-1f53-8cc3-68ae75d90604, 595.91.07, P2, 52, 294.18 W, 100 %, 100 %, 21532 MiB, 24564 MiB, 2655 MHz, 10251 MHz
2026/09/13 11:24:25.968, NVIDIA GeForce RTX 4090, GPU-457328ff-6f8e-1f53-8cc3-68ae75d90604, 595.91.07, P2, 52, 285.25 W, 100 %, 100 %, 21532 MiB, 24564 MiB, 2655 MHz, 10251 MHz
2026/09/13 11:24:26.970, NVIDIA GeForce RTX 4090, GPU-457328ff-6f8e-1f53-8cc3-68ae75d90604, 595.91.07, P2, 53, 296.26 W, 100 %, 100 %, 21532 MiB, 24564 MiB, 2655 MHz, 10251 MHz
2026/09/13 11:24:27.972, NVIDIA GeForce RTX 4090, GPU-457328ff-6f8e-1f53-8cc3-68ae75d90604, 595.91.07, P2, 53, 296.22 W, 100 %, 100 %, 21532 MiB, 24564 MiB, 2655 MHz, 10251 MHz
2026/09/13 11:24:28.974, NVIDIA GeForce RTX 4090, GPU-457328ff-6f8e-1f53-8cc3-68ae75d90604, 595.91.07, P2, 53, 295.95 W, 100 %, 100 %, 21532 MiB, 24564 MiB, 2655 MHz, 10251 MHz
2026/09/13 11:24:29.977, NVIDIA GeForce RTX 4090, GPU-457328ff-6f8e-1f53-8cc3-68ae75d90604, 595.91.07, P2, 53, 295.95 W, 100 %, 100 %, 21532 MiB, 24564 MiB, 2655 MHz, 10251 MHz
2026/09/13 11:24:30.979, NVIDIA GeForce RTX 4090, GPU-457328ff-6f8e-1f53-8cc3-68ae75d90604, 595.91.07, P2, 53, 295.55 W, 100 %, 100 %, 21532 MiB, 24564 MiB, 2655 MHz, 10251 MHz
2026/09/13 11:24:31.982, NVIDIA GeForce RTX 4090, GPU-457328ff-6f8e-1f53-8cc3-68ae75d90604, 595.91.07, P2, 53, 295.20 W, 100 %, 100 %, 21532 MiB, 24564 MiB, 2640 MHz, 10251 MHz
2026/09/13 11:24:32.984, NVIDIA GeForce RTX 4090, GPU-457328ff-6f8e-1f53-8cc3-68ae75d90604, 595.91.07, P2, 53, 295.06 W, 100 %, 100 %, 21532 MiB, 24564 MiB, 2640 MHz, 10251 MHz
2026/09/13 11:24:33.986, NVIDIA GeForce RTX 4090, GPU-457328ff-6f8e-1f53-8cc3-68ae75d90604, 595.91.07, P2, 53, 289.30 W, 100 %, 100 %, 21532 MiB, 24564 MiB, 2640 MHz, 10251 MHz
2026/09/13 11:24:34.988, NVIDIA GeForce RTX 4090, GPU-457328ff-6f8e-1f53-8cc3-68ae75d90604, 595.91.07, P2, 53, 295.94 W, 100 %, 100 %, 21532 MiB, 24564 MiB, 2640 MHz, 10251 MHz
2026/09/13 11:24:35.991, NVIDIA GeForce RTX 4090, GPU-457328ff-6f8e-1f53-8cc3-68ae75d90604, 595.91.07, P2, 53, 295.74 W, 100 %, 100 %, 21532 MiB, 24564 MiB, 2640 MHz, 10251 MHz
2026/09/13 11:24:36.993, NVIDIA GeForce RTX 4090, GPU-457328ff-6f8e-1f53-8cc3-68ae75d90604, 595.91.07, P2, 53, 295.99 W, 100 %, 100 %, 21532 MiB, 24564 MiB, 2640 MHz, 10251 MHz
2026/09/13 11:24:37.996, NVIDIA GeForce RTX 4090, GPU-457328ff-6f8e-1f53-8cc3-68ae75d90604, 595.91.07, P2, 53, 295.94 W, 100 %, 100 %, 21532 MiB, 24564 MiB, 2640 MHz, 10251 MHz
2026/09/13 11:24:38.998, NVIDIA GeForce RTX 4090, GPU-457328ff-6f8e-1f53-8cc3-68ae75d90604, 595.91.07, P2, 53, 295.27 W, 100 %, 100 %, 21532 MiB, 24564 MiB, 2640 MHz, 10251 MHz
2026/09/13 11:24:39.999, NVIDIA GeForce RTX 4090, GPU-457328ff-6f8e-1f53-8cc3-68ae75d90604, 595.91.07, P2, 53, 294.97 W, 100 %, 100 %, 21532 MiB, 24564 MiB, 2640 MHz, 10251 MHz
2026/09/13 11:24:41.001, NVIDIA GeForce RTX 4090, GPU-457328ff-6f8e-1f53-8cc3-68ae75d90604, 595.91.07, P2, 53, 295.06 W, 100 %, 100 %, 21532 MiB, 24564 MiB, 2640 MHz, 10251 MHz
2026/09/13 11:24:42.003, NVIDIA GeForce RTX 4090, GPU-457328ff-6f8e-1f53-8cc3-68ae75d90604, 595.91.07, P2, 53, 294.72 W, 100 %, 100 %, 21532 MiB, 24564 MiB, 2640 MHz, 10251 MHz
2026/09/13 11:24:43.006, NVIDIA GeForce RTX 4090, GPU-457328ff-6f8e-1f53-8cc3-68ae75d90604, 595.91.07, P2, 53, 294.18 W, 100 %, 100 %, 21532 MiB, 24564 MiB, 2640 MHz, 10251 MHz
2026/09/13 11:24:44.008, NVIDIA GeForce RTX 4090, GPU-457328ff-6f8e-1f53-8cc3-68ae75d90604, 595.91.07, P2, 53, 294.31 W, 100 %, 100 %, 21532 MiB, 24564 MiB, 2640 MHz, 10251 MHz
2026/09/13 11:24:45.010, NVIDIA GeForce RTX 4090, GPU-457328ff-6f8e-1f53-8cc3-68ae75d90604, 595.91.07, P2, 53, 294.48 W, 100 %, 100 %, 21532 MiB, 24564 MiB, 2640 MHz, 10251 MHz
2026/09/13 11:24:46.013, NVIDIA GeForce RTX 4090, GPU-457328ff-6f8e-1f53-8cc3-68ae75d90604, 595.91.07, P2, 53, 294.02 W, 100 %, 100 %, 21532 MiB, 24564 MiB, 2640 MHz, 10251 MHz
2026/09/13 11:24:47.015, NVIDIA GeForce RTX 4090, GPU-457328ff-6f8e-1f53-8cc3-68ae75d90604, 595.91.07, P2, 53, 293.80 W, 100 %, 100 %, 21532 MiB, 24564 MiB, 2640 MHz, 10251 MHz
2026/09/13 11:24:48.017, NVIDIA GeForce RTX 4090, GPU-457328ff-6f8e-1f53-8cc3-68ae75d90604, 595.91.07, P2, 53, 293.86 W, 100 %, 100 %, 21532 MiB, 24564 MiB, 2640 MHz, 10251 MHz
2026/09/13 11:24:49.019, NVIDIA GeForce RTX 4090, GPU-457328ff-6f8e-1f53-8cc3-68ae75d90604, 595.91.07, P2, 53, 285.52 W, 100 %, 100 %, 21532 MiB, 24564 MiB, 2640 MHz, 10251 MHz
2026/09/13 11:24:50.021, NVIDIA GeForce RTX 4090, GPU-457328ff-6f8e-1f53-8cc3-68ae75d90604, 595.91.07, P2, 53, 295.47 W, 100 %, 100 %, 21532 MiB, 24564 MiB, 2640 MHz, 10251 MHz
2026/09/13 11:24:51.023, NVIDIA GeForce RTX 4090, GPU-457328ff-6f8e-1f53-8cc3-68ae75d90604, 595.91.07, P2, 53, 295.33 W, 100 %, 100 %, 21532 MiB, 24564 MiB, 2640 MHz, 10251 MHz
2026/09/13 11:24:52.026, NVIDIA GeForce RTX 4090, GPU-457328ff-6f8e-1f53-8cc3-68ae75d90604, 595.91.07, P2, 53, 295.48 W, 100 %, 100 %, 21532 MiB, 24564 MiB, 2640 MHz, 10251 MHz
2026/09/13 11:24:53.028, NVIDIA GeForce RTX 4090, GPU-457328ff-6f8e-1f53-8cc3-68ae75d90604, 595.91.07, P2, 53, 295.38 W, 100 %, 100 %, 21532 MiB, 24564 MiB, 2640 MHz, 10251 MHz
2026/09/13 11:24:54.030, NVIDIA GeForce RTX 4090, GPU-457328ff-6f8e-1f53-8cc3-68ae75d90604, 595.91.07, P2, 54, 295.20 W, 100 %, 100 %, 21532 MiB, 24564 MiB, 2640 MHz, 10251 MHz
2026/09/13 11:24:55.032, NVIDIA GeForce RTX 4090, GPU-457328ff-6f8e-1f53-8cc3-68ae75d90604, 595.91.07, P2, 54, 294.97 W, 100 %, 100 %, 21532 MiB, 24564 MiB, 2640 MHz, 10251 MHz
2026/09/13 11:24:56.034, NVIDIA GeForce RTX 4090, GPU-457328ff-6f8e-1f53-8cc3-68ae75d90604, 595.91.07, P2, 54, 294.99 W, 100 %, 100 %, 21532 MiB, 24564 MiB, 2640 MHz, 10251 MHz
2026/09/13 11:24:57.037, NVIDIA GeForce RTX 4090, GPU-457328ff-6f8e-1f53-8cc3-68ae75d90604, 595.91.07, P2, 54, 295.21 W, 100 %, 100 %, 21532 MiB, 24564 MiB, 2640 MHz, 10251 MHz
2026/09/13 11:24:58.039, NVIDIA GeForce RTX 4090, GPU-457328ff-6f8e-1f53-8cc3-68ae75d90604, 595.91.07, P2, 54, 295.19 W, 100 %, 100 %, 21532 MiB, 24564 MiB, 2640 MHz, 10251 MHz
2026/09/13 11:24:59.041, NVIDIA GeForce RTX 4090, GPU-457328ff-6f8e-1f53-8cc3-68ae75d90604, 595.91.07, P2, 54, 295.42 W, 100 %, 100 %, 21532 MiB, 24564 MiB, 2640 MHz, 10251 MHz
2026/09/13 11:25:00.043, NVIDIA GeForce RTX 4090, GPU-457328ff-6f8e-1f53-8cc3-68ae75d90604, 595.91.07, P2, 54, 295.35 W, 100 %, 100 %, 21532 MiB, 24564 MiB, 2640 MHz, 10251 MHz
2026/09/13 11:25:01.045, NVIDIA GeForce RTX 4090, GPU-457328ff-6f8e-1f53-8cc3-68ae75d90604, 595.91.07, P2, 54, 288.65 W, 100 %, 100 %, 21532 MiB, 24564 MiB, 2640 MHz, 10251 MHz
2026/09/13 11:25:02.047, NVIDIA GeForce RTX 4090, GPU-457328ff-6f8e-1f53-8cc3-68ae75d90604, 595.91.07, P2, 54, 296.73 W, 100 %, 100 %, 21532 MiB, 24564 MiB, 2640 MHz, 10251 MHz
2026/09/13 11:25:03.050, NVIDIA GeForce RTX 4090, GPU-457328ff-6f8e-1f53-8cc3-68ae75d90604, 595.91.07, P2, 54, 296.29 W, 100 %, 100 %, 21532 MiB, 24564 MiB, 2640 MHz, 10251 MHz
2026/09/13 11:25:04.051, NVIDIA GeForce RTX 4090, GPU-457328ff-6f8e-1f53-8cc3-68ae75d90604, 595.91.07, P2, 54, 296.14 W, 100 %, 100 %, 21532 MiB, 24564 MiB, 2640 MHz, 10251 MHz
2026/09/13 11:25:05.053, NVIDIA GeForce RTX 4090, GPU-457328ff-6f8e-1f53-8cc3-68ae75d90604, 595.91.07, P2, 54, 295.70 W, 100 %, 100 %, 21532 MiB, 24564 MiB, 2640 MHz, 10251 MHz
2026/09/13 11:25:06.056, NVIDIA GeForce RTX 4090, GPU-457328ff-6f8e-1f53-8cc3-68ae75d90604, 595.91.07, P2, 54, 295.90 W, 100 %, 100 %, 21532 MiB, 24564 MiB, 2640 MHz, 10251 MHz
2026/09/13 11:25:07.058, NVIDIA GeForce RTX 4090, GPU-457328ff-6f8e-1f53-8cc3-68ae75d90604, 595.91.07, P2, 54, 296.00 W, 100 %, 100 %, 21532 MiB, 24564 MiB, 2640 MHz, 10251 MHz
2026/09/13 11:25:08.061, NVIDIA GeForce RTX 4090, GPU-457328ff-6f8e-1f53-8cc3-68ae75d90604, 595.91.07, P2, 54, 296.16 W, 100 %, 100 %, 21532 MiB, 24564 MiB, 2640 MHz, 10251 MHz
2026/09/13 11:25:09.063, NVIDIA GeForce RTX 4090, GPU-457328ff-6f8e-1f53-8cc3-68ae75d90604, 595.91.07, P2, 54, 295.95 W, 100 %, 100 %, 21532 MiB, 24564 MiB, 2640 MHz, 10251 MHz
2026/09/13 11:25:10.065, NVIDIA GeForce RTX 4090, GPU-457328ff-6f8e-1f53-8cc3-68ae75d90604, 595.91.07, P2, 54, 295.71 W, 100 %, 100 %, 21532 MiB, 24564 MiB, 2640 MHz, 10251 MHz
2026/09/13 11:25:11.068, NVIDIA GeForce RTX 4090, GPU-457328ff-6f8e-1f53-8cc3-68ae75d90604, 595.91.07, P2, 54, 295.39 W, 100 %, 100 %, 21532 MiB, 24564 MiB, 2640 MHz, 10251 MHz
2026/09/13 11:25:12.071, NVIDIA GeForce RTX 4090, GPU-457328ff-6f8e-1f53-8cc3-68ae75d90604, 595.91.07, P2, 54, 295.42 W, 100 %, 100 %, 21532 MiB, 24564 MiB, 2640 MHz, 10251 MHz
2026/09/13 11:25:13.073, NVIDIA GeForce RTX 4090, GPU-457328ff-6f8e-1f53-8cc3-68ae75d90604, 595.91.07, P2, 54, 295.85 W, 100 %, 100 %, 21532 MiB, 24564 MiB, 2640 MHz, 10251 MHz
2026/09/13 11:25:14.075, NVIDIA GeForce RTX 4090, GPU-457328ff-6f8e-1f53-8cc3-68ae75d90604, 595.91.07, P2, 54, 295.35 W, 100 %, 100 %, 21532 MiB, 24564 MiB, 2640 MHz, 10251 MHz
2026/09/13 11:25:15.078, NVIDIA GeForce RTX 4090, GPU-457328ff-6f8e-1f53-8cc3-68ae75d90604, 595.91.07, P2, 54, 295.33 W, 100 %, 100 %, 21532 MiB, 24564 MiB, 2640 MHz, 10251 MHz
2026/09/13 11:25:16.080, NVIDIA GeForce RTX 4090, GPU-457328ff-6f8e-1f53-8cc3-68ae75d90604, 595.91.07, P2, 54, 295.44 W, 100 %, 100 %, 21532 MiB, 24564 MiB, 2640 MHz, 10251 MHz
2026/09/13 11:25:17.083, NVIDIA GeForce RTX 4090, GPU-457328ff-6f8e-1f53-8cc3-68ae75d90604, 595.91.07, P2, 54, 295.42 W, 100 %, 100 %, 21532 MiB, 24564 MiB, 2640 MHz, 10251 MHz
2026/09/13 11:25:18.085, NVIDIA GeForce RTX 4090, GPU-457328ff-6f8e-1f53-8cc3-68ae75d90604, 595.91.07, P2, 54, 295.20 W, 100 %, 100 %, 21532 MiB, 24564 MiB, 2640 MHz, 10251 MHz
2026/09/13 11:25:19.091, NVIDIA GeForce RTX 4090, GPU-457328ff-6f8e-1f53-8cc3-68ae75d90604, 595.91.07, P2, 54, 295.62 W, 100 %, 100 %, 21532 MiB, 24564 MiB, 2640 MHz, 10251 MHz
2026/09/13 11:25:20.094, NVIDIA GeForce RTX 4090, GPU-457328ff-6f8e-1f53-8cc3-68ae75d90604, 595.91.07, P2, 55, 295.87 W, 100 %, 100 %, 21532 MiB, 24564 MiB, 2640 MHz, 10251 MHz
2026/09/13 11:25:21.097, NVIDIA GeForce RTX 4090, GPU-457328ff-6f8e-1f53-8cc3-68ae75d90604, 595.91.07, P2, 54, 284.84 W, 100 %, 100 %, 21532 MiB, 24564 MiB, 2640 MHz, 10251 MHz
2026/09/13 11:25:22.100, NVIDIA GeForce RTX 4090, GPU-457328ff-6f8e-1f53-8cc3-68ae75d90604, 595.91.07, P2, 55, 297.37 W, 100 %, 100 %, 21532 MiB, 24564 MiB, 2640 MHz, 10251 MHz
2026/09/13 11:25:23.102, NVIDIA GeForce RTX 4090, GPU-457328ff-6f8e-1f53-8cc3-68ae75d90604, 595.91.07, P2, 55, 297.80 W, 100 %, 100 %, 21532 MiB, 24564 MiB, 2640 MHz, 10251 MHz
2026/09/13 11:25:24.105, NVIDIA GeForce RTX 4090, GPU-457328ff-6f8e-1f53-8cc3-68ae75d90604, 595.91.07, P2, 55, 298.01 W, 100 %, 100 %, 21532 MiB, 24564 MiB, 2640 MHz, 10251 MHz
2026/09/13 11:25:25.107, NVIDIA GeForce RTX 4090, GPU-457328ff-6f8e-1f53-8cc3-68ae75d90604, 595.91.07, P2, 55, 297.68 W, 100 %, 100 %, 21532 MiB, 24564 MiB, 2640 MHz, 10251 MHz
2026/09/13 11:25:26.110, NVIDIA GeForce RTX 4090, GPU-457328ff-6f8e-1f53-8cc3-68ae75d90604, 595.91.07, P2, 55, 297.18 W, 100 %, 100 %, 21532 MiB, 24564 MiB, 2640 MHz, 10251 MHz
2026/09/13 11:25:27.113, NVIDIA GeForce RTX 4090, GPU-457328ff-6f8e-1f53-8cc3-68ae75d90604, 595.91.07, P2, 55, 296.60 W, 100 %, 100 %, 21532 MiB, 24564 MiB, 2640 MHz, 10251 MHz
2026/09/13 11:25:28.115, NVIDIA GeForce RTX 4090, GPU-457328ff-6f8e-1f53-8cc3-68ae75d90604, 595.91.07, P2, 55, 296.79 W, 100 %, 100 %, 21532 MiB, 24564 MiB, 2640 MHz, 10251 MHz
2026/09/13 11:25:29.119, NVIDIA GeForce RTX 4090, GPU-457328ff-6f8e-1f53-8cc3-68ae75d90604, 595.91.07, P2, 55, 296.72 W, 100 %, 100 %, 21532 MiB, 24564 MiB, 2640 MHz, 10251 MHz
2026/09/13 11:25:30.122, NVIDIA GeForce RTX 4090, GPU-457328ff-6f8e-1f53-8cc3-68ae75d90604, 595.91.07, P2, 55, 296.65 W, 100 %, 100 %, 21532 MiB, 24564 MiB, 2640 MHz, 10251 MHz
2026/09/13 11:25:31.124, NVIDIA GeForce RTX 4090, GPU-457328ff-6f8e-1f53-8cc3-68ae75d90604, 595.91.07, P2, 55, 296.67 W, 100 %, 100 %, 21532 MiB, 24564 MiB, 2640 MHz, 10251 MHz
2026/09/13 11:25:32.126, NVIDIA GeForce RTX 4090, GPU-457328ff-6f8e-1f53-8cc3-68ae75d90604, 595.91.07, P2, 55, 296.51 W, 100 %, 100 %, 21532 MiB, 24564 MiB, 2640 MHz, 10251 MHz
2026/09/13 11:25:33.128, NVIDIA GeForce RTX 4090, GPU-457328ff-6f8e-1f53-8cc3-68ae75d90604, 595.91.07, P2, 55, 295.94 W, 100 %, 100 %, 21532 MiB, 24564 MiB, 2640 MHz, 10251 MHz
2026/09/13 11:25:34.131, NVIDIA GeForce RTX 4090, GPU-457328ff-6f8e-1f53-8cc3-68ae75d90604, 595.91.07, P2, 55, 295.62 W, 100 %, 100 %, 21532 MiB, 24564 MiB, 2640 MHz, 10251 MHz
2026/09/13 11:25:35.133, NVIDIA GeForce RTX 4090, GPU-457328ff-6f8e-1f53-8cc3-68ae75d90604, 595.91.07, P2, 55, 295.41 W, 100 %, 100 %, 21532 MiB, 24564 MiB, 2640 MHz, 10251 MHz
2026/09/13 11:25:36.135, NVIDIA GeForce RTX 4090, GPU-457328ff-6f8e-1f53-8cc3-68ae75d90604, 595.91.07, P2, 55, 295.57 W, 100 %, 100 %, 21532 MiB, 24564 MiB, 2640 MHz, 10251 MHz
2026/09/13 11:25:37.137, NVIDIA GeForce RTX 4090, GPU-457328ff-6f8e-1f53-8cc3-68ae75d90604, 595.91.07, P2, 55, 286.89 W, 100 %, 100 %, 21532 MiB, 24564 MiB, 2640 MHz, 10251 MHz
2026/09/13 11:25:38.139, NVIDIA GeForce RTX 4090, GPU-457328ff-6f8e-1f53-8cc3-68ae75d90604, 595.91.07, P2, 55, 297.27 W, 100 %, 100 %, 21532 MiB, 24564 MiB, 2640 MHz, 10251 MHz
2026/09/13 11:25:39.142, NVIDIA GeForce RTX 4090, GPU-457328ff-6f8e-1f53-8cc3-68ae75d90604, 595.91.07, P2, 55, 297.59 W, 100 %, 100 %, 21532 MiB, 24564 MiB, 2640 MHz, 10251 MHz
2026/09/13 11:25:40.143, NVIDIA GeForce RTX 4090, GPU-457328ff-6f8e-1f53-8cc3-68ae75d90604, 595.91.07, P2, 55, 297.76 W, 100 %, 100 %, 21532 MiB, 24564 MiB, 2640 MHz, 10251 MHz
2026/09/13 11:25:41.145, NVIDIA GeForce RTX 4090, GPU-457328ff-6f8e-1f53-8cc3-68ae75d90604, 595.91.07, P2, 55, 297.64 W, 100 %, 100 %, 21532 MiB, 24564 MiB, 2640 MHz, 10251 MHz
2026/09/13 11:25:42.147, NVIDIA GeForce RTX 4090, GPU-457328ff-6f8e-1f53-8cc3-68ae75d90604, 595.91.07, P2, 55, 297.28 W, 100 %, 100 %, 21532 MiB, 24564 MiB, 2640 MHz, 10251 MHz
2026/09/13 11:25:43.149, NVIDIA GeForce RTX 4090, GPU-457328ff-6f8e-1f53-8cc3-68ae75d90604, 595.91.07, P2, 55, 296.75 W, 100 %, 100 %, 21532 MiB, 24564 MiB, 2640 MHz, 10251 MHz
2026/09/13 11:25:44.151, NVIDIA GeForce RTX 4090, GPU-457328ff-6f8e-1f53-8cc3-68ae75d90604, 595.91.07, P2, 55, 296.32 W, 100 %, 100 %, 21532 MiB, 24564 MiB, 2640 MHz, 10251 MHz
2026/09/13 11:25:45.153, NVIDIA GeForce RTX 4090, GPU-457328ff-6f8e-1f53-8cc3-68ae75d90604, 595.91.07, P2, 55, 296.01 W, 100 %, 100 %, 21532 MiB, 24564 MiB, 2640 MHz, 10251 MHz
2026/09/13 11:25:46.155, NVIDIA GeForce RTX 4090, GPU-457328ff-6f8e-1f53-8cc3-68ae75d90604, 595.91.07, P2, 55, 296.10 W, 100 %, 100 %, 21532 MiB, 24564 MiB, 2640 MHz, 10251 MHz
2026/09/13 11:25:47.158, NVIDIA GeForce RTX 4090, GPU-457328ff-6f8e-1f53-8cc3-68ae75d90604, 595.91.07, P2, 55, 296.06 W, 100 %, 100 %, 21532 MiB, 24564 MiB, 2640 MHz, 10251 MHz
2026/09/13 11:25:48.160, NVIDIA GeForce RTX 4090, GPU-457328ff-6f8e-1f53-8cc3-68ae75d90604, 595.91.07, P2, 55, 296.13 W, 100 %, 100 %, 21532 MiB, 24564 MiB, 2640 MHz, 10251 MHz
2026/09/13 11:25:49.162, NVIDIA GeForce RTX 4090, GPU-457328ff-6f8e-1f53-8cc3-68ae75d90604, 595.91.07, P2, 55, 296.18 W, 100 %, 100 %, 21532 MiB, 24564 MiB, 2640 MHz, 10251 MHz
2026/09/13 11:25:50.165, NVIDIA GeForce RTX 4090, GPU-457328ff-6f8e-1f53-8cc3-68ae75d90604, 595.91.07, P2, 55, 287.02 W, 100 %, 100 %, 21532 MiB, 24564 MiB, 2640 MHz, 10251 MHz
2026/09/13 11:25:51.167, NVIDIA GeForce RTX 4090, GPU-457328ff-6f8e-1f53-8cc3-68ae75d90604, 595.91.07, P2, 56, 297.64 W, 100 %, 100 %, 21532 MiB, 24564 MiB, 2640 MHz, 10251 MHz
2026/09/13 11:25:52.169, NVIDIA GeForce RTX 4090, GPU-457328ff-6f8e-1f53-8cc3-68ae75d90604, 595.91.07, P2, 56, 297.93 W, 100 %, 100 %, 21532 MiB, 24564 MiB, 2640 MHz, 10251 MHz
2026/09/13 11:25:53.171, NVIDIA GeForce RTX 4090, GPU-457328ff-6f8e-1f53-8cc3-68ae75d90604, 595.91.07, P2, 56, 297.73 W, 100 %, 100 %, 21532 MiB, 24564 MiB, 2640 MHz, 10251 MHz
2026/09/13 11:25:54.174, NVIDIA GeForce RTX 4090, GPU-457328ff-6f8e-1f53-8cc3-68ae75d90604, 595.91.07, P2, 56, 297.39 W, 100 %, 100 %, 21532 MiB, 24564 MiB, 2640 MHz, 10251 MHz
2026/09/13 11:25:55.175, NVIDIA GeForce RTX 4090, GPU-457328ff-6f8e-1f53-8cc3-68ae75d90604, 595.91.07, P2, 56, 297.10 W, 100 %, 100 %, 21532 MiB, 24564 MiB, 2640 MHz, 10251 MHz
2026/09/13 11:25:56.177, NVIDIA GeForce RTX 4090, GPU-457328ff-6f8e-1f53-8cc3-68ae75d90604, 595.91.07, P2, 56, 297.37 W, 100 %, 100 %, 21532 MiB, 24564 MiB, 2640 MHz, 10251 MHz
2026/09/13 11:25:57.179, NVIDIA GeForce RTX 4090, GPU-457328ff-6f8e-1f53-8cc3-68ae75d90604, 595.91.07, P2, 56, 297.32 W, 100 %, 100 %, 21532 MiB, 24564 MiB, 2640 MHz, 10251 MHz
2026/09/13 11:25:58.181, NVIDIA GeForce RTX 4090, GPU-457328ff-6f8e-1f53-8cc3-68ae75d90604, 595.91.07, P2, 56, 297.18 W, 100 %, 100 %, 21532 MiB, 24564 MiB, 2640 MHz, 10251 MHz
2026/09/13 11:25:59.183, NVIDIA GeForce RTX 4090, GPU-457328ff-6f8e-1f53-8cc3-68ae75d90604, 595.91.07, P2, 56, 296.82 W, 100 %, 100 %, 21532 MiB, 24564 MiB, 2640 MHz, 10251 MHz
2026/09/13 11:26:00.185, NVIDIA GeForce RTX 4090, GPU-457328ff-6f8e-1f53-8cc3-68ae75d90604, 595.91.07, P2, 56, 296.90 W, 100 %, 100 %, 21532 MiB, 24564 MiB, 2640 MHz, 10251 MHz
2026/09/13 11:26:01.187, NVIDIA GeForce RTX 4090, GPU-457328ff-6f8e-1f53-8cc3-68ae75d90604, 595.91.07, P2, 56, 296.88 W, 100 %, 100 %, 21532 MiB, 24564 MiB, 2640 MHz, 10251 MHz
2026/09/13 11:26:02.189, NVIDIA GeForce RTX 4090, GPU-457328ff-6f8e-1f53-8cc3-68ae75d90604, 595.91.07, P2, 56, 296.40 W, 100 %, 100 %, 21532 MiB, 24564 MiB, 2640 MHz, 10251 MHz
2026/09/13 11:26:03.191, NVIDIA GeForce RTX 4090, GPU-457328ff-6f8e-1f53-8cc3-68ae75d90604, 595.91.07, P2, 56, 296.38 W, 100 %, 100 %, 21532 MiB, 24564 MiB, 2640 MHz, 10251 MHz
2026/09/13 11:26:04.193, NVIDIA GeForce RTX 4090, GPU-457328ff-6f8e-1f53-8cc3-68ae75d90604, 595.91.07, P2, 56, 296.47 W, 100 %, 100 %, 21532 MiB, 24564 MiB, 2640 MHz, 10251 MHz
2026/09/13 11:26:05.194, NVIDIA GeForce RTX 4090, GPU-457328ff-6f8e-1f53-8cc3-68ae75d90604, 595.91.07, P2, 56, 296.65 W, 100 %, 100 %, 21532 MiB, 24564 MiB, 2640 MHz, 10251 MHz
2026/09/13 11:26:06.196, NVIDIA GeForce RTX 4090, GPU-457328ff-6f8e-1f53-8cc3-68ae75d90604, 595.91.07, P2, 56, 296.64 W, 100 %, 100 %, 21532 MiB, 24564 MiB, 2640 MHz, 10251 MHz
2026/09/13 11:26:07.198, NVIDIA GeForce RTX 4090, GPU-457328ff-6f8e-1f53-8cc3-68ae75d90604, 595.91.07, P2, 56, 296.45 W, 100 %, 100 %, 21532 MiB, 24564 MiB, 2640 MHz, 10251 MHz
2026/09/13 11:26:08.201, NVIDIA GeForce RTX 4090, GPU-457328ff-6f8e-1f53-8cc3-68ae75d90604, 595.91.07, P2, 56, 296.31 W, 100 %, 100 %, 21532 MiB, 24564 MiB, 2640 MHz, 10251 MHz
2026/09/13 11:26:09.203, NVIDIA GeForce RTX 4090, GPU-457328ff-6f8e-1f53-8cc3-68ae75d90604, 595.91.07, P2, 56, 292.67 W, 100 %, 100 %, 21532 MiB, 24564 MiB, 2640 MHz, 10251 MHz
2026/09/13 11:26:10.206, NVIDIA GeForce RTX 4090, GPU-457328ff-6f8e-1f53-8cc3-68ae75d90604, 595.91.07, P2, 56, 298.17 W, 100 %, 100 %, 21532 MiB, 24564 MiB, 2640 MHz, 10251 MHz
2026/09/13 11:26:11.207, NVIDIA GeForce RTX 4090, GPU-457328ff-6f8e-1f53-8cc3-68ae75d90604, 595.91.07, P2, 56, 297.76 W, 100 %, 100 %, 21532 MiB, 24564 MiB, 2640 MHz, 10251 MHz
2026/09/13 11:26:12.209, NVIDIA GeForce RTX 4090, GPU-457328ff-6f8e-1f53-8cc3-68ae75d90604, 595.91.07, P2, 56, 297.65 W, 100 %, 100 %, 21532 MiB, 24564 MiB, 2640 MHz, 10251 MHz
2026/09/13 11:26:13.212, NVIDIA GeForce RTX 4090, GPU-457328ff-6f8e-1f53-8cc3-68ae75d90604, 595.91.07, P2, 56, 297.67 W, 100 %, 100 %, 21532 MiB, 24564 MiB, 2640 MHz, 10251 MHz
2026/09/13 11:26:14.214, NVIDIA GeForce RTX 4090, GPU-457328ff-6f8e-1f53-8cc3-68ae75d90604, 595.91.07, P2, 56, 297.30 W, 100 %, 100 %, 21532 MiB, 24564 MiB, 2640 MHz, 10251 MHz
2026/09/13 11:26:15.216, NVIDIA GeForce RTX 4090, GPU-457328ff-6f8e-1f53-8cc3-68ae75d90604, 595.91.07, P2, 56, 297.56 W, 100 %, 100 %, 21532 MiB, 24564 MiB, 2640 MHz, 10251 MHz
2026/09/13 11:26:16.218, NVIDIA GeForce RTX 4090, GPU-457328ff-6f8e-1f53-8cc3-68ae75d90604, 595.91.07, P2, 55, 297.44 W, 100 %, 100 %, 21532 MiB, 24564 MiB, 2640 MHz, 10251 MHz
2026/09/13 11:26:17.221, NVIDIA GeForce RTX 4090, GPU-457328ff-6f8e-1f53-8cc3-68ae75d90604, 595.91.07, P2, 55, 296.72 W, 100 %, 100 %, 21532 MiB, 24564 MiB, 2640 MHz, 10251 MHz
2026/09/13 11:26:18.223, NVIDIA GeForce RTX 4090, GPU-457328ff-6f8e-1f53-8cc3-68ae75d90604, 595.91.07, P2, 55, 296.65 W, 100 %, 100 %, 21532 MiB, 24564 MiB, 2640 MHz, 10251 MHz
2026/09/13 11:26:19.225, NVIDIA GeForce RTX 4090, GPU-457328ff-6f8e-1f53-8cc3-68ae75d90604, 595.91.07, P2, 55, 296.84 W, 100 %, 100 %, 21532 MiB, 24564 MiB, 2640 MHz, 10251 MHz
2026/09/13 11:26:20.228, NVIDIA GeForce RTX 4090, GPU-457328ff-6f8e-1f53-8cc3-68ae75d90604, 595.91.07, P2, 55, 296.90 W, 100 %, 100 %, 21532 MiB, 24564 MiB, 2640 MHz, 10251 MHz
2026/09/13 11:26:21.230, NVIDIA GeForce RTX 4090, GPU-457328ff-6f8e-1f53-8cc3-68ae75d90604, 595.91.07, P2, 55, 297.06 W, 100 %, 100 %, 21532 MiB, 24564 MiB, 2640 MHz, 10251 MHz
2026/09/13 11:26:22.232, NVIDIA GeForce RTX 4090, GPU-457328ff-6f8e-1f53-8cc3-68ae75d90604, 595.91.07, P2, 55, 288.23 W, 100 %, 100 %, 21532 MiB, 24564 MiB, 2640 MHz, 10251 MHz
2026/09/13 11:26:23.234, NVIDIA GeForce RTX 4090, GPU-457328ff-6f8e-1f53-8cc3-68ae75d90604, 595.91.07, P2, 55, 297.40 W, 100 %, 100 %, 21532 MiB, 24564 MiB, 2640 MHz, 10251 MHz
2026/09/13 11:26:24.236, NVIDIA GeForce RTX 4090, GPU-457328ff-6f8e-1f53-8cc3-68ae75d90604, 595.91.07, P2, 55, 297.59 W, 100 %, 100 %, 21532 MiB, 24564 MiB, 2640 MHz, 10251 MHz
2026/09/13 11:26:25.238, NVIDIA GeForce RTX 4090, GPU-457328ff-6f8e-1f53-8cc3-68ae75d90604, 595.91.07, P2, 55, 297.20 W, 100 %, 100 %, 21532 MiB, 24564 MiB, 2640 MHz, 10251 MHz
2026/09/13 11:26:26.241, NVIDIA GeForce RTX 4090, GPU-457328ff-6f8e-1f53-8cc3-68ae75d90604, 595.91.07, P2, 55, 297.37 W, 100 %, 100 %, 21532 MiB, 24564 MiB, 2640 MHz, 10251 MHz
2026/09/13 11:26:27.243, NVIDIA GeForce RTX 4090, GPU-457328ff-6f8e-1f53-8cc3-68ae75d90604, 595.91.07, P2, 55, 297.07 W, 100 %, 100 %, 21532 MiB, 24564 MiB, 2640 MHz, 10251 MHz
2026/09/13 11:26:28.245, NVIDIA GeForce RTX 4090, GPU-457328ff-6f8e-1f53-8cc3-68ae75d90604, 595.91.07, P2, 55, 296.76 W, 100 %, 100 %, 21532 MiB, 24564 MiB, 2640 MHz, 10251 MHz
2026/09/13 11:26:29.247, NVIDIA GeForce RTX 4090, GPU-457328ff-6f8e-1f53-8cc3-68ae75d90604, 595.91.07, P2, 55, 296.29 W, 100 %, 100 %, 21532 MiB, 24564 MiB, 2640 MHz, 10251 MHz
2026/09/13 11:26:30.249, NVIDIA GeForce RTX 4090, GPU-457328ff-6f8e-1f53-8cc3-68ae75d90604, 595.91.07, P2, 55, 296.28 W, 100 %, 100 %, 21532 MiB, 24564 MiB, 2640 MHz, 10251 MHz
2026/09/13 11:26:31.251, NVIDIA GeForce RTX 4090, GPU-457328ff-6f8e-1f53-8cc3-68ae75d90604, 595.91.07, P2, 55, 296.28 W, 100 %, 100 %, 21532 MiB, 24564 MiB, 2640 MHz, 10251 MHz
2026/09/13 11:26:32.253, NVIDIA GeForce RTX 4090, GPU-457328ff-6f8e-1f53-8cc3-68ae75d90604, 595.91.07, P2, 55, 296.24 W, 100 %, 100 %, 21532 MiB, 24564 MiB, 2640 MHz, 10251 MHz
2026/09/13 11:26:33.255, NVIDIA GeForce RTX 4090, GPU-457328ff-6f8e-1f53-8cc3-68ae75d90604, 595.91.07, P2, 55, 296.03 W, 100 %, 100 %, 21532 MiB, 24564 MiB, 2640 MHz, 10251 MHz
2026/09/13 11:26:34.257, NVIDIA GeForce RTX 4090, GPU-457328ff-6f8e-1f53-8cc3-68ae75d90604, 595.91.07, P2, 55, 295.98 W, 100 %, 100 %, 21532 MiB, 24564 MiB, 2640 MHz, 10251 MHz
2026/09/13 11:26:35.259, NVIDIA GeForce RTX 4090, GPU-457328ff-6f8e-1f53-8cc3-68ae75d90604, 595.91.07, P2, 55, 295.63 W, 100 %, 100 %, 21532 MiB, 24564 MiB, 2640 MHz, 10251 MHz
2026/09/13 11:26:36.261, NVIDIA GeForce RTX 4090, GPU-457328ff-6f8e-1f53-8cc3-68ae75d90604, 595.91.07, P2, 55, 295.93 W, 100 %, 100 %, 21532 MiB, 24564 MiB, 2640 MHz, 10251 MHz
2026/09/13 11:26:37.262, NVIDIA GeForce RTX 4090, GPU-457328ff-6f8e-1f53-8cc3-68ae75d90604, 595.91.07, P2, 55, 295.81 W, 100 %, 100 %, 21532 MiB, 24564 MiB, 2640 MHz, 10251 MHz
2026/09/13 11:26:38.265, NVIDIA GeForce RTX 4090, GPU-457328ff-6f8e-1f53-8cc3-68ae75d90604, 595.91.07, P2, 55, 295.87 W, 100 %, 100 %, 21532 MiB, 24564 MiB, 2640 MHz, 10251 MHz
2026/09/13 11:26:39.267, NVIDIA GeForce RTX 4090, GPU-457328ff-6f8e-1f53-8cc3-68ae75d90604, 595.91.07, P2, 55, 295.85 W, 100 %, 100 %, 21532 MiB, 24564 MiB, 2640 MHz, 10251 MHz
2026/09/13 11:26:40.269, NVIDIA GeForce RTX 4090, GPU-457328ff-6f8e-1f53-8cc3-68ae75d90604, 595.91.07, P2, 55, 295.82 W, 100 %, 100 %, 21532 MiB, 24564 MiB, 2640 MHz, 10251 MHz
2026/09/13 11:26:41.271, NVIDIA GeForce RTX 4090, GPU-457328ff-6f8e-1f53-8cc3-68ae75d90604, 595.91.07, P2, 55, 295.37 W, 100 %, 100 %, 21532 MiB, 24564 MiB, 2640 MHz, 10251 MHz
2026/09/13 11:26:42.273, NVIDIA GeForce RTX 4090, GPU-457328ff-6f8e-1f53-8cc3-68ae75d90604, 595.91.07, P2, 55, 295.60 W, 100 %, 100 %, 21532 MiB, 24564 MiB, 2640 MHz, 10251 MHz
2026/09/13 11:26:43.275, NVIDIA GeForce RTX 4090, GPU-457328ff-6f8e-1f53-8cc3-68ae75d90604, 595.91.07, P2, 55, 289.06 W, 100 %, 100 %, 21532 MiB, 24564 MiB, 2640 MHz, 10251 MHz
2026/09/13 11:26:44.277, NVIDIA GeForce RTX 4090, GPU-457328ff-6f8e-1f53-8cc3-68ae75d90604, 595.91.07, P2, 55, 297.30 W, 100 %, 100 %, 21532 MiB, 24564 MiB, 2640 MHz, 10251 MHz
2026/09/13 11:26:45.279, NVIDIA GeForce RTX 4090, GPU-457328ff-6f8e-1f53-8cc3-68ae75d90604, 595.91.07, P2, 55, 297.48 W, 100 %, 100 %, 21532 MiB, 24564 MiB, 2640 MHz, 10251 MHz
2026/09/13 11:26:46.281, NVIDIA GeForce RTX 4090, GPU-457328ff-6f8e-1f53-8cc3-68ae75d90604, 595.91.07, P2, 55, 296.90 W, 100 %, 100 %, 21532 MiB, 24564 MiB, 2640 MHz, 10251 MHz
2026/09/13 11:26:47.283, NVIDIA GeForce RTX 4090, GPU-457328ff-6f8e-1f53-8cc3-68ae75d90604, 595.91.07, P2, 55, 297.12 W, 100 %, 100 %, 21532 MiB, 24564 MiB, 2640 MHz, 10251 MHz
2026/09/13 11:26:48.285, NVIDIA GeForce RTX 4090, GPU-457328ff-6f8e-1f53-8cc3-68ae75d90604, 595.91.07, P2, 55, 296.61 W, 100 %, 100 %, 21532 MiB, 24564 MiB, 2640 MHz, 10251 MHz
2026/09/13 11:26:49.288, NVIDIA GeForce RTX 4090, GPU-457328ff-6f8e-1f53-8cc3-68ae75d90604, 595.91.07, P2, 55, 296.02 W, 100 %, 100 %, 21532 MiB, 24564 MiB, 2640 MHz, 10251 MHz
2026/09/13 11:26:50.290, NVIDIA GeForce RTX 4090, GPU-457328ff-6f8e-1f53-8cc3-68ae75d90604, 595.91.07, P2, 55, 296.14 W, 100 %, 100 %, 21532 MiB, 24564 MiB, 2640 MHz, 10251 MHz
2026/09/13 11:26:51.293, NVIDIA GeForce RTX 4090, GPU-457328ff-6f8e-1f53-8cc3-68ae75d90604, 595.91.07, P2, 55, 287.83 W, 100 %, 100 %, 21532 MiB, 24564 MiB, 2640 MHz, 10251 MHz
2026/09/13 11:26:52.295, NVIDIA GeForce RTX 4090, GPU-457328ff-6f8e-1f53-8cc3-68ae75d90604, 595.91.07, P2, 55, 297.13 W, 100 %, 100 %, 21532 MiB, 24564 MiB, 2640 MHz, 10251 MHz
2026/09/13 11:26:53.298, NVIDIA GeForce RTX 4090, GPU-457328ff-6f8e-1f53-8cc3-68ae75d90604, 595.91.07, P2, 55, 297.10 W, 100 %, 100 %, 21532 MiB, 24564 MiB, 2640 MHz, 10251 MHz
2026/09/13 11:26:54.300, NVIDIA GeForce RTX 4090, GPU-457328ff-6f8e-1f53-8cc3-68ae75d90604, 595.91.07, P2, 55, 297.07 W, 100 %, 100 %, 21532 MiB, 24564 MiB, 2640 MHz, 10251 MHz
2026/09/13 11:26:55.302, NVIDIA GeForce RTX 4090, GPU-457328ff-6f8e-1f53-8cc3-68ae75d90604, 595.91.07, P2, 55, 297.11 W, 100 %, 100 %, 21532 MiB, 24564 MiB, 2640 MHz, 10251 MHz
2026/09/13 11:26:56.304, NVIDIA GeForce RTX 4090, GPU-457328ff-6f8e-1f53-8cc3-68ae75d90604, 595.91.07, P2, 55, 296.91 W, 100 %, 100 %, 21532 MiB, 24564 MiB, 2640 MHz, 10251 MHz
2026/09/13 11:26:57.306, NVIDIA GeForce RTX 4090, GPU-457328ff-6f8e-1f53-8cc3-68ae75d90604, 595.91.07, P2, 55, 296.62 W, 100 %, 100 %, 21532 MiB, 24564 MiB, 2640 MHz, 10251 MHz
2026/09/13 11:26:58.309, NVIDIA GeForce RTX 4090, GPU-457328ff-6f8e-1f53-8cc3-68ae75d90604, 595.91.07, P2, 55, 296.65 W, 100 %, 100 %, 21532 MiB, 24564 MiB, 2640 MHz, 10251 MHz
2026/09/13 11:26:59.311, NVIDIA GeForce RTX 4090, GPU-457328ff-6f8e-1f53-8cc3-68ae75d90604, 595.91.07, P2, 55, 296.97 W, 100 %, 100 %, 21532 MiB, 24564 MiB, 2640 MHz, 10251 MHz
2026/09/13 11:27:00.313, NVIDIA GeForce RTX 4090, GPU-457328ff-6f8e-1f53-8cc3-68ae75d90604, 595.91.07, P2, 55, 296.36 W, 100 %, 100 %, 21532 MiB, 24564 MiB, 2640 MHz, 10251 MHz
2026/09/13 11:27:01.315, NVIDIA GeForce RTX 4090, GPU-457328ff-6f8e-1f53-8cc3-68ae75d90604, 595.91.07, P2, 55, 296.04 W, 100 %, 100 %, 21532 MiB, 24564 MiB, 2640 MHz, 10251 MHz
2026/09/13 11:27:02.318, NVIDIA GeForce RTX 4090, GPU-457328ff-6f8e-1f53-8cc3-68ae75d90604, 595.91.07, P2, 55, 295.82 W, 100 %, 100 %, 21532 MiB, 24564 MiB, 2640 MHz, 10251 MHz
2026/09/13 11:27:03.320, NVIDIA GeForce RTX 4090, GPU-457328ff-6f8e-1f53-8cc3-68ae75d90604, 595.91.07, P2, 55, 295.45 W, 100 %, 100 %, 21532 MiB, 24564 MiB, 2640 MHz, 10251 MHz
2026/09/13 11:27:04.323, NVIDIA GeForce RTX 4090, GPU-457328ff-6f8e-1f53-8cc3-68ae75d90604, 595.91.07, P2, 55, 295.27 W, 100 %, 100 %, 21532 MiB, 24564 MiB, 2640 MHz, 10251 MHz
2026/09/13 11:27:05.325, NVIDIA GeForce RTX 4090, GPU-457328ff-6f8e-1f53-8cc3-68ae75d90604, 595.91.07, P2, 55, 295.39 W, 100 %, 100 %, 21532 MiB, 24564 MiB, 2640 MHz, 10251 MHz
2026/09/13 11:27:06.327, NVIDIA GeForce RTX 4090, GPU-457328ff-6f8e-1f53-8cc3-68ae75d90604, 595.91.07, P2, 55, 295.75 W, 100 %, 100 %, 21532 MiB, 24564 MiB, 2640 MHz, 10251 MHz
2026/09/13 11:27:07.329, NVIDIA GeForce RTX 4090, GPU-457328ff-6f8e-1f53-8cc3-68ae75d90604, 595.91.07, P2, 54, 286.05 W, 100 %, 100 %, 21532 MiB, 24564 MiB, 2640 MHz, 10251 MHz
2026/09/13 11:27:08.331, NVIDIA GeForce RTX 4090, GPU-457328ff-6f8e-1f53-8cc3-68ae75d90604, 595.91.07, P2, 55, 297.19 W, 100 %, 100 %, 21532 MiB, 24564 MiB, 2640 MHz, 10251 MHz
2026/09/13 11:27:09.334, NVIDIA GeForce RTX 4090, GPU-457328ff-6f8e-1f53-8cc3-68ae75d90604, 595.91.07, P2, 55, 297.37 W, 100 %, 100 %, 21532 MiB, 24564 MiB, 2640 MHz, 10251 MHz
2026/09/13 11:27:10.336, NVIDIA GeForce RTX 4090, GPU-457328ff-6f8e-1f53-8cc3-68ae75d90604, 595.91.07, P2, 55, 297.33 W, 100 %, 100 %, 21532 MiB, 24564 MiB, 2640 MHz, 10251 MHz
2026/09/13 11:27:11.338, NVIDIA GeForce RTX 4090, GPU-457328ff-6f8e-1f53-8cc3-68ae75d90604, 595.91.07, P2, 55, 297.00 W, 100 %, 100 %, 21532 MiB, 24564 MiB, 2640 MHz, 10251 MHz
2026/09/13 11:27:12.341, NVIDIA GeForce RTX 4090, GPU-457328ff-6f8e-1f53-8cc3-68ae75d90604, 595.91.07, P2, 55, 297.14 W, 100 %, 100 %, 21532 MiB, 24564 MiB, 2640 MHz, 10251 MHz
2026/09/13 11:27:13.343, NVIDIA GeForce RTX 4090, GPU-457328ff-6f8e-1f53-8cc3-68ae75d90604, 595.91.07, P2, 55, 297.11 W, 100 %, 100 %, 21532 MiB, 24564 MiB, 2640 MHz, 10251 MHz
2026/09/13 11:27:14.346, NVIDIA GeForce RTX 4090, GPU-457328ff-6f8e-1f53-8cc3-68ae75d90604, 595.91.07, P2, 55, 296.74 W, 100 %, 100 %, 21532 MiB, 24564 MiB, 2640 MHz, 10251 MHz
2026/09/13 11:27:15.348, NVIDIA GeForce RTX 4090, GPU-457328ff-6f8e-1f53-8cc3-68ae75d90604, 595.91.07, P2, 55, 296.46 W, 100 %, 100 %, 21532 MiB, 24564 MiB, 2640 MHz, 10251 MHz
2026/09/13 11:27:16.351, NVIDIA GeForce RTX 4090, GPU-457328ff-6f8e-1f53-8cc3-68ae75d90604, 595.91.07, P2, 55, 296.33 W, 100 %, 100 %, 21532 MiB, 24564 MiB, 2640 MHz, 10251 MHz
2026/09/13 11:27:17.354, NVIDIA GeForce RTX 4090, GPU-457328ff-6f8e-1f53-8cc3-68ae75d90604, 595.91.07, P2, 55, 296.16 W, 100 %, 100 %, 21532 MiB, 24564 MiB, 2640 MHz, 10251 MHz
2026/09/13 11:27:18.356, NVIDIA GeForce RTX 4090, GPU-457328ff-6f8e-1f53-8cc3-68ae75d90604, 595.91.07, P2, 55, 296.21 W, 100 %, 100 %, 21532 MiB, 24564 MiB, 2640 MHz, 10251 MHz
2026/09/13 11:27:19.359, NVIDIA GeForce RTX 4090, GPU-457328ff-6f8e-1f53-8cc3-68ae75d90604, 595.91.07, P2, 55, 296.08 W, 100 %, 100 %, 21532 MiB, 24564 MiB, 2640 MHz, 10251 MHz
2026/09/13 11:27:20.361, NVIDIA GeForce RTX 4090, GPU-457328ff-6f8e-1f53-8cc3-68ae75d90604, 595.91.07, P2, 55, 295.46 W, 100 %, 100 %, 21532 MiB, 24564 MiB, 2640 MHz, 10251 MHz
2026/09/13 11:27:21.364, NVIDIA GeForce RTX 4090, GPU-457328ff-6f8e-1f53-8cc3-68ae75d90604, 595.91.07, P2, 55, 295.46 W, 100 %, 100 %, 21532 MiB, 24564 MiB, 2640 MHz, 10251 MHz
2026/09/13 11:27:22.367, NVIDIA GeForce RTX 4090, GPU-457328ff-6f8e-1f53-8cc3-68ae75d90604, 595.91.07, P2, 55, 295.58 W, 100 %, 100 %, 21532 MiB, 24564 MiB, 2640 MHz, 10251 MHz
2026/09/13 11:27:23.369, NVIDIA GeForce RTX 4090, GPU-457328ff-6f8e-1f53-8cc3-68ae75d90604, 595.91.07, P2, 55, 295.50 W, 100 %, 100 %, 21532 MiB, 24564 MiB, 2640 MHz, 10251 MHz
2026/09/13 11:27:24.372, NVIDIA GeForce RTX 4090, GPU-457328ff-6f8e-1f53-8cc3-68ae75d90604, 595.91.07, P2, 55, 286.72 W, 100 %, 100 %, 21532 MiB, 24564 MiB, 2640 MHz, 10251 MHz
2026/09/13 11:27:25.375, NVIDIA GeForce RTX 4090, GPU-457328ff-6f8e-1f53-8cc3-68ae75d90604, 595.91.07, P2, 55, 297.11 W, 100 %, 100 %, 21532 MiB, 24564 MiB, 2640 MHz, 10251 MHz
2026/09/13 11:27:26.377, NVIDIA GeForce RTX 4090, GPU-457328ff-6f8e-1f53-8cc3-68ae75d90604, 595.91.07, P2, 55, 297.23 W, 100 %, 100 %, 21532 MiB, 24564 MiB, 2640 MHz, 10251 MHz
2026/09/13 11:27:27.379, NVIDIA GeForce RTX 4090, GPU-457328ff-6f8e-1f53-8cc3-68ae75d90604, 595.91.07, P2, 55, 297.12 W, 100 %, 100 %, 21532 MiB, 24564 MiB, 2640 MHz, 10251 MHz
2026/09/13 11:27:28.381, NVIDIA GeForce RTX 4090, GPU-457328ff-6f8e-1f53-8cc3-68ae75d90604, 595.91.07, P2, 55, 296.90 W, 100 %, 100 %, 21532 MiB, 24564 MiB, 2640 MHz, 10251 MHz
2026/09/13 11:27:29.383, NVIDIA GeForce RTX 4090, GPU-457328ff-6f8e-1f53-8cc3-68ae75d90604, 595.91.07, P2, 55, 296.78 W, 100 %, 100 %, 21532 MiB, 24564 MiB, 2640 MHz, 10251 MHz
2026/09/13 11:27:30.386, NVIDIA GeForce RTX 4090, GPU-457328ff-6f8e-1f53-8cc3-68ae75d90604, 595.91.07, P2, 55, 296.88 W, 100 %, 100 %, 21532 MiB, 24564 MiB, 2640 MHz, 10251 MHz
2026/09/13 11:27:31.389, NVIDIA GeForce RTX 4090, GPU-457328ff-6f8e-1f53-8cc3-68ae75d90604, 595.91.07, P2, 55, 296.60 W, 100 %, 100 %, 21532 MiB, 24564 MiB, 2640 MHz, 10251 MHz
2026/09/13 11:27:32.391, NVIDIA GeForce RTX 4090, GPU-457328ff-6f8e-1f53-8cc3-68ae75d90604, 595.91.07, P2, 55, 296.22 W, 100 %, 100 %, 21532 MiB, 24564 MiB, 2640 MHz, 10251 MHz
2026/09/13 11:27:33.394, NVIDIA GeForce RTX 4090, GPU-457328ff-6f8e-1f53-8cc3-68ae75d90604, 595.91.07, P2, 55, 296.20 W, 100 %, 100 %, 21532 MiB, 24564 MiB, 2640 MHz, 10251 MHz
2026/09/13 11:27:34.397, NVIDIA GeForce RTX 4090, GPU-457328ff-6f8e-1f53-8cc3-68ae75d90604, 595.91.07, P2, 55, 296.16 W, 100 %, 100 %, 21532 MiB, 24564 MiB, 2640 MHz, 10251 MHz
2026/09/13 11:27:35.399, NVIDIA GeForce RTX 4090, GPU-457328ff-6f8e-1f53-8cc3-68ae75d90604, 595.91.07, P2, 55, 296.38 W, 100 %, 100 %, 21532 MiB, 24564 MiB, 2640 MHz, 10251 MHz
2026/09/13 11:27:36.402, NVIDIA GeForce RTX 4090, GPU-457328ff-6f8e-1f53-8cc3-68ae75d90604, 595.91.07, P2, 55, 296.12 W, 100 %, 100 %, 21532 MiB, 24564 MiB, 2640 MHz, 10251 MHz
2026/09/13 11:27:37.405, NVIDIA GeForce RTX 4090, GPU-457328ff-6f8e-1f53-8cc3-68ae75d90604, 595.91.07, P2, 55, 295.93 W, 100 %, 100 %, 21532 MiB, 24564 MiB, 2640 MHz, 10251 MHz
2026/09/13 11:27:38.407, NVIDIA GeForce RTX 4090, GPU-457328ff-6f8e-1f53-8cc3-68ae75d90604, 595.91.07, P2, 55, 295.66 W, 100 %, 100 %, 21532 MiB, 24564 MiB, 2640 MHz, 10251 MHz
2026/09/13 11:27:39.410, NVIDIA GeForce RTX 4090, GPU-457328ff-6f8e-1f53-8cc3-68ae75d90604, 595.91.07, P2, 55, 287.26 W, 100 %, 100 %, 21532 MiB, 24564 MiB, 2640 MHz, 10251 MHz
2026/09/13 11:27:40.413, NVIDIA GeForce RTX 4090, GPU-457328ff-6f8e-1f53-8cc3-68ae75d90604, 595.91.07, P2, 55, 297.51 W, 100 %, 100 %, 21532 MiB, 24564 MiB, 2640 MHz, 10251 MHz
2026/09/13 11:27:41.414, NVIDIA GeForce RTX 4090, GPU-457328ff-6f8e-1f53-8cc3-68ae75d90604, 595.91.07, P2, 55, 297.48 W, 100 %, 100 %, 21532 MiB, 24564 MiB, 2640 MHz, 10251 MHz
2026/09/13 11:27:42.417, NVIDIA GeForce RTX 4090, GPU-457328ff-6f8e-1f53-8cc3-68ae75d90604, 595.91.07, P2, 55, 297.41 W, 100 %, 100 %, 21532 MiB, 24564 MiB, 2640 MHz, 10251 MHz
2026/09/13 11:27:43.418, NVIDIA GeForce RTX 4090, GPU-457328ff-6f8e-1f53-8cc3-68ae75d90604, 595.91.07, P2, 55, 297.50 W, 100 %, 100 %, 21532 MiB, 24564 MiB, 2640 MHz, 10251 MHz
2026/09/13 11:27:44.421, NVIDIA GeForce RTX 4090, GPU-457328ff-6f8e-1f53-8cc3-68ae75d90604, 595.91.07, P2, 55, 297.13 W, 100 %, 100 %, 21532 MiB, 24564 MiB, 2640 MHz, 10251 MHz
2026/09/13 11:27:45.423, NVIDIA GeForce RTX 4090, GPU-457328ff-6f8e-1f53-8cc3-68ae75d90604, 595.91.07, P2, 55, 297.31 W, 100 %, 100 %, 21532 MiB, 24564 MiB, 2640 MHz, 10251 MHz
2026/09/13 11:27:46.426, NVIDIA GeForce RTX 4090, GPU-457328ff-6f8e-1f53-8cc3-68ae75d90604, 595.91.07, P2, 55, 297.03 W, 100 %, 100 %, 21532 MiB, 24564 MiB, 2640 MHz, 10251 MHz
2026/09/13 11:27:47.428, NVIDIA GeForce RTX 4090, GPU-457328ff-6f8e-1f53-8cc3-68ae75d90604, 595.91.07, P2, 55, 296.53 W, 100 %, 100 %, 21532 MiB, 24564 MiB, 2640 MHz, 10251 MHz
2026/09/13 11:27:48.431, NVIDIA GeForce RTX 4090, GPU-457328ff-6f8e-1f53-8cc3-68ae75d90604, 595.91.07, P2, 55, 296.02 W, 100 %, 100 %, 21532 MiB, 24564 MiB, 2640 MHz, 10251 MHz
2026/09/13 11:27:49.434, NVIDIA GeForce RTX 4090, GPU-457328ff-6f8e-1f53-8cc3-68ae75d90604, 595.91.07, P2, 55, 296.08 W, 100 %, 100 %, 21532 MiB, 24564 MiB, 2640 MHz, 10251 MHz
2026/09/13 11:27:50.435, NVIDIA GeForce RTX 4090, GPU-457328ff-6f8e-1f53-8cc3-68ae75d90604, 595.91.07, P2, 55, 287.28 W, 46 %, 42 %, 21532 MiB, 24564 MiB, 2640 MHz, 10251 MHz
2026/09/13 11:27:51.438, NVIDIA GeForce RTX 4090, GPU-457328ff-6f8e-1f53-8cc3-68ae75d90604, 595.91.07, P2, 55, 288.38 W, 100 %, 100 %, 21532 MiB, 24564 MiB, 2640 MHz, 10251 MHz
2026/09/13 11:27:52.441, NVIDIA GeForce RTX 4090, GPU-457328ff-6f8e-1f53-8cc3-68ae75d90604, 595.91.07, P2, 55, 297.63 W, 100 %, 100 %, 21532 MiB, 24564 MiB, 2640 MHz, 10251 MHz
2026/09/13 11:27:53.443, NVIDIA GeForce RTX 4090, GPU-457328ff-6f8e-1f53-8cc3-68ae75d90604, 595.91.07, P2, 55, 297.37 W, 100 %, 100 %, 21532 MiB, 24564 MiB, 2640 MHz, 10251 MHz
2026/09/13 11:27:54.446, NVIDIA GeForce RTX 4090, GPU-457328ff-6f8e-1f53-8cc3-68ae75d90604, 595.91.07, P2, 55, 297.36 W, 100 %, 100 %, 21532 MiB, 24564 MiB, 2640 MHz, 10251 MHz
2026/09/13 11:27:55.448, NVIDIA GeForce RTX 4090, GPU-457328ff-6f8e-1f53-8cc3-68ae75d90604, 595.91.07, P2, 55, 297.01 W, 100 %, 100 %, 21532 MiB, 24564 MiB, 2640 MHz, 10251 MHz
2026/09/13 11:27:56.451, NVIDIA GeForce RTX 4090, GPU-457328ff-6f8e-1f53-8cc3-68ae75d90604, 595.91.07, P2, 55, 297.37 W, 100 %, 100 %, 21532 MiB, 24564 MiB, 2640 MHz, 10251 MHz
2026/09/13 11:27:57.454, NVIDIA GeForce RTX 4090, GPU-457328ff-6f8e-1f53-8cc3-68ae75d90604, 595.91.07, P2, 55, 296.98 W, 100 %, 100 %, 21532 MiB, 24564 MiB, 2640 MHz, 10251 MHz
2026/09/13 11:27:58.456, NVIDIA GeForce RTX 4090, GPU-457328ff-6f8e-1f53-8cc3-68ae75d90604, 595.91.07, P2, 55, 296.72 W, 100 %, 100 %, 21532 MiB, 24564 MiB, 2640 MHz, 10251 MHz
2026/09/13 11:27:59.459, NVIDIA GeForce RTX 4090, GPU-457328ff-6f8e-1f53-8cc3-68ae75d90604, 595.91.07, P2, 55, 296.55 W, 100 %, 100 %, 21532 MiB, 24564 MiB, 2640 MHz, 10251 MHz
2026/09/13 11:28:00.461, NVIDIA GeForce RTX 4090, GPU-457328ff-6f8e-1f53-8cc3-68ae75d90604, 595.91.07, P2, 55, 296.23 W, 100 %, 100 %, 21532 MiB, 24564 MiB, 2640 MHz, 10251 MHz
2026/09/13 11:28:01.463, NVIDIA GeForce RTX 4090, GPU-457328ff-6f8e-1f53-8cc3-68ae75d90604, 595.91.07, P2, 55, 296.06 W, 100 %, 100 %, 21532 MiB, 24564 MiB, 2640 MHz, 10251 MHz
2026/09/13 11:28:02.465, NVIDIA GeForce RTX 4090, GPU-457328ff-6f8e-1f53-8cc3-68ae75d90604, 595.91.07, P2, 55, 296.15 W, 100 %, 100 %, 21532 MiB, 24564 MiB, 2640 MHz, 10251 MHz
2026/09/13 11:28:03.468, NVIDIA GeForce RTX 4090, GPU-457328ff-6f8e-1f53-8cc3-68ae75d90604, 595.91.07, P2, 55, 287.23 W, 100 %, 100 %, 21532 MiB, 24564 MiB, 2640 MHz, 10251 MHz
2026/09/13 11:28:04.470, NVIDIA GeForce RTX 4090, GPU-457328ff-6f8e-1f53-8cc3-68ae75d90604, 595.91.07, P2, 56, 297.56 W, 100 %, 100 %, 21532 MiB, 24564 MiB, 2640 MHz, 10251 MHz
2026/09/13 11:28:05.472, NVIDIA GeForce RTX 4090, GPU-457328ff-6f8e-1f53-8cc3-68ae75d90604, 595.91.07, P2, 56, 297.78 W, 100 %, 100 %, 21532 MiB, 24564 MiB, 2640 MHz, 10251 MHz
2026/09/13 11:28:06.474, NVIDIA GeForce RTX 4090, GPU-457328ff-6f8e-1f53-8cc3-68ae75d90604, 595.91.07, P2, 56, 297.83 W, 100 %, 100 %, 21532 MiB, 24564 MiB, 2640 MHz, 10251 MHz
2026/09/13 11:28:07.476, NVIDIA GeForce RTX 4090, GPU-457328ff-6f8e-1f53-8cc3-68ae75d90604, 595.91.07, P2, 56, 297.43 W, 100 %, 100 %, 21532 MiB, 24564 MiB, 2640 MHz, 10251 MHz
2026/09/13 11:28:08.478, NVIDIA GeForce RTX 4090, GPU-457328ff-6f8e-1f53-8cc3-68ae75d90604, 595.91.07, P2, 56, 297.43 W, 100 %, 100 %, 21532 MiB, 24564 MiB, 2640 MHz, 10251 MHz
2026/09/13 11:28:09.481, NVIDIA GeForce RTX 4090, GPU-457328ff-6f8e-1f53-8cc3-68ae75d90604, 595.91.07, P2, 56, 297.32 W, 100 %, 100 %, 21532 MiB, 24564 MiB, 2640 MHz, 10251 MHz
2026/09/13 11:28:10.483, NVIDIA GeForce RTX 4090, GPU-457328ff-6f8e-1f53-8cc3-68ae75d90604, 595.91.07, P2, 56, 297.18 W, 100 %, 100 %, 21532 MiB, 24564 MiB, 2640 MHz, 10251 MHz
2026/09/13 11:28:11.485, NVIDIA GeForce RTX 4090, GPU-457328ff-6f8e-1f53-8cc3-68ae75d90604, 595.91.07, P2, 56, 297.01 W, 100 %, 100 %, 21532 MiB, 24564 MiB, 2640 MHz, 10251 MHz
2026/09/13 11:28:12.488, NVIDIA GeForce RTX 4090, GPU-457328ff-6f8e-1f53-8cc3-68ae75d90604, 595.91.07, P2, 56, 297.05 W, 100 %, 100 %, 21532 MiB, 24564 MiB, 2640 MHz, 10251 MHz
2026/09/13 11:28:13.490, NVIDIA GeForce RTX 4090, GPU-457328ff-6f8e-1f53-8cc3-68ae75d90604, 595.91.07, P2, 56, 296.97 W, 100 %, 100 %, 21532 MiB, 24564 MiB, 2640 MHz, 10251 MHz
2026/09/13 11:28:14.492, NVIDIA GeForce RTX 4090, GPU-457328ff-6f8e-1f53-8cc3-68ae75d90604, 595.91.07, P2, 56, 296.60 W, 100 %, 100 %, 21532 MiB, 24564 MiB, 2640 MHz, 10251 MHz
2026/09/13 11:28:15.494, NVIDIA GeForce RTX 4090, GPU-457328ff-6f8e-1f53-8cc3-68ae75d90604, 595.91.07, P2, 56, 296.71 W, 100 %, 100 %, 21532 MiB, 24564 MiB, 2640 MHz, 10251 MHz
2026/09/13 11:28:16.497, NVIDIA GeForce RTX 4090, GPU-457328ff-6f8e-1f53-8cc3-68ae75d90604, 595.91.07, P2, 56, 296.32 W, 100 %, 100 %, 21532 MiB, 24564 MiB, 2640 MHz, 10251 MHz
2026/09/13 11:28:17.500, NVIDIA GeForce RTX 4090, GPU-457328ff-6f8e-1f53-8cc3-68ae75d90604, 595.91.07, P2, 56, 286.70 W, 95 %, 100 %, 21532 MiB, 24564 MiB, 2640 MHz, 10251 MHz
2026/09/13 11:28:18.502, NVIDIA GeForce RTX 4090, GPU-457328ff-6f8e-1f53-8cc3-68ae75d90604, 595.91.07, P2, 56, 297.47 W, 100 %, 100 %, 21532 MiB, 24564 MiB, 2640 MHz, 10251 MHz
2026/09/13 11:28:19.505, NVIDIA GeForce RTX 4090, GPU-457328ff-6f8e-1f53-8cc3-68ae75d90604, 595.91.07, P2, 56, 297.69 W, 100 %, 100 %, 21532 MiB, 24564 MiB, 2640 MHz, 10251 MHz
2026/09/13 11:28:20.507, NVIDIA GeForce RTX 4090, GPU-457328ff-6f8e-1f53-8cc3-68ae75d90604, 595.91.07, P2, 56, 298.23 W, 100 %, 100 %, 21532 MiB, 24564 MiB, 2640 MHz, 10251 MHz
2026/09/13 11:28:21.509, NVIDIA GeForce RTX 4090, GPU-457328ff-6f8e-1f53-8cc3-68ae75d90604, 595.91.07, P2, 56, 297.98 W, 100 %, 100 %, 21532 MiB, 24564 MiB, 2640 MHz, 10251 MHz
2026/09/13 11:28:22.511, NVIDIA GeForce RTX 4090, GPU-457328ff-6f8e-1f53-8cc3-68ae75d90604, 595.91.07, P2, 56, 297.83 W, 100 %, 100 %, 21532 MiB, 24564 MiB, 2640 MHz, 10251 MHz
2026/09/13 11:28:23.513, NVIDIA GeForce RTX 4090, GPU-457328ff-6f8e-1f53-8cc3-68ae75d90604, 595.91.07, P2, 56, 297.99 W, 100 %, 100 %, 21532 MiB, 24564 MiB, 2640 MHz, 10251 MHz
2026/09/13 11:28:24.516, NVIDIA GeForce RTX 4090, GPU-457328ff-6f8e-1f53-8cc3-68ae75d90604, 595.91.07, P2, 56, 297.88 W, 100 %, 100 %, 21532 MiB, 24564 MiB, 2640 MHz, 10251 MHz
2026/09/13 11:28:25.518, NVIDIA GeForce RTX 4090, GPU-457328ff-6f8e-1f53-8cc3-68ae75d90604, 595.91.07, P2, 56, 297.30 W, 100 %, 100 %, 21532 MiB, 24564 MiB, 2640 MHz, 10251 MHz
2026/09/13 11:28:26.520, NVIDIA GeForce RTX 4090, GPU-457328ff-6f8e-1f53-8cc3-68ae75d90604, 595.91.07, P2, 56, 297.07 W, 100 %, 100 %, 21532 MiB, 24564 MiB, 2640 MHz, 10251 MHz
2026/09/13 11:28:27.522, NVIDIA GeForce RTX 4090, GPU-457328ff-6f8e-1f53-8cc3-68ae75d90604, 595.91.07, P2, 56, 296.95 W, 100 %, 100 %, 21532 MiB, 24564 MiB, 2640 MHz, 10251 MHz
2026/09/13 11:28:28.525, NVIDIA GeForce RTX 4090, GPU-457328ff-6f8e-1f53-8cc3-68ae75d90604, 595.91.07, P2, 56, 297.08 W, 100 %, 100 %, 21532 MiB, 24564 MiB, 2640 MHz, 10251 MHz
2026/09/13 11:28:29.527, NVIDIA GeForce RTX 4090, GPU-457328ff-6f8e-1f53-8cc3-68ae75d90604, 595.91.07, P2, 56, 297.04 W, 100 %, 100 %, 21532 MiB, 24564 MiB, 2640 MHz, 10251 MHz
2026/09/13 11:28:30.529, NVIDIA GeForce RTX 4090, GPU-457328ff-6f8e-1f53-8cc3-68ae75d90604, 595.91.07, P2, 56, 296.52 W, 100 %, 100 %, 21532 MiB, 24564 MiB, 2640 MHz, 10251 MHz
2026/09/13 11:28:31.531, NVIDIA GeForce RTX 4090, GPU-457328ff-6f8e-1f53-8cc3-68ae75d90604, 595.91.07, P2, 56, 296.30 W, 100 %, 100 %, 21532 MiB, 24564 MiB, 2640 MHz, 10251 MHz
2026/09/13 11:28:32.534, NVIDIA GeForce RTX 4090, GPU-457328ff-6f8e-1f53-8cc3-68ae75d90604, 595.91.07, P2, 56, 296.72 W, 100 %, 100 %, 21532 MiB, 24564 MiB, 2640 MHz, 10251 MHz
2026/09/13 11:28:33.536, NVIDIA GeForce RTX 4090, GPU-457328ff-6f8e-1f53-8cc3-68ae75d90604, 595.91.07, P2, 56, 296.66 W, 100 %, 100 %, 21532 MiB, 24564 MiB, 2640 MHz, 10251 MHz
2026/09/13 11:28:34.539, NVIDIA GeForce RTX 4090, GPU-457328ff-6f8e-1f53-8cc3-68ae75d90604, 595.91.07, P2, 56, 296.52 W, 100 %, 100 %, 21532 MiB, 24564 MiB, 2640 MHz, 10251 MHz
2026/09/13 11:28:35.541, NVIDIA GeForce RTX 4090, GPU-457328ff-6f8e-1f53-8cc3-68ae75d90604, 595.91.07, P2, 56, 296.74 W, 100 %, 100 %, 21532 MiB, 24564 MiB, 2640 MHz, 10251 MHz
2026/09/13 11:28:36.543, NVIDIA GeForce RTX 4090, GPU-457328ff-6f8e-1f53-8cc3-68ae75d90604, 595.91.07, P2, 56, 296.68 W, 100 %, 100 %, 21532 MiB, 24564 MiB, 2640 MHz, 10251 MHz
2026/09/13 11:28:37.546, NVIDIA GeForce RTX 4090, GPU-457328ff-6f8e-1f53-8cc3-68ae75d90604, 595.91.07, P2, 56, 296.68 W, 100 %, 100 %, 21532 MiB, 24564 MiB, 2640 MHz, 10251 MHz
2026/09/13 11:28:38.548, NVIDIA GeForce RTX 4090, GPU-457328ff-6f8e-1f53-8cc3-68ae75d90604, 595.91.07, P2, 56, 290.83 W, 100 %, 100 %, 21532 MiB, 24564 MiB, 2640 MHz, 10251 MHz
2026/09/13 11:28:39.551, NVIDIA GeForce RTX 4090, GPU-457328ff-6f8e-1f53-8cc3-68ae75d90604, 595.91.07, P2, 56, 299.39 W, 100 %, 100 %, 21532 MiB, 24564 MiB, 2640 MHz, 10251 MHz
2026/09/13 11:28:40.553, NVIDIA GeForce RTX 4090, GPU-457328ff-6f8e-1f53-8cc3-68ae75d90604, 595.91.07, P2, 56, 299.13 W, 100 %, 100 %, 21532 MiB, 24564 MiB, 2640 MHz, 10251 MHz
2026/09/13 11:28:41.556, NVIDIA GeForce RTX 4090, GPU-457328ff-6f8e-1f53-8cc3-68ae75d90604, 595.91.07, P2, 56, 299.00 W, 100 %, 100 %, 21532 MiB, 24564 MiB, 2640 MHz, 10251 MHz
2026/09/13 11:28:42.557, NVIDIA GeForce RTX 4090, GPU-457328ff-6f8e-1f53-8cc3-68ae75d90604, 595.91.07, P2, 57, 298.45 W, 100 %, 100 %, 21532 MiB, 24564 MiB, 2640 MHz, 10251 MHz
2026/09/13 11:28:43.559, NVIDIA GeForce RTX 4090, GPU-457328ff-6f8e-1f53-8cc3-68ae75d90604, 595.91.07, P2, 57, 298.58 W, 100 %, 100 %, 21532 MiB, 24564 MiB, 2640 MHz, 10251 MHz
2026/09/13 11:28:44.561, NVIDIA GeForce RTX 4090, GPU-457328ff-6f8e-1f53-8cc3-68ae75d90604, 595.91.07, P2, 57, 298.23 W, 100 %, 100 %, 21532 MiB, 24564 MiB, 2640 MHz, 10251 MHz
2026/09/13 11:28:45.563, NVIDIA GeForce RTX 4090, GPU-457328ff-6f8e-1f53-8cc3-68ae75d90604, 595.91.07, P2, 57, 297.93 W, 100 %, 100 %, 21532 MiB, 24564 MiB, 2640 MHz, 10251 MHz
2026/09/13 11:28:46.566, NVIDIA GeForce RTX 4090, GPU-457328ff-6f8e-1f53-8cc3-68ae75d90604, 595.91.07, P2, 57, 297.83 W, 100 %, 100 %, 21532 MiB, 24564 MiB, 2640 MHz, 10251 MHz
2026/09/13 11:28:47.568, NVIDIA GeForce RTX 4090, GPU-457328ff-6f8e-1f53-8cc3-68ae75d90604, 595.91.07, P2, 57, 297.88 W, 100 %, 100 %, 21532 MiB, 24564 MiB, 2640 MHz, 10251 MHz
2026/09/13 11:28:48.571, NVIDIA GeForce RTX 4090, GPU-457328ff-6f8e-1f53-8cc3-68ae75d90604, 595.91.07, P2, 57, 297.49 W, 100 %, 100 %, 21532 MiB, 24564 MiB, 2640 MHz, 10251 MHz
2026/09/13 11:28:49.573, NVIDIA GeForce RTX 4090, GPU-457328ff-6f8e-1f53-8cc3-68ae75d90604, 595.91.07, P2, 57, 297.30 W, 100 %, 100 %, 21532 MiB, 24564 MiB, 2640 MHz, 10251 MHz
2026/09/13 11:28:50.576, NVIDIA GeForce RTX 4090, GPU-457328ff-6f8e-1f53-8cc3-68ae75d90604, 595.91.07, P2, 57, 297.41 W, 100 %, 100 %, 21532 MiB, 24564 MiB, 2640 MHz, 10251 MHz
2026/09/13 11:28:51.579, NVIDIA GeForce RTX 4090, GPU-457328ff-6f8e-1f53-8cc3-68ae75d90604, 595.91.07, P2, 57, 297.52 W, 100 %, 100 %, 21532 MiB, 24564 MiB, 2640 MHz, 10251 MHz
2026/09/13 11:28:52.581, NVIDIA GeForce RTX 4090, GPU-457328ff-6f8e-1f53-8cc3-68ae75d90604, 595.91.07, P2, 57, 297.54 W, 100 %, 100 %, 21532 MiB, 24564 MiB, 2640 MHz, 10251 MHz
2026/09/13 11:28:53.584, NVIDIA GeForce RTX 4090, GPU-457328ff-6f8e-1f53-8cc3-68ae75d90604, 595.91.07, P2, 57, 297.18 W, 100 %, 100 %, 21532 MiB, 24564 MiB, 2640 MHz, 10251 MHz
2026/09/13 11:28:54.586, NVIDIA GeForce RTX 4090, GPU-457328ff-6f8e-1f53-8cc3-68ae75d90604, 595.91.07, P2, 57, 296.99 W, 100 %, 100 %, 21532 MiB, 24564 MiB, 2640 MHz, 10251 MHz
2026/09/13 11:28:55.589, NVIDIA GeForce RTX 4090, GPU-457328ff-6f8e-1f53-8cc3-68ae75d90604, 595.91.07, P2, 57, 296.65 W, 100 %, 100 %, 21532 MiB, 24564 MiB, 2640 MHz, 10251 MHz
2026/09/13 11:28:56.591, NVIDIA GeForce RTX 4090, GPU-457328ff-6f8e-1f53-8cc3-68ae75d90604, 595.91.07, P2, 57, 296.76 W, 100 %, 100 %, 21532 MiB, 24564 MiB, 2640 MHz, 10251 MHz
2026/09/13 11:28:57.593, NVIDIA GeForce RTX 4090, GPU-457328ff-6f8e-1f53-8cc3-68ae75d90604, 595.91.07, P2, 57, 296.39 W, 100 %, 100 %, 21532 MiB, 24564 MiB, 2640 MHz, 10251 MHz
2026/09/13 11:28:58.596, NVIDIA GeForce RTX 4090, GPU-457328ff-6f8e-1f53-8cc3-68ae75d90604, 595.91.07, P2, 57, 292.59 W, 100 %, 100 %, 21532 MiB, 24564 MiB, 2640 MHz, 10251 MHz
2026/09/13 11:28:59.598, NVIDIA GeForce RTX 4090, GPU-457328ff-6f8e-1f53-8cc3-68ae75d90604, 595.91.07, P2, 57, 298.55 W, 100 %, 100 %, 21532 MiB, 24564 MiB, 2640 MHz, 10251 MHz
2026/09/13 11:29:00.600, NVIDIA GeForce RTX 4090, GPU-457328ff-6f8e-1f53-8cc3-68ae75d90604, 595.91.07, P2, 57, 298.80 W, 100 %, 100 %, 21532 MiB, 24564 MiB, 2640 MHz, 10251 MHz
2026/09/13 11:29:01.602, NVIDIA GeForce RTX 4090, GPU-457328ff-6f8e-1f53-8cc3-68ae75d90604, 595.91.07, P2, 57, 299.11 W, 100 %, 100 %, 21532 MiB, 24564 MiB, 2640 MHz, 10251 MHz
2026/09/13 11:29:02.604, NVIDIA GeForce RTX 4090, GPU-457328ff-6f8e-1f53-8cc3-68ae75d90604, 595.91.07, P2, 57, 298.68 W, 100 %, 100 %, 21532 MiB, 24564 MiB, 2640 MHz, 10251 MHz
2026/09/13 11:29:03.606, NVIDIA GeForce RTX 4090, GPU-457328ff-6f8e-1f53-8cc3-68ae75d90604, 595.91.07, P2, 57, 298.58 W, 100 %, 100 %, 21532 MiB, 24564 MiB, 2640 MHz, 10251 MHz
2026/09/13 11:29:04.608, NVIDIA GeForce RTX 4090, GPU-457328ff-6f8e-1f53-8cc3-68ae75d90604, 595.91.07, P2, 57, 298.13 W, 100 %, 100 %, 21532 MiB, 24564 MiB, 2640 MHz, 10251 MHz
2026/09/13 11:29:05.611, NVIDIA GeForce RTX 4090, GPU-457328ff-6f8e-1f53-8cc3-68ae75d90604, 595.91.07, P2, 57, 298.04 W, 100 %, 100 %, 21532 MiB, 24564 MiB, 2640 MHz, 10251 MHz
2026/09/13 11:29:06.612, NVIDIA GeForce RTX 4090, GPU-457328ff-6f8e-1f53-8cc3-68ae75d90604, 595.91.07, P2, 57, 297.71 W, 100 %, 100 %, 21532 MiB, 24564 MiB, 2640 MHz, 10251 MHz
2026/09/13 11:29:07.615, NVIDIA GeForce RTX 4090, GPU-457328ff-6f8e-1f53-8cc3-68ae75d90604, 595.91.07, P2, 57, 297.86 W, 100 %, 100 %, 21532 MiB, 24564 MiB, 2640 MHz, 10251 MHz
2026/09/13 11:29:08.625, NVIDIA GeForce RTX 4090, GPU-457328ff-6f8e-1f53-8cc3-68ae75d90604, 595.91.07, P2, 57, 297.77 W, 100 %, 100 %, 21532 MiB, 24564 MiB, 2640 MHz, 10251 MHz
2026/09/13 11:29:09.627, NVIDIA GeForce RTX 4090, GPU-457328ff-6f8e-1f53-8cc3-68ae75d90604, 595.91.07, P2, 57, 297.71 W, 100 %, 100 %, 21532 MiB, 24564 MiB, 2640 MHz, 10251 MHz
2026/09/13 11:29:10.630, NVIDIA GeForce RTX 4090, GPU-457328ff-6f8e-1f53-8cc3-68ae75d90604, 595.91.07, P2, 57, 297.41 W, 100 %, 100 %, 21532 MiB, 24564 MiB, 2640 MHz, 10251 MHz
2026/09/13 11:29:11.633, NVIDIA GeForce RTX 4090, GPU-457328ff-6f8e-1f53-8cc3-68ae75d90604, 595.91.07, P2, 57, 297.31 W, 100 %, 100 %, 21532 MiB, 24564 MiB, 2640 MHz, 10251 MHz
2026/09/13 11:29:12.635, NVIDIA GeForce RTX 4090, GPU-457328ff-6f8e-1f53-8cc3-68ae75d90604, 595.91.07, P2, 57, 297.48 W, 100 %, 100 %, 21532 MiB, 24564 MiB, 2640 MHz, 10251 MHz
2026/09/13 11:29:13.638, NVIDIA GeForce RTX 4090, GPU-457328ff-6f8e-1f53-8cc3-68ae75d90604, 595.91.07, P2, 57, 297.07 W, 100 %, 100 %, 21532 MiB, 24564 MiB, 2640 MHz, 10251 MHz
2026/09/13 11:29:14.640, NVIDIA GeForce RTX 4090, GPU-457328ff-6f8e-1f53-8cc3-68ae75d90604, 595.91.07, P2, 57, 297.42 W, 100 %, 100 %, 21532 MiB, 24564 MiB, 2640 MHz, 10251 MHz
2026/09/13 11:29:15.642, NVIDIA GeForce RTX 4090, GPU-457328ff-6f8e-1f53-8cc3-68ae75d90604, 595.91.07, P2, 57, 296.89 W, 100 %, 100 %, 21532 MiB, 24564 MiB, 2640 MHz, 10251 MHz
2026/09/13 11:29:16.645, NVIDIA GeForce RTX 4090, GPU-457328ff-6f8e-1f53-8cc3-68ae75d90604, 595.91.07, P2, 57, 297.23 W, 100 %, 100 %, 21532 MiB, 24564 MiB, 2640 MHz, 10251 MHz
2026/09/13 11:29:17.646, NVIDIA GeForce RTX 4090, GPU-457328ff-6f8e-1f53-8cc3-68ae75d90604, 595.91.07, P2, 57, 297.39 W, 100 %, 100 %, 21532 MiB, 24564 MiB, 2640 MHz, 10251 MHz
2026/09/13 11:29:18.649, NVIDIA GeForce RTX 4090, GPU-457328ff-6f8e-1f53-8cc3-68ae75d90604, 595.91.07, P2, 57, 297.40 W, 100 %, 100 %, 21532 MiB, 24564 MiB, 2640 MHz, 10251 MHz
2026/09/13 11:29:19.650, NVIDIA GeForce RTX 4090, GPU-457328ff-6f8e-1f53-8cc3-68ae75d90604, 595.91.07, P2, 57, 286.81 W, 100 %, 100 %, 21532 MiB, 24564 MiB, 2640 MHz, 10251 MHz
2026/09/13 11:29:20.652, NVIDIA GeForce RTX 4090, GPU-457328ff-6f8e-1f53-8cc3-68ae75d90604, 595.91.07, P2, 57, 299.17 W, 100 %, 100 %, 21532 MiB, 24564 MiB, 2640 MHz, 10251 MHz
2026/09/13 11:29:21.655, NVIDIA GeForce RTX 4090, GPU-457328ff-6f8e-1f53-8cc3-68ae75d90604, 595.91.07, P2, 57, 298.91 W, 100 %, 100 %, 21532 MiB, 24564 MiB, 2640 MHz, 10251 MHz
2026/09/13 11:29:22.657, NVIDIA GeForce RTX 4090, GPU-457328ff-6f8e-1f53-8cc3-68ae75d90604, 595.91.07, P2, 57, 299.21 W, 100 %, 100 %, 21532 MiB, 24564 MiB, 2640 MHz, 10251 MHz
2026/09/13 11:29:23.659, NVIDIA GeForce RTX 4090, GPU-457328ff-6f8e-1f53-8cc3-68ae75d90604, 595.91.07, P2, 57, 298.76 W, 100 %, 100 %, 21532 MiB, 24564 MiB, 2640 MHz, 10251 MHz
2026/09/13 11:29:24.661, NVIDIA GeForce RTX 4090, GPU-457328ff-6f8e-1f53-8cc3-68ae75d90604, 595.91.07, P2, 57, 298.48 W, 100 %, 100 %, 21532 MiB, 24564 MiB, 2640 MHz, 10251 MHz
2026/09/13 11:29:25.663, NVIDIA GeForce RTX 4090, GPU-457328ff-6f8e-1f53-8cc3-68ae75d90604, 595.91.07, P2, 57, 298.43 W, 100 %, 100 %, 21532 MiB, 24564 MiB, 2640 MHz, 10251 MHz
2026/09/13 11:29:26.665, NVIDIA GeForce RTX 4090, GPU-457328ff-6f8e-1f53-8cc3-68ae75d90604, 595.91.07, P2, 57, 298.32 W, 100 %, 100 %, 21532 MiB, 24564 MiB, 2640 MHz, 10251 MHz
2026/09/13 11:29:27.668, NVIDIA GeForce RTX 4090, GPU-457328ff-6f8e-1f53-8cc3-68ae75d90604, 595.91.07, P2, 57, 298.24 W, 100 %, 100 %, 21532 MiB, 24564 MiB, 2640 MHz, 10251 MHz
2026/09/13 11:29:28.670, NVIDIA GeForce RTX 4090, GPU-457328ff-6f8e-1f53-8cc3-68ae75d90604, 595.91.07, P2, 57, 298.45 W, 100 %, 100 %, 21532 MiB, 24564 MiB, 2640 MHz, 10251 MHz
2026/09/13 11:29:29.672, NVIDIA GeForce RTX 4090, GPU-457328ff-6f8e-1f53-8cc3-68ae75d90604, 595.91.07, P2, 57, 298.41 W, 100 %, 100 %, 21532 MiB, 24564 MiB, 2640 MHz, 10251 MHz
2026/09/13 11:29:30.674, NVIDIA GeForce RTX 4090, GPU-457328ff-6f8e-1f53-8cc3-68ae75d90604, 595.91.07, P2, 57, 297.93 W, 100 %, 100 %, 21532 MiB, 24564 MiB, 2640 MHz, 10251 MHz
2026/09/13 11:29:31.676, NVIDIA GeForce RTX 4090, GPU-457328ff-6f8e-1f53-8cc3-68ae75d90604, 595.91.07, P2, 57, 297.73 W, 100 %, 100 %, 21532 MiB, 24564 MiB, 2640 MHz, 10251 MHz
2026/09/13 11:29:32.678, NVIDIA GeForce RTX 4090, GPU-457328ff-6f8e-1f53-8cc3-68ae75d90604, 595.91.07, P2, 57, 297.86 W, 100 %, 100 %, 21532 MiB, 24564 MiB, 2640 MHz, 10251 MHz
2026/09/13 11:29:33.680, NVIDIA GeForce RTX 4090, GPU-457328ff-6f8e-1f53-8cc3-68ae75d90604, 595.91.07, P2, 57, 298.03 W, 100 %, 100 %, 21532 MiB, 24564 MiB, 2640 MHz, 10251 MHz
2026/09/13 11:29:34.681, NVIDIA GeForce RTX 4090, GPU-457328ff-6f8e-1f53-8cc3-68ae75d90604, 595.91.07, P2, 57, 298.00 W, 100 %, 100 %, 21532 MiB, 24564 MiB, 2640 MHz, 10251 MHz
2026/09/13 11:29:35.683, NVIDIA GeForce RTX 4090, GPU-457328ff-6f8e-1f53-8cc3-68ae75d90604, 595.91.07, P2, 57, 298.13 W, 100 %, 100 %, 21532 MiB, 24564 MiB, 2640 MHz, 10251 MHz
2026/09/13 11:29:36.685, NVIDIA GeForce RTX 4090, GPU-457328ff-6f8e-1f53-8cc3-68ae75d90604, 595.91.07, P2, 57, 298.22 W, 100 %, 100 %, 21532 MiB, 24564 MiB, 2640 MHz, 10251 MHz
2026/09/13 11:29:37.687, NVIDIA GeForce RTX 4090, GPU-457328ff-6f8e-1f53-8cc3-68ae75d90604, 595.91.07, P2, 57, 297.97 W, 100 %, 100 %, 21532 MiB, 24564 MiB, 2640 MHz, 10251 MHz
2026/09/13 11:29:38.690, NVIDIA GeForce RTX 4090, GPU-457328ff-6f8e-1f53-8cc3-68ae75d90604, 595.91.07, P2, 57, 297.70 W, 100 %, 100 %, 21532 MiB, 24564 MiB, 2640 MHz, 10251 MHz
2026/09/13 11:29:39.692, NVIDIA GeForce RTX 4090, GPU-457328ff-6f8e-1f53-8cc3-68ae75d90604, 595.91.07, P2, 57, 287.00 W, 100 %, 100 %, 21532 MiB, 24564 MiB, 2640 MHz, 10251 MHz
2026/09/13 11:29:40.694, NVIDIA GeForce RTX 4090, GPU-457328ff-6f8e-1f53-8cc3-68ae75d90604, 595.91.07, P2, 57, 299.94 W, 100 %, 100 %, 21532 MiB, 24564 MiB, 2640 MHz, 10251 MHz
2026/09/13 11:29:41.695, NVIDIA GeForce RTX 4090, GPU-457328ff-6f8e-1f53-8cc3-68ae75d90604, 595.91.07, P2, 57, 299.89 W, 100 %, 100 %, 21532 MiB, 24564 MiB, 2640 MHz, 10251 MHz
2026/09/13 11:29:42.698, NVIDIA GeForce RTX 4090, GPU-457328ff-6f8e-1f53-8cc3-68ae75d90604, 595.91.07, P2, 57, 299.64 W, 100 %, 100 %, 21532 MiB, 24564 MiB, 2640 MHz, 10251 MHz
2026/09/13 11:29:43.700, NVIDIA GeForce RTX 4090, GPU-457328ff-6f8e-1f53-8cc3-68ae75d90604, 595.91.07, P2, 57, 299.77 W, 100 %, 100 %, 21532 MiB, 24564 MiB, 2640 MHz, 10251 MHz
2026/09/13 11:29:44.702, NVIDIA GeForce RTX 4090, GPU-457328ff-6f8e-1f53-8cc3-68ae75d90604, 595.91.07, P2, 57, 299.71 W, 100 %, 100 %, 21532 MiB, 24564 MiB, 2640 MHz, 10251 MHz
2026/09/13 11:29:45.704, NVIDIA GeForce RTX 4090, GPU-457328ff-6f8e-1f53-8cc3-68ae75d90604, 595.91.07, P2, 57, 299.62 W, 100 %, 100 %, 21532 MiB, 24564 MiB, 2640 MHz, 10251 MHz
2026/09/13 11:29:46.706, NVIDIA GeForce RTX 4090, GPU-457328ff-6f8e-1f53-8cc3-68ae75d90604, 595.91.07, P2, 57, 299.61 W, 100 %, 100 %, 21532 MiB, 24564 MiB, 2640 MHz, 10251 MHz
2026/09/13 11:29:47.709, NVIDIA GeForce RTX 4090, GPU-457328ff-6f8e-1f53-8cc3-68ae75d90604, 595.91.07, P2, 57, 299.11 W, 100 %, 100 %, 21532 MiB, 24564 MiB, 2640 MHz, 10251 MHz
2026/09/13 11:29:48.711, NVIDIA GeForce RTX 4090, GPU-457328ff-6f8e-1f53-8cc3-68ae75d90604, 595.91.07, P2, 57, 298.67 W, 100 %, 100 %, 21532 MiB, 24564 MiB, 2640 MHz, 10251 MHz
2026/09/13 11:29:49.713, NVIDIA GeForce RTX 4090, GPU-457328ff-6f8e-1f53-8cc3-68ae75d90604, 595.91.07, P2, 57, 298.79 W, 100 %, 100 %, 21532 MiB, 24564 MiB, 2640 MHz, 10251 MHz
2026/09/13 11:29:50.715, NVIDIA GeForce RTX 4090, GPU-457328ff-6f8e-1f53-8cc3-68ae75d90604, 595.91.07, P2, 57, 298.64 W, 100 %, 100 %, 21532 MiB, 24564 MiB, 2640 MHz, 10251 MHz
2026/09/13 11:29:51.718, NVIDIA GeForce RTX 4090, GPU-457328ff-6f8e-1f53-8cc3-68ae75d90604, 595.91.07, P2, 57, 298.46 W, 100 %, 100 %, 21532 MiB, 24564 MiB, 2640 MHz, 10251 MHz
2026/09/13 11:29:52.719, NVIDIA GeForce RTX 4090, GPU-457328ff-6f8e-1f53-8cc3-68ae75d90604, 595.91.07, P2, 57, 298.60 W, 100 %, 100 %, 21532 MiB, 24564 MiB, 2640 MHz, 10251 MHz
2026/09/13 11:29:53.722, NVIDIA GeForce RTX 4090, GPU-457328ff-6f8e-1f53-8cc3-68ae75d90604, 595.91.07, P2, 57, 298.21 W, 100 %, 100 %, 21532 MiB, 24564 MiB, 2640 MHz, 10251 MHz
2026/09/13 11:29:54.723, NVIDIA GeForce RTX 4090, GPU-457328ff-6f8e-1f53-8cc3-68ae75d90604, 595.91.07, P2, 57, 298.08 W, 100 %, 100 %, 21532 MiB, 24564 MiB, 2640 MHz, 10251 MHz
2026/09/13 11:29:55.725, NVIDIA GeForce RTX 4090, GPU-457328ff-6f8e-1f53-8cc3-68ae75d90604, 595.91.07, P2, 58, 298.12 W, 100 %, 100 %, 21532 MiB, 24564 MiB, 2640 MHz, 10251 MHz
2026/09/13 11:29:56.728, NVIDIA GeForce RTX 4090, GPU-457328ff-6f8e-1f53-8cc3-68ae75d90604, 595.91.07, P2, 57, 298.53 W, 100 %, 100 %, 21532 MiB, 24564 MiB, 2640 MHz, 10251 MHz
2026/09/13 11:29:57.730, NVIDIA GeForce RTX 4090, GPU-457328ff-6f8e-1f53-8cc3-68ae75d90604, 595.91.07, P2, 58, 298.59 W, 100 %, 100 %, 21532 MiB, 24564 MiB, 2640 MHz, 10251 MHz
2026/09/13 11:29:58.732, NVIDIA GeForce RTX 4090, GPU-457328ff-6f8e-1f53-8cc3-68ae75d90604, 595.91.07, P2, 58, 298.14 W, 100 %, 100 %, 21532 MiB, 24564 MiB, 2640 MHz, 10251 MHz
2026/09/13 11:29:59.734, NVIDIA GeForce RTX 4090, GPU-457328ff-6f8e-1f53-8cc3-68ae75d90604, 595.91.07, P2, 58, 298.40 W, 100 %, 100 %, 21532 MiB, 24564 MiB, 2640 MHz, 10251 MHz
2026/09/13 11:30:00.736, NVIDIA GeForce RTX 4090, GPU-457328ff-6f8e-1f53-8cc3-68ae75d90604, 595.91.07, P2, 57, 288.27 W, 100 %, 100 %, 21532 MiB, 24564 MiB, 2640 MHz, 10251 MHz
2026/09/13 11:30:01.738, NVIDIA GeForce RTX 4090, GPU-457328ff-6f8e-1f53-8cc3-68ae75d90604, 595.91.07, P2, 57, 300.31 W, 100 %, 100 %, 21532 MiB, 24564 MiB, 2640 MHz, 10251 MHz
2026/09/13 11:30:02.739, NVIDIA GeForce RTX 4090, GPU-457328ff-6f8e-1f53-8cc3-68ae75d90604, 595.91.07, P2, 57, 300.18 W, 100 %, 100 %, 21532 MiB, 24564 MiB, 2640 MHz, 10251 MHz
2026/09/13 11:30:03.740, NVIDIA GeForce RTX 4090, GPU-457328ff-6f8e-1f53-8cc3-68ae75d90604, 595.91.07, P2, 57, 300.13 W, 100 %, 100 %, 21532 MiB, 24564 MiB, 2640 MHz, 10251 MHz
2026/09/13 11:30:04.747, NVIDIA GeForce RTX 4090, GPU-457328ff-6f8e-1f53-8cc3-68ae75d90604, 595.91.07, P2, 57, 299.66 W, 100 %, 100 %, 21532 MiB, 24564 MiB, 2640 MHz, 10251 MHz
2026/09/13 11:30:05.749, NVIDIA GeForce RTX 4090, GPU-457328ff-6f8e-1f53-8cc3-68ae75d90604, 595.91.07, P2, 57, 297.68 W, 100 %, 100 %, 21532 MiB, 24564 MiB, 2640 MHz, 10251 MHz
2026/09/13 11:30:06.947, NVIDIA GeForce RTX 4090, GPU-457328ff-6f8e-1f53-8cc3-68ae75d90604, 595.91.07, P2, 57, 299.28 W, 100 %, 100 %, 21532 MiB, 24564 MiB, 2640 MHz, 10251 MHz
2026/09/13 11:30:07.949, NVIDIA GeForce RTX 4090, GPU-457328ff-6f8e-1f53-8cc3-68ae75d90604, 595.91.07, P2, 57, 298.98 W, 100 %, 100 %, 21532 MiB, 24564 MiB, 2640 MHz, 10251 MHz
2026/09/13 11:30:08.951, NVIDIA GeForce RTX 4090, GPU-457328ff-6f8e-1f53-8cc3-68ae75d90604, 595.91.07, P2, 57, 298.72 W, 100 %, 100 %, 21532 MiB, 24564 MiB, 2640 MHz, 10251 MHz
2026/09/13 11:30:09.953, NVIDIA GeForce RTX 4090, GPU-457328ff-6f8e-1f53-8cc3-68ae75d90604, 595.91.07, P2, 57, 298.64 W, 100 %, 100 %, 21532 MiB, 24564 MiB, 2640 MHz, 10251 MHz
2026/09/13 11:30:10.955, NVIDIA GeForce RTX 4090, GPU-457328ff-6f8e-1f53-8cc3-68ae75d90604, 595.91.07, P2, 57, 298.13 W, 100 %, 100 %, 21532 MiB, 24564 MiB, 2640 MHz, 10251 MHz
2026/09/13 11:30:11.958, NVIDIA GeForce RTX 4090, GPU-457328ff-6f8e-1f53-8cc3-68ae75d90604, 595.91.07, P2, 57, 297.78 W, 100 %, 100 %, 21532 MiB, 24564 MiB, 2640 MHz, 10251 MHz
2026/09/13 11:30:12.960, NVIDIA GeForce RTX 4090, GPU-457328ff-6f8e-1f53-8cc3-68ae75d90604, 595.91.07, P2, 57, 297.73 W, 100 %, 100 %, 21532 MiB, 24564 MiB, 2640 MHz, 10251 MHz
2026/09/13 11:30:13.963, NVIDIA GeForce RTX 4090, GPU-457328ff-6f8e-1f53-8cc3-68ae75d90604, 595.91.07, P2, 57, 289.56 W, 58 %, 53 %, 21532 MiB, 24564 MiB, 2640 MHz, 10251 MHz
2026/09/13 11:30:14.965, NVIDIA GeForce RTX 4090, GPU-457328ff-6f8e-1f53-8cc3-68ae75d90604, 595.91.07, P2, 57, 293.12 W, 100 %, 100 %, 21532 MiB, 24564 MiB, 2640 MHz, 10251 MHz
2026/09/13 11:30:15.967, NVIDIA GeForce RTX 4090, GPU-457328ff-6f8e-1f53-8cc3-68ae75d90604, 595.91.07, P2, 57, 300.12 W, 100 %, 100 %, 21532 MiB, 24564 MiB, 2640 MHz, 10251 MHz
2026/09/13 11:30:16.968, NVIDIA GeForce RTX 4090, GPU-457328ff-6f8e-1f53-8cc3-68ae75d90604, 595.91.07, P2, 57, 299.76 W, 100 %, 100 %, 21532 MiB, 24564 MiB, 2640 MHz, 10251 MHz
2026/09/13 11:30:17.970, NVIDIA GeForce RTX 4090, GPU-457328ff-6f8e-1f53-8cc3-68ae75d90604, 595.91.07, P2, 57, 299.67 W, 100 %, 100 %, 21532 MiB, 24564 MiB, 2640 MHz, 10251 MHz
2026/09/13 11:30:18.972, NVIDIA GeForce RTX 4090, GPU-457328ff-6f8e-1f53-8cc3-68ae75d90604, 595.91.07, P2, 57, 299.62 W, 100 %, 100 %, 21532 MiB, 24564 MiB, 2640 MHz, 10251 MHz
2026/09/13 11:30:19.974, NVIDIA GeForce RTX 4090, GPU-457328ff-6f8e-1f53-8cc3-68ae75d90604, 595.91.07, P2, 57, 299.32 W, 100 %, 100 %, 21532 MiB, 24564 MiB, 2640 MHz, 10251 MHz
2026/09/13 11:30:20.977, NVIDIA GeForce RTX 4090, GPU-457328ff-6f8e-1f53-8cc3-68ae75d90604, 595.91.07, P2, 57, 299.01 W, 100 %, 100 %, 21532 MiB, 24564 MiB, 2640 MHz, 10251 MHz
2026/09/13 11:30:21.978, NVIDIA GeForce RTX 4090, GPU-457328ff-6f8e-1f53-8cc3-68ae75d90604, 595.91.07, P2, 57, 298.73 W, 100 %, 100 %, 21532 MiB, 24564 MiB, 2640 MHz, 10251 MHz
2026/09/13 11:30:22.980, NVIDIA GeForce RTX 4090, GPU-457328ff-6f8e-1f53-8cc3-68ae75d90604, 595.91.07, P2, 57, 298.83 W, 100 %, 100 %, 21532 MiB, 24564 MiB, 2640 MHz, 10251 MHz
2026/09/13 11:30:23.983, NVIDIA GeForce RTX 4090, GPU-457328ff-6f8e-1f53-8cc3-68ae75d90604, 595.91.07, P2, 57, 298.27 W, 100 %, 100 %, 21532 MiB, 24564 MiB, 2640 MHz, 10251 MHz
2026/09/13 11:30:24.985, NVIDIA GeForce RTX 4090, GPU-457328ff-6f8e-1f53-8cc3-68ae75d90604, 595.91.07, P2, 57, 298.43 W, 100 %, 100 %, 21532 MiB, 24564 MiB, 2640 MHz, 10251 MHz
2026/09/13 11:30:25.987, NVIDIA GeForce RTX 4090, GPU-457328ff-6f8e-1f53-8cc3-68ae75d90604, 595.91.07, P2, 57, 298.25 W, 100 %, 100 %, 21532 MiB, 24564 MiB, 2640 MHz, 10251 MHz
2026/09/13 11:30:26.989, NVIDIA GeForce RTX 4090, GPU-457328ff-6f8e-1f53-8cc3-68ae75d90604, 595.91.07, P2, 57, 297.86 W, 100 %, 100 %, 21532 MiB, 24564 MiB, 2640 MHz, 10251 MHz
2026/09/13 11:30:27.991, NVIDIA GeForce RTX 4090, GPU-457328ff-6f8e-1f53-8cc3-68ae75d90604, 595.91.07, P2, 57, 297.68 W, 100 %, 100 %, 21532 MiB, 24564 MiB, 2640 MHz, 10251 MHz
2026/09/13 11:30:28.993, NVIDIA GeForce RTX 4090, GPU-457328ff-6f8e-1f53-8cc3-68ae75d90604, 595.91.07, P2, 57, 297.77 W, 100 %, 100 %, 21532 MiB, 24564 MiB, 2640 MHz, 10251 MHz
2026/09/13 11:30:29.995, NVIDIA GeForce RTX 4090, GPU-457328ff-6f8e-1f53-8cc3-68ae75d90604, 595.91.07, P2, 57, 297.90 W, 100 %, 100 %, 21532 MiB, 24564 MiB, 2640 MHz, 10251 MHz
2026/09/13 11:30:30.998, NVIDIA GeForce RTX 4090, GPU-457328ff-6f8e-1f53-8cc3-68ae75d90604, 595.91.07, P2, 57, 298.05 W, 100 %, 100 %, 21532 MiB, 24564 MiB, 2640 MHz, 10251 MHz
2026/09/13 11:30:32.000, NVIDIA GeForce RTX 4090, GPU-457328ff-6f8e-1f53-8cc3-68ae75d90604, 595.91.07, P2, 57, 297.73 W, 100 %, 100 %, 21532 MiB, 24564 MiB, 2640 MHz, 10251 MHz
2026/09/13 11:30:33.002, NVIDIA GeForce RTX 4090, GPU-457328ff-6f8e-1f53-8cc3-68ae75d90604, 595.91.07, P2, 57, 297.18 W, 100 %, 100 %, 21532 MiB, 24564 MiB, 2640 MHz, 10251 MHz
2026/09/13 11:30:34.005, NVIDIA GeForce RTX 4090, GPU-457328ff-6f8e-1f53-8cc3-68ae75d90604, 595.91.07, P2, 57, 296.81 W, 100 %, 100 %, 21532 MiB, 24564 MiB, 2640 MHz, 10251 MHz
2026/09/13 11:30:35.009, NVIDIA GeForce RTX 4090, GPU-457328ff-6f8e-1f53-8cc3-68ae75d90604, 595.91.07, P2, 57, 285.92 W, 100 %, 100 %, 21532 MiB, 24564 MiB, 2640 MHz, 10251 MHz
2026/09/13 11:30:36.011, NVIDIA GeForce RTX 4090, GPU-457328ff-6f8e-1f53-8cc3-68ae75d90604, 595.91.07, P2, 57, 299.73 W, 100 %, 100 %, 21532 MiB, 24564 MiB, 2640 MHz, 10251 MHz
2026/09/13 11:30:37.014, NVIDIA GeForce RTX 4090, GPU-457328ff-6f8e-1f53-8cc3-68ae75d90604, 595.91.07, P2, 57, 300.12 W, 100 %, 100 %, 21532 MiB, 24564 MiB, 2640 MHz, 10251 MHz
2026/09/13 11:30:38.016, NVIDIA GeForce RTX 4090, GPU-457328ff-6f8e-1f53-8cc3-68ae75d90604, 595.91.07, P2, 57, 299.81 W, 100 %, 100 %, 21532 MiB, 24564 MiB, 2640 MHz, 10251 MHz
2026/09/13 11:30:39.028, NVIDIA GeForce RTX 4090, GPU-457328ff-6f8e-1f53-8cc3-68ae75d90604, 595.91.07, P2, 57, 299.15 W, 100 %, 100 %, 21532 MiB, 24564 MiB, 2640 MHz, 10251 MHz
2026/09/13 11:30:40.030, NVIDIA GeForce RTX 4090, GPU-457328ff-6f8e-1f53-8cc3-68ae75d90604, 595.91.07, P2, 57, 298.84 W, 100 %, 100 %, 21532 MiB, 24564 MiB, 2640 MHz, 10251 MHz
2026/09/13 11:30:41.033, NVIDIA GeForce RTX 4090, GPU-457328ff-6f8e-1f53-8cc3-68ae75d90604, 595.91.07, P2, 57, 298.36 W, 100 %, 100 %, 21532 MiB, 24564 MiB, 2640 MHz, 10251 MHz
2026/09/13 11:30:42.035, NVIDIA GeForce RTX 4090, GPU-457328ff-6f8e-1f53-8cc3-68ae75d90604, 595.91.07, P2, 57, 298.29 W, 100 %, 100 %, 21532 MiB, 24564 MiB, 2640 MHz, 10251 MHz
2026/09/13 11:30:43.037, NVIDIA GeForce RTX 4090, GPU-457328ff-6f8e-1f53-8cc3-68ae75d90604, 595.91.07, P2, 57, 298.39 W, 100 %, 100 %, 21532 MiB, 24564 MiB, 2640 MHz, 10251 MHz
2026/09/13 11:30:44.039, NVIDIA GeForce RTX 4090, GPU-457328ff-6f8e-1f53-8cc3-68ae75d90604, 595.91.07, P2, 57, 298.23 W, 100 %, 100 %, 21532 MiB, 24564 MiB, 2640 MHz, 10251 MHz
2026/09/13 11:30:45.041, NVIDIA GeForce RTX 4090, GPU-457328ff-6f8e-1f53-8cc3-68ae75d90604, 595.91.07, P2, 57, 297.79 W, 100 %, 100 %, 21532 MiB, 24564 MiB, 2640 MHz, 10251 MHz
2026/09/13 11:30:46.044, NVIDIA GeForce RTX 4090, GPU-457328ff-6f8e-1f53-8cc3-68ae75d90604, 595.91.07, P2, 57, 297.97 W, 100 %, 100 %, 21532 MiB, 24564 MiB, 2640 MHz, 10251 MHz
2026/09/13 11:30:47.045, NVIDIA GeForce RTX 4090, GPU-457328ff-6f8e-1f53-8cc3-68ae75d90604, 595.91.07, P2, 57, 297.83 W, 100 %, 100 %, 21532 MiB, 24564 MiB, 2640 MHz, 10251 MHz
2026/09/13 11:30:48.047, NVIDIA GeForce RTX 4090, GPU-457328ff-6f8e-1f53-8cc3-68ae75d90604, 595.91.07, P2, 57, 297.76 W, 100 %, 100 %, 21532 MiB, 24564 MiB, 2640 MHz, 10251 MHz
2026/09/13 11:30:49.049, NVIDIA GeForce RTX 4090, GPU-457328ff-6f8e-1f53-8cc3-68ae75d90604, 595.91.07, P2, 57, 297.47 W, 100 %, 100 %, 21532 MiB, 24564 MiB, 2640 MHz, 10251 MHz
2026/09/13 11:30:50.052, NVIDIA GeForce RTX 4090, GPU-457328ff-6f8e-1f53-8cc3-68ae75d90604, 595.91.07, P2, 57, 297.67 W, 100 %, 100 %, 21532 MiB, 24564 MiB, 2640 MHz, 10251 MHz
2026/09/13 11:30:51.053, NVIDIA GeForce RTX 4090, GPU-457328ff-6f8e-1f53-8cc3-68ae75d90604, 595.91.07, P2, 57, 297.62 W, 100 %, 100 %, 21532 MiB, 24564 MiB, 2640 MHz, 10251 MHz
2026/09/13 11:30:52.055, NVIDIA GeForce RTX 4090, GPU-457328ff-6f8e-1f53-8cc3-68ae75d90604, 595.91.07, P2, 57, 297.37 W, 100 %, 100 %, 21532 MiB, 24564 MiB, 2640 MHz, 10251 MHz
2026/09/13 11:30:53.057, NVIDIA GeForce RTX 4090, GPU-457328ff-6f8e-1f53-8cc3-68ae75d90604, 595.91.07, P2, 57, 297.58 W, 100 %, 100 %, 21532 MiB, 24564 MiB, 2640 MHz, 10251 MHz
2026/09/13 11:30:54.059, NVIDIA GeForce RTX 4090, GPU-457328ff-6f8e-1f53-8cc3-68ae75d90604, 595.91.07, P2, 57, 297.74 W, 100 %, 100 %, 21532 MiB, 24564 MiB, 2640 MHz, 10251 MHz
2026/09/13 11:30:55.061, NVIDIA GeForce RTX 4090, GPU-457328ff-6f8e-1f53-8cc3-68ae75d90604, 595.91.07, P2, 57, 286.41 W, 45 %, 41 %, 21532 MiB, 24564 MiB, 2640 MHz, 10251 MHz
2026/09/13 11:30:56.063, NVIDIA GeForce RTX 4090, GPU-457328ff-6f8e-1f53-8cc3-68ae75d90604, 595.91.07, P2, 57, 289.40 W, 100 %, 100 %, 21532 MiB, 24564 MiB, 2640 MHz, 10251 MHz
2026/09/13 11:30:57.065, NVIDIA GeForce RTX 4090, GPU-457328ff-6f8e-1f53-8cc3-68ae75d90604, 595.91.07, P2, 57, 299.08 W, 100 %, 100 %, 21532 MiB, 24564 MiB, 2640 MHz, 10251 MHz
2026/09/13 11:30:58.067, NVIDIA GeForce RTX 4090, GPU-457328ff-6f8e-1f53-8cc3-68ae75d90604, 595.91.07, P2, 57, 299.20 W, 100 %, 100 %, 21532 MiB, 24564 MiB, 2640 MHz, 10251 MHz
2026/09/13 11:30:59.069, NVIDIA GeForce RTX 4090, GPU-457328ff-6f8e-1f53-8cc3-68ae75d90604, 595.91.07, P2, 57, 299.20 W, 100 %, 100 %, 21532 MiB, 24564 MiB, 2640 MHz, 10251 MHz
2026/09/13 11:31:00.071, NVIDIA GeForce RTX 4090, GPU-457328ff-6f8e-1f53-8cc3-68ae75d90604, 595.91.07, P2, 57, 299.13 W, 100 %, 100 %, 21532 MiB, 24564 MiB, 2640 MHz, 10251 MHz
2026/09/13 11:31:01.072, NVIDIA GeForce RTX 4090, GPU-457328ff-6f8e-1f53-8cc3-68ae75d90604, 595.91.07, P2, 57, 298.94 W, 100 %, 100 %, 21532 MiB, 24564 MiB, 2640 MHz, 10251 MHz
2026/09/13 11:31:02.074, NVIDIA GeForce RTX 4090, GPU-457328ff-6f8e-1f53-8cc3-68ae75d90604, 595.91.07, P2, 57, 299.12 W, 100 %, 100 %, 21532 MiB, 24564 MiB, 2640 MHz, 10251 MHz
2026/09/13 11:31:03.076, NVIDIA GeForce RTX 4090, GPU-457328ff-6f8e-1f53-8cc3-68ae75d90604, 595.91.07, P2, 57, 298.91 W, 100 %, 100 %, 21532 MiB, 24564 MiB, 2640 MHz, 10251 MHz
2026/09/13 11:31:04.079, NVIDIA GeForce RTX 4090, GPU-457328ff-6f8e-1f53-8cc3-68ae75d90604, 595.91.07, P2, 57, 298.94 W, 100 %, 100 %, 21532 MiB, 24564 MiB, 2640 MHz, 10251 MHz
2026/09/13 11:31:05.080, NVIDIA GeForce RTX 4090, GPU-457328ff-6f8e-1f53-8cc3-68ae75d90604, 595.91.07, P2, 57, 298.70 W, 100 %, 100 %, 21532 MiB, 24564 MiB, 2640 MHz, 10251 MHz
2026/09/13 11:31:06.082, NVIDIA GeForce RTX 4090, GPU-457328ff-6f8e-1f53-8cc3-68ae75d90604, 595.91.07, P2, 57, 298.46 W, 100 %, 100 %, 21532 MiB, 24564 MiB, 2640 MHz, 10251 MHz
2026/09/13 11:31:07.084, NVIDIA GeForce RTX 4090, GPU-457328ff-6f8e-1f53-8cc3-68ae75d90604, 595.91.07, P2, 57, 298.18 W, 100 %, 100 %, 21532 MiB, 24564 MiB, 2640 MHz, 10251 MHz
2026/09/13 11:31:08.085, NVIDIA GeForce RTX 4090, GPU-457328ff-6f8e-1f53-8cc3-68ae75d90604, 595.91.07, P2, 57, 297.97 W, 100 %, 100 %, 21532 MiB, 24564 MiB, 2640 MHz, 10251 MHz
2026/09/13 11:31:09.087, NVIDIA GeForce RTX 4090, GPU-457328ff-6f8e-1f53-8cc3-68ae75d90604, 595.91.07, P2, 57, 297.85 W, 100 %, 100 %, 21532 MiB, 24564 MiB, 2640 MHz, 10251 MHz
2026/09/13 11:31:10.089, NVIDIA GeForce RTX 4090, GPU-457328ff-6f8e-1f53-8cc3-68ae75d90604, 595.91.07, P2, 57, 297.65 W, 100 %, 100 %, 21532 MiB, 24564 MiB, 2640 MHz, 10251 MHz
2026/09/13 11:31:11.090, NVIDIA GeForce RTX 4090, GPU-457328ff-6f8e-1f53-8cc3-68ae75d90604, 595.91.07, P2, 57, 297.65 W, 100 %, 100 %, 21532 MiB, 24564 MiB, 2640 MHz, 10251 MHz
2026/09/13 11:31:12.092, NVIDIA GeForce RTX 4090, GPU-457328ff-6f8e-1f53-8cc3-68ae75d90604, 595.91.07, P2, 57, 297.72 W, 100 %, 100 %, 21532 MiB, 24564 MiB, 2640 MHz, 10251 MHz
2026/09/13 11:31:13.094, NVIDIA GeForce RTX 4090, GPU-457328ff-6f8e-1f53-8cc3-68ae75d90604, 595.91.07, P2, 57, 297.50 W, 100 %, 100 %, 21532 MiB, 24564 MiB, 2640 MHz, 10251 MHz
2026/09/13 11:31:14.097, NVIDIA GeForce RTX 4090, GPU-457328ff-6f8e-1f53-8cc3-68ae75d90604, 595.91.07, P2, 57, 297.57 W, 100 %, 100 %, 21532 MiB, 24564 MiB, 2640 MHz, 10251 MHz
2026/09/13 11:31:15.099, NVIDIA GeForce RTX 4090, GPU-457328ff-6f8e-1f53-8cc3-68ae75d90604, 595.91.07, P2, 57, 297.79 W, 100 %, 100 %, 21532 MiB, 24564 MiB, 2640 MHz, 10251 MHz
2026/09/13 11:31:16.101, NVIDIA GeForce RTX 4090, GPU-457328ff-6f8e-1f53-8cc3-68ae75d90604, 595.91.07, P2, 57, 289.03 W, 100 %, 100 %, 21532 MiB, 24564 MiB, 2640 MHz, 10251 MHz
2026/09/13 11:31:17.104, NVIDIA GeForce RTX 4090, GPU-457328ff-6f8e-1f53-8cc3-68ae75d90604, 595.91.07, P2, 58, 299.55 W, 100 %, 100 %, 21532 MiB, 24564 MiB, 2640 MHz, 10251 MHz
2026/09/13 11:31:18.106, NVIDIA GeForce RTX 4090, GPU-457328ff-6f8e-1f53-8cc3-68ae75d90604, 595.91.07, P2, 57, 299.48 W, 100 %, 100 %, 21532 MiB, 24564 MiB, 2640 MHz, 10251 MHz
2026/09/13 11:31:19.108, NVIDIA GeForce RTX 4090, GPU-457328ff-6f8e-1f53-8cc3-68ae75d90604, 595.91.07, P2, 58, 299.32 W, 100 %, 100 %, 21532 MiB, 24564 MiB, 2640 MHz, 10251 MHz
2026/09/13 11:31:20.110, NVIDIA GeForce RTX 4090, GPU-457328ff-6f8e-1f53-8cc3-68ae75d90604, 595.91.07, P2, 58, 299.59 W, 100 %, 100 %, 21532 MiB, 24564 MiB, 2640 MHz, 10251 MHz
2026/09/13 11:31:21.113, NVIDIA GeForce RTX 4090, GPU-457328ff-6f8e-1f53-8cc3-68ae75d90604, 595.91.07, P2, 58, 298.92 W, 100 %, 100 %, 21532 MiB, 24564 MiB, 2640 MHz, 10251 MHz
2026/09/13 11:31:22.115, NVIDIA GeForce RTX 4090, GPU-457328ff-6f8e-1f53-8cc3-68ae75d90604, 595.91.07, P2, 58, 298.65 W, 100 %, 100 %, 21532 MiB, 24564 MiB, 2640 MHz, 10251 MHz
2026/09/13 11:31:23.117, NVIDIA GeForce RTX 4090, GPU-457328ff-6f8e-1f53-8cc3-68ae75d90604, 595.91.07, P2, 58, 298.72 W, 100 %, 100 %, 21532 MiB, 24564 MiB, 2640 MHz, 10251 MHz
2026/09/13 11:31:24.119, NVIDIA GeForce RTX 4090, GPU-457328ff-6f8e-1f53-8cc3-68ae75d90604, 595.91.07, P2, 58, 298.87 W, 100 %, 100 %, 21532 MiB, 24564 MiB, 2640 MHz, 10251 MHz
2026/09/13 11:31:25.121, NVIDIA GeForce RTX 4090, GPU-457328ff-6f8e-1f53-8cc3-68ae75d90604, 595.91.07, P2, 57, 299.01 W, 100 %, 100 %, 21532 MiB, 24564 MiB, 2640 MHz, 10251 MHz
2026/09/13 11:31:26.123, NVIDIA GeForce RTX 4090, GPU-457328ff-6f8e-1f53-8cc3-68ae75d90604, 595.91.07, P2, 58, 292.05 W, 100 %, 100 %, 21532 MiB, 24564 MiB, 2640 MHz, 10251 MHz
2026/09/13 11:31:27.124, NVIDIA GeForce RTX 4090, GPU-457328ff-6f8e-1f53-8cc3-68ae75d90604, 595.91.07, P2, 58, 299.69 W, 100 %, 100 %, 21532 MiB, 24564 MiB, 2640 MHz, 10251 MHz
2026/09/13 11:31:28.127, NVIDIA GeForce RTX 4090, GPU-457328ff-6f8e-1f53-8cc3-68ae75d90604, 595.91.07, P2, 58, 299.73 W, 100 %, 100 %, 21532 MiB, 24564 MiB, 2640 MHz, 10251 MHz
2026/09/13 11:31:29.129, NVIDIA GeForce RTX 4090, GPU-457328ff-6f8e-1f53-8cc3-68ae75d90604, 595.91.07, P2, 58, 299.53 W, 100 %, 100 %, 21532 MiB, 24564 MiB, 2640 MHz, 10251 MHz
2026/09/13 11:31:30.131, NVIDIA GeForce RTX 4090, GPU-457328ff-6f8e-1f53-8cc3-68ae75d90604, 595.91.07, P2, 58, 299.48 W, 100 %, 100 %, 21532 MiB, 24564 MiB, 2640 MHz, 10251 MHz
2026/09/13 11:31:31.133, NVIDIA GeForce RTX 4090, GPU-457328ff-6f8e-1f53-8cc3-68ae75d90604, 595.91.07, P2, 58, 299.13 W, 100 %, 100 %, 21532 MiB, 24564 MiB, 2640 MHz, 10251 MHz
2026/09/13 11:31:32.135, NVIDIA GeForce RTX 4090, GPU-457328ff-6f8e-1f53-8cc3-68ae75d90604, 595.91.07, P2, 58, 299.03 W, 100 %, 100 %, 21532 MiB, 24564 MiB, 2640 MHz, 10251 MHz
2026/09/13 11:31:33.137, NVIDIA GeForce RTX 4090, GPU-457328ff-6f8e-1f53-8cc3-68ae75d90604, 595.91.07, P2, 58, 298.69 W, 100 %, 100 %, 21532 MiB, 24564 MiB, 2640 MHz, 10251 MHz
2026/09/13 11:31:34.139, NVIDIA GeForce RTX 4090, GPU-457328ff-6f8e-1f53-8cc3-68ae75d90604, 595.91.07, P2, 58, 298.99 W, 100 %, 100 %, 21532 MiB, 24564 MiB, 2640 MHz, 10251 MHz
2026/09/13 11:31:35.141, NVIDIA GeForce RTX 4090, GPU-457328ff-6f8e-1f53-8cc3-68ae75d90604, 595.91.07, P2, 58, 298.86 W, 100 %, 100 %, 21532 MiB, 24564 MiB, 2640 MHz, 10251 MHz
2026/09/13 11:31:36.143, NVIDIA GeForce RTX 4090, GPU-457328ff-6f8e-1f53-8cc3-68ae75d90604, 595.91.07, P2, 58, 298.67 W, 100 %, 100 %, 21532 MiB, 24564 MiB, 2640 MHz, 10251 MHz
2026/09/13 11:31:37.144, NVIDIA GeForce RTX 4090, GPU-457328ff-6f8e-1f53-8cc3-68ae75d90604, 595.91.07, P2, 58, 298.64 W, 100 %, 100 %, 21532 MiB, 24564 MiB, 2640 MHz, 10251 MHz
2026/09/13 11:31:38.146, NVIDIA GeForce RTX 4090, GPU-457328ff-6f8e-1f53-8cc3-68ae75d90604, 595.91.07, P2, 58, 298.74 W, 100 %, 100 %, 21532 MiB, 24564 MiB, 2640 MHz, 10251 MHz
2026/09/13 11:31:39.149, NVIDIA GeForce RTX 4090, GPU-457328ff-6f8e-1f53-8cc3-68ae75d90604, 595.91.07, P2, 58, 298.50 W, 100 %, 100 %, 21532 MiB, 24564 MiB, 2640 MHz, 10251 MHz
2026/09/13 11:31:40.150, NVIDIA GeForce RTX 4090, GPU-457328ff-6f8e-1f53-8cc3-68ae75d90604, 595.91.07, P2, 58, 297.92 W, 100 %, 100 %, 21532 MiB, 24564 MiB, 2640 MHz, 10251 MHz
2026/09/13 11:31:41.152, NVIDIA GeForce RTX 4090, GPU-457328ff-6f8e-1f53-8cc3-68ae75d90604, 595.91.07, P2, 58, 297.94 W, 100 %, 100 %, 21532 MiB, 24564 MiB, 2640 MHz, 10251 MHz
2026/09/13 11:31:42.154, NVIDIA GeForce RTX 4090, GPU-457328ff-6f8e-1f53-8cc3-68ae75d90604, 595.91.07, P2, 58, 297.86 W, 100 %, 100 %, 21532 MiB, 24564 MiB, 2640 MHz, 10251 MHz
2026/09/13 11:31:43.156, NVIDIA GeForce RTX 4090, GPU-457328ff-6f8e-1f53-8cc3-68ae75d90604, 595.91.07, P2, 58, 297.33 W, 100 %, 100 %, 21532 MiB, 24564 MiB, 2640 MHz, 10251 MHz
2026/09/13 11:31:44.158, NVIDIA GeForce RTX 4090, GPU-457328ff-6f8e-1f53-8cc3-68ae75d90604, 595.91.07, P2, 58, 297.37 W, 100 %, 100 %, 21532 MiB, 24564 MiB, 2640 MHz, 10251 MHz
2026/09/13 11:31:45.160, NVIDIA GeForce RTX 4090, GPU-457328ff-6f8e-1f53-8cc3-68ae75d90604, 595.91.07, P2, 58, 297.60 W, 100 %, 100 %, 21532 MiB, 24564 MiB, 2640 MHz, 10251 MHz
2026/09/13 11:31:46.162, NVIDIA GeForce RTX 4090, GPU-457328ff-6f8e-1f53-8cc3-68ae75d90604, 595.91.07, P2, 58, 287.15 W, 100 %, 100 %, 21532 MiB, 24564 MiB, 2640 MHz, 10251 MHz
2026/09/13 11:31:47.163, NVIDIA GeForce RTX 4090, GPU-457328ff-6f8e-1f53-8cc3-68ae75d90604, 595.91.07, P2, 58, 299.65 W, 100 %, 100 %, 21532 MiB, 24564 MiB, 2640 MHz, 10251 MHz
2026/09/13 11:31:48.165, NVIDIA GeForce RTX 4090, GPU-457328ff-6f8e-1f53-8cc3-68ae75d90604, 595.91.07, P2, 58, 299.58 W, 100 %, 100 %, 21532 MiB, 24564 MiB, 2640 MHz, 10251 MHz
2026/09/13 11:31:49.167, NVIDIA GeForce RTX 4090, GPU-457328ff-6f8e-1f53-8cc3-68ae75d90604, 595.91.07, P2, 58, 299.40 W, 100 %, 100 %, 21532 MiB, 24564 MiB, 2640 MHz, 10251 MHz
2026/09/13 11:31:50.169, NVIDIA GeForce RTX 4090, GPU-457328ff-6f8e-1f53-8cc3-68ae75d90604, 595.91.07, P2, 58, 299.21 W, 100 %, 100 %, 21532 MiB, 24564 MiB, 2640 MHz, 10251 MHz
2026/09/13 11:31:51.171, NVIDIA GeForce RTX 4090, GPU-457328ff-6f8e-1f53-8cc3-68ae75d90604, 595.91.07, P2, 58, 299.40 W, 100 %, 100 %, 21532 MiB, 24564 MiB, 2640 MHz, 10251 MHz
2026/09/13 11:31:52.173, NVIDIA GeForce RTX 4090, GPU-457328ff-6f8e-1f53-8cc3-68ae75d90604, 595.91.07, P2, 58, 298.88 W, 100 %, 100 %, 21532 MiB, 24564 MiB, 2640 MHz, 10251 MHz
2026/09/13 11:31:53.175, NVIDIA GeForce RTX 4090, GPU-457328ff-6f8e-1f53-8cc3-68ae75d90604, 595.91.07, P2, 58, 298.64 W, 100 %, 100 %, 21532 MiB, 24564 MiB, 2640 MHz, 10251 MHz
2026/09/13 11:31:54.177, NVIDIA GeForce RTX 4090, GPU-457328ff-6f8e-1f53-8cc3-68ae75d90604, 595.91.07, P2, 58, 299.08 W, 100 %, 100 %, 21532 MiB, 24564 MiB, 2640 MHz, 10251 MHz
2026/09/13 11:31:55.179, NVIDIA GeForce RTX 4090, GPU-457328ff-6f8e-1f53-8cc3-68ae75d90604, 595.91.07, P2, 58, 299.04 W, 100 %, 100 %, 21532 MiB, 24564 MiB, 2640 MHz, 10251 MHz
2026/09/13 11:31:56.181, NVIDIA GeForce RTX 4090, GPU-457328ff-6f8e-1f53-8cc3-68ae75d90604, 595.91.07, P2, 58, 298.47 W, 100 %, 100 %, 21532 MiB, 24564 MiB, 2640 MHz, 10251 MHz
2026/09/13 11:31:57.184, NVIDIA GeForce RTX 4090, GPU-457328ff-6f8e-1f53-8cc3-68ae75d90604, 595.91.07, P2, 58, 298.32 W, 100 %, 100 %, 21532 MiB, 24564 MiB, 2640 MHz, 10251 MHz
2026/09/13 11:31:58.186, NVIDIA GeForce RTX 4090, GPU-457328ff-6f8e-1f53-8cc3-68ae75d90604, 595.91.07, P2, 58, 298.34 W, 100 %, 100 %, 21532 MiB, 24564 MiB, 2640 MHz, 10251 MHz
2026/09/13 11:31:59.188, NVIDIA GeForce RTX 4090, GPU-457328ff-6f8e-1f53-8cc3-68ae75d90604, 595.91.07, P2, 58, 297.99 W, 100 %, 100 %, 21532 MiB, 24564 MiB, 2640 MHz, 10251 MHz
2026/09/13 11:32:00.190, NVIDIA GeForce RTX 4090, GPU-457328ff-6f8e-1f53-8cc3-68ae75d90604, 595.91.07, P2, 58, 297.99 W, 100 %, 100 %, 21532 MiB, 24564 MiB, 2640 MHz, 10251 MHz
2026/09/13 11:32:01.192, NVIDIA GeForce RTX 4090, GPU-457328ff-6f8e-1f53-8cc3-68ae75d90604, 595.91.07, P2, 58, 297.63 W, 100 %, 100 %, 21532 MiB, 24564 MiB, 2640 MHz, 10251 MHz
2026/09/13 11:32:02.195, NVIDIA GeForce RTX 4090, GPU-457328ff-6f8e-1f53-8cc3-68ae75d90604, 595.91.07, P2, 58, 297.74 W, 100 %, 100 %, 21532 MiB, 24564 MiB, 2640 MHz, 10251 MHz
2026/09/13 11:32:03.197, NVIDIA GeForce RTX 4090, GPU-457328ff-6f8e-1f53-8cc3-68ae75d90604, 595.91.07, P2, 58, 298.00 W, 100 %, 100 %, 21532 MiB, 24564 MiB, 2640 MHz, 10251 MHz
2026/09/13 11:32:04.199, NVIDIA GeForce RTX 4090, GPU-457328ff-6f8e-1f53-8cc3-68ae75d90604, 595.91.07, P2, 58, 297.76 W, 100 %, 100 %, 21532 MiB, 24564 MiB, 2640 MHz, 10251 MHz
2026/09/13 11:32:05.202, NVIDIA GeForce RTX 4090, GPU-457328ff-6f8e-1f53-8cc3-68ae75d90604, 595.91.07, P2, 58, 297.67 W, 100 %, 100 %, 21532 MiB, 24564 MiB, 2640 MHz, 10251 MHz
2026/09/13 11:32:06.204, NVIDIA GeForce RTX 4090, GPU-457328ff-6f8e-1f53-8cc3-68ae75d90604, 595.91.07, P2, 55, 287.20 W, 38 %, 34 %, 21532 MiB, 24564 MiB, 2640 MHz, 10251 MHz
2026/09/13 11:32:07.206, NVIDIA GeForce RTX 4090, GPU-457328ff-6f8e-1f53-8cc3-68ae75d90604, 595.91.07, P2, 58, 288.77 W, 100 %, 100 %, 21532 MiB, 24564 MiB, 2640 MHz, 10251 MHz
2026/09/13 11:32:08.209, NVIDIA GeForce RTX 4090, GPU-457328ff-6f8e-1f53-8cc3-68ae75d90604, 595.91.07, P2, 58, 299.39 W, 100 %, 100 %, 21532 MiB, 24564 MiB, 2640 MHz, 10251 MHz
2026/09/13 11:32:09.212, NVIDIA GeForce RTX 4090, GPU-457328ff-6f8e-1f53-8cc3-68ae75d90604, 595.91.07, P2, 58, 299.31 W, 100 %, 100 %, 21532 MiB, 24564 MiB, 2640 MHz, 10251 MHz
2026/09/13 11:32:10.215, NVIDIA GeForce RTX 4090, GPU-457328ff-6f8e-1f53-8cc3-68ae75d90604, 595.91.07, P2, 58, 299.16 W, 100 %, 100 %, 21532 MiB, 24564 MiB, 2640 MHz, 10251 MHz
2026/09/13 11:32:11.217, NVIDIA GeForce RTX 4090, GPU-457328ff-6f8e-1f53-8cc3-68ae75d90604, 595.91.07, P2, 58, 298.98 W, 100 %, 100 %, 21532 MiB, 24564 MiB, 2640 MHz, 10251 MHz
2026/09/13 11:32:12.220, NVIDIA GeForce RTX 4090, GPU-457328ff-6f8e-1f53-8cc3-68ae75d90604, 595.91.07, P2, 58, 298.75 W, 100 %, 100 %, 21532 MiB, 24564 MiB, 2640 MHz, 10251 MHz
2026/09/13 11:32:13.222, NVIDIA GeForce RTX 4090, GPU-457328ff-6f8e-1f53-8cc3-68ae75d90604, 595.91.07, P2, 58, 298.63 W, 100 %, 100 %, 21532 MiB, 24564 MiB, 2640 MHz, 10251 MHz
2026/09/13 11:32:14.225, NVIDIA GeForce RTX 4090, GPU-457328ff-6f8e-1f53-8cc3-68ae75d90604, 595.91.07, P2, 58, 298.85 W, 100 %, 100 %, 21532 MiB, 24564 MiB, 2640 MHz, 10251 MHz
2026/09/13 11:32:15.227, NVIDIA GeForce RTX 4090, GPU-457328ff-6f8e-1f53-8cc3-68ae75d90604, 595.91.07, P2, 58, 298.65 W, 100 %, 100 %, 21532 MiB, 24564 MiB, 2640 MHz, 10251 MHz
2026/09/13 11:32:16.229, NVIDIA GeForce RTX 4090, GPU-457328ff-6f8e-1f53-8cc3-68ae75d90604, 595.91.07, P2, 58, 298.21 W, 100 %, 100 %, 21532 MiB, 24564 MiB, 2640 MHz, 10251 MHz
2026/09/13 11:32:17.232, NVIDIA GeForce RTX 4090, GPU-457328ff-6f8e-1f53-8cc3-68ae75d90604, 595.91.07, P2, 58, 298.24 W, 100 %, 100 %, 21532 MiB, 24564 MiB, 2640 MHz, 10251 MHz
2026/09/13 11:32:18.234, NVIDIA GeForce RTX 4090, GPU-457328ff-6f8e-1f53-8cc3-68ae75d90604, 595.91.07, P2, 58, 297.90 W, 100 %, 100 %, 21532 MiB, 24564 MiB, 2640 MHz, 10251 MHz
2026/09/13 11:32:19.236, NVIDIA GeForce RTX 4090, GPU-457328ff-6f8e-1f53-8cc3-68ae75d90604, 595.91.07, P2, 58, 298.06 W, 100 %, 100 %, 21532 MiB, 24564 MiB, 2640 MHz, 10251 MHz
2026/09/13 11:32:20.238, NVIDIA GeForce RTX 4090, GPU-457328ff-6f8e-1f53-8cc3-68ae75d90604, 595.91.07, P2, 58, 298.13 W, 100 %, 100 %, 21532 MiB, 24564 MiB, 2640 MHz, 10251 MHz
2026/09/13 11:32:21.241, NVIDIA GeForce RTX 4090, GPU-457328ff-6f8e-1f53-8cc3-68ae75d90604, 595.91.07, P2, 58, 298.18 W, 100 %, 100 %, 21532 MiB, 24564 MiB, 2640 MHz, 10251 MHz
2026/09/13 11:32:22.243, NVIDIA GeForce RTX 4090, GPU-457328ff-6f8e-1f53-8cc3-68ae75d90604, 595.91.07, P2, 58, 298.15 W, 100 %, 100 %, 21532 MiB, 24564 MiB, 2640 MHz, 10251 MHz
2026/09/13 11:32:23.245, NVIDIA GeForce RTX 4090, GPU-457328ff-6f8e-1f53-8cc3-68ae75d90604, 595.91.07, P2, 58, 297.71 W, 100 %, 100 %, 21532 MiB, 24564 MiB, 2640 MHz, 10251 MHz
2026/09/13 11:32:24.247, NVIDIA GeForce RTX 4090, GPU-457328ff-6f8e-1f53-8cc3-68ae75d90604, 595.91.07, P2, 58, 297.77 W, 100 %, 100 %, 21532 MiB, 24564 MiB, 2640 MHz, 10251 MHz
2026/09/13 11:32:25.249, NVIDIA GeForce RTX 4090, GPU-457328ff-6f8e-1f53-8cc3-68ae75d90604, 595.91.07, P2, 58, 297.80 W, 100 %, 100 %, 21532 MiB, 24564 MiB, 2640 MHz, 10251 MHz
2026/09/13 11:32:26.251, NVIDIA GeForce RTX 4090, GPU-457328ff-6f8e-1f53-8cc3-68ae75d90604, 595.91.07, P2, 58, 287.13 W, 41 %, 40 %, 21532 MiB, 24564 MiB, 2640 MHz, 10251 MHz
2026/09/13 11:32:27.254, NVIDIA GeForce RTX 4090, GPU-457328ff-6f8e-1f53-8cc3-68ae75d90604, 595.91.07, P2, 58, 288.29 W, 100 %, 100 %, 21532 MiB, 24564 MiB, 2640 MHz, 10251 MHz
2026/09/13 11:32:28.256, NVIDIA GeForce RTX 4090, GPU-457328ff-6f8e-1f53-8cc3-68ae75d90604, 595.91.07, P2, 58, 299.44 W, 100 %, 100 %, 21532 MiB, 24564 MiB, 2640 MHz, 10251 MHz
2026/09/13 11:32:29.258, NVIDIA GeForce RTX 4090, GPU-457328ff-6f8e-1f53-8cc3-68ae75d90604, 595.91.07, P2, 58, 299.11 W, 100 %, 100 %, 21532 MiB, 24564 MiB, 2640 MHz, 10251 MHz
2026/09/13 11:32:30.260, NVIDIA GeForce RTX 4090, GPU-457328ff-6f8e-1f53-8cc3-68ae75d90604, 595.91.07, P2, 58, 299.19 W, 100 %, 100 %, 21532 MiB, 24564 MiB, 2640 MHz, 10251 MHz
2026/09/13 11:32:31.262, NVIDIA GeForce RTX 4090, GPU-457328ff-6f8e-1f53-8cc3-68ae75d90604, 595.91.07, P2, 58, 299.09 W, 100 %, 100 %, 21532 MiB, 24564 MiB, 2640 MHz, 10251 MHz
2026/09/13 11:32:32.265, NVIDIA GeForce RTX 4090, GPU-457328ff-6f8e-1f53-8cc3-68ae75d90604, 595.91.07, P2, 58, 298.90 W, 100 %, 100 %, 21532 MiB, 24564 MiB, 2640 MHz, 10251 MHz
2026/09/13 11:32:33.267, NVIDIA GeForce RTX 4090, GPU-457328ff-6f8e-1f53-8cc3-68ae75d90604, 595.91.07, P2, 58, 298.85 W, 100 %, 100 %, 21532 MiB, 24564 MiB, 2640 MHz, 10251 MHz
2026/09/13 11:32:34.269, NVIDIA GeForce RTX 4090, GPU-457328ff-6f8e-1f53-8cc3-68ae75d90604, 595.91.07, P2, 58, 298.79 W, 100 %, 100 %, 21532 MiB, 24564 MiB, 2640 MHz, 10251 MHz
2026/09/13 11:32:35.271, NVIDIA GeForce RTX 4090, GPU-457328ff-6f8e-1f53-8cc3-68ae75d90604, 595.91.07, P2, 58, 298.57 W, 100 %, 100 %, 21532 MiB, 24564 MiB, 2640 MHz, 10251 MHz
2026/09/13 11:32:36.273, NVIDIA GeForce RTX 4090, GPU-457328ff-6f8e-1f53-8cc3-68ae75d90604, 595.91.07, P2, 58, 290.39 W, 100 %, 100 %, 21532 MiB, 24564 MiB, 2640 MHz, 10251 MHz
2026/09/13 11:32:37.275, NVIDIA GeForce RTX 4090, GPU-457328ff-6f8e-1f53-8cc3-68ae75d90604, 595.91.07, P2, 58, 299.83 W, 100 %, 100 %, 21532 MiB, 24564 MiB, 2640 MHz, 10251 MHz
2026/09/13 11:32:38.277, NVIDIA GeForce RTX 4090, GPU-457328ff-6f8e-1f53-8cc3-68ae75d90604, 595.91.07, P2, 58, 299.50 W, 100 %, 100 %, 21532 MiB, 24564 MiB, 2640 MHz, 10251 MHz
2026/09/13 11:32:39.280, NVIDIA GeForce RTX 4090, GPU-457328ff-6f8e-1f53-8cc3-68ae75d90604, 595.91.07, P2, 58, 299.50 W, 100 %, 100 %, 21532 MiB, 24564 MiB, 2640 MHz, 10251 MHz
2026/09/13 11:32:40.282, NVIDIA GeForce RTX 4090, GPU-457328ff-6f8e-1f53-8cc3-68ae75d90604, 595.91.07, P2, 58, 298.95 W, 100 %, 100 %, 21532 MiB, 24564 MiB, 2640 MHz, 10251 MHz
2026/09/13 11:32:41.285, NVIDIA GeForce RTX 4090, GPU-457328ff-6f8e-1f53-8cc3-68ae75d90604, 595.91.07, P2, 58, 298.60 W, 100 %, 100 %, 21532 MiB, 24564 MiB, 2640 MHz, 10251 MHz
2026/09/13 11:32:42.287, NVIDIA GeForce RTX 4090, GPU-457328ff-6f8e-1f53-8cc3-68ae75d90604, 595.91.07, P2, 58, 298.60 W, 100 %, 100 %, 21532 MiB, 24564 MiB, 2640 MHz, 10251 MHz
2026/09/13 11:32:43.290, NVIDIA GeForce RTX 4090, GPU-457328ff-6f8e-1f53-8cc3-68ae75d90604, 595.91.07, P2, 57, 298.85 W, 100 %, 100 %, 21532 MiB, 24564 MiB, 2640 MHz, 10251 MHz
2026/09/13 11:32:44.292, NVIDIA GeForce RTX 4090, GPU-457328ff-6f8e-1f53-8cc3-68ae75d90604, 595.91.07, P2, 57, 298.29 W, 100 %, 100 %, 21532 MiB, 24564 MiB, 2640 MHz, 10251 MHz
2026/09/13 11:32:45.294, NVIDIA GeForce RTX 4090, GPU-457328ff-6f8e-1f53-8cc3-68ae75d90604, 595.91.07, P2, 57, 298.24 W, 100 %, 100 %, 21532 MiB, 24564 MiB, 2640 MHz, 10251 MHz
2026/09/13 11:32:46.296, NVIDIA GeForce RTX 4090, GPU-457328ff-6f8e-1f53-8cc3-68ae75d90604, 595.91.07, P2, 57, 298.27 W, 100 %, 100 %, 21532 MiB, 24564 MiB, 2640 MHz, 10251 MHz
2026/09/13 11:32:47.298, NVIDIA GeForce RTX 4090, GPU-457328ff-6f8e-1f53-8cc3-68ae75d90604, 595.91.07, P2, 57, 297.86 W, 100 %, 100 %, 21532 MiB, 24564 MiB, 2640 MHz, 10251 MHz
2026/09/13 11:32:48.300, NVIDIA GeForce RTX 4090, GPU-457328ff-6f8e-1f53-8cc3-68ae75d90604, 595.91.07, P2, 57, 297.61 W, 100 %, 100 %, 21532 MiB, 24564 MiB, 2640 MHz, 10251 MHz
2026/09/13 11:32:49.302, NVIDIA GeForce RTX 4090, GPU-457328ff-6f8e-1f53-8cc3-68ae75d90604, 595.91.07, P2, 57, 290.65 W, 100 %, 100 %, 21532 MiB, 24564 MiB, 2640 MHz, 10251 MHz
2026/09/13 11:32:50.304, NVIDIA GeForce RTX 4090, GPU-457328ff-6f8e-1f53-8cc3-68ae75d90604, 595.91.07, P2, 57, 299.00 W, 100 %, 100 %, 21532 MiB, 24564 MiB, 2640 MHz, 10251 MHz
2026/09/13 11:32:51.306, NVIDIA GeForce RTX 4090, GPU-457328ff-6f8e-1f53-8cc3-68ae75d90604, 595.91.07, P2, 57, 299.14 W, 100 %, 100 %, 21532 MiB, 24564 MiB, 2640 MHz, 10251 MHz
2026/09/13 11:32:52.309, NVIDIA GeForce RTX 4090, GPU-457328ff-6f8e-1f53-8cc3-68ae75d90604, 595.91.07, P2, 57, 298.93 W, 100 %, 100 %, 21532 MiB, 24564 MiB, 2640 MHz, 10251 MHz
2026/09/13 11:32:53.310, NVIDIA GeForce RTX 4090, GPU-457328ff-6f8e-1f53-8cc3-68ae75d90604, 595.91.07, P2, 57, 298.64 W, 100 %, 100 %, 21532 MiB, 24564 MiB, 2640 MHz, 10251 MHz
2026/09/13 11:32:54.313, NVIDIA GeForce RTX 4090, GPU-457328ff-6f8e-1f53-8cc3-68ae75d90604, 595.91.07, P2, 57, 298.46 W, 100 %, 100 %, 21532 MiB, 24564 MiB, 2640 MHz, 10251 MHz
2026/09/13 11:32:55.315, NVIDIA GeForce RTX 4090, GPU-457328ff-6f8e-1f53-8cc3-68ae75d90604, 595.91.07, P2, 57, 298.71 W, 100 %, 100 %, 21532 MiB, 24564 MiB, 2640 MHz, 10251 MHz
2026/09/13 11:32:56.318, NVIDIA GeForce RTX 4090, GPU-457328ff-6f8e-1f53-8cc3-68ae75d90604, 595.91.07, P2, 57, 298.49 W, 100 %, 100 %, 21532 MiB, 24564 MiB, 2640 MHz, 10251 MHz
2026/09/13 11:32:57.320, NVIDIA GeForce RTX 4090, GPU-457328ff-6f8e-1f53-8cc3-68ae75d90604, 595.91.07, P2, 57, 298.52 W, 100 %, 100 %, 21532 MiB, 24564 MiB, 2640 MHz, 10251 MHz
2026/09/13 11:32:58.322, NVIDIA GeForce RTX 4090, GPU-457328ff-6f8e-1f53-8cc3-68ae75d90604, 595.91.07, P2, 57, 298.49 W, 100 %, 100 %, 21532 MiB, 24564 MiB, 2640 MHz, 10251 MHz
2026/09/13 11:32:59.325, NVIDIA GeForce RTX 4090, GPU-457328ff-6f8e-1f53-8cc3-68ae75d90604, 595.91.07, P2, 57, 298.77 W, 100 %, 100 %, 21532 MiB, 24564 MiB, 2640 MHz, 10251 MHz
2026/09/13 11:33:00.327, NVIDIA GeForce RTX 4090, GPU-457328ff-6f8e-1f53-8cc3-68ae75d90604, 595.91.07, P2, 57, 298.43 W, 100 %, 100 %, 21532 MiB, 24564 MiB, 2640 MHz, 10251 MHz
2026/09/13 11:33:01.329, NVIDIA GeForce RTX 4090, GPU-457328ff-6f8e-1f53-8cc3-68ae75d90604, 595.91.07, P2, 57, 298.44 W, 100 %, 100 %, 21532 MiB, 24564 MiB, 2640 MHz, 10251 MHz
2026/09/13 11:33:02.331, NVIDIA GeForce RTX 4090, GPU-457328ff-6f8e-1f53-8cc3-68ae75d90604, 595.91.07, P2, 57, 298.14 W, 100 %, 100 %, 21532 MiB, 24564 MiB, 2640 MHz, 10251 MHz
2026/09/13 11:33:03.333, NVIDIA GeForce RTX 4090, GPU-457328ff-6f8e-1f53-8cc3-68ae75d90604, 595.91.07, P2, 57, 297.65 W, 100 %, 100 %, 21532 MiB, 24564 MiB, 2640 MHz, 10251 MHz
2026/09/13 11:33:04.335, NVIDIA GeForce RTX 4090, GPU-457328ff-6f8e-1f53-8cc3-68ae75d90604, 595.91.07, P2, 57, 297.32 W, 100 %, 100 %, 21532 MiB, 24564 MiB, 2640 MHz, 10251 MHz
2026/09/13 11:33:05.337, NVIDIA GeForce RTX 4090, GPU-457328ff-6f8e-1f53-8cc3-68ae75d90604, 595.91.07, P2, 57, 297.94 W, 100 %, 100 %, 21532 MiB, 24564 MiB, 2640 MHz, 10251 MHz
2026/09/13 11:33:06.339, NVIDIA GeForce RTX 4090, GPU-457328ff-6f8e-1f53-8cc3-68ae75d90604, 595.91.07, P2, 57, 298.05 W, 100 %, 100 %, 21532 MiB, 24564 MiB, 2640 MHz, 10251 MHz
2026/09/13 11:33:07.341, NVIDIA GeForce RTX 4090, GPU-457328ff-6f8e-1f53-8cc3-68ae75d90604, 595.91.07, P2, 57, 297.84 W, 100 %, 100 %, 21532 MiB, 24564 MiB, 2640 MHz, 10251 MHz
2026/09/13 11:33:08.343, NVIDIA GeForce RTX 4090, GPU-457328ff-6f8e-1f53-8cc3-68ae75d90604, 595.91.07, P2, 57, 297.78 W, 100 %, 100 %, 21532 MiB, 24564 MiB, 2640 MHz, 10251 MHz
2026/09/13 11:33:09.346, NVIDIA GeForce RTX 4090, GPU-457328ff-6f8e-1f53-8cc3-68ae75d90604, 595.91.07, P2, 57, 289.91 W, 100 %, 100 %, 21532 MiB, 24564 MiB, 2640 MHz, 10251 MHz
2026/09/13 11:33:10.347, NVIDIA GeForce RTX 4090, GPU-457328ff-6f8e-1f53-8cc3-68ae75d90604, 595.91.07, P2, 57, 299.48 W, 100 %, 100 %, 21532 MiB, 24564 MiB, 2640 MHz, 10251 MHz
2026/09/13 11:33:11.349, NVIDIA GeForce RTX 4090, GPU-457328ff-6f8e-1f53-8cc3-68ae75d90604, 595.91.07, P2, 58, 299.70 W, 100 %, 100 %, 21532 MiB, 24564 MiB, 2640 MHz, 10251 MHz
2026/09/13 11:33:12.351, NVIDIA GeForce RTX 4090, GPU-457328ff-6f8e-1f53-8cc3-68ae75d90604, 595.91.07, P2, 58, 299.44 W, 100 %, 100 %, 21532 MiB, 24564 MiB, 2640 MHz, 10251 MHz
2026/09/13 11:33:13.352, NVIDIA GeForce RTX 4090, GPU-457328ff-6f8e-1f53-8cc3-68ae75d90604, 595.91.07, P2, 57, 299.60 W, 100 %, 100 %, 21532 MiB, 24564 MiB, 2640 MHz, 10251 MHz
2026/09/13 11:33:14.354, NVIDIA GeForce RTX 4090, GPU-457328ff-6f8e-1f53-8cc3-68ae75d90604, 595.91.07, P2, 58, 299.19 W, 100 %, 100 %, 21532 MiB, 24564 MiB, 2640 MHz, 10251 MHz
2026/09/13 11:33:15.356, NVIDIA GeForce RTX 4090, GPU-457328ff-6f8e-1f53-8cc3-68ae75d90604, 595.91.07, P2, 58, 298.84 W, 100 %, 100 %, 21532 MiB, 24564 MiB, 2640 MHz, 10251 MHz
2026/09/13 11:33:16.357, NVIDIA GeForce RTX 4090, GPU-457328ff-6f8e-1f53-8cc3-68ae75d90604, 595.91.07, P2, 58, 298.74 W, 100 %, 100 %, 21532 MiB, 24564 MiB, 2640 MHz, 10251 MHz
2026/09/13 11:33:17.359, NVIDIA GeForce RTX 4090, GPU-457328ff-6f8e-1f53-8cc3-68ae75d90604, 595.91.07, P2, 58, 298.77 W, 100 %, 100 %, 21532 MiB, 24564 MiB, 2640 MHz, 10251 MHz
2026/09/13 11:33:18.361, NVIDIA GeForce RTX 4090, GPU-457328ff-6f8e-1f53-8cc3-68ae75d90604, 595.91.07, P2, 58, 298.62 W, 100 %, 100 %, 21532 MiB, 24564 MiB, 2640 MHz, 10251 MHz
2026/09/13 11:33:19.363, NVIDIA GeForce RTX 4090, GPU-457328ff-6f8e-1f53-8cc3-68ae75d90604, 595.91.07, P2, 58, 298.98 W, 100 %, 100 %, 21532 MiB, 24564 MiB, 2640 MHz, 10251 MHz
2026/09/13 11:33:20.365, NVIDIA GeForce RTX 4090, GPU-457328ff-6f8e-1f53-8cc3-68ae75d90604, 595.91.07, P2, 58, 298.75 W, 100 %, 100 %, 21532 MiB, 24564 MiB, 2640 MHz, 10251 MHz
2026/09/13 11:33:21.367, NVIDIA GeForce RTX 4090, GPU-457328ff-6f8e-1f53-8cc3-68ae75d90604, 595.91.07, P2, 58, 298.43 W, 100 %, 100 %, 21532 MiB, 24564 MiB, 2640 MHz, 10251 MHz
2026/09/13 11:33:22.369, NVIDIA GeForce RTX 4090, GPU-457328ff-6f8e-1f53-8cc3-68ae75d90604, 595.91.07, P2, 58, 298.35 W, 100 %, 100 %, 21532 MiB, 24564 MiB, 2640 MHz, 10251 MHz
2026/09/13 11:33:23.372, NVIDIA GeForce RTX 4090, GPU-457328ff-6f8e-1f53-8cc3-68ae75d90604, 595.91.07, P2, 58, 298.46 W, 100 %, 100 %, 21532 MiB, 24564 MiB, 2640 MHz, 10251 MHz
2026/09/13 11:33:24.373, NVIDIA GeForce RTX 4090, GPU-457328ff-6f8e-1f53-8cc3-68ae75d90604, 595.91.07, P2, 58, 298.23 W, 100 %, 100 %, 21532 MiB, 24564 MiB, 2640 MHz, 10251 MHz
2026/09/13 11:33:25.375, NVIDIA GeForce RTX 4090, GPU-457328ff-6f8e-1f53-8cc3-68ae75d90604, 595.91.07, P2, 58, 298.23 W, 100 %, 100 %, 21532 MiB, 24564 MiB, 2640 MHz, 10251 MHz
2026/09/13 11:33:26.376, NVIDIA GeForce RTX 4090, GPU-457328ff-6f8e-1f53-8cc3-68ae75d90604, 595.91.07, P2, 58, 298.74 W, 100 %, 100 %, 21532 MiB, 24564 MiB, 2640 MHz, 10251 MHz
2026/09/13 11:33:27.378, NVIDIA GeForce RTX 4090, GPU-457328ff-6f8e-1f53-8cc3-68ae75d90604, 595.91.07, P2, 58, 298.22 W, 100 %, 100 %, 21532 MiB, 24564 MiB, 2640 MHz, 10251 MHz
2026/09/13 11:33:28.380, NVIDIA GeForce RTX 4090, GPU-457328ff-6f8e-1f53-8cc3-68ae75d90604, 595.91.07, P2, 57, 297.94 W, 100 %, 100 %, 21532 MiB, 24564 MiB, 2640 MHz, 10251 MHz
2026/09/13 11:33:29.382, NVIDIA GeForce RTX 4090, GPU-457328ff-6f8e-1f53-8cc3-68ae75d90604, 595.91.07, P2, 58, 294.11 W, 100 %, 100 %, 21532 MiB, 24564 MiB, 2640 MHz, 10251 MHz
2026/09/13 11:33:30.384, NVIDIA GeForce RTX 4090, GPU-457328ff-6f8e-1f53-8cc3-68ae75d90604, 595.91.07, P2, 58, 300.00 W, 100 %, 100 %, 21532 MiB, 24564 MiB, 2640 MHz, 10251 MHz
2026/09/13 11:33:31.385, NVIDIA GeForce RTX 4090, GPU-457328ff-6f8e-1f53-8cc3-68ae75d90604, 595.91.07, P2, 58, 300.15 W, 100 %, 100 %, 21532 MiB, 24564 MiB, 2640 MHz, 10251 MHz
2026/09/13 11:33:32.387, NVIDIA GeForce RTX 4090, GPU-457328ff-6f8e-1f53-8cc3-68ae75d90604, 595.91.07, P2, 58, 300.17 W, 100 %, 100 %, 21532 MiB, 24564 MiB, 2640 MHz, 10251 MHz
2026/09/13 11:33:33.389, NVIDIA GeForce RTX 4090, GPU-457328ff-6f8e-1f53-8cc3-68ae75d90604, 595.91.07, P2, 58, 300.09 W, 100 %, 100 %, 21532 MiB, 24564 MiB, 2640 MHz, 10251 MHz
2026/09/13 11:33:34.390, NVIDIA GeForce RTX 4090, GPU-457328ff-6f8e-1f53-8cc3-68ae75d90604, 595.91.07, P2, 58, 299.49 W, 100 %, 100 %, 21532 MiB, 24564 MiB, 2640 MHz, 10251 MHz
2026/09/13 11:33:35.392, NVIDIA GeForce RTX 4090, GPU-457328ff-6f8e-1f53-8cc3-68ae75d90604, 595.91.07, P2, 58, 299.34 W, 100 %, 100 %, 21532 MiB, 24564 MiB, 2640 MHz, 10251 MHz
2026/09/13 11:33:36.393, NVIDIA GeForce RTX 4090, GPU-457328ff-6f8e-1f53-8cc3-68ae75d90604, 595.91.07, P2, 58, 299.13 W, 100 %, 100 %, 21532 MiB, 24564 MiB, 2640 MHz, 10251 MHz
2026/09/13 11:33:37.395, NVIDIA GeForce RTX 4090, GPU-457328ff-6f8e-1f53-8cc3-68ae75d90604, 595.91.07, P2, 58, 299.25 W, 100 %, 100 %, 21532 MiB, 24564 MiB, 2640 MHz, 10251 MHz
2026/09/13 11:33:38.397, NVIDIA GeForce RTX 4090, GPU-457328ff-6f8e-1f53-8cc3-68ae75d90604, 595.91.07, P2, 58, 298.66 W, 100 %, 100 %, 21532 MiB, 24564 MiB, 2640 MHz, 10251 MHz
2026/09/13 11:33:39.399, NVIDIA GeForce RTX 4090, GPU-457328ff-6f8e-1f53-8cc3-68ae75d90604, 595.91.07, P2, 58, 298.19 W, 100 %, 100 %, 21532 MiB, 24564 MiB, 2640 MHz, 10251 MHz
2026/09/13 11:33:40.400, NVIDIA GeForce RTX 4090, GPU-457328ff-6f8e-1f53-8cc3-68ae75d90604, 595.91.07, P2, 58, 298.33 W, 100 %, 100 %, 21532 MiB, 24564 MiB, 2640 MHz, 10251 MHz
2026/09/13 11:33:41.402, NVIDIA GeForce RTX 4090, GPU-457328ff-6f8e-1f53-8cc3-68ae75d90604, 595.91.07, P2, 58, 298.69 W, 100 %, 100 %, 21532 MiB, 24564 MiB, 2640 MHz, 10251 MHz
2026/09/13 11:33:42.404, NVIDIA GeForce RTX 4090, GPU-457328ff-6f8e-1f53-8cc3-68ae75d90604, 595.91.07, P2, 58, 298.54 W, 100 %, 100 %, 21532 MiB, 24564 MiB, 2640 MHz, 10251 MHz
2026/09/13 11:33:43.405, NVIDIA GeForce RTX 4090, GPU-457328ff-6f8e-1f53-8cc3-68ae75d90604, 595.91.07, P2, 57, 290.70 W, 100 %, 100 %, 21532 MiB, 24564 MiB, 2640 MHz, 10251 MHz
2026/09/13 11:33:44.407, NVIDIA GeForce RTX 4090, GPU-457328ff-6f8e-1f53-8cc3-68ae75d90604, 595.91.07, P2, 58, 300.34 W, 100 %, 100 %, 21532 MiB, 24564 MiB, 2640 MHz, 10251 MHz
2026/09/13 11:33:45.408, NVIDIA GeForce RTX 4090, GPU-457328ff-6f8e-1f53-8cc3-68ae75d90604, 595.91.07, P2, 58, 300.67 W, 100 %, 100 %, 21532 MiB, 24564 MiB, 2640 MHz, 10251 MHz
2026/09/13 11:33:46.410, NVIDIA GeForce RTX 4090, GPU-457328ff-6f8e-1f53-8cc3-68ae75d90604, 595.91.07, P2, 58, 299.88 W, 100 %, 100 %, 21532 MiB, 24564 MiB, 2640 MHz, 10251 MHz
2026/09/13 11:33:47.412, NVIDIA GeForce RTX 4090, GPU-457328ff-6f8e-1f53-8cc3-68ae75d90604, 595.91.07, P2, 58, 299.80 W, 100 %, 100 %, 21532 MiB, 24564 MiB, 2640 MHz, 10251 MHz
2026/09/13 11:33:48.414, NVIDIA GeForce RTX 4090, GPU-457328ff-6f8e-1f53-8cc3-68ae75d90604, 595.91.07, P2, 58, 299.67 W, 100 %, 100 %, 21532 MiB, 24564 MiB, 2640 MHz, 10251 MHz
2026/09/13 11:33:49.415, NVIDIA GeForce RTX 4090, GPU-457328ff-6f8e-1f53-8cc3-68ae75d90604, 595.91.07, P2, 58, 299.63 W, 100 %, 100 %, 21532 MiB, 24564 MiB, 2640 MHz, 10251 MHz
2026/09/13 11:33:50.417, NVIDIA GeForce RTX 4090, GPU-457328ff-6f8e-1f53-8cc3-68ae75d90604, 595.91.07, P2, 57, 299.53 W, 100 %, 100 %, 21532 MiB, 24564 MiB, 2640 MHz, 10251 MHz
2026/09/13 11:33:51.419, NVIDIA GeForce RTX 4090, GPU-457328ff-6f8e-1f53-8cc3-68ae75d90604, 595.91.07, P2, 57, 298.95 W, 100 %, 100 %, 21532 MiB, 24564 MiB, 2640 MHz, 10251 MHz
2026/09/13 11:33:52.421, NVIDIA GeForce RTX 4090, GPU-457328ff-6f8e-1f53-8cc3-68ae75d90604, 595.91.07, P2, 57, 298.68 W, 100 %, 100 %, 21532 MiB, 24564 MiB, 2640 MHz, 10251 MHz
2026/09/13 11:33:53.423, NVIDIA GeForce RTX 4090, GPU-457328ff-6f8e-1f53-8cc3-68ae75d90604, 595.91.07, P2, 57, 298.44 W, 100 %, 100 %, 21532 MiB, 24564 MiB, 2640 MHz, 10251 MHz
2026/09/13 11:33:54.425, NVIDIA GeForce RTX 4090, GPU-457328ff-6f8e-1f53-8cc3-68ae75d90604, 595.91.07, P2, 57, 298.44 W, 100 %, 100 %, 21532 MiB, 24564 MiB, 2640 MHz, 10251 MHz
2026/09/13 11:33:55.427, NVIDIA GeForce RTX 4090, GPU-457328ff-6f8e-1f53-8cc3-68ae75d90604, 595.91.07, P2, 57, 298.07 W, 100 %, 100 %, 21532 MiB, 24564 MiB, 2640 MHz, 10251 MHz
2026/09/13 11:33:56.429, NVIDIA GeForce RTX 4090, GPU-457328ff-6f8e-1f53-8cc3-68ae75d90604, 595.91.07, P2, 57, 298.31 W, 100 %, 100 %, 21532 MiB, 24564 MiB, 2640 MHz, 10251 MHz
2026/09/13 11:33:57.431, NVIDIA GeForce RTX 4090, GPU-457328ff-6f8e-1f53-8cc3-68ae75d90604, 595.91.07, P2, 57, 298.47 W, 100 %, 100 %, 21532 MiB, 24564 MiB, 2640 MHz, 10251 MHz
2026/09/13 11:33:58.433, NVIDIA GeForce RTX 4090, GPU-457328ff-6f8e-1f53-8cc3-68ae75d90604, 595.91.07, P2, 57, 298.49 W, 100 %, 100 %, 21532 MiB, 24564 MiB, 2640 MHz, 10251 MHz
2026/09/13 11:33:59.435, NVIDIA GeForce RTX 4090, GPU-457328ff-6f8e-1f53-8cc3-68ae75d90604, 595.91.07, P2, 57, 298.38 W, 100 %, 100 %, 21532 MiB, 24564 MiB, 2640 MHz, 10251 MHz
2026/09/13 11:34:00.437, NVIDIA GeForce RTX 4090, GPU-457328ff-6f8e-1f53-8cc3-68ae75d90604, 595.91.07, P2, 57, 298.22 W, 100 %, 100 %, 21532 MiB, 24564 MiB, 2640 MHz, 10251 MHz
2026/09/13 11:34:01.439, NVIDIA GeForce RTX 4090, GPU-457328ff-6f8e-1f53-8cc3-68ae75d90604, 595.91.07, P2, 57, 297.71 W, 100 %, 100 %, 21532 MiB, 24564 MiB, 2640 MHz, 10251 MHz
2026/09/13 11:34:02.442, NVIDIA GeForce RTX 4090, GPU-457328ff-6f8e-1f53-8cc3-68ae75d90604, 595.91.07, P2, 57, 298.01 W, 100 %, 100 %, 21532 MiB, 24564 MiB, 2640 MHz, 10251 MHz
2026/09/13 11:34:03.443, NVIDIA GeForce RTX 4090, GPU-457328ff-6f8e-1f53-8cc3-68ae75d90604, 595.91.07, P2, 57, 298.02 W, 100 %, 100 %, 21532 MiB, 24564 MiB, 2640 MHz, 10251 MHz
2026/09/13 11:34:04.445, NVIDIA GeForce RTX 4090, GPU-457328ff-6f8e-1f53-8cc3-68ae75d90604, 595.91.07, P2, 57, 287.72 W, 100 %, 100 %, 21532 MiB, 24564 MiB, 2640 MHz, 10251 MHz
2026/09/13 11:34:05.447, NVIDIA GeForce RTX 4090, GPU-457328ff-6f8e-1f53-8cc3-68ae75d90604, 595.91.07, P2, 57, 299.48 W, 100 %, 100 %, 21532 MiB, 24564 MiB, 2640 MHz, 10251 MHz
2026/09/13 11:34:06.449, NVIDIA GeForce RTX 4090, GPU-457328ff-6f8e-1f53-8cc3-68ae75d90604, 595.91.07, P2, 57, 299.26 W, 100 %, 100 %, 21532 MiB, 24564 MiB, 2640 MHz, 10251 MHz
2026/09/13 11:34:07.452, NVIDIA GeForce RTX 4090, GPU-457328ff-6f8e-1f53-8cc3-68ae75d90604, 595.91.07, P2, 57, 299.33 W, 100 %, 100 %, 21532 MiB, 24564 MiB, 2640 MHz, 10251 MHz
2026/09/13 11:34:08.454, NVIDIA GeForce RTX 4090, GPU-457328ff-6f8e-1f53-8cc3-68ae75d90604, 595.91.07, P2, 57, 299.09 W, 100 %, 100 %, 21532 MiB, 24564 MiB, 2640 MHz, 10251 MHz
2026/09/13 11:34:09.456, NVIDIA GeForce RTX 4090, GPU-457328ff-6f8e-1f53-8cc3-68ae75d90604, 595.91.07, P2, 57, 298.89 W, 100 %, 100 %, 21532 MiB, 24564 MiB, 2640 MHz, 10251 MHz
2026/09/13 11:34:10.459, NVIDIA GeForce RTX 4090, GPU-457328ff-6f8e-1f53-8cc3-68ae75d90604, 595.91.07, P2, 57, 299.07 W, 100 %, 100 %, 21532 MiB, 24564 MiB, 2640 MHz, 10251 MHz
2026/09/13 11:34:11.461, NVIDIA GeForce RTX 4090, GPU-457328ff-6f8e-1f53-8cc3-68ae75d90604, 595.91.07, P2, 57, 298.90 W, 100 %, 100 %, 21532 MiB, 24564 MiB, 2640 MHz, 10251 MHz
2026/09/13 11:34:12.463, NVIDIA GeForce RTX 4090, GPU-457328ff-6f8e-1f53-8cc3-68ae75d90604, 595.91.07, P2, 57, 298.63 W, 100 %, 100 %, 21532 MiB, 24564 MiB, 2640 MHz, 10251 MHz
2026/09/13 11:34:13.465, NVIDIA GeForce RTX 4090, GPU-457328ff-6f8e-1f53-8cc3-68ae75d90604, 595.91.07, P2, 57, 298.74 W, 100 %, 100 %, 21532 MiB, 24564 MiB, 2640 MHz, 10251 MHz
2026/09/13 11:34:14.468, NVIDIA GeForce RTX 4090, GPU-457328ff-6f8e-1f53-8cc3-68ae75d90604, 595.91.07, P2, 57, 298.57 W, 100 %, 100 %, 21532 MiB, 24564 MiB, 2640 MHz, 10251 MHz
2026/09/13 11:34:15.469, NVIDIA GeForce RTX 4090, GPU-457328ff-6f8e-1f53-8cc3-68ae75d90604, 595.91.07, P2, 57, 298.14 W, 100 %, 100 %, 21532 MiB, 24564 MiB, 2640 MHz, 10251 MHz
2026/09/13 11:34:16.471, NVIDIA GeForce RTX 4090, GPU-457328ff-6f8e-1f53-8cc3-68ae75d90604, 595.91.07, P2, 57, 298.01 W, 100 %, 100 %, 21532 MiB, 24564 MiB, 2640 MHz, 10251 MHz
2026/09/13 11:34:17.473, NVIDIA GeForce RTX 4090, GPU-457328ff-6f8e-1f53-8cc3-68ae75d90604, 595.91.07, P2, 57, 298.26 W, 100 %, 100 %, 21532 MiB, 24564 MiB, 2640 MHz, 10251 MHz
2026/09/13 11:34:18.475, NVIDIA GeForce RTX 4090, GPU-457328ff-6f8e-1f53-8cc3-68ae75d90604, 595.91.07, P2, 57, 298.11 W, 100 %, 100 %, 21532 MiB, 24564 MiB, 2640 MHz, 10251 MHz
2026/09/13 11:34:19.476, NVIDIA GeForce RTX 4090, GPU-457328ff-6f8e-1f53-8cc3-68ae75d90604, 595.91.07, P2, 57, 297.94 W, 100 %, 100 %, 21532 MiB, 24564 MiB, 2640 MHz, 10251 MHz
2026/09/13 11:34:20.478, NVIDIA GeForce RTX 4090, GPU-457328ff-6f8e-1f53-8cc3-68ae75d90604, 595.91.07, P2, 57, 290.32 W, 100 %, 100 %, 21532 MiB, 24564 MiB, 2640 MHz, 10251 MHz
2026/09/13 11:34:21.479, NVIDIA GeForce RTX 4090, GPU-457328ff-6f8e-1f53-8cc3-68ae75d90604, 595.91.07, P2, 57, 300.09 W, 100 %, 100 %, 21532 MiB, 24564 MiB, 2640 MHz, 10251 MHz
2026/09/13 11:34:22.481, NVIDIA GeForce RTX 4090, GPU-457328ff-6f8e-1f53-8cc3-68ae75d90604, 595.91.07, P2, 57, 300.00 W, 100 %, 100 %, 21532 MiB, 24564 MiB, 2640 MHz, 10251 MHz
2026/09/13 11:34:23.483, NVIDIA GeForce RTX 4090, GPU-457328ff-6f8e-1f53-8cc3-68ae75d90604, 595.91.07, P2, 57, 299.97 W, 100 %, 100 %, 21532 MiB, 24564 MiB, 2640 MHz, 10251 MHz
2026/09/13 11:34:24.484, NVIDIA GeForce RTX 4090, GPU-457328ff-6f8e-1f53-8cc3-68ae75d90604, 595.91.07, P2, 57, 299.92 W, 100 %, 100 %, 21532 MiB, 24564 MiB, 2640 MHz, 10251 MHz
2026/09/13 11:34:25.486, NVIDIA GeForce RTX 4090, GPU-457328ff-6f8e-1f53-8cc3-68ae75d90604, 595.91.07, P2, 57, 299.86 W, 100 %, 100 %, 21532 MiB, 24564 MiB, 2640 MHz, 10251 MHz
2026/09/13 11:34:26.487, NVIDIA GeForce RTX 4090, GPU-457328ff-6f8e-1f53-8cc3-68ae75d90604, 595.91.07, P2, 57, 299.99 W, 100 %, 100 %, 21532 MiB, 24564 MiB, 2640 MHz, 10251 MHz
2026/09/13 11:34:27.488, NVIDIA GeForce RTX 4090, GPU-457328ff-6f8e-1f53-8cc3-68ae75d90604, 595.91.07, P2, 57, 298.94 W, 100 %, 100 %, 21532 MiB, 24564 MiB, 2640 MHz, 10251 MHz
2026/09/13 11:34:28.489, NVIDIA GeForce RTX 4090, GPU-457328ff-6f8e-1f53-8cc3-68ae75d90604, 595.91.07, P2, 57, 298.63 W, 100 %, 100 %, 21532 MiB, 24564 MiB, 2640 MHz, 10251 MHz
2026/09/13 11:34:29.491, NVIDIA GeForce RTX 4090, GPU-457328ff-6f8e-1f53-8cc3-68ae75d90604, 595.91.07, P2, 57, 298.71 W, 100 %, 100 %, 21532 MiB, 24564 MiB, 2640 MHz, 10251 MHz
2026/09/13 11:34:30.492, NVIDIA GeForce RTX 4090, GPU-457328ff-6f8e-1f53-8cc3-68ae75d90604, 595.91.07, P2, 57, 298.33 W, 100 %, 100 %, 21532 MiB, 24564 MiB, 2640 MHz, 10251 MHz
2026/09/13 11:34:31.493, NVIDIA GeForce RTX 4090, GPU-457328ff-6f8e-1f53-8cc3-68ae75d90604, 595.91.07, P2, 57, 298.23 W, 100 %, 100 %, 21532 MiB, 24564 MiB, 2640 MHz, 10251 MHz
2026/09/13 11:34:32.494, NVIDIA GeForce RTX 4090, GPU-457328ff-6f8e-1f53-8cc3-68ae75d90604, 595.91.07, P2, 57, 298.54 W, 100 %, 100 %, 21532 MiB, 24564 MiB, 2640 MHz, 10251 MHz
2026/09/13 11:34:33.495, NVIDIA GeForce RTX 4090, GPU-457328ff-6f8e-1f53-8cc3-68ae75d90604, 595.91.07, P2, 57, 298.11 W, 100 %, 100 %, 21532 MiB, 24564 MiB, 2640 MHz, 10251 MHz
2026/09/13 11:34:34.496, NVIDIA GeForce RTX 4090, GPU-457328ff-6f8e-1f53-8cc3-68ae75d90604, 595.91.07, P2, 57, 297.81 W, 100 %, 100 %, 21532 MiB, 24564 MiB, 2640 MHz, 10251 MHz
2026/09/13 11:34:35.497, NVIDIA GeForce RTX 4090, GPU-457328ff-6f8e-1f53-8cc3-68ae75d90604, 595.91.07, P2, 57, 297.65 W, 100 %, 100 %, 21532 MiB, 24564 MiB, 2640 MHz, 10251 MHz
2026/09/13 11:34:36.498, NVIDIA GeForce RTX 4090, GPU-457328ff-6f8e-1f53-8cc3-68ae75d90604, 595.91.07, P2, 57, 298.04 W, 100 %, 100 %, 21532 MiB, 24564 MiB, 2640 MHz, 10251 MHz
2026/09/13 11:34:37.500, NVIDIA GeForce RTX 4090, GPU-457328ff-6f8e-1f53-8cc3-68ae75d90604, 595.91.07, P2, 57, 298.20 W, 100 %, 100 %, 21532 MiB, 24564 MiB, 2640 MHz, 10251 MHz
2026/09/13 11:34:38.503, NVIDIA GeForce RTX 4090, GPU-457328ff-6f8e-1f53-8cc3-68ae75d90604, 595.91.07, P2, 57, 297.96 W, 100 %, 100 %, 21532 MiB, 24564 MiB, 2640 MHz, 10251 MHz
2026/09/13 11:34:39.505, NVIDIA GeForce RTX 4090, GPU-457328ff-6f8e-1f53-8cc3-68ae75d90604, 595.91.07, P2, 57, 297.83 W, 100 %, 100 %, 21532 MiB, 24564 MiB, 2640 MHz, 10251 MHz
2026/09/13 11:34:40.507, NVIDIA GeForce RTX 4090, GPU-457328ff-6f8e-1f53-8cc3-68ae75d90604, 595.91.07, P2, 57, 297.73 W, 100 %, 100 %, 21532 MiB, 24564 MiB, 2640 MHz, 10251 MHz
2026/09/13 11:34:41.508, NVIDIA GeForce RTX 4090, GPU-457328ff-6f8e-1f53-8cc3-68ae75d90604, 595.91.07, P2, 57, 287.02 W, 100 %, 100 %, 21532 MiB, 24564 MiB, 2640 MHz, 10251 MHz
2026/09/13 11:34:42.510, NVIDIA GeForce RTX 4090, GPU-457328ff-6f8e-1f53-8cc3-68ae75d90604, 595.91.07, P2, 57, 299.64 W, 100 %, 100 %, 21532 MiB, 24564 MiB, 2640 MHz, 10251 MHz
2026/09/13 11:34:43.511, NVIDIA GeForce RTX 4090, GPU-457328ff-6f8e-1f53-8cc3-68ae75d90604, 595.91.07, P2, 57, 299.32 W, 100 %, 100 %, 21532 MiB, 24564 MiB, 2640 MHz, 10251 MHz
2026/09/13 11:34:44.512, NVIDIA GeForce RTX 4090, GPU-457328ff-6f8e-1f53-8cc3-68ae75d90604, 595.91.07, P2, 57, 299.29 W, 100 %, 100 %, 21532 MiB, 24564 MiB, 2640 MHz, 10251 MHz
2026/09/13 11:34:45.514, NVIDIA GeForce RTX 4090, GPU-457328ff-6f8e-1f53-8cc3-68ae75d90604, 595.91.07, P2, 57, 299.09 W, 100 %, 100 %, 21532 MiB, 24564 MiB, 2640 MHz, 10251 MHz
2026/09/13 11:34:46.516, NVIDIA GeForce RTX 4090, GPU-457328ff-6f8e-1f53-8cc3-68ae75d90604, 595.91.07, P2, 57, 298.67 W, 100 %, 100 %, 21532 MiB, 24564 MiB, 2640 MHz, 10251 MHz
2026/09/13 11:34:47.517, NVIDIA GeForce RTX 4090, GPU-457328ff-6f8e-1f53-8cc3-68ae75d90604, 595.91.07, P2, 57, 298.24 W, 100 %, 100 %, 21532 MiB, 24564 MiB, 2640 MHz, 10251 MHz
2026/09/13 11:34:48.519, NVIDIA GeForce RTX 4090, GPU-457328ff-6f8e-1f53-8cc3-68ae75d90604, 595.91.07, P2, 57, 298.53 W, 100 %, 100 %, 21532 MiB, 24564 MiB, 2640 MHz, 10251 MHz
2026/09/13 11:34:49.520, NVIDIA GeForce RTX 4090, GPU-457328ff-6f8e-1f53-8cc3-68ae75d90604, 595.91.07, P2, 57, 298.25 W, 100 %, 100 %, 21532 MiB, 24564 MiB, 2640 MHz, 10251 MHz
2026/09/13 11:34:50.521, NVIDIA GeForce RTX 4090, GPU-457328ff-6f8e-1f53-8cc3-68ae75d90604, 595.91.07, P2, 57, 298.29 W, 100 %, 100 %, 21532 MiB, 24564 MiB, 2640 MHz, 10251 MHz
2026/09/13 11:34:51.522, NVIDIA GeForce RTX 4090, GPU-457328ff-6f8e-1f53-8cc3-68ae75d90604, 595.91.07, P2, 57, 298.45 W, 100 %, 100 %, 21532 MiB, 24564 MiB, 2640 MHz, 10251 MHz
2026/09/13 11:34:52.524, NVIDIA GeForce RTX 4090, GPU-457328ff-6f8e-1f53-8cc3-68ae75d90604, 595.91.07, P2, 57, 298.45 W, 100 %, 100 %, 21532 MiB, 24564 MiB, 2640 MHz, 10251 MHz
2026/09/13 11:34:53.525, NVIDIA GeForce RTX 4090, GPU-457328ff-6f8e-1f53-8cc3-68ae75d90604, 595.91.07, P2, 57, 298.07 W, 100 %, 100 %, 21532 MiB, 24564 MiB, 2640 MHz, 10251 MHz
2026/09/13 11:34:54.527, NVIDIA GeForce RTX 4090, GPU-457328ff-6f8e-1f53-8cc3-68ae75d90604, 595.91.07, P2, 57, 297.95 W, 100 %, 100 %, 21532 MiB, 24564 MiB, 2640 MHz, 10251 MHz
2026/09/13 11:34:55.528, NVIDIA GeForce RTX 4090, GPU-457328ff-6f8e-1f53-8cc3-68ae75d90604, 595.91.07, P2, 57, 298.15 W, 100 %, 100 %, 21532 MiB, 24564 MiB, 2640 MHz, 10251 MHz
2026/09/13 11:34:56.529, NVIDIA GeForce RTX 4090, GPU-457328ff-6f8e-1f53-8cc3-68ae75d90604, 595.91.07, P2, 57, 298.02 W, 100 %, 100 %, 21532 MiB, 24564 MiB, 2640 MHz, 10251 MHz
2026/09/13 11:34:57.531, NVIDIA GeForce RTX 4090, GPU-457328ff-6f8e-1f53-8cc3-68ae75d90604, 595.91.07, P2, 57, 297.72 W, 100 %, 100 %, 21532 MiB, 24564 MiB, 2640 MHz, 10251 MHz
2026/09/13 11:34:58.533, NVIDIA GeForce RTX 4090, GPU-457328ff-6f8e-1f53-8cc3-68ae75d90604, 595.91.07, P2, 57, 297.39 W, 100 %, 100 %, 21532 MiB, 24564 MiB, 2640 MHz, 10251 MHz
2026/09/13 11:34:59.534, NVIDIA GeForce RTX 4090, GPU-457328ff-6f8e-1f53-8cc3-68ae75d90604, 595.91.07, P2, 57, 297.49 W, 100 %, 100 %, 21532 MiB, 24564 MiB, 2640 MHz, 10251 MHz
2026/09/13 11:35:00.535, NVIDIA GeForce RTX 4090, GPU-457328ff-6f8e-1f53-8cc3-68ae75d90604, 595.91.07, P2, 57, 289.39 W, 100 %, 100 %, 21532 MiB, 24564 MiB, 2640 MHz, 10251 MHz
2026/09/13 11:35:01.537, NVIDIA GeForce RTX 4090, GPU-457328ff-6f8e-1f53-8cc3-68ae75d90604, 595.91.07, P2, 57, 299.66 W, 100 %, 100 %, 21532 MiB, 24564 MiB, 2640 MHz, 10251 MHz
2026/09/13 11:35:02.540, NVIDIA GeForce RTX 4090, GPU-457328ff-6f8e-1f53-8cc3-68ae75d90604, 595.91.07, P2, 57, 299.46 W, 100 %, 100 %, 21532 MiB, 24564 MiB, 2640 MHz, 10251 MHz
2026/09/13 11:35:03.542, NVIDIA GeForce RTX 4090, GPU-457328ff-6f8e-1f53-8cc3-68ae75d90604, 595.91.07, P2, 57, 299.66 W, 100 %, 100 %, 21532 MiB, 24564 MiB, 2640 MHz, 10251 MHz
2026/09/13 11:35:04.544, NVIDIA GeForce RTX 4090, GPU-457328ff-6f8e-1f53-8cc3-68ae75d90604, 595.91.07, P2, 57, 299.22 W, 100 %, 100 %, 21532 MiB, 24564 MiB, 2640 MHz, 10251 MHz
2026/09/13 11:35:05.547, NVIDIA GeForce RTX 4090, GPU-457328ff-6f8e-1f53-8cc3-68ae75d90604, 595.91.07, P2, 57, 299.30 W, 100 %, 100 %, 21532 MiB, 24564 MiB, 2640 MHz, 10251 MHz
2026/09/13 11:35:06.548, NVIDIA GeForce RTX 4090, GPU-457328ff-6f8e-1f53-8cc3-68ae75d90604, 595.91.07, P2, 57, 299.19 W, 100 %, 100 %, 21532 MiB, 24564 MiB, 2640 MHz, 10251 MHz
2026/09/13 11:35:07.550, NVIDIA GeForce RTX 4090, GPU-457328ff-6f8e-1f53-8cc3-68ae75d90604, 595.91.07, P2, 57, 298.67 W, 100 %, 100 %, 21532 MiB, 24564 MiB, 2640 MHz, 10251 MHz
2026/09/13 11:35:08.552, NVIDIA GeForce RTX 4090, GPU-457328ff-6f8e-1f53-8cc3-68ae75d90604, 595.91.07, P2, 57, 298.53 W, 100 %, 100 %, 21532 MiB, 24564 MiB, 2640 MHz, 10251 MHz
2026/09/13 11:35:09.554, NVIDIA GeForce RTX 4090, GPU-457328ff-6f8e-1f53-8cc3-68ae75d90604, 595.91.07, P2, 57, 298.41 W, 100 %, 100 %, 21532 MiB, 24564 MiB, 2640 MHz, 10251 MHz
2026/09/13 11:35:10.557, NVIDIA GeForce RTX 4090, GPU-457328ff-6f8e-1f53-8cc3-68ae75d90604, 595.91.07, P2, 57, 298.44 W, 100 %, 100 %, 21532 MiB, 24564 MiB, 2640 MHz, 10251 MHz
2026/09/13 11:35:11.559, NVIDIA GeForce RTX 4090, GPU-457328ff-6f8e-1f53-8cc3-68ae75d90604, 595.91.07, P2, 57, 298.33 W, 100 %, 100 %, 21532 MiB, 24564 MiB, 2640 MHz, 10251 MHz
2026/09/13 11:35:12.562, NVIDIA GeForce RTX 4090, GPU-457328ff-6f8e-1f53-8cc3-68ae75d90604, 595.91.07, P2, 57, 298.27 W, 100 %, 100 %, 21532 MiB, 24564 MiB, 2640 MHz, 10251 MHz
2026/09/13 11:35:13.564, NVIDIA GeForce RTX 4090, GPU-457328ff-6f8e-1f53-8cc3-68ae75d90604, 595.91.07, P2, 57, 298.17 W, 100 %, 100 %, 21532 MiB, 24564 MiB, 2640 MHz, 10251 MHz
2026/09/13 11:35:14.566, NVIDIA GeForce RTX 4090, GPU-457328ff-6f8e-1f53-8cc3-68ae75d90604, 595.91.07, P2, 58, 298.08 W, 100 %, 100 %, 21532 MiB, 24564 MiB, 2640 MHz, 10251 MHz
2026/09/13 11:35:15.568, NVIDIA GeForce RTX 4090, GPU-457328ff-6f8e-1f53-8cc3-68ae75d90604, 595.91.07, P2, 58, 297.85 W, 100 %, 100 %, 21532 MiB, 24564 MiB, 2640 MHz, 10251 MHz
2026/09/13 11:35:16.571, NVIDIA GeForce RTX 4090, GPU-457328ff-6f8e-1f53-8cc3-68ae75d90604, 595.91.07, P2, 58, 298.06 W, 100 %, 100 %, 21532 MiB, 24564 MiB, 2640 MHz, 10251 MHz
2026/09/13 11:35:17.573, NVIDIA GeForce RTX 4090, GPU-457328ff-6f8e-1f53-8cc3-68ae75d90604, 595.91.07, P2, 58, 298.05 W, 100 %, 100 %, 21532 MiB, 24564 MiB, 2640 MHz, 10251 MHz
2026/09/13 11:35:18.575, NVIDIA GeForce RTX 4090, GPU-457328ff-6f8e-1f53-8cc3-68ae75d90604, 595.91.07, P2, 58, 298.09 W, 100 %, 100 %, 21532 MiB, 24564 MiB, 2640 MHz, 10251 MHz
2026/09/13 11:35:19.577, NVIDIA GeForce RTX 4090, GPU-457328ff-6f8e-1f53-8cc3-68ae75d90604, 595.91.07, P2, 58, 298.07 W, 100 %, 100 %, 21532 MiB, 24564 MiB, 2640 MHz, 10251 MHz
2026/09/13 11:35:20.579, NVIDIA GeForce RTX 4090, GPU-457328ff-6f8e-1f53-8cc3-68ae75d90604, 595.91.07, P2, 57, 286.00 W, 100 %, 100 %, 21532 MiB, 24564 MiB, 2640 MHz, 10251 MHz
2026/09/13 11:35:21.581, NVIDIA GeForce RTX 4090, GPU-457328ff-6f8e-1f53-8cc3-68ae75d90604, 595.91.07, P2, 58, 299.58 W, 100 %, 100 %, 21532 MiB, 24564 MiB, 2640 MHz, 10251 MHz
2026/09/13 11:35:22.582, NVIDIA GeForce RTX 4090, GPU-457328ff-6f8e-1f53-8cc3-68ae75d90604, 595.91.07, P2, 58, 299.78 W, 100 %, 100 %, 21532 MiB, 24564 MiB, 2640 MHz, 10251 MHz
2026/09/13 11:35:23.584, NVIDIA GeForce RTX 4090, GPU-457328ff-6f8e-1f53-8cc3-68ae75d90604, 595.91.07, P2, 58, 299.76 W, 100 %, 100 %, 21532 MiB, 24564 MiB, 2640 MHz, 10251 MHz
2026/09/13 11:35:24.585, NVIDIA GeForce RTX 4090, GPU-457328ff-6f8e-1f53-8cc3-68ae75d90604, 595.91.07, P2, 58, 299.63 W, 100 %, 100 %, 21532 MiB, 24564 MiB, 2640 MHz, 10251 MHz
2026/09/13 11:35:25.588, NVIDIA GeForce RTX 4090, GPU-457328ff-6f8e-1f53-8cc3-68ae75d90604, 595.91.07, P2, 58, 299.21 W, 100 %, 100 %, 21532 MiB, 24564 MiB, 2640 MHz, 10251 MHz
2026/09/13 11:35:26.590, NVIDIA GeForce RTX 4090, GPU-457328ff-6f8e-1f53-8cc3-68ae75d90604, 595.91.07, P2, 58, 299.03 W, 100 %, 100 %, 21532 MiB, 24564 MiB, 2640 MHz, 10251 MHz
2026/09/13 11:35:27.592, NVIDIA GeForce RTX 4090, GPU-457328ff-6f8e-1f53-8cc3-68ae75d90604, 595.91.07, P2, 58, 299.05 W, 100 %, 100 %, 21532 MiB, 24564 MiB, 2640 MHz, 10251 MHz
2026/09/13 11:35:28.595, NVIDIA GeForce RTX 4090, GPU-457328ff-6f8e-1f53-8cc3-68ae75d90604, 595.91.07, P2, 58, 299.21 W, 100 %, 100 %, 21532 MiB, 24564 MiB, 2640 MHz, 10251 MHz
2026/09/13 11:35:29.596, NVIDIA GeForce RTX 4090, GPU-457328ff-6f8e-1f53-8cc3-68ae75d90604, 595.91.07, P2, 58, 298.92 W, 100 %, 100 %, 21532 MiB, 24564 MiB, 2640 MHz, 10251 MHz
2026/09/13 11:35:30.598, NVIDIA GeForce RTX 4090, GPU-457328ff-6f8e-1f53-8cc3-68ae75d90604, 595.91.07, P2, 58, 298.85 W, 100 %, 100 %, 21532 MiB, 24564 MiB, 2640 MHz, 10251 MHz
2026/09/13 11:35:31.601, NVIDIA GeForce RTX 4090, GPU-457328ff-6f8e-1f53-8cc3-68ae75d90604, 595.91.07, P2, 58, 298.66 W, 100 %, 100 %, 21532 MiB, 24564 MiB, 2640 MHz, 10251 MHz
2026/09/13 11:35:32.603, NVIDIA GeForce RTX 4090, GPU-457328ff-6f8e-1f53-8cc3-68ae75d90604, 595.91.07, P2, 58, 298.61 W, 100 %, 100 %, 21532 MiB, 24564 MiB, 2640 MHz, 10251 MHz
2026/09/13 11:35:33.606, NVIDIA GeForce RTX 4090, GPU-457328ff-6f8e-1f53-8cc3-68ae75d90604, 595.91.07, P2, 58, 298.43 W, 100 %, 100 %, 21532 MiB, 24564 MiB, 2640 MHz, 10251 MHz
2026/09/13 11:35:34.608, NVIDIA GeForce RTX 4090, GPU-457328ff-6f8e-1f53-8cc3-68ae75d90604, 595.91.07, P2, 58, 298.04 W, 100 %, 100 %, 21532 MiB, 24564 MiB, 2640 MHz, 10251 MHz
2026/09/13 11:35:35.610, NVIDIA GeForce RTX 4090, GPU-457328ff-6f8e-1f53-8cc3-68ae75d90604, 595.91.07, P2, 58, 297.71 W, 100 %, 100 %, 21532 MiB, 24564 MiB, 2640 MHz, 10251 MHz
2026/09/13 11:35:36.611, NVIDIA GeForce RTX 4090, GPU-457328ff-6f8e-1f53-8cc3-68ae75d90604, 595.91.07, P2, 58, 297.29 W, 100 %, 100 %, 21532 MiB, 24564 MiB, 2640 MHz, 10251 MHz
2026/09/13 11:35:37.614, NVIDIA GeForce RTX 4090, GPU-457328ff-6f8e-1f53-8cc3-68ae75d90604, 595.91.07, P2, 57, 297.55 W, 100 %, 100 %, 21532 MiB, 24564 MiB, 2640 MHz, 10251 MHz
2026/09/13 11:35:38.616, NVIDIA GeForce RTX 4090, GPU-457328ff-6f8e-1f53-8cc3-68ae75d90604, 595.91.07, P2, 57, 297.27 W, 100 %, 100 %, 21532 MiB, 24564 MiB, 2640 MHz, 10251 MHz
2026/09/13 11:35:39.619, NVIDIA GeForce RTX 4090, GPU-457328ff-6f8e-1f53-8cc3-68ae75d90604, 595.91.07, P2, 57, 297.03 W, 100 %, 100 %, 21532 MiB, 24564 MiB, 2640 MHz, 10251 MHz
2026/09/13 11:35:40.620, NVIDIA GeForce RTX 4090, GPU-457328ff-6f8e-1f53-8cc3-68ae75d90604, 595.91.07, P2, 57, 297.16 W, 100 %, 100 %, 21532 MiB, 24564 MiB, 2640 MHz, 10251 MHz
2026/09/13 11:35:41.622, NVIDIA GeForce RTX 4090, GPU-457328ff-6f8e-1f53-8cc3-68ae75d90604, 595.91.07, P2, 57, 289.77 W, 100 %, 100 %, 21532 MiB, 24564 MiB, 2640 MHz, 10251 MHz
2026/09/13 11:35:42.624, NVIDIA GeForce RTX 4090, GPU-457328ff-6f8e-1f53-8cc3-68ae75d90604, 595.91.07, P2, 57, 299.47 W, 100 %, 100 %, 21532 MiB, 24564 MiB, 2640 MHz, 10251 MHz
2026/09/13 11:35:43.626, NVIDIA GeForce RTX 4090, GPU-457328ff-6f8e-1f53-8cc3-68ae75d90604, 595.91.07, P2, 57, 299.13 W, 100 %, 100 %, 21532 MiB, 24564 MiB, 2640 MHz, 10251 MHz
2026/09/13 11:35:44.628, NVIDIA GeForce RTX 4090, GPU-457328ff-6f8e-1f53-8cc3-68ae75d90604, 595.91.07, P2, 57, 298.24 W, 100 %, 100 %, 21532 MiB, 24564 MiB, 2640 MHz, 10251 MHz
2026/09/13 11:35:45.629, NVIDIA GeForce RTX 4090, GPU-457328ff-6f8e-1f53-8cc3-68ae75d90604, 595.91.07, P2, 57, 298.30 W, 100 %, 100 %, 21532 MiB, 24564 MiB, 2640 MHz, 10251 MHz
2026/09/13 11:35:46.632, NVIDIA GeForce RTX 4090, GPU-457328ff-6f8e-1f53-8cc3-68ae75d90604, 595.91.07, P2, 57, 298.05 W, 100 %, 100 %, 21532 MiB, 24564 MiB, 2640 MHz, 10251 MHz
2026/09/13 11:35:47.633, NVIDIA GeForce RTX 4090, GPU-457328ff-6f8e-1f53-8cc3-68ae75d90604, 595.91.07, P2, 57, 297.99 W, 100 %, 100 %, 21532 MiB, 24564 MiB, 2640 MHz, 10251 MHz
2026/09/13 11:35:48.636, NVIDIA GeForce RTX 4090, GPU-457328ff-6f8e-1f53-8cc3-68ae75d90604, 595.91.07, P2, 57, 297.39 W, 100 %, 100 %, 21532 MiB, 24564 MiB, 2640 MHz, 10251 MHz
2026/09/13 11:35:49.637, NVIDIA GeForce RTX 4090, GPU-457328ff-6f8e-1f53-8cc3-68ae75d90604, 595.91.07, P2, 57, 297.51 W, 100 %, 100 %, 21532 MiB, 24564 MiB, 2640 MHz, 10251 MHz
2026/09/13 11:35:50.639, NVIDIA GeForce RTX 4090, GPU-457328ff-6f8e-1f53-8cc3-68ae75d90604, 595.91.07, P2, 57, 297.28 W, 100 %, 100 %, 21532 MiB, 24564 MiB, 2640 MHz, 10251 MHz
2026/09/13 11:35:51.642, NVIDIA GeForce RTX 4090, GPU-457328ff-6f8e-1f53-8cc3-68ae75d90604, 595.91.07, P2, 57, 297.32 W, 100 %, 100 %, 21532 MiB, 24564 MiB, 2640 MHz, 10251 MHz
2026/09/13 11:35:52.644, NVIDIA GeForce RTX 4090, GPU-457328ff-6f8e-1f53-8cc3-68ae75d90604, 595.91.07, P2, 57, 297.21 W, 100 %, 100 %, 21532 MiB, 24564 MiB, 2640 MHz, 10251 MHz
2026/09/13 11:35:53.645, NVIDIA GeForce RTX 4090, GPU-457328ff-6f8e-1f53-8cc3-68ae75d90604, 595.91.07, P2, 57, 297.15 W, 100 %, 100 %, 21532 MiB, 24564 MiB, 2640 MHz, 10251 MHz
2026/09/13 11:35:54.647, NVIDIA GeForce RTX 4090, GPU-457328ff-6f8e-1f53-8cc3-68ae75d90604, 595.91.07, P2, 56, 297.18 W, 100 %, 100 %, 21532 MiB, 24564 MiB, 2640 MHz, 10251 MHz
2026/09/13 11:35:55.649, NVIDIA GeForce RTX 4090, GPU-457328ff-6f8e-1f53-8cc3-68ae75d90604, 595.91.07, P2, 56, 296.98 W, 100 %, 100 %, 21532 MiB, 24564 MiB, 2640 MHz, 10251 MHz
2026/09/13 11:35:56.651, NVIDIA GeForce RTX 4090, GPU-457328ff-6f8e-1f53-8cc3-68ae75d90604, 595.91.07, P2, 56, 287.75 W, 100 %, 100 %, 21532 MiB, 24564 MiB, 2640 MHz, 10251 MHz
2026/09/13 11:35:57.653, NVIDIA GeForce RTX 4090, GPU-457328ff-6f8e-1f53-8cc3-68ae75d90604, 595.91.07, P2, 56, 298.49 W, 100 %, 100 %, 21532 MiB, 24564 MiB, 2640 MHz, 10251 MHz
2026/09/13 11:35:58.656, NVIDIA GeForce RTX 4090, GPU-457328ff-6f8e-1f53-8cc3-68ae75d90604, 595.91.07, P2, 56, 298.37 W, 100 %, 100 %, 21532 MiB, 24564 MiB, 2640 MHz, 10251 MHz
2026/09/13 11:35:59.657, NVIDIA GeForce RTX 4090, GPU-457328ff-6f8e-1f53-8cc3-68ae75d90604, 595.91.07, P2, 56, 298.33 W, 100 %, 100 %, 21532 MiB, 24564 MiB, 2640 MHz, 10251 MHz
2026/09/13 11:36:00.659, NVIDIA GeForce RTX 4090, GPU-457328ff-6f8e-1f53-8cc3-68ae75d90604, 595.91.07, P2, 56, 298.25 W, 100 %, 100 %, 21532 MiB, 24564 MiB, 2640 MHz, 10251 MHz
2026/09/13 11:36:01.661, NVIDIA GeForce RTX 4090, GPU-457328ff-6f8e-1f53-8cc3-68ae75d90604, 595.91.07, P2, 56, 298.34 W, 100 %, 100 %, 21532 MiB, 24564 MiB, 2640 MHz, 10251 MHz
2026/09/13 11:36:02.664, NVIDIA GeForce RTX 4090, GPU-457328ff-6f8e-1f53-8cc3-68ae75d90604, 595.91.07, P2, 56, 298.10 W, 100 %, 100 %, 21532 MiB, 24564 MiB, 2640 MHz, 10251 MHz
2026/09/13 11:36:03.666, NVIDIA GeForce RTX 4090, GPU-457328ff-6f8e-1f53-8cc3-68ae75d90604, 595.91.07, P2, 56, 297.82 W, 100 %, 100 %, 21532 MiB, 24564 MiB, 2640 MHz, 10251 MHz
2026/09/13 11:36:04.668, NVIDIA GeForce RTX 4090, GPU-457328ff-6f8e-1f53-8cc3-68ae75d90604, 595.91.07, P2, 56, 297.35 W, 100 %, 100 %, 21532 MiB, 24564 MiB, 2640 MHz, 10251 MHz
2026/09/13 11:36:05.670, NVIDIA GeForce RTX 4090, GPU-457328ff-6f8e-1f53-8cc3-68ae75d90604, 595.91.07, P2, 56, 297.15 W, 100 %, 100 %, 21532 MiB, 24564 MiB, 2640 MHz, 10251 MHz
2026/09/13 11:36:06.672, NVIDIA GeForce RTX 4090, GPU-457328ff-6f8e-1f53-8cc3-68ae75d90604, 595.91.07, P2, 56, 297.15 W, 100 %, 100 %, 21532 MiB, 24564 MiB, 2640 MHz, 10251 MHz
2026/09/13 11:36:07.673, NVIDIA GeForce RTX 4090, GPU-457328ff-6f8e-1f53-8cc3-68ae75d90604, 595.91.07, P2, 56, 296.65 W, 100 %, 100 %, 21532 MiB, 24564 MiB, 2640 MHz, 10251 MHz
2026/09/13 11:36:08.675, NVIDIA GeForce RTX 4090, GPU-457328ff-6f8e-1f53-8cc3-68ae75d90604, 595.91.07, P2, 56, 296.78 W, 100 %, 100 %, 21532 MiB, 24564 MiB, 2640 MHz, 10251 MHz
2026/09/13 11:36:09.678, NVIDIA GeForce RTX 4090, GPU-457328ff-6f8e-1f53-8cc3-68ae75d90604, 595.91.07, P2, 56, 296.71 W, 100 %, 100 %, 21532 MiB, 24564 MiB, 2640 MHz, 10251 MHz
2026/09/13 11:36:10.680, NVIDIA GeForce RTX 4090, GPU-457328ff-6f8e-1f53-8cc3-68ae75d90604, 595.91.07, P2, 56, 297.02 W, 100 %, 100 %, 21532 MiB, 24564 MiB, 2640 MHz, 10251 MHz
2026/09/13 11:36:11.682, NVIDIA GeForce RTX 4090, GPU-457328ff-6f8e-1f53-8cc3-68ae75d90604, 595.91.07, P2, 56, 296.93 W, 100 %, 100 %, 21532 MiB, 24564 MiB, 2640 MHz, 10251 MHz
2026/09/13 11:36:12.684, NVIDIA GeForce RTX 4090, GPU-457328ff-6f8e-1f53-8cc3-68ae75d90604, 595.91.07, P2, 56, 296.73 W, 100 %, 100 %, 21532 MiB, 24564 MiB, 2640 MHz, 10251 MHz
2026/09/13 11:36:13.686, NVIDIA GeForce RTX 4090, GPU-457328ff-6f8e-1f53-8cc3-68ae75d90604, 595.91.07, P2, 56, 296.99 W, 100 %, 100 %, 21532 MiB, 24564 MiB, 2640 MHz, 10251 MHz
2026/09/13 11:36:14.687, NVIDIA GeForce RTX 4090, GPU-457328ff-6f8e-1f53-8cc3-68ae75d90604, 595.91.07, P2, 56, 296.74 W, 100 %, 100 %, 21532 MiB, 24564 MiB, 2640 MHz, 10251 MHz
2026/09/13 11:36:15.690, NVIDIA GeForce RTX 4090, GPU-457328ff-6f8e-1f53-8cc3-68ae75d90604, 595.91.07, P2, 55, 286.31 W, 44 %, 40 %, 21532 MiB, 24564 MiB, 2640 MHz, 10251 MHz
2026/09/13 11:36:16.692, NVIDIA GeForce RTX 4090, GPU-457328ff-6f8e-1f53-8cc3-68ae75d90604, 595.91.07, P2, 56, 288.17 W, 100 %, 100 %, 21532 MiB, 24564 MiB, 2640 MHz, 10251 MHz
2026/09/13 11:36:17.694, NVIDIA GeForce RTX 4090, GPU-457328ff-6f8e-1f53-8cc3-68ae75d90604, 595.91.07, P2, 56, 298.30 W, 100 %, 100 %, 21532 MiB, 24564 MiB, 2640 MHz, 10251 MHz
2026/09/13 11:36:18.696, NVIDIA GeForce RTX 4090, GPU-457328ff-6f8e-1f53-8cc3-68ae75d90604, 595.91.07, P2, 56, 298.04 W, 100 %, 100 %, 21532 MiB, 24564 MiB, 2640 MHz, 10251 MHz
2026/09/13 11:36:19.698, NVIDIA GeForce RTX 4090, GPU-457328ff-6f8e-1f53-8cc3-68ae75d90604, 595.91.07, P2, 56, 297.60 W, 100 %, 100 %, 21532 MiB, 24564 MiB, 2640 MHz, 10251 MHz
2026/09/13 11:36:20.701, NVIDIA GeForce RTX 4090, GPU-457328ff-6f8e-1f53-8cc3-68ae75d90604, 595.91.07, P2, 56, 297.60 W, 100 %, 100 %, 21532 MiB, 24564 MiB, 2640 MHz, 10251 MHz
2026/09/13 11:36:21.703, NVIDIA GeForce RTX 4090, GPU-457328ff-6f8e-1f53-8cc3-68ae75d90604, 595.91.07, P2, 56, 297.56 W, 100 %, 100 %, 21532 MiB, 24564 MiB, 2640 MHz, 10251 MHz
2026/09/13 11:36:22.705, NVIDIA GeForce RTX 4090, GPU-457328ff-6f8e-1f53-8cc3-68ae75d90604, 595.91.07, P2, 56, 297.64 W, 100 %, 100 %, 21532 MiB, 24564 MiB, 2640 MHz, 10251 MHz
2026/09/13 11:36:23.707, NVIDIA GeForce RTX 4090, GPU-457328ff-6f8e-1f53-8cc3-68ae75d90604, 595.91.07, P2, 56, 297.57 W, 100 %, 100 %, 21532 MiB, 24564 MiB, 2640 MHz, 10251 MHz
2026/09/13 11:36:24.709, NVIDIA GeForce RTX 4090, GPU-457328ff-6f8e-1f53-8cc3-68ae75d90604, 595.91.07, P2, 56, 291.00 W, 100 %, 100 %, 21532 MiB, 24564 MiB, 2640 MHz, 10251 MHz
2026/09/13 11:36:25.711, NVIDIA GeForce RTX 4090, GPU-457328ff-6f8e-1f53-8cc3-68ae75d90604, 595.91.07, P2, 56, 298.20 W, 100 %, 100 %, 21532 MiB, 24564 MiB, 2640 MHz, 10251 MHz
2026/09/13 11:36:26.713, NVIDIA GeForce RTX 4090, GPU-457328ff-6f8e-1f53-8cc3-68ae75d90604, 595.91.07, P2, 56, 297.99 W, 100 %, 100 %, 21532 MiB, 24564 MiB, 2640 MHz, 10251 MHz
2026/09/13 11:36:27.716, NVIDIA GeForce RTX 4090, GPU-457328ff-6f8e-1f53-8cc3-68ae75d90604, 595.91.07, P2, 56, 297.62 W, 100 %, 100 %, 21532 MiB, 24564 MiB, 2640 MHz, 10251 MHz
2026/09/13 11:36:28.718, NVIDIA GeForce RTX 4090, GPU-457328ff-6f8e-1f53-8cc3-68ae75d90604, 595.91.07, P2, 56, 297.29 W, 100 %, 100 %, 21532 MiB, 24564 MiB, 2640 MHz, 10251 MHz
2026/09/13 11:36:29.720, NVIDIA GeForce RTX 4090, GPU-457328ff-6f8e-1f53-8cc3-68ae75d90604, 595.91.07, P2, 56, 297.00 W, 100 %, 100 %, 21532 MiB, 24564 MiB, 2640 MHz, 10251 MHz
2026/09/13 11:36:30.722, NVIDIA GeForce RTX 4090, GPU-457328ff-6f8e-1f53-8cc3-68ae75d90604, 595.91.07, P2, 55, 297.08 W, 100 %, 100 %, 21532 MiB, 24564 MiB, 2640 MHz, 10251 MHz
2026/09/13 11:36:31.725, NVIDIA GeForce RTX 4090, GPU-457328ff-6f8e-1f53-8cc3-68ae75d90604, 595.91.07, P2, 55, 296.95 W, 100 %, 100 %, 21532 MiB, 24564 MiB, 2640 MHz, 10251 MHz
2026/09/13 11:36:32.727, NVIDIA GeForce RTX 4090, GPU-457328ff-6f8e-1f53-8cc3-68ae75d90604, 595.91.07, P2, 55, 296.95 W, 100 %, 100 %, 21532 MiB, 24564 MiB, 2640 MHz, 10251 MHz
2026/09/13 11:36:33.729, NVIDIA GeForce RTX 4090, GPU-457328ff-6f8e-1f53-8cc3-68ae75d90604, 595.91.07, P2, 55, 296.62 W, 100 %, 100 %, 21532 MiB, 24564 MiB, 2640 MHz, 10251 MHz
2026/09/13 11:36:34.730, NVIDIA GeForce RTX 4090, GPU-457328ff-6f8e-1f53-8cc3-68ae75d90604, 595.91.07, P2, 55, 296.80 W, 100 %, 100 %, 21532 MiB, 24564 MiB, 2640 MHz, 10251 MHz
2026/09/13 11:36:35.732, NVIDIA GeForce RTX 4090, GPU-457328ff-6f8e-1f53-8cc3-68ae75d90604, 595.91.07, P2, 55, 296.71 W, 100 %, 100 %, 21532 MiB, 24564 MiB, 2640 MHz, 10251 MHz
2026/09/13 11:36:36.734, NVIDIA GeForce RTX 4090, GPU-457328ff-6f8e-1f53-8cc3-68ae75d90604, 595.91.07, P2, 55, 296.75 W, 100 %, 100 %, 21532 MiB, 24564 MiB, 2640 MHz, 10251 MHz
2026/09/13 11:36:37.736, NVIDIA GeForce RTX 4090, GPU-457328ff-6f8e-1f53-8cc3-68ae75d90604, 595.91.07, P2, 55, 296.60 W, 100 %, 100 %, 21532 MiB, 24564 MiB, 2640 MHz, 10251 MHz
2026/09/13 11:36:38.738, NVIDIA GeForce RTX 4090, GPU-457328ff-6f8e-1f53-8cc3-68ae75d90604, 595.91.07, P2, 55, 296.67 W, 100 %, 100 %, 21532 MiB, 24564 MiB, 2640 MHz, 10251 MHz
2026/09/13 11:36:39.741, NVIDIA GeForce RTX 4090, GPU-457328ff-6f8e-1f53-8cc3-68ae75d90604, 595.91.07, P2, 55, 296.79 W, 100 %, 100 %, 21532 MiB, 24564 MiB, 2640 MHz, 10251 MHz
2026/09/13 11:36:40.743, NVIDIA GeForce RTX 4090, GPU-457328ff-6f8e-1f53-8cc3-68ae75d90604, 595.91.07, P2, 55, 296.44 W, 100 %, 100 %, 21532 MiB, 24564 MiB, 2640 MHz, 10251 MHz
2026/09/13 11:36:41.745, NVIDIA GeForce RTX 4090, GPU-457328ff-6f8e-1f53-8cc3-68ae75d90604, 595.91.07, P2, 55, 296.27 W, 100 %, 100 %, 21532 MiB, 24564 MiB, 2640 MHz, 10251 MHz
2026/09/13 11:36:42.747, NVIDIA GeForce RTX 4090, GPU-457328ff-6f8e-1f53-8cc3-68ae75d90604, 595.91.07, P2, 55, 295.93 W, 100 %, 100 %, 21532 MiB, 24564 MiB, 2640 MHz, 10251 MHz
2026/09/13 11:36:43.750, NVIDIA GeForce RTX 4090, GPU-457328ff-6f8e-1f53-8cc3-68ae75d90604, 595.91.07, P2, 55, 296.18 W, 100 %, 100 %, 21532 MiB, 24564 MiB, 2640 MHz, 10251 MHz
2026/09/13 11:36:44.751, NVIDIA GeForce RTX 4090, GPU-457328ff-6f8e-1f53-8cc3-68ae75d90604, 595.91.07, P2, 55, 287.11 W, 100 %, 100 %, 21532 MiB, 24564 MiB, 2640 MHz, 10251 MHz
2026/09/13 11:36:45.753, NVIDIA GeForce RTX 4090, GPU-457328ff-6f8e-1f53-8cc3-68ae75d90604, 595.91.07, P2, 55, 297.56 W, 100 %, 100 %, 21532 MiB, 24564 MiB, 2640 MHz, 10251 MHz
2026/09/13 11:36:46.755, NVIDIA GeForce RTX 4090, GPU-457328ff-6f8e-1f53-8cc3-68ae75d90604, 595.91.07, P2, 55, 297.82 W, 100 %, 100 %, 21532 MiB, 24564 MiB, 2640 MHz, 10251 MHz
2026/09/13 11:36:47.757, NVIDIA GeForce RTX 4090, GPU-457328ff-6f8e-1f53-8cc3-68ae75d90604, 595.91.07, P2, 55, 297.08 W, 100 %, 100 %, 21532 MiB, 24564 MiB, 2640 MHz, 10251 MHz
2026/09/13 11:36:48.759, NVIDIA GeForce RTX 4090, GPU-457328ff-6f8e-1f53-8cc3-68ae75d90604, 595.91.07, P2, 55, 296.96 W, 100 %, 100 %, 21532 MiB, 24564 MiB, 2640 MHz, 10251 MHz
2026/09/13 11:36:49.761, NVIDIA GeForce RTX 4090, GPU-457328ff-6f8e-1f53-8cc3-68ae75d90604, 595.91.07, P2, 55, 296.94 W, 100 %, 100 %, 21532 MiB, 24564 MiB, 2640 MHz, 10251 MHz
2026/09/13 11:36:50.763, NVIDIA GeForce RTX 4090, GPU-457328ff-6f8e-1f53-8cc3-68ae75d90604, 595.91.07, P2, 55, 297.01 W, 100 %, 100 %, 21532 MiB, 24564 MiB, 2640 MHz, 10251 MHz
2026/09/13 11:36:51.765, NVIDIA GeForce RTX 4090, GPU-457328ff-6f8e-1f53-8cc3-68ae75d90604, 595.91.07, P2, 55, 297.18 W, 100 %, 100 %, 21532 MiB, 24564 MiB, 2640 MHz, 10251 MHz
2026/09/13 11:36:52.767, NVIDIA GeForce RTX 4090, GPU-457328ff-6f8e-1f53-8cc3-68ae75d90604, 595.91.07, P2, 55, 296.85 W, 100 %, 100 %, 21532 MiB, 24564 MiB, 2640 MHz, 10251 MHz
2026/09/13 11:36:53.769, NVIDIA GeForce RTX 4090, GPU-457328ff-6f8e-1f53-8cc3-68ae75d90604, 595.91.07, P2, 55, 296.94 W, 100 %, 100 %, 21532 MiB, 24564 MiB, 2640 MHz, 10251 MHz
2026/09/13 11:36:54.771, NVIDIA GeForce RTX 4090, GPU-457328ff-6f8e-1f53-8cc3-68ae75d90604, 595.91.07, P2, 55, 296.83 W, 100 %, 100 %, 21532 MiB, 24564 MiB, 2640 MHz, 10251 MHz
2026/09/13 11:36:55.773, NVIDIA GeForce RTX 4090, GPU-457328ff-6f8e-1f53-8cc3-68ae75d90604, 595.91.07, P2, 55, 296.29 W, 100 %, 100 %, 21532 MiB, 24564 MiB, 2640 MHz, 10251 MHz
2026/09/13 11:36:56.775, NVIDIA GeForce RTX 4090, GPU-457328ff-6f8e-1f53-8cc3-68ae75d90604, 595.91.07, P2, 55, 296.57 W, 100 %, 100 %, 21532 MiB, 24564 MiB, 2640 MHz, 10251 MHz
2026/09/13 11:36:57.777, NVIDIA GeForce RTX 4090, GPU-457328ff-6f8e-1f53-8cc3-68ae75d90604, 595.91.07, P2, 55, 296.30 W, 100 %, 100 %, 21532 MiB, 24564 MiB, 2640 MHz, 10251 MHz
2026/09/13 11:36:58.779, NVIDIA GeForce RTX 4090, GPU-457328ff-6f8e-1f53-8cc3-68ae75d90604, 595.91.07, P2, 55, 296.60 W, 100 %, 100 %, 21532 MiB, 24564 MiB, 2640 MHz, 10251 MHz
2026/09/13 11:36:59.781, NVIDIA GeForce RTX 4090, GPU-457328ff-6f8e-1f53-8cc3-68ae75d90604, 595.91.07, P2, 55, 296.31 W, 100 %, 100 %, 21532 MiB, 24564 MiB, 2640 MHz, 10251 MHz
2026/09/13 11:37:00.784, NVIDIA GeForce RTX 4090, GPU-457328ff-6f8e-1f53-8cc3-68ae75d90604, 595.91.07, P2, 55, 296.25 W, 100 %, 100 %, 21532 MiB, 24564 MiB, 2640 MHz, 10251 MHz
2026/09/13 11:37:01.786, NVIDIA GeForce RTX 4090, GPU-457328ff-6f8e-1f53-8cc3-68ae75d90604, 595.91.07, P2, 55, 296.11 W, 100 %, 100 %, 21532 MiB, 24564 MiB, 2640 MHz, 10251 MHz
2026/09/13 11:37:02.788, NVIDIA GeForce RTX 4090, GPU-457328ff-6f8e-1f53-8cc3-68ae75d90604, 595.91.07, P2, 55, 295.82 W, 100 %, 100 %, 21532 MiB, 24564 MiB, 2640 MHz, 10251 MHz
2026/09/13 11:37:03.789, NVIDIA GeForce RTX 4090, GPU-457328ff-6f8e-1f53-8cc3-68ae75d90604, 595.91.07, P2, 55, 295.62 W, 100 %, 100 %, 21532 MiB, 24564 MiB, 2640 MHz, 10251 MHz
2026/09/13 11:37:04.791, NVIDIA GeForce RTX 4090, GPU-457328ff-6f8e-1f53-8cc3-68ae75d90604, 595.91.07, P2, 55, 295.58 W, 100 %, 100 %, 21532 MiB, 24564 MiB, 2640 MHz, 10251 MHz
2026/09/13 11:37:05.793, NVIDIA GeForce RTX 4090, GPU-457328ff-6f8e-1f53-8cc3-68ae75d90604, 595.91.07, P2, 56, 285.83 W, 100 %, 100 %, 21532 MiB, 24564 MiB, 2640 MHz, 10251 MHz
2026/09/13 11:37:06.795, NVIDIA GeForce RTX 4090, GPU-457328ff-6f8e-1f53-8cc3-68ae75d90604, 595.91.07, P2, 56, 298.64 W, 100 %, 100 %, 21532 MiB, 24564 MiB, 2640 MHz, 10251 MHz
2026/09/13 11:37:07.797, NVIDIA GeForce RTX 4090, GPU-457328ff-6f8e-1f53-8cc3-68ae75d90604, 595.91.07, P2, 56, 298.00 W, 100 %, 100 %, 21532 MiB, 24564 MiB, 2640 MHz, 10251 MHz
2026/09/13 11:37:08.800, NVIDIA GeForce RTX 4090, GPU-457328ff-6f8e-1f53-8cc3-68ae75d90604, 595.91.07, P2, 56, 297.69 W, 100 %, 100 %, 21532 MiB, 24564 MiB, 2640 MHz, 10251 MHz
2026/09/13 11:37:09.815, NVIDIA GeForce RTX 4090, GPU-457328ff-6f8e-1f53-8cc3-68ae75d90604, 595.91.07, P2, 56, 297.73 W, 100 %, 100 %, 21532 MiB, 24564 MiB, 2640 MHz, 10251 MHz
2026/09/13 11:37:10.817, NVIDIA GeForce RTX 4090, GPU-457328ff-6f8e-1f53-8cc3-68ae75d90604, 595.91.07, P2, 56, 297.43 W, 100 %, 100 %, 21532 MiB, 24564 MiB, 2640 MHz, 10251 MHz
2026/09/13 11:37:11.820, NVIDIA GeForce RTX 4090, GPU-457328ff-6f8e-1f53-8cc3-68ae75d90604, 595.91.07, P2, 56, 297.75 W, 100 %, 100 %, 21532 MiB, 24564 MiB, 2640 MHz, 10251 MHz
2026/09/13 11:37:12.822, NVIDIA GeForce RTX 4090, GPU-457328ff-6f8e-1f53-8cc3-68ae75d90604, 595.91.07, P2, 56, 297.57 W, 100 %, 100 %, 21532 MiB, 24564 MiB, 2640 MHz, 10251 MHz
2026/09/13 11:37:13.824, NVIDIA GeForce RTX 4090, GPU-457328ff-6f8e-1f53-8cc3-68ae75d90604, 595.91.07, P2, 56, 297.37 W, 100 %, 100 %, 21532 MiB, 24564 MiB, 2640 MHz, 10251 MHz
2026/09/13 11:37:14.826, NVIDIA GeForce RTX 4090, GPU-457328ff-6f8e-1f53-8cc3-68ae75d90604, 595.91.07, P2, 56, 297.11 W, 100 %, 100 %, 21532 MiB, 24564 MiB, 2640 MHz, 10251 MHz
2026/09/13 11:37:15.829, NVIDIA GeForce RTX 4090, GPU-457328ff-6f8e-1f53-8cc3-68ae75d90604, 595.91.07, P2, 56, 296.85 W, 100 %, 100 %, 21532 MiB, 24564 MiB, 2640 MHz, 10251 MHz
2026/09/13 11:37:16.831, NVIDIA GeForce RTX 4090, GPU-457328ff-6f8e-1f53-8cc3-68ae75d90604, 595.91.07, P2, 56, 296.85 W, 100 %, 100 %, 21532 MiB, 24564 MiB, 2640 MHz, 10251 MHz
2026/09/13 11:37:17.833, NVIDIA GeForce RTX 4090, GPU-457328ff-6f8e-1f53-8cc3-68ae75d90604, 595.91.07, P2, 56, 296.41 W, 100 %, 100 %, 21532 MiB, 24564 MiB, 2640 MHz, 10251 MHz
2026/09/13 11:37:18.835, NVIDIA GeForce RTX 4090, GPU-457328ff-6f8e-1f53-8cc3-68ae75d90604, 595.91.07, P2, 56, 296.44 W, 100 %, 100 %, 21532 MiB, 24564 MiB, 2640 MHz, 10251 MHz
2026/09/13 11:37:19.837, NVIDIA GeForce RTX 4090, GPU-457328ff-6f8e-1f53-8cc3-68ae75d90604, 595.91.07, P2, 56, 288.87 W, 100 %, 100 %, 21532 MiB, 24564 MiB, 2640 MHz, 10251 MHz
2026/09/13 11:37:20.839, NVIDIA GeForce RTX 4090, GPU-457328ff-6f8e-1f53-8cc3-68ae75d90604, 595.91.07, P2, 56, 298.52 W, 100 %, 100 %, 21532 MiB, 24564 MiB, 2640 MHz, 10251 MHz
2026/09/13 11:37:21.842, NVIDIA GeForce RTX 4090, GPU-457328ff-6f8e-1f53-8cc3-68ae75d90604, 595.91.07, P2, 56, 298.68 W, 100 %, 100 %, 21532 MiB, 24564 MiB, 2640 MHz, 10251 MHz
2026/09/13 11:37:22.844, NVIDIA GeForce RTX 4090, GPU-457328ff-6f8e-1f53-8cc3-68ae75d90604, 595.91.07, P2, 56, 298.13 W, 100 %, 100 %, 21532 MiB, 24564 MiB, 2640 MHz, 10251 MHz
2026/09/13 11:37:23.846, NVIDIA GeForce RTX 4090, GPU-457328ff-6f8e-1f53-8cc3-68ae75d90604, 595.91.07, P2, 56, 298.02 W, 100 %, 100 %, 21532 MiB, 24564 MiB, 2640 MHz, 10251 MHz
2026/09/13 11:37:24.848, NVIDIA GeForce RTX 4090, GPU-457328ff-6f8e-1f53-8cc3-68ae75d90604, 595.91.07, P2, 56, 297.96 W, 100 %, 100 %, 21532 MiB, 24564 MiB, 2640 MHz, 10251 MHz
2026/09/13 11:37:25.850, NVIDIA GeForce RTX 4090, GPU-457328ff-6f8e-1f53-8cc3-68ae75d90604, 595.91.07, P2, 56, 297.58 W, 100 %, 100 %, 21532 MiB, 24564 MiB, 2640 MHz, 10251 MHz
2026/09/13 11:37:26.852, NVIDIA GeForce RTX 4090, GPU-457328ff-6f8e-1f53-8cc3-68ae75d90604, 595.91.07, P2, 56, 297.76 W, 100 %, 100 %, 21532 MiB, 24564 MiB, 2640 MHz, 10251 MHz
2026/09/13 11:37:27.854, NVIDIA GeForce RTX 4090, GPU-457328ff-6f8e-1f53-8cc3-68ae75d90604, 595.91.07, P2, 56, 297.41 W, 100 %, 100 %, 21532 MiB, 24564 MiB, 2640 MHz, 10251 MHz
2026/09/13 11:37:28.856, NVIDIA GeForce RTX 4090, GPU-457328ff-6f8e-1f53-8cc3-68ae75d90604, 595.91.07, P2, 56, 297.66 W, 100 %, 100 %, 21532 MiB, 24564 MiB, 2640 MHz, 10251 MHz
2026/09/13 11:37:29.858, NVIDIA GeForce RTX 4090, GPU-457328ff-6f8e-1f53-8cc3-68ae75d90604, 595.91.07, P2, 56, 297.49 W, 100 %, 100 %, 21532 MiB, 24564 MiB, 2640 MHz, 10251 MHz
2026/09/13 11:37:30.860, NVIDIA GeForce RTX 4090, GPU-457328ff-6f8e-1f53-8cc3-68ae75d90604, 595.91.07, P2, 56, 297.27 W, 100 %, 100 %, 21532 MiB, 24564 MiB, 2640 MHz, 10251 MHz
2026/09/13 11:37:31.862, NVIDIA GeForce RTX 4090, GPU-457328ff-6f8e-1f53-8cc3-68ae75d90604, 595.91.07, P2, 56, 297.17 W, 100 %, 100 %, 21532 MiB, 24564 MiB, 2640 MHz, 10251 MHz
2026/09/13 11:37:32.864, NVIDIA GeForce RTX 4090, GPU-457328ff-6f8e-1f53-8cc3-68ae75d90604, 595.91.07, P2, 56, 296.88 W, 100 %, 100 %, 21532 MiB, 24564 MiB, 2640 MHz, 10251 MHz
2026/09/13 11:37:33.866, NVIDIA GeForce RTX 4090, GPU-457328ff-6f8e-1f53-8cc3-68ae75d90604, 595.91.07, P2, 56, 297.08 W, 100 %, 100 %, 21532 MiB, 24564 MiB, 2640 MHz, 10251 MHz
2026/09/13 11:37:34.868, NVIDIA GeForce RTX 4090, GPU-457328ff-6f8e-1f53-8cc3-68ae75d90604, 595.91.07, P2, 56, 289.52 W, 100 %, 100 %, 21532 MiB, 24564 MiB, 2640 MHz, 10251 MHz
2026/09/13 11:37:35.870, NVIDIA GeForce RTX 4090, GPU-457328ff-6f8e-1f53-8cc3-68ae75d90604, 595.91.07, P2, 56, 298.73 W, 100 %, 100 %, 21532 MiB, 24564 MiB, 2640 MHz, 10251 MHz
2026/09/13 11:37:36.871, NVIDIA GeForce RTX 4090, GPU-457328ff-6f8e-1f53-8cc3-68ae75d90604, 595.91.07, P2, 56, 298.76 W, 100 %, 100 %, 21532 MiB, 24564 MiB, 2640 MHz, 10251 MHz
2026/09/13 11:37:37.873, NVIDIA GeForce RTX 4090, GPU-457328ff-6f8e-1f53-8cc3-68ae75d90604, 595.91.07, P2, 56, 298.55 W, 100 %, 100 %, 21532 MiB, 24564 MiB, 2640 MHz, 10251 MHz
2026/09/13 11:37:38.874, NVIDIA GeForce RTX 4090, GPU-457328ff-6f8e-1f53-8cc3-68ae75d90604, 595.91.07, P2, 56, 298.16 W, 100 %, 100 %, 21532 MiB, 24564 MiB, 2640 MHz, 10251 MHz
2026/09/13 11:37:39.876, NVIDIA GeForce RTX 4090, GPU-457328ff-6f8e-1f53-8cc3-68ae75d90604, 595.91.07, P2, 56, 297.84 W, 100 %, 100 %, 21532 MiB, 24564 MiB, 2640 MHz, 10251 MHz
2026/09/13 11:37:40.878, NVIDIA GeForce RTX 4090, GPU-457328ff-6f8e-1f53-8cc3-68ae75d90604, 595.91.07, P2, 56, 297.44 W, 100 %, 100 %, 21532 MiB, 24564 MiB, 2640 MHz, 10251 MHz
2026/09/13 11:37:41.880, NVIDIA GeForce RTX 4090, GPU-457328ff-6f8e-1f53-8cc3-68ae75d90604, 595.91.07, P2, 56, 297.38 W, 100 %, 100 %, 21532 MiB, 24564 MiB, 2640 MHz, 10251 MHz
2026/09/13 11:37:42.882, NVIDIA GeForce RTX 4090, GPU-457328ff-6f8e-1f53-8cc3-68ae75d90604, 595.91.07, P2, 56, 297.17 W, 100 %, 100 %, 21532 MiB, 24564 MiB, 2640 MHz, 10251 MHz
2026/09/13 11:37:43.884, NVIDIA GeForce RTX 4090, GPU-457328ff-6f8e-1f53-8cc3-68ae75d90604, 595.91.07, P2, 56, 297.57 W, 100 %, 100 %, 21532 MiB, 24564 MiB, 2640 MHz, 10251 MHz
2026/09/13 11:37:44.886, NVIDIA GeForce RTX 4090, GPU-457328ff-6f8e-1f53-8cc3-68ae75d90604, 595.91.07, P2, 56, 297.34 W, 100 %, 100 %, 21532 MiB, 24564 MiB, 2640 MHz, 10251 MHz
2026/09/13 11:37:45.887, NVIDIA GeForce RTX 4090, GPU-457328ff-6f8e-1f53-8cc3-68ae75d90604, 595.91.07, P2, 56, 297.53 W, 100 %, 100 %, 21532 MiB, 24564 MiB, 2640 MHz, 10251 MHz
2026/09/13 11:37:46.890, NVIDIA GeForce RTX 4090, GPU-457328ff-6f8e-1f53-8cc3-68ae75d90604, 595.91.07, P2, 56, 297.37 W, 100 %, 100 %, 21532 MiB, 24564 MiB, 2640 MHz, 10251 MHz
2026/09/13 11:37:47.891, NVIDIA GeForce RTX 4090, GPU-457328ff-6f8e-1f53-8cc3-68ae75d90604, 595.91.07, P2, 56, 297.35 W, 100 %, 100 %, 21532 MiB, 24564 MiB, 2640 MHz, 10251 MHz
2026/09/13 11:37:48.893, NVIDIA GeForce RTX 4090, GPU-457328ff-6f8e-1f53-8cc3-68ae75d90604, 595.91.07, P2, 56, 297.08 W, 100 %, 100 %, 21532 MiB, 24564 MiB, 2640 MHz, 10251 MHz
2026/09/13 11:37:49.895, NVIDIA GeForce RTX 4090, GPU-457328ff-6f8e-1f53-8cc3-68ae75d90604, 595.91.07, P2, 56, 297.20 W, 100 %, 100 %, 21532 MiB, 24564 MiB, 2640 MHz, 10251 MHz
2026/09/13 11:37:50.898, NVIDIA GeForce RTX 4090, GPU-457328ff-6f8e-1f53-8cc3-68ae75d90604, 595.91.07, P2, 56, 289.78 W, 100 %, 100 %, 21532 MiB, 24564 MiB, 2640 MHz, 10251 MHz
2026/09/13 11:37:51.899, NVIDIA GeForce RTX 4090, GPU-457328ff-6f8e-1f53-8cc3-68ae75d90604, 595.91.07, P2, 56, 298.47 W, 100 %, 100 %, 21532 MiB, 24564 MiB, 2640 MHz, 10251 MHz
2026/09/13 11:37:52.902, NVIDIA GeForce RTX 4090, GPU-457328ff-6f8e-1f53-8cc3-68ae75d90604, 595.91.07, P2, 56, 298.63 W, 100 %, 100 %, 21532 MiB, 24564 MiB, 2640 MHz, 10251 MHz
2026/09/13 11:37:53.903, NVIDIA GeForce RTX 4090, GPU-457328ff-6f8e-1f53-8cc3-68ae75d90604, 595.91.07, P2, 56, 298.62 W, 100 %, 100 %, 21532 MiB, 24564 MiB, 2640 MHz, 10251 MHz
2026/09/13 11:37:54.905, NVIDIA GeForce RTX 4090, GPU-457328ff-6f8e-1f53-8cc3-68ae75d90604, 595.91.07, P2, 56, 298.44 W, 100 %, 100 %, 21532 MiB, 24564 MiB, 2640 MHz, 10251 MHz
2026/09/13 11:37:55.908, NVIDIA GeForce RTX 4090, GPU-457328ff-6f8e-1f53-8cc3-68ae75d90604, 595.91.07, P2, 56, 298.23 W, 100 %, 100 %, 21532 MiB, 24564 MiB, 2640 MHz, 10251 MHz
2026/09/13 11:37:56.910, NVIDIA GeForce RTX 4090, GPU-457328ff-6f8e-1f53-8cc3-68ae75d90604, 595.91.07, P2, 56, 297.55 W, 100 %, 100 %, 21532 MiB, 24564 MiB, 2640 MHz, 10251 MHz
2026/09/13 11:37:57.912, NVIDIA GeForce RTX 4090, GPU-457328ff-6f8e-1f53-8cc3-68ae75d90604, 595.91.07, P2, 56, 297.37 W, 100 %, 100 %, 21532 MiB, 24564 MiB, 2640 MHz, 10251 MHz
2026/09/13 11:37:58.914, NVIDIA GeForce RTX 4090, GPU-457328ff-6f8e-1f53-8cc3-68ae75d90604, 595.91.07, P2, 56, 297.43 W, 100 %, 100 %, 21532 MiB, 24564 MiB, 2640 MHz, 10251 MHz
2026/09/13 11:37:59.916, NVIDIA GeForce RTX 4090, GPU-457328ff-6f8e-1f53-8cc3-68ae75d90604, 595.91.07, P2, 56, 296.92 W, 100 %, 100 %, 21532 MiB, 24564 MiB, 2640 MHz, 10251 MHz
2026/09/13 11:38:00.917, NVIDIA GeForce RTX 4090, GPU-457328ff-6f8e-1f53-8cc3-68ae75d90604, 595.91.07, P2, 56, 296.79 W, 100 %, 100 %, 21532 MiB, 24564 MiB, 2640 MHz, 10251 MHz
2026/09/13 11:38:01.920, NVIDIA GeForce RTX 4090, GPU-457328ff-6f8e-1f53-8cc3-68ae75d90604, 595.91.07, P2, 56, 296.74 W, 100 %, 100 %, 21532 MiB, 24564 MiB, 2640 MHz, 10251 MHz
2026/09/13 11:38:02.922, NVIDIA GeForce RTX 4090, GPU-457328ff-6f8e-1f53-8cc3-68ae75d90604, 595.91.07, P2, 56, 296.67 W, 100 %, 100 %, 21532 MiB, 24564 MiB, 2640 MHz, 10251 MHz
2026/09/13 11:38:03.924, NVIDIA GeForce RTX 4090, GPU-457328ff-6f8e-1f53-8cc3-68ae75d90604, 595.91.07, P2, 56, 296.21 W, 100 %, 100 %, 21532 MiB, 24564 MiB, 2640 MHz, 10251 MHz
2026/09/13 11:38:04.926, NVIDIA GeForce RTX 4090, GPU-457328ff-6f8e-1f53-8cc3-68ae75d90604, 595.91.07, P2, 56, 296.07 W, 100 %, 100 %, 21532 MiB, 24564 MiB, 2640 MHz, 10251 MHz
2026/09/13 11:38:05.928, NVIDIA GeForce RTX 4090, GPU-457328ff-6f8e-1f53-8cc3-68ae75d90604, 595.91.07, P2, 56, 296.24 W, 100 %, 100 %, 21532 MiB, 24564 MiB, 2640 MHz, 10251 MHz
2026/09/13 11:38:06.929, NVIDIA GeForce RTX 4090, GPU-457328ff-6f8e-1f53-8cc3-68ae75d90604, 595.91.07, P2, 56, 296.03 W, 100 %, 100 %, 21532 MiB, 24564 MiB, 2640 MHz, 10251 MHz
2026/09/13 11:38:07.931, NVIDIA GeForce RTX 4090, GPU-457328ff-6f8e-1f53-8cc3-68ae75d90604, 595.91.07, P2, 56, 296.23 W, 100 %, 100 %, 21532 MiB, 24564 MiB, 2640 MHz, 10251 MHz
2026/09/13 11:38:08.933, NVIDIA GeForce RTX 4090, GPU-457328ff-6f8e-1f53-8cc3-68ae75d90604, 595.91.07, P2, 56, 295.77 W, 100 %, 100 %, 21532 MiB, 24564 MiB, 2640 MHz, 10251 MHz
2026/09/13 11:38:09.936, NVIDIA GeForce RTX 4090, GPU-457328ff-6f8e-1f53-8cc3-68ae75d90604, 595.91.07, P2, 56, 295.61 W, 100 %, 100 %, 21532 MiB, 24564 MiB, 2640 MHz, 10251 MHz
2026/09/13 11:38:10.939, NVIDIA GeForce RTX 4090, GPU-457328ff-6f8e-1f53-8cc3-68ae75d90604, 595.91.07, P2, 55, 284.52 W, 93 %, 97 %, 21532 MiB, 24564 MiB, 2640 MHz, 10251 MHz
2026/09/13 11:38:11.941, NVIDIA GeForce RTX 4090, GPU-457328ff-6f8e-1f53-8cc3-68ae75d90604, 595.91.07, P2, 56, 297.26 W, 100 %, 100 %, 21532 MiB, 24564 MiB, 2640 MHz, 10251 MHz
2026/09/13 11:38:12.943, NVIDIA GeForce RTX 4090, GPU-457328ff-6f8e-1f53-8cc3-68ae75d90604, 595.91.07, P2, 56, 297.47 W, 100 %, 100 %, 21532 MiB, 24564 MiB, 2640 MHz, 10251 MHz
2026/09/13 11:38:13.946, NVIDIA GeForce RTX 4090, GPU-457328ff-6f8e-1f53-8cc3-68ae75d90604, 595.91.07, P2, 56, 297.34 W, 100 %, 100 %, 21532 MiB, 24564 MiB, 2640 MHz, 10251 MHz
2026/09/13 11:38:14.948, NVIDIA GeForce RTX 4090, GPU-457328ff-6f8e-1f53-8cc3-68ae75d90604, 595.91.07, P2, 55, 297.39 W, 100 %, 100 %, 21532 MiB, 24564 MiB, 2640 MHz, 10251 MHz
2026/09/13 11:38:15.950, NVIDIA GeForce RTX 4090, GPU-457328ff-6f8e-1f53-8cc3-68ae75d90604, 595.91.07, P2, 55, 296.82 W, 100 %, 100 %, 21532 MiB, 24564 MiB, 2640 MHz, 10251 MHz
2026/09/13 11:38:16.953, NVIDIA GeForce RTX 4090, GPU-457328ff-6f8e-1f53-8cc3-68ae75d90604, 595.91.07, P2, 55, 296.59 W, 100 %, 100 %, 21532 MiB, 24564 MiB, 2640 MHz, 10251 MHz
2026/09/13 11:38:17.955, NVIDIA GeForce RTX 4090, GPU-457328ff-6f8e-1f53-8cc3-68ae75d90604, 595.91.07, P2, 55, 296.23 W, 100 %, 100 %, 21532 MiB, 24564 MiB, 2640 MHz, 10251 MHz
2026/09/13 11:38:18.957, NVIDIA GeForce RTX 4090, GPU-457328ff-6f8e-1f53-8cc3-68ae75d90604, 595.91.07, P2, 55, 295.93 W, 100 %, 100 %, 21532 MiB, 24564 MiB, 2640 MHz, 10251 MHz
2026/09/13 11:38:19.960, NVIDIA GeForce RTX 4090, GPU-457328ff-6f8e-1f53-8cc3-68ae75d90604, 595.91.07, P2, 55, 295.98 W, 100 %, 100 %, 21532 MiB, 24564 MiB, 2640 MHz, 10251 MHz
2026/09/13 11:38:20.962, NVIDIA GeForce RTX 4090, GPU-457328ff-6f8e-1f53-8cc3-68ae75d90604, 595.91.07, P2, 55, 296.14 W, 100 %, 100 %, 21532 MiB, 24564 MiB, 2640 MHz, 10251 MHz
2026/09/13 11:38:21.964, NVIDIA GeForce RTX 4090, GPU-457328ff-6f8e-1f53-8cc3-68ae75d90604, 595.91.07, P2, 55, 296.03 W, 100 %, 100 %, 21532 MiB, 24564 MiB, 2640 MHz, 10251 MHz
2026/09/13 11:38:22.966, NVIDIA GeForce RTX 4090, GPU-457328ff-6f8e-1f53-8cc3-68ae75d90604, 595.91.07, P2, 55, 296.03 W, 100 %, 100 %, 21532 MiB, 24564 MiB, 2640 MHz, 10251 MHz
2026/09/13 11:38:23.967, NVIDIA GeForce RTX 4090, GPU-457328ff-6f8e-1f53-8cc3-68ae75d90604, 595.91.07, P2, 55, 295.54 W, 100 %, 100 %, 21532 MiB, 24564 MiB, 2640 MHz, 10251 MHz
2026/09/13 11:38:24.969, NVIDIA GeForce RTX 4090, GPU-457328ff-6f8e-1f53-8cc3-68ae75d90604, 595.91.07, P2, 55, 288.39 W, 100 %, 100 %, 21532 MiB, 24564 MiB, 2640 MHz, 10251 MHz
2026/09/13 11:38:25.971, NVIDIA GeForce RTX 4090, GPU-457328ff-6f8e-1f53-8cc3-68ae75d90604, 595.91.07, P2, 55, 297.39 W, 100 %, 100 %, 21532 MiB, 24564 MiB, 2640 MHz, 10251 MHz
2026/09/13 11:38:26.973, NVIDIA GeForce RTX 4090, GPU-457328ff-6f8e-1f53-8cc3-68ae75d90604, 595.91.07, P2, 55, 297.47 W, 100 %, 100 %, 21532 MiB, 24564 MiB, 2640 MHz, 10251 MHz
2026/09/13 11:38:27.975, NVIDIA GeForce RTX 4090, GPU-457328ff-6f8e-1f53-8cc3-68ae75d90604, 595.91.07, P2, 55, 297.14 W, 100 %, 100 %, 21532 MiB, 24564 MiB, 2640 MHz, 10251 MHz
2026/09/13 11:38:28.976, NVIDIA GeForce RTX 4090, GPU-457328ff-6f8e-1f53-8cc3-68ae75d90604, 595.91.07, P2, 55, 296.82 W, 100 %, 100 %, 21532 MiB, 24564 MiB, 2640 MHz, 10251 MHz
2026/09/13 11:38:29.978, NVIDIA GeForce RTX 4090, GPU-457328ff-6f8e-1f53-8cc3-68ae75d90604, 595.91.07, P2, 55, 296.65 W, 100 %, 100 %, 21532 MiB, 24564 MiB, 2640 MHz, 10251 MHz
2026/09/13 11:38:30.980, NVIDIA GeForce RTX 4090, GPU-457328ff-6f8e-1f53-8cc3-68ae75d90604, 595.91.07, P2, 55, 296.62 W, 100 %, 100 %, 21532 MiB, 24564 MiB, 2640 MHz, 10251 MHz
2026/09/13 11:38:31.982, NVIDIA GeForce RTX 4090, GPU-457328ff-6f8e-1f53-8cc3-68ae75d90604, 595.91.07, P2, 55, 296.20 W, 100 %, 100 %, 21532 MiB, 24564 MiB, 2640 MHz, 10251 MHz
2026/09/13 11:38:32.984, NVIDIA GeForce RTX 4090, GPU-457328ff-6f8e-1f53-8cc3-68ae75d90604, 595.91.07, P2, 55, 296.27 W, 100 %, 100 %, 21532 MiB, 24564 MiB, 2640 MHz, 10251 MHz
2026/09/13 11:38:33.986, NVIDIA GeForce RTX 4090, GPU-457328ff-6f8e-1f53-8cc3-68ae75d90604, 595.91.07, P2, 55, 296.15 W, 100 %, 100 %, 21532 MiB, 24564 MiB, 2640 MHz, 10251 MHz
2026/09/13 11:38:34.988, NVIDIA GeForce RTX 4090, GPU-457328ff-6f8e-1f53-8cc3-68ae75d90604, 595.91.07, P2, 55, 295.92 W, 100 %, 100 %, 21532 MiB, 24564 MiB, 2640 MHz, 10251 MHz
2026/09/13 11:38:35.990, NVIDIA GeForce RTX 4090, GPU-457328ff-6f8e-1f53-8cc3-68ae75d90604, 595.91.07, P2, 55, 295.51 W, 100 %, 100 %, 21532 MiB, 24564 MiB, 2640 MHz, 10251 MHz
2026/09/13 11:38:36.991, NVIDIA GeForce RTX 4090, GPU-457328ff-6f8e-1f53-8cc3-68ae75d90604, 595.91.07, P2, 55, 295.61 W, 100 %, 100 %, 21532 MiB, 24564 MiB, 2640 MHz, 10251 MHz
2026/09/13 11:38:37.993, NVIDIA GeForce RTX 4090, GPU-457328ff-6f8e-1f53-8cc3-68ae75d90604, 595.91.07, P2, 55, 288.76 W, 100 %, 100 %, 21532 MiB, 24564 MiB, 2640 MHz, 10251 MHz
2026/09/13 11:38:38.995, NVIDIA GeForce RTX 4090, GPU-457328ff-6f8e-1f53-8cc3-68ae75d90604, 595.91.07, P2, 55, 297.07 W, 100 %, 100 %, 21532 MiB, 24564 MiB, 2640 MHz, 10251 MHz
2026/09/13 11:38:39.998, NVIDIA GeForce RTX 4090, GPU-457328ff-6f8e-1f53-8cc3-68ae75d90604, 595.91.07, P2, 55, 297.09 W, 100 %, 100 %, 21532 MiB, 24564 MiB, 2640 MHz, 10251 MHz
2026/09/13 11:38:41.000, NVIDIA GeForce RTX 4090, GPU-457328ff-6f8e-1f53-8cc3-68ae75d90604, 595.91.07, P2, 55, 297.05 W, 100 %, 100 %, 21532 MiB, 24564 MiB, 2640 MHz, 10251 MHz
2026/09/13 11:38:42.002, NVIDIA GeForce RTX 4090, GPU-457328ff-6f8e-1f53-8cc3-68ae75d90604, 595.91.07, P2, 55, 296.52 W, 100 %, 100 %, 21532 MiB, 24564 MiB, 2640 MHz, 10251 MHz
2026/09/13 11:38:43.004, NVIDIA GeForce RTX 4090, GPU-457328ff-6f8e-1f53-8cc3-68ae75d90604, 595.91.07, P2, 55, 296.77 W, 100 %, 100 %, 21532 MiB, 24564 MiB, 2640 MHz, 10251 MHz
2026/09/13 11:38:44.006, NVIDIA GeForce RTX 4090, GPU-457328ff-6f8e-1f53-8cc3-68ae75d90604, 595.91.07, P2, 55, 296.50 W, 100 %, 100 %, 21532 MiB, 24564 MiB, 2640 MHz, 10251 MHz
2026/09/13 11:38:45.007, NVIDIA GeForce RTX 4090, GPU-457328ff-6f8e-1f53-8cc3-68ae75d90604, 595.91.07, P2, 55, 296.43 W, 100 %, 100 %, 21532 MiB, 24564 MiB, 2640 MHz, 10251 MHz
2026/09/13 11:38:46.009, NVIDIA GeForce RTX 4090, GPU-457328ff-6f8e-1f53-8cc3-68ae75d90604, 595.91.07, P2, 55, 295.67 W, 100 %, 100 %, 21532 MiB, 24564 MiB, 2640 MHz, 10251 MHz
2026/09/13 11:38:47.010, NVIDIA GeForce RTX 4090, GPU-457328ff-6f8e-1f53-8cc3-68ae75d90604, 595.91.07, P2, 55, 295.46 W, 100 %, 100 %, 21532 MiB, 24564 MiB, 2640 MHz, 10251 MHz
2026/09/13 11:38:48.012, NVIDIA GeForce RTX 4090, GPU-457328ff-6f8e-1f53-8cc3-68ae75d90604, 595.91.07, P2, 55, 294.87 W, 100 %, 100 %, 21532 MiB, 24564 MiB, 2640 MHz, 10251 MHz
2026/09/13 11:38:49.014, NVIDIA GeForce RTX 4090, GPU-457328ff-6f8e-1f53-8cc3-68ae75d90604, 595.91.07, P2, 55, 295.04 W, 100 %, 100 %, 21532 MiB, 24564 MiB, 2640 MHz, 10251 MHz
2026/09/13 11:38:50.016, NVIDIA GeForce RTX 4090, GPU-457328ff-6f8e-1f53-8cc3-68ae75d90604, 595.91.07, P2, 55, 295.00 W, 100 %, 100 %, 21532 MiB, 24564 MiB, 2640 MHz, 10251 MHz
2026/09/13 11:38:51.018, NVIDIA GeForce RTX 4090, GPU-457328ff-6f8e-1f53-8cc3-68ae75d90604, 595.91.07, P2, 55, 294.93 W, 100 %, 100 %, 21532 MiB, 24564 MiB, 2640 MHz, 10251 MHz
2026/09/13 11:38:52.019, NVIDIA GeForce RTX 4090, GPU-457328ff-6f8e-1f53-8cc3-68ae75d90604, 595.91.07, P2, 55, 295.35 W, 100 %, 100 %, 21532 MiB, 24564 MiB, 2640 MHz, 10251 MHz
2026/09/13 11:38:53.021, NVIDIA GeForce RTX 4090, GPU-457328ff-6f8e-1f53-8cc3-68ae75d90604, 595.91.07, P2, 55, 295.22 W, 100 %, 100 %, 21532 MiB, 24564 MiB, 2640 MHz, 10251 MHz
2026/09/13 11:38:54.022, NVIDIA GeForce RTX 4090, GPU-457328ff-6f8e-1f53-8cc3-68ae75d90604, 595.91.07, P2, 55, 295.21 W, 100 %, 100 %, 21532 MiB, 24564 MiB, 2640 MHz, 10251 MHz
2026/09/13 11:38:55.024, NVIDIA GeForce RTX 4090, GPU-457328ff-6f8e-1f53-8cc3-68ae75d90604, 595.91.07, P2, 55, 295.14 W, 100 %, 100 %, 21532 MiB, 24564 MiB, 2640 MHz, 10251 MHz
2026/09/13 11:38:56.025, NVIDIA GeForce RTX 4090, GPU-457328ff-6f8e-1f53-8cc3-68ae75d90604, 595.91.07, P2, 55, 284.87 W, 100 %, 100 %, 21532 MiB, 24564 MiB, 2640 MHz, 10251 MHz
2026/09/13 11:38:57.027, NVIDIA GeForce RTX 4090, GPU-457328ff-6f8e-1f53-8cc3-68ae75d90604, 595.91.07, P2, 55, 297.29 W, 100 %, 100 %, 21532 MiB, 24564 MiB, 2640 MHz, 10251 MHz
2026/09/13 11:38:58.029, NVIDIA GeForce RTX 4090, GPU-457328ff-6f8e-1f53-8cc3-68ae75d90604, 595.91.07, P2, 55, 296.90 W, 100 %, 100 %, 21532 MiB, 24564 MiB, 2640 MHz, 10251 MHz
2026/09/13 11:38:59.031, NVIDIA GeForce RTX 4090, GPU-457328ff-6f8e-1f53-8cc3-68ae75d90604, 595.91.07, P2, 55, 296.58 W, 100 %, 100 %, 21532 MiB, 24564 MiB, 2640 MHz, 10251 MHz
2026/09/13 11:39:00.032, NVIDIA GeForce RTX 4090, GPU-457328ff-6f8e-1f53-8cc3-68ae75d90604, 595.91.07, P2, 55, 296.32 W, 100 %, 100 %, 21532 MiB, 24564 MiB, 2640 MHz, 10251 MHz
2026/09/13 11:39:01.034, NVIDIA GeForce RTX 4090, GPU-457328ff-6f8e-1f53-8cc3-68ae75d90604, 595.91.07, P2, 55, 295.86 W, 100 %, 100 %, 21532 MiB, 24564 MiB, 2640 MHz, 10251 MHz
2026/09/13 11:39:02.035, NVIDIA GeForce RTX 4090, GPU-457328ff-6f8e-1f53-8cc3-68ae75d90604, 595.91.07, P2, 55, 295.86 W, 100 %, 100 %, 21532 MiB, 24564 MiB, 2640 MHz, 10251 MHz
2026/09/13 11:39:03.037, NVIDIA GeForce RTX 4090, GPU-457328ff-6f8e-1f53-8cc3-68ae75d90604, 595.91.07, P2, 55, 295.79 W, 100 %, 100 %, 21532 MiB, 24564 MiB, 2640 MHz, 10251 MHz
2026/09/13 11:39:04.038, NVIDIA GeForce RTX 4090, GPU-457328ff-6f8e-1f53-8cc3-68ae75d90604, 595.91.07, P2, 55, 296.14 W, 100 %, 100 %, 21532 MiB, 24564 MiB, 2640 MHz, 10251 MHz
2026/09/13 11:39:05.040, NVIDIA GeForce RTX 4090, GPU-457328ff-6f8e-1f53-8cc3-68ae75d90604, 595.91.07, P2, 55, 296.02 W, 100 %, 100 %, 21532 MiB, 24564 MiB, 2640 MHz, 10251 MHz
2026/09/13 11:39:06.041, NVIDIA GeForce RTX 4090, GPU-457328ff-6f8e-1f53-8cc3-68ae75d90604, 595.91.07, P2, 55, 296.07 W, 100 %, 100 %, 21532 MiB, 24564 MiB, 2640 MHz, 10251 MHz
2026/09/13 11:39:07.042, NVIDIA GeForce RTX 4090, GPU-457328ff-6f8e-1f53-8cc3-68ae75d90604, 595.91.07, P2, 55, 295.60 W, 100 %, 100 %, 21532 MiB, 24564 MiB, 2640 MHz, 10251 MHz
2026/09/13 11:39:08.044, NVIDIA GeForce RTX 4090, GPU-457328ff-6f8e-1f53-8cc3-68ae75d90604, 595.91.07, P2, 55, 295.79 W, 100 %, 100 %, 21532 MiB, 24564 MiB, 2640 MHz, 10251 MHz
2026/09/13 11:39:09.046, NVIDIA GeForce RTX 4090, GPU-457328ff-6f8e-1f53-8cc3-68ae75d90604, 595.91.07, P2, 55, 288.64 W, 100 %, 100 %, 21532 MiB, 24564 MiB, 2640 MHz, 10251 MHz
2026/09/13 11:39:10.048, NVIDIA GeForce RTX 4090, GPU-457328ff-6f8e-1f53-8cc3-68ae75d90604, 595.91.07, P2, 55, 297.34 W, 100 %, 100 %, 21532 MiB, 24564 MiB, 2640 MHz, 10251 MHz
2026/09/13 11:39:11.050, NVIDIA GeForce RTX 4090, GPU-457328ff-6f8e-1f53-8cc3-68ae75d90604, 595.91.07, P2, 55, 297.03 W, 100 %, 100 %, 21532 MiB, 24564 MiB, 2640 MHz, 10251 MHz
2026/09/13 11:39:12.051, NVIDIA GeForce RTX 4090, GPU-457328ff-6f8e-1f53-8cc3-68ae75d90604, 595.91.07, P2, 55, 297.31 W, 100 %, 100 %, 21532 MiB, 24564 MiB, 2640 MHz, 10251 MHz
2026/09/13 11:39:13.053, NVIDIA GeForce RTX 4090, GPU-457328ff-6f8e-1f53-8cc3-68ae75d90604, 595.91.07, P2, 55, 296.94 W, 100 %, 100 %, 21532 MiB, 24564 MiB, 2640 MHz, 10251 MHz
2026/09/13 11:39:14.055, NVIDIA GeForce RTX 4090, GPU-457328ff-6f8e-1f53-8cc3-68ae75d90604, 595.91.07, P2, 55, 296.65 W, 100 %, 100 %, 21532 MiB, 24564 MiB, 2640 MHz, 10251 MHz
2026/09/13 11:39:15.056, NVIDIA GeForce RTX 4090, GPU-457328ff-6f8e-1f53-8cc3-68ae75d90604, 595.91.07, P2, 55, 296.51 W, 100 %, 100 %, 21532 MiB, 24564 MiB, 2640 MHz, 10251 MHz
2026/09/13 11:39:16.058, NVIDIA GeForce RTX 4090, GPU-457328ff-6f8e-1f53-8cc3-68ae75d90604, 595.91.07, P2, 55, 296.51 W, 100 %, 100 %, 21532 MiB, 24564 MiB, 2640 MHz, 10251 MHz
2026/09/13 11:39:17.060, NVIDIA GeForce RTX 4090, GPU-457328ff-6f8e-1f53-8cc3-68ae75d90604, 595.91.07, P2, 55, 296.11 W, 100 %, 100 %, 21532 MiB, 24564 MiB, 2640 MHz, 10251 MHz
2026/09/13 11:39:18.062, NVIDIA GeForce RTX 4090, GPU-457328ff-6f8e-1f53-8cc3-68ae75d90604, 595.91.07, P2, 55, 295.95 W, 100 %, 100 %, 21532 MiB, 24564 MiB, 2640 MHz, 10251 MHz
2026/09/13 11:39:19.063, NVIDIA GeForce RTX 4090, GPU-457328ff-6f8e-1f53-8cc3-68ae75d90604, 595.91.07, P2, 55, 295.54 W, 100 %, 100 %, 21532 MiB, 24564 MiB, 2640 MHz, 10251 MHz
2026/09/13 11:39:20.066, NVIDIA GeForce RTX 4090, GPU-457328ff-6f8e-1f53-8cc3-68ae75d90604, 595.91.07, P2, 55, 295.37 W, 100 %, 100 %, 21532 MiB, 24564 MiB, 2640 MHz, 10251 MHz
2026/09/13 11:39:21.068, NVIDIA GeForce RTX 4090, GPU-457328ff-6f8e-1f53-8cc3-68ae75d90604, 595.91.07, P2, 55, 295.61 W, 100 %, 100 %, 21532 MiB, 24564 MiB, 2640 MHz, 10251 MHz
2026/09/13 11:39:22.070, NVIDIA GeForce RTX 4090, GPU-457328ff-6f8e-1f53-8cc3-68ae75d90604, 595.91.07, P2, 55, 295.50 W, 100 %, 100 %, 21532 MiB, 24564 MiB, 2640 MHz, 10251 MHz
2026/09/13 11:39:23.072, NVIDIA GeForce RTX 4090, GPU-457328ff-6f8e-1f53-8cc3-68ae75d90604, 595.91.07, P2, 55, 295.62 W, 100 %, 100 %, 21532 MiB, 24564 MiB, 2640 MHz, 10251 MHz
2026/09/13 11:39:24.074, NVIDIA GeForce RTX 4090, GPU-457328ff-6f8e-1f53-8cc3-68ae75d90604, 595.91.07, P2, 55, 295.79 W, 100 %, 100 %, 21532 MiB, 24564 MiB, 2640 MHz, 10251 MHz
2026/09/13 11:39:25.075, NVIDIA GeForce RTX 4090, GPU-457328ff-6f8e-1f53-8cc3-68ae75d90604, 595.91.07, P2, 55, 295.66 W, 100 %, 100 %, 21532 MiB, 24564 MiB, 2640 MHz, 10251 MHz
2026/09/13 11:39:26.077, NVIDIA GeForce RTX 4090, GPU-457328ff-6f8e-1f53-8cc3-68ae75d90604, 595.91.07, P2, 55, 295.42 W, 100 %, 100 %, 21532 MiB, 24564 MiB, 2640 MHz, 10251 MHz
2026/09/13 11:39:27.079, NVIDIA GeForce RTX 4090, GPU-457328ff-6f8e-1f53-8cc3-68ae75d90604, 595.91.07, P2, 55, 295.37 W, 100 %, 100 %, 21532 MiB, 24564 MiB, 2640 MHz, 10251 MHz
2026/09/13 11:39:28.081, NVIDIA GeForce RTX 4090, GPU-457328ff-6f8e-1f53-8cc3-68ae75d90604, 595.91.07, P2, 55, 295.67 W, 100 %, 100 %, 21532 MiB, 24564 MiB, 2640 MHz, 10251 MHz
2026/09/13 11:39:29.083, NVIDIA GeForce RTX 4090, GPU-457328ff-6f8e-1f53-8cc3-68ae75d90604, 595.91.07, P2, 55, 284.79 W, 100 %, 100 %, 21532 MiB, 24564 MiB, 2640 MHz, 10251 MHz
2026/09/13 11:39:30.084, NVIDIA GeForce RTX 4090, GPU-457328ff-6f8e-1f53-8cc3-68ae75d90604, 595.91.07, P2, 55, 297.57 W, 100 %, 100 %, 21532 MiB, 24564 MiB, 2640 MHz, 10251 MHz
2026/09/13 11:39:31.086, NVIDIA GeForce RTX 4090, GPU-457328ff-6f8e-1f53-8cc3-68ae75d90604, 595.91.07, P2, 55, 297.63 W, 100 %, 100 %, 21532 MiB, 24564 MiB, 2640 MHz, 10251 MHz
2026/09/13 11:39:32.088, NVIDIA GeForce RTX 4090, GPU-457328ff-6f8e-1f53-8cc3-68ae75d90604, 595.91.07, P2, 55, 297.75 W, 100 %, 100 %, 21532 MiB, 24564 MiB, 2640 MHz, 10251 MHz
2026/09/13 11:39:33.089, NVIDIA GeForce RTX 4090, GPU-457328ff-6f8e-1f53-8cc3-68ae75d90604, 595.91.07, P2, 55, 297.47 W, 100 %, 100 %, 21532 MiB, 24564 MiB, 2640 MHz, 10251 MHz
2026/09/13 11:39:34.091, NVIDIA GeForce RTX 4090, GPU-457328ff-6f8e-1f53-8cc3-68ae75d90604, 595.91.07, P2, 55, 297.38 W, 100 %, 100 %, 21532 MiB, 24564 MiB, 2640 MHz, 10251 MHz
2026/09/13 11:39:35.092, NVIDIA GeForce RTX 4090, GPU-457328ff-6f8e-1f53-8cc3-68ae75d90604, 595.91.07, P2, 55, 297.19 W, 100 %, 100 %, 21532 MiB, 24564 MiB, 2640 MHz, 10251 MHz
2026/09/13 11:39:36.094, NVIDIA GeForce RTX 4090, GPU-457328ff-6f8e-1f53-8cc3-68ae75d90604, 595.91.07, P2, 55, 296.66 W, 100 %, 100 %, 21532 MiB, 24564 MiB, 2640 MHz, 10251 MHz
2026/09/13 11:39:37.095, NVIDIA GeForce RTX 4090, GPU-457328ff-6f8e-1f53-8cc3-68ae75d90604, 595.91.07, P2, 55, 296.61 W, 100 %, 100 %, 21532 MiB, 24564 MiB, 2640 MHz, 10251 MHz
2026/09/13 11:39:38.096, NVIDIA GeForce RTX 4090, GPU-457328ff-6f8e-1f53-8cc3-68ae75d90604, 595.91.07, P2, 55, 296.57 W, 100 %, 100 %, 21532 MiB, 24564 MiB, 2640 MHz, 10251 MHz
2026/09/13 11:39:39.097, NVIDIA GeForce RTX 4090, GPU-457328ff-6f8e-1f53-8cc3-68ae75d90604, 595.91.07, P2, 55, 296.41 W, 100 %, 100 %, 21532 MiB, 24564 MiB, 2640 MHz, 10251 MHz
2026/09/13 11:39:40.100, NVIDIA GeForce RTX 4090, GPU-457328ff-6f8e-1f53-8cc3-68ae75d90604, 595.91.07, P2, 55, 296.27 W, 100 %, 100 %, 21532 MiB, 24564 MiB, 2640 MHz, 10251 MHz
2026/09/13 11:39:41.101, NVIDIA GeForce RTX 4090, GPU-457328ff-6f8e-1f53-8cc3-68ae75d90604, 595.91.07, P2, 55, 296.24 W, 100 %, 100 %, 21532 MiB, 24564 MiB, 2640 MHz, 10251 MHz
2026/09/13 11:39:42.102, NVIDIA GeForce RTX 4090, GPU-457328ff-6f8e-1f53-8cc3-68ae75d90604, 595.91.07, P2, 55, 296.05 W, 100 %, 100 %, 21532 MiB, 24564 MiB, 2640 MHz, 10251 MHz
2026/09/13 11:39:43.102, NVIDIA GeForce RTX 4090, GPU-457328ff-6f8e-1f53-8cc3-68ae75d90604, 595.91.07, P2, 55, 296.03 W, 100 %, 100 %, 21532 MiB, 24564 MiB, 2640 MHz, 10251 MHz
2026/09/13 11:39:44.104, NVIDIA GeForce RTX 4090, GPU-457328ff-6f8e-1f53-8cc3-68ae75d90604, 595.91.07, P2, 56, 296.18 W, 100 %, 100 %, 21532 MiB, 24564 MiB, 2640 MHz, 10251 MHz
2026/09/13 11:39:45.105, NVIDIA GeForce RTX 4090, GPU-457328ff-6f8e-1f53-8cc3-68ae75d90604, 595.91.07, P2, 55, 296.13 W, 100 %, 100 %, 21532 MiB, 24564 MiB, 2640 MHz, 10251 MHz
2026/09/13 11:39:46.106, NVIDIA GeForce RTX 4090, GPU-457328ff-6f8e-1f53-8cc3-68ae75d90604, 595.91.07, P2, 56, 295.94 W, 100 %, 100 %, 21532 MiB, 24564 MiB, 2640 MHz, 10251 MHz
2026/09/13 11:39:47.108, NVIDIA GeForce RTX 4090, GPU-457328ff-6f8e-1f53-8cc3-68ae75d90604, 595.91.07, P2, 56, 296.05 W, 100 %, 100 %, 21532 MiB, 24564 MiB, 2640 MHz, 10251 MHz
2026/09/13 11:39:48.110, NVIDIA GeForce RTX 4090, GPU-457328ff-6f8e-1f53-8cc3-68ae75d90604, 595.91.07, P2, 56, 296.29 W, 100 %, 100 %, 21532 MiB, 24564 MiB, 2640 MHz, 10251 MHz
2026/09/13 11:39:49.113, NVIDIA GeForce RTX 4090, GPU-457328ff-6f8e-1f53-8cc3-68ae75d90604, 595.91.07, P2, 55, 284.94 W, 100 %, 100 %, 21532 MiB, 24564 MiB, 2640 MHz, 10251 MHz
2026/09/13 11:39:50.115, NVIDIA GeForce RTX 4090, GPU-457328ff-6f8e-1f53-8cc3-68ae75d90604, 595.91.07, P2, 56, 297.73 W, 100 %, 100 %, 21532 MiB, 24564 MiB, 2640 MHz, 10251 MHz
2026/09/13 11:39:51.116, NVIDIA GeForce RTX 4090, GPU-457328ff-6f8e-1f53-8cc3-68ae75d90604, 595.91.07, P2, 56, 297.92 W, 100 %, 100 %, 21532 MiB, 24564 MiB, 2640 MHz, 10251 MHz
2026/09/13 11:39:52.118, NVIDIA GeForce RTX 4090, GPU-457328ff-6f8e-1f53-8cc3-68ae75d90604, 595.91.07, P2, 56, 297.73 W, 100 %, 100 %, 21532 MiB, 24564 MiB, 2640 MHz, 10251 MHz
2026/09/13 11:39:53.120, NVIDIA GeForce RTX 4090, GPU-457328ff-6f8e-1f53-8cc3-68ae75d90604, 595.91.07, P2, 56, 297.72 W, 100 %, 100 %, 21532 MiB, 24564 MiB, 2640 MHz, 10251 MHz
2026/09/13 11:39:54.122, NVIDIA GeForce RTX 4090, GPU-457328ff-6f8e-1f53-8cc3-68ae75d90604, 595.91.07, P2, 56, 297.72 W, 100 %, 100 %, 21532 MiB, 24564 MiB, 2640 MHz, 10251 MHz
2026/09/13 11:39:55.123, NVIDIA GeForce RTX 4090, GPU-457328ff-6f8e-1f53-8cc3-68ae75d90604, 595.91.07, P2, 56, 297.17 W, 100 %, 100 %, 21532 MiB, 24564 MiB, 2640 MHz, 10251 MHz
2026/09/13 11:39:56.125, NVIDIA GeForce RTX 4090, GPU-457328ff-6f8e-1f53-8cc3-68ae75d90604, 595.91.07, P2, 56, 296.86 W, 100 %, 100 %, 21532 MiB, 24564 MiB, 2640 MHz, 10251 MHz
2026/09/13 11:39:57.128, NVIDIA GeForce RTX 4090, GPU-457328ff-6f8e-1f53-8cc3-68ae75d90604, 595.91.07, P2, 56, 296.92 W, 100 %, 100 %, 21532 MiB, 24564 MiB, 2640 MHz, 10251 MHz
2026/09/13 11:39:58.130, NVIDIA GeForce RTX 4090, GPU-457328ff-6f8e-1f53-8cc3-68ae75d90604, 595.91.07, P2, 56, 297.26 W, 100 %, 100 %, 21532 MiB, 24564 MiB, 2640 MHz, 10251 MHz
2026/09/13 11:39:59.132, NVIDIA GeForce RTX 4090, GPU-457328ff-6f8e-1f53-8cc3-68ae75d90604, 595.91.07, P2, 56, 296.97 W, 100 %, 100 %, 21532 MiB, 24564 MiB, 2640 MHz, 10251 MHz
2026/09/13 11:40:00.134, NVIDIA GeForce RTX 4090, GPU-457328ff-6f8e-1f53-8cc3-68ae75d90604, 595.91.07, P2, 56, 296.66 W, 100 %, 100 %, 21532 MiB, 24564 MiB, 2640 MHz, 10251 MHz
2026/09/13 11:40:01.136, NVIDIA GeForce RTX 4090, GPU-457328ff-6f8e-1f53-8cc3-68ae75d90604, 595.91.07, P2, 56, 296.57 W, 100 %, 100 %, 21532 MiB, 24564 MiB, 2640 MHz, 10251 MHz
2026/09/13 11:40:02.138, NVIDIA GeForce RTX 4090, GPU-457328ff-6f8e-1f53-8cc3-68ae75d90604, 595.91.07, P2, 56, 296.34 W, 100 %, 100 %, 21532 MiB, 24564 MiB, 2640 MHz, 10251 MHz
2026/09/13 11:40:03.140, NVIDIA GeForce RTX 4090, GPU-457328ff-6f8e-1f53-8cc3-68ae75d90604, 595.91.07, P2, 56, 296.22 W, 100 %, 100 %, 21532 MiB, 24564 MiB, 2640 MHz, 10251 MHz
2026/09/13 11:40:04.142, NVIDIA GeForce RTX 4090, GPU-457328ff-6f8e-1f53-8cc3-68ae75d90604, 595.91.07, P2, 56, 296.52 W, 100 %, 100 %, 21532 MiB, 24564 MiB, 2640 MHz, 10251 MHz
2026/09/13 11:40:05.144, NVIDIA GeForce RTX 4090, GPU-457328ff-6f8e-1f53-8cc3-68ae75d90604, 595.91.07, P2, 56, 296.27 W, 100 %, 100 %, 21532 MiB, 24564 MiB, 2640 MHz, 10251 MHz
2026/09/13 11:40:06.146, NVIDIA GeForce RTX 4090, GPU-457328ff-6f8e-1f53-8cc3-68ae75d90604, 595.91.07, P2, 56, 296.25 W, 100 %, 100 %, 21532 MiB, 24564 MiB, 2640 MHz, 10251 MHz
2026/09/13 11:40:07.147, NVIDIA GeForce RTX 4090, GPU-457328ff-6f8e-1f53-8cc3-68ae75d90604, 595.91.07, P2, 56, 296.45 W, 100 %, 100 %, 21532 MiB, 24564 MiB, 2640 MHz, 10251 MHz
2026/09/13 11:40:08.149, NVIDIA GeForce RTX 4090, GPU-457328ff-6f8e-1f53-8cc3-68ae75d90604, 595.91.07, P2, 56, 296.36 W, 100 %, 100 %, 21532 MiB, 24564 MiB, 2640 MHz, 10251 MHz
2026/09/13 11:40:09.150, NVIDIA GeForce RTX 4090, GPU-457328ff-6f8e-1f53-8cc3-68ae75d90604, 595.91.07, P2, 56, 296.68 W, 100 %, 100 %, 21532 MiB, 24564 MiB, 2640 MHz, 10251 MHz
2026/09/13 11:40:10.152, NVIDIA GeForce RTX 4090, GPU-457328ff-6f8e-1f53-8cc3-68ae75d90604, 595.91.07, P2, 56, 286.36 W, 100 %, 100 %, 21532 MiB, 24564 MiB, 2640 MHz, 10251 MHz
2026/09/13 11:40:11.154, NVIDIA GeForce RTX 4090, GPU-457328ff-6f8e-1f53-8cc3-68ae75d90604, 595.91.07, P2, 56, 298.67 W, 100 %, 100 %, 21532 MiB, 24564 MiB, 2640 MHz, 10251 MHz
2026/09/13 11:40:12.156, NVIDIA GeForce RTX 4090, GPU-457328ff-6f8e-1f53-8cc3-68ae75d90604, 595.91.07, P2, 56, 298.77 W, 100 %, 100 %, 21532 MiB, 24564 MiB, 2640 MHz, 10251 MHz
2026/09/13 11:40:13.157, NVIDIA GeForce RTX 4090, GPU-457328ff-6f8e-1f53-8cc3-68ae75d90604, 595.91.07, P2, 56, 298.40 W, 100 %, 100 %, 21532 MiB, 24564 MiB, 2640 MHz, 10251 MHz
2026/09/13 11:40:14.159, NVIDIA GeForce RTX 4090, GPU-457328ff-6f8e-1f53-8cc3-68ae75d90604, 595.91.07, P2, 56, 298.38 W, 100 %, 100 %, 21532 MiB, 24564 MiB, 2640 MHz, 10251 MHz
2026/09/13 11:40:15.160, NVIDIA GeForce RTX 4090, GPU-457328ff-6f8e-1f53-8cc3-68ae75d90604, 595.91.07, P2, 56, 298.00 W, 100 %, 100 %, 21532 MiB, 24564 MiB, 2640 MHz, 10251 MHz
2026/09/13 11:40:16.162, NVIDIA GeForce RTX 4090, GPU-457328ff-6f8e-1f53-8cc3-68ae75d90604, 595.91.07, P2, 56, 297.72 W, 100 %, 100 %, 21532 MiB, 24564 MiB, 2640 MHz, 10251 MHz
2026/09/13 11:40:17.164, NVIDIA GeForce RTX 4090, GPU-457328ff-6f8e-1f53-8cc3-68ae75d90604, 595.91.07, P2, 56, 297.39 W, 100 %, 100 %, 21532 MiB, 24564 MiB, 2640 MHz, 10251 MHz
2026/09/13 11:40:18.165, NVIDIA GeForce RTX 4090, GPU-457328ff-6f8e-1f53-8cc3-68ae75d90604, 595.91.07, P2, 56, 296.99 W, 100 %, 100 %, 21532 MiB, 24564 MiB, 2640 MHz, 10251 MHz
2026/09/13 11:40:19.167, NVIDIA GeForce RTX 4090, GPU-457328ff-6f8e-1f53-8cc3-68ae75d90604, 595.91.07, P2, 56, 297.11 W, 100 %, 100 %, 21532 MiB, 24564 MiB, 2640 MHz, 10251 MHz
2026/09/13 11:40:20.169, NVIDIA GeForce RTX 4090, GPU-457328ff-6f8e-1f53-8cc3-68ae75d90604, 595.91.07, P2, 56, 296.99 W, 100 %, 100 %, 21532 MiB, 24564 MiB, 2640 MHz, 10251 MHz
2026/09/13 11:40:21.171, NVIDIA GeForce RTX 4090, GPU-457328ff-6f8e-1f53-8cc3-68ae75d90604, 595.91.07, P2, 56, 296.87 W, 100 %, 100 %, 21532 MiB, 24564 MiB, 2640 MHz, 10251 MHz
2026/09/13 11:40:22.173, NVIDIA GeForce RTX 4090, GPU-457328ff-6f8e-1f53-8cc3-68ae75d90604, 595.91.07, P2, 56, 297.03 W, 100 %, 100 %, 21532 MiB, 24564 MiB, 2640 MHz, 10251 MHz
2026/09/13 11:40:23.175, NVIDIA GeForce RTX 4090, GPU-457328ff-6f8e-1f53-8cc3-68ae75d90604, 595.91.07, P2, 56, 296.63 W, 100 %, 100 %, 21532 MiB, 24564 MiB, 2640 MHz, 10251 MHz
2026/09/13 11:40:24.177, NVIDIA GeForce RTX 4090, GPU-457328ff-6f8e-1f53-8cc3-68ae75d90604, 595.91.07, P2, 56, 296.76 W, 100 %, 100 %, 21532 MiB, 24564 MiB, 2640 MHz, 10251 MHz
2026/09/13 11:40:25.179, NVIDIA GeForce RTX 4090, GPU-457328ff-6f8e-1f53-8cc3-68ae75d90604, 595.91.07, P2, 56, 296.91 W, 100 %, 100 %, 21532 MiB, 24564 MiB, 2640 MHz, 10251 MHz
2026/09/13 11:40:26.180, NVIDIA GeForce RTX 4090, GPU-457328ff-6f8e-1f53-8cc3-68ae75d90604, 595.91.07, P2, 56, 296.56 W, 100 %, 100 %, 21532 MiB, 24564 MiB, 2640 MHz, 10251 MHz
2026/09/13 11:40:27.182, NVIDIA GeForce RTX 4090, GPU-457328ff-6f8e-1f53-8cc3-68ae75d90604, 595.91.07, P2, 56, 296.38 W, 100 %, 100 %, 21532 MiB, 24564 MiB, 2640 MHz, 10251 MHz
2026/09/13 11:40:28.184, NVIDIA GeForce RTX 4090, GPU-457328ff-6f8e-1f53-8cc3-68ae75d90604, 595.91.07, P2, 56, 296.20 W, 100 %, 100 %, 21532 MiB, 24564 MiB, 2640 MHz, 10251 MHz
2026/09/13 11:40:29.185, NVIDIA GeForce RTX 4090, GPU-457328ff-6f8e-1f53-8cc3-68ae75d90604, 595.91.07, P2, 56, 289.83 W, 100 %, 100 %, 21532 MiB, 24564 MiB, 2640 MHz, 10251 MHz
2026/09/13 11:40:30.186, NVIDIA GeForce RTX 4090, GPU-457328ff-6f8e-1f53-8cc3-68ae75d90604, 595.91.07, P2, 56, 298.26 W, 100 %, 100 %, 21532 MiB, 24564 MiB, 2640 MHz, 10251 MHz
2026/09/13 11:40:31.188, NVIDIA GeForce RTX 4090, GPU-457328ff-6f8e-1f53-8cc3-68ae75d90604, 595.91.07, P2, 56, 298.19 W, 100 %, 100 %, 21532 MiB, 24564 MiB, 2640 MHz, 10251 MHz
2026/09/13 11:40:32.190, NVIDIA GeForce RTX 4090, GPU-457328ff-6f8e-1f53-8cc3-68ae75d90604, 595.91.07, P2, 56, 298.22 W, 100 %, 100 %, 21532 MiB, 24564 MiB, 2640 MHz, 10251 MHz
2026/09/13 11:40:33.192, NVIDIA GeForce RTX 4090, GPU-457328ff-6f8e-1f53-8cc3-68ae75d90604, 595.91.07, P2, 56, 298.38 W, 100 %, 100 %, 21532 MiB, 24564 MiB, 2640 MHz, 10251 MHz
2026/09/13 11:40:34.194, NVIDIA GeForce RTX 4090, GPU-457328ff-6f8e-1f53-8cc3-68ae75d90604, 595.91.07, P2, 56, 297.86 W, 100 %, 100 %, 21532 MiB, 24564 MiB, 2640 MHz, 10251 MHz
2026/09/13 11:40:35.196, NVIDIA GeForce RTX 4090, GPU-457328ff-6f8e-1f53-8cc3-68ae75d90604, 595.91.07, P2, 56, 297.62 W, 100 %, 100 %, 21532 MiB, 24564 MiB, 2640 MHz, 10251 MHz
2026/09/13 11:40:36.198, NVIDIA GeForce RTX 4090, GPU-457328ff-6f8e-1f53-8cc3-68ae75d90604, 595.91.07, P2, 56, 297.45 W, 100 %, 100 %, 21532 MiB, 24564 MiB, 2640 MHz, 10251 MHz
2026/09/13 11:40:37.199, NVIDIA GeForce RTX 4090, GPU-457328ff-6f8e-1f53-8cc3-68ae75d90604, 595.91.07, P2, 56, 297.28 W, 100 %, 100 %, 21532 MiB, 24564 MiB, 2640 MHz, 10251 MHz
2026/09/13 11:40:38.201, NVIDIA GeForce RTX 4090, GPU-457328ff-6f8e-1f53-8cc3-68ae75d90604, 595.91.07, P2, 56, 297.05 W, 100 %, 100 %, 21532 MiB, 24564 MiB, 2640 MHz, 10251 MHz
2026/09/13 11:40:39.202, NVIDIA GeForce RTX 4090, GPU-457328ff-6f8e-1f53-8cc3-68ae75d90604, 595.91.07, P2, 56, 289.38 W, 100 %, 100 %, 21532 MiB, 24564 MiB, 2640 MHz, 10251 MHz
2026/09/13 11:40:40.208, NVIDIA GeForce RTX 4090, GPU-457328ff-6f8e-1f53-8cc3-68ae75d90604, 595.91.07, P2, 56, 298.20 W, 100 %, 100 %, 21532 MiB, 24564 MiB, 2640 MHz, 10251 MHz
2026/09/13 11:40:41.210, NVIDIA GeForce RTX 4090, GPU-457328ff-6f8e-1f53-8cc3-68ae75d90604, 595.91.07, P2, 56, 298.23 W, 100 %, 100 %, 21532 MiB, 24564 MiB, 2640 MHz, 10251 MHz
2026/09/13 11:40:42.212, NVIDIA GeForce RTX 4090, GPU-457328ff-6f8e-1f53-8cc3-68ae75d90604, 595.91.07, P2, 56, 298.52 W, 100 %, 100 %, 21532 MiB, 24564 MiB, 2640 MHz, 10251 MHz
2026/09/13 11:40:43.214, NVIDIA GeForce RTX 4090, GPU-457328ff-6f8e-1f53-8cc3-68ae75d90604, 595.91.07, P2, 56, 297.95 W, 100 %, 100 %, 21532 MiB, 24564 MiB, 2640 MHz, 10251 MHz
2026/09/13 11:40:44.217, NVIDIA GeForce RTX 4090, GPU-457328ff-6f8e-1f53-8cc3-68ae75d90604, 595.91.07, P2, 56, 297.98 W, 100 %, 100 %, 21532 MiB, 24564 MiB, 2640 MHz, 10251 MHz
2026/09/13 11:40:45.220, NVIDIA GeForce RTX 4090, GPU-457328ff-6f8e-1f53-8cc3-68ae75d90604, 595.91.07, P2, 56, 297.88 W, 100 %, 100 %, 21532 MiB, 24564 MiB, 2640 MHz, 10251 MHz
2026/09/13 11:40:46.222, NVIDIA GeForce RTX 4090, GPU-457328ff-6f8e-1f53-8cc3-68ae75d90604, 595.91.07, P2, 56, 297.68 W, 100 %, 100 %, 21532 MiB, 24564 MiB, 2640 MHz, 10251 MHz
2026/09/13 11:40:47.225, NVIDIA GeForce RTX 4090, GPU-457328ff-6f8e-1f53-8cc3-68ae75d90604, 595.91.07, P2, 56, 297.35 W, 100 %, 100 %, 21532 MiB, 24564 MiB, 2640 MHz, 10251 MHz
2026/09/13 11:40:48.227, NVIDIA GeForce RTX 4090, GPU-457328ff-6f8e-1f53-8cc3-68ae75d90604, 595.91.07, P2, 56, 297.11 W, 100 %, 100 %, 21532 MiB, 24564 MiB, 2640 MHz, 10251 MHz
2026/09/13 11:40:49.229, NVIDIA GeForce RTX 4090, GPU-457328ff-6f8e-1f53-8cc3-68ae75d90604, 595.91.07, P2, 56, 296.69 W, 100 %, 100 %, 21532 MiB, 24564 MiB, 2640 MHz, 10251 MHz
2026/09/13 11:40:50.231, NVIDIA GeForce RTX 4090, GPU-457328ff-6f8e-1f53-8cc3-68ae75d90604, 595.91.07, P2, 56, 296.88 W, 100 %, 100 %, 21532 MiB, 24564 MiB, 2640 MHz, 10251 MHz
2026/09/13 11:40:51.233, NVIDIA GeForce RTX 4090, GPU-457328ff-6f8e-1f53-8cc3-68ae75d90604, 595.91.07, P2, 56, 296.61 W, 100 %, 100 %, 21532 MiB, 24564 MiB, 2640 MHz, 10251 MHz
2026/09/13 11:40:52.235, NVIDIA GeForce RTX 4090, GPU-457328ff-6f8e-1f53-8cc3-68ae75d90604, 595.91.07, P2, 56, 296.53 W, 100 %, 100 %, 21532 MiB, 24564 MiB, 2640 MHz, 10251 MHz
2026/09/13 11:40:53.237, NVIDIA GeForce RTX 4090, GPU-457328ff-6f8e-1f53-8cc3-68ae75d90604, 595.91.07, P2, 56, 296.20 W, 100 %, 100 %, 21532 MiB, 24564 MiB, 2640 MHz, 10251 MHz
2026/09/13 11:40:54.239, NVIDIA GeForce RTX 4090, GPU-457328ff-6f8e-1f53-8cc3-68ae75d90604, 595.91.07, P2, 56, 296.28 W, 100 %, 100 %, 21532 MiB, 24564 MiB, 2640 MHz, 10251 MHz
2026/09/13 11:40:55.241, NVIDIA GeForce RTX 4090, GPU-457328ff-6f8e-1f53-8cc3-68ae75d90604, 595.91.07, P2, 56, 284.94 W, 100 %, 100 %, 21532 MiB, 24564 MiB, 2640 MHz, 10251 MHz
2026/09/13 11:40:56.242, NVIDIA GeForce RTX 4090, GPU-457328ff-6f8e-1f53-8cc3-68ae75d90604, 595.91.07, P2, 56, 298.21 W, 100 %, 100 %, 21532 MiB, 24564 MiB, 2640 MHz, 10251 MHz
2026/09/13 11:40:57.244, NVIDIA GeForce RTX 4090, GPU-457328ff-6f8e-1f53-8cc3-68ae75d90604, 595.91.07, P2, 56, 298.07 W, 100 %, 100 %, 21532 MiB, 24564 MiB, 2640 MHz, 10251 MHz
2026/09/13 11:40:58.245, NVIDIA GeForce RTX 4090, GPU-457328ff-6f8e-1f53-8cc3-68ae75d90604, 595.91.07, P2, 56, 298.21 W, 100 %, 100 %, 21532 MiB, 24564 MiB, 2640 MHz, 10251 MHz
2026/09/13 11:40:59.247, NVIDIA GeForce RTX 4090, GPU-457328ff-6f8e-1f53-8cc3-68ae75d90604, 595.91.07, P2, 56, 297.94 W, 100 %, 100 %, 21532 MiB, 24564 MiB, 2640 MHz, 10251 MHz
2026/09/13 11:41:00.250, NVIDIA GeForce RTX 4090, GPU-457328ff-6f8e-1f53-8cc3-68ae75d90604, 595.91.07, P2, 56, 297.49 W, 100 %, 100 %, 21532 MiB, 24564 MiB, 2640 MHz, 10251 MHz
2026/09/13 11:41:01.252, NVIDIA GeForce RTX 4090, GPU-457328ff-6f8e-1f53-8cc3-68ae75d90604, 595.91.07, P2, 56, 297.39 W, 100 %, 100 %, 21532 MiB, 24564 MiB, 2640 MHz, 10251 MHz
2026/09/13 11:41:02.254, NVIDIA GeForce RTX 4090, GPU-457328ff-6f8e-1f53-8cc3-68ae75d90604, 595.91.07, P2, 56, 297.09 W, 100 %, 100 %, 21532 MiB, 24564 MiB, 2640 MHz, 10251 MHz
2026/09/13 11:41:03.257, NVIDIA GeForce RTX 4090, GPU-457328ff-6f8e-1f53-8cc3-68ae75d90604, 595.91.07, P2, 56, 296.68 W, 100 %, 100 %, 21532 MiB, 24564 MiB, 2640 MHz, 10251 MHz
2026/09/13 11:41:04.259, NVIDIA GeForce RTX 4090, GPU-457328ff-6f8e-1f53-8cc3-68ae75d90604, 595.91.07, P2, 56, 296.77 W, 100 %, 100 %, 21532 MiB, 24564 MiB, 2640 MHz, 10251 MHz
2026/09/13 11:41:05.261, NVIDIA GeForce RTX 4090, GPU-457328ff-6f8e-1f53-8cc3-68ae75d90604, 595.91.07, P2, 56, 296.34 W, 100 %, 100 %, 21532 MiB, 24564 MiB, 2640 MHz, 10251 MHz
2026/09/13 11:41:06.263, NVIDIA GeForce RTX 4090, GPU-457328ff-6f8e-1f53-8cc3-68ae75d90604, 595.91.07, P2, 56, 287.79 W, 100 %, 100 %, 21532 MiB, 24564 MiB, 2640 MHz, 10251 MHz
2026/09/13 11:41:07.264, NVIDIA GeForce RTX 4090, GPU-457328ff-6f8e-1f53-8cc3-68ae75d90604, 595.91.07, P2, 56, 297.95 W, 100 %, 100 %, 21532 MiB, 24564 MiB, 2640 MHz, 10251 MHz
2026/09/13 11:41:08.266, NVIDIA GeForce RTX 4090, GPU-457328ff-6f8e-1f53-8cc3-68ae75d90604, 595.91.07, P2, 56, 297.40 W, 100 %, 100 %, 21532 MiB, 24564 MiB, 2640 MHz, 10251 MHz
2026/09/13 11:41:09.269, NVIDIA GeForce RTX 4090, GPU-457328ff-6f8e-1f53-8cc3-68ae75d90604, 595.91.07, P2, 55, 297.16 W, 100 %, 100 %, 21532 MiB, 24564 MiB, 2640 MHz, 10251 MHz
2026/09/13 11:41:10.280, NVIDIA GeForce RTX 4090, GPU-457328ff-6f8e-1f53-8cc3-68ae75d90604, 595.91.07, P2, 55, 297.11 W, 100 %, 100 %, 21532 MiB, 24564 MiB, 2640 MHz, 10251 MHz
2026/09/13 11:41:11.282, NVIDIA GeForce RTX 4090, GPU-457328ff-6f8e-1f53-8cc3-68ae75d90604, 595.91.07, P2, 55, 297.14 W, 100 %, 100 %, 21532 MiB, 24564 MiB, 2640 MHz, 10251 MHz
2026/09/13 11:41:12.284, NVIDIA GeForce RTX 4090, GPU-457328ff-6f8e-1f53-8cc3-68ae75d90604, 595.91.07, P2, 55, 296.68 W, 100 %, 100 %, 21532 MiB, 24564 MiB, 2640 MHz, 10251 MHz
2026/09/13 11:41:13.287, NVIDIA GeForce RTX 4090, GPU-457328ff-6f8e-1f53-8cc3-68ae75d90604, 595.91.07, P2, 55, 296.67 W, 100 %, 100 %, 21532 MiB, 24564 MiB, 2640 MHz, 10251 MHz
2026/09/13 11:41:14.289, NVIDIA GeForce RTX 4090, GPU-457328ff-6f8e-1f53-8cc3-68ae75d90604, 595.91.07, P2, 55, 296.44 W, 100 %, 100 %, 21532 MiB, 24564 MiB, 2640 MHz, 10251 MHz
2026/09/13 11:41:15.292, NVIDIA GeForce RTX 4090, GPU-457328ff-6f8e-1f53-8cc3-68ae75d90604, 595.91.07, P2, 55, 296.32 W, 100 %, 100 %, 21532 MiB, 24564 MiB, 2640 MHz, 10251 MHz
2026/09/13 11:41:16.294, NVIDIA GeForce RTX 4090, GPU-457328ff-6f8e-1f53-8cc3-68ae75d90604, 595.91.07, P2, 55, 296.07 W, 100 %, 100 %, 21532 MiB, 24564 MiB, 2640 MHz, 10251 MHz
2026/09/13 11:41:17.296, NVIDIA GeForce RTX 4090, GPU-457328ff-6f8e-1f53-8cc3-68ae75d90604, 595.91.07, P2, 55, 295.91 W, 100 %, 100 %, 21532 MiB, 24564 MiB, 2640 MHz, 10251 MHz
2026/09/13 11:41:18.299, NVIDIA GeForce RTX 4090, GPU-457328ff-6f8e-1f53-8cc3-68ae75d90604, 595.91.07, P2, 55, 295.47 W, 100 %, 100 %, 21532 MiB, 24564 MiB, 2640 MHz, 10251 MHz
2026/09/13 11:41:19.301, NVIDIA GeForce RTX 4090, GPU-457328ff-6f8e-1f53-8cc3-68ae75d90604, 595.91.07, P2, 55, 294.98 W, 100 %, 100 %, 21532 MiB, 24564 MiB, 2640 MHz, 10251 MHz
2026/09/13 11:41:20.304, NVIDIA GeForce RTX 4090, GPU-457328ff-6f8e-1f53-8cc3-68ae75d90604, 595.91.07, P2, 55, 294.79 W, 100 %, 100 %, 21532 MiB, 24564 MiB, 2640 MHz, 10251 MHz
2026/09/13 11:41:21.306, NVIDIA GeForce RTX 4090, GPU-457328ff-6f8e-1f53-8cc3-68ae75d90604, 595.91.07, P2, 55, 294.85 W, 100 %, 100 %, 21532 MiB, 24564 MiB, 2640 MHz, 10251 MHz
2026/09/13 11:41:22.309, NVIDIA GeForce RTX 4090, GPU-457328ff-6f8e-1f53-8cc3-68ae75d90604, 595.91.07, P2, 55, 294.93 W, 100 %, 100 %, 21532 MiB, 24564 MiB, 2640 MHz, 10251 MHz
2026/09/13 11:41:23.312, NVIDIA GeForce RTX 4090, GPU-457328ff-6f8e-1f53-8cc3-68ae75d90604, 595.91.07, P2, 55, 295.03 W, 100 %, 100 %, 21532 MiB, 24564 MiB, 2640 MHz, 10251 MHz
2026/09/13 11:41:24.315, NVIDIA GeForce RTX 4090, GPU-457328ff-6f8e-1f53-8cc3-68ae75d90604, 595.91.07, P2, 55, 295.01 W, 100 %, 100 %, 21532 MiB, 24564 MiB, 2640 MHz, 10251 MHz
2026/09/13 11:41:25.317, NVIDIA GeForce RTX 4090, GPU-457328ff-6f8e-1f53-8cc3-68ae75d90604, 595.91.07, P2, 55, 294.81 W, 100 %, 100 %, 21532 MiB, 24564 MiB, 2640 MHz, 10251 MHz
2026/09/13 11:41:26.320, NVIDIA GeForce RTX 4090, GPU-457328ff-6f8e-1f53-8cc3-68ae75d90604, 595.91.07, P2, 55, 286.05 W, 100 %, 100 %, 21532 MiB, 24564 MiB, 2640 MHz, 10251 MHz
2026/09/13 11:41:27.323, NVIDIA GeForce RTX 4090, GPU-457328ff-6f8e-1f53-8cc3-68ae75d90604, 595.91.07, P2, 55, 296.63 W, 100 %, 100 %, 21532 MiB, 24564 MiB, 2640 MHz, 10251 MHz
2026/09/13 11:41:28.326, NVIDIA GeForce RTX 4090, GPU-457328ff-6f8e-1f53-8cc3-68ae75d90604, 595.91.07, P2, 55, 296.83 W, 100 %, 100 %, 21532 MiB, 24564 MiB, 2640 MHz, 10251 MHz
2026/09/13 11:41:29.328, NVIDIA GeForce RTX 4090, GPU-457328ff-6f8e-1f53-8cc3-68ae75d90604, 595.91.07, P2, 55, 296.72 W, 100 %, 100 %, 21532 MiB, 24564 MiB, 2640 MHz, 10251 MHz
2026/09/13 11:41:30.331, NVIDIA GeForce RTX 4090, GPU-457328ff-6f8e-1f53-8cc3-68ae75d90604, 595.91.07, P2, 55, 296.62 W, 100 %, 100 %, 21532 MiB, 24564 MiB, 2640 MHz, 10251 MHz
2026/09/13 11:41:31.333, NVIDIA GeForce RTX 4090, GPU-457328ff-6f8e-1f53-8cc3-68ae75d90604, 595.91.07, P2, 55, 296.88 W, 100 %, 100 %, 21532 MiB, 24564 MiB, 2640 MHz, 10251 MHz
2026/09/13 11:41:32.335, NVIDIA GeForce RTX 4090, GPU-457328ff-6f8e-1f53-8cc3-68ae75d90604, 595.91.07, P2, 54, 296.63 W, 100 %, 100 %, 21532 MiB, 24564 MiB, 2640 MHz, 10251 MHz
2026/09/13 11:41:33.353, NVIDIA GeForce RTX 4090, GPU-457328ff-6f8e-1f53-8cc3-68ae75d90604, 595.91.07, P2, 54, 295.89 W, 100 %, 100 %, 21532 MiB, 24564 MiB, 2640 MHz, 10251 MHz
2026/09/13 11:41:34.356, NVIDIA GeForce RTX 4090, GPU-457328ff-6f8e-1f53-8cc3-68ae75d90604, 595.91.07, P2, 54, 295.71 W, 100 %, 100 %, 21532 MiB, 24564 MiB, 2640 MHz, 10251 MHz
2026/09/13 11:41:35.359, NVIDIA GeForce RTX 4090, GPU-457328ff-6f8e-1f53-8cc3-68ae75d90604, 595.91.07, P2, 54, 295.37 W, 100 %, 100 %, 21532 MiB, 24564 MiB, 2640 MHz, 10251 MHz
2026/09/13 11:41:36.361, NVIDIA GeForce RTX 4090, GPU-457328ff-6f8e-1f53-8cc3-68ae75d90604, 595.91.07, P2, 54, 295.16 W, 100 %, 100 %, 21532 MiB, 24564 MiB, 2640 MHz, 10251 MHz
2026/09/13 11:41:37.363, NVIDIA GeForce RTX 4090, GPU-457328ff-6f8e-1f53-8cc3-68ae75d90604, 595.91.07, P2, 54, 295.11 W, 100 %, 100 %, 21532 MiB, 24564 MiB, 2640 MHz, 10251 MHz
2026/09/13 11:41:38.366, NVIDIA GeForce RTX 4090, GPU-457328ff-6f8e-1f53-8cc3-68ae75d90604, 595.91.07, P2, 54, 295.15 W, 100 %, 100 %, 21532 MiB, 24564 MiB, 2640 MHz, 10251 MHz
2026/09/13 11:41:39.368, NVIDIA GeForce RTX 4090, GPU-457328ff-6f8e-1f53-8cc3-68ae75d90604, 595.91.07, P2, 54, 294.81 W, 100 %, 100 %, 21532 MiB, 24564 MiB, 2640 MHz, 10251 MHz
2026/09/13 11:41:40.371, NVIDIA GeForce RTX 4090, GPU-457328ff-6f8e-1f53-8cc3-68ae75d90604, 595.91.07, P2, 54, 294.81 W, 100 %, 100 %, 21532 MiB, 24564 MiB, 2640 MHz, 10251 MHz
2026/09/13 11:41:41.374, NVIDIA GeForce RTX 4090, GPU-457328ff-6f8e-1f53-8cc3-68ae75d90604, 595.91.07, P2, 54, 295.09 W, 100 %, 100 %, 21532 MiB, 24564 MiB, 2640 MHz, 10251 MHz
2026/09/13 11:41:42.377, NVIDIA GeForce RTX 4090, GPU-457328ff-6f8e-1f53-8cc3-68ae75d90604, 595.91.07, P2, 54, 295.08 W, 100 %, 100 %, 21532 MiB, 24564 MiB, 2640 MHz, 10251 MHz
2026/09/13 11:41:43.379, NVIDIA GeForce RTX 4090, GPU-457328ff-6f8e-1f53-8cc3-68ae75d90604, 595.91.07, P2, 54, 295.09 W, 100 %, 100 %, 21532 MiB, 24564 MiB, 2640 MHz, 10251 MHz
2026/09/13 11:41:44.382, NVIDIA GeForce RTX 4090, GPU-457328ff-6f8e-1f53-8cc3-68ae75d90604, 595.91.07, P2, 54, 294.63 W, 100 %, 100 %, 21532 MiB, 24564 MiB, 2640 MHz, 10251 MHz
2026/09/13 11:41:45.384, NVIDIA GeForce RTX 4090, GPU-457328ff-6f8e-1f53-8cc3-68ae75d90604, 595.91.07, P2, 54, 294.56 W, 100 %, 100 %, 21532 MiB, 24564 MiB, 2640 MHz, 10251 MHz
2026/09/13 11:41:46.387, NVIDIA GeForce RTX 4090, GPU-457328ff-6f8e-1f53-8cc3-68ae75d90604, 595.91.07, P2, 54, 294.65 W, 100 %, 100 %, 21532 MiB, 24564 MiB, 2640 MHz, 10251 MHz
2026/09/13 11:41:47.394, NVIDIA GeForce RTX 4090, GPU-457328ff-6f8e-1f53-8cc3-68ae75d90604, 595.91.07, P2, 54, 287.64 W, 100 %, 100 %, 21532 MiB, 24564 MiB, 2640 MHz, 10251 MHz
2026/09/13 11:41:48.396, NVIDIA GeForce RTX 4090, GPU-457328ff-6f8e-1f53-8cc3-68ae75d90604, 595.91.07, P2, 54, 296.75 W, 100 %, 100 %, 21532 MiB, 24564 MiB, 2640 MHz, 10251 MHz
2026/09/13 11:41:49.398, NVIDIA GeForce RTX 4090, GPU-457328ff-6f8e-1f53-8cc3-68ae75d90604, 595.91.07, P2, 54, 296.30 W, 100 %, 100 %, 21532 MiB, 24564 MiB, 2640 MHz, 10251 MHz
2026/09/13 11:41:50.400, NVIDIA GeForce RTX 4090, GPU-457328ff-6f8e-1f53-8cc3-68ae75d90604, 595.91.07, P2, 54, 296.31 W, 100 %, 100 %, 21532 MiB, 24564 MiB, 2640 MHz, 10251 MHz
2026/09/13 11:41:51.402, NVIDIA GeForce RTX 4090, GPU-457328ff-6f8e-1f53-8cc3-68ae75d90604, 595.91.07, P2, 54, 296.27 W, 100 %, 100 %, 21532 MiB, 24564 MiB, 2640 MHz, 10251 MHz
2026/09/13 11:41:52.405, NVIDIA GeForce RTX 4090, GPU-457328ff-6f8e-1f53-8cc3-68ae75d90604, 595.91.07, P2, 54, 295.97 W, 100 %, 100 %, 21532 MiB, 24564 MiB, 2640 MHz, 10251 MHz
2026/09/13 11:41:53.408, NVIDIA GeForce RTX 4090, GPU-457328ff-6f8e-1f53-8cc3-68ae75d90604, 595.91.07, P2, 54, 295.71 W, 100 %, 100 %, 21532 MiB, 24564 MiB, 2640 MHz, 10251 MHz
2026/09/13 11:41:54.410, NVIDIA GeForce RTX 4090, GPU-457328ff-6f8e-1f53-8cc3-68ae75d90604, 595.91.07, P2, 54, 295.24 W, 100 %, 100 %, 21532 MiB, 24564 MiB, 2640 MHz, 10251 MHz
2026/09/13 11:41:55.413, NVIDIA GeForce RTX 4090, GPU-457328ff-6f8e-1f53-8cc3-68ae75d90604, 595.91.07, P2, 54, 294.39 W, 100 %, 100 %, 21532 MiB, 24564 MiB, 2640 MHz, 10251 MHz
2026/09/13 11:41:56.416, NVIDIA GeForce RTX 4090, GPU-457328ff-6f8e-1f53-8cc3-68ae75d90604, 595.91.07, P2, 54, 294.61 W, 100 %, 100 %, 21532 MiB, 24564 MiB, 2640 MHz, 10251 MHz
2026/09/13 11:41:57.418, NVIDIA GeForce RTX 4090, GPU-457328ff-6f8e-1f53-8cc3-68ae75d90604, 595.91.07, P2, 54, 294.48 W, 100 %, 100 %, 21532 MiB, 24564 MiB, 2640 MHz, 10251 MHz
2026/09/13 11:41:58.421, NVIDIA GeForce RTX 4090, GPU-457328ff-6f8e-1f53-8cc3-68ae75d90604, 595.91.07, P2, 54, 294.36 W, 100 %, 100 %, 21532 MiB, 24564 MiB, 2640 MHz, 10251 MHz
2026/09/13 11:41:59.423, NVIDIA GeForce RTX 4090, GPU-457328ff-6f8e-1f53-8cc3-68ae75d90604, 595.91.07, P2, 54, 294.42 W, 100 %, 100 %, 21532 MiB, 24564 MiB, 2640 MHz, 10251 MHz
2026/09/13 11:42:00.426, NVIDIA GeForce RTX 4090, GPU-457328ff-6f8e-1f53-8cc3-68ae75d90604, 595.91.07, P2, 54, 294.37 W, 100 %, 100 %, 21532 MiB, 24564 MiB, 2640 MHz, 10251 MHz
2026/09/13 11:42:01.428, NVIDIA GeForce RTX 4090, GPU-457328ff-6f8e-1f53-8cc3-68ae75d90604, 595.91.07, P2, 54, 293.98 W, 100 %, 100 %, 21532 MiB, 24564 MiB, 2640 MHz, 10251 MHz
2026/09/13 11:42:02.431, NVIDIA GeForce RTX 4090, GPU-457328ff-6f8e-1f53-8cc3-68ae75d90604, 595.91.07, P2, 53, 293.90 W, 100 %, 100 %, 21532 MiB, 24564 MiB, 2640 MHz, 10251 MHz
2026/09/13 11:42:03.433, NVIDIA GeForce RTX 4090, GPU-457328ff-6f8e-1f53-8cc3-68ae75d90604, 595.91.07, P2, 53, 294.05 W, 100 %, 100 %, 21532 MiB, 24564 MiB, 2640 MHz, 10251 MHz
2026/09/13 11:42:04.435, NVIDIA GeForce RTX 4090, GPU-457328ff-6f8e-1f53-8cc3-68ae75d90604, 595.91.07, P2, 53, 293.73 W, 100 %, 100 %, 21532 MiB, 24564 MiB, 2640 MHz, 10251 MHz
2026/09/13 11:42:05.438, NVIDIA GeForce RTX 4090, GPU-457328ff-6f8e-1f53-8cc3-68ae75d90604, 595.91.07, P2, 53, 293.69 W, 100 %, 100 %, 21532 MiB, 24564 MiB, 2640 MHz, 10251 MHz
2026/09/13 11:42:06.440, NVIDIA GeForce RTX 4090, GPU-457328ff-6f8e-1f53-8cc3-68ae75d90604, 595.91.07, P2, 53, 293.77 W, 100 %, 100 %, 21532 MiB, 24564 MiB, 2640 MHz, 10251 MHz
2026/09/13 11:42:07.442, NVIDIA GeForce RTX 4090, GPU-457328ff-6f8e-1f53-8cc3-68ae75d90604, 595.91.07, P2, 53, 281.76 W, 100 %, 100 %, 21532 MiB, 24564 MiB, 2640 MHz, 10251 MHz
2026/09/13 11:42:08.444, NVIDIA GeForce RTX 4090, GPU-457328ff-6f8e-1f53-8cc3-68ae75d90604, 595.91.07, P2, 53, 295.63 W, 100 %, 100 %, 21532 MiB, 24564 MiB, 2640 MHz, 10251 MHz
2026/09/13 11:42:09.447, NVIDIA GeForce RTX 4090, GPU-457328ff-6f8e-1f53-8cc3-68ae75d90604, 595.91.07, P2, 53, 295.93 W, 100 %, 100 %, 21532 MiB, 24564 MiB, 2640 MHz, 10251 MHz
2026/09/13 11:42:10.450, NVIDIA GeForce RTX 4090, GPU-457328ff-6f8e-1f53-8cc3-68ae75d90604, 595.91.07, P2, 53, 296.08 W, 100 %, 100 %, 21532 MiB, 24564 MiB, 2640 MHz, 10251 MHz
2026/09/13 11:42:11.452, NVIDIA GeForce RTX 4090, GPU-457328ff-6f8e-1f53-8cc3-68ae75d90604, 595.91.07, P2, 53, 295.29 W, 100 %, 100 %, 21532 MiB, 24564 MiB, 2640 MHz, 10251 MHz
2026/09/13 11:42:12.454, NVIDIA GeForce RTX 4090, GPU-457328ff-6f8e-1f53-8cc3-68ae75d90604, 595.91.07, P2, 53, 295.04 W, 100 %, 100 %, 21532 MiB, 24564 MiB, 2640 MHz, 10251 MHz
2026/09/13 11:42:13.457, NVIDIA GeForce RTX 4090, GPU-457328ff-6f8e-1f53-8cc3-68ae75d90604, 595.91.07, P2, 53, 294.73 W, 100 %, 100 %, 21532 MiB, 24564 MiB, 2640 MHz, 10251 MHz
2026/09/13 11:42:14.460, NVIDIA GeForce RTX 4090, GPU-457328ff-6f8e-1f53-8cc3-68ae75d90604, 595.91.07, P2, 53, 294.66 W, 100 %, 100 %, 21532 MiB, 24564 MiB, 2640 MHz, 10251 MHz
2026/09/13 11:42:15.462, NVIDIA GeForce RTX 4090, GPU-457328ff-6f8e-1f53-8cc3-68ae75d90604, 595.91.07, P2, 53, 294.38 W, 100 %, 100 %, 21532 MiB, 24564 MiB, 2640 MHz, 10251 MHz
2026/09/13 11:42:16.464, NVIDIA GeForce RTX 4090, GPU-457328ff-6f8e-1f53-8cc3-68ae75d90604, 595.91.07, P2, 53, 294.14 W, 100 %, 100 %, 21532 MiB, 24564 MiB, 2640 MHz, 10251 MHz
2026/09/13 11:42:17.466, NVIDIA GeForce RTX 4090, GPU-457328ff-6f8e-1f53-8cc3-68ae75d90604, 595.91.07, P2, 53, 293.69 W, 100 %, 100 %, 21532 MiB, 24564 MiB, 2640 MHz, 10251 MHz
2026/09/13 11:42:18.468, NVIDIA GeForce RTX 4090, GPU-457328ff-6f8e-1f53-8cc3-68ae75d90604, 595.91.07, P2, 53, 293.48 W, 100 %, 100 %, 21532 MiB, 24564 MiB, 2640 MHz, 10251 MHz
2026/09/13 11:42:19.470, NVIDIA GeForce RTX 4090, GPU-457328ff-6f8e-1f53-8cc3-68ae75d90604, 595.91.07, P2, 53, 293.55 W, 100 %, 100 %, 21532 MiB, 24564 MiB, 2640 MHz, 10251 MHz
2026/09/13 11:42:20.474, NVIDIA GeForce RTX 4090, GPU-457328ff-6f8e-1f53-8cc3-68ae75d90604, 595.91.07, P2, 53, 293.66 W, 100 %, 100 %, 21532 MiB, 24564 MiB, 2640 MHz, 10251 MHz
2026/09/13 11:42:21.476, NVIDIA GeForce RTX 4090, GPU-457328ff-6f8e-1f53-8cc3-68ae75d90604, 595.91.07, P2, 53, 284.41 W, 100 %, 100 %, 21532 MiB, 24564 MiB, 2640 MHz, 10251 MHz
2026/09/13 11:42:22.478, NVIDIA GeForce RTX 4090, GPU-457328ff-6f8e-1f53-8cc3-68ae75d90604, 595.91.07, P2, 53, 295.49 W, 100 %, 100 %, 21532 MiB, 24564 MiB, 2640 MHz, 10251 MHz
2026/09/13 11:42:23.480, NVIDIA GeForce RTX 4090, GPU-457328ff-6f8e-1f53-8cc3-68ae75d90604, 595.91.07, P2, 53, 295.39 W, 100 %, 100 %, 21532 MiB, 24564 MiB, 2640 MHz, 10251 MHz
2026/09/13 11:42:24.483, NVIDIA GeForce RTX 4090, GPU-457328ff-6f8e-1f53-8cc3-68ae75d90604, 595.91.07, P2, 53, 295.32 W, 100 %, 100 %, 21532 MiB, 24564 MiB, 2640 MHz, 10251 MHz
2026/09/13 11:42:25.486, NVIDIA GeForce RTX 4090, GPU-457328ff-6f8e-1f53-8cc3-68ae75d90604, 595.91.07, P2, 53, 295.08 W, 100 %, 100 %, 21532 MiB, 24564 MiB, 2640 MHz, 10251 MHz
2026/09/13 11:42:26.488, NVIDIA GeForce RTX 4090, GPU-457328ff-6f8e-1f53-8cc3-68ae75d90604, 595.91.07, P2, 53, 294.86 W, 100 %, 100 %, 21532 MiB, 24564 MiB, 2640 MHz, 10251 MHz
2026/09/13 11:42:27.491, NVIDIA GeForce RTX 4090, GPU-457328ff-6f8e-1f53-8cc3-68ae75d90604, 595.91.07, P2, 53, 294.48 W, 100 %, 100 %, 21532 MiB, 24564 MiB, 2640 MHz, 10251 MHz
2026/09/13 11:42:28.493, NVIDIA GeForce RTX 4090, GPU-457328ff-6f8e-1f53-8cc3-68ae75d90604, 595.91.07, P2, 53, 294.29 W, 100 %, 100 %, 21532 MiB, 24564 MiB, 2640 MHz, 10251 MHz
2026/09/13 11:42:29.496, NVIDIA GeForce RTX 4090, GPU-457328ff-6f8e-1f53-8cc3-68ae75d90604, 595.91.07, P2, 53, 293.94 W, 100 %, 100 %, 21532 MiB, 24564 MiB, 2640 MHz, 10251 MHz
2026/09/13 11:42:30.501, NVIDIA GeForce RTX 4090, GPU-457328ff-6f8e-1f53-8cc3-68ae75d90604, 595.91.07, P2, 53, 294.03 W, 100 %, 100 %, 21532 MiB, 24564 MiB, 2640 MHz, 10251 MHz
2026/09/13 11:42:31.504, NVIDIA GeForce RTX 4090, GPU-457328ff-6f8e-1f53-8cc3-68ae75d90604, 595.91.07, P2, 53, 294.39 W, 100 %, 100 %, 21532 MiB, 24564 MiB, 2640 MHz, 10251 MHz
2026/09/13 11:42:32.506, NVIDIA GeForce RTX 4090, GPU-457328ff-6f8e-1f53-8cc3-68ae75d90604, 595.91.07, P2, 53, 294.02 W, 100 %, 100 %, 21532 MiB, 24564 MiB, 2640 MHz, 10251 MHz
2026/09/13 11:42:33.508, NVIDIA GeForce RTX 4090, GPU-457328ff-6f8e-1f53-8cc3-68ae75d90604, 595.91.07, P2, 53, 293.92 W, 100 %, 100 %, 21532 MiB, 24564 MiB, 2640 MHz, 10251 MHz
2026/09/13 11:42:34.511, NVIDIA GeForce RTX 4090, GPU-457328ff-6f8e-1f53-8cc3-68ae75d90604, 595.91.07, P2, 53, 293.60 W, 100 %, 100 %, 21532 MiB, 24564 MiB, 2640 MHz, 10251 MHz
2026/09/13 11:42:35.513, NVIDIA GeForce RTX 4090, GPU-457328ff-6f8e-1f53-8cc3-68ae75d90604, 595.91.07, P2, 53, 293.44 W, 100 %, 100 %, 21532 MiB, 24564 MiB, 2640 MHz, 10251 MHz
2026/09/13 11:42:36.516, NVIDIA GeForce RTX 4090, GPU-457328ff-6f8e-1f53-8cc3-68ae75d90604, 595.91.07, P2, 53, 293.39 W, 100 %, 100 %, 21532 MiB, 24564 MiB, 2640 MHz, 10251 MHz
2026/09/13 11:42:37.518, NVIDIA GeForce RTX 4090, GPU-457328ff-6f8e-1f53-8cc3-68ae75d90604, 595.91.07, P2, 53, 293.42 W, 100 %, 100 %, 21532 MiB, 24564 MiB, 2640 MHz, 10251 MHz
2026/09/13 11:42:38.521, NVIDIA GeForce RTX 4090, GPU-457328ff-6f8e-1f53-8cc3-68ae75d90604, 595.91.07, P2, 53, 293.49 W, 100 %, 100 %, 21532 MiB, 24564 MiB, 2640 MHz, 10251 MHz
2026/09/13 11:42:39.523, NVIDIA GeForce RTX 4090, GPU-457328ff-6f8e-1f53-8cc3-68ae75d90604, 595.91.07, P2, 53, 293.52 W, 100 %, 100 %, 21532 MiB, 24564 MiB, 2640 MHz, 10251 MHz
2026/09/13 11:42:40.526, NVIDIA GeForce RTX 4090, GPU-457328ff-6f8e-1f53-8cc3-68ae75d90604, 595.91.07, P2, 53, 293.45 W, 100 %, 100 %, 21532 MiB, 24564 MiB, 2640 MHz, 10251 MHz
2026/09/13 11:42:41.529, NVIDIA GeForce RTX 4090, GPU-457328ff-6f8e-1f53-8cc3-68ae75d90604, 595.91.07, P2, 53, 283.04 W, 100 %, 100 %, 21532 MiB, 24564 MiB, 2640 MHz, 10251 MHz
2026/09/13 11:42:42.531, NVIDIA GeForce RTX 4090, GPU-457328ff-6f8e-1f53-8cc3-68ae75d90604, 595.91.07, P2, 53, 294.99 W, 100 %, 100 %, 21532 MiB, 24564 MiB, 2640 MHz, 10251 MHz
2026/09/13 11:42:43.534, NVIDIA GeForce RTX 4090, GPU-457328ff-6f8e-1f53-8cc3-68ae75d90604, 595.91.07, P2, 53, 295.18 W, 100 %, 100 %, 21532 MiB, 24564 MiB, 2640 MHz, 10251 MHz
2026/09/13 11:42:44.536, NVIDIA GeForce RTX 4090, GPU-457328ff-6f8e-1f53-8cc3-68ae75d90604, 595.91.07, P2, 53, 295.02 W, 100 %, 100 %, 21532 MiB, 24564 MiB, 2640 MHz, 10251 MHz
2026/09/13 11:42:45.539, NVIDIA GeForce RTX 4090, GPU-457328ff-6f8e-1f53-8cc3-68ae75d90604, 595.91.07, P2, 53, 294.89 W, 100 %, 100 %, 21532 MiB, 24564 MiB, 2640 MHz, 10251 MHz
2026/09/13 11:42:46.541, NVIDIA GeForce RTX 4090, GPU-457328ff-6f8e-1f53-8cc3-68ae75d90604, 595.91.07, P2, 53, 294.79 W, 100 %, 100 %, 21532 MiB, 24564 MiB, 2640 MHz, 10251 MHz
2026/09/13 11:42:47.544, NVIDIA GeForce RTX 4090, GPU-457328ff-6f8e-1f53-8cc3-68ae75d90604, 595.91.07, P2, 53, 295.00 W, 100 %, 100 %, 21532 MiB, 24564 MiB, 2640 MHz, 10251 MHz
2026/09/13 11:42:48.547, NVIDIA GeForce RTX 4090, GPU-457328ff-6f8e-1f53-8cc3-68ae75d90604, 595.91.07, P2, 53, 294.54 W, 100 %, 100 %, 21532 MiB, 24564 MiB, 2640 MHz, 10251 MHz
2026/09/13 11:42:49.549, NVIDIA GeForce RTX 4090, GPU-457328ff-6f8e-1f53-8cc3-68ae75d90604, 595.91.07, P2, 53, 294.47 W, 100 %, 100 %, 21532 MiB, 24564 MiB, 2640 MHz, 10251 MHz
2026/09/13 11:42:50.551, NVIDIA GeForce RTX 4090, GPU-457328ff-6f8e-1f53-8cc3-68ae75d90604, 595.91.07, P2, 53, 294.25 W, 100 %, 100 %, 21532 MiB, 24564 MiB, 2640 MHz, 10251 MHz
2026/09/13 11:42:51.553, NVIDIA GeForce RTX 4090, GPU-457328ff-6f8e-1f53-8cc3-68ae75d90604, 595.91.07, P2, 53, 293.96 W, 100 %, 100 %, 21532 MiB, 24564 MiB, 2640 MHz, 10251 MHz
2026/09/13 11:42:52.556, NVIDIA GeForce RTX 4090, GPU-457328ff-6f8e-1f53-8cc3-68ae75d90604, 595.91.07, P2, 53, 293.89 W, 100 %, 100 %, 21532 MiB, 24564 MiB, 2640 MHz, 10251 MHz
2026/09/13 11:42:53.557, NVIDIA GeForce RTX 4090, GPU-457328ff-6f8e-1f53-8cc3-68ae75d90604, 595.91.07, P2, 53, 294.01 W, 100 %, 100 %, 21532 MiB, 24564 MiB, 2640 MHz, 10251 MHz
2026/09/13 11:42:54.560, NVIDIA GeForce RTX 4090, GPU-457328ff-6f8e-1f53-8cc3-68ae75d90604, 595.91.07, P2, 53, 294.07 W, 100 %, 100 %, 21532 MiB, 24564 MiB, 2640 MHz, 10251 MHz
2026/09/13 11:42:55.561, NVIDIA GeForce RTX 4090, GPU-457328ff-6f8e-1f53-8cc3-68ae75d90604, 595.91.07, P2, 53, 287.40 W, 100 %, 100 %, 21532 MiB, 24564 MiB, 2640 MHz, 10251 MHz
2026/09/13 11:42:56.564, NVIDIA GeForce RTX 4090, GPU-457328ff-6f8e-1f53-8cc3-68ae75d90604, 595.91.07, P2, 53, 295.81 W, 100 %, 100 %, 21532 MiB, 24564 MiB, 2640 MHz, 10251 MHz
2026/09/13 11:42:57.566, NVIDIA GeForce RTX 4090, GPU-457328ff-6f8e-1f53-8cc3-68ae75d90604, 595.91.07, P2, 53, 295.58 W, 100 %, 100 %, 21532 MiB, 24564 MiB, 2640 MHz, 10251 MHz
2026/09/13 11:42:58.569, NVIDIA GeForce RTX 4090, GPU-457328ff-6f8e-1f53-8cc3-68ae75d90604, 595.91.07, P2, 53, 295.08 W, 100 %, 100 %, 21532 MiB, 24564 MiB, 2640 MHz, 10251 MHz
2026/09/13 11:42:59.571, NVIDIA GeForce RTX 4090, GPU-457328ff-6f8e-1f53-8cc3-68ae75d90604, 595.91.07, P2, 53, 294.54 W, 100 %, 100 %, 21532 MiB, 24564 MiB, 2640 MHz, 10251 MHz
2026/09/13 11:43:00.573, NVIDIA GeForce RTX 4090, GPU-457328ff-6f8e-1f53-8cc3-68ae75d90604, 595.91.07, P2, 53, 294.41 W, 100 %, 100 %, 21532 MiB, 24564 MiB, 2640 MHz, 10251 MHz
2026/09/13 11:43:01.576, NVIDIA GeForce RTX 4090, GPU-457328ff-6f8e-1f53-8cc3-68ae75d90604, 595.91.07, P2, 53, 294.43 W, 100 %, 100 %, 21532 MiB, 24564 MiB, 2640 MHz, 10251 MHz
2026/09/13 11:43:02.578, NVIDIA GeForce RTX 4090, GPU-457328ff-6f8e-1f53-8cc3-68ae75d90604, 595.91.07, P2, 53, 294.65 W, 100 %, 100 %, 21532 MiB, 24564 MiB, 2640 MHz, 10251 MHz
2026/09/13 11:43:03.581, NVIDIA GeForce RTX 4090, GPU-457328ff-6f8e-1f53-8cc3-68ae75d90604, 595.91.07, P2, 53, 294.65 W, 100 %, 100 %, 21532 MiB, 24564 MiB, 2640 MHz, 10251 MHz
2026/09/13 11:43:04.584, NVIDIA GeForce RTX 4090, GPU-457328ff-6f8e-1f53-8cc3-68ae75d90604, 595.91.07, P2, 53, 294.55 W, 100 %, 100 %, 21532 MiB, 24564 MiB, 2640 MHz, 10251 MHz
2026/09/13 11:43:05.586, NVIDIA GeForce RTX 4090, GPU-457328ff-6f8e-1f53-8cc3-68ae75d90604, 595.91.07, P2, 53, 294.37 W, 100 %, 100 %, 21532 MiB, 24564 MiB, 2640 MHz, 10251 MHz
2026/09/13 11:43:06.588, NVIDIA GeForce RTX 4090, GPU-457328ff-6f8e-1f53-8cc3-68ae75d90604, 595.91.07, P2, 53, 294.42 W, 100 %, 100 %, 21532 MiB, 24564 MiB, 2640 MHz, 10251 MHz
2026/09/13 11:43:07.590, NVIDIA GeForce RTX 4090, GPU-457328ff-6f8e-1f53-8cc3-68ae75d90604, 595.91.07, P2, 53, 288.08 W, 100 %, 100 %, 21532 MiB, 24564 MiB, 2640 MHz, 10251 MHz
2026/09/13 11:43:08.592, NVIDIA GeForce RTX 4090, GPU-457328ff-6f8e-1f53-8cc3-68ae75d90604, 595.91.07, P2, 53, 296.14 W, 100 %, 100 %, 21532 MiB, 24564 MiB, 2640 MHz, 10251 MHz
2026/09/13 11:43:09.595, NVIDIA GeForce RTX 4090, GPU-457328ff-6f8e-1f53-8cc3-68ae75d90604, 595.91.07, P2, 53, 295.56 W, 100 %, 100 %, 21532 MiB, 24564 MiB, 2640 MHz, 10251 MHz
2026/09/13 11:43:10.598, NVIDIA GeForce RTX 4090, GPU-457328ff-6f8e-1f53-8cc3-68ae75d90604, 595.91.07, P2, 53, 295.51 W, 100 %, 100 %, 21532 MiB, 24564 MiB, 2640 MHz, 10251 MHz
2026/09/13 11:43:11.601, NVIDIA GeForce RTX 4090, GPU-457328ff-6f8e-1f53-8cc3-68ae75d90604, 595.91.07, P2, 53, 295.46 W, 100 %, 100 %, 21532 MiB, 24564 MiB, 2640 MHz, 10251 MHz
2026/09/13 11:43:12.603, NVIDIA GeForce RTX 4090, GPU-457328ff-6f8e-1f53-8cc3-68ae75d90604, 595.91.07, P2, 53, 295.15 W, 100 %, 100 %, 21532 MiB, 24564 MiB, 2640 MHz, 10251 MHz
2026/09/13 11:43:13.606, NVIDIA GeForce RTX 4090, GPU-457328ff-6f8e-1f53-8cc3-68ae75d90604, 595.91.07, P2, 53, 295.09 W, 100 %, 100 %, 21532 MiB, 24564 MiB, 2640 MHz, 10251 MHz
2026/09/13 11:43:14.607, NVIDIA GeForce RTX 4090, GPU-457328ff-6f8e-1f53-8cc3-68ae75d90604, 595.91.07, P2, 53, 294.88 W, 100 %, 100 %, 21532 MiB, 24564 MiB, 2640 MHz, 10251 MHz
2026/09/13 11:43:15.609, NVIDIA GeForce RTX 4090, GPU-457328ff-6f8e-1f53-8cc3-68ae75d90604, 595.91.07, P2, 53, 294.81 W, 100 %, 100 %, 21532 MiB, 24564 MiB, 2640 MHz, 10251 MHz
2026/09/13 11:43:16.612, NVIDIA GeForce RTX 4090, GPU-457328ff-6f8e-1f53-8cc3-68ae75d90604, 595.91.07, P2, 53, 294.66 W, 100 %, 100 %, 21532 MiB, 24564 MiB, 2640 MHz, 10251 MHz
2026/09/13 11:43:17.613, NVIDIA GeForce RTX 4090, GPU-457328ff-6f8e-1f53-8cc3-68ae75d90604, 595.91.07, P2, 53, 294.62 W, 100 %, 100 %, 21532 MiB, 24564 MiB, 2640 MHz, 10251 MHz
2026/09/13 11:43:18.616, NVIDIA GeForce RTX 4090, GPU-457328ff-6f8e-1f53-8cc3-68ae75d90604, 595.91.07, P2, 53, 294.14 W, 100 %, 100 %, 21532 MiB, 24564 MiB, 2640 MHz, 10251 MHz
2026/09/13 11:43:19.618, NVIDIA GeForce RTX 4090, GPU-457328ff-6f8e-1f53-8cc3-68ae75d90604, 595.91.07, P2, 53, 294.15 W, 100 %, 100 %, 21532 MiB, 24564 MiB, 2640 MHz, 10251 MHz
2026/09/13 11:43:20.620, NVIDIA GeForce RTX 4090, GPU-457328ff-6f8e-1f53-8cc3-68ae75d90604, 595.91.07, P2, 53, 293.77 W, 100 %, 100 %, 21532 MiB, 24564 MiB, 2640 MHz, 10251 MHz
2026/09/13 11:43:21.621, NVIDIA GeForce RTX 4090, GPU-457328ff-6f8e-1f53-8cc3-68ae75d90604, 595.91.07, P2, 54, 294.05 W, 100 %, 100 %, 21532 MiB, 24564 MiB, 2640 MHz, 10251 MHz
2026/09/13 11:43:22.624, NVIDIA GeForce RTX 4090, GPU-457328ff-6f8e-1f53-8cc3-68ae75d90604, 595.91.07, P2, 54, 293.53 W, 100 %, 100 %, 21532 MiB, 24564 MiB, 2640 MHz, 10251 MHz
2026/09/13 11:43:23.627, NVIDIA GeForce RTX 4090, GPU-457328ff-6f8e-1f53-8cc3-68ae75d90604, 595.91.07, P2, 52, 283.23 W, 72 %, 73 %, 21532 MiB, 24564 MiB, 2640 MHz, 10251 MHz
2026/09/13 11:43:24.629, NVIDIA GeForce RTX 4090, GPU-457328ff-6f8e-1f53-8cc3-68ae75d90604, 595.91.07, P2, 54, 291.51 W, 100 %, 100 %, 21532 MiB, 24564 MiB, 2640 MHz, 10251 MHz
2026/09/13 11:43:25.632, NVIDIA GeForce RTX 4090, GPU-457328ff-6f8e-1f53-8cc3-68ae75d90604, 595.91.07, P2, 54, 295.45 W, 100 %, 100 %, 21532 MiB, 24564 MiB, 2640 MHz, 10251 MHz
2026/09/13 11:43:26.634, NVIDIA GeForce RTX 4090, GPU-457328ff-6f8e-1f53-8cc3-68ae75d90604, 595.91.07, P2, 54, 295.46 W, 100 %, 100 %, 21532 MiB, 24564 MiB, 2640 MHz, 10251 MHz
2026/09/13 11:43:27.636, NVIDIA GeForce RTX 4090, GPU-457328ff-6f8e-1f53-8cc3-68ae75d90604, 595.91.07, P2, 54, 295.38 W, 100 %, 100 %, 21532 MiB, 24564 MiB, 2640 MHz, 10251 MHz
2026/09/13 11:43:28.637, NVIDIA GeForce RTX 4090, GPU-457328ff-6f8e-1f53-8cc3-68ae75d90604, 595.91.07, P2, 53, 294.89 W, 100 %, 100 %, 21532 MiB, 24564 MiB, 2640 MHz, 10251 MHz
2026/09/13 11:43:29.639, NVIDIA GeForce RTX 4090, GPU-457328ff-6f8e-1f53-8cc3-68ae75d90604, 595.91.07, P2, 53, 294.24 W, 100 %, 100 %, 21532 MiB, 24564 MiB, 2640 MHz, 10251 MHz
2026/09/13 11:43:30.642, NVIDIA GeForce RTX 4090, GPU-457328ff-6f8e-1f53-8cc3-68ae75d90604, 595.91.07, P2, 53, 293.98 W, 100 %, 100 %, 21532 MiB, 24564 MiB, 2640 MHz, 10251 MHz
2026/09/13 11:43:31.644, NVIDIA GeForce RTX 4090, GPU-457328ff-6f8e-1f53-8cc3-68ae75d90604, 595.91.07, P2, 53, 294.19 W, 100 %, 100 %, 21532 MiB, 24564 MiB, 2640 MHz, 10251 MHz
2026/09/13 11:43:32.646, NVIDIA GeForce RTX 4090, GPU-457328ff-6f8e-1f53-8cc3-68ae75d90604, 595.91.07, P2, 53, 294.74 W, 100 %, 100 %, 21532 MiB, 24564 MiB, 2640 MHz, 10251 MHz
2026/09/13 11:43:33.649, NVIDIA GeForce RTX 4090, GPU-457328ff-6f8e-1f53-8cc3-68ae75d90604, 595.91.07, P2, 53, 294.41 W, 100 %, 100 %, 21532 MiB, 24564 MiB, 2640 MHz, 10251 MHz
2026/09/13 11:43:34.651, NVIDIA GeForce RTX 4090, GPU-457328ff-6f8e-1f53-8cc3-68ae75d90604, 595.91.07, P2, 53, 294.27 W, 100 %, 100 %, 21532 MiB, 24564 MiB, 2640 MHz, 10251 MHz
2026/09/13 11:43:35.653, NVIDIA GeForce RTX 4090, GPU-457328ff-6f8e-1f53-8cc3-68ae75d90604, 595.91.07, P2, 53, 293.93 W, 100 %, 100 %, 21532 MiB, 24564 MiB, 2640 MHz, 10251 MHz
2026/09/13 11:43:36.656, NVIDIA GeForce RTX 4090, GPU-457328ff-6f8e-1f53-8cc3-68ae75d90604, 595.91.07, P2, 53, 294.09 W, 100 %, 100 %, 21532 MiB, 24564 MiB, 2640 MHz, 10251 MHz
2026/09/13 11:43:37.658, NVIDIA GeForce RTX 4090, GPU-457328ff-6f8e-1f53-8cc3-68ae75d90604, 595.91.07, P2, 53, 294.43 W, 100 %, 100 %, 21532 MiB, 24564 MiB, 2640 MHz, 10251 MHz
2026/09/13 11:43:38.660, NVIDIA GeForce RTX 4090, GPU-457328ff-6f8e-1f53-8cc3-68ae75d90604, 595.91.07, P2, 53, 294.26 W, 100 %, 100 %, 21532 MiB, 24564 MiB, 2640 MHz, 10251 MHz
2026/09/13 11:43:39.663, NVIDIA GeForce RTX 4090, GPU-457328ff-6f8e-1f53-8cc3-68ae75d90604, 595.91.07, P2, 53, 294.51 W, 100 %, 100 %, 21532 MiB, 24564 MiB, 2640 MHz, 10251 MHz
2026/09/13 11:43:40.668, NVIDIA GeForce RTX 4090, GPU-457328ff-6f8e-1f53-8cc3-68ae75d90604, 595.91.07, P2, 53, 294.62 W, 100 %, 100 %, 21532 MiB, 24564 MiB, 2640 MHz, 10251 MHz
2026/09/13 11:43:41.671, NVIDIA GeForce RTX 4090, GPU-457328ff-6f8e-1f53-8cc3-68ae75d90604, 595.91.07, P2, 53, 294.69 W, 100 %, 100 %, 21532 MiB, 24564 MiB, 2640 MHz, 10251 MHz
2026/09/13 11:43:42.672, NVIDIA GeForce RTX 4090, GPU-457328ff-6f8e-1f53-8cc3-68ae75d90604, 595.91.07, P2, 53, 293.78 W, 100 %, 100 %, 21532 MiB, 24564 MiB, 2640 MHz, 10251 MHz
2026/09/13 11:43:43.675, NVIDIA GeForce RTX 4090, GPU-457328ff-6f8e-1f53-8cc3-68ae75d90604, 595.91.07, P2, 53, 284.82 W, 100 %, 100 %, 21532 MiB, 24564 MiB, 2640 MHz, 10251 MHz
2026/09/13 11:43:44.678, NVIDIA GeForce RTX 4090, GPU-457328ff-6f8e-1f53-8cc3-68ae75d90604, 595.91.07, P2, 53, 296.19 W, 100 %, 100 %, 21532 MiB, 24564 MiB, 2640 MHz, 10251 MHz
2026/09/13 11:43:45.680, NVIDIA GeForce RTX 4090, GPU-457328ff-6f8e-1f53-8cc3-68ae75d90604, 595.91.07, P2, 53, 296.07 W, 100 %, 100 %, 21532 MiB, 24564 MiB, 2640 MHz, 10251 MHz
2026/09/13 11:43:46.683, NVIDIA GeForce RTX 4090, GPU-457328ff-6f8e-1f53-8cc3-68ae75d90604, 595.91.07, P2, 53, 295.67 W, 100 %, 100 %, 21532 MiB, 24564 MiB, 2640 MHz, 10251 MHz
2026/09/13 11:43:47.686, NVIDIA GeForce RTX 4090, GPU-457328ff-6f8e-1f53-8cc3-68ae75d90604, 595.91.07, P2, 53, 295.57 W, 100 %, 100 %, 21532 MiB, 24564 MiB, 2640 MHz, 10251 MHz
2026/09/13 11:43:48.688, NVIDIA GeForce RTX 4090, GPU-457328ff-6f8e-1f53-8cc3-68ae75d90604, 595.91.07, P2, 53, 295.30 W, 100 %, 100 %, 21532 MiB, 24564 MiB, 2640 MHz, 10251 MHz
2026/09/13 11:43:49.690, NVIDIA GeForce RTX 4090, GPU-457328ff-6f8e-1f53-8cc3-68ae75d90604, 595.91.07, P2, 53, 295.10 W, 100 %, 100 %, 21532 MiB, 24564 MiB, 2640 MHz, 10251 MHz
2026/09/13 11:43:50.693, NVIDIA GeForce RTX 4090, GPU-457328ff-6f8e-1f53-8cc3-68ae75d90604, 595.91.07, P2, 53, 295.25 W, 100 %, 100 %, 21532 MiB, 24564 MiB, 2640 MHz, 10251 MHz
2026/09/13 11:43:51.695, NVIDIA GeForce RTX 4090, GPU-457328ff-6f8e-1f53-8cc3-68ae75d90604, 595.91.07, P2, 53, 294.90 W, 100 %, 100 %, 21532 MiB, 24564 MiB, 2640 MHz, 10251 MHz
2026/09/13 11:43:52.698, NVIDIA GeForce RTX 4090, GPU-457328ff-6f8e-1f53-8cc3-68ae75d90604, 595.91.07, P2, 53, 295.03 W, 100 %, 100 %, 21532 MiB, 24564 MiB, 2640 MHz, 10251 MHz
2026/09/13 11:43:53.700, NVIDIA GeForce RTX 4090, GPU-457328ff-6f8e-1f53-8cc3-68ae75d90604, 595.91.07, P2, 53, 294.69 W, 100 %, 100 %, 21532 MiB, 24564 MiB, 2640 MHz, 10251 MHz
2026/09/13 11:43:54.702, NVIDIA GeForce RTX 4090, GPU-457328ff-6f8e-1f53-8cc3-68ae75d90604, 595.91.07, P2, 53, 294.53 W, 100 %, 100 %, 21532 MiB, 24564 MiB, 2640 MHz, 10251 MHz
2026/09/13 11:43:55.705, NVIDIA GeForce RTX 4090, GPU-457328ff-6f8e-1f53-8cc3-68ae75d90604, 595.91.07, P2, 53, 294.54 W, 100 %, 100 %, 21532 MiB, 24564 MiB, 2640 MHz, 10251 MHz
2026/09/13 11:43:56.707, NVIDIA GeForce RTX 4090, GPU-457328ff-6f8e-1f53-8cc3-68ae75d90604, 595.91.07, P2, 53, 294.05 W, 100 %, 100 %, 21532 MiB, 24564 MiB, 2640 MHz, 10251 MHz
2026/09/13 11:43:57.710, NVIDIA GeForce RTX 4090, GPU-457328ff-6f8e-1f53-8cc3-68ae75d90604, 595.91.07, P2, 53, 294.18 W, 100 %, 100 %, 21532 MiB, 24564 MiB, 2640 MHz, 10251 MHz
2026/09/13 11:43:58.713, NVIDIA GeForce RTX 4090, GPU-457328ff-6f8e-1f53-8cc3-68ae75d90604, 595.91.07, P2, 53, 294.25 W, 100 %, 100 %, 21532 MiB, 24564 MiB, 2640 MHz, 10251 MHz
2026/09/13 11:43:59.715, NVIDIA GeForce RTX 4090, GPU-457328ff-6f8e-1f53-8cc3-68ae75d90604, 595.91.07, P2, 53, 293.97 W, 100 %, 100 %, 21532 MiB, 24564 MiB, 2640 MHz, 10251 MHz
2026/09/13 11:44:00.717, NVIDIA GeForce RTX 4090, GPU-457328ff-6f8e-1f53-8cc3-68ae75d90604, 595.91.07, P2, 53, 293.67 W, 100 %, 100 %, 21532 MiB, 24564 MiB, 2640 MHz, 10251 MHz
2026/09/13 11:44:01.719, NVIDIA GeForce RTX 4090, GPU-457328ff-6f8e-1f53-8cc3-68ae75d90604, 595.91.07, P2, 53, 293.64 W, 100 %, 100 %, 21532 MiB, 24564 MiB, 2640 MHz, 10251 MHz
2026/09/13 11:44:02.721, NVIDIA GeForce RTX 4090, GPU-457328ff-6f8e-1f53-8cc3-68ae75d90604, 595.91.07, P2, 53, 293.66 W, 100 %, 100 %, 21532 MiB, 24564 MiB, 2640 MHz, 10251 MHz
2026/09/13 11:44:03.724, NVIDIA GeForce RTX 4090, GPU-457328ff-6f8e-1f53-8cc3-68ae75d90604, 595.91.07, P2, 50, 282.33 W, 39 %, 34 %, 21532 MiB, 24564 MiB, 2640 MHz, 10251 MHz
2026/09/13 11:44:04.726, NVIDIA GeForce RTX 4090, GPU-457328ff-6f8e-1f53-8cc3-68ae75d90604, 595.91.07, P2, 53, 284.69 W, 100 %, 100 %, 21532 MiB, 24564 MiB, 2640 MHz, 10251 MHz
2026/09/13 11:44:05.728, NVIDIA GeForce RTX 4090, GPU-457328ff-6f8e-1f53-8cc3-68ae75d90604, 595.91.07, P2, 53, 296.03 W, 100 %, 100 %, 21532 MiB, 24564 MiB, 2640 MHz, 10251 MHz
2026/09/13 11:44:06.730, NVIDIA GeForce RTX 4090, GPU-457328ff-6f8e-1f53-8cc3-68ae75d90604, 595.91.07, P2, 53, 295.97 W, 100 %, 100 %, 21532 MiB, 24564 MiB, 2640 MHz, 10251 MHz
2026/09/13 11:44:07.732, NVIDIA GeForce RTX 4090, GPU-457328ff-6f8e-1f53-8cc3-68ae75d90604, 595.91.07, P2, 53, 295.85 W, 100 %, 100 %, 21532 MiB, 24564 MiB, 2640 MHz, 10251 MHz
2026/09/13 11:44:08.733, NVIDIA GeForce RTX 4090, GPU-457328ff-6f8e-1f53-8cc3-68ae75d90604, 595.91.07, P2, 53, 295.30 W, 100 %, 100 %, 21532 MiB, 24564 MiB, 2640 MHz, 10251 MHz
2026/09/13 11:44:09.736, NVIDIA GeForce RTX 4090, GPU-457328ff-6f8e-1f53-8cc3-68ae75d90604, 595.91.07, P2, 53, 295.10 W, 100 %, 100 %, 21532 MiB, 24564 MiB, 2640 MHz, 10251 MHz
2026/09/13 11:44:10.738, NVIDIA GeForce RTX 4090, GPU-457328ff-6f8e-1f53-8cc3-68ae75d90604, 595.91.07, P2, 53, 294.57 W, 100 %, 100 %, 21532 MiB, 24564 MiB, 2640 MHz, 10251 MHz
2026/09/13 11:44:11.740, NVIDIA GeForce RTX 4090, GPU-457328ff-6f8e-1f53-8cc3-68ae75d90604, 595.91.07, P2, 53, 294.52 W, 100 %, 100 %, 21532 MiB, 24564 MiB, 2640 MHz, 10251 MHz
2026/09/13 11:44:12.742, NVIDIA GeForce RTX 4090, GPU-457328ff-6f8e-1f53-8cc3-68ae75d90604, 595.91.07, P2, 53, 294.29 W, 100 %, 100 %, 21532 MiB, 24564 MiB, 2640 MHz, 10251 MHz
2026/09/13 11:44:13.745, NVIDIA GeForce RTX 4090, GPU-457328ff-6f8e-1f53-8cc3-68ae75d90604, 595.91.07, P2, 53, 293.95 W, 100 %, 100 %, 21532 MiB, 24564 MiB, 2640 MHz, 10251 MHz
2026/09/13 11:44:14.747, NVIDIA GeForce RTX 4090, GPU-457328ff-6f8e-1f53-8cc3-68ae75d90604, 595.91.07, P2, 53, 293.92 W, 100 %, 100 %, 21532 MiB, 24564 MiB, 2640 MHz, 10251 MHz
2026/09/13 11:44:15.749, NVIDIA GeForce RTX 4090, GPU-457328ff-6f8e-1f53-8cc3-68ae75d90604, 595.91.07, P2, 53, 293.56 W, 100 %, 100 %, 21532 MiB, 24564 MiB, 2640 MHz, 10251 MHz
2026/09/13 11:44:16.751, NVIDIA GeForce RTX 4090, GPU-457328ff-6f8e-1f53-8cc3-68ae75d90604, 595.91.07, P2, 53, 293.82 W, 100 %, 100 %, 21532 MiB, 24564 MiB, 2640 MHz, 10251 MHz
2026/09/13 11:44:17.754, NVIDIA GeForce RTX 4090, GPU-457328ff-6f8e-1f53-8cc3-68ae75d90604, 595.91.07, P2, 53, 293.79 W, 100 %, 100 %, 21532 MiB, 24564 MiB, 2640 MHz, 10251 MHz
2026/09/13 11:44:18.756, NVIDIA GeForce RTX 4090, GPU-457328ff-6f8e-1f53-8cc3-68ae75d90604, 595.91.07, P2, 53, 293.89 W, 100 %, 100 %, 21532 MiB, 24564 MiB, 2640 MHz, 10251 MHz
2026/09/13 11:44:19.758, NVIDIA GeForce RTX 4090, GPU-457328ff-6f8e-1f53-8cc3-68ae75d90604, 595.91.07, P2, 53, 293.85 W, 100 %, 100 %, 21532 MiB, 24564 MiB, 2640 MHz, 10251 MHz
2026/09/13 11:44:20.761, NVIDIA GeForce RTX 4090, GPU-457328ff-6f8e-1f53-8cc3-68ae75d90604, 595.91.07, P2, 53, 294.17 W, 100 %, 100 %, 21532 MiB, 24564 MiB, 2640 MHz, 10251 MHz
2026/09/13 11:44:21.764, NVIDIA GeForce RTX 4090, GPU-457328ff-6f8e-1f53-8cc3-68ae75d90604, 595.91.07, P2, 53, 293.99 W, 100 %, 100 %, 21532 MiB, 24564 MiB, 2640 MHz, 10251 MHz
2026/09/13 11:44:22.766, NVIDIA GeForce RTX 4090, GPU-457328ff-6f8e-1f53-8cc3-68ae75d90604, 595.91.07, P2, 53, 293.60 W, 100 %, 100 %, 21532 MiB, 24564 MiB, 2640 MHz, 10251 MHz
2026/09/13 11:44:23.768, NVIDIA GeForce RTX 4090, GPU-457328ff-6f8e-1f53-8cc3-68ae75d90604, 595.91.07, P2, 53, 293.83 W, 100 %, 100 %, 21532 MiB, 24564 MiB, 2640 MHz, 10251 MHz
2026/09/13 11:44:24.770, NVIDIA GeForce RTX 4090, GPU-457328ff-6f8e-1f53-8cc3-68ae75d90604, 595.91.07, P2, 53, 283.86 W, 100 %, 100 %, 21532 MiB, 24564 MiB, 2640 MHz, 10251 MHz
2026/09/13 11:44:25.773, NVIDIA GeForce RTX 4090, GPU-457328ff-6f8e-1f53-8cc3-68ae75d90604, 595.91.07, P2, 53, 295.45 W, 100 %, 100 %, 21532 MiB, 24564 MiB, 2640 MHz, 10251 MHz
2026/09/13 11:44:26.775, NVIDIA GeForce RTX 4090, GPU-457328ff-6f8e-1f53-8cc3-68ae75d90604, 595.91.07, P2, 53, 295.52 W, 100 %, 100 %, 21532 MiB, 24564 MiB, 2640 MHz, 10251 MHz
2026/09/13 11:44:27.778, NVIDIA GeForce RTX 4090, GPU-457328ff-6f8e-1f53-8cc3-68ae75d90604, 595.91.07, P2, 53, 295.08 W, 100 %, 100 %, 21532 MiB, 24564 MiB, 2640 MHz, 10251 MHz
2026/09/13 11:44:28.780, NVIDIA GeForce RTX 4090, GPU-457328ff-6f8e-1f53-8cc3-68ae75d90604, 595.91.07, P2, 53, 294.52 W, 100 %, 100 %, 21532 MiB, 24564 MiB, 2640 MHz, 10251 MHz
2026/09/13 11:44:29.783, NVIDIA GeForce RTX 4090, GPU-457328ff-6f8e-1f53-8cc3-68ae75d90604, 595.91.07, P2, 53, 294.50 W, 100 %, 100 %, 21532 MiB, 24564 MiB, 2640 MHz, 10251 MHz
2026/09/13 11:44:30.784, NVIDIA GeForce RTX 4090, GPU-457328ff-6f8e-1f53-8cc3-68ae75d90604, 595.91.07, P2, 53, 294.40 W, 100 %, 100 %, 21532 MiB, 24564 MiB, 2640 MHz, 10251 MHz
2026/09/13 11:44:31.786, NVIDIA GeForce RTX 4090, GPU-457328ff-6f8e-1f53-8cc3-68ae75d90604, 595.91.07, P2, 53, 294.41 W, 100 %, 100 %, 21532 MiB, 24564 MiB, 2640 MHz, 10251 MHz
2026/09/13 11:44:32.789, NVIDIA GeForce RTX 4090, GPU-457328ff-6f8e-1f53-8cc3-68ae75d90604, 595.91.07, P2, 53, 294.02 W, 100 %, 100 %, 21532 MiB, 24564 MiB, 2640 MHz, 10251 MHz
2026/09/13 11:44:33.791, NVIDIA GeForce RTX 4090, GPU-457328ff-6f8e-1f53-8cc3-68ae75d90604, 595.91.07, P2, 53, 294.12 W, 100 %, 100 %, 21532 MiB, 24564 MiB, 2640 MHz, 10251 MHz
2026/09/13 11:44:34.794, NVIDIA GeForce RTX 4090, GPU-457328ff-6f8e-1f53-8cc3-68ae75d90604, 595.91.07, P2, 53, 294.11 W, 100 %, 100 %, 21532 MiB, 24564 MiB, 2640 MHz, 10251 MHz
2026/09/13 11:44:35.797, NVIDIA GeForce RTX 4090, GPU-457328ff-6f8e-1f53-8cc3-68ae75d90604, 595.91.07, P2, 53, 293.68 W, 100 %, 100 %, 21532 MiB, 24564 MiB, 2640 MHz, 10251 MHz
2026/09/13 11:44:36.799, NVIDIA GeForce RTX 4090, GPU-457328ff-6f8e-1f53-8cc3-68ae75d90604, 595.91.07, P2, 53, 293.66 W, 100 %, 100 %, 21532 MiB, 24564 MiB, 2640 MHz, 10251 MHz
2026/09/13 11:44:37.801, NVIDIA GeForce RTX 4090, GPU-457328ff-6f8e-1f53-8cc3-68ae75d90604, 595.91.07, P2, 53, 293.72 W, 100 %, 100 %, 21532 MiB, 24564 MiB, 2640 MHz, 10251 MHz
2026/09/13 11:44:38.803, NVIDIA GeForce RTX 4090, GPU-457328ff-6f8e-1f53-8cc3-68ae75d90604, 595.91.07, P2, 53, 293.60 W, 100 %, 100 %, 21532 MiB, 24564 MiB, 2640 MHz, 10251 MHz
2026/09/13 11:44:39.806, NVIDIA GeForce RTX 4090, GPU-457328ff-6f8e-1f53-8cc3-68ae75d90604, 595.91.07, P2, 53, 293.26 W, 100 %, 100 %, 21532 MiB, 24564 MiB, 2640 MHz, 10251 MHz
2026/09/13 11:44:40.809, NVIDIA GeForce RTX 4090, GPU-457328ff-6f8e-1f53-8cc3-68ae75d90604, 595.91.07, P2, 53, 293.48 W, 100 %, 100 %, 21532 MiB, 24564 MiB, 2640 MHz, 10251 MHz
2026/09/13 11:44:41.811, NVIDIA GeForce RTX 4090, GPU-457328ff-6f8e-1f53-8cc3-68ae75d90604, 595.91.07, P2, 53, 293.55 W, 100 %, 100 %, 21532 MiB, 24564 MiB, 2640 MHz, 10251 MHz
2026/09/13 11:44:42.813, NVIDIA GeForce RTX 4090, GPU-457328ff-6f8e-1f53-8cc3-68ae75d90604, 595.91.07, P2, 53, 293.43 W, 100 %, 100 %, 21532 MiB, 24564 MiB, 2640 MHz, 10251 MHz
2026/09/13 11:44:43.815, NVIDIA GeForce RTX 4090, GPU-457328ff-6f8e-1f53-8cc3-68ae75d90604, 595.91.07, P2, 53, 293.39 W, 100 %, 100 %, 21532 MiB, 24564 MiB, 2640 MHz, 10251 MHz
2026/09/13 11:44:44.817, NVIDIA GeForce RTX 4090, GPU-457328ff-6f8e-1f53-8cc3-68ae75d90604, 595.91.07, P2, 52, 281.29 W, 31 %, 25 %, 21532 MiB, 24564 MiB, 2640 MHz, 10251 MHz
2026/09/13 11:44:45.820, NVIDIA GeForce RTX 4090, GPU-457328ff-6f8e-1f53-8cc3-68ae75d90604, 595.91.07, P2, 53, 283.36 W, 100 %, 100 %, 21532 MiB, 24564 MiB, 2640 MHz, 10251 MHz
2026/09/13 11:44:46.821, NVIDIA GeForce RTX 4090, GPU-457328ff-6f8e-1f53-8cc3-68ae75d90604, 595.91.07, P2, 53, 295.51 W, 100 %, 100 %, 21532 MiB, 24564 MiB, 2640 MHz, 10251 MHz
2026/09/13 11:44:47.824, NVIDIA GeForce RTX 4090, GPU-457328ff-6f8e-1f53-8cc3-68ae75d90604, 595.91.07, P2, 53, 295.10 W, 100 %, 100 %, 21532 MiB, 24564 MiB, 2640 MHz, 10251 MHz
2026/09/13 11:44:48.826, NVIDIA GeForce RTX 4090, GPU-457328ff-6f8e-1f53-8cc3-68ae75d90604, 595.91.07, P2, 53, 295.24 W, 100 %, 100 %, 21532 MiB, 24564 MiB, 2640 MHz, 10251 MHz
2026/09/13 11:44:49.828, NVIDIA GeForce RTX 4090, GPU-457328ff-6f8e-1f53-8cc3-68ae75d90604, 595.91.07, P2, 53, 294.96 W, 100 %, 100 %, 21532 MiB, 24564 MiB, 2640 MHz, 10251 MHz
2026/09/13 11:44:50.830, NVIDIA GeForce RTX 4090, GPU-457328ff-6f8e-1f53-8cc3-68ae75d90604, 595.91.07, P2, 53, 294.61 W, 100 %, 100 %, 21532 MiB, 24564 MiB, 2640 MHz, 10251 MHz
2026/09/13 11:44:51.832, NVIDIA GeForce RTX 4090, GPU-457328ff-6f8e-1f53-8cc3-68ae75d90604, 595.91.07, P2, 53, 294.56 W, 100 %, 100 %, 21532 MiB, 24564 MiB, 2640 MHz, 10251 MHz
2026/09/13 11:44:52.834, NVIDIA GeForce RTX 4090, GPU-457328ff-6f8e-1f53-8cc3-68ae75d90604, 595.91.07, P2, 53, 294.36 W, 100 %, 100 %, 21532 MiB, 24564 MiB, 2640 MHz, 10251 MHz
2026/09/13 11:44:53.836, NVIDIA GeForce RTX 4090, GPU-457328ff-6f8e-1f53-8cc3-68ae75d90604, 595.91.07, P2, 53, 294.14 W, 100 %, 100 %, 21532 MiB, 24564 MiB, 2640 MHz, 10251 MHz
2026/09/13 11:44:54.839, NVIDIA GeForce RTX 4090, GPU-457328ff-6f8e-1f53-8cc3-68ae75d90604, 595.91.07, P2, 53, 294.17 W, 100 %, 100 %, 21532 MiB, 24564 MiB, 2640 MHz, 10251 MHz
2026/09/13 11:44:55.841, NVIDIA GeForce RTX 4090, GPU-457328ff-6f8e-1f53-8cc3-68ae75d90604, 595.91.07, P2, 53, 294.05 W, 100 %, 100 %, 21532 MiB, 24564 MiB, 2640 MHz, 10251 MHz
2026/09/13 11:44:56.844, NVIDIA GeForce RTX 4090, GPU-457328ff-6f8e-1f53-8cc3-68ae75d90604, 595.91.07, P2, 53, 293.95 W, 100 %, 100 %, 21532 MiB, 24564 MiB, 2640 MHz, 10251 MHz
2026/09/13 11:44:57.847, NVIDIA GeForce RTX 4090, GPU-457328ff-6f8e-1f53-8cc3-68ae75d90604, 595.91.07, P2, 53, 293.88 W, 100 %, 100 %, 21532 MiB, 24564 MiB, 2640 MHz, 10251 MHz
2026/09/13 11:44:58.850, NVIDIA GeForce RTX 4090, GPU-457328ff-6f8e-1f53-8cc3-68ae75d90604, 595.91.07, P2, 53, 284.87 W, 45 %, 41 %, 21532 MiB, 24564 MiB, 2640 MHz, 10251 MHz
2026/09/13 11:44:59.852, NVIDIA GeForce RTX 4090, GPU-457328ff-6f8e-1f53-8cc3-68ae75d90604, 595.91.07, P2, 53, 286.51 W, 100 %, 100 %, 21532 MiB, 24564 MiB, 2640 MHz, 10251 MHz
2026/09/13 11:45:00.854, NVIDIA GeForce RTX 4090, GPU-457328ff-6f8e-1f53-8cc3-68ae75d90604, 595.91.07, P2, 53, 295.51 W, 100 %, 100 %, 21532 MiB, 24564 MiB, 2640 MHz, 10251 MHz
2026/09/13 11:45:01.857, NVIDIA GeForce RTX 4090, GPU-457328ff-6f8e-1f53-8cc3-68ae75d90604, 595.91.07, P2, 53, 295.91 W, 100 %, 100 %, 21532 MiB, 24564 MiB, 2640 MHz, 10251 MHz
2026/09/13 11:45:02.859, NVIDIA GeForce RTX 4090, GPU-457328ff-6f8e-1f53-8cc3-68ae75d90604, 595.91.07, P2, 53, 295.34 W, 100 %, 100 %, 21532 MiB, 24564 MiB, 2640 MHz, 10251 MHz
2026/09/13 11:45:03.860, NVIDIA GeForce RTX 4090, GPU-457328ff-6f8e-1f53-8cc3-68ae75d90604, 595.91.07, P2, 53, 295.40 W, 100 %, 100 %, 21532 MiB, 24564 MiB, 2640 MHz, 10251 MHz
2026/09/13 11:45:04.862, NVIDIA GeForce RTX 4090, GPU-457328ff-6f8e-1f53-8cc3-68ae75d90604, 595.91.07, P2, 53, 295.45 W, 100 %, 100 %, 21532 MiB, 24564 MiB, 2640 MHz, 10251 MHz
2026/09/13 11:45:05.865, NVIDIA GeForce RTX 4090, GPU-457328ff-6f8e-1f53-8cc3-68ae75d90604, 595.91.07, P2, 53, 292.72 W, 100 %, 100 %, 21532 MiB, 24564 MiB, 2640 MHz, 10251 MHz
2026/09/13 11:45:07.066, NVIDIA GeForce RTX 4090, GPU-457328ff-6f8e-1f53-8cc3-68ae75d90604, 595.91.07, P2, 53, 287.63 W, 57 %, 57 %, 21532 MiB, 24564 MiB, 2640 MHz, 10251 MHz
2026/09/13 11:45:08.068, NVIDIA GeForce RTX 4090, GPU-457328ff-6f8e-1f53-8cc3-68ae75d90604, 595.91.07, P2, 53, 287.63 W, 100 %, 100 %, 21532 MiB, 24564 MiB, 2640 MHz, 10251 MHz
2026/09/13 11:45:09.069, NVIDIA GeForce RTX 4090, GPU-457328ff-6f8e-1f53-8cc3-68ae75d90604, 595.91.07, P2, 53, 295.38 W, 100 %, 100 %, 21532 MiB, 24564 MiB, 2640 MHz, 10251 MHz
2026/09/13 11:45:10.071, NVIDIA GeForce RTX 4090, GPU-457328ff-6f8e-1f53-8cc3-68ae75d90604, 595.91.07, P2, 53, 295.00 W, 100 %, 100 %, 21532 MiB, 24564 MiB, 2640 MHz, 10251 MHz
2026/09/13 11:45:11.073, NVIDIA GeForce RTX 4090, GPU-457328ff-6f8e-1f53-8cc3-68ae75d90604, 595.91.07, P2, 53, 295.09 W, 100 %, 100 %, 21532 MiB, 24564 MiB, 2640 MHz, 10251 MHz
2026/09/13 11:45:12.074, NVIDIA GeForce RTX 4090, GPU-457328ff-6f8e-1f53-8cc3-68ae75d90604, 595.91.07, P2, 53, 295.00 W, 100 %, 100 %, 21532 MiB, 24564 MiB, 2640 MHz, 10251 MHz
2026/09/13 11:45:13.076, NVIDIA GeForce RTX 4090, GPU-457328ff-6f8e-1f53-8cc3-68ae75d90604, 595.91.07, P2, 53, 294.97 W, 100 %, 100 %, 21532 MiB, 24564 MiB, 2640 MHz, 10251 MHz
2026/09/13 11:45:14.077, NVIDIA GeForce RTX 4090, GPU-457328ff-6f8e-1f53-8cc3-68ae75d90604, 595.91.07, P2, 53, 295.14 W, 100 %, 100 %, 21532 MiB, 24564 MiB, 2640 MHz, 10251 MHz
2026/09/13 11:45:15.079, NVIDIA GeForce RTX 4090, GPU-457328ff-6f8e-1f53-8cc3-68ae75d90604, 595.91.07, P2, 53, 294.81 W, 100 %, 100 %, 21532 MiB, 24564 MiB, 2640 MHz, 10251 MHz
2026/09/13 11:45:16.081, NVIDIA GeForce RTX 4090, GPU-457328ff-6f8e-1f53-8cc3-68ae75d90604, 595.91.07, P2, 53, 294.45 W, 100 %, 100 %, 21532 MiB, 24564 MiB, 2640 MHz, 10251 MHz
2026/09/13 11:45:17.082, NVIDIA GeForce RTX 4090, GPU-457328ff-6f8e-1f53-8cc3-68ae75d90604, 595.91.07, P2, 53, 294.29 W, 100 %, 100 %, 21532 MiB, 24564 MiB, 2640 MHz, 10251 MHz
2026/09/13 11:45:18.084, NVIDIA GeForce RTX 4090, GPU-457328ff-6f8e-1f53-8cc3-68ae75d90604, 595.91.07, P2, 53, 294.50 W, 100 %, 100 %, 21532 MiB, 24564 MiB, 2640 MHz, 10251 MHz
2026/09/13 11:45:19.086, NVIDIA GeForce RTX 4090, GPU-457328ff-6f8e-1f53-8cc3-68ae75d90604, 595.91.07, P2, 53, 294.39 W, 100 %, 100 %, 21532 MiB, 24564 MiB, 2640 MHz, 10251 MHz
2026/09/13 11:45:20.087, NVIDIA GeForce RTX 4090, GPU-457328ff-6f8e-1f53-8cc3-68ae75d90604, 595.91.07, P2, 53, 294.38 W, 100 %, 100 %, 21532 MiB, 24564 MiB, 2640 MHz, 10251 MHz
2026/09/13 11:45:21.088, NVIDIA GeForce RTX 4090, GPU-457328ff-6f8e-1f53-8cc3-68ae75d90604, 595.91.07, P2, 53, 293.84 W, 100 %, 100 %, 21532 MiB, 24564 MiB, 2640 MHz, 10251 MHz
2026/09/13 11:45:22.090, NVIDIA GeForce RTX 4090, GPU-457328ff-6f8e-1f53-8cc3-68ae75d90604, 595.91.07, P2, 53, 293.78 W, 100 %, 100 %, 21532 MiB, 24564 MiB, 2640 MHz, 10251 MHz
2026/09/13 11:45:23.091, NVIDIA GeForce RTX 4090, GPU-457328ff-6f8e-1f53-8cc3-68ae75d90604, 595.91.07, P2, 53, 294.01 W, 100 %, 100 %, 21532 MiB, 24564 MiB, 2640 MHz, 10251 MHz
2026/09/13 11:45:24.092, NVIDIA GeForce RTX 4090, GPU-457328ff-6f8e-1f53-8cc3-68ae75d90604, 595.91.07, P2, 53, 294.08 W, 100 %, 100 %, 21532 MiB, 24564 MiB, 2640 MHz, 10251 MHz
2026/09/13 11:45:25.094, NVIDIA GeForce RTX 4090, GPU-457328ff-6f8e-1f53-8cc3-68ae75d90604, 595.91.07, P2, 53, 294.00 W, 100 %, 100 %, 21532 MiB, 24564 MiB, 2640 MHz, 10251 MHz
2026/09/13 11:45:26.095, NVIDIA GeForce RTX 4090, GPU-457328ff-6f8e-1f53-8cc3-68ae75d90604, 595.91.07, P2, 53, 293.66 W, 100 %, 100 %, 21532 MiB, 24564 MiB, 2640 MHz, 10251 MHz
2026/09/13 11:45:27.097, NVIDIA GeForce RTX 4090, GPU-457328ff-6f8e-1f53-8cc3-68ae75d90604, 595.91.07, P2, 53, 294.14 W, 100 %, 100 %, 21532 MiB, 24564 MiB, 2640 MHz, 10251 MHz
2026/09/13 11:45:28.098, NVIDIA GeForce RTX 4090, GPU-457328ff-6f8e-1f53-8cc3-68ae75d90604, 595.91.07, P2, 53, 282.42 W, 100 %, 100 %, 21532 MiB, 24564 MiB, 2640 MHz, 10251 MHz
2026/09/13 11:45:29.099, NVIDIA GeForce RTX 4090, GPU-457328ff-6f8e-1f53-8cc3-68ae75d90604, 595.91.07, P2, 53, 295.99 W, 100 %, 100 %, 21532 MiB, 24564 MiB, 2640 MHz, 10251 MHz
2026/09/13 11:45:30.101, NVIDIA GeForce RTX 4090, GPU-457328ff-6f8e-1f53-8cc3-68ae75d90604, 595.91.07, P2, 53, 296.03 W, 100 %, 100 %, 21532 MiB, 24564 MiB, 2640 MHz, 10251 MHz
2026/09/13 11:45:31.103, NVIDIA GeForce RTX 4090, GPU-457328ff-6f8e-1f53-8cc3-68ae75d90604, 595.91.07, P2, 53, 295.94 W, 100 %, 100 %, 21532 MiB, 24564 MiB, 2640 MHz, 10251 MHz
2026/09/13 11:45:32.104, NVIDIA GeForce RTX 4090, GPU-457328ff-6f8e-1f53-8cc3-68ae75d90604, 595.91.07, P2, 53, 295.80 W, 100 %, 100 %, 21532 MiB, 24564 MiB, 2640 MHz, 10251 MHz
2026/09/13 11:45:33.105, NVIDIA GeForce RTX 4090, GPU-457328ff-6f8e-1f53-8cc3-68ae75d90604, 595.91.07, P2, 53, 295.74 W, 100 %, 100 %, 21532 MiB, 24564 MiB, 2640 MHz, 10251 MHz
2026/09/13 11:45:34.107, NVIDIA GeForce RTX 4090, GPU-457328ff-6f8e-1f53-8cc3-68ae75d90604, 595.91.07, P2, 54, 295.67 W, 100 %, 100 %, 21532 MiB, 24564 MiB, 2640 MHz, 10251 MHz
2026/09/13 11:45:35.108, NVIDIA GeForce RTX 4090, GPU-457328ff-6f8e-1f53-8cc3-68ae75d90604, 595.91.07, P2, 53, 295.23 W, 100 %, 100 %, 21532 MiB, 24564 MiB, 2640 MHz, 10251 MHz
2026/09/13 11:45:36.110, NVIDIA GeForce RTX 4090, GPU-457328ff-6f8e-1f53-8cc3-68ae75d90604, 595.91.07, P2, 54, 295.13 W, 100 %, 100 %, 21532 MiB, 24564 MiB, 2640 MHz, 10251 MHz
2026/09/13 11:45:37.111, NVIDIA GeForce RTX 4090, GPU-457328ff-6f8e-1f53-8cc3-68ae75d90604, 595.91.07, P2, 54, 294.79 W, 100 %, 100 %, 21532 MiB, 24564 MiB, 2640 MHz, 10251 MHz
2026/09/13 11:45:38.112, NVIDIA GeForce RTX 4090, GPU-457328ff-6f8e-1f53-8cc3-68ae75d90604, 595.91.07, P2, 54, 294.45 W, 100 %, 100 %, 21532 MiB, 24564 MiB, 2640 MHz, 10251 MHz
2026/09/13 11:45:39.114, NVIDIA GeForce RTX 4090, GPU-457328ff-6f8e-1f53-8cc3-68ae75d90604, 595.91.07, P2, 54, 294.21 W, 100 %, 100 %, 21532 MiB, 24564 MiB, 2640 MHz, 10251 MHz
2026/09/13 11:45:40.115, NVIDIA GeForce RTX 4090, GPU-457328ff-6f8e-1f53-8cc3-68ae75d90604, 595.91.07, P2, 54, 294.46 W, 100 %, 100 %, 21532 MiB, 24564 MiB, 2640 MHz, 10251 MHz
2026/09/13 11:45:41.117, NVIDIA GeForce RTX 4090, GPU-457328ff-6f8e-1f53-8cc3-68ae75d90604, 595.91.07, P2, 54, 294.66 W, 100 %, 100 %, 21532 MiB, 24564 MiB, 2640 MHz, 10251 MHz
2026/09/13 11:45:42.118, NVIDIA GeForce RTX 4090, GPU-457328ff-6f8e-1f53-8cc3-68ae75d90604, 595.91.07, P2, 54, 294.11 W, 100 %, 100 %, 21532 MiB, 24564 MiB, 2640 MHz, 10251 MHz
2026/09/13 11:45:43.120, NVIDIA GeForce RTX 4090, GPU-457328ff-6f8e-1f53-8cc3-68ae75d90604, 595.91.07, P2, 54, 293.92 W, 100 %, 100 %, 21532 MiB, 24564 MiB, 2640 MHz, 10251 MHz
2026/09/13 11:45:44.121, NVIDIA GeForce RTX 4090, GPU-457328ff-6f8e-1f53-8cc3-68ae75d90604, 595.91.07, P2, 54, 294.03 W, 100 %, 100 %, 21532 MiB, 24564 MiB, 2640 MHz, 10251 MHz
2026/09/13 11:45:45.122, NVIDIA GeForce RTX 4090, GPU-457328ff-6f8e-1f53-8cc3-68ae75d90604, 595.91.07, P2, 54, 294.06 W, 100 %, 100 %, 21532 MiB, 24564 MiB, 2640 MHz, 10251 MHz
2026/09/13 11:45:46.124, NVIDIA GeForce RTX 4090, GPU-457328ff-6f8e-1f53-8cc3-68ae75d90604, 595.91.07, P2, 54, 294.41 W, 100 %, 100 %, 21532 MiB, 24564 MiB, 2640 MHz, 10251 MHz
2026/09/13 11:45:47.125, NVIDIA GeForce RTX 4090, GPU-457328ff-6f8e-1f53-8cc3-68ae75d90604, 595.91.07, P2, 54, 293.89 W, 100 %, 100 %, 21532 MiB, 24564 MiB, 2640 MHz, 10251 MHz
2026/09/13 11:45:48.127, NVIDIA GeForce RTX 4090, GPU-457328ff-6f8e-1f53-8cc3-68ae75d90604, 595.91.07, P2, 54, 284.70 W, 37 %, 32 %, 21532 MiB, 24564 MiB, 2640 MHz, 10251 MHz
2026/09/13 11:45:49.129, NVIDIA GeForce RTX 4090, GPU-457328ff-6f8e-1f53-8cc3-68ae75d90604, 595.91.07, P2, 54, 296.14 W, 100 %, 100 %, 21532 MiB, 24564 MiB, 2640 MHz, 10251 MHz
2026/09/13 11:45:50.130, NVIDIA GeForce RTX 4090, GPU-457328ff-6f8e-1f53-8cc3-68ae75d90604, 595.91.07, P2, 54, 296.26 W, 100 %, 100 %, 21532 MiB, 24564 MiB, 2640 MHz, 10251 MHz
2026/09/13 11:45:51.131, NVIDIA GeForce RTX 4090, GPU-457328ff-6f8e-1f53-8cc3-68ae75d90604, 595.91.07, P2, 54, 296.06 W, 100 %, 100 %, 21532 MiB, 24564 MiB, 2640 MHz, 10251 MHz
2026/09/13 11:45:52.132, NVIDIA GeForce RTX 4090, GPU-457328ff-6f8e-1f53-8cc3-68ae75d90604, 595.91.07, P2, 54, 295.93 W, 100 %, 100 %, 21532 MiB, 24564 MiB, 2640 MHz, 10251 MHz
2026/09/13 11:45:53.133, NVIDIA GeForce RTX 4090, GPU-457328ff-6f8e-1f53-8cc3-68ae75d90604, 595.91.07, P2, 54, 295.67 W, 100 %, 100 %, 21532 MiB, 24564 MiB, 2640 MHz, 10251 MHz
2026/09/13 11:45:54.135, NVIDIA GeForce RTX 4090, GPU-457328ff-6f8e-1f53-8cc3-68ae75d90604, 595.91.07, P2, 54, 295.52 W, 100 %, 100 %, 21532 MiB, 24564 MiB, 2640 MHz, 10251 MHz
2026/09/13 11:45:55.136, NVIDIA GeForce RTX 4090, GPU-457328ff-6f8e-1f53-8cc3-68ae75d90604, 595.91.07, P2, 54, 295.38 W, 100 %, 100 %, 21532 MiB, 24564 MiB, 2640 MHz, 10251 MHz
2026/09/13 11:45:56.138, NVIDIA GeForce RTX 4090, GPU-457328ff-6f8e-1f53-8cc3-68ae75d90604, 595.91.07, P2, 54, 295.44 W, 100 %, 100 %, 21532 MiB, 24564 MiB, 2640 MHz, 10251 MHz
2026/09/13 11:45:57.140, NVIDIA GeForce RTX 4090, GPU-457328ff-6f8e-1f53-8cc3-68ae75d90604, 595.91.07, P2, 54, 295.29 W, 100 %, 100 %, 21532 MiB, 24564 MiB, 2640 MHz, 10251 MHz
2026/09/13 11:45:58.141, NVIDIA GeForce RTX 4090, GPU-457328ff-6f8e-1f53-8cc3-68ae75d90604, 595.91.07, P2, 54, 295.37 W, 100 %, 100 %, 21532 MiB, 24564 MiB, 2640 MHz, 10251 MHz
2026/09/13 11:45:59.143, NVIDIA GeForce RTX 4090, GPU-457328ff-6f8e-1f53-8cc3-68ae75d90604, 595.91.07, P2, 54, 295.24 W, 100 %, 100 %, 21532 MiB, 24564 MiB, 2640 MHz, 10251 MHz
2026/09/13 11:46:00.144, NVIDIA GeForce RTX 4090, GPU-457328ff-6f8e-1f53-8cc3-68ae75d90604, 595.91.07, P2, 54, 295.29 W, 100 %, 100 %, 21532 MiB, 24564 MiB, 2640 MHz, 10251 MHz
2026/09/13 11:46:01.146, NVIDIA GeForce RTX 4090, GPU-457328ff-6f8e-1f53-8cc3-68ae75d90604, 595.91.07, P2, 54, 295.17 W, 100 %, 100 %, 21532 MiB, 24564 MiB, 2640 MHz, 10251 MHz
2026/09/13 11:46:02.147, NVIDIA GeForce RTX 4090, GPU-457328ff-6f8e-1f53-8cc3-68ae75d90604, 595.91.07, P2, 54, 294.61 W, 100 %, 100 %, 21532 MiB, 24564 MiB, 2640 MHz, 10251 MHz
2026/09/13 11:46:03.149, NVIDIA GeForce RTX 4090, GPU-457328ff-6f8e-1f53-8cc3-68ae75d90604, 595.91.07, P2, 54, 294.45 W, 100 %, 100 %, 21532 MiB, 24564 MiB, 2640 MHz, 10251 MHz
2026/09/13 11:46:04.151, NVIDIA GeForce RTX 4090, GPU-457328ff-6f8e-1f53-8cc3-68ae75d90604, 595.91.07, P2, 54, 294.53 W, 100 %, 100 %, 21532 MiB, 24564 MiB, 2640 MHz, 10251 MHz
2026/09/13 11:46:05.153, NVIDIA GeForce RTX 4090, GPU-457328ff-6f8e-1f53-8cc3-68ae75d90604, 595.91.07, P2, 54, 294.34 W, 100 %, 100 %, 21532 MiB, 24564 MiB, 2640 MHz, 10251 MHz
2026/09/13 11:46:06.154, NVIDIA GeForce RTX 4090, GPU-457328ff-6f8e-1f53-8cc3-68ae75d90604, 595.91.07, P2, 54, 294.60 W, 100 %, 100 %, 21532 MiB, 24564 MiB, 2640 MHz, 10251 MHz
2026/09/13 11:46:07.156, NVIDIA GeForce RTX 4090, GPU-457328ff-6f8e-1f53-8cc3-68ae75d90604, 595.91.07, P2, 54, 294.95 W, 100 %, 100 %, 21532 MiB, 24564 MiB, 2640 MHz, 10251 MHz
2026/09/13 11:46:08.159, NVIDIA GeForce RTX 4090, GPU-457328ff-6f8e-1f53-8cc3-68ae75d90604, 595.91.07, P2, 54, 294.96 W, 100 %, 100 %, 21532 MiB, 24564 MiB, 2640 MHz, 10251 MHz
2026/09/13 11:46:09.161, NVIDIA GeForce RTX 4090, GPU-457328ff-6f8e-1f53-8cc3-68ae75d90604, 595.91.07, P2, 54, 287.15 W, 100 %, 100 %, 21532 MiB, 24564 MiB, 2640 MHz, 10251 MHz
2026/09/13 11:46:10.163, NVIDIA GeForce RTX 4090, GPU-457328ff-6f8e-1f53-8cc3-68ae75d90604, 595.91.07, P2, 55, 296.59 W, 100 %, 100 %, 21532 MiB, 24564 MiB, 2640 MHz, 10251 MHz
2026/09/13 11:46:11.165, NVIDIA GeForce RTX 4090, GPU-457328ff-6f8e-1f53-8cc3-68ae75d90604, 595.91.07, P2, 55, 296.58 W, 100 %, 100 %, 21532 MiB, 24564 MiB, 2640 MHz, 10251 MHz
2026/09/13 11:46:12.166, NVIDIA GeForce RTX 4090, GPU-457328ff-6f8e-1f53-8cc3-68ae75d90604, 595.91.07, P2, 55, 296.61 W, 100 %, 100 %, 21532 MiB, 24564 MiB, 2640 MHz, 10251 MHz
2026/09/13 11:46:13.168, NVIDIA GeForce RTX 4090, GPU-457328ff-6f8e-1f53-8cc3-68ae75d90604, 595.91.07, P2, 55, 296.48 W, 100 %, 100 %, 21532 MiB, 24564 MiB, 2640 MHz, 10251 MHz
2026/09/13 11:46:14.170, NVIDIA GeForce RTX 4090, GPU-457328ff-6f8e-1f53-8cc3-68ae75d90604, 595.91.07, P2, 55, 296.70 W, 100 %, 100 %, 21532 MiB, 24564 MiB, 2640 MHz, 10251 MHz
2026/09/13 11:46:15.172, NVIDIA GeForce RTX 4090, GPU-457328ff-6f8e-1f53-8cc3-68ae75d90604, 595.91.07, P2, 55, 296.40 W, 100 %, 100 %, 21532 MiB, 24564 MiB, 2640 MHz, 10251 MHz
2026/09/13 11:46:16.174, NVIDIA GeForce RTX 4090, GPU-457328ff-6f8e-1f53-8cc3-68ae75d90604, 595.91.07, P2, 55, 296.37 W, 100 %, 100 %, 21532 MiB, 24564 MiB, 2640 MHz, 10251 MHz
2026/09/13 11:46:17.176, NVIDIA GeForce RTX 4090, GPU-457328ff-6f8e-1f53-8cc3-68ae75d90604, 595.91.07, P2, 55, 296.20 W, 100 %, 100 %, 21532 MiB, 24564 MiB, 2640 MHz, 10251 MHz
2026/09/13 11:46:18.177, NVIDIA GeForce RTX 4090, GPU-457328ff-6f8e-1f53-8cc3-68ae75d90604, 595.91.07, P2, 55, 296.04 W, 100 %, 100 %, 21532 MiB, 24564 MiB, 2640 MHz, 10251 MHz
2026/09/13 11:46:19.178, NVIDIA GeForce RTX 4090, GPU-457328ff-6f8e-1f53-8cc3-68ae75d90604, 595.91.07, P2, 55, 295.76 W, 100 %, 100 %, 21532 MiB, 24564 MiB, 2640 MHz, 10251 MHz
2026/09/13 11:46:20.180, NVIDIA GeForce RTX 4090, GPU-457328ff-6f8e-1f53-8cc3-68ae75d90604, 595.91.07, P2, 55, 295.51 W, 100 %, 100 %, 21532 MiB, 24564 MiB, 2640 MHz, 10251 MHz
2026/09/13 11:46:21.180, NVIDIA GeForce RTX 4090, GPU-457328ff-6f8e-1f53-8cc3-68ae75d90604, 595.91.07, P2, 55, 295.62 W, 100 %, 100 %, 21532 MiB, 24564 MiB, 2640 MHz, 10251 MHz
2026/09/13 11:46:22.181, NVIDIA GeForce RTX 4090, GPU-457328ff-6f8e-1f53-8cc3-68ae75d90604, 595.91.07, P2, 55, 295.41 W, 100 %, 100 %, 21532 MiB, 24564 MiB, 2640 MHz, 10251 MHz
2026/09/13 11:46:23.183, NVIDIA GeForce RTX 4090, GPU-457328ff-6f8e-1f53-8cc3-68ae75d90604, 595.91.07, P2, 55, 295.44 W, 100 %, 100 %, 21532 MiB, 24564 MiB, 2640 MHz, 10251 MHz
2026/09/13 11:46:24.186, NVIDIA GeForce RTX 4090, GPU-457328ff-6f8e-1f53-8cc3-68ae75d90604, 595.91.07, P2, 55, 295.23 W, 100 %, 100 %, 21532 MiB, 24564 MiB, 2640 MHz, 10251 MHz
2026/09/13 11:46:25.189, NVIDIA GeForce RTX 4090, GPU-457328ff-6f8e-1f53-8cc3-68ae75d90604, 595.91.07, P2, 55, 295.60 W, 100 %, 100 %, 21532 MiB, 24564 MiB, 2640 MHz, 10251 MHz
2026/09/13 11:46:26.191, NVIDIA GeForce RTX 4090, GPU-457328ff-6f8e-1f53-8cc3-68ae75d90604, 595.91.07, P2, 55, 295.42 W, 100 %, 100 %, 21532 MiB, 24564 MiB, 2640 MHz, 10251 MHz
2026/09/13 11:46:27.192, NVIDIA GeForce RTX 4090, GPU-457328ff-6f8e-1f53-8cc3-68ae75d90604, 595.91.07, P2, 55, 295.64 W, 100 %, 100 %, 21532 MiB, 24564 MiB, 2640 MHz, 10251 MHz
2026/09/13 11:46:28.193, NVIDIA GeForce RTX 4090, GPU-457328ff-6f8e-1f53-8cc3-68ae75d90604, 595.91.07, P2, 55, 295.93 W, 100 %, 100 %, 21532 MiB, 24564 MiB, 2640 MHz, 10251 MHz
2026/09/13 11:46:29.195, NVIDIA GeForce RTX 4090, GPU-457328ff-6f8e-1f53-8cc3-68ae75d90604, 595.91.07, P2, 55, 283.96 W, 100 %, 100 %, 21532 MiB, 24564 MiB, 2640 MHz, 10251 MHz
2026/09/13 11:46:30.197, NVIDIA GeForce RTX 4090, GPU-457328ff-6f8e-1f53-8cc3-68ae75d90604, 595.91.07, P2, 55, 297.42 W, 100 %, 100 %, 21532 MiB, 24564 MiB, 2640 MHz, 10251 MHz
2026/09/13 11:46:31.199, NVIDIA GeForce RTX 4090, GPU-457328ff-6f8e-1f53-8cc3-68ae75d90604, 595.91.07, P2, 55, 297.65 W, 100 %, 100 %, 21532 MiB, 24564 MiB, 2640 MHz, 10251 MHz
2026/09/13 11:46:32.201, NVIDIA GeForce RTX 4090, GPU-457328ff-6f8e-1f53-8cc3-68ae75d90604, 595.91.07, P2, 55, 297.39 W, 100 %, 100 %, 21532 MiB, 24564 MiB, 2640 MHz, 10251 MHz
2026/09/13 11:46:33.202, NVIDIA GeForce RTX 4090, GPU-457328ff-6f8e-1f53-8cc3-68ae75d90604, 595.91.07, P2, 55, 296.63 W, 100 %, 100 %, 21532 MiB, 24564 MiB, 2640 MHz, 10251 MHz
2026/09/13 11:46:34.204, NVIDIA GeForce RTX 4090, GPU-457328ff-6f8e-1f53-8cc3-68ae75d90604, 595.91.07, P2, 55, 296.68 W, 100 %, 100 %, 21532 MiB, 24564 MiB, 2640 MHz, 10251 MHz
2026/09/13 11:46:35.206, NVIDIA GeForce RTX 4090, GPU-457328ff-6f8e-1f53-8cc3-68ae75d90604, 595.91.07, P2, 55, 296.64 W, 100 %, 100 %, 21532 MiB, 24564 MiB, 2640 MHz, 10251 MHz
2026/09/13 11:46:36.208, NVIDIA GeForce RTX 4090, GPU-457328ff-6f8e-1f53-8cc3-68ae75d90604, 595.91.07, P2, 55, 296.33 W, 100 %, 100 %, 21532 MiB, 24564 MiB, 2640 MHz, 10251 MHz
2026/09/13 11:46:37.209, NVIDIA GeForce RTX 4090, GPU-457328ff-6f8e-1f53-8cc3-68ae75d90604, 595.91.07, P2, 55, 296.31 W, 100 %, 100 %, 21532 MiB, 24564 MiB, 2640 MHz, 10251 MHz
2026/09/13 11:46:38.211, NVIDIA GeForce RTX 4090, GPU-457328ff-6f8e-1f53-8cc3-68ae75d90604, 595.91.07, P2, 55, 295.98 W, 100 %, 100 %, 21532 MiB, 24564 MiB, 2640 MHz, 10251 MHz
2026/09/13 11:46:39.212, NVIDIA GeForce RTX 4090, GPU-457328ff-6f8e-1f53-8cc3-68ae75d90604, 595.91.07, P2, 55, 296.14 W, 100 %, 100 %, 21532 MiB, 24564 MiB, 2640 MHz, 10251 MHz
2026/09/13 11:46:40.213, NVIDIA GeForce RTX 4090, GPU-457328ff-6f8e-1f53-8cc3-68ae75d90604, 595.91.07, P2, 55, 296.15 W, 100 %, 100 %, 21532 MiB, 24564 MiB, 2640 MHz, 10251 MHz
2026/09/13 11:46:41.215, NVIDIA GeForce RTX 4090, GPU-457328ff-6f8e-1f53-8cc3-68ae75d90604, 595.91.07, P2, 55, 296.26 W, 100 %, 100 %, 21532 MiB, 24564 MiB, 2640 MHz, 10251 MHz
2026/09/13 11:46:42.216, NVIDIA GeForce RTX 4090, GPU-457328ff-6f8e-1f53-8cc3-68ae75d90604, 595.91.07, P2, 55, 296.03 W, 100 %, 100 %, 21532 MiB, 24564 MiB, 2640 MHz, 10251 MHz
2026/09/13 11:46:43.217, NVIDIA GeForce RTX 4090, GPU-457328ff-6f8e-1f53-8cc3-68ae75d90604, 595.91.07, P2, 55, 296.32 W, 100 %, 100 %, 21532 MiB, 24564 MiB, 2640 MHz, 10251 MHz
2026/09/13 11:46:44.219, NVIDIA GeForce RTX 4090, GPU-457328ff-6f8e-1f53-8cc3-68ae75d90604, 595.91.07, P2, 55, 290.58 W, 100 %, 100 %, 21532 MiB, 24564 MiB, 2640 MHz, 10251 MHz
2026/09/13 11:46:45.220, NVIDIA GeForce RTX 4090, GPU-457328ff-6f8e-1f53-8cc3-68ae75d90604, 595.91.07, P2, 55, 297.72 W, 100 %, 100 %, 21532 MiB, 24564 MiB, 2640 MHz, 10251 MHz
2026/09/13 11:46:46.223, NVIDIA GeForce RTX 4090, GPU-457328ff-6f8e-1f53-8cc3-68ae75d90604, 595.91.07, P2, 55, 297.37 W, 100 %, 100 %, 21532 MiB, 24564 MiB, 2640 MHz, 10251 MHz
2026/09/13 11:46:47.224, NVIDIA GeForce RTX 4090, GPU-457328ff-6f8e-1f53-8cc3-68ae75d90604, 595.91.07, P2, 55, 297.81 W, 100 %, 100 %, 21532 MiB, 24564 MiB, 2640 MHz, 10251 MHz
2026/09/13 11:46:48.226, NVIDIA GeForce RTX 4090, GPU-457328ff-6f8e-1f53-8cc3-68ae75d90604, 595.91.07, P2, 55, 297.55 W, 100 %, 100 %, 21532 MiB, 24564 MiB, 2640 MHz, 10251 MHz
2026/09/13 11:46:49.227, NVIDIA GeForce RTX 4090, GPU-457328ff-6f8e-1f53-8cc3-68ae75d90604, 595.91.07, P2, 55, 297.15 W, 100 %, 100 %, 21532 MiB, 24564 MiB, 2640 MHz, 10251 MHz
2026/09/13 11:46:50.228, NVIDIA GeForce RTX 4090, GPU-457328ff-6f8e-1f53-8cc3-68ae75d90604, 595.91.07, P2, 55, 297.39 W, 100 %, 100 %, 21532 MiB, 24564 MiB, 2640 MHz, 10251 MHz
2026/09/13 11:46:51.230, NVIDIA GeForce RTX 4090, GPU-457328ff-6f8e-1f53-8cc3-68ae75d90604, 595.91.07, P2, 55, 297.16 W, 100 %, 100 %, 21532 MiB, 24564 MiB, 2640 MHz, 10251 MHz
2026/09/13 11:46:52.232, NVIDIA GeForce RTX 4090, GPU-457328ff-6f8e-1f53-8cc3-68ae75d90604, 595.91.07, P2, 55, 296.74 W, 100 %, 100 %, 21532 MiB, 24564 MiB, 2640 MHz, 10251 MHz
2026/09/13 11:46:53.235, NVIDIA GeForce RTX 4090, GPU-457328ff-6f8e-1f53-8cc3-68ae75d90604, 595.91.07, P2, 55, 296.65 W, 100 %, 100 %, 21532 MiB, 24564 MiB, 2640 MHz, 10251 MHz
2026/09/13 11:46:54.239, NVIDIA GeForce RTX 4090, GPU-457328ff-6f8e-1f53-8cc3-68ae75d90604, 595.91.07, P2, 55, 296.65 W, 100 %, 100 %, 21532 MiB, 24564 MiB, 2640 MHz, 10251 MHz
2026/09/13 11:46:55.241, NVIDIA GeForce RTX 4090, GPU-457328ff-6f8e-1f53-8cc3-68ae75d90604, 595.91.07, P2, 55, 296.23 W, 100 %, 100 %, 21532 MiB, 24564 MiB, 2640 MHz, 10251 MHz
2026/09/13 11:46:56.242, NVIDIA GeForce RTX 4090, GPU-457328ff-6f8e-1f53-8cc3-68ae75d90604, 595.91.07, P2, 55, 295.98 W, 100 %, 100 %, 21532 MiB, 24564 MiB, 2640 MHz, 10251 MHz
2026/09/13 11:46:57.243, NVIDIA GeForce RTX 4090, GPU-457328ff-6f8e-1f53-8cc3-68ae75d90604, 595.91.07, P2, 55, 295.84 W, 100 %, 100 %, 21532 MiB, 24564 MiB, 2640 MHz, 10251 MHz
2026/09/13 11:46:58.244, NVIDIA GeForce RTX 4090, GPU-457328ff-6f8e-1f53-8cc3-68ae75d90604, 595.91.07, P2, 55, 296.17 W, 100 %, 100 %, 21532 MiB, 24564 MiB, 2640 MHz, 10251 MHz
2026/09/13 11:46:59.246, NVIDIA GeForce RTX 4090, GPU-457328ff-6f8e-1f53-8cc3-68ae75d90604, 595.91.07, P2, 55, 296.55 W, 100 %, 100 %, 21532 MiB, 24564 MiB, 2640 MHz, 10251 MHz
2026/09/13 11:47:00.248, NVIDIA GeForce RTX 4090, GPU-457328ff-6f8e-1f53-8cc3-68ae75d90604, 595.91.07, P2, 55, 295.95 W, 100 %, 100 %, 21532 MiB, 24564 MiB, 2640 MHz, 10251 MHz
2026/09/13 11:47:01.249, NVIDIA GeForce RTX 4090, GPU-457328ff-6f8e-1f53-8cc3-68ae75d90604, 595.91.07, P2, 55, 295.76 W, 100 %, 100 %, 21532 MiB, 24564 MiB, 2640 MHz, 10251 MHz
2026/09/13 11:47:02.251, NVIDIA GeForce RTX 4090, GPU-457328ff-6f8e-1f53-8cc3-68ae75d90604, 595.91.07, P2, 55, 289.03 W, 100 %, 100 %, 21532 MiB, 24564 MiB, 2640 MHz, 10251 MHz
2026/09/13 11:47:03.252, NVIDIA GeForce RTX 4090, GPU-457328ff-6f8e-1f53-8cc3-68ae75d90604, 595.91.07, P2, 55, 297.93 W, 100 %, 100 %, 21532 MiB, 24564 MiB, 2640 MHz, 10251 MHz
2026/09/13 11:47:04.254, NVIDIA GeForce RTX 4090, GPU-457328ff-6f8e-1f53-8cc3-68ae75d90604, 595.91.07, P2, 55, 297.69 W, 100 %, 100 %, 21532 MiB, 24564 MiB, 2640 MHz, 10251 MHz
2026/09/13 11:47:05.256, NVIDIA GeForce RTX 4090, GPU-457328ff-6f8e-1f53-8cc3-68ae75d90604, 595.91.07, P2, 55, 297.44 W, 100 %, 100 %, 21532 MiB, 24564 MiB, 2640 MHz, 10251 MHz
2026/09/13 11:47:06.257, NVIDIA GeForce RTX 4090, GPU-457328ff-6f8e-1f53-8cc3-68ae75d90604, 595.91.07, P2, 55, 297.07 W, 100 %, 100 %, 21532 MiB, 24564 MiB, 2640 MHz, 10251 MHz
2026/09/13 11:47:07.258, NVIDIA GeForce RTX 4090, GPU-457328ff-6f8e-1f53-8cc3-68ae75d90604, 595.91.07, P2, 55, 296.76 W, 100 %, 100 %, 21532 MiB, 24564 MiB, 2640 MHz, 10251 MHz
2026/09/13 11:47:08.260, NVIDIA GeForce RTX 4090, GPU-457328ff-6f8e-1f53-8cc3-68ae75d90604, 595.91.07, P2, 55, 296.68 W, 100 %, 100 %, 21532 MiB, 24564 MiB, 2640 MHz, 10251 MHz
2026/09/13 11:47:09.261, NVIDIA GeForce RTX 4090, GPU-457328ff-6f8e-1f53-8cc3-68ae75d90604, 595.91.07, P2, 55, 296.43 W, 100 %, 100 %, 21532 MiB, 24564 MiB, 2640 MHz, 10251 MHz
2026/09/13 11:47:10.263, NVIDIA GeForce RTX 4090, GPU-457328ff-6f8e-1f53-8cc3-68ae75d90604, 595.91.07, P2, 55, 295.97 W, 100 %, 100 %, 21532 MiB, 24564 MiB, 2640 MHz, 10251 MHz
2026/09/13 11:47:11.265, NVIDIA GeForce RTX 4090, GPU-457328ff-6f8e-1f53-8cc3-68ae75d90604, 595.91.07, P2, 55, 296.18 W, 100 %, 100 %, 21532 MiB, 24564 MiB, 2640 MHz, 10251 MHz
2026/09/13 11:47:12.266, NVIDIA GeForce RTX 4090, GPU-457328ff-6f8e-1f53-8cc3-68ae75d90604, 595.91.07, P2, 55, 296.36 W, 100 %, 100 %, 21532 MiB, 24564 MiB, 2640 MHz, 10251 MHz
2026/09/13 11:47:13.268, NVIDIA GeForce RTX 4090, GPU-457328ff-6f8e-1f53-8cc3-68ae75d90604, 595.91.07, P2, 55, 296.32 W, 100 %, 100 %, 21532 MiB, 24564 MiB, 2640 MHz, 10251 MHz
2026/09/13 11:47:14.269, NVIDIA GeForce RTX 4090, GPU-457328ff-6f8e-1f53-8cc3-68ae75d90604, 595.91.07, P2, 55, 296.28 W, 100 %, 100 %, 21532 MiB, 24564 MiB, 2640 MHz, 10251 MHz
2026/09/13 11:47:15.271, NVIDIA GeForce RTX 4090, GPU-457328ff-6f8e-1f53-8cc3-68ae75d90604, 595.91.07, P2, 56, 296.13 W, 100 %, 100 %, 21532 MiB, 24564 MiB, 2640 MHz, 10251 MHz
2026/09/13 11:47:16.272, NVIDIA GeForce RTX 4090, GPU-457328ff-6f8e-1f53-8cc3-68ae75d90604, 595.91.07, P2, 56, 295.99 W, 100 %, 100 %, 21532 MiB, 24564 MiB, 2640 MHz, 10251 MHz
2026/09/13 11:47:17.274, NVIDIA GeForce RTX 4090, GPU-457328ff-6f8e-1f53-8cc3-68ae75d90604, 595.91.07, P2, 56, 295.94 W, 100 %, 100 %, 21532 MiB, 24564 MiB, 2640 MHz, 10251 MHz
2026/09/13 11:47:18.275, NVIDIA GeForce RTX 4090, GPU-457328ff-6f8e-1f53-8cc3-68ae75d90604, 595.91.07, P2, 56, 295.82 W, 100 %, 100 %, 21532 MiB, 24564 MiB, 2640 MHz, 10251 MHz
2026/09/13 11:47:19.277, NVIDIA GeForce RTX 4090, GPU-457328ff-6f8e-1f53-8cc3-68ae75d90604, 595.91.07, P2, 55, 285.80 W, 43 %, 43 %, 21532 MiB, 24564 MiB, 2640 MHz, 10251 MHz
2026/09/13 11:47:20.279, NVIDIA GeForce RTX 4090, GPU-457328ff-6f8e-1f53-8cc3-68ae75d90604, 595.91.07, P2, 56, 287.28 W, 100 %, 100 %, 21532 MiB, 24564 MiB, 2640 MHz, 10251 MHz
2026/09/13 11:47:21.280, NVIDIA GeForce RTX 4090, GPU-457328ff-6f8e-1f53-8cc3-68ae75d90604, 595.91.07, P2, 56, 297.70 W, 100 %, 100 %, 21532 MiB, 24564 MiB, 2640 MHz, 10251 MHz
2026/09/13 11:47:22.282, NVIDIA GeForce RTX 4090, GPU-457328ff-6f8e-1f53-8cc3-68ae75d90604, 595.91.07, P2, 56, 297.92 W, 100 %, 100 %, 21532 MiB, 24564 MiB, 2640 MHz, 10251 MHz
2026/09/13 11:47:23.283, NVIDIA GeForce RTX 4090, GPU-457328ff-6f8e-1f53-8cc3-68ae75d90604, 595.91.07, P2, 56, 297.72 W, 100 %, 100 %, 21532 MiB, 24564 MiB, 2640 MHz, 10251 MHz
2026/09/13 11:47:24.285, NVIDIA GeForce RTX 4090, GPU-457328ff-6f8e-1f53-8cc3-68ae75d90604, 595.91.07, P2, 56, 297.36 W, 100 %, 100 %, 21532 MiB, 24564 MiB, 2640 MHz, 10251 MHz
2026/09/13 11:47:25.286, NVIDIA GeForce RTX 4090, GPU-457328ff-6f8e-1f53-8cc3-68ae75d90604, 595.91.07, P2, 56, 297.51 W, 100 %, 100 %, 21532 MiB, 24564 MiB, 2640 MHz, 10251 MHz
2026/09/13 11:47:26.288, NVIDIA GeForce RTX 4090, GPU-457328ff-6f8e-1f53-8cc3-68ae75d90604, 595.91.07, P2, 56, 297.23 W, 100 %, 100 %, 21532 MiB, 24564 MiB, 2640 MHz, 10251 MHz
2026/09/13 11:47:27.289, NVIDIA GeForce RTX 4090, GPU-457328ff-6f8e-1f53-8cc3-68ae75d90604, 595.91.07, P2, 56, 297.29 W, 100 %, 100 %, 21532 MiB, 24564 MiB, 2640 MHz, 10251 MHz
2026/09/13 11:47:28.290, NVIDIA GeForce RTX 4090, GPU-457328ff-6f8e-1f53-8cc3-68ae75d90604, 595.91.07, P2, 56, 297.22 W, 100 %, 100 %, 21532 MiB, 24564 MiB, 2640 MHz, 10251 MHz
2026/09/13 11:47:29.292, NVIDIA GeForce RTX 4090, GPU-457328ff-6f8e-1f53-8cc3-68ae75d90604, 595.91.07, P2, 56, 297.20 W, 100 %, 100 %, 21532 MiB, 24564 MiB, 2640 MHz, 10251 MHz
2026/09/13 11:47:30.294, NVIDIA GeForce RTX 4090, GPU-457328ff-6f8e-1f53-8cc3-68ae75d90604, 595.91.07, P2, 56, 296.82 W, 100 %, 100 %, 21532 MiB, 24564 MiB, 2640 MHz, 10251 MHz
2026/09/13 11:47:31.296, NVIDIA GeForce RTX 4090, GPU-457328ff-6f8e-1f53-8cc3-68ae75d90604, 595.91.07, P2, 56, 296.64 W, 100 %, 100 %, 21532 MiB, 24564 MiB, 2640 MHz, 10251 MHz
2026/09/13 11:47:32.297, NVIDIA GeForce RTX 4090, GPU-457328ff-6f8e-1f53-8cc3-68ae75d90604, 595.91.07, P2, 56, 296.50 W, 100 %, 100 %, 21532 MiB, 24564 MiB, 2640 MHz, 10251 MHz
2026/09/13 11:47:33.299, NVIDIA GeForce RTX 4090, GPU-457328ff-6f8e-1f53-8cc3-68ae75d90604, 595.91.07, P2, 56, 296.37 W, 100 %, 100 %, 21532 MiB, 24564 MiB, 2640 MHz, 10251 MHz
2026/09/13 11:47:34.300, NVIDIA GeForce RTX 4090, GPU-457328ff-6f8e-1f53-8cc3-68ae75d90604, 595.91.07, P2, 56, 296.59 W, 100 %, 100 %, 21532 MiB, 24564 MiB, 2640 MHz, 10251 MHz
2026/09/13 11:47:35.301, NVIDIA GeForce RTX 4090, GPU-457328ff-6f8e-1f53-8cc3-68ae75d90604, 595.91.07, P2, 56, 296.54 W, 100 %, 100 %, 21532 MiB, 24564 MiB, 2640 MHz, 10251 MHz
2026/09/13 11:47:36.303, NVIDIA GeForce RTX 4090, GPU-457328ff-6f8e-1f53-8cc3-68ae75d90604, 595.91.07, P2, 56, 296.48 W, 100 %, 100 %, 21532 MiB, 24564 MiB, 2640 MHz, 10251 MHz
2026/09/13 11:47:37.304, NVIDIA GeForce RTX 4090, GPU-457328ff-6f8e-1f53-8cc3-68ae75d90604, 595.91.07, P2, 56, 296.35 W, 100 %, 100 %, 21532 MiB, 24564 MiB, 2640 MHz, 10251 MHz
2026/09/13 11:47:38.307, NVIDIA GeForce RTX 4090, GPU-457328ff-6f8e-1f53-8cc3-68ae75d90604, 595.91.07, P2, 56, 296.68 W, 100 %, 100 %, 21532 MiB, 24564 MiB, 2640 MHz, 10251 MHz
2026/09/13 11:47:39.308, NVIDIA GeForce RTX 4090, GPU-457328ff-6f8e-1f53-8cc3-68ae75d90604, 595.91.07, P2, 56, 296.74 W, 100 %, 100 %, 21532 MiB, 24564 MiB, 2640 MHz, 10251 MHz
2026/09/13 11:47:40.310, NVIDIA GeForce RTX 4090, GPU-457328ff-6f8e-1f53-8cc3-68ae75d90604, 595.91.07, P2, 56, 290.32 W, 100 %, 100 %, 21532 MiB, 24564 MiB, 2640 MHz, 10251 MHz
2026/09/13 11:47:41.312, NVIDIA GeForce RTX 4090, GPU-457328ff-6f8e-1f53-8cc3-68ae75d90604, 595.91.07, P2, 56, 298.61 W, 100 %, 100 %, 21532 MiB, 24564 MiB, 2640 MHz, 10251 MHz
2026/09/13 11:47:42.313, NVIDIA GeForce RTX 4090, GPU-457328ff-6f8e-1f53-8cc3-68ae75d90604, 595.91.07, P2, 56, 298.35 W, 100 %, 100 %, 21532 MiB, 24564 MiB, 2640 MHz, 10251 MHz
2026/09/13 11:47:43.314, NVIDIA GeForce RTX 4090, GPU-457328ff-6f8e-1f53-8cc3-68ae75d90604, 595.91.07, P2, 56, 298.68 W, 100 %, 100 %, 21532 MiB, 24564 MiB, 2640 MHz, 10251 MHz
2026/09/13 11:47:44.315, NVIDIA GeForce RTX 4090, GPU-457328ff-6f8e-1f53-8cc3-68ae75d90604, 595.91.07, P2, 56, 298.20 W, 100 %, 100 %, 21532 MiB, 24564 MiB, 2640 MHz, 10251 MHz
2026/09/13 11:47:45.316, NVIDIA GeForce RTX 4090, GPU-457328ff-6f8e-1f53-8cc3-68ae75d90604, 595.91.07, P2, 56, 297.75 W, 100 %, 100 %, 21532 MiB, 24564 MiB, 2640 MHz, 10251 MHz
2026/09/13 11:47:46.318, NVIDIA GeForce RTX 4090, GPU-457328ff-6f8e-1f53-8cc3-68ae75d90604, 595.91.07, P2, 56, 297.73 W, 100 %, 100 %, 21532 MiB, 24564 MiB, 2640 MHz, 10251 MHz
2026/09/13 11:47:47.320, NVIDIA GeForce RTX 4090, GPU-457328ff-6f8e-1f53-8cc3-68ae75d90604, 595.91.07, P2, 56, 298.00 W, 100 %, 100 %, 21532 MiB, 24564 MiB, 2640 MHz, 10251 MHz
2026/09/13 11:47:48.322, NVIDIA GeForce RTX 4090, GPU-457328ff-6f8e-1f53-8cc3-68ae75d90604, 595.91.07, P2, 56, 297.92 W, 100 %, 100 %, 21532 MiB, 24564 MiB, 2640 MHz, 10251 MHz
2026/09/13 11:47:49.324, NVIDIA GeForce RTX 4090, GPU-457328ff-6f8e-1f53-8cc3-68ae75d90604, 595.91.07, P2, 56, 297.54 W, 100 %, 100 %, 21532 MiB, 24564 MiB, 2640 MHz, 10251 MHz
2026/09/13 11:47:50.325, NVIDIA GeForce RTX 4090, GPU-457328ff-6f8e-1f53-8cc3-68ae75d90604, 595.91.07, P2, 56, 297.05 W, 100 %, 100 %, 21532 MiB, 24564 MiB, 2640 MHz, 10251 MHz
2026/09/13 11:47:51.326, NVIDIA GeForce RTX 4090, GPU-457328ff-6f8e-1f53-8cc3-68ae75d90604, 595.91.07, P2, 56, 296.88 W, 100 %, 100 %, 21532 MiB, 24564 MiB, 2640 MHz, 10251 MHz
2026/09/13 11:47:52.327, NVIDIA GeForce RTX 4090, GPU-457328ff-6f8e-1f53-8cc3-68ae75d90604, 595.91.07, P2, 56, 296.83 W, 100 %, 100 %, 21532 MiB, 24564 MiB, 2640 MHz, 10251 MHz
2026/09/13 11:47:53.329, NVIDIA GeForce RTX 4090, GPU-457328ff-6f8e-1f53-8cc3-68ae75d90604, 595.91.07, P2, 56, 297.24 W, 100 %, 100 %, 21532 MiB, 24564 MiB, 2640 MHz, 10251 MHz
2026/09/13 11:47:54.331, NVIDIA GeForce RTX 4090, GPU-457328ff-6f8e-1f53-8cc3-68ae75d90604, 595.91.07, P2, 56, 296.99 W, 100 %, 100 %, 21532 MiB, 24564 MiB, 2640 MHz, 10251 MHz
2026/09/13 11:47:55.332, NVIDIA GeForce RTX 4090, GPU-457328ff-6f8e-1f53-8cc3-68ae75d90604, 595.91.07, P2, 56, 297.15 W, 100 %, 100 %, 21532 MiB, 24564 MiB, 2640 MHz, 10251 MHz
2026/09/13 11:47:56.334, NVIDIA GeForce RTX 4090, GPU-457328ff-6f8e-1f53-8cc3-68ae75d90604, 595.91.07, P2, 56, 297.20 W, 100 %, 100 %, 21532 MiB, 24564 MiB, 2640 MHz, 10251 MHz
2026/09/13 11:47:57.335, NVIDIA GeForce RTX 4090, GPU-457328ff-6f8e-1f53-8cc3-68ae75d90604, 595.91.07, P2, 56, 288.61 W, 100 %, 100 %, 21532 MiB, 24564 MiB, 2640 MHz, 10251 MHz
2026/09/13 11:47:58.336, NVIDIA GeForce RTX 4090, GPU-457328ff-6f8e-1f53-8cc3-68ae75d90604, 595.91.07, P2, 56, 299.02 W, 100 %, 100 %, 21532 MiB, 24564 MiB, 2640 MHz, 10251 MHz
2026/09/13 11:47:59.338, NVIDIA GeForce RTX 4090, GPU-457328ff-6f8e-1f53-8cc3-68ae75d90604, 595.91.07, P2, 56, 299.06 W, 100 %, 100 %, 21532 MiB, 24564 MiB, 2640 MHz, 10251 MHz
2026/09/13 11:48:00.340, NVIDIA GeForce RTX 4090, GPU-457328ff-6f8e-1f53-8cc3-68ae75d90604, 595.91.07, P2, 56, 299.00 W, 100 %, 100 %, 21532 MiB, 24564 MiB, 2640 MHz, 10251 MHz
2026/09/13 11:48:01.342, NVIDIA GeForce RTX 4090, GPU-457328ff-6f8e-1f53-8cc3-68ae75d90604, 595.91.07, P2, 56, 298.90 W, 100 %, 100 %, 21532 MiB, 24564 MiB, 2640 MHz, 10251 MHz
2026/09/13 11:48:02.344, NVIDIA GeForce RTX 4090, GPU-457328ff-6f8e-1f53-8cc3-68ae75d90604, 595.91.07, P2, 56, 298.71 W, 100 %, 100 %, 21532 MiB, 24564 MiB, 2640 MHz, 10251 MHz
2026/09/13 11:48:03.345, NVIDIA GeForce RTX 4090, GPU-457328ff-6f8e-1f53-8cc3-68ae75d90604, 595.91.07, P2, 56, 298.29 W, 100 %, 100 %, 21532 MiB, 24564 MiB, 2640 MHz, 10251 MHz
2026/09/13 11:48:04.347, NVIDIA GeForce RTX 4090, GPU-457328ff-6f8e-1f53-8cc3-68ae75d90604, 595.91.07, P2, 56, 297.94 W, 100 %, 100 %, 21532 MiB, 24564 MiB, 2640 MHz, 10251 MHz
2026/09/13 11:48:05.349, NVIDIA GeForce RTX 4090, GPU-457328ff-6f8e-1f53-8cc3-68ae75d90604, 595.91.07, P2, 56, 297.58 W, 100 %, 100 %, 21532 MiB, 24564 MiB, 2640 MHz, 10251 MHz
2026/09/13 11:48:06.352, NVIDIA GeForce RTX 4090, GPU-457328ff-6f8e-1f53-8cc3-68ae75d90604, 595.91.07, P2, 56, 297.55 W, 100 %, 100 %, 21532 MiB, 24564 MiB, 2640 MHz, 10251 MHz
2026/09/13 11:48:07.354, NVIDIA GeForce RTX 4090, GPU-457328ff-6f8e-1f53-8cc3-68ae75d90604, 595.91.07, P2, 56, 297.50 W, 100 %, 100 %, 21532 MiB, 24564 MiB, 2640 MHz, 10251 MHz
2026/09/13 11:48:08.356, NVIDIA GeForce RTX 4090, GPU-457328ff-6f8e-1f53-8cc3-68ae75d90604, 595.91.07, P2, 56, 297.22 W, 100 %, 100 %, 21532 MiB, 24564 MiB, 2640 MHz, 10251 MHz
2026/09/13 11:48:09.357, NVIDIA GeForce RTX 4090, GPU-457328ff-6f8e-1f53-8cc3-68ae75d90604, 595.91.07, P2, 56, 291.82 W, 93 %, 92 %, 21532 MiB, 24564 MiB, 2640 MHz, 10251 MHz
2026/09/13 11:48:10.359, NVIDIA GeForce RTX 4090, GPU-457328ff-6f8e-1f53-8cc3-68ae75d90604, 595.91.07, P2, 56, 299.61 W, 100 %, 100 %, 21532 MiB, 24564 MiB, 2640 MHz, 10251 MHz
2026/09/13 11:48:11.361, NVIDIA GeForce RTX 4090, GPU-457328ff-6f8e-1f53-8cc3-68ae75d90604, 595.91.07, P2, 56, 298.47 W, 100 %, 100 %, 21532 MiB, 24564 MiB, 2640 MHz, 10251 MHz
2026/09/13 11:48:12.363, NVIDIA GeForce RTX 4090, GPU-457328ff-6f8e-1f53-8cc3-68ae75d90604, 595.91.07, P2, 56, 298.19 W, 100 %, 100 %, 21532 MiB, 24564 MiB, 2640 MHz, 10251 MHz
2026/09/13 11:48:13.365, NVIDIA GeForce RTX 4090, GPU-457328ff-6f8e-1f53-8cc3-68ae75d90604, 595.91.07, P2, 56, 298.08 W, 100 %, 100 %, 21532 MiB, 24564 MiB, 2640 MHz, 10251 MHz
2026/09/13 11:48:14.367, NVIDIA GeForce RTX 4090, GPU-457328ff-6f8e-1f53-8cc3-68ae75d90604, 595.91.07, P2, 56, 297.92 W, 100 %, 100 %, 21532 MiB, 24564 MiB, 2640 MHz, 10251 MHz
2026/09/13 11:48:15.369, NVIDIA GeForce RTX 4090, GPU-457328ff-6f8e-1f53-8cc3-68ae75d90604, 595.91.07, P2, 56, 297.46 W, 100 %, 100 %, 21532 MiB, 24564 MiB, 2640 MHz, 10251 MHz
2026/09/13 11:48:16.370, NVIDIA GeForce RTX 4090, GPU-457328ff-6f8e-1f53-8cc3-68ae75d90604, 595.91.07, P2, 56, 297.63 W, 100 %, 100 %, 21532 MiB, 24564 MiB, 2640 MHz, 10251 MHz
2026/09/13 11:48:17.372, NVIDIA GeForce RTX 4090, GPU-457328ff-6f8e-1f53-8cc3-68ae75d90604, 595.91.07, P2, 56, 297.73 W, 100 %, 100 %, 21532 MiB, 24564 MiB, 2640 MHz, 10251 MHz
2026/09/13 11:48:18.374, NVIDIA GeForce RTX 4090, GPU-457328ff-6f8e-1f53-8cc3-68ae75d90604, 595.91.07, P2, 56, 297.18 W, 100 %, 100 %, 21532 MiB, 24564 MiB, 2640 MHz, 10251 MHz
2026/09/13 11:48:19.376, NVIDIA GeForce RTX 4090, GPU-457328ff-6f8e-1f53-8cc3-68ae75d90604, 595.91.07, P2, 56, 297.35 W, 100 %, 100 %, 21532 MiB, 24564 MiB, 2640 MHz, 10251 MHz
2026/09/13 11:48:20.378, NVIDIA GeForce RTX 4090, GPU-457328ff-6f8e-1f53-8cc3-68ae75d90604, 595.91.07, P2, 56, 297.27 W, 100 %, 100 %, 21532 MiB, 24564 MiB, 2640 MHz, 10251 MHz
2026/09/13 11:48:21.380, NVIDIA GeForce RTX 4090, GPU-457328ff-6f8e-1f53-8cc3-68ae75d90604, 595.91.07, P2, 56, 296.93 W, 100 %, 100 %, 21532 MiB, 24564 MiB, 2640 MHz, 10251 MHz
2026/09/13 11:48:22.382, NVIDIA GeForce RTX 4090, GPU-457328ff-6f8e-1f53-8cc3-68ae75d90604, 595.91.07, P2, 56, 296.61 W, 100 %, 100 %, 21532 MiB, 24564 MiB, 2640 MHz, 10251 MHz
2026/09/13 11:48:23.384, NVIDIA GeForce RTX 4090, GPU-457328ff-6f8e-1f53-8cc3-68ae75d90604, 595.91.07, P2, 56, 296.99 W, 100 %, 100 %, 21532 MiB, 24564 MiB, 2640 MHz, 10251 MHz
2026/09/13 11:48:24.387, NVIDIA GeForce RTX 4090, GPU-457328ff-6f8e-1f53-8cc3-68ae75d90604, 595.91.07, P2, 56, 296.76 W, 100 %, 100 %, 21532 MiB, 24564 MiB, 2640 MHz, 10251 MHz
2026/09/13 11:48:25.389, NVIDIA GeForce RTX 4090, GPU-457328ff-6f8e-1f53-8cc3-68ae75d90604, 595.91.07, P2, 56, 297.07 W, 100 %, 100 %, 21532 MiB, 24564 MiB, 2640 MHz, 10251 MHz
2026/09/13 11:48:26.391, NVIDIA GeForce RTX 4090, GPU-457328ff-6f8e-1f53-8cc3-68ae75d90604, 595.91.07, P2, 56, 296.90 W, 100 %, 100 %, 21532 MiB, 24564 MiB, 2640 MHz, 10251 MHz
2026/09/13 11:48:27.392, NVIDIA GeForce RTX 4090, GPU-457328ff-6f8e-1f53-8cc3-68ae75d90604, 595.91.07, P2, 56, 296.82 W, 100 %, 100 %, 21532 MiB, 24564 MiB, 2640 MHz, 10251 MHz
2026/09/13 11:48:28.394, NVIDIA GeForce RTX 4090, GPU-457328ff-6f8e-1f53-8cc3-68ae75d90604, 595.91.07, P2, 56, 296.97 W, 100 %, 100 %, 21532 MiB, 24564 MiB, 2640 MHz, 10251 MHz
2026/09/13 11:48:29.396, NVIDIA GeForce RTX 4090, GPU-457328ff-6f8e-1f53-8cc3-68ae75d90604, 595.91.07, P2, 56, 296.83 W, 100 %, 100 %, 21532 MiB, 24564 MiB, 2640 MHz, 10251 MHz
2026/09/13 11:48:30.399, NVIDIA GeForce RTX 4090, GPU-457328ff-6f8e-1f53-8cc3-68ae75d90604, 595.91.07, P2, 56, 287.80 W, 100 %, 100 %, 21532 MiB, 24564 MiB, 2640 MHz, 10251 MHz
2026/09/13 11:48:31.400, NVIDIA GeForce RTX 4090, GPU-457328ff-6f8e-1f53-8cc3-68ae75d90604, 595.91.07, P2, 56, 299.03 W, 100 %, 100 %, 21532 MiB, 24564 MiB, 2640 MHz, 10251 MHz
2026/09/13 11:48:32.402, NVIDIA GeForce RTX 4090, GPU-457328ff-6f8e-1f53-8cc3-68ae75d90604, 595.91.07, P2, 56, 299.31 W, 100 %, 100 %, 21532 MiB, 24564 MiB, 2640 MHz, 10251 MHz
2026/09/13 11:48:33.404, NVIDIA GeForce RTX 4090, GPU-457328ff-6f8e-1f53-8cc3-68ae75d90604, 595.91.07, P2, 56, 299.01 W, 100 %, 100 %, 21532 MiB, 24564 MiB, 2640 MHz, 10251 MHz
2026/09/13 11:48:34.406, NVIDIA GeForce RTX 4090, GPU-457328ff-6f8e-1f53-8cc3-68ae75d90604, 595.91.07, P2, 56, 298.39 W, 100 %, 100 %, 21532 MiB, 24564 MiB, 2640 MHz, 10251 MHz
2026/09/13 11:48:35.409, NVIDIA GeForce RTX 4090, GPU-457328ff-6f8e-1f53-8cc3-68ae75d90604, 595.91.07, P2, 56, 298.08 W, 100 %, 100 %, 21532 MiB, 24564 MiB, 2640 MHz, 10251 MHz
2026/09/13 11:48:36.410, NVIDIA GeForce RTX 4090, GPU-457328ff-6f8e-1f53-8cc3-68ae75d90604, 595.91.07, P2, 56, 298.00 W, 100 %, 100 %, 21532 MiB, 24564 MiB, 2640 MHz, 10251 MHz
2026/09/13 11:48:37.413, NVIDIA GeForce RTX 4090, GPU-457328ff-6f8e-1f53-8cc3-68ae75d90604, 595.91.07, P2, 56, 297.71 W, 100 %, 100 %, 21532 MiB, 24564 MiB, 2640 MHz, 10251 MHz
2026/09/13 11:48:38.414, NVIDIA GeForce RTX 4090, GPU-457328ff-6f8e-1f53-8cc3-68ae75d90604, 595.91.07, P2, 56, 297.35 W, 100 %, 100 %, 21532 MiB, 24564 MiB, 2640 MHz, 10251 MHz
2026/09/13 11:48:39.417, NVIDIA GeForce RTX 4090, GPU-457328ff-6f8e-1f53-8cc3-68ae75d90604, 595.91.07, P2, 56, 297.29 W, 100 %, 100 %, 21532 MiB, 24564 MiB, 2640 MHz, 10251 MHz
2026/09/13 11:48:40.419, NVIDIA GeForce RTX 4090, GPU-457328ff-6f8e-1f53-8cc3-68ae75d90604, 595.91.07, P2, 56, 297.34 W, 100 %, 100 %, 21532 MiB, 24564 MiB, 2640 MHz, 10251 MHz
2026/09/13 11:48:41.422, NVIDIA GeForce RTX 4090, GPU-457328ff-6f8e-1f53-8cc3-68ae75d90604, 595.91.07, P2, 56, 297.24 W, 100 %, 100 %, 21532 MiB, 24564 MiB, 2640 MHz, 10251 MHz
2026/09/13 11:48:42.424, NVIDIA GeForce RTX 4090, GPU-457328ff-6f8e-1f53-8cc3-68ae75d90604, 595.91.07, P2, 56, 297.01 W, 100 %, 100 %, 21532 MiB, 24564 MiB, 2640 MHz, 10251 MHz
2026/09/13 11:48:43.425, NVIDIA GeForce RTX 4090, GPU-457328ff-6f8e-1f53-8cc3-68ae75d90604, 595.91.07, P2, 56, 296.76 W, 100 %, 100 %, 21532 MiB, 24564 MiB, 2640 MHz, 10251 MHz
2026/09/13 11:48:44.427, NVIDIA GeForce RTX 4090, GPU-457328ff-6f8e-1f53-8cc3-68ae75d90604, 595.91.07, P2, 56, 296.73 W, 100 %, 100 %, 21532 MiB, 24564 MiB, 2640 MHz, 10251 MHz
2026/09/13 11:48:45.430, NVIDIA GeForce RTX 4090, GPU-457328ff-6f8e-1f53-8cc3-68ae75d90604, 595.91.07, P2, 55, 296.33 W, 100 %, 100 %, 21532 MiB, 24564 MiB, 2640 MHz, 10251 MHz
2026/09/13 11:48:46.432, NVIDIA GeForce RTX 4090, GPU-457328ff-6f8e-1f53-8cc3-68ae75d90604, 595.91.07, P2, 55, 296.34 W, 100 %, 100 %, 21532 MiB, 24564 MiB, 2640 MHz, 10251 MHz
2026/09/13 11:48:47.433, NVIDIA GeForce RTX 4090, GPU-457328ff-6f8e-1f53-8cc3-68ae75d90604, 595.91.07, P2, 55, 296.55 W, 100 %, 100 %, 21532 MiB, 24564 MiB, 2640 MHz, 10251 MHz
2026/09/13 11:48:48.435, NVIDIA GeForce RTX 4090, GPU-457328ff-6f8e-1f53-8cc3-68ae75d90604, 595.91.07, P2, 55, 296.18 W, 100 %, 100 %, 21532 MiB, 24564 MiB, 2640 MHz, 10251 MHz
2026/09/13 11:48:49.437, NVIDIA GeForce RTX 4090, GPU-457328ff-6f8e-1f53-8cc3-68ae75d90604, 595.91.07, P2, 55, 295.73 W, 100 %, 100 %, 21532 MiB, 24564 MiB, 2640 MHz, 10251 MHz
2026/09/13 11:48:50.438, NVIDIA GeForce RTX 4090, GPU-457328ff-6f8e-1f53-8cc3-68ae75d90604, 595.91.07, P2, 55, 285.51 W, 42 %, 37 %, 21532 MiB, 24564 MiB, 2640 MHz, 10251 MHz
2026/09/13 11:48:51.440, NVIDIA GeForce RTX 4090, GPU-457328ff-6f8e-1f53-8cc3-68ae75d90604, 595.91.07, P2, 55, 297.76 W, 100 %, 100 %, 21532 MiB, 24564 MiB, 2640 MHz, 10251 MHz
2026/09/13 11:48:52.442, NVIDIA GeForce RTX 4090, GPU-457328ff-6f8e-1f53-8cc3-68ae75d90604, 595.91.07, P2, 55, 297.86 W, 100 %, 100 %, 21532 MiB, 24564 MiB, 2640 MHz, 10251 MHz
2026/09/13 11:48:53.444, NVIDIA GeForce RTX 4090, GPU-457328ff-6f8e-1f53-8cc3-68ae75d90604, 595.91.07, P2, 55, 297.44 W, 100 %, 100 %, 21532 MiB, 24564 MiB, 2640 MHz, 10251 MHz
2026/09/13 11:48:54.446, NVIDIA GeForce RTX 4090, GPU-457328ff-6f8e-1f53-8cc3-68ae75d90604, 595.91.07, P2, 55, 297.20 W, 100 %, 100 %, 21532 MiB, 24564 MiB, 2640 MHz, 10251 MHz
2026/09/13 11:48:55.448, NVIDIA GeForce RTX 4090, GPU-457328ff-6f8e-1f53-8cc3-68ae75d90604, 595.91.07, P2, 55, 296.95 W, 100 %, 100 %, 21532 MiB, 24564 MiB, 2640 MHz, 10251 MHz
2026/09/13 11:48:56.450, NVIDIA GeForce RTX 4090, GPU-457328ff-6f8e-1f53-8cc3-68ae75d90604, 595.91.07, P2, 55, 296.55 W, 100 %, 100 %, 21532 MiB, 24564 MiB, 2640 MHz, 10251 MHz
2026/09/13 11:48:57.452, NVIDIA GeForce RTX 4090, GPU-457328ff-6f8e-1f53-8cc3-68ae75d90604, 595.91.07, P2, 55, 296.47 W, 100 %, 100 %, 21532 MiB, 24564 MiB, 2640 MHz, 10251 MHz
2026/09/13 11:48:58.454, NVIDIA GeForce RTX 4090, GPU-457328ff-6f8e-1f53-8cc3-68ae75d90604, 595.91.07, P2, 55, 296.17 W, 100 %, 100 %, 21532 MiB, 24564 MiB, 2640 MHz, 10251 MHz
2026/09/13 11:48:59.456, NVIDIA GeForce RTX 4090, GPU-457328ff-6f8e-1f53-8cc3-68ae75d90604, 595.91.07, P2, 55, 296.10 W, 100 %, 100 %, 21532 MiB, 24564 MiB, 2640 MHz, 10251 MHz
2026/09/13 11:49:00.458, NVIDIA GeForce RTX 4090, GPU-457328ff-6f8e-1f53-8cc3-68ae75d90604, 595.91.07, P2, 55, 295.64 W, 100 %, 100 %, 21532 MiB, 24564 MiB, 2640 MHz, 10251 MHz
2026/09/13 11:49:01.459, NVIDIA GeForce RTX 4090, GPU-457328ff-6f8e-1f53-8cc3-68ae75d90604, 595.91.07, P2, 55, 295.67 W, 100 %, 100 %, 21532 MiB, 24564 MiB, 2640 MHz, 10251 MHz
2026/09/13 11:49:02.461, NVIDIA GeForce RTX 4090, GPU-457328ff-6f8e-1f53-8cc3-68ae75d90604, 595.91.07, P2, 55, 289.22 W, 100 %, 100 %, 21532 MiB, 24564 MiB, 2640 MHz, 10251 MHz
2026/09/13 11:49:03.463, NVIDIA GeForce RTX 4090, GPU-457328ff-6f8e-1f53-8cc3-68ae75d90604, 595.91.07, P2, 55, 297.26 W, 100 %, 100 %, 21532 MiB, 24564 MiB, 2640 MHz, 10251 MHz
2026/09/13 11:49:04.465, NVIDIA GeForce RTX 4090, GPU-457328ff-6f8e-1f53-8cc3-68ae75d90604, 595.91.07, P2, 55, 297.32 W, 100 %, 100 %, 21532 MiB, 24564 MiB, 2640 MHz, 10251 MHz
2026/09/13 11:49:05.467, NVIDIA GeForce RTX 4090, GPU-457328ff-6f8e-1f53-8cc3-68ae75d90604, 595.91.07, P2, 55, 297.05 W, 100 %, 100 %, 21532 MiB, 24564 MiB, 2640 MHz, 10251 MHz
2026/09/13 11:49:06.469, NVIDIA GeForce RTX 4090, GPU-457328ff-6f8e-1f53-8cc3-68ae75d90604, 595.91.07, P2, 55, 296.48 W, 100 %, 100 %, 21532 MiB, 24564 MiB, 2640 MHz, 10251 MHz
2026/09/13 11:49:07.471, NVIDIA GeForce RTX 4090, GPU-457328ff-6f8e-1f53-8cc3-68ae75d90604, 595.91.07, P2, 55, 296.30 W, 100 %, 100 %, 21532 MiB, 24564 MiB, 2640 MHz, 10251 MHz
2026/09/13 11:49:08.473, NVIDIA GeForce RTX 4090, GPU-457328ff-6f8e-1f53-8cc3-68ae75d90604, 595.91.07, P2, 55, 296.30 W, 100 %, 100 %, 21532 MiB, 24564 MiB, 2640 MHz, 10251 MHz
2026/09/13 11:49:09.475, NVIDIA GeForce RTX 4090, GPU-457328ff-6f8e-1f53-8cc3-68ae75d90604, 595.91.07, P2, 55, 295.82 W, 100 %, 100 %, 21532 MiB, 24564 MiB, 2640 MHz, 10251 MHz
2026/09/13 11:49:10.477, NVIDIA GeForce RTX 4090, GPU-457328ff-6f8e-1f53-8cc3-68ae75d90604, 595.91.07, P2, 55, 295.95 W, 100 %, 100 %, 21532 MiB, 24564 MiB, 2640 MHz, 10251 MHz
2026/09/13 11:49:11.479, NVIDIA GeForce RTX 4090, GPU-457328ff-6f8e-1f53-8cc3-68ae75d90604, 595.91.07, P2, 55, 295.72 W, 100 %, 100 %, 21532 MiB, 24564 MiB, 2640 MHz, 10251 MHz
2026/09/13 11:49:12.481, NVIDIA GeForce RTX 4090, GPU-457328ff-6f8e-1f53-8cc3-68ae75d90604, 595.91.07, P2, 55, 295.37 W, 100 %, 100 %, 21532 MiB, 24564 MiB, 2640 MHz, 10251 MHz
2026/09/13 11:49:13.483, NVIDIA GeForce RTX 4090, GPU-457328ff-6f8e-1f53-8cc3-68ae75d90604, 595.91.07, P2, 55, 295.14 W, 100 %, 100 %, 21532 MiB, 24564 MiB, 2640 MHz, 10251 MHz
2026/09/13 11:49:14.485, NVIDIA GeForce RTX 4090, GPU-457328ff-6f8e-1f53-8cc3-68ae75d90604, 595.91.07, P2, 54, 295.16 W, 100 %, 100 %, 21532 MiB, 24564 MiB, 2640 MHz, 10251 MHz
2026/09/13 11:49:15.487, NVIDIA GeForce RTX 4090, GPU-457328ff-6f8e-1f53-8cc3-68ae75d90604, 595.91.07, P2, 54, 295.44 W, 100 %, 100 %, 21532 MiB, 24564 MiB, 2640 MHz, 10251 MHz
2026/09/13 11:49:16.489, NVIDIA GeForce RTX 4090, GPU-457328ff-6f8e-1f53-8cc3-68ae75d90604, 595.91.07, P2, 54, 295.33 W, 100 %, 100 %, 21532 MiB, 24564 MiB, 2640 MHz, 10251 MHz
2026/09/13 11:49:17.491, NVIDIA GeForce RTX 4090, GPU-457328ff-6f8e-1f53-8cc3-68ae75d90604, 595.91.07, P2, 54, 295.65 W, 100 %, 100 %, 21532 MiB, 24564 MiB, 2640 MHz, 10251 MHz
2026/09/13 11:49:18.493, NVIDIA GeForce RTX 4090, GPU-457328ff-6f8e-1f53-8cc3-68ae75d90604, 595.91.07, P2, 54, 295.55 W, 100 %, 100 %, 21532 MiB, 24564 MiB, 2640 MHz, 10251 MHz
2026/09/13 11:49:19.494, NVIDIA GeForce RTX 4090, GPU-457328ff-6f8e-1f53-8cc3-68ae75d90604, 595.91.07, P2, 54, 295.27 W, 100 %, 100 %, 21532 MiB, 24564 MiB, 2640 MHz, 10251 MHz
2026/09/13 11:49:20.496, NVIDIA GeForce RTX 4090, GPU-457328ff-6f8e-1f53-8cc3-68ae75d90604, 595.91.07, P2, 54, 295.06 W, 100 %, 100 %, 21532 MiB, 24564 MiB, 2640 MHz, 10251 MHz
2026/09/13 11:49:21.498, NVIDIA GeForce RTX 4090, GPU-457328ff-6f8e-1f53-8cc3-68ae75d90604, 595.91.07, P2, 54, 283.66 W, 100 %, 100 %, 21532 MiB, 24564 MiB, 2640 MHz, 10251 MHz
2026/09/13 11:49:22.500, NVIDIA GeForce RTX 4090, GPU-457328ff-6f8e-1f53-8cc3-68ae75d90604, 595.91.07, P2, 54, 296.73 W, 100 %, 100 %, 21532 MiB, 24564 MiB, 2640 MHz, 10251 MHz
2026/09/13 11:49:23.502, NVIDIA GeForce RTX 4090, GPU-457328ff-6f8e-1f53-8cc3-68ae75d90604, 595.91.07, P2, 54, 297.01 W, 100 %, 100 %, 21532 MiB, 24564 MiB, 2640 MHz, 10251 MHz
2026/09/13 11:49:24.504, NVIDIA GeForce RTX 4090, GPU-457328ff-6f8e-1f53-8cc3-68ae75d90604, 595.91.07, P2, 54, 296.61 W, 100 %, 100 %, 21532 MiB, 24564 MiB, 2640 MHz, 10251 MHz
2026/09/13 11:49:25.506, NVIDIA GeForce RTX 4090, GPU-457328ff-6f8e-1f53-8cc3-68ae75d90604, 595.91.07, P2, 54, 296.66 W, 100 %, 100 %, 21532 MiB, 24564 MiB, 2640 MHz, 10251 MHz
2026/09/13 11:49:26.508, NVIDIA GeForce RTX 4090, GPU-457328ff-6f8e-1f53-8cc3-68ae75d90604, 595.91.07, P2, 54, 296.48 W, 100 %, 100 %, 21532 MiB, 24564 MiB, 2640 MHz, 10251 MHz
2026/09/13 11:49:27.510, NVIDIA GeForce RTX 4090, GPU-457328ff-6f8e-1f53-8cc3-68ae75d90604, 595.91.07, P2, 54, 296.36 W, 100 %, 100 %, 21532 MiB, 24564 MiB, 2640 MHz, 10251 MHz
2026/09/13 11:49:28.512, NVIDIA GeForce RTX 4090, GPU-457328ff-6f8e-1f53-8cc3-68ae75d90604, 595.91.07, P2, 54, 295.89 W, 100 %, 100 %, 21532 MiB, 24564 MiB, 2640 MHz, 10251 MHz
2026/09/13 11:49:29.513, NVIDIA GeForce RTX 4090, GPU-457328ff-6f8e-1f53-8cc3-68ae75d90604, 595.91.07, P2, 54, 295.92 W, 100 %, 100 %, 21532 MiB, 24564 MiB, 2640 MHz, 10251 MHz
2026/09/13 11:49:30.515, NVIDIA GeForce RTX 4090, GPU-457328ff-6f8e-1f53-8cc3-68ae75d90604, 595.91.07, P2, 54, 295.48 W, 100 %, 100 %, 21532 MiB, 24564 MiB, 2640 MHz, 10251 MHz
2026/09/13 11:49:31.516, NVIDIA GeForce RTX 4090, GPU-457328ff-6f8e-1f53-8cc3-68ae75d90604, 595.91.07, P2, 54, 295.19 W, 100 %, 100 %, 21532 MiB, 24564 MiB, 2640 MHz, 10251 MHz
2026/09/13 11:49:32.517, NVIDIA GeForce RTX 4090, GPU-457328ff-6f8e-1f53-8cc3-68ae75d90604, 595.91.07, P2, 54, 294.94 W, 100 %, 100 %, 21532 MiB, 24564 MiB, 2640 MHz, 10251 MHz
2026/09/13 11:49:33.519, NVIDIA GeForce RTX 4090, GPU-457328ff-6f8e-1f53-8cc3-68ae75d90604, 595.91.07, P2, 54, 295.22 W, 100 %, 100 %, 21532 MiB, 24564 MiB, 2640 MHz, 10251 MHz
2026/09/13 11:49:34.520, NVIDIA GeForce RTX 4090, GPU-457328ff-6f8e-1f53-8cc3-68ae75d90604, 595.91.07, P2, 54, 294.88 W, 100 %, 100 %, 21532 MiB, 24564 MiB, 2640 MHz, 10251 MHz
2026/09/13 11:49:35.521, NVIDIA GeForce RTX 4090, GPU-457328ff-6f8e-1f53-8cc3-68ae75d90604, 595.91.07, P2, 54, 294.79 W, 100 %, 100 %, 21532 MiB, 24564 MiB, 2640 MHz, 10251 MHz
2026/09/13 11:49:36.522, NVIDIA GeForce RTX 4090, GPU-457328ff-6f8e-1f53-8cc3-68ae75d90604, 595.91.07, P2, 54, 294.68 W, 100 %, 100 %, 21532 MiB, 24564 MiB, 2640 MHz, 10251 MHz
2026/09/13 11:49:37.524, NVIDIA GeForce RTX 4090, GPU-457328ff-6f8e-1f53-8cc3-68ae75d90604, 595.91.07, P2, 54, 294.67 W, 100 %, 100 %, 21532 MiB, 24564 MiB, 2640 MHz, 10251 MHz
2026/09/13 11:49:38.525, NVIDIA GeForce RTX 4090, GPU-457328ff-6f8e-1f53-8cc3-68ae75d90604, 595.91.07, P2, 54, 290.90 W, 100 %, 100 %, 21532 MiB, 24564 MiB, 2640 MHz, 10251 MHz
2026/09/13 11:49:39.527, NVIDIA GeForce RTX 4090, GPU-457328ff-6f8e-1f53-8cc3-68ae75d90604, 595.91.07, P2, 54, 296.51 W, 100 %, 100 %, 21532 MiB, 24564 MiB, 2640 MHz, 10251 MHz
2026/09/13 11:49:40.530, NVIDIA GeForce RTX 4090, GPU-457328ff-6f8e-1f53-8cc3-68ae75d90604, 595.91.07, P2, 54, 296.39 W, 100 %, 100 %, 21532 MiB, 24564 MiB, 2640 MHz, 10251 MHz
2026/09/13 11:49:41.532, NVIDIA GeForce RTX 4090, GPU-457328ff-6f8e-1f53-8cc3-68ae75d90604, 595.91.07, P2, 54, 296.07 W, 100 %, 100 %, 21532 MiB, 24564 MiB, 2640 MHz, 10251 MHz
2026/09/13 11:49:42.534, NVIDIA GeForce RTX 4090, GPU-457328ff-6f8e-1f53-8cc3-68ae75d90604, 595.91.07, P2, 54, 296.23 W, 100 %, 100 %, 21532 MiB, 24564 MiB, 2640 MHz, 10251 MHz
2026/09/13 11:49:43.535, NVIDIA GeForce RTX 4090, GPU-457328ff-6f8e-1f53-8cc3-68ae75d90604, 595.91.07, P2, 54, 296.68 W, 100 %, 100 %, 21532 MiB, 24564 MiB, 2640 MHz, 10251 MHz
2026/09/13 11:49:44.536, NVIDIA GeForce RTX 4090, GPU-457328ff-6f8e-1f53-8cc3-68ae75d90604, 595.91.07, P2, 54, 296.65 W, 100 %, 100 %, 21532 MiB, 24564 MiB, 2640 MHz, 10251 MHz
2026/09/13 11:49:45.538, NVIDIA GeForce RTX 4090, GPU-457328ff-6f8e-1f53-8cc3-68ae75d90604, 595.91.07, P2, 54, 296.57 W, 100 %, 100 %, 21532 MiB, 24564 MiB, 2640 MHz, 10251 MHz
2026/09/13 11:49:46.540, NVIDIA GeForce RTX 4090, GPU-457328ff-6f8e-1f53-8cc3-68ae75d90604, 595.91.07, P2, 54, 295.83 W, 100 %, 100 %, 21532 MiB, 24564 MiB, 2640 MHz, 10251 MHz
2026/09/13 11:49:47.542, NVIDIA GeForce RTX 4090, GPU-457328ff-6f8e-1f53-8cc3-68ae75d90604, 595.91.07, P2, 54, 295.60 W, 100 %, 100 %, 21532 MiB, 24564 MiB, 2640 MHz, 10251 MHz
2026/09/13 11:49:48.543, NVIDIA GeForce RTX 4090, GPU-457328ff-6f8e-1f53-8cc3-68ae75d90604, 595.91.07, P2, 54, 285.28 W, 100 %, 100 %, 21532 MiB, 24564 MiB, 2640 MHz, 10251 MHz
2026/09/13 11:49:49.545, NVIDIA GeForce RTX 4090, GPU-457328ff-6f8e-1f53-8cc3-68ae75d90604, 595.91.07, P2, 54, 297.08 W, 100 %, 100 %, 21532 MiB, 24564 MiB, 2640 MHz, 10251 MHz
2026/09/13 11:49:50.547, NVIDIA GeForce RTX 4090, GPU-457328ff-6f8e-1f53-8cc3-68ae75d90604, 595.91.07, P2, 54, 297.04 W, 100 %, 100 %, 21532 MiB, 24564 MiB, 2640 MHz, 10251 MHz
2026/09/13 11:49:51.549, NVIDIA GeForce RTX 4090, GPU-457328ff-6f8e-1f53-8cc3-68ae75d90604, 595.91.07, P2, 55, 296.93 W, 100 %, 100 %, 21532 MiB, 24564 MiB, 2640 MHz, 10251 MHz
2026/09/13 11:49:52.551, NVIDIA GeForce RTX 4090, GPU-457328ff-6f8e-1f53-8cc3-68ae75d90604, 595.91.07, P2, 54, 297.14 W, 100 %, 100 %, 21532 MiB, 24564 MiB, 2640 MHz, 10251 MHz
2026/09/13 11:49:53.553, NVIDIA GeForce RTX 4090, GPU-457328ff-6f8e-1f53-8cc3-68ae75d90604, 595.91.07, P2, 55, 297.00 W, 100 %, 100 %, 21532 MiB, 24564 MiB, 2640 MHz, 10251 MHz
2026/09/13 11:49:54.555, NVIDIA GeForce RTX 4090, GPU-457328ff-6f8e-1f53-8cc3-68ae75d90604, 595.91.07, P2, 55, 296.78 W, 100 %, 100 %, 21532 MiB, 24564 MiB, 2640 MHz, 10251 MHz
2026/09/13 11:49:55.556, NVIDIA GeForce RTX 4090, GPU-457328ff-6f8e-1f53-8cc3-68ae75d90604, 595.91.07, P2, 55, 296.68 W, 100 %, 100 %, 21532 MiB, 24564 MiB, 2640 MHz, 10251 MHz
2026/09/13 11:49:56.558, NVIDIA GeForce RTX 4090, GPU-457328ff-6f8e-1f53-8cc3-68ae75d90604, 595.91.07, P2, 55, 296.44 W, 100 %, 100 %, 21532 MiB, 24564 MiB, 2640 MHz, 10251 MHz
2026/09/13 11:49:57.560, NVIDIA GeForce RTX 4090, GPU-457328ff-6f8e-1f53-8cc3-68ae75d90604, 595.91.07, P2, 55, 295.90 W, 100 %, 100 %, 21532 MiB, 24564 MiB, 2640 MHz, 10251 MHz
2026/09/13 11:49:58.562, NVIDIA GeForce RTX 4090, GPU-457328ff-6f8e-1f53-8cc3-68ae75d90604, 595.91.07, P2, 55, 295.89 W, 100 %, 100 %, 21532 MiB, 24564 MiB, 2640 MHz, 10251 MHz
2026/09/13 11:49:59.563, NVIDIA GeForce RTX 4090, GPU-457328ff-6f8e-1f53-8cc3-68ae75d90604, 595.91.07, P2, 55, 295.88 W, 100 %, 100 %, 21532 MiB, 24564 MiB, 2640 MHz, 10251 MHz
2026/09/13 11:50:00.564, NVIDIA GeForce RTX 4090, GPU-457328ff-6f8e-1f53-8cc3-68ae75d90604, 595.91.07, P2, 55, 295.90 W, 100 %, 100 %, 21532 MiB, 24564 MiB, 2640 MHz, 10251 MHz
2026/09/13 11:50:01.566, NVIDIA GeForce RTX 4090, GPU-457328ff-6f8e-1f53-8cc3-68ae75d90604, 595.91.07, P2, 55, 295.78 W, 100 %, 100 %, 21532 MiB, 24564 MiB, 2640 MHz, 10251 MHz
2026/09/13 11:50:02.568, NVIDIA GeForce RTX 4090, GPU-457328ff-6f8e-1f53-8cc3-68ae75d90604, 595.91.07, P2, 55, 295.76 W, 100 %, 100 %, 21532 MiB, 24564 MiB, 2640 MHz, 10251 MHz
2026/09/13 11:50:03.570, NVIDIA GeForce RTX 4090, GPU-457328ff-6f8e-1f53-8cc3-68ae75d90604, 595.91.07, P2, 55, 295.23 W, 100 %, 100 %, 21532 MiB, 24564 MiB, 2640 MHz, 10251 MHz
2026/09/13 11:50:04.571, NVIDIA GeForce RTX 4090, GPU-457328ff-6f8e-1f53-8cc3-68ae75d90604, 595.91.07, P2, 55, 295.51 W, 100 %, 100 %, 21532 MiB, 24564 MiB, 2640 MHz, 10251 MHz
2026/09/13 11:50:05.573, NVIDIA GeForce RTX 4090, GPU-457328ff-6f8e-1f53-8cc3-68ae75d90604, 595.91.07, P2, 55, 295.36 W, 100 %, 100 %, 21532 MiB, 24564 MiB, 2640 MHz, 10251 MHz
2026/09/13 11:50:06.575, NVIDIA GeForce RTX 4090, GPU-457328ff-6f8e-1f53-8cc3-68ae75d90604, 595.91.07, P2, 55, 295.50 W, 100 %, 100 %, 21532 MiB, 24564 MiB, 2640 MHz, 10251 MHz
2026/09/13 11:50:07.576, NVIDIA GeForce RTX 4090, GPU-457328ff-6f8e-1f53-8cc3-68ae75d90604, 595.91.07, P2, 55, 295.26 W, 100 %, 100 %, 21532 MiB, 24564 MiB, 2640 MHz, 10251 MHz
2026/09/13 11:50:08.578, NVIDIA GeForce RTX 4090, GPU-457328ff-6f8e-1f53-8cc3-68ae75d90604, 595.91.07, P2, 54, 283.85 W, 84 %, 83 %, 21532 MiB, 24564 MiB, 2640 MHz, 10251 MHz
2026/09/13 11:50:09.579, NVIDIA GeForce RTX 4090, GPU-457328ff-6f8e-1f53-8cc3-68ae75d90604, 595.91.07, P2, 55, 296.23 W, 100 %, 100 %, 21532 MiB, 24564 MiB, 2640 MHz, 10251 MHz
2026/09/13 11:50:10.580, NVIDIA GeForce RTX 4090, GPU-457328ff-6f8e-1f53-8cc3-68ae75d90604, 595.91.07, P2, 55, 297.07 W, 100 %, 100 %, 21532 MiB, 24564 MiB, 2640 MHz, 10251 MHz
2026/09/13 11:50:11.582, NVIDIA GeForce RTX 4090, GPU-457328ff-6f8e-1f53-8cc3-68ae75d90604, 595.91.07, P2, 55, 297.00 W, 100 %, 100 %, 21532 MiB, 24564 MiB, 2640 MHz, 10251 MHz
2026/09/13 11:50:12.584, NVIDIA GeForce RTX 4090, GPU-457328ff-6f8e-1f53-8cc3-68ae75d90604, 595.91.07, P2, 55, 297.42 W, 100 %, 100 %, 21532 MiB, 24564 MiB, 2640 MHz, 10251 MHz
2026/09/13 11:50:13.587, NVIDIA GeForce RTX 4090, GPU-457328ff-6f8e-1f53-8cc3-68ae75d90604, 595.91.07, P2, 55, 296.84 W, 100 %, 100 %, 21532 MiB, 24564 MiB, 2640 MHz, 10251 MHz
2026/09/13 11:50:14.588, NVIDIA GeForce RTX 4090, GPU-457328ff-6f8e-1f53-8cc3-68ae75d90604, 595.91.07, P2, 55, 296.78 W, 100 %, 100 %, 21532 MiB, 24564 MiB, 2640 MHz, 10251 MHz
2026/09/13 11:50:15.589, NVIDIA GeForce RTX 4090, GPU-457328ff-6f8e-1f53-8cc3-68ae75d90604, 595.91.07, P2, 55, 296.60 W, 100 %, 100 %, 21532 MiB, 24564 MiB, 2640 MHz, 10251 MHz
2026/09/13 11:50:16.591, NVIDIA GeForce RTX 4090, GPU-457328ff-6f8e-1f53-8cc3-68ae75d90604, 595.91.07, P2, 55, 296.51 W, 100 %, 100 %, 21532 MiB, 24564 MiB, 2640 MHz, 10251 MHz
2026/09/13 11:50:17.593, NVIDIA GeForce RTX 4090, GPU-457328ff-6f8e-1f53-8cc3-68ae75d90604, 595.91.07, P2, 55, 296.29 W, 100 %, 100 %, 21532 MiB, 24564 MiB, 2640 MHz, 10251 MHz
2026/09/13 11:50:18.594, NVIDIA GeForce RTX 4090, GPU-457328ff-6f8e-1f53-8cc3-68ae75d90604, 595.91.07, P2, 55, 295.97 W, 100 %, 100 %, 21532 MiB, 24564 MiB, 2640 MHz, 10251 MHz
2026/09/13 11:50:19.596, NVIDIA GeForce RTX 4090, GPU-457328ff-6f8e-1f53-8cc3-68ae75d90604, 595.91.07, P2, 55, 295.77 W, 100 %, 100 %, 21532 MiB, 24564 MiB, 2640 MHz, 10251 MHz
2026/09/13 11:50:20.598, NVIDIA GeForce RTX 4090, GPU-457328ff-6f8e-1f53-8cc3-68ae75d90604, 595.91.07, P2, 55, 296.02 W, 100 %, 100 %, 21532 MiB, 24564 MiB, 2640 MHz, 10251 MHz
2026/09/13 11:50:21.599, NVIDIA GeForce RTX 4090, GPU-457328ff-6f8e-1f53-8cc3-68ae75d90604, 595.91.07, P2, 55, 296.02 W, 100 %, 100 %, 21532 MiB, 24564 MiB, 2640 MHz, 10251 MHz
2026/09/13 11:50:22.601, NVIDIA GeForce RTX 4090, GPU-457328ff-6f8e-1f53-8cc3-68ae75d90604, 595.91.07, P2, 55, 294.48 W, 100 %, 100 %, 21532 MiB, 24564 MiB, 2640 MHz, 10251 MHz
2026/09/13 11:50:23.603, NVIDIA GeForce RTX 4090, GPU-457328ff-6f8e-1f53-8cc3-68ae75d90604, 595.91.07, P2, 55, 296.08 W, 100 %, 100 %, 21532 MiB, 24564 MiB, 2640 MHz, 10251 MHz
2026/09/13 11:50:24.604, NVIDIA GeForce RTX 4090, GPU-457328ff-6f8e-1f53-8cc3-68ae75d90604, 595.91.07, P2, 55, 296.15 W, 100 %, 100 %, 21532 MiB, 24564 MiB, 2640 MHz, 10251 MHz
2026/09/13 11:50:25.606, NVIDIA GeForce RTX 4090, GPU-457328ff-6f8e-1f53-8cc3-68ae75d90604, 595.91.07, P2, 55, 296.23 W, 100 %, 100 %, 21532 MiB, 24564 MiB, 2640 MHz, 10251 MHz
2026/09/13 11:50:26.608, NVIDIA GeForce RTX 4090, GPU-457328ff-6f8e-1f53-8cc3-68ae75d90604, 595.91.07, P2, 55, 296.01 W, 100 %, 100 %, 21532 MiB, 24564 MiB, 2640 MHz, 10251 MHz
2026/09/13 11:50:27.610, NVIDIA GeForce RTX 4090, GPU-457328ff-6f8e-1f53-8cc3-68ae75d90604, 595.91.07, P2, 55, 296.11 W, 100 %, 100 %, 21532 MiB, 24564 MiB, 2640 MHz, 10251 MHz
2026/09/13 11:50:28.611, NVIDIA GeForce RTX 4090, GPU-457328ff-6f8e-1f53-8cc3-68ae75d90604, 595.91.07, P2, 55, 296.36 W, 100 %, 100 %, 21532 MiB, 24564 MiB, 2640 MHz, 10251 MHz
2026/09/13 11:50:29.613, NVIDIA GeForce RTX 4090, GPU-457328ff-6f8e-1f53-8cc3-68ae75d90604, 595.91.07, P2, 55, 288.01 W, 100 %, 100 %, 21532 MiB, 24564 MiB, 2640 MHz, 10251 MHz
2026/09/13 11:50:30.614, NVIDIA GeForce RTX 4090, GPU-457328ff-6f8e-1f53-8cc3-68ae75d90604, 595.91.07, P2, 55, 298.34 W, 100 %, 100 %, 21532 MiB, 24564 MiB, 2640 MHz, 10251 MHz
2026/09/13 11:50:31.615, NVIDIA GeForce RTX 4090, GPU-457328ff-6f8e-1f53-8cc3-68ae75d90604, 595.91.07, P2, 55, 298.00 W, 100 %, 100 %, 21532 MiB, 24564 MiB, 2640 MHz, 10251 MHz
2026/09/13 11:50:32.617, NVIDIA GeForce RTX 4090, GPU-457328ff-6f8e-1f53-8cc3-68ae75d90604, 595.91.07, P2, 55, 297.90 W, 100 %, 100 %, 21532 MiB, 24564 MiB, 2640 MHz, 10251 MHz
2026/09/13 11:50:33.618, NVIDIA GeForce RTX 4090, GPU-457328ff-6f8e-1f53-8cc3-68ae75d90604, 595.91.07, P2, 55, 297.90 W, 100 %, 100 %, 21532 MiB, 24564 MiB, 2640 MHz, 10251 MHz
2026/09/13 11:50:34.620, NVIDIA GeForce RTX 4090, GPU-457328ff-6f8e-1f53-8cc3-68ae75d90604, 595.91.07, P2, 55, 298.00 W, 100 %, 100 %, 21532 MiB, 24564 MiB, 2640 MHz, 10251 MHz
2026/09/13 11:50:35.622, NVIDIA GeForce RTX 4090, GPU-457328ff-6f8e-1f53-8cc3-68ae75d90604, 595.91.07, P2, 55, 298.23 W, 100 %, 100 %, 21532 MiB, 24564 MiB, 2640 MHz, 10251 MHz
2026/09/13 11:50:36.623, NVIDIA GeForce RTX 4090, GPU-457328ff-6f8e-1f53-8cc3-68ae75d90604, 595.91.07, P2, 55, 297.42 W, 100 %, 100 %, 21532 MiB, 24564 MiB, 2640 MHz, 10251 MHz
2026/09/13 11:50:37.625, NVIDIA GeForce RTX 4090, GPU-457328ff-6f8e-1f53-8cc3-68ae75d90604, 595.91.07, P2, 55, 296.78 W, 100 %, 100 %, 21532 MiB, 24564 MiB, 2640 MHz, 10251 MHz
2026/09/13 11:50:38.626, NVIDIA GeForce RTX 4090, GPU-457328ff-6f8e-1f53-8cc3-68ae75d90604, 595.91.07, P2, 55, 296.71 W, 100 %, 100 %, 21532 MiB, 24564 MiB, 2640 MHz, 10251 MHz
2026/09/13 11:50:39.629, NVIDIA GeForce RTX 4090, GPU-457328ff-6f8e-1f53-8cc3-68ae75d90604, 595.91.07, P2, 55, 296.17 W, 100 %, 100 %, 21532 MiB, 24564 MiB, 2640 MHz, 10251 MHz
2026/09/13 11:50:40.631, NVIDIA GeForce RTX 4090, GPU-457328ff-6f8e-1f53-8cc3-68ae75d90604, 595.91.07, P2, 55, 296.10 W, 100 %, 100 %, 21532 MiB, 24564 MiB, 2640 MHz, 10251 MHz
2026/09/13 11:50:41.633, NVIDIA GeForce RTX 4090, GPU-457328ff-6f8e-1f53-8cc3-68ae75d90604, 595.91.07, P2, 55, 294.39 W, 100 %, 100 %, 21532 MiB, 24564 MiB, 2640 MHz, 10251 MHz
2026/09/13 11:50:42.634, NVIDIA GeForce RTX 4090, GPU-457328ff-6f8e-1f53-8cc3-68ae75d90604, 595.91.07, P2, 55, 296.13 W, 100 %, 100 %, 21532 MiB, 24564 MiB, 2640 MHz, 10251 MHz
2026/09/13 11:50:43.637, NVIDIA GeForce RTX 4090, GPU-457328ff-6f8e-1f53-8cc3-68ae75d90604, 595.91.07, P2, 55, 296.16 W, 100 %, 100 %, 21532 MiB, 24564 MiB, 2640 MHz, 10251 MHz
2026/09/13 11:50:44.639, NVIDIA GeForce RTX 4090, GPU-457328ff-6f8e-1f53-8cc3-68ae75d90604, 595.91.07, P2, 55, 296.26 W, 100 %, 100 %, 21532 MiB, 24564 MiB, 2640 MHz, 10251 MHz
2026/09/13 11:50:45.641, NVIDIA GeForce RTX 4090, GPU-457328ff-6f8e-1f53-8cc3-68ae75d90604, 595.91.07, P2, 55, 296.34 W, 100 %, 100 %, 21532 MiB, 24564 MiB, 2640 MHz, 10251 MHz
2026/09/13 11:50:46.642, NVIDIA GeForce RTX 4090, GPU-457328ff-6f8e-1f53-8cc3-68ae75d90604, 595.91.07, P2, 55, 296.24 W, 100 %, 100 %, 21532 MiB, 24564 MiB, 2640 MHz, 10251 MHz
2026/09/13 11:50:47.645, NVIDIA GeForce RTX 4090, GPU-457328ff-6f8e-1f53-8cc3-68ae75d90604, 595.91.07, P2, 55, 296.03 W, 100 %, 100 %, 21532 MiB, 24564 MiB, 2640 MHz, 10251 MHz
2026/09/13 11:50:48.647, NVIDIA GeForce RTX 4090, GPU-457328ff-6f8e-1f53-8cc3-68ae75d90604, 595.91.07, P2, 55, 296.00 W, 100 %, 100 %, 21532 MiB, 24564 MiB, 2640 MHz, 10251 MHz
2026/09/13 11:50:49.648, NVIDIA GeForce RTX 4090, GPU-457328ff-6f8e-1f53-8cc3-68ae75d90604, 595.91.07, P2, 55, 285.53 W, 53 %, 49 %, 21532 MiB, 24564 MiB, 2640 MHz, 10251 MHz
2026/09/13 11:50:50.651, NVIDIA GeForce RTX 4090, GPU-457328ff-6f8e-1f53-8cc3-68ae75d90604, 595.91.07, P2, 55, 290.08 W, 100 %, 100 %, 21532 MiB, 24564 MiB, 2640 MHz, 10251 MHz
2026/09/13 11:50:51.653, NVIDIA GeForce RTX 4090, GPU-457328ff-6f8e-1f53-8cc3-68ae75d90604, 595.91.07, P2, 55, 297.55 W, 100 %, 100 %, 21532 MiB, 24564 MiB, 2640 MHz, 10251 MHz
2026/09/13 11:50:52.655, NVIDIA GeForce RTX 4090, GPU-457328ff-6f8e-1f53-8cc3-68ae75d90604, 595.91.07, P2, 55, 297.26 W, 100 %, 100 %, 21532 MiB, 24564 MiB, 2640 MHz, 10251 MHz
2026/09/13 11:50:53.658, NVIDIA GeForce RTX 4090, GPU-457328ff-6f8e-1f53-8cc3-68ae75d90604, 595.91.07, P2, 55, 297.36 W, 100 %, 100 %, 21532 MiB, 24564 MiB, 2640 MHz, 10251 MHz
2026/09/13 11:50:54.660, NVIDIA GeForce RTX 4090, GPU-457328ff-6f8e-1f53-8cc3-68ae75d90604, 595.91.07, P2, 55, 297.31 W, 100 %, 100 %, 21532 MiB, 24564 MiB, 2640 MHz, 10251 MHz
2026/09/13 11:50:55.662, NVIDIA GeForce RTX 4090, GPU-457328ff-6f8e-1f53-8cc3-68ae75d90604, 595.91.07, P2, 55, 297.18 W, 100 %, 100 %, 21532 MiB, 24564 MiB, 2640 MHz, 10251 MHz
2026/09/13 11:50:56.664, NVIDIA GeForce RTX 4090, GPU-457328ff-6f8e-1f53-8cc3-68ae75d90604, 595.91.07, P2, 56, 297.11 W, 100 %, 100 %, 21532 MiB, 24564 MiB, 2640 MHz, 10251 MHz
2026/09/13 11:50:57.666, NVIDIA GeForce RTX 4090, GPU-457328ff-6f8e-1f53-8cc3-68ae75d90604, 595.91.07, P2, 56, 297.05 W, 100 %, 100 %, 21532 MiB, 24564 MiB, 2640 MHz, 10251 MHz
2026/09/13 11:50:58.669, NVIDIA GeForce RTX 4090, GPU-457328ff-6f8e-1f53-8cc3-68ae75d90604, 595.91.07, P2, 56, 296.28 W, 100 %, 100 %, 21532 MiB, 24564 MiB, 2640 MHz, 10251 MHz
2026/09/13 11:50:59.670, NVIDIA GeForce RTX 4090, GPU-457328ff-6f8e-1f53-8cc3-68ae75d90604, 595.91.07, P2, 56, 296.40 W, 100 %, 100 %, 21532 MiB, 24564 MiB, 2640 MHz, 10251 MHz
2026/09/13 11:51:00.672, NVIDIA GeForce RTX 4090, GPU-457328ff-6f8e-1f53-8cc3-68ae75d90604, 595.91.07, P2, 56, 296.76 W, 100 %, 100 %, 21532 MiB, 24564 MiB, 2640 MHz, 10251 MHz
2026/09/13 11:51:01.674, NVIDIA GeForce RTX 4090, GPU-457328ff-6f8e-1f53-8cc3-68ae75d90604, 595.91.07, P2, 56, 296.56 W, 100 %, 100 %, 21532 MiB, 24564 MiB, 2640 MHz, 10251 MHz
2026/09/13 11:51:02.676, NVIDIA GeForce RTX 4090, GPU-457328ff-6f8e-1f53-8cc3-68ae75d90604, 595.91.07, P2, 56, 287.11 W, 100 %, 100 %, 21532 MiB, 24564 MiB, 2640 MHz, 10251 MHz
2026/09/13 11:51:03.678, NVIDIA GeForce RTX 4090, GPU-457328ff-6f8e-1f53-8cc3-68ae75d90604, 595.91.07, P2, 56, 298.03 W, 100 %, 100 %, 21532 MiB, 24564 MiB, 2640 MHz, 10251 MHz
2026/09/13 11:51:04.681, NVIDIA GeForce RTX 4090, GPU-457328ff-6f8e-1f53-8cc3-68ae75d90604, 595.91.07, P2, 56, 297.92 W, 100 %, 100 %, 21532 MiB, 24564 MiB, 2640 MHz, 10251 MHz
2026/09/13 11:51:05.683, NVIDIA GeForce RTX 4090, GPU-457328ff-6f8e-1f53-8cc3-68ae75d90604, 595.91.07, P2, 56, 297.86 W, 100 %, 100 %, 21532 MiB, 24564 MiB, 2640 MHz, 10251 MHz
2026/09/13 11:51:06.684, NVIDIA GeForce RTX 4090, GPU-457328ff-6f8e-1f53-8cc3-68ae75d90604, 595.91.07, P2, 56, 298.05 W, 100 %, 100 %, 21532 MiB, 24564 MiB, 2640 MHz, 10251 MHz
2026/09/13 11:51:07.686, NVIDIA GeForce RTX 4090, GPU-457328ff-6f8e-1f53-8cc3-68ae75d90604, 595.91.07, P2, 56, 298.09 W, 100 %, 100 %, 21532 MiB, 24564 MiB, 2640 MHz, 10251 MHz
2026/09/13 11:51:08.689, NVIDIA GeForce RTX 4090, GPU-457328ff-6f8e-1f53-8cc3-68ae75d90604, 595.91.07, P2, 56, 297.88 W, 100 %, 100 %, 21532 MiB, 24564 MiB, 2640 MHz, 10251 MHz
2026/09/13 11:51:09.690, NVIDIA GeForce RTX 4090, GPU-457328ff-6f8e-1f53-8cc3-68ae75d90604, 595.91.07, P2, 56, 297.28 W, 100 %, 100 %, 21532 MiB, 24564 MiB, 2640 MHz, 10251 MHz
2026/09/13 11:51:10.692, NVIDIA GeForce RTX 4090, GPU-457328ff-6f8e-1f53-8cc3-68ae75d90604, 595.91.07, P2, 56, 296.64 W, 100 %, 100 %, 21532 MiB, 24564 MiB, 2640 MHz, 10251 MHz
2026/09/13 11:51:11.696, NVIDIA GeForce RTX 4090, GPU-457328ff-6f8e-1f53-8cc3-68ae75d90604, 595.91.07, P2, 56, 297.01 W, 100 %, 100 %, 21532 MiB, 24564 MiB, 2640 MHz, 10251 MHz
2026/09/13 11:51:12.698, NVIDIA GeForce RTX 4090, GPU-457328ff-6f8e-1f53-8cc3-68ae75d90604, 595.91.07, P2, 56, 296.91 W, 100 %, 100 %, 21532 MiB, 24564 MiB, 2640 MHz, 10251 MHz
2026/09/13 11:51:13.700, NVIDIA GeForce RTX 4090, GPU-457328ff-6f8e-1f53-8cc3-68ae75d90604, 595.91.07, P2, 56, 296.73 W, 100 %, 100 %, 21532 MiB, 24564 MiB, 2640 MHz, 10251 MHz
2026/09/13 11:51:14.701, NVIDIA GeForce RTX 4090, GPU-457328ff-6f8e-1f53-8cc3-68ae75d90604, 595.91.07, P2, 56, 296.44 W, 100 %, 100 %, 21532 MiB, 24564 MiB, 2640 MHz, 10251 MHz
2026/09/13 11:51:15.704, NVIDIA GeForce RTX 4090, GPU-457328ff-6f8e-1f53-8cc3-68ae75d90604, 595.91.07, P2, 56, 296.69 W, 100 %, 100 %, 21532 MiB, 24564 MiB, 2640 MHz, 10251 MHz
2026/09/13 11:51:16.706, NVIDIA GeForce RTX 4090, GPU-457328ff-6f8e-1f53-8cc3-68ae75d90604, 595.91.07, P2, 56, 296.67 W, 100 %, 100 %, 21532 MiB, 24564 MiB, 2640 MHz, 10251 MHz
2026/09/13 11:51:17.708, NVIDIA GeForce RTX 4090, GPU-457328ff-6f8e-1f53-8cc3-68ae75d90604, 595.91.07, P2, 56, 296.53 W, 100 %, 100 %, 21532 MiB, 24564 MiB, 2640 MHz, 10251 MHz
2026/09/13 11:51:18.711, NVIDIA GeForce RTX 4090, GPU-457328ff-6f8e-1f53-8cc3-68ae75d90604, 595.91.07, P2, 56, 296.59 W, 100 %, 100 %, 21532 MiB, 24564 MiB, 2640 MHz, 10251 MHz
2026/09/13 11:51:19.714, NVIDIA GeForce RTX 4090, GPU-457328ff-6f8e-1f53-8cc3-68ae75d90604, 595.91.07, P2, 56, 296.59 W, 100 %, 100 %, 21532 MiB, 24564 MiB, 2640 MHz, 10251 MHz
2026/09/13 11:51:20.716, NVIDIA GeForce RTX 4090, GPU-457328ff-6f8e-1f53-8cc3-68ae75d90604, 595.91.07, P2, 56, 284.84 W, 100 %, 100 %, 21532 MiB, 24564 MiB, 2640 MHz, 10251 MHz
2026/09/13 11:51:21.718, NVIDIA GeForce RTX 4090, GPU-457328ff-6f8e-1f53-8cc3-68ae75d90604, 595.91.07, P2, 56, 298.41 W, 100 %, 100 %, 21532 MiB, 24564 MiB, 2640 MHz, 10251 MHz
2026/09/13 11:51:22.721, NVIDIA GeForce RTX 4090, GPU-457328ff-6f8e-1f53-8cc3-68ae75d90604, 595.91.07, P2, 56, 298.56 W, 100 %, 100 %, 21532 MiB, 24564 MiB, 2640 MHz, 10251 MHz
2026/09/13 11:51:23.724, NVIDIA GeForce RTX 4090, GPU-457328ff-6f8e-1f53-8cc3-68ae75d90604, 595.91.07, P2, 56, 298.59 W, 100 %, 100 %, 21532 MiB, 24564 MiB, 2640 MHz, 10251 MHz
2026/09/13 11:51:24.726, NVIDIA GeForce RTX 4090, GPU-457328ff-6f8e-1f53-8cc3-68ae75d90604, 595.91.07, P2, 56, 298.38 W, 100 %, 100 %, 21532 MiB, 24564 MiB, 2640 MHz, 10251 MHz
2026/09/13 11:51:25.729, NVIDIA GeForce RTX 4090, GPU-457328ff-6f8e-1f53-8cc3-68ae75d90604, 595.91.07, P2, 56, 298.35 W, 100 %, 100 %, 21532 MiB, 24564 MiB, 2640 MHz, 10251 MHz
2026/09/13 11:51:26.731, NVIDIA GeForce RTX 4090, GPU-457328ff-6f8e-1f53-8cc3-68ae75d90604, 595.91.07, P2, 56, 298.19 W, 100 %, 100 %, 21532 MiB, 24564 MiB, 2640 MHz, 10251 MHz
2026/09/13 11:51:27.733, NVIDIA GeForce RTX 4090, GPU-457328ff-6f8e-1f53-8cc3-68ae75d90604, 595.91.07, P2, 56, 297.85 W, 100 %, 100 %, 21532 MiB, 24564 MiB, 2640 MHz, 10251 MHz
