curl: (7) Failed to connect to 127.0.0.1 port 8000 after 0 ms: Connection refused
curl: (7) Failed to connect to 127.0.0.1 port 8000 after 0 ms: Connection refused
curl: (7) Failed to connect to 127.0.0.1 port 8000 after 0 ms: Connection refused
curl: (7) Failed to connect to 127.0.0.1 port 8000 after 0 ms: Connection refused
curl: (7) Failed to connect to 127.0.0.1 port 8000 after 0 ms: Connection refused
curl: (7) Failed to connect to 127.0.0.1 port 8000 after 0 ms: Connection refused
curl: (7) Failed to connect to 127.0.0.1 port 8000 after 0 ms: Connection refused
curl: (7) Failed to connect to 127.0.0.1 port 8000 after 0 ms: Connection refused
curl: (7) Failed to connect to 127.0.0.1 port 8000 after 0 ms: Connection refused
curl: (7) Failed to connect to 127.0.0.1 port 8000 after 0 ms: Connection refused
curl: (7) Failed to connect to 127.0.0.1 port 8000 after 0 ms: Connection refused
curl: (7) Failed to connect to 127.0.0.1 port 8000 after 0 ms: Connection refused
curl: (7) Failed to connect to 127.0.0.1 port 8000 after 0 ms: Connection refused
curl: (7) Failed to connect to 127.0.0.1 port 8000 after 0 ms: Connection refused
curl: (7) Failed to connect to 127.0.0.1 port 8000 after 0 ms: Connection refused
curl: (7) Failed to connect to 127.0.0.1 port 8000 after 0 ms: Connection refused
curl: (7) Failed to connect to 127.0.0.1 port 8000 after 0 ms: Connection refused
curl: (7) Failed to connect to 127.0.0.1 port 8000 after 0 ms: Connection refused
curl: (7) Failed to connect to 127.0.0.1 port 8000 after 0 ms: Connection refused
curl: (7) Failed to connect to 127.0.0.1 port 8000 after 0 ms: Connection refused
curl: (7) Failed to connect to 127.0.0.1 port 8000 after 0 ms: Connection refused
curl: (7) Failed to connect to 127.0.0.1 port 8000 after 0 ms: Connection refused
curl: (7) Failed to connect to 127.0.0.1 port 8000 after 0 ms: Connection refused
curl: (7) Failed to connect to 127.0.0.1 port 8000 after 0 ms: Connection refused
curl: (7) Failed to connect to 127.0.0.1 port 8000 after 0 ms: Connection refused
curl: (7) Failed to connect to 127.0.0.1 port 8000 after 0 ms: Connection refused
curl: (7) Failed to connect to 127.0.0.1 port 8000 after 0 ms: Connection refused
curl: (7) Failed to connect to 127.0.0.1 port 8000 after 0 ms: Connection refused
curl: (7) Failed to connect to 127.0.0.1 port 8000 after 0 ms: Connection refused
curl: (7) Failed to connect to 127.0.0.1 port 8000 after 0 ms: Connection refused
curl: (7) Failed to connect to 127.0.0.1 port 8000 after 0 ms: Connection refused
curl: (7) Failed to connect to 127.0.0.1 port 8000 after 0 ms: Connection refused
curl: (7) Failed to connect to 127.0.0.1 port 8000 after 0 ms: Connection refused
curl: (7) Failed to connect to 127.0.0.1 port 8000 after 0 ms: Connection refused
curl: (7) Failed to connect to 127.0.0.1 port 8000 after 0 ms: Connection refused
curl: (7) Failed to connect to 127.0.0.1 port 8000 after 0 ms: Connection refused
curl: (7) Failed to connect to 127.0.0.1 port 8000 after 0 ms: Connection refused
curl: (7) Failed to connect to 127.0.0.1 port 8000 after 0 ms: Connection refused
curl: (7) Failed to connect to 127.0.0.1 port 8000 after 0 ms: Connection refused
curl: (7) Failed to connect to 127.0.0.1 port 8000 after 0 ms: Connection refused
curl: (7) Failed to connect to 127.0.0.1 port 8000 after 0 ms: Connection refused
curl: (7) Failed to connect to 127.0.0.1 port 8000 after 0 ms: Connection refused
curl: (7) Failed to connect to 127.0.0.1 port 8000 after 0 ms: Connection refused
curl: (7) Failed to connect to 127.0.0.1 port 8000 after 0 ms: Connection refused
curl: (7) Failed to connect to 127.0.0.1 port 8000 after 0 ms: Connection refused
curl: (7) Failed to connect to 127.0.0.1 port 8000 after 0 ms: Connection refused
curl: (7) Failed to connect to 127.0.0.1 port 8000 after 0 ms: Connection refused
curl: (7) Failed to connect to 127.0.0.1 port 8000 after 0 ms: Connection refused
curl: (7) Failed to connect to 127.0.0.1 port 8000 after 0 ms: Connection refused
curl: (7) Failed to connect to 127.0.0.1 port 8000 after 0 ms: Connection refused
curl: (7) Failed to connect to 127.0.0.1 port 8000 after 0 ms: Connection refused
curl: (7) Failed to connect to 127.0.0.1 port 8000 after 0 ms: Connection refused
curl: (7) Failed to connect to 127.0.0.1 port 8000 after 0 ms: Connection refused
curl: (7) Failed to connect to 127.0.0.1 port 8000 after 0 ms: Connection refused
{"correct":false,"generated_tokens":326,"gold":"A","index":300,"latency_seconds":5.185,"prediction":"C","progress":"1/500"}
{"correct":false,"generated_tokens":54,"gold":"D","index":301,"latency_seconds":0.6,"prediction":"B","progress":"2/500"}
{"correct":false,"generated_tokens":169,"gold":"B","index":302,"latency_seconds":1.716,"prediction":"A","progress":"3/500"}
{"correct":true,"generated_tokens":75,"gold":"D","index":303,"latency_seconds":0.796,"prediction":"D","progress":"4/500"}
{"correct":true,"generated_tokens":142,"gold":"A","index":304,"latency_seconds":1.458,"prediction":"A","progress":"5/500"}
{"correct":true,"generated_tokens":84,"gold":"D","index":305,"latency_seconds":0.897,"prediction":"D","progress":"6/500"}
{"correct":true,"generated_tokens":88,"gold":"B","index":306,"latency_seconds":0.926,"prediction":"B","progress":"7/500"}
{"correct":true,"generated_tokens":41,"gold":"C","index":307,"latency_seconds":0.446,"prediction":"C","progress":"8/500"}
{"correct":true,"generated_tokens":62,"gold":"A","index":308,"latency_seconds":0.662,"prediction":"A","progress":"9/500"}
{"correct":true,"generated_tokens":320,"gold":"C","index":309,"latency_seconds":3.189,"prediction":"C","progress":"10/500"}
{"correct":true,"generated_tokens":242,"gold":"A","index":310,"latency_seconds":2.424,"prediction":"A","progress":"11/500"}
{"correct":true,"generated_tokens":59,"gold":"B","index":311,"latency_seconds":0.644,"prediction":"B","progress":"12/500"}
{"correct":false,"generated_tokens":69,"gold":"B","index":312,"latency_seconds":0.741,"prediction":"A","progress":"13/500"}
{"correct":true,"generated_tokens":108,"gold":"D","index":313,"latency_seconds":1.124,"prediction":"D","progress":"14/500"}
{"correct":false,"generated_tokens":95,"gold":"C","index":314,"latency_seconds":1.002,"prediction":"D","progress":"15/500"}
{"correct":true,"generated_tokens":104,"gold":"A","index":315,"latency_seconds":1.088,"prediction":"A","progress":"16/500"}
{"correct":true,"generated_tokens":448,"gold":"B","index":316,"latency_seconds":4.476,"prediction":"B","progress":"17/500"}
{"correct":true,"generated_tokens":302,"gold":"C","index":317,"latency_seconds":3.033,"prediction":"C","progress":"18/500"}
{"correct":true,"generated_tokens":137,"gold":"B","index":318,"latency_seconds":1.408,"prediction":"B","progress":"19/500"}
{"correct":true,"generated_tokens":102,"gold":"C","index":319,"latency_seconds":1.06,"prediction":"C","progress":"20/500"}
{"correct":false,"generated_tokens":512,"gold":"A","index":320,"latency_seconds":5.101,"prediction":null,"progress":"21/500"}
{"correct":true,"generated_tokens":215,"gold":"B","index":321,"latency_seconds":2.179,"prediction":"B","progress":"22/500"}
{"correct":true,"generated_tokens":270,"gold":"C","index":322,"latency_seconds":2.719,"prediction":"C","progress":"23/500"}
{"correct":false,"generated_tokens":512,"gold":"A","index":323,"latency_seconds":5.082,"prediction":null,"progress":"24/500"}
{"correct":true,"generated_tokens":338,"gold":"B","index":324,"latency_seconds":3.384,"prediction":"B","progress":"25/500"}
{"correct":true,"generated_tokens":36,"gold":"D","index":325,"latency_seconds":0.414,"prediction":"D","progress":"26/500"}
{"correct":false,"generated_tokens":76,"gold":"B","index":326,"latency_seconds":0.808,"prediction":"A","progress":"27/500"}
{"correct":true,"generated_tokens":377,"gold":"D","index":327,"latency_seconds":3.764,"prediction":"D","progress":"28/500"}
{"correct":true,"generated_tokens":369,"gold":"C","index":328,"latency_seconds":3.675,"prediction":"C","progress":"29/500"}
{"correct":true,"generated_tokens":323,"gold":"B","index":329,"latency_seconds":3.232,"prediction":"B","progress":"30/500"}
{"correct":true,"generated_tokens":260,"gold":"D","index":330,"latency_seconds":2.618,"prediction":"D","progress":"31/500"}
{"correct":true,"generated_tokens":55,"gold":"C","index":331,"latency_seconds":0.61,"prediction":"C","progress":"32/500"}
{"correct":true,"generated_tokens":85,"gold":"B","index":332,"latency_seconds":0.894,"prediction":"B","progress":"33/500"}
{"correct":false,"generated_tokens":512,"gold":"C","index":333,"latency_seconds":5.108,"prediction":null,"progress":"34/500"}
{"correct":true,"generated_tokens":55,"gold":"C","index":334,"latency_seconds":0.603,"prediction":"C","progress":"35/500"}
{"correct":true,"generated_tokens":139,"gold":"B","index":335,"latency_seconds":1.419,"prediction":"B","progress":"36/500"}
{"correct":true,"generated_tokens":124,"gold":"C","index":336,"latency_seconds":1.279,"prediction":"C","progress":"37/500"}
{"correct":false,"generated_tokens":512,"gold":"B","index":337,"latency_seconds":5.107,"prediction":null,"progress":"38/500"}
{"correct":true,"generated_tokens":82,"gold":"C","index":338,"latency_seconds":0.871,"prediction":"C","progress":"39/500"}
{"correct":true,"generated_tokens":147,"gold":"B","index":339,"latency_seconds":1.497,"prediction":"B","progress":"40/500"}
{"correct":true,"generated_tokens":130,"gold":"D","index":340,"latency_seconds":1.331,"prediction":"D","progress":"41/500"}
{"correct":true,"generated_tokens":100,"gold":"B","index":341,"latency_seconds":1.044,"prediction":"B","progress":"42/500"}
{"correct":true,"generated_tokens":290,"gold":"C","index":342,"latency_seconds":2.907,"prediction":"C","progress":"43/500"}
{"correct":false,"generated_tokens":309,"gold":"C","index":343,"latency_seconds":3.103,"prediction":null,"progress":"44/500"}
{"correct":true,"generated_tokens":87,"gold":"D","index":344,"latency_seconds":0.921,"prediction":"D","progress":"45/500"}
{"correct":true,"generated_tokens":254,"gold":"D","index":345,"latency_seconds":2.557,"prediction":"D","progress":"46/500"}
{"correct":true,"generated_tokens":84,"gold":"B","index":346,"latency_seconds":0.889,"prediction":"B","progress":"47/500"}
{"correct":true,"generated_tokens":278,"gold":"D","index":347,"latency_seconds":2.799,"prediction":"D","progress":"48/500"}
{"correct":false,"generated_tokens":235,"gold":"D","index":348,"latency_seconds":2.374,"prediction":"A","progress":"49/500"}
{"correct":true,"generated_tokens":99,"gold":"B","index":349,"latency_seconds":1.032,"prediction":"B","progress":"50/500"}
{"correct":true,"generated_tokens":58,"gold":"A","index":350,"latency_seconds":0.615,"prediction":"A","progress":"51/500"}
{"correct":true,"generated_tokens":48,"gold":"A","index":351,"latency_seconds":0.515,"prediction":"A","progress":"52/500"}
{"correct":false,"generated_tokens":198,"gold":"A","index":352,"latency_seconds":2.006,"prediction":"C","progress":"53/500"}
{"correct":true,"generated_tokens":46,"gold":"C","index":353,"latency_seconds":0.499,"prediction":"C","progress":"54/500"}
{"correct":true,"generated_tokens":86,"gold":"C","index":354,"latency_seconds":0.903,"prediction":"C","progress":"55/500"}
{"correct":true,"generated_tokens":105,"gold":"B","index":355,"latency_seconds":1.091,"prediction":"B","progress":"56/500"}
{"correct":true,"generated_tokens":104,"gold":"A","index":356,"latency_seconds":1.072,"prediction":"A","progress":"57/500"}
{"correct":true,"generated_tokens":91,"gold":"B","index":357,"latency_seconds":0.962,"prediction":"B","progress":"58/500"}
{"correct":true,"generated_tokens":123,"gold":"B","index":358,"latency_seconds":1.271,"prediction":"B","progress":"59/500"}
{"correct":true,"generated_tokens":93,"gold":"D","index":359,"latency_seconds":0.973,"prediction":"D","progress":"60/500"}
{"correct":true,"generated_tokens":379,"gold":"C","index":360,"latency_seconds":3.783,"prediction":"C","progress":"61/500"}
{"correct":true,"generated_tokens":79,"gold":"B","index":361,"latency_seconds":0.823,"prediction":"B","progress":"62/500"}
{"correct":true,"generated_tokens":163,"gold":"B","index":362,"latency_seconds":1.664,"prediction":"B","progress":"63/500"}
{"correct":true,"generated_tokens":251,"gold":"C","index":363,"latency_seconds":2.529,"prediction":"C","progress":"64/500"}
{"correct":false,"generated_tokens":135,"gold":"B","index":364,"latency_seconds":1.388,"prediction":"C","progress":"65/500"}
{"correct":true,"generated_tokens":298,"gold":"C","index":365,"latency_seconds":2.99,"prediction":"C","progress":"66/500"}
{"correct":true,"generated_tokens":58,"gold":"C","index":366,"latency_seconds":0.629,"prediction":"C","progress":"67/500"}
{"correct":true,"generated_tokens":82,"gold":"B","index":367,"latency_seconds":0.861,"prediction":"B","progress":"68/500"}
{"correct":true,"generated_tokens":179,"gold":"D","index":368,"latency_seconds":1.819,"prediction":"D","progress":"69/500"}
{"correct":true,"generated_tokens":122,"gold":"B","index":369,"latency_seconds":1.256,"prediction":"B","progress":"70/500"}
{"correct":true,"generated_tokens":275,"gold":"D","index":370,"latency_seconds":2.767,"prediction":"D","progress":"71/500"}
{"correct":true,"generated_tokens":97,"gold":"A","index":371,"latency_seconds":1.012,"prediction":"A","progress":"72/500"}
{"correct":true,"generated_tokens":261,"gold":"D","index":372,"latency_seconds":2.633,"prediction":"D","progress":"73/500"}
{"correct":true,"generated_tokens":143,"gold":"B","index":373,"latency_seconds":1.474,"prediction":"B","progress":"74/500"}
{"correct":true,"generated_tokens":102,"gold":"D","index":374,"latency_seconds":1.051,"prediction":"D","progress":"75/500"}
{"correct":true,"generated_tokens":43,"gold":"B","index":375,"latency_seconds":0.49,"prediction":"B","progress":"76/500"}
{"correct":true,"generated_tokens":120,"gold":"A","index":376,"latency_seconds":1.248,"prediction":"A","progress":"77/500"}
{"correct":false,"generated_tokens":437,"gold":"C","index":377,"latency_seconds":4.372,"prediction":"B","progress":"78/500"}
{"correct":true,"generated_tokens":110,"gold":"D","index":378,"latency_seconds":1.147,"prediction":"D","progress":"79/500"}
{"correct":true,"generated_tokens":70,"gold":"B","index":379,"latency_seconds":0.753,"prediction":"B","progress":"80/500"}
{"correct":true,"generated_tokens":74,"gold":"A","index":380,"latency_seconds":0.785,"prediction":"A","progress":"81/500"}
{"correct":true,"generated_tokens":116,"gold":"B","index":381,"latency_seconds":1.199,"prediction":"B","progress":"82/500"}
{"correct":false,"generated_tokens":344,"gold":"C","index":382,"latency_seconds":3.449,"prediction":"B","progress":"83/500"}
{"correct":true,"generated_tokens":126,"gold":"D","index":383,"latency_seconds":1.302,"prediction":"D","progress":"84/500"}
{"correct":true,"generated_tokens":50,"gold":"B","index":384,"latency_seconds":0.548,"prediction":"B","progress":"85/500"}
{"correct":true,"generated_tokens":44,"gold":"A","index":385,"latency_seconds":0.49,"prediction":"A","progress":"86/500"}
{"correct":true,"generated_tokens":124,"gold":"C","index":386,"latency_seconds":1.282,"prediction":"C","progress":"87/500"}
{"correct":true,"generated_tokens":124,"gold":"B","index":387,"latency_seconds":1.283,"prediction":"B","progress":"88/500"}
{"correct":true,"generated_tokens":352,"gold":"A","index":388,"latency_seconds":3.522,"prediction":"A","progress":"89/500"}
{"correct":true,"generated_tokens":338,"gold":"A","index":389,"latency_seconds":3.39,"prediction":"A","progress":"90/500"}
{"correct":true,"generated_tokens":145,"gold":"B","index":390,"latency_seconds":1.49,"prediction":"B","progress":"91/500"}
{"correct":true,"generated_tokens":63,"gold":"A","index":391,"latency_seconds":0.68,"prediction":"A","progress":"92/500"}
{"correct":false,"generated_tokens":512,"gold":"D","index":392,"latency_seconds":5.103,"prediction":null,"progress":"93/500"}
{"correct":false,"generated_tokens":512,"gold":"A","index":393,"latency_seconds":5.086,"prediction":null,"progress":"94/500"}
{"correct":false,"generated_tokens":117,"gold":"C","index":394,"latency_seconds":1.217,"prediction":"A","progress":"95/500"}
{"correct":false,"generated_tokens":358,"gold":"B","index":395,"latency_seconds":3.591,"prediction":"D","progress":"96/500"}
{"correct":true,"generated_tokens":72,"gold":"C","index":396,"latency_seconds":0.771,"prediction":"C","progress":"97/500"}
{"correct":true,"generated_tokens":118,"gold":"D","index":397,"latency_seconds":1.221,"prediction":"D","progress":"98/500"}
{"correct":false,"generated_tokens":329,"gold":"C","index":398,"latency_seconds":3.299,"prediction":"D","progress":"99/500"}
{"correct":false,"generated_tokens":109,"gold":"B","index":399,"latency_seconds":1.133,"prediction":"A","progress":"100/500"}
{"correct":true,"generated_tokens":103,"gold":"A","index":400,"latency_seconds":1.075,"prediction":"A","progress":"101/500"}
{"correct":true,"generated_tokens":130,"gold":"B","index":401,"latency_seconds":1.339,"prediction":"B","progress":"102/500"}
{"correct":true,"generated_tokens":157,"gold":"B","index":402,"latency_seconds":1.605,"prediction":"B","progress":"103/500"}
{"correct":false,"generated_tokens":512,"gold":"C","index":403,"latency_seconds":5.097,"prediction":null,"progress":"104/500"}
{"correct":true,"generated_tokens":235,"gold":"C","index":404,"latency_seconds":2.372,"prediction":"C","progress":"105/500"}
{"correct":true,"generated_tokens":69,"gold":"D","index":405,"latency_seconds":0.737,"prediction":"D","progress":"106/500"}
{"correct":true,"generated_tokens":177,"gold":"C","index":406,"latency_seconds":1.794,"prediction":"C","progress":"107/500"}
{"correct":true,"generated_tokens":53,"gold":"C","index":407,"latency_seconds":0.572,"prediction":"C","progress":"108/500"}
{"correct":true,"generated_tokens":135,"gold":"A","index":408,"latency_seconds":1.38,"prediction":"A","progress":"109/500"}
{"correct":true,"generated_tokens":97,"gold":"A","index":409,"latency_seconds":1.013,"prediction":"A","progress":"110/500"}
{"correct":true,"generated_tokens":123,"gold":"B","index":410,"latency_seconds":1.269,"prediction":"B","progress":"111/500"}
{"correct":true,"generated_tokens":485,"gold":"B","index":411,"latency_seconds":4.849,"prediction":"B","progress":"112/500"}
{"correct":true,"generated_tokens":92,"gold":"D","index":412,"latency_seconds":0.969,"prediction":"D","progress":"113/500"}
{"correct":true,"generated_tokens":69,"gold":"A","index":413,"latency_seconds":0.741,"prediction":"A","progress":"114/500"}
{"correct":true,"generated_tokens":245,"gold":"C","index":414,"latency_seconds":2.465,"prediction":"C","progress":"115/500"}
{"correct":false,"generated_tokens":512,"gold":"B","index":415,"latency_seconds":5.108,"prediction":null,"progress":"116/500"}
{"correct":true,"generated_tokens":91,"gold":"B","index":416,"latency_seconds":0.959,"prediction":"B","progress":"117/500"}
{"correct":false,"generated_tokens":493,"gold":"A","index":417,"latency_seconds":4.918,"prediction":"C","progress":"118/500"}
{"correct":true,"generated_tokens":140,"gold":"A","index":418,"latency_seconds":1.44,"prediction":"A","progress":"119/500"}
{"correct":true,"generated_tokens":57,"gold":"C","index":419,"latency_seconds":0.599,"prediction":"C","progress":"120/500"}
{"correct":true,"generated_tokens":235,"gold":"A","index":420,"latency_seconds":2.378,"prediction":"A","progress":"121/500"}
{"correct":false,"generated_tokens":204,"gold":"D","index":421,"latency_seconds":2.066,"prediction":"A","progress":"122/500"}
{"correct":false,"generated_tokens":90,"gold":"C","index":422,"latency_seconds":0.948,"prediction":null,"progress":"123/500"}
{"correct":true,"generated_tokens":66,"gold":"D","index":423,"latency_seconds":0.709,"prediction":"D","progress":"124/500"}
{"correct":true,"generated_tokens":110,"gold":"A","index":424,"latency_seconds":1.142,"prediction":"A","progress":"125/500"}
{"correct":true,"generated_tokens":100,"gold":"D","index":425,"latency_seconds":1.045,"prediction":"D","progress":"126/500"}
{"correct":false,"generated_tokens":56,"gold":"A","index":426,"latency_seconds":0.609,"prediction":"B","progress":"127/500"}
{"correct":true,"generated_tokens":128,"gold":"D","index":427,"latency_seconds":1.32,"prediction":"D","progress":"128/500"}
{"correct":true,"generated_tokens":92,"gold":"A","index":428,"latency_seconds":0.966,"prediction":"A","progress":"129/500"}
{"correct":true,"generated_tokens":63,"gold":"C","index":429,"latency_seconds":0.683,"prediction":"C","progress":"130/500"}
{"correct":false,"generated_tokens":512,"gold":"A","index":430,"latency_seconds":5.105,"prediction":null,"progress":"131/500"}
{"correct":false,"generated_tokens":512,"gold":"B","index":431,"latency_seconds":5.105,"prediction":null,"progress":"132/500"}
{"correct":true,"generated_tokens":185,"gold":"C","index":432,"latency_seconds":1.885,"prediction":"C","progress":"133/500"}
{"correct":true,"generated_tokens":82,"gold":"A","index":433,"latency_seconds":0.87,"prediction":"A","progress":"134/500"}
{"correct":true,"generated_tokens":213,"gold":"B","index":434,"latency_seconds":2.157,"prediction":"B","progress":"135/500"}
{"correct":true,"generated_tokens":126,"gold":"A","index":435,"latency_seconds":1.303,"prediction":"A","progress":"136/500"}
{"correct":true,"generated_tokens":125,"gold":"B","index":436,"latency_seconds":1.291,"prediction":"B","progress":"137/500"}
{"correct":true,"generated_tokens":93,"gold":"C","index":437,"latency_seconds":0.978,"prediction":"C","progress":"138/500"}
{"correct":true,"generated_tokens":103,"gold":"A","index":438,"latency_seconds":1.076,"prediction":"A","progress":"139/500"}
{"correct":false,"generated_tokens":159,"gold":"C","index":439,"latency_seconds":1.614,"prediction":"B","progress":"140/500"}
{"correct":true,"generated_tokens":321,"gold":"B","index":440,"latency_seconds":3.229,"prediction":"B","progress":"141/500"}
{"correct":true,"generated_tokens":323,"gold":"A","index":441,"latency_seconds":3.248,"prediction":"A","progress":"142/500"}
{"correct":true,"generated_tokens":79,"gold":"B","index":442,"latency_seconds":0.836,"prediction":"B","progress":"143/500"}
{"correct":true,"generated_tokens":99,"gold":"A","index":443,"latency_seconds":1.032,"prediction":"A","progress":"144/500"}
{"correct":true,"generated_tokens":183,"gold":"A","index":444,"latency_seconds":1.862,"prediction":"A","progress":"145/500"}
{"correct":true,"generated_tokens":54,"gold":"B","index":445,"latency_seconds":0.591,"prediction":"B","progress":"146/500"}
{"correct":false,"generated_tokens":512,"gold":"C","index":446,"latency_seconds":5.097,"prediction":null,"progress":"147/500"}
{"correct":false,"generated_tokens":166,"gold":"B","index":447,"latency_seconds":1.695,"prediction":"C","progress":"148/500"}
{"correct":true,"generated_tokens":98,"gold":"D","index":448,"latency_seconds":1.027,"prediction":"D","progress":"149/500"}
{"correct":false,"generated_tokens":512,"gold":"D","index":449,"latency_seconds":5.092,"prediction":null,"progress":"150/500"}
{"correct":true,"generated_tokens":159,"gold":"D","index":450,"latency_seconds":1.627,"prediction":"D","progress":"151/500"}
{"correct":true,"generated_tokens":329,"gold":"B","index":451,"latency_seconds":3.297,"prediction":"B","progress":"152/500"}
{"correct":true,"generated_tokens":127,"gold":"C","index":452,"latency_seconds":1.312,"prediction":"C","progress":"153/500"}
{"correct":true,"generated_tokens":85,"gold":"B","index":453,"latency_seconds":0.896,"prediction":"B","progress":"154/500"}
{"correct":true,"generated_tokens":158,"gold":"D","index":454,"latency_seconds":1.613,"prediction":"D","progress":"155/500"}
{"correct":true,"generated_tokens":189,"gold":"C","index":455,"latency_seconds":1.922,"prediction":"C","progress":"156/500"}
{"correct":true,"generated_tokens":224,"gold":"B","index":456,"latency_seconds":2.264,"prediction":"B","progress":"157/500"}
{"correct":true,"generated_tokens":269,"gold":"D","index":457,"latency_seconds":2.71,"prediction":"D","progress":"158/500"}
{"correct":true,"generated_tokens":178,"gold":"C","index":458,"latency_seconds":1.813,"prediction":"C","progress":"159/500"}
{"correct":true,"generated_tokens":202,"gold":"B","index":459,"latency_seconds":2.049,"prediction":"B","progress":"160/500"}
{"correct":true,"generated_tokens":188,"gold":"B","index":460,"latency_seconds":1.919,"prediction":"B","progress":"161/500"}
{"correct":true,"generated_tokens":43,"gold":"A","index":461,"latency_seconds":0.486,"prediction":"A","progress":"162/500"}
{"correct":true,"generated_tokens":113,"gold":"D","index":462,"latency_seconds":1.17,"prediction":"D","progress":"163/500"}
{"correct":true,"generated_tokens":325,"gold":"C","index":463,"latency_seconds":3.256,"prediction":"C","progress":"164/500"}
{"correct":true,"generated_tokens":110,"gold":"D","index":464,"latency_seconds":1.144,"prediction":"D","progress":"165/500"}
{"correct":true,"generated_tokens":73,"gold":"A","index":465,"latency_seconds":0.781,"prediction":"A","progress":"166/500"}
{"correct":true,"generated_tokens":142,"gold":"B","index":466,"latency_seconds":1.459,"prediction":"B","progress":"167/500"}
{"correct":true,"generated_tokens":278,"gold":"D","index":467,"latency_seconds":2.796,"prediction":"D","progress":"168/500"}
{"correct":true,"generated_tokens":207,"gold":"B","index":468,"latency_seconds":2.097,"prediction":"B","progress":"169/500"}
{"correct":true,"generated_tokens":229,"gold":"A","index":469,"latency_seconds":2.31,"prediction":"A","progress":"170/500"}
{"correct":true,"generated_tokens":176,"gold":"C","index":470,"latency_seconds":1.792,"prediction":"C","progress":"171/500"}
{"correct":true,"generated_tokens":110,"gold":"C","index":471,"latency_seconds":1.143,"prediction":"C","progress":"172/500"}
{"correct":true,"generated_tokens":132,"gold":"C","index":472,"latency_seconds":1.355,"prediction":"C","progress":"173/500"}
{"correct":true,"generated_tokens":48,"gold":"A","index":473,"latency_seconds":0.529,"prediction":"A","progress":"174/500"}
{"correct":false,"generated_tokens":451,"gold":"C","index":474,"latency_seconds":4.504,"prediction":"B","progress":"175/500"}
{"correct":true,"generated_tokens":25,"gold":"B","index":475,"latency_seconds":0.308,"prediction":"B","progress":"176/500"}
{"correct":true,"generated_tokens":74,"gold":"B","index":476,"latency_seconds":0.788,"prediction":"B","progress":"177/500"}
{"correct":true,"generated_tokens":126,"gold":"B","index":477,"latency_seconds":1.301,"prediction":"B","progress":"178/500"}
{"correct":true,"generated_tokens":103,"gold":"A","index":478,"latency_seconds":1.077,"prediction":"A","progress":"179/500"}
{"correct":false,"generated_tokens":131,"gold":"B","index":479,"latency_seconds":1.349,"prediction":"C","progress":"180/500"}
{"correct":true,"generated_tokens":86,"gold":"A","index":480,"latency_seconds":0.91,"prediction":"A","progress":"181/500"}
{"correct":true,"generated_tokens":82,"gold":"C","index":481,"latency_seconds":0.869,"prediction":"C","progress":"182/500"}
{"correct":false,"generated_tokens":187,"gold":"A","index":482,"latency_seconds":1.897,"prediction":"C","progress":"183/500"}
{"correct":false,"generated_tokens":250,"gold":"B","index":483,"latency_seconds":2.518,"prediction":"C","progress":"184/500"}
{"correct":true,"generated_tokens":83,"gold":"C","index":484,"latency_seconds":0.879,"prediction":"C","progress":"185/500"}
{"correct":true,"generated_tokens":103,"gold":"C","index":485,"latency_seconds":1.072,"prediction":"C","progress":"186/500"}
{"correct":true,"generated_tokens":168,"gold":"C","index":486,"latency_seconds":1.711,"prediction":"C","progress":"187/500"}
{"correct":false,"generated_tokens":512,"gold":"C","index":487,"latency_seconds":5.119,"prediction":null,"progress":"188/500"}
{"correct":true,"generated_tokens":90,"gold":"A","index":488,"latency_seconds":0.948,"prediction":"A","progress":"189/500"}
{"correct":true,"generated_tokens":122,"gold":"D","index":489,"latency_seconds":1.263,"prediction":"D","progress":"190/500"}
{"correct":true,"generated_tokens":79,"gold":"A","index":490,"latency_seconds":0.839,"prediction":"A","progress":"191/500"}
{"correct":true,"generated_tokens":72,"gold":"C","index":491,"latency_seconds":0.769,"prediction":"C","progress":"192/500"}
{"correct":true,"generated_tokens":98,"gold":"D","index":492,"latency_seconds":1.028,"prediction":"D","progress":"193/500"}
{"correct":true,"generated_tokens":437,"gold":"B","index":493,"latency_seconds":4.368,"prediction":"B","progress":"194/500"}
{"correct":false,"generated_tokens":149,"gold":"A","index":494,"latency_seconds":1.529,"prediction":"C","progress":"195/500"}
{"correct":true,"generated_tokens":116,"gold":"B","index":495,"latency_seconds":1.203,"prediction":"B","progress":"196/500"}
{"correct":true,"generated_tokens":118,"gold":"D","index":496,"latency_seconds":1.224,"prediction":"D","progress":"197/500"}
{"correct":true,"generated_tokens":258,"gold":"A","index":497,"latency_seconds":2.601,"prediction":"A","progress":"198/500"}
{"correct":true,"generated_tokens":108,"gold":"B","index":498,"latency_seconds":1.12,"prediction":"B","progress":"199/500"}
{"correct":true,"generated_tokens":110,"gold":"B","index":499,"latency_seconds":1.14,"prediction":"B","progress":"200/500"}
{"correct":true,"generated_tokens":109,"gold":"D","index":500,"latency_seconds":1.134,"prediction":"D","progress":"201/500"}
{"correct":true,"generated_tokens":145,"gold":"B","index":501,"latency_seconds":1.473,"prediction":"B","progress":"202/500"}
{"correct":true,"generated_tokens":126,"gold":"B","index":502,"latency_seconds":1.298,"prediction":"B","progress":"203/500"}
{"correct":false,"generated_tokens":512,"gold":"D","index":503,"latency_seconds":5.1,"prediction":null,"progress":"204/500"}
{"correct":true,"generated_tokens":157,"gold":"D","index":504,"latency_seconds":1.61,"prediction":"D","progress":"205/500"}
{"correct":true,"generated_tokens":71,"gold":"D","index":505,"latency_seconds":0.761,"prediction":"D","progress":"206/500"}
{"correct":true,"generated_tokens":65,"gold":"C","index":506,"latency_seconds":0.696,"prediction":"C","progress":"207/500"}
{"correct":true,"generated_tokens":220,"gold":"D","index":507,"latency_seconds":2.226,"prediction":"D","progress":"208/500"}
{"correct":true,"generated_tokens":114,"gold":"C","index":508,"latency_seconds":1.18,"prediction":"C","progress":"209/500"}
{"correct":true,"generated_tokens":72,"gold":"B","index":509,"latency_seconds":0.769,"prediction":"B","progress":"210/500"}
{"correct":true,"generated_tokens":94,"gold":"C","index":510,"latency_seconds":0.984,"prediction":"C","progress":"211/500"}
{"correct":true,"generated_tokens":91,"gold":"C","index":511,"latency_seconds":0.957,"prediction":"C","progress":"212/500"}
{"correct":true,"generated_tokens":143,"gold":"B","index":512,"latency_seconds":1.465,"prediction":"B","progress":"213/500"}
{"correct":true,"generated_tokens":67,"gold":"D","index":513,"latency_seconds":0.718,"prediction":"D","progress":"214/500"}
{"correct":true,"generated_tokens":272,"gold":"C","index":514,"latency_seconds":2.737,"prediction":"C","progress":"215/500"}
{"correct":true,"generated_tokens":266,"gold":"A","index":515,"latency_seconds":2.677,"prediction":"A","progress":"216/500"}
{"correct":false,"generated_tokens":512,"gold":"D","index":516,"latency_seconds":5.116,"prediction":null,"progress":"217/500"}
{"correct":true,"generated_tokens":79,"gold":"B","index":517,"latency_seconds":0.842,"prediction":"B","progress":"218/500"}
{"correct":true,"generated_tokens":285,"gold":"A","index":518,"latency_seconds":2.862,"prediction":"A","progress":"219/500"}
{"correct":true,"generated_tokens":177,"gold":"C","index":519,"latency_seconds":1.798,"prediction":"C","progress":"220/500"}
{"correct":true,"generated_tokens":122,"gold":"B","index":520,"latency_seconds":1.257,"prediction":"B","progress":"221/500"}
{"correct":true,"generated_tokens":159,"gold":"C","index":521,"latency_seconds":1.626,"prediction":"C","progress":"222/500"}
{"correct":true,"generated_tokens":95,"gold":"C","index":522,"latency_seconds":0.997,"prediction":"C","progress":"223/500"}
{"correct":true,"generated_tokens":148,"gold":"B","index":523,"latency_seconds":1.517,"prediction":"B","progress":"224/500"}
{"correct":true,"generated_tokens":107,"gold":"D","index":524,"latency_seconds":1.113,"prediction":"D","progress":"225/500"}
{"correct":true,"generated_tokens":304,"gold":"B","index":525,"latency_seconds":3.057,"prediction":"B","progress":"226/500"}
{"correct":true,"generated_tokens":270,"gold":"C","index":526,"latency_seconds":2.718,"prediction":"C","progress":"227/500"}
{"correct":true,"generated_tokens":139,"gold":"A","index":527,"latency_seconds":1.429,"prediction":"A","progress":"228/500"}
{"correct":false,"generated_tokens":262,"gold":"D","index":528,"latency_seconds":2.641,"prediction":"A","progress":"229/500"}
{"correct":true,"generated_tokens":181,"gold":"C","index":529,"latency_seconds":1.842,"prediction":"C","progress":"230/500"}
{"correct":true,"generated_tokens":115,"gold":"B","index":530,"latency_seconds":1.19,"prediction":"B","progress":"231/500"}
{"correct":true,"generated_tokens":298,"gold":"D","index":531,"latency_seconds":2.994,"prediction":"D","progress":"232/500"}
{"correct":true,"generated_tokens":139,"gold":"B","index":532,"latency_seconds":1.427,"prediction":"B","progress":"233/500"}
{"correct":true,"generated_tokens":105,"gold":"C","index":533,"latency_seconds":1.095,"prediction":"C","progress":"234/500"}
{"correct":true,"generated_tokens":115,"gold":"B","index":534,"latency_seconds":1.19,"prediction":"B","progress":"235/500"}
{"correct":true,"generated_tokens":79,"gold":"D","index":535,"latency_seconds":0.836,"prediction":"D","progress":"236/500"}
{"correct":true,"generated_tokens":112,"gold":"C","index":536,"latency_seconds":1.158,"prediction":"C","progress":"237/500"}
{"correct":true,"generated_tokens":83,"gold":"A","index":537,"latency_seconds":0.872,"prediction":"A","progress":"238/500"}
{"correct":false,"generated_tokens":512,"gold":"B","index":538,"latency_seconds":5.078,"prediction":null,"progress":"239/500"}
{"correct":false,"generated_tokens":344,"gold":"D","index":539,"latency_seconds":3.452,"prediction":"B","progress":"240/500"}
{"correct":true,"generated_tokens":79,"gold":"B","index":540,"latency_seconds":0.841,"prediction":"B","progress":"241/500"}
{"correct":true,"generated_tokens":299,"gold":"B","index":541,"latency_seconds":3.003,"prediction":"B","progress":"242/500"}
{"correct":true,"generated_tokens":429,"gold":"C","index":542,"latency_seconds":4.279,"prediction":"C","progress":"243/500"}
{"correct":true,"generated_tokens":50,"gold":"A","index":543,"latency_seconds":0.554,"prediction":"A","progress":"244/500"}
{"correct":true,"generated_tokens":176,"gold":"B","index":544,"latency_seconds":1.786,"prediction":"B","progress":"245/500"}
{"correct":true,"generated_tokens":199,"gold":"D","index":545,"latency_seconds":2.017,"prediction":"D","progress":"246/500"}
{"correct":true,"generated_tokens":144,"gold":"D","index":546,"latency_seconds":1.477,"prediction":"D","progress":"247/500"}
{"correct":true,"generated_tokens":192,"gold":"A","index":547,"latency_seconds":1.951,"prediction":"A","progress":"248/500"}
{"correct":true,"generated_tokens":329,"gold":"D","index":548,"latency_seconds":3.295,"prediction":"D","progress":"249/500"}
{"correct":true,"generated_tokens":92,"gold":"B","index":549,"latency_seconds":0.962,"prediction":"B","progress":"250/500"}
{"correct":true,"generated_tokens":125,"gold":"C","index":550,"latency_seconds":1.291,"prediction":"C","progress":"251/500"}
{"correct":true,"generated_tokens":111,"gold":"D","index":551,"latency_seconds":1.156,"prediction":"D","progress":"252/500"}
{"correct":true,"generated_tokens":178,"gold":"A","index":552,"latency_seconds":1.811,"prediction":"A","progress":"253/500"}
{"correct":true,"generated_tokens":150,"gold":"D","index":553,"latency_seconds":1.537,"prediction":"D","progress":"254/500"}
{"correct":true,"generated_tokens":114,"gold":"A","index":554,"latency_seconds":1.184,"prediction":"A","progress":"255/500"}
{"correct":true,"generated_tokens":118,"gold":"A","index":555,"latency_seconds":1.227,"prediction":"A","progress":"256/500"}
{"correct":true,"generated_tokens":188,"gold":"D","index":556,"latency_seconds":1.909,"prediction":"D","progress":"257/500"}
{"correct":true,"generated_tokens":92,"gold":"B","index":557,"latency_seconds":0.96,"prediction":"B","progress":"258/500"}
{"correct":true,"generated_tokens":83,"gold":"C","index":558,"latency_seconds":0.871,"prediction":"C","progress":"259/500"}
{"correct":true,"generated_tokens":39,"gold":"C","index":559,"latency_seconds":0.443,"prediction":"C","progress":"260/500"}
{"correct":true,"generated_tokens":96,"gold":"B","index":560,"latency_seconds":1.004,"prediction":"B","progress":"261/500"}
{"correct":true,"generated_tokens":91,"gold":"C","index":561,"latency_seconds":0.954,"prediction":"C","progress":"262/500"}
{"correct":true,"generated_tokens":440,"gold":"D","index":562,"latency_seconds":4.393,"prediction":"D","progress":"263/500"}
{"correct":false,"generated_tokens":397,"gold":"D","index":563,"latency_seconds":3.972,"prediction":"A","progress":"264/500"}
{"correct":true,"generated_tokens":82,"gold":"C","index":564,"latency_seconds":0.86,"prediction":"C","progress":"265/500"}
{"correct":true,"generated_tokens":29,"gold":"A","index":565,"latency_seconds":0.343,"prediction":"A","progress":"266/500"}
{"correct":true,"generated_tokens":61,"gold":"B","index":566,"latency_seconds":0.656,"prediction":"B","progress":"267/500"}
{"correct":true,"generated_tokens":83,"gold":"C","index":567,"latency_seconds":0.875,"prediction":"C","progress":"268/500"}
{"correct":true,"generated_tokens":141,"gold":"D","index":568,"latency_seconds":1.448,"prediction":"D","progress":"269/500"}
{"correct":true,"generated_tokens":88,"gold":"A","index":569,"latency_seconds":0.926,"prediction":"A","progress":"270/500"}
{"correct":false,"generated_tokens":284,"gold":"C","index":570,"latency_seconds":2.857,"prediction":"D","progress":"271/500"}
{"correct":true,"generated_tokens":46,"gold":"A","index":571,"latency_seconds":0.511,"prediction":"A","progress":"272/500"}
{"correct":true,"generated_tokens":82,"gold":"B","index":572,"latency_seconds":0.859,"prediction":"B","progress":"273/500"}
{"correct":true,"generated_tokens":291,"gold":"B","index":573,"latency_seconds":2.92,"prediction":"B","progress":"274/500"}
{"correct":true,"generated_tokens":184,"gold":"C","index":574,"latency_seconds":1.878,"prediction":"C","progress":"275/500"}
{"correct":true,"generated_tokens":91,"gold":"D","index":575,"latency_seconds":0.958,"prediction":"D","progress":"276/500"}
{"correct":true,"generated_tokens":189,"gold":"B","index":576,"latency_seconds":1.909,"prediction":"B","progress":"277/500"}
{"correct":true,"generated_tokens":58,"gold":"C","index":577,"latency_seconds":0.632,"prediction":"C","progress":"278/500"}
{"correct":true,"generated_tokens":56,"gold":"B","index":578,"latency_seconds":0.609,"prediction":"B","progress":"279/500"}
{"correct":true,"generated_tokens":73,"gold":"C","index":579,"latency_seconds":0.775,"prediction":"C","progress":"280/500"}
{"correct":true,"generated_tokens":114,"gold":"D","index":580,"latency_seconds":1.178,"prediction":"D","progress":"281/500"}
{"correct":true,"generated_tokens":115,"gold":"C","index":581,"latency_seconds":1.189,"prediction":"C","progress":"282/500"}
{"correct":true,"generated_tokens":75,"gold":"A","index":582,"latency_seconds":0.795,"prediction":"A","progress":"283/500"}
{"correct":true,"generated_tokens":135,"gold":"B","index":583,"latency_seconds":1.384,"prediction":"B","progress":"284/500"}
{"correct":false,"generated_tokens":97,"gold":"D","index":584,"latency_seconds":0.991,"prediction":"B","progress":"285/500"}
{"correct":true,"generated_tokens":114,"gold":"D","index":585,"latency_seconds":1.179,"prediction":"D","progress":"286/500"}
{"correct":true,"generated_tokens":95,"gold":"B","index":586,"latency_seconds":0.995,"prediction":"B","progress":"287/500"}
{"correct":true,"generated_tokens":136,"gold":"C","index":587,"latency_seconds":1.396,"prediction":"C","progress":"288/500"}
{"correct":true,"generated_tokens":82,"gold":"D","index":588,"latency_seconds":0.868,"prediction":"D","progress":"289/500"}
{"correct":false,"generated_tokens":512,"gold":"B","index":589,"latency_seconds":5.109,"prediction":null,"progress":"290/500"}
{"correct":true,"generated_tokens":215,"gold":"B","index":590,"latency_seconds":2.168,"prediction":"B","progress":"291/500"}
{"correct":true,"generated_tokens":278,"gold":"C","index":591,"latency_seconds":2.798,"prediction":"C","progress":"292/500"}
{"correct":false,"generated_tokens":156,"gold":"D","index":592,"latency_seconds":1.59,"prediction":null,"progress":"293/500"}
{"correct":true,"generated_tokens":275,"gold":"B","index":593,"latency_seconds":2.765,"prediction":"B","progress":"294/500"}
{"correct":true,"generated_tokens":262,"gold":"C","index":594,"latency_seconds":2.646,"prediction":"C","progress":"295/500"}
{"correct":true,"generated_tokens":208,"gold":"D","index":595,"latency_seconds":2.092,"prediction":"D","progress":"296/500"}
{"correct":true,"generated_tokens":191,"gold":"A","index":596,"latency_seconds":1.94,"prediction":"A","progress":"297/500"}
{"correct":true,"generated_tokens":74,"gold":"C","index":597,"latency_seconds":0.772,"prediction":"C","progress":"298/500"}
{"correct":true,"generated_tokens":255,"gold":"D","index":598,"latency_seconds":2.561,"prediction":"D","progress":"299/500"}
{"correct":true,"generated_tokens":77,"gold":"C","index":599,"latency_seconds":0.813,"prediction":"C","progress":"300/500"}
{"correct":true,"generated_tokens":248,"gold":"D","index":600,"latency_seconds":2.495,"prediction":"D","progress":"301/500"}
{"correct":true,"generated_tokens":92,"gold":"A","index":601,"latency_seconds":0.963,"prediction":"A","progress":"302/500"}
{"correct":true,"generated_tokens":128,"gold":"A","index":602,"latency_seconds":1.314,"prediction":"A","progress":"303/500"}
{"correct":true,"generated_tokens":295,"gold":"C","index":603,"latency_seconds":2.959,"prediction":"C","progress":"304/500"}
{"correct":true,"generated_tokens":81,"gold":"C","index":604,"latency_seconds":0.854,"prediction":"C","progress":"305/500"}
{"correct":false,"generated_tokens":484,"gold":"A","index":605,"latency_seconds":4.815,"prediction":"D","progress":"306/500"}
{"correct":true,"generated_tokens":274,"gold":"D","index":606,"latency_seconds":2.76,"prediction":"D","progress":"307/500"}
{"correct":true,"generated_tokens":96,"gold":"C","index":607,"latency_seconds":1.0,"prediction":"C","progress":"308/500"}
{"correct":true,"generated_tokens":170,"gold":"B","index":608,"latency_seconds":1.732,"prediction":"B","progress":"309/500"}
{"correct":false,"generated_tokens":101,"gold":"D","index":609,"latency_seconds":1.041,"prediction":"A","progress":"310/500"}
{"correct":true,"generated_tokens":48,"gold":"D","index":610,"latency_seconds":0.528,"prediction":"D","progress":"311/500"}
{"correct":true,"generated_tokens":54,"gold":"B","index":611,"latency_seconds":0.586,"prediction":"B","progress":"312/500"}
{"correct":true,"generated_tokens":92,"gold":"D","index":612,"latency_seconds":0.958,"prediction":"D","progress":"313/500"}
{"correct":false,"generated_tokens":200,"gold":"A","index":613,"latency_seconds":2.023,"prediction":"C","progress":"314/500"}
{"correct":true,"generated_tokens":171,"gold":"B","index":614,"latency_seconds":1.73,"prediction":"B","progress":"315/500"}
{"correct":true,"generated_tokens":140,"gold":"C","index":615,"latency_seconds":1.438,"prediction":"C","progress":"316/500"}
{"correct":true,"generated_tokens":240,"gold":"C","index":616,"latency_seconds":2.423,"prediction":"C","progress":"317/500"}
{"correct":true,"generated_tokens":105,"gold":"D","index":617,"latency_seconds":1.093,"prediction":"D","progress":"318/500"}
{"correct":false,"generated_tokens":512,"gold":"C","index":618,"latency_seconds":5.114,"prediction":null,"progress":"319/500"}
{"correct":true,"generated_tokens":50,"gold":"B","index":619,"latency_seconds":0.555,"prediction":"B","progress":"320/500"}
{"correct":true,"generated_tokens":62,"gold":"A","index":620,"latency_seconds":0.668,"prediction":"A","progress":"321/500"}
{"correct":false,"generated_tokens":512,"gold":"A","index":621,"latency_seconds":5.103,"prediction":null,"progress":"322/500"}
{"correct":false,"generated_tokens":97,"gold":"A","index":622,"latency_seconds":1.014,"prediction":"B","progress":"323/500"}
{"correct":true,"generated_tokens":110,"gold":"A","index":623,"latency_seconds":1.129,"prediction":"A","progress":"324/500"}
{"correct":false,"generated_tokens":88,"gold":"A","index":624,"latency_seconds":0.922,"prediction":"C","progress":"325/500"}
{"correct":true,"generated_tokens":58,"gold":"C","index":625,"latency_seconds":0.623,"prediction":"C","progress":"326/500"}
{"correct":true,"generated_tokens":107,"gold":"B","index":626,"latency_seconds":1.109,"prediction":"B","progress":"327/500"}
{"correct":true,"generated_tokens":106,"gold":"B","index":627,"latency_seconds":1.099,"prediction":"B","progress":"328/500"}
{"correct":false,"generated_tokens":298,"gold":"B","index":628,"latency_seconds":2.976,"prediction":"D","progress":"329/500"}
{"correct":true,"generated_tokens":71,"gold":"B","index":629,"latency_seconds":0.759,"prediction":"B","progress":"330/500"}
{"correct":true,"generated_tokens":156,"gold":"C","index":630,"latency_seconds":1.596,"prediction":"C","progress":"331/500"}
{"correct":false,"generated_tokens":109,"gold":"A","index":631,"latency_seconds":1.133,"prediction":"D","progress":"332/500"}
{"correct":true,"generated_tokens":290,"gold":"D","index":632,"latency_seconds":2.91,"prediction":"D","progress":"333/500"}
{"correct":true,"generated_tokens":63,"gold":"B","index":633,"latency_seconds":0.659,"prediction":"B","progress":"334/500"}
{"correct":true,"generated_tokens":127,"gold":"C","index":634,"latency_seconds":1.305,"prediction":"C","progress":"335/500"}
{"correct":true,"generated_tokens":75,"gold":"A","index":635,"latency_seconds":0.803,"prediction":"A","progress":"336/500"}
{"correct":true,"generated_tokens":136,"gold":"A","index":636,"latency_seconds":1.397,"prediction":"A","progress":"337/500"}
{"correct":true,"generated_tokens":192,"gold":"A","index":637,"latency_seconds":1.946,"prediction":"A","progress":"338/500"}
{"correct":true,"generated_tokens":88,"gold":"C","index":638,"latency_seconds":0.92,"prediction":"C","progress":"339/500"}
{"correct":false,"generated_tokens":512,"gold":"D","index":639,"latency_seconds":5.108,"prediction":null,"progress":"340/500"}
{"correct":true,"generated_tokens":139,"gold":"B","index":640,"latency_seconds":1.435,"prediction":"B","progress":"341/500"}
{"correct":false,"generated_tokens":130,"gold":"C","index":641,"latency_seconds":1.34,"prediction":"A","progress":"342/500"}
{"correct":true,"generated_tokens":113,"gold":"D","index":642,"latency_seconds":1.172,"prediction":"D","progress":"343/500"}
{"correct":true,"generated_tokens":302,"gold":"C","index":643,"latency_seconds":3.037,"prediction":"C","progress":"344/500"}
{"correct":false,"generated_tokens":396,"gold":"C","index":644,"latency_seconds":3.963,"prediction":"B","progress":"345/500"}
{"correct":false,"generated_tokens":512,"gold":"A","index":645,"latency_seconds":5.105,"prediction":null,"progress":"346/500"}
{"correct":true,"generated_tokens":250,"gold":"D","index":646,"latency_seconds":2.514,"prediction":"D","progress":"347/500"}
{"correct":false,"generated_tokens":512,"gold":"C","index":647,"latency_seconds":5.092,"prediction":null,"progress":"348/500"}
{"correct":true,"generated_tokens":121,"gold":"A","index":648,"latency_seconds":1.252,"prediction":"A","progress":"349/500"}
{"correct":true,"generated_tokens":313,"gold":"B","index":649,"latency_seconds":3.139,"prediction":"B","progress":"350/500"}
{"correct":true,"generated_tokens":112,"gold":"B","index":650,"latency_seconds":1.165,"prediction":"B","progress":"351/500"}
{"correct":true,"generated_tokens":81,"gold":"B","index":651,"latency_seconds":0.857,"prediction":"B","progress":"352/500"}
{"correct":true,"generated_tokens":134,"gold":"D","index":652,"latency_seconds":1.388,"prediction":"D","progress":"353/500"}
{"correct":true,"generated_tokens":181,"gold":"A","index":653,"latency_seconds":1.842,"prediction":"A","progress":"354/500"}
{"correct":true,"generated_tokens":105,"gold":"B","index":654,"latency_seconds":1.095,"prediction":"B","progress":"355/500"}
{"correct":true,"generated_tokens":219,"gold":"C","index":655,"latency_seconds":2.213,"prediction":"C","progress":"356/500"}
{"correct":true,"generated_tokens":122,"gold":"C","index":656,"latency_seconds":1.26,"prediction":"C","progress":"357/500"}
{"correct":true,"generated_tokens":292,"gold":"C","index":657,"latency_seconds":2.927,"prediction":"C","progress":"358/500"}
{"correct":true,"generated_tokens":104,"gold":"C","index":658,"latency_seconds":1.061,"prediction":"C","progress":"359/500"}
{"correct":true,"generated_tokens":69,"gold":"B","index":659,"latency_seconds":0.747,"prediction":"B","progress":"360/500"}
{"correct":true,"generated_tokens":59,"gold":"D","index":660,"latency_seconds":0.641,"prediction":"D","progress":"361/500"}
{"correct":false,"generated_tokens":165,"gold":"C","index":661,"latency_seconds":1.68,"prediction":null,"progress":"362/500"}
{"correct":true,"generated_tokens":78,"gold":"A","index":662,"latency_seconds":0.822,"prediction":"A","progress":"363/500"}
{"correct":true,"generated_tokens":416,"gold":"C","index":663,"latency_seconds":4.134,"prediction":"C","progress":"364/500"}
{"correct":true,"generated_tokens":337,"gold":"C","index":664,"latency_seconds":3.382,"prediction":"C","progress":"365/500"}
{"correct":false,"generated_tokens":512,"gold":"D","index":665,"latency_seconds":5.103,"prediction":null,"progress":"366/500"}
{"correct":false,"generated_tokens":512,"gold":"C","index":666,"latency_seconds":5.095,"prediction":null,"progress":"367/500"}
{"correct":true,"generated_tokens":365,"gold":"C","index":667,"latency_seconds":3.658,"prediction":"C","progress":"368/500"}
{"correct":true,"generated_tokens":121,"gold":"B","index":668,"latency_seconds":1.254,"prediction":"B","progress":"369/500"}
{"correct":true,"generated_tokens":155,"gold":"D","index":669,"latency_seconds":1.584,"prediction":"D","progress":"370/500"}
{"correct":true,"generated_tokens":169,"gold":"B","index":670,"latency_seconds":1.723,"prediction":"B","progress":"371/500"}
{"correct":true,"generated_tokens":245,"gold":"C","index":671,"latency_seconds":2.473,"prediction":"C","progress":"372/500"}
{"correct":true,"generated_tokens":130,"gold":"D","index":672,"latency_seconds":1.342,"prediction":"D","progress":"373/500"}
{"correct":true,"generated_tokens":81,"gold":"B","index":673,"latency_seconds":0.861,"prediction":"B","progress":"374/500"}
{"correct":true,"generated_tokens":166,"gold":"C","index":674,"latency_seconds":1.692,"prediction":"C","progress":"375/500"}
{"correct":true,"generated_tokens":201,"gold":"D","index":675,"latency_seconds":2.032,"prediction":"D","progress":"376/500"}
{"correct":true,"generated_tokens":123,"gold":"C","index":676,"latency_seconds":1.267,"prediction":"C","progress":"377/500"}
{"correct":true,"generated_tokens":140,"gold":"B","index":677,"latency_seconds":1.44,"prediction":"B","progress":"378/500"}
{"correct":true,"generated_tokens":176,"gold":"B","index":678,"latency_seconds":1.79,"prediction":"B","progress":"379/500"}
{"correct":false,"generated_tokens":177,"gold":"D","index":679,"latency_seconds":1.805,"prediction":"C","progress":"380/500"}
{"correct":true,"generated_tokens":140,"gold":"B","index":680,"latency_seconds":1.438,"prediction":"B","progress":"381/500"}
{"correct":true,"generated_tokens":93,"gold":"C","index":681,"latency_seconds":0.976,"prediction":"C","progress":"382/500"}
{"correct":true,"generated_tokens":212,"gold":"A","index":682,"latency_seconds":2.127,"prediction":"A","progress":"383/500"}
{"correct":true,"generated_tokens":206,"gold":"B","index":683,"latency_seconds":2.07,"prediction":"B","progress":"384/500"}
{"correct":true,"generated_tokens":115,"gold":"D","index":684,"latency_seconds":1.187,"prediction":"D","progress":"385/500"}
{"correct":true,"generated_tokens":262,"gold":"C","index":685,"latency_seconds":2.638,"prediction":"C","progress":"386/500"}
{"correct":true,"generated_tokens":265,"gold":"C","index":686,"latency_seconds":2.669,"prediction":"C","progress":"387/500"}
{"correct":true,"generated_tokens":129,"gold":"A","index":687,"latency_seconds":1.329,"prediction":"A","progress":"388/500"}
{"correct":true,"generated_tokens":108,"gold":"B","index":688,"latency_seconds":1.12,"prediction":"B","progress":"389/500"}
{"correct":false,"generated_tokens":167,"gold":"C","index":689,"latency_seconds":1.703,"prediction":"A","progress":"390/500"}
{"correct":false,"generated_tokens":128,"gold":"B","index":690,"latency_seconds":1.316,"prediction":"C","progress":"391/500"}
{"correct":true,"generated_tokens":107,"gold":"D","index":691,"latency_seconds":1.114,"prediction":"D","progress":"392/500"}
{"correct":true,"generated_tokens":289,"gold":"B","index":692,"latency_seconds":2.905,"prediction":"B","progress":"393/500"}
{"correct":true,"generated_tokens":157,"gold":"C","index":693,"latency_seconds":1.604,"prediction":"C","progress":"394/500"}
{"correct":true,"generated_tokens":117,"gold":"A","index":694,"latency_seconds":1.211,"prediction":"A","progress":"395/500"}
{"correct":false,"generated_tokens":512,"gold":"B","index":695,"latency_seconds":5.1,"prediction":null,"progress":"396/500"}
{"correct":true,"generated_tokens":459,"gold":"D","index":696,"latency_seconds":4.586,"prediction":"D","progress":"397/500"}
{"correct":true,"generated_tokens":119,"gold":"C","index":697,"latency_seconds":1.236,"prediction":"C","progress":"398/500"}
{"correct":true,"generated_tokens":48,"gold":"D","index":698,"latency_seconds":0.533,"prediction":"D","progress":"399/500"}
{"correct":false,"generated_tokens":143,"gold":"B","index":699,"latency_seconds":1.468,"prediction":"C","progress":"400/500"}
{"correct":true,"generated_tokens":130,"gold":"D","index":700,"latency_seconds":1.341,"prediction":"D","progress":"401/500"}
{"correct":true,"generated_tokens":122,"gold":"C","index":701,"latency_seconds":1.263,"prediction":"C","progress":"402/500"}
{"correct":true,"generated_tokens":351,"gold":"C","index":702,"latency_seconds":3.517,"prediction":"C","progress":"403/500"}
{"correct":true,"generated_tokens":155,"gold":"B","index":703,"latency_seconds":1.587,"prediction":"B","progress":"404/500"}
{"correct":false,"generated_tokens":170,"gold":"D","index":704,"latency_seconds":1.732,"prediction":null,"progress":"405/500"}
{"correct":false,"generated_tokens":142,"gold":"A","index":705,"latency_seconds":1.459,"prediction":"B","progress":"406/500"}
{"correct":true,"generated_tokens":114,"gold":"B","index":706,"latency_seconds":1.181,"prediction":"B","progress":"407/500"}
{"correct":true,"generated_tokens":357,"gold":"C","index":707,"latency_seconds":3.579,"prediction":"C","progress":"408/500"}
{"correct":true,"generated_tokens":429,"gold":"D","index":708,"latency_seconds":4.293,"prediction":"D","progress":"409/500"}
{"correct":false,"generated_tokens":266,"gold":"C","index":709,"latency_seconds":2.682,"prediction":"D","progress":"410/500"}
{"correct":true,"generated_tokens":133,"gold":"A","index":710,"latency_seconds":1.369,"prediction":"A","progress":"411/500"}
{"correct":true,"generated_tokens":132,"gold":"C","index":711,"latency_seconds":1.352,"prediction":"C","progress":"412/500"}
{"correct":true,"generated_tokens":155,"gold":"A","index":712,"latency_seconds":1.585,"prediction":"A","progress":"413/500"}
{"correct":true,"generated_tokens":99,"gold":"C","index":713,"latency_seconds":1.026,"prediction":"C","progress":"414/500"}
{"correct":true,"generated_tokens":205,"gold":"C","index":714,"latency_seconds":2.078,"prediction":"C","progress":"415/500"}
{"correct":true,"generated_tokens":138,"gold":"A","index":715,"latency_seconds":1.418,"prediction":"A","progress":"416/500"}
{"correct":true,"generated_tokens":89,"gold":"D","index":716,"latency_seconds":0.937,"prediction":"D","progress":"417/500"}
{"correct":false,"generated_tokens":512,"gold":"C","index":717,"latency_seconds":5.108,"prediction":null,"progress":"418/500"}
{"correct":true,"generated_tokens":169,"gold":"B","index":718,"latency_seconds":1.725,"prediction":"B","progress":"419/500"}
{"correct":false,"generated_tokens":176,"gold":"C","index":719,"latency_seconds":1.793,"prediction":"B","progress":"420/500"}
{"correct":false,"generated_tokens":197,"gold":"D","index":720,"latency_seconds":1.998,"prediction":"A","progress":"421/500"}
{"correct":false,"generated_tokens":130,"gold":"C","index":721,"latency_seconds":1.34,"prediction":"A","progress":"422/500"}
{"correct":true,"generated_tokens":235,"gold":"A","index":722,"latency_seconds":2.369,"prediction":"A","progress":"423/500"}
{"correct":true,"generated_tokens":103,"gold":"C","index":723,"latency_seconds":1.074,"prediction":"C","progress":"424/500"}
{"correct":true,"generated_tokens":259,"gold":"A","index":724,"latency_seconds":2.585,"prediction":"A","progress":"425/500"}
{"correct":true,"generated_tokens":113,"gold":"A","index":725,"latency_seconds":1.171,"prediction":"A","progress":"426/500"}
{"correct":true,"generated_tokens":90,"gold":"B","index":726,"latency_seconds":0.945,"prediction":"B","progress":"427/500"}
{"correct":true,"generated_tokens":45,"gold":"C","index":727,"latency_seconds":0.488,"prediction":"C","progress":"428/500"}
{"correct":false,"generated_tokens":90,"gold":"B","index":728,"latency_seconds":0.944,"prediction":"A","progress":"429/500"}
{"correct":false,"generated_tokens":95,"gold":"A","index":729,"latency_seconds":0.992,"prediction":"C","progress":"430/500"}
{"correct":false,"generated_tokens":172,"gold":"B","index":730,"latency_seconds":1.748,"prediction":"A","progress":"431/500"}
{"correct":true,"generated_tokens":94,"gold":"A","index":731,"latency_seconds":0.984,"prediction":"A","progress":"432/500"}
{"correct":true,"generated_tokens":132,"gold":"B","index":732,"latency_seconds":1.36,"prediction":"B","progress":"433/500"}
{"correct":true,"generated_tokens":163,"gold":"A","index":733,"latency_seconds":1.669,"prediction":"A","progress":"434/500"}
{"correct":true,"generated_tokens":76,"gold":"B","index":734,"latency_seconds":0.807,"prediction":"B","progress":"435/500"}
{"correct":true,"generated_tokens":130,"gold":"D","index":735,"latency_seconds":1.325,"prediction":"D","progress":"436/500"}
{"correct":true,"generated_tokens":164,"gold":"D","index":736,"latency_seconds":1.676,"prediction":"D","progress":"437/500"}
{"correct":true,"generated_tokens":137,"gold":"D","index":737,"latency_seconds":1.41,"prediction":"D","progress":"438/500"}
{"correct":true,"generated_tokens":192,"gold":"D","index":738,"latency_seconds":1.99,"prediction":"D","progress":"439/500"}
{"correct":true,"generated_tokens":129,"gold":"C","index":739,"latency_seconds":1.371,"prediction":"C","progress":"440/500"}
{"correct":true,"generated_tokens":91,"gold":"A","index":740,"latency_seconds":0.958,"prediction":"A","progress":"441/500"}
{"correct":false,"generated_tokens":144,"gold":"B","index":741,"latency_seconds":1.481,"prediction":"D","progress":"442/500"}
{"correct":false,"generated_tokens":228,"gold":"D","index":742,"latency_seconds":2.311,"prediction":null,"progress":"443/500"}
{"correct":true,"generated_tokens":93,"gold":"B","index":743,"latency_seconds":0.978,"prediction":"B","progress":"444/500"}
{"correct":true,"generated_tokens":128,"gold":"D","index":744,"latency_seconds":1.321,"prediction":"D","progress":"445/500"}
{"correct":true,"generated_tokens":227,"gold":"B","index":745,"latency_seconds":2.295,"prediction":"B","progress":"446/500"}
{"correct":true,"generated_tokens":53,"gold":"A","index":746,"latency_seconds":0.582,"prediction":"A","progress":"447/500"}
{"correct":true,"generated_tokens":224,"gold":"C","index":747,"latency_seconds":2.265,"prediction":"C","progress":"448/500"}
{"correct":true,"generated_tokens":132,"gold":"D","index":748,"latency_seconds":1.367,"prediction":"D","progress":"449/500"}
{"correct":true,"generated_tokens":315,"gold":"A","index":749,"latency_seconds":3.16,"prediction":"A","progress":"450/500"}
{"correct":true,"generated_tokens":128,"gold":"A","index":750,"latency_seconds":1.321,"prediction":"A","progress":"451/500"}
{"correct":true,"generated_tokens":73,"gold":"D","index":751,"latency_seconds":0.78,"prediction":"D","progress":"452/500"}
{"correct":true,"generated_tokens":88,"gold":"B","index":752,"latency_seconds":0.934,"prediction":"B","progress":"453/500"}
{"correct":true,"generated_tokens":109,"gold":"C","index":753,"latency_seconds":1.134,"prediction":"C","progress":"454/500"}
{"correct":true,"generated_tokens":97,"gold":"A","index":754,"latency_seconds":1.021,"prediction":"A","progress":"455/500"}
{"correct":true,"generated_tokens":220,"gold":"A","index":755,"latency_seconds":2.235,"prediction":"A","progress":"456/500"}
{"correct":true,"generated_tokens":177,"gold":"C","index":756,"latency_seconds":1.804,"prediction":"C","progress":"457/500"}
{"correct":true,"generated_tokens":234,"gold":"B","index":757,"latency_seconds":2.362,"prediction":"B","progress":"458/500"}
{"correct":false,"generated_tokens":291,"gold":"D","index":758,"latency_seconds":2.927,"prediction":null,"progress":"459/500"}
{"correct":true,"generated_tokens":88,"gold":"C","index":759,"latency_seconds":0.929,"prediction":"C","progress":"460/500"}
{"correct":true,"generated_tokens":115,"gold":"A","index":760,"latency_seconds":1.191,"prediction":"A","progress":"461/500"}
{"correct":true,"generated_tokens":110,"gold":"A","index":761,"latency_seconds":1.141,"prediction":"A","progress":"462/500"}
{"correct":true,"generated_tokens":409,"gold":"C","index":762,"latency_seconds":4.073,"prediction":"C","progress":"463/500"}
{"correct":true,"generated_tokens":324,"gold":"D","index":763,"latency_seconds":3.235,"prediction":"D","progress":"464/500"}
{"correct":true,"generated_tokens":88,"gold":"A","index":764,"latency_seconds":0.93,"prediction":"A","progress":"465/500"}
{"correct":true,"generated_tokens":86,"gold":"A","index":765,"latency_seconds":0.905,"prediction":"A","progress":"466/500"}
{"correct":false,"generated_tokens":512,"gold":"D","index":766,"latency_seconds":5.099,"prediction":null,"progress":"467/500"}
{"correct":true,"generated_tokens":131,"gold":"D","index":767,"latency_seconds":1.351,"prediction":"D","progress":"468/500"}
{"correct":true,"generated_tokens":194,"gold":"B","index":768,"latency_seconds":1.968,"prediction":"B","progress":"469/500"}
{"correct":true,"generated_tokens":112,"gold":"A","index":769,"latency_seconds":1.161,"prediction":"A","progress":"470/500"}
{"correct":true,"generated_tokens":48,"gold":"C","index":770,"latency_seconds":0.53,"prediction":"C","progress":"471/500"}
{"correct":true,"generated_tokens":397,"gold":"B","index":771,"latency_seconds":3.978,"prediction":"B","progress":"472/500"}
{"correct":true,"generated_tokens":149,"gold":"B","index":772,"latency_seconds":1.528,"prediction":"B","progress":"473/500"}
{"correct":true,"generated_tokens":369,"gold":"B","index":773,"latency_seconds":3.697,"prediction":"B","progress":"474/500"}
{"correct":false,"generated_tokens":180,"gold":"C","index":774,"latency_seconds":1.826,"prediction":null,"progress":"475/500"}
{"correct":true,"generated_tokens":144,"gold":"A","index":775,"latency_seconds":1.478,"prediction":"A","progress":"476/500"}
{"correct":true,"generated_tokens":218,"gold":"B","index":776,"latency_seconds":2.215,"prediction":"B","progress":"477/500"}
{"correct":true,"generated_tokens":134,"gold":"C","index":777,"latency_seconds":1.38,"prediction":"C","progress":"478/500"}
{"correct":false,"generated_tokens":512,"gold":"A","index":778,"latency_seconds":5.113,"prediction":null,"progress":"479/500"}
{"correct":false,"generated_tokens":456,"gold":"A","index":779,"latency_seconds":4.55,"prediction":"B","progress":"480/500"}
{"correct":true,"generated_tokens":126,"gold":"A","index":780,"latency_seconds":1.304,"prediction":"A","progress":"481/500"}
{"correct":true,"generated_tokens":74,"gold":"B","index":781,"latency_seconds":0.793,"prediction":"B","progress":"482/500"}
{"correct":true,"generated_tokens":152,"gold":"C","index":782,"latency_seconds":1.557,"prediction":"C","progress":"483/500"}
{"correct":false,"generated_tokens":512,"gold":"A","index":783,"latency_seconds":5.115,"prediction":null,"progress":"484/500"}
{"correct":true,"generated_tokens":135,"gold":"B","index":784,"latency_seconds":1.39,"prediction":"B","progress":"485/500"}
{"correct":true,"generated_tokens":45,"gold":"B","index":785,"latency_seconds":0.505,"prediction":"B","progress":"486/500"}
{"correct":true,"generated_tokens":205,"gold":"D","index":786,"latency_seconds":2.081,"prediction":"D","progress":"487/500"}
{"correct":false,"generated_tokens":227,"gold":"A","index":787,"latency_seconds":2.302,"prediction":"C","progress":"488/500"}
{"correct":true,"generated_tokens":423,"gold":"B","index":788,"latency_seconds":4.24,"prediction":"B","progress":"489/500"}
{"correct":true,"generated_tokens":334,"gold":"A","index":789,"latency_seconds":3.352,"prediction":"A","progress":"490/500"}
{"correct":true,"generated_tokens":49,"gold":"B","index":790,"latency_seconds":0.545,"prediction":"B","progress":"491/500"}
{"correct":false,"generated_tokens":512,"gold":"D","index":791,"latency_seconds":5.109,"prediction":null,"progress":"492/500"}
{"correct":true,"generated_tokens":117,"gold":"B","index":792,"latency_seconds":1.215,"prediction":"B","progress":"493/500"}
{"correct":true,"generated_tokens":200,"gold":"C","index":793,"latency_seconds":2.034,"prediction":"C","progress":"494/500"}
{"correct":true,"generated_tokens":121,"gold":"D","index":794,"latency_seconds":1.255,"prediction":"D","progress":"495/500"}
{"correct":false,"generated_tokens":468,"gold":"D","index":795,"latency_seconds":4.678,"prediction":"B","progress":"496/500"}
{"correct":true,"generated_tokens":72,"gold":"D","index":796,"latency_seconds":0.755,"prediction":"D","progress":"497/500"}
{"correct":true,"generated_tokens":207,"gold":"C","index":797,"latency_seconds":2.079,"prediction":"C","progress":"498/500"}
{"correct":false,"generated_tokens":512,"gold":"C","index":798,"latency_seconds":5.083,"prediction":null,"progress":"499/500"}
{"correct":true,"generated_tokens":190,"gold":"B","index":799,"latency_seconds":1.925,"prediction":"B","progress":"500/500"}
{
  "protocol": "belebele-turkish-paired-generation-vllm-v1",
  "mode": "direct",
  "items": 500,
  "correct": 406,
  "parsed": 461,
  "truncated": 31,
  "prompt_tokens": 137087,
  "generated_tokens": 91312,
  "reasoning_tokens": 0,
  "generation_seconds": 930.3421435602359,
  "accuracy": 0.812,
  "parser_success_rate": 0.922,
  "max_new_tokens_hit_rate": 0.062,
  "mean_generated_tokens": 182.624,
  "mean_latency_seconds": 1.8606842871204716,
  "wall_seconds": 930.526852607727,
  "samples_sha256": "bcc8ecbd45cf46e1e731b0811d1a3b73cd14d902f3da63946bb1ab0133858bef"
}
{"correct":true,"generated_tokens":1709,"gold":"A","index":300,"latency_seconds":19.32,"prediction":"A","progress":"1/500"}
{"correct":false,"generated_tokens":4096,"gold":"D","index":301,"latency_seconds":41.011,"prediction":null,"progress":"2/500"}
{"correct":false,"generated_tokens":4096,"gold":"B","index":302,"latency_seconds":41.047,"prediction":null,"progress":"3/500"}
{"correct":true,"generated_tokens":1359,"gold":"D","index":303,"latency_seconds":13.542,"prediction":"D","progress":"4/500"}
{"correct":true,"generated_tokens":1470,"gold":"A","index":304,"latency_seconds":14.633,"prediction":"A","progress":"5/500"}
{"correct":true,"generated_tokens":796,"gold":"D","index":305,"latency_seconds":7.923,"prediction":"D","progress":"6/500"}
{"correct":true,"generated_tokens":2058,"gold":"B","index":306,"latency_seconds":20.512,"prediction":"B","progress":"7/500"}
{"correct":true,"generated_tokens":1240,"gold":"C","index":307,"latency_seconds":12.335,"prediction":"C","progress":"8/500"}
{"correct":true,"generated_tokens":1170,"gold":"A","index":308,"latency_seconds":11.649,"prediction":"A","progress":"9/500"}
{"correct":true,"generated_tokens":3148,"gold":"C","index":309,"latency_seconds":31.494,"prediction":"C","progress":"10/500"}
{"correct":true,"generated_tokens":1413,"gold":"A","index":310,"latency_seconds":14.077,"prediction":"A","progress":"11/500"}
{"correct":true,"generated_tokens":824,"gold":"B","index":311,"latency_seconds":8.204,"prediction":"B","progress":"12/500"}
{"correct":false,"generated_tokens":848,"gold":"B","index":312,"latency_seconds":8.426,"prediction":"A","progress":"13/500"}
{"correct":true,"generated_tokens":2897,"gold":"D","index":313,"latency_seconds":28.95,"prediction":"D","progress":"14/500"}
{"correct":true,"generated_tokens":1796,"gold":"C","index":314,"latency_seconds":17.933,"prediction":"C","progress":"15/500"}
{"correct":true,"generated_tokens":1399,"gold":"A","index":315,"latency_seconds":13.966,"prediction":"A","progress":"16/500"}
{"correct":false,"generated_tokens":4096,"gold":"B","index":316,"latency_seconds":41.058,"prediction":null,"progress":"17/500"}
{"correct":true,"generated_tokens":1691,"gold":"C","index":317,"latency_seconds":16.87,"prediction":"C","progress":"18/500"}
{"correct":false,"generated_tokens":4096,"gold":"B","index":318,"latency_seconds":41.058,"prediction":null,"progress":"19/500"}
{"correct":true,"generated_tokens":2129,"gold":"C","index":319,"latency_seconds":21.248,"prediction":"C","progress":"20/500"}
{"correct":false,"generated_tokens":4096,"gold":"A","index":320,"latency_seconds":41.056,"prediction":null,"progress":"21/500"}
{"correct":true,"generated_tokens":2512,"gold":"B","index":321,"latency_seconds":25.112,"prediction":"B","progress":"22/500"}
{"correct":true,"generated_tokens":2573,"gold":"C","index":322,"latency_seconds":25.74,"prediction":"C","progress":"23/500"}
{"correct":false,"generated_tokens":4096,"gold":"A","index":323,"latency_seconds":41.081,"prediction":null,"progress":"24/500"}
{"correct":true,"generated_tokens":3338,"gold":"B","index":324,"latency_seconds":33.406,"prediction":"B","progress":"25/500"}
{"correct":true,"generated_tokens":1684,"gold":"D","index":325,"latency_seconds":16.785,"prediction":"D","progress":"26/500"}
{"correct":true,"generated_tokens":2489,"gold":"B","index":326,"latency_seconds":24.854,"prediction":"B","progress":"27/500"}
{"correct":false,"generated_tokens":4096,"gold":"D","index":327,"latency_seconds":41.053,"prediction":null,"progress":"28/500"}
{"correct":true,"generated_tokens":1543,"gold":"C","index":328,"latency_seconds":15.384,"prediction":"C","progress":"29/500"}
{"correct":true,"generated_tokens":1797,"gold":"B","index":329,"latency_seconds":17.921,"prediction":"B","progress":"30/500"}
{"correct":false,"generated_tokens":4096,"gold":"D","index":330,"latency_seconds":41.064,"prediction":null,"progress":"31/500"}
{"correct":true,"generated_tokens":1628,"gold":"C","index":331,"latency_seconds":16.224,"prediction":"C","progress":"32/500"}
{"correct":true,"generated_tokens":881,"gold":"B","index":332,"latency_seconds":8.771,"prediction":"B","progress":"33/500"}
{"correct":false,"generated_tokens":4096,"gold":"C","index":333,"latency_seconds":41.069,"prediction":null,"progress":"34/500"}
{"correct":true,"generated_tokens":1388,"gold":"C","index":334,"latency_seconds":13.825,"prediction":"C","progress":"35/500"}
{"correct":true,"generated_tokens":3790,"gold":"B","index":335,"latency_seconds":37.965,"prediction":"B","progress":"36/500"}
{"correct":true,"generated_tokens":3106,"gold":"C","index":336,"latency_seconds":31.122,"prediction":"C","progress":"37/500"}
{"correct":false,"generated_tokens":4096,"gold":"B","index":337,"latency_seconds":41.101,"prediction":null,"progress":"38/500"}
{"correct":true,"generated_tokens":1553,"gold":"C","index":338,"latency_seconds":15.49,"prediction":"C","progress":"39/500"}
{"correct":true,"generated_tokens":1415,"gold":"B","index":339,"latency_seconds":14.107,"prediction":"B","progress":"40/500"}
{"correct":true,"generated_tokens":1320,"gold":"D","index":340,"latency_seconds":13.152,"prediction":"D","progress":"41/500"}
{"correct":true,"generated_tokens":1342,"gold":"B","index":341,"latency_seconds":13.378,"prediction":"B","progress":"42/500"}
{"correct":true,"generated_tokens":3053,"gold":"C","index":342,"latency_seconds":30.55,"prediction":"C","progress":"43/500"}
{"correct":false,"generated_tokens":4096,"gold":"C","index":343,"latency_seconds":41.07,"prediction":null,"progress":"44/500"}
{"correct":true,"generated_tokens":1513,"gold":"D","index":344,"latency_seconds":15.106,"prediction":"D","progress":"45/500"}
{"correct":true,"generated_tokens":1470,"gold":"D","index":345,"latency_seconds":14.658,"prediction":"D","progress":"46/500"}
{"correct":true,"generated_tokens":1121,"gold":"B","index":346,"latency_seconds":11.169,"prediction":"B","progress":"47/500"}
{"correct":true,"generated_tokens":1677,"gold":"D","index":347,"latency_seconds":16.738,"prediction":"D","progress":"48/500"}
{"correct":false,"generated_tokens":4096,"gold":"D","index":348,"latency_seconds":41.073,"prediction":null,"progress":"49/500"}
{"correct":true,"generated_tokens":1816,"gold":"B","index":349,"latency_seconds":18.118,"prediction":"B","progress":"50/500"}
{"correct":true,"generated_tokens":1190,"gold":"A","index":350,"latency_seconds":11.852,"prediction":"A","progress":"51/500"}
{"correct":true,"generated_tokens":1454,"gold":"A","index":351,"latency_seconds":14.485,"prediction":"A","progress":"52/500"}
{"correct":false,"generated_tokens":1895,"gold":"A","index":352,"latency_seconds":18.894,"prediction":"C","progress":"53/500"}
{"correct":true,"generated_tokens":1107,"gold":"C","index":353,"latency_seconds":11.016,"prediction":"C","progress":"54/500"}
{"correct":true,"generated_tokens":878,"gold":"C","index":354,"latency_seconds":8.745,"prediction":"C","progress":"55/500"}
{"correct":true,"generated_tokens":2053,"gold":"B","index":355,"latency_seconds":20.477,"prediction":"B","progress":"56/500"}
{"correct":true,"generated_tokens":1741,"gold":"A","index":356,"latency_seconds":17.361,"prediction":"A","progress":"57/500"}
{"correct":true,"generated_tokens":1324,"gold":"B","index":357,"latency_seconds":13.199,"prediction":"B","progress":"58/500"}
{"correct":false,"generated_tokens":4096,"gold":"B","index":358,"latency_seconds":41.081,"prediction":null,"progress":"59/500"}
{"correct":true,"generated_tokens":2110,"gold":"D","index":359,"latency_seconds":21.086,"prediction":"D","progress":"60/500"}
{"correct":false,"generated_tokens":4096,"gold":"C","index":360,"latency_seconds":41.054,"prediction":null,"progress":"61/500"}
{"correct":true,"generated_tokens":1863,"gold":"B","index":361,"latency_seconds":18.58,"prediction":"B","progress":"62/500"}
{"correct":true,"generated_tokens":1305,"gold":"B","index":362,"latency_seconds":13.036,"prediction":"B","progress":"63/500"}
{"correct":true,"generated_tokens":1574,"gold":"C","index":363,"latency_seconds":15.725,"prediction":"C","progress":"64/500"}
{"correct":false,"generated_tokens":1662,"gold":"B","index":364,"latency_seconds":16.602,"prediction":"C","progress":"65/500"}
{"correct":true,"generated_tokens":1359,"gold":"C","index":365,"latency_seconds":13.561,"prediction":"C","progress":"66/500"}
{"correct":true,"generated_tokens":1239,"gold":"C","index":366,"latency_seconds":12.318,"prediction":"C","progress":"67/500"}
{"correct":true,"generated_tokens":1937,"gold":"B","index":367,"latency_seconds":19.307,"prediction":"B","progress":"68/500"}
{"correct":false,"generated_tokens":4096,"gold":"D","index":368,"latency_seconds":41.053,"prediction":null,"progress":"69/500"}
{"correct":true,"generated_tokens":1503,"gold":"B","index":369,"latency_seconds":14.982,"prediction":"B","progress":"70/500"}
{"correct":true,"generated_tokens":2534,"gold":"D","index":370,"latency_seconds":25.345,"prediction":"D","progress":"71/500"}
{"correct":true,"generated_tokens":907,"gold":"A","index":371,"latency_seconds":9.039,"prediction":"A","progress":"72/500"}
{"correct":true,"generated_tokens":2255,"gold":"D","index":372,"latency_seconds":22.555,"prediction":"D","progress":"73/500"}
{"correct":true,"generated_tokens":1053,"gold":"B","index":373,"latency_seconds":10.506,"prediction":"B","progress":"74/500"}
{"correct":true,"generated_tokens":2000,"gold":"D","index":374,"latency_seconds":19.958,"prediction":"D","progress":"75/500"}
{"correct":true,"generated_tokens":1252,"gold":"B","index":375,"latency_seconds":12.47,"prediction":"B","progress":"76/500"}
{"correct":true,"generated_tokens":1018,"gold":"A","index":376,"latency_seconds":10.138,"prediction":"A","progress":"77/500"}
{"correct":true,"generated_tokens":3014,"gold":"C","index":377,"latency_seconds":30.167,"prediction":"C","progress":"78/500"}
{"correct":true,"generated_tokens":1227,"gold":"D","index":378,"latency_seconds":12.237,"prediction":"D","progress":"79/500"}
{"correct":false,"generated_tokens":4096,"gold":"B","index":379,"latency_seconds":41.044,"prediction":null,"progress":"80/500"}
{"correct":true,"generated_tokens":1038,"gold":"A","index":380,"latency_seconds":10.333,"prediction":"A","progress":"81/500"}
{"correct":true,"generated_tokens":1185,"gold":"B","index":381,"latency_seconds":11.793,"prediction":"B","progress":"82/500"}
{"correct":false,"generated_tokens":4096,"gold":"C","index":382,"latency_seconds":41.028,"prediction":null,"progress":"83/500"}
{"correct":true,"generated_tokens":1016,"gold":"D","index":383,"latency_seconds":10.12,"prediction":"D","progress":"84/500"}
{"correct":true,"generated_tokens":1277,"gold":"B","index":384,"latency_seconds":12.717,"prediction":"B","progress":"85/500"}
{"correct":true,"generated_tokens":688,"gold":"A","index":385,"latency_seconds":6.843,"prediction":"A","progress":"86/500"}
{"correct":true,"generated_tokens":1890,"gold":"C","index":386,"latency_seconds":18.854,"prediction":"C","progress":"87/500"}
{"correct":true,"generated_tokens":1582,"gold":"B","index":387,"latency_seconds":15.752,"prediction":"B","progress":"88/500"}
{"correct":true,"generated_tokens":1711,"gold":"A","index":388,"latency_seconds":17.062,"prediction":"A","progress":"89/500"}
{"correct":true,"generated_tokens":1364,"gold":"A","index":389,"latency_seconds":13.593,"prediction":"A","progress":"90/500"}
{"correct":true,"generated_tokens":2207,"gold":"B","index":390,"latency_seconds":22.035,"prediction":"B","progress":"91/500"}
{"correct":true,"generated_tokens":1359,"gold":"A","index":391,"latency_seconds":13.533,"prediction":"A","progress":"92/500"}
{"correct":true,"generated_tokens":2496,"gold":"D","index":392,"latency_seconds":24.949,"prediction":"D","progress":"93/500"}
{"correct":true,"generated_tokens":1932,"gold":"A","index":393,"latency_seconds":19.275,"prediction":"A","progress":"94/500"}
{"correct":false,"generated_tokens":4096,"gold":"C","index":394,"latency_seconds":41.052,"prediction":null,"progress":"95/500"}
{"correct":false,"generated_tokens":4096,"gold":"B","index":395,"latency_seconds":41.056,"prediction":null,"progress":"96/500"}
{"correct":true,"generated_tokens":1248,"gold":"C","index":396,"latency_seconds":12.422,"prediction":"C","progress":"97/500"}
{"correct":true,"generated_tokens":1669,"gold":"D","index":397,"latency_seconds":16.647,"prediction":"D","progress":"98/500"}
{"correct":false,"generated_tokens":4096,"gold":"C","index":398,"latency_seconds":41.068,"prediction":null,"progress":"99/500"}
{"correct":false,"generated_tokens":4096,"gold":"B","index":399,"latency_seconds":41.035,"prediction":null,"progress":"100/500"}
{"correct":true,"generated_tokens":1972,"gold":"A","index":400,"latency_seconds":19.66,"prediction":"A","progress":"101/500"}
{"correct":false,"generated_tokens":4096,"gold":"B","index":401,"latency_seconds":41.052,"prediction":null,"progress":"102/500"}
{"correct":true,"generated_tokens":1657,"gold":"B","index":402,"latency_seconds":16.524,"prediction":"B","progress":"103/500"}
{"correct":false,"generated_tokens":4096,"gold":"C","index":403,"latency_seconds":41.059,"prediction":null,"progress":"104/500"}
{"correct":true,"generated_tokens":3387,"gold":"C","index":404,"latency_seconds":33.928,"prediction":"C","progress":"105/500"}
{"correct":true,"generated_tokens":2785,"gold":"D","index":405,"latency_seconds":27.848,"prediction":"D","progress":"106/500"}
{"correct":true,"generated_tokens":1296,"gold":"C","index":406,"latency_seconds":12.9,"prediction":"C","progress":"107/500"}
{"correct":true,"generated_tokens":1510,"gold":"C","index":407,"latency_seconds":15.051,"prediction":"C","progress":"108/500"}
{"correct":true,"generated_tokens":1730,"gold":"A","index":408,"latency_seconds":17.258,"prediction":"A","progress":"109/500"}
{"correct":true,"generated_tokens":1319,"gold":"A","index":409,"latency_seconds":13.152,"prediction":"A","progress":"110/500"}
{"correct":true,"generated_tokens":961,"gold":"B","index":410,"latency_seconds":9.578,"prediction":"B","progress":"111/500"}
{"correct":false,"generated_tokens":4096,"gold":"B","index":411,"latency_seconds":41.05,"prediction":null,"progress":"112/500"}
{"correct":true,"generated_tokens":1421,"gold":"D","index":412,"latency_seconds":14.153,"prediction":"D","progress":"113/500"}
{"correct":false,"generated_tokens":4096,"gold":"A","index":413,"latency_seconds":41.054,"prediction":null,"progress":"114/500"}
{"correct":true,"generated_tokens":1668,"gold":"C","index":414,"latency_seconds":16.616,"prediction":"C","progress":"115/500"}
{"correct":false,"generated_tokens":4096,"gold":"B","index":415,"latency_seconds":41.031,"prediction":null,"progress":"116/500"}
{"correct":false,"generated_tokens":4096,"gold":"B","index":416,"latency_seconds":41.042,"prediction":null,"progress":"117/500"}
{"correct":false,"generated_tokens":4096,"gold":"A","index":417,"latency_seconds":40.99,"prediction":null,"progress":"118/500"}
{"correct":true,"generated_tokens":901,"gold":"A","index":418,"latency_seconds":8.954,"prediction":"A","progress":"119/500"}
{"correct":true,"generated_tokens":1114,"gold":"C","index":419,"latency_seconds":11.101,"prediction":"C","progress":"120/500"}
{"correct":true,"generated_tokens":4096,"gold":"A","index":420,"latency_seconds":41.057,"prediction":"A","progress":"121/500"}
{"correct":false,"generated_tokens":3468,"gold":"D","index":421,"latency_seconds":34.706,"prediction":"A","progress":"122/500"}
{"correct":true,"generated_tokens":1779,"gold":"C","index":422,"latency_seconds":17.746,"prediction":"C","progress":"123/500"}
{"correct":true,"generated_tokens":2219,"gold":"D","index":423,"latency_seconds":22.156,"prediction":"D","progress":"124/500"}
{"correct":true,"generated_tokens":1377,"gold":"A","index":424,"latency_seconds":13.725,"prediction":"A","progress":"125/500"}
{"correct":true,"generated_tokens":1023,"gold":"D","index":425,"latency_seconds":10.189,"prediction":"D","progress":"126/500"}
{"correct":false,"generated_tokens":4096,"gold":"A","index":426,"latency_seconds":41.027,"prediction":"B","progress":"127/500"}
{"correct":true,"generated_tokens":1366,"gold":"D","index":427,"latency_seconds":13.603,"prediction":"D","progress":"128/500"}
{"correct":true,"generated_tokens":3120,"gold":"A","index":428,"latency_seconds":31.218,"prediction":"A","progress":"129/500"}
{"correct":true,"generated_tokens":1055,"gold":"C","index":429,"latency_seconds":10.501,"prediction":"C","progress":"130/500"}
{"correct":false,"generated_tokens":4096,"gold":"A","index":430,"latency_seconds":41.052,"prediction":null,"progress":"131/500"}
{"correct":false,"generated_tokens":4096,"gold":"B","index":431,"latency_seconds":41.05,"prediction":null,"progress":"132/500"}
{"correct":true,"generated_tokens":3585,"gold":"C","index":432,"latency_seconds":35.896,"prediction":"C","progress":"133/500"}
{"correct":true,"generated_tokens":1152,"gold":"A","index":433,"latency_seconds":11.471,"prediction":"A","progress":"134/500"}
{"correct":true,"generated_tokens":3043,"gold":"B","index":434,"latency_seconds":30.432,"prediction":"B","progress":"135/500"}
{"correct":true,"generated_tokens":4096,"gold":"A","index":435,"latency_seconds":41.025,"prediction":"A","progress":"136/500"}
{"correct":true,"generated_tokens":671,"gold":"B","index":436,"latency_seconds":6.681,"prediction":"B","progress":"137/500"}
{"correct":true,"generated_tokens":1863,"gold":"C","index":437,"latency_seconds":18.569,"prediction":"C","progress":"138/500"}
{"correct":true,"generated_tokens":1455,"gold":"A","index":438,"latency_seconds":14.51,"prediction":"A","progress":"139/500"}
{"correct":false,"generated_tokens":1855,"gold":"C","index":439,"latency_seconds":18.53,"prediction":"B","progress":"140/500"}
{"correct":false,"generated_tokens":4096,"gold":"B","index":440,"latency_seconds":41.087,"prediction":null,"progress":"141/500"}
{"correct":false,"generated_tokens":4096,"gold":"A","index":441,"latency_seconds":41.059,"prediction":null,"progress":"142/500"}
{"correct":true,"generated_tokens":903,"gold":"B","index":442,"latency_seconds":9.001,"prediction":"B","progress":"143/500"}
{"correct":true,"generated_tokens":2157,"gold":"A","index":443,"latency_seconds":21.555,"prediction":"A","progress":"144/500"}
{"correct":false,"generated_tokens":4096,"gold":"A","index":444,"latency_seconds":41.064,"prediction":null,"progress":"145/500"}
{"correct":true,"generated_tokens":1005,"gold":"B","index":445,"latency_seconds":10.009,"prediction":"B","progress":"146/500"}
{"correct":true,"generated_tokens":2282,"gold":"C","index":446,"latency_seconds":22.758,"prediction":"C","progress":"147/500"}
{"correct":false,"generated_tokens":4096,"gold":"B","index":447,"latency_seconds":41.051,"prediction":null,"progress":"148/500"}
{"correct":true,"generated_tokens":4096,"gold":"D","index":448,"latency_seconds":41.046,"prediction":"D","progress":"149/500"}
{"correct":false,"generated_tokens":4096,"gold":"D","index":449,"latency_seconds":41.065,"prediction":null,"progress":"150/500"}
{"correct":true,"generated_tokens":2251,"gold":"D","index":450,"latency_seconds":22.487,"prediction":"D","progress":"151/500"}
{"correct":true,"generated_tokens":3453,"gold":"B","index":451,"latency_seconds":34.558,"prediction":"B","progress":"152/500"}
{"correct":true,"generated_tokens":1394,"gold":"C","index":452,"latency_seconds":13.867,"prediction":"C","progress":"153/500"}
{"correct":true,"generated_tokens":1724,"gold":"B","index":453,"latency_seconds":17.171,"prediction":"B","progress":"154/500"}
{"correct":true,"generated_tokens":4096,"gold":"D","index":454,"latency_seconds":41.044,"prediction":"D","progress":"155/500"}
{"correct":true,"generated_tokens":1277,"gold":"C","index":455,"latency_seconds":12.704,"prediction":"C","progress":"156/500"}
{"correct":true,"generated_tokens":1314,"gold":"B","index":456,"latency_seconds":13.087,"prediction":"B","progress":"157/500"}
{"correct":true,"generated_tokens":1587,"gold":"D","index":457,"latency_seconds":15.814,"prediction":"D","progress":"158/500"}
{"correct":true,"generated_tokens":1510,"gold":"C","index":458,"latency_seconds":15.032,"prediction":"C","progress":"159/500"}
{"correct":true,"generated_tokens":4096,"gold":"B","index":459,"latency_seconds":41.051,"prediction":"B","progress":"160/500"}
{"correct":false,"generated_tokens":4096,"gold":"B","index":460,"latency_seconds":41.037,"prediction":null,"progress":"161/500"}
{"correct":true,"generated_tokens":1330,"gold":"A","index":461,"latency_seconds":13.221,"prediction":"A","progress":"162/500"}
{"correct":true,"generated_tokens":1615,"gold":"D","index":462,"latency_seconds":16.091,"prediction":"D","progress":"163/500"}
{"correct":true,"generated_tokens":940,"gold":"C","index":463,"latency_seconds":9.369,"prediction":"C","progress":"164/500"}
{"correct":false,"generated_tokens":4096,"gold":"D","index":464,"latency_seconds":41.058,"prediction":null,"progress":"165/500"}
{"correct":true,"generated_tokens":1461,"gold":"A","index":465,"latency_seconds":14.56,"prediction":"A","progress":"166/500"}
{"correct":true,"generated_tokens":1785,"gold":"B","index":466,"latency_seconds":17.789,"prediction":"B","progress":"167/500"}
{"correct":true,"generated_tokens":1610,"gold":"D","index":467,"latency_seconds":16.058,"prediction":"D","progress":"168/500"}
{"correct":true,"generated_tokens":1258,"gold":"B","index":468,"latency_seconds":12.527,"prediction":"B","progress":"169/500"}
{"correct":true,"generated_tokens":1164,"gold":"A","index":469,"latency_seconds":11.591,"prediction":"A","progress":"170/500"}
{"correct":true,"generated_tokens":1566,"gold":"C","index":470,"latency_seconds":15.603,"prediction":"C","progress":"171/500"}
{"correct":false,"generated_tokens":4096,"gold":"C","index":471,"latency_seconds":41.032,"prediction":null,"progress":"172/500"}
{"correct":true,"generated_tokens":3882,"gold":"C","index":472,"latency_seconds":38.869,"prediction":"C","progress":"173/500"}
{"correct":true,"generated_tokens":4096,"gold":"A","index":473,"latency_seconds":41.02,"prediction":"A","progress":"174/500"}
{"correct":false,"generated_tokens":4096,"gold":"C","index":474,"latency_seconds":41.052,"prediction":null,"progress":"175/500"}
{"correct":true,"generated_tokens":2496,"gold":"B","index":475,"latency_seconds":24.936,"prediction":"B","progress":"176/500"}
{"correct":true,"generated_tokens":2040,"gold":"B","index":476,"latency_seconds":20.36,"prediction":"B","progress":"177/500"}
{"correct":true,"generated_tokens":1338,"gold":"B","index":477,"latency_seconds":13.327,"prediction":"B","progress":"178/500"}
{"correct":true,"generated_tokens":1381,"gold":"A","index":478,"latency_seconds":13.753,"prediction":"A","progress":"179/500"}
{"correct":false,"generated_tokens":1515,"gold":"B","index":479,"latency_seconds":15.076,"prediction":"C","progress":"180/500"}
{"correct":true,"generated_tokens":1029,"gold":"A","index":480,"latency_seconds":10.209,"prediction":"A","progress":"181/500"}
{"correct":true,"generated_tokens":1305,"gold":"C","index":481,"latency_seconds":12.992,"prediction":"C","progress":"182/500"}
{"correct":true,"generated_tokens":1601,"gold":"A","index":482,"latency_seconds":15.941,"prediction":"A","progress":"183/500"}
{"correct":true,"generated_tokens":2532,"gold":"B","index":483,"latency_seconds":25.298,"prediction":"B","progress":"184/500"}
{"correct":true,"generated_tokens":2365,"gold":"C","index":484,"latency_seconds":23.606,"prediction":"C","progress":"185/500"}
{"correct":true,"generated_tokens":1334,"gold":"C","index":485,"latency_seconds":13.287,"prediction":"C","progress":"186/500"}
{"correct":false,"generated_tokens":4096,"gold":"C","index":486,"latency_seconds":41.066,"prediction":null,"progress":"187/500"}
{"correct":false,"generated_tokens":4096,"gold":"C","index":487,"latency_seconds":41.105,"prediction":null,"progress":"188/500"}
{"correct":true,"generated_tokens":1492,"gold":"A","index":488,"latency_seconds":14.859,"prediction":"A","progress":"189/500"}
{"correct":true,"generated_tokens":1221,"gold":"D","index":489,"latency_seconds":12.148,"prediction":"D","progress":"190/500"}
{"correct":true,"generated_tokens":1594,"gold":"A","index":490,"latency_seconds":15.893,"prediction":"A","progress":"191/500"}
{"correct":true,"generated_tokens":1632,"gold":"C","index":491,"latency_seconds":16.266,"prediction":"C","progress":"192/500"}
{"correct":true,"generated_tokens":981,"gold":"D","index":492,"latency_seconds":9.759,"prediction":"D","progress":"193/500"}
{"correct":true,"generated_tokens":3414,"gold":"B","index":493,"latency_seconds":34.202,"prediction":"B","progress":"194/500"}
{"correct":false,"generated_tokens":4096,"gold":"A","index":494,"latency_seconds":41.021,"prediction":null,"progress":"195/500"}
{"correct":true,"generated_tokens":928,"gold":"B","index":495,"latency_seconds":9.24,"prediction":"B","progress":"196/500"}
{"correct":true,"generated_tokens":1740,"gold":"D","index":496,"latency_seconds":17.357,"prediction":"D","progress":"197/500"}
{"correct":true,"generated_tokens":3301,"gold":"A","index":497,"latency_seconds":33.052,"prediction":"A","progress":"198/500"}
{"correct":false,"generated_tokens":4096,"gold":"B","index":498,"latency_seconds":41.033,"prediction":null,"progress":"199/500"}
{"correct":true,"generated_tokens":1866,"gold":"B","index":499,"latency_seconds":18.613,"prediction":"B","progress":"200/500"}
{"correct":true,"generated_tokens":1144,"gold":"D","index":500,"latency_seconds":11.388,"prediction":"D","progress":"201/500"}
{"correct":true,"generated_tokens":1002,"gold":"B","index":501,"latency_seconds":9.968,"prediction":"B","progress":"202/500"}
{"correct":true,"generated_tokens":1779,"gold":"B","index":502,"latency_seconds":17.735,"prediction":"B","progress":"203/500"}
{"correct":false,"generated_tokens":4096,"gold":"D","index":503,"latency_seconds":41.052,"prediction":null,"progress":"204/500"}
{"correct":true,"generated_tokens":1793,"gold":"D","index":504,"latency_seconds":17.905,"prediction":"D","progress":"205/500"}
{"correct":true,"generated_tokens":1192,"gold":"D","index":505,"latency_seconds":11.876,"prediction":"D","progress":"206/500"}
{"correct":true,"generated_tokens":1182,"gold":"C","index":506,"latency_seconds":11.761,"prediction":"C","progress":"207/500"}
{"correct":true,"generated_tokens":1235,"gold":"D","index":507,"latency_seconds":12.319,"prediction":"D","progress":"208/500"}
{"correct":true,"generated_tokens":1580,"gold":"C","index":508,"latency_seconds":15.767,"prediction":"C","progress":"209/500"}
{"correct":true,"generated_tokens":2173,"gold":"B","index":509,"latency_seconds":21.711,"prediction":"B","progress":"210/500"}
{"correct":true,"generated_tokens":1295,"gold":"C","index":510,"latency_seconds":12.888,"prediction":"C","progress":"211/500"}
{"correct":true,"generated_tokens":2934,"gold":"C","index":511,"latency_seconds":29.345,"prediction":"C","progress":"212/500"}
{"correct":false,"generated_tokens":4096,"gold":"B","index":512,"latency_seconds":41.038,"prediction":null,"progress":"213/500"}
{"correct":true,"generated_tokens":1002,"gold":"D","index":513,"latency_seconds":9.971,"prediction":"D","progress":"214/500"}
{"correct":true,"generated_tokens":1494,"gold":"C","index":514,"latency_seconds":14.87,"prediction":"C","progress":"215/500"}
{"correct":true,"generated_tokens":2791,"gold":"A","index":515,"latency_seconds":27.911,"prediction":"A","progress":"216/500"}
{"correct":false,"generated_tokens":4096,"gold":"D","index":516,"latency_seconds":41.092,"prediction":null,"progress":"217/500"}
{"correct":true,"generated_tokens":1206,"gold":"B","index":517,"latency_seconds":12.035,"prediction":"B","progress":"218/500"}
{"correct":true,"generated_tokens":1702,"gold":"A","index":518,"latency_seconds":16.962,"prediction":"A","progress":"219/500"}
{"correct":true,"generated_tokens":1593,"gold":"C","index":519,"latency_seconds":15.878,"prediction":"C","progress":"220/500"}
{"correct":true,"generated_tokens":2623,"gold":"B","index":520,"latency_seconds":26.216,"prediction":"B","progress":"221/500"}
{"correct":true,"generated_tokens":1574,"gold":"C","index":521,"latency_seconds":15.673,"prediction":"C","progress":"222/500"}
{"correct":true,"generated_tokens":2743,"gold":"C","index":522,"latency_seconds":27.428,"prediction":"C","progress":"223/500"}
{"correct":true,"generated_tokens":1941,"gold":"B","index":523,"latency_seconds":19.377,"prediction":"B","progress":"224/500"}
{"correct":true,"generated_tokens":1288,"gold":"D","index":524,"latency_seconds":12.822,"prediction":"D","progress":"225/500"}
{"correct":true,"generated_tokens":1259,"gold":"B","index":525,"latency_seconds":12.543,"prediction":"B","progress":"226/500"}
{"correct":true,"generated_tokens":962,"gold":"C","index":526,"latency_seconds":9.565,"prediction":"C","progress":"227/500"}
{"correct":true,"generated_tokens":2258,"gold":"A","index":527,"latency_seconds":22.522,"prediction":"A","progress":"228/500"}
{"correct":false,"generated_tokens":4096,"gold":"D","index":528,"latency_seconds":41.046,"prediction":null,"progress":"229/500"}
{"correct":true,"generated_tokens":1976,"gold":"C","index":529,"latency_seconds":19.703,"prediction":"C","progress":"230/500"}
{"correct":true,"generated_tokens":968,"gold":"B","index":530,"latency_seconds":9.617,"prediction":"B","progress":"231/500"}
{"correct":true,"generated_tokens":1877,"gold":"D","index":531,"latency_seconds":18.716,"prediction":"D","progress":"232/500"}
{"correct":true,"generated_tokens":937,"gold":"B","index":532,"latency_seconds":9.319,"prediction":"B","progress":"233/500"}
{"correct":true,"generated_tokens":2271,"gold":"C","index":533,"latency_seconds":22.673,"prediction":"C","progress":"234/500"}
{"correct":false,"generated_tokens":4096,"gold":"B","index":534,"latency_seconds":41.02,"prediction":null,"progress":"235/500"}
{"correct":true,"generated_tokens":2460,"gold":"D","index":535,"latency_seconds":24.555,"prediction":"D","progress":"236/500"}
{"correct":true,"generated_tokens":1551,"gold":"C","index":536,"latency_seconds":15.44,"prediction":"C","progress":"237/500"}
{"correct":false,"generated_tokens":4096,"gold":"A","index":537,"latency_seconds":41.004,"prediction":null,"progress":"238/500"}
{"correct":true,"generated_tokens":2292,"gold":"B","index":538,"latency_seconds":22.876,"prediction":"B","progress":"239/500"}
{"correct":true,"generated_tokens":1819,"gold":"D","index":539,"latency_seconds":18.195,"prediction":"D","progress":"240/500"}
{"correct":true,"generated_tokens":956,"gold":"B","index":540,"latency_seconds":9.526,"prediction":"B","progress":"241/500"}
{"correct":true,"generated_tokens":1434,"gold":"B","index":541,"latency_seconds":14.294,"prediction":"B","progress":"242/500"}
{"correct":false,"generated_tokens":4096,"gold":"C","index":542,"latency_seconds":41.073,"prediction":null,"progress":"243/500"}
{"correct":true,"generated_tokens":1906,"gold":"A","index":543,"latency_seconds":19.025,"prediction":"A","progress":"244/500"}
{"correct":true,"generated_tokens":982,"gold":"B","index":544,"latency_seconds":9.785,"prediction":"B","progress":"245/500"}
{"correct":true,"generated_tokens":1333,"gold":"D","index":545,"latency_seconds":13.283,"prediction":"D","progress":"246/500"}
{"correct":true,"generated_tokens":3172,"gold":"D","index":546,"latency_seconds":31.825,"prediction":"D","progress":"247/500"}
{"correct":true,"generated_tokens":3127,"gold":"A","index":547,"latency_seconds":31.405,"prediction":"A","progress":"248/500"}
{"correct":true,"generated_tokens":2428,"gold":"D","index":548,"latency_seconds":24.263,"prediction":"D","progress":"249/500"}
{"correct":true,"generated_tokens":1142,"gold":"B","index":549,"latency_seconds":11.371,"prediction":"B","progress":"250/500"}
{"correct":true,"generated_tokens":1387,"gold":"C","index":550,"latency_seconds":13.815,"prediction":"C","progress":"251/500"}
{"correct":true,"generated_tokens":1014,"gold":"D","index":551,"latency_seconds":10.083,"prediction":"D","progress":"252/500"}
{"correct":true,"generated_tokens":1840,"gold":"A","index":552,"latency_seconds":18.353,"prediction":"A","progress":"253/500"}
{"correct":false,"generated_tokens":4096,"gold":"D","index":553,"latency_seconds":41.042,"prediction":null,"progress":"254/500"}
{"correct":true,"generated_tokens":1628,"gold":"A","index":554,"latency_seconds":16.233,"prediction":"A","progress":"255/500"}
{"correct":true,"generated_tokens":1074,"gold":"A","index":555,"latency_seconds":10.698,"prediction":"A","progress":"256/500"}
{"correct":true,"generated_tokens":1296,"gold":"D","index":556,"latency_seconds":12.898,"prediction":"D","progress":"257/500"}
{"correct":true,"generated_tokens":1376,"gold":"B","index":557,"latency_seconds":13.693,"prediction":"B","progress":"258/500"}
{"correct":true,"generated_tokens":1301,"gold":"C","index":558,"latency_seconds":12.957,"prediction":"C","progress":"259/500"}
{"correct":true,"generated_tokens":4096,"gold":"C","index":559,"latency_seconds":41.025,"prediction":"C","progress":"260/500"}
{"correct":true,"generated_tokens":4096,"gold":"B","index":560,"latency_seconds":41.047,"prediction":"B","progress":"261/500"}
{"correct":true,"generated_tokens":3227,"gold":"C","index":561,"latency_seconds":32.272,"prediction":"C","progress":"262/500"}
{"correct":false,"generated_tokens":4096,"gold":"D","index":562,"latency_seconds":41.042,"prediction":null,"progress":"263/500"}
{"correct":false,"generated_tokens":2349,"gold":"D","index":563,"latency_seconds":23.437,"prediction":"A","progress":"264/500"}
{"correct":true,"generated_tokens":882,"gold":"C","index":564,"latency_seconds":8.75,"prediction":"C","progress":"265/500"}
{"correct":true,"generated_tokens":1209,"gold":"A","index":565,"latency_seconds":12.002,"prediction":"A","progress":"266/500"}
{"correct":true,"generated_tokens":4096,"gold":"B","index":566,"latency_seconds":41.037,"prediction":"B","progress":"267/500"}
{"correct":true,"generated_tokens":1789,"gold":"C","index":567,"latency_seconds":17.822,"prediction":"C","progress":"268/500"}
{"correct":true,"generated_tokens":2983,"gold":"D","index":568,"latency_seconds":29.82,"prediction":"D","progress":"269/500"}
{"correct":true,"generated_tokens":2474,"gold":"A","index":569,"latency_seconds":24.707,"prediction":"A","progress":"270/500"}
{"correct":false,"generated_tokens":4096,"gold":"C","index":570,"latency_seconds":41.053,"prediction":null,"progress":"271/500"}
{"correct":true,"generated_tokens":1422,"gold":"A","index":571,"latency_seconds":14.165,"prediction":"A","progress":"272/500"}
{"correct":true,"generated_tokens":1031,"gold":"B","index":572,"latency_seconds":10.282,"prediction":"B","progress":"273/500"}
{"correct":true,"generated_tokens":997,"gold":"B","index":573,"latency_seconds":9.934,"prediction":"B","progress":"274/500"}
{"correct":true,"generated_tokens":1803,"gold":"C","index":574,"latency_seconds":17.989,"prediction":"C","progress":"275/500"}
{"correct":true,"generated_tokens":988,"gold":"D","index":575,"latency_seconds":9.842,"prediction":"D","progress":"276/500"}
{"correct":true,"generated_tokens":1855,"gold":"B","index":576,"latency_seconds":18.516,"prediction":"B","progress":"277/500"}
{"correct":true,"generated_tokens":1069,"gold":"C","index":577,"latency_seconds":10.62,"prediction":"C","progress":"278/500"}
{"correct":true,"generated_tokens":1839,"gold":"B","index":578,"latency_seconds":18.317,"prediction":"B","progress":"279/500"}
{"correct":true,"generated_tokens":1983,"gold":"C","index":579,"latency_seconds":19.768,"prediction":"C","progress":"280/500"}
{"correct":true,"generated_tokens":1143,"gold":"D","index":580,"latency_seconds":11.372,"prediction":"D","progress":"281/500"}
{"correct":true,"generated_tokens":1370,"gold":"C","index":581,"latency_seconds":13.642,"prediction":"C","progress":"282/500"}
{"correct":true,"generated_tokens":1277,"gold":"A","index":582,"latency_seconds":12.702,"prediction":"A","progress":"283/500"}
{"correct":true,"generated_tokens":1259,"gold":"B","index":583,"latency_seconds":12.517,"prediction":"B","progress":"284/500"}
{"correct":true,"generated_tokens":2190,"gold":"D","index":584,"latency_seconds":21.86,"prediction":"D","progress":"285/500"}
{"correct":false,"generated_tokens":4096,"gold":"D","index":585,"latency_seconds":41.067,"prediction":null,"progress":"286/500"}
{"correct":true,"generated_tokens":3146,"gold":"B","index":586,"latency_seconds":31.496,"prediction":"B","progress":"287/500"}
{"correct":true,"generated_tokens":1154,"gold":"C","index":587,"latency_seconds":11.496,"prediction":"C","progress":"288/500"}
{"correct":false,"generated_tokens":4096,"gold":"D","index":588,"latency_seconds":41.065,"prediction":null,"progress":"289/500"}
{"correct":true,"generated_tokens":1278,"gold":"B","index":589,"latency_seconds":12.709,"prediction":"B","progress":"290/500"}
{"correct":true,"generated_tokens":1535,"gold":"B","index":590,"latency_seconds":15.297,"prediction":"B","progress":"291/500"}
{"correct":false,"generated_tokens":4096,"gold":"C","index":591,"latency_seconds":41.041,"prediction":null,"progress":"292/500"}
{"correct":true,"generated_tokens":2274,"gold":"D","index":592,"latency_seconds":22.696,"prediction":"D","progress":"293/500"}
{"correct":true,"generated_tokens":1504,"gold":"B","index":593,"latency_seconds":15.011,"prediction":"B","progress":"294/500"}
{"correct":true,"generated_tokens":1302,"gold":"C","index":594,"latency_seconds":13.014,"prediction":"C","progress":"295/500"}
{"correct":true,"generated_tokens":2061,"gold":"D","index":595,"latency_seconds":20.611,"prediction":"D","progress":"296/500"}
{"correct":true,"generated_tokens":1109,"gold":"A","index":596,"latency_seconds":11.053,"prediction":"A","progress":"297/500"}
{"correct":true,"generated_tokens":1048,"gold":"C","index":597,"latency_seconds":10.428,"prediction":"C","progress":"298/500"}
{"correct":false,"generated_tokens":4096,"gold":"D","index":598,"latency_seconds":41.099,"prediction":null,"progress":"299/500"}
{"correct":true,"generated_tokens":1117,"gold":"C","index":599,"latency_seconds":11.143,"prediction":"C","progress":"300/500"}
{"correct":true,"generated_tokens":3091,"gold":"D","index":600,"latency_seconds":30.936,"prediction":"D","progress":"301/500"}
{"correct":true,"generated_tokens":1607,"gold":"A","index":601,"latency_seconds":16.029,"prediction":"A","progress":"302/500"}
{"correct":true,"generated_tokens":3184,"gold":"A","index":602,"latency_seconds":31.877,"prediction":"A","progress":"303/500"}
{"correct":true,"generated_tokens":2566,"gold":"C","index":603,"latency_seconds":25.674,"prediction":"C","progress":"304/500"}
{"correct":true,"generated_tokens":1784,"gold":"C","index":604,"latency_seconds":17.831,"prediction":"C","progress":"305/500"}
{"correct":false,"generated_tokens":3537,"gold":"A","index":605,"latency_seconds":35.532,"prediction":"D","progress":"306/500"}
{"correct":true,"generated_tokens":1380,"gold":"D","index":606,"latency_seconds":13.799,"prediction":"D","progress":"307/500"}
{"correct":true,"generated_tokens":1355,"gold":"C","index":607,"latency_seconds":13.494,"prediction":"C","progress":"308/500"}
{"correct":true,"generated_tokens":1834,"gold":"B","index":608,"latency_seconds":18.334,"prediction":"B","progress":"309/500"}
{"correct":false,"generated_tokens":1771,"gold":"D","index":609,"latency_seconds":17.704,"prediction":"A","progress":"310/500"}
{"correct":true,"generated_tokens":1277,"gold":"D","index":610,"latency_seconds":12.722,"prediction":"D","progress":"311/500"}
{"correct":true,"generated_tokens":1058,"gold":"B","index":611,"latency_seconds":10.528,"prediction":"B","progress":"312/500"}
{"correct":true,"generated_tokens":2222,"gold":"D","index":612,"latency_seconds":22.214,"prediction":"D","progress":"313/500"}
{"correct":false,"generated_tokens":4096,"gold":"A","index":613,"latency_seconds":41.167,"prediction":null,"progress":"314/500"}
{"correct":false,"generated_tokens":4096,"gold":"B","index":614,"latency_seconds":41.149,"prediction":null,"progress":"315/500"}
{"correct":true,"generated_tokens":1035,"gold":"C","index":615,"latency_seconds":10.317,"prediction":"C","progress":"316/500"}
{"correct":true,"generated_tokens":1435,"gold":"C","index":616,"latency_seconds":14.329,"prediction":"C","progress":"317/500"}
{"correct":true,"generated_tokens":1250,"gold":"D","index":617,"latency_seconds":12.487,"prediction":"D","progress":"318/500"}
{"correct":false,"generated_tokens":4096,"gold":"C","index":618,"latency_seconds":41.161,"prediction":null,"progress":"319/500"}
{"correct":true,"generated_tokens":1085,"gold":"B","index":619,"latency_seconds":10.816,"prediction":"B","progress":"320/500"}
{"correct":true,"generated_tokens":1736,"gold":"A","index":620,"latency_seconds":17.339,"prediction":"A","progress":"321/500"}
{"correct":true,"generated_tokens":3139,"gold":"A","index":621,"latency_seconds":31.495,"prediction":"A","progress":"322/500"}
{"correct":false,"generated_tokens":1045,"gold":"A","index":622,"latency_seconds":10.422,"prediction":"B","progress":"323/500"}
{"correct":true,"generated_tokens":1605,"gold":"A","index":623,"latency_seconds":16.031,"prediction":"A","progress":"324/500"}
{"correct":false,"generated_tokens":1940,"gold":"A","index":624,"latency_seconds":19.379,"prediction":"C","progress":"325/500"}
{"correct":true,"generated_tokens":850,"gold":"C","index":625,"latency_seconds":8.471,"prediction":"C","progress":"326/500"}
{"correct":true,"generated_tokens":4096,"gold":"B","index":626,"latency_seconds":41.139,"prediction":"B","progress":"327/500"}
{"correct":true,"generated_tokens":1645,"gold":"B","index":627,"latency_seconds":16.437,"prediction":"B","progress":"328/500"}
{"correct":false,"generated_tokens":4096,"gold":"B","index":628,"latency_seconds":41.146,"prediction":null,"progress":"329/500"}
{"correct":true,"generated_tokens":1003,"gold":"B","index":629,"latency_seconds":10.023,"prediction":"B","progress":"330/500"}
{"correct":true,"generated_tokens":4096,"gold":"C","index":630,"latency_seconds":41.21,"prediction":"C","progress":"331/500"}
{"correct":false,"generated_tokens":4096,"gold":"A","index":631,"latency_seconds":41.133,"prediction":null,"progress":"332/500"}
{"correct":true,"generated_tokens":2010,"gold":"D","index":632,"latency_seconds":20.115,"prediction":"D","progress":"333/500"}
{"correct":true,"generated_tokens":1375,"gold":"B","index":633,"latency_seconds":13.718,"prediction":"B","progress":"334/500"}
{"correct":true,"generated_tokens":1051,"gold":"C","index":634,"latency_seconds":10.485,"prediction":"C","progress":"335/500"}
{"correct":true,"generated_tokens":2456,"gold":"A","index":635,"latency_seconds":24.589,"prediction":"A","progress":"336/500"}
{"correct":true,"generated_tokens":2932,"gold":"A","index":636,"latency_seconds":29.403,"prediction":"A","progress":"337/500"}
{"correct":true,"generated_tokens":1492,"gold":"A","index":637,"latency_seconds":14.913,"prediction":"A","progress":"338/500"}
{"correct":true,"generated_tokens":1756,"gold":"C","index":638,"latency_seconds":17.547,"prediction":"C","progress":"339/500"}
{"correct":false,"generated_tokens":4096,"gold":"D","index":639,"latency_seconds":41.16,"prediction":null,"progress":"340/500"}
{"correct":true,"generated_tokens":3214,"gold":"B","index":640,"latency_seconds":32.231,"prediction":"B","progress":"341/500"}
{"correct":true,"generated_tokens":1169,"gold":"C","index":641,"latency_seconds":11.672,"prediction":"C","progress":"342/500"}
{"correct":true,"generated_tokens":3142,"gold":"D","index":642,"latency_seconds":31.47,"prediction":"D","progress":"343/500"}
{"correct":true,"generated_tokens":3013,"gold":"C","index":643,"latency_seconds":30.204,"prediction":"C","progress":"344/500"}
{"correct":false,"generated_tokens":1595,"gold":"C","index":644,"latency_seconds":15.946,"prediction":"B","progress":"345/500"}
{"correct":false,"generated_tokens":4096,"gold":"A","index":645,"latency_seconds":41.152,"prediction":null,"progress":"346/500"}
{"correct":true,"generated_tokens":1606,"gold":"D","index":646,"latency_seconds":16.033,"prediction":"D","progress":"347/500"}
{"correct":false,"generated_tokens":4096,"gold":"C","index":647,"latency_seconds":41.157,"prediction":null,"progress":"348/500"}
{"correct":true,"generated_tokens":1769,"gold":"A","index":648,"latency_seconds":17.684,"prediction":"A","progress":"349/500"}
{"correct":false,"generated_tokens":4096,"gold":"B","index":649,"latency_seconds":41.126,"prediction":null,"progress":"350/500"}
{"correct":true,"generated_tokens":1647,"gold":"B","index":650,"latency_seconds":16.467,"prediction":"B","progress":"351/500"}
{"correct":true,"generated_tokens":1676,"gold":"B","index":651,"latency_seconds":16.759,"prediction":"B","progress":"352/500"}
{"correct":true,"generated_tokens":1482,"gold":"D","index":652,"latency_seconds":14.802,"prediction":"D","progress":"353/500"}
{"correct":true,"generated_tokens":2638,"gold":"A","index":653,"latency_seconds":26.398,"prediction":"A","progress":"354/500"}
{"correct":true,"generated_tokens":963,"gold":"B","index":654,"latency_seconds":9.608,"prediction":"B","progress":"355/500"}
{"correct":false,"generated_tokens":4096,"gold":"C","index":655,"latency_seconds":41.103,"prediction":null,"progress":"356/500"}
{"correct":true,"generated_tokens":1037,"gold":"C","index":656,"latency_seconds":10.321,"prediction":"C","progress":"357/500"}
{"correct":true,"generated_tokens":843,"gold":"C","index":657,"latency_seconds":8.421,"prediction":"C","progress":"358/500"}
{"correct":true,"generated_tokens":906,"gold":"C","index":658,"latency_seconds":9.052,"prediction":"C","progress":"359/500"}
{"correct":true,"generated_tokens":2561,"gold":"B","index":659,"latency_seconds":25.642,"prediction":"B","progress":"360/500"}
{"correct":true,"generated_tokens":1455,"gold":"D","index":660,"latency_seconds":14.508,"prediction":"D","progress":"361/500"}
{"correct":true,"generated_tokens":1179,"gold":"C","index":661,"latency_seconds":11.756,"prediction":"C","progress":"362/500"}
{"correct":true,"generated_tokens":1516,"gold":"A","index":662,"latency_seconds":15.139,"prediction":"A","progress":"363/500"}
{"correct":true,"generated_tokens":2271,"gold":"C","index":663,"latency_seconds":22.696,"prediction":"C","progress":"364/500"}
{"correct":true,"generated_tokens":1348,"gold":"C","index":664,"latency_seconds":13.463,"prediction":"C","progress":"365/500"}
{"correct":false,"generated_tokens":4096,"gold":"D","index":665,"latency_seconds":41.114,"prediction":null,"progress":"366/500"}
{"correct":false,"generated_tokens":4096,"gold":"C","index":666,"latency_seconds":41.119,"prediction":null,"progress":"367/500"}
{"correct":false,"generated_tokens":4096,"gold":"C","index":667,"latency_seconds":41.138,"prediction":null,"progress":"368/500"}
{"correct":true,"generated_tokens":1784,"gold":"B","index":668,"latency_seconds":17.804,"prediction":"B","progress":"369/500"}
{"correct":true,"generated_tokens":1793,"gold":"D","index":669,"latency_seconds":17.891,"prediction":"D","progress":"370/500"}
{"correct":true,"generated_tokens":2709,"gold":"B","index":670,"latency_seconds":27.11,"prediction":"B","progress":"371/500"}
{"correct":true,"generated_tokens":2952,"gold":"C","index":671,"latency_seconds":29.589,"prediction":"C","progress":"372/500"}
{"correct":true,"generated_tokens":3429,"gold":"D","index":672,"latency_seconds":34.407,"prediction":"D","progress":"373/500"}
{"correct":true,"generated_tokens":2025,"gold":"B","index":673,"latency_seconds":20.279,"prediction":"B","progress":"374/500"}
{"correct":true,"generated_tokens":1281,"gold":"C","index":674,"latency_seconds":12.786,"prediction":"C","progress":"375/500"}
{"correct":true,"generated_tokens":1873,"gold":"D","index":675,"latency_seconds":18.725,"prediction":"D","progress":"376/500"}
{"correct":true,"generated_tokens":1332,"gold":"C","index":676,"latency_seconds":13.28,"prediction":"C","progress":"377/500"}
{"correct":true,"generated_tokens":1214,"gold":"B","index":677,"latency_seconds":12.127,"prediction":"B","progress":"378/500"}
{"correct":true,"generated_tokens":1276,"gold":"B","index":678,"latency_seconds":12.729,"prediction":"B","progress":"379/500"}
{"correct":true,"generated_tokens":2998,"gold":"D","index":679,"latency_seconds":30.048,"prediction":"D","progress":"380/500"}
{"correct":false,"generated_tokens":4096,"gold":"B","index":680,"latency_seconds":41.18,"prediction":null,"progress":"381/500"}
{"correct":true,"generated_tokens":1367,"gold":"C","index":681,"latency_seconds":13.64,"prediction":"C","progress":"382/500"}
{"correct":true,"generated_tokens":4096,"gold":"A","index":682,"latency_seconds":41.124,"prediction":"A","progress":"383/500"}
{"correct":true,"generated_tokens":2275,"gold":"B","index":683,"latency_seconds":22.787,"prediction":"B","progress":"384/500"}
{"correct":true,"generated_tokens":1538,"gold":"D","index":684,"latency_seconds":15.376,"prediction":"D","progress":"385/500"}
{"correct":true,"generated_tokens":2064,"gold":"C","index":685,"latency_seconds":20.655,"prediction":"C","progress":"386/500"}
{"correct":true,"generated_tokens":1505,"gold":"C","index":686,"latency_seconds":15.054,"prediction":"C","progress":"387/500"}
{"correct":true,"generated_tokens":1248,"gold":"A","index":687,"latency_seconds":12.466,"prediction":"A","progress":"388/500"}
{"correct":true,"generated_tokens":1711,"gold":"B","index":688,"latency_seconds":17.113,"prediction":"B","progress":"389/500"}
{"correct":false,"generated_tokens":4096,"gold":"C","index":689,"latency_seconds":41.133,"prediction":null,"progress":"390/500"}
{"correct":true,"generated_tokens":3970,"gold":"B","index":690,"latency_seconds":39.867,"prediction":"B","progress":"391/500"}
{"correct":true,"generated_tokens":1762,"gold":"D","index":691,"latency_seconds":17.631,"prediction":"D","progress":"392/500"}
{"correct":true,"generated_tokens":1644,"gold":"B","index":692,"latency_seconds":16.426,"prediction":"B","progress":"393/500"}
{"correct":false,"generated_tokens":3457,"gold":"C","index":693,"latency_seconds":34.664,"prediction":"D","progress":"394/500"}
{"correct":true,"generated_tokens":3048,"gold":"A","index":694,"latency_seconds":30.553,"prediction":"A","progress":"395/500"}
{"correct":true,"generated_tokens":2835,"gold":"B","index":695,"latency_seconds":28.392,"prediction":"B","progress":"396/500"}
{"correct":true,"generated_tokens":2038,"gold":"D","index":696,"latency_seconds":20.358,"prediction":"D","progress":"397/500"}
{"correct":true,"generated_tokens":2195,"gold":"C","index":697,"latency_seconds":21.989,"prediction":"C","progress":"398/500"}
{"correct":true,"generated_tokens":1425,"gold":"D","index":698,"latency_seconds":14.24,"prediction":"D","progress":"399/500"}
{"correct":false,"generated_tokens":3026,"gold":"B","index":699,"latency_seconds":30.349,"prediction":"A","progress":"400/500"}
{"correct":false,"generated_tokens":4096,"gold":"D","index":700,"latency_seconds":41.165,"prediction":null,"progress":"401/500"}
{"correct":true,"generated_tokens":1743,"gold":"C","index":701,"latency_seconds":17.437,"prediction":"C","progress":"402/500"}
{"correct":true,"generated_tokens":2125,"gold":"C","index":702,"latency_seconds":21.267,"prediction":"C","progress":"403/500"}
{"correct":true,"generated_tokens":1203,"gold":"B","index":703,"latency_seconds":12.011,"prediction":"B","progress":"404/500"}
{"correct":true,"generated_tokens":2252,"gold":"D","index":704,"latency_seconds":22.566,"prediction":"D","progress":"405/500"}
{"correct":true,"generated_tokens":2006,"gold":"A","index":705,"latency_seconds":20.082,"prediction":"A","progress":"406/500"}
{"correct":true,"generated_tokens":1049,"gold":"B","index":706,"latency_seconds":10.472,"prediction":"B","progress":"407/500"}
{"correct":true,"generated_tokens":1129,"gold":"C","index":707,"latency_seconds":11.271,"prediction":"C","progress":"408/500"}
{"correct":true,"generated_tokens":2912,"gold":"D","index":708,"latency_seconds":29.196,"prediction":"D","progress":"409/500"}
{"correct":true,"generated_tokens":1777,"gold":"C","index":709,"latency_seconds":17.764,"prediction":"C","progress":"410/500"}
{"correct":true,"generated_tokens":4096,"gold":"A","index":710,"latency_seconds":41.122,"prediction":"A","progress":"411/500"}
{"correct":true,"generated_tokens":1472,"gold":"C","index":711,"latency_seconds":14.693,"prediction":"C","progress":"412/500"}
{"correct":true,"generated_tokens":3826,"gold":"A","index":712,"latency_seconds":38.411,"prediction":"A","progress":"413/500"}
{"correct":true,"generated_tokens":1500,"gold":"C","index":713,"latency_seconds":14.963,"prediction":"C","progress":"414/500"}
{"correct":false,"generated_tokens":4096,"gold":"C","index":714,"latency_seconds":41.154,"prediction":null,"progress":"415/500"}
{"correct":true,"generated_tokens":1098,"gold":"A","index":715,"latency_seconds":10.932,"prediction":"A","progress":"416/500"}
{"correct":false,"generated_tokens":4096,"gold":"D","index":716,"latency_seconds":41.143,"prediction":null,"progress":"417/500"}
{"correct":false,"generated_tokens":4096,"gold":"C","index":717,"latency_seconds":41.18,"prediction":null,"progress":"418/500"}
{"correct":true,"generated_tokens":1588,"gold":"B","index":718,"latency_seconds":15.875,"prediction":"B","progress":"419/500"}
{"correct":false,"generated_tokens":4096,"gold":"C","index":719,"latency_seconds":41.119,"prediction":null,"progress":"420/500"}
{"correct":true,"generated_tokens":1612,"gold":"D","index":720,"latency_seconds":16.096,"prediction":"D","progress":"421/500"}
{"correct":true,"generated_tokens":2901,"gold":"C","index":721,"latency_seconds":29.062,"prediction":"C","progress":"422/500"}
{"correct":true,"generated_tokens":1663,"gold":"A","index":722,"latency_seconds":16.603,"prediction":"A","progress":"423/500"}
{"correct":true,"generated_tokens":1908,"gold":"C","index":723,"latency_seconds":19.075,"prediction":"C","progress":"424/500"}
{"correct":true,"generated_tokens":3587,"gold":"A","index":724,"latency_seconds":35.984,"prediction":"A","progress":"425/500"}
{"correct":true,"generated_tokens":1330,"gold":"A","index":725,"latency_seconds":13.264,"prediction":"A","progress":"426/500"}
{"correct":true,"generated_tokens":1288,"gold":"B","index":726,"latency_seconds":12.819,"prediction":"B","progress":"427/500"}
{"correct":true,"generated_tokens":1480,"gold":"C","index":727,"latency_seconds":14.766,"prediction":"C","progress":"428/500"}
{"correct":false,"generated_tokens":4096,"gold":"B","index":728,"latency_seconds":41.128,"prediction":null,"progress":"429/500"}
{"correct":true,"generated_tokens":3189,"gold":"A","index":729,"latency_seconds":31.956,"prediction":"A","progress":"430/500"}
{"correct":false,"generated_tokens":4096,"gold":"B","index":730,"latency_seconds":41.131,"prediction":null,"progress":"431/500"}
{"correct":true,"generated_tokens":1382,"gold":"A","index":731,"latency_seconds":13.793,"prediction":"A","progress":"432/500"}
{"correct":true,"generated_tokens":3916,"gold":"B","index":732,"latency_seconds":39.325,"prediction":"B","progress":"433/500"}
{"correct":true,"generated_tokens":3268,"gold":"A","index":733,"latency_seconds":32.799,"prediction":"A","progress":"434/500"}
{"correct":false,"generated_tokens":1615,"gold":"B","index":734,"latency_seconds":16.141,"prediction":"A","progress":"435/500"}
{"correct":true,"generated_tokens":4013,"gold":"D","index":735,"latency_seconds":40.311,"prediction":"D","progress":"436/500"}
{"correct":true,"generated_tokens":1841,"gold":"D","index":736,"latency_seconds":18.416,"prediction":"D","progress":"437/500"}
{"correct":true,"generated_tokens":1448,"gold":"D","index":737,"latency_seconds":14.474,"prediction":"D","progress":"438/500"}
{"correct":true,"generated_tokens":2248,"gold":"D","index":738,"latency_seconds":22.591,"prediction":"D","progress":"439/500"}
{"correct":true,"generated_tokens":1677,"gold":"C","index":739,"latency_seconds":16.856,"prediction":"C","progress":"440/500"}
{"correct":true,"generated_tokens":1411,"gold":"A","index":740,"latency_seconds":14.081,"prediction":"A","progress":"441/500"}
{"correct":false,"generated_tokens":1828,"gold":"B","index":741,"latency_seconds":18.262,"prediction":"D","progress":"442/500"}
{"correct":false,"generated_tokens":4096,"gold":"D","index":742,"latency_seconds":41.119,"prediction":null,"progress":"443/500"}
{"correct":true,"generated_tokens":1160,"gold":"B","index":743,"latency_seconds":11.554,"prediction":"B","progress":"444/500"}
{"correct":true,"generated_tokens":1486,"gold":"D","index":744,"latency_seconds":14.843,"prediction":"D","progress":"445/500"}
{"correct":true,"generated_tokens":1113,"gold":"B","index":745,"latency_seconds":11.109,"prediction":"B","progress":"446/500"}
{"correct":false,"generated_tokens":4096,"gold":"A","index":746,"latency_seconds":41.077,"prediction":null,"progress":"447/500"}
{"correct":false,"generated_tokens":4096,"gold":"C","index":747,"latency_seconds":41.053,"prediction":null,"progress":"448/500"}
{"correct":true,"generated_tokens":2725,"gold":"D","index":748,"latency_seconds":27.27,"prediction":"D","progress":"449/500"}
{"correct":true,"generated_tokens":1247,"gold":"A","index":749,"latency_seconds":12.411,"prediction":"A","progress":"450/500"}
{"correct":true,"generated_tokens":1977,"gold":"A","index":750,"latency_seconds":19.736,"prediction":"A","progress":"451/500"}
{"correct":true,"generated_tokens":848,"gold":"D","index":751,"latency_seconds":8.44,"prediction":"D","progress":"452/500"}
{"correct":true,"generated_tokens":1131,"gold":"B","index":752,"latency_seconds":11.272,"prediction":"B","progress":"453/500"}
{"correct":true,"generated_tokens":1312,"gold":"C","index":753,"latency_seconds":13.082,"prediction":"C","progress":"454/500"}
{"correct":true,"generated_tokens":1565,"gold":"A","index":754,"latency_seconds":15.63,"prediction":"A","progress":"455/500"}
{"correct":false,"generated_tokens":4096,"gold":"A","index":755,"latency_seconds":41.105,"prediction":null,"progress":"456/500"}
{"correct":true,"generated_tokens":1797,"gold":"C","index":756,"latency_seconds":17.958,"prediction":"C","progress":"457/500"}
{"correct":true,"generated_tokens":1731,"gold":"B","index":757,"latency_seconds":17.274,"prediction":"B","progress":"458/500"}
{"correct":true,"generated_tokens":2329,"gold":"D","index":758,"latency_seconds":23.296,"prediction":"D","progress":"459/500"}
{"correct":false,"generated_tokens":4096,"gold":"C","index":759,"latency_seconds":41.131,"prediction":null,"progress":"460/500"}
{"correct":true,"generated_tokens":2410,"gold":"A","index":760,"latency_seconds":24.133,"prediction":"A","progress":"461/500"}
{"correct":true,"generated_tokens":2046,"gold":"A","index":761,"latency_seconds":20.463,"prediction":"A","progress":"462/500"}
{"correct":true,"generated_tokens":1756,"gold":"C","index":762,"latency_seconds":17.527,"prediction":"C","progress":"463/500"}
{"correct":true,"generated_tokens":1667,"gold":"D","index":763,"latency_seconds":16.658,"prediction":"D","progress":"464/500"}
{"correct":true,"generated_tokens":2087,"gold":"A","index":764,"latency_seconds":20.864,"prediction":"A","progress":"465/500"}
{"correct":true,"generated_tokens":1224,"gold":"A","index":765,"latency_seconds":12.221,"prediction":"A","progress":"466/500"}
{"correct":false,"generated_tokens":4096,"gold":"D","index":766,"latency_seconds":41.117,"prediction":null,"progress":"467/500"}
{"correct":true,"generated_tokens":3459,"gold":"D","index":767,"latency_seconds":34.687,"prediction":"D","progress":"468/500"}
{"correct":true,"generated_tokens":1565,"gold":"B","index":768,"latency_seconds":15.621,"prediction":"B","progress":"469/500"}
{"correct":true,"generated_tokens":2937,"gold":"A","index":769,"latency_seconds":29.386,"prediction":"A","progress":"470/500"}
{"correct":true,"generated_tokens":1664,"gold":"C","index":770,"latency_seconds":16.595,"prediction":"C","progress":"471/500"}
{"correct":true,"generated_tokens":2566,"gold":"B","index":771,"latency_seconds":25.711,"prediction":"B","progress":"472/500"}
{"correct":true,"generated_tokens":1805,"gold":"B","index":772,"latency_seconds":18.043,"prediction":"B","progress":"473/500"}
{"correct":true,"generated_tokens":2396,"gold":"B","index":773,"latency_seconds":24.003,"prediction":"B","progress":"474/500"}
{"correct":true,"generated_tokens":1935,"gold":"C","index":774,"latency_seconds":19.348,"prediction":"C","progress":"475/500"}
{"correct":true,"generated_tokens":1690,"gold":"A","index":775,"latency_seconds":16.89,"prediction":"A","progress":"476/500"}
{"correct":false,"generated_tokens":4096,"gold":"B","index":776,"latency_seconds":41.144,"prediction":null,"progress":"477/500"}
{"correct":true,"generated_tokens":1632,"gold":"C","index":777,"latency_seconds":16.295,"prediction":"C","progress":"478/500"}
{"correct":false,"generated_tokens":4096,"gold":"A","index":778,"latency_seconds":41.12,"prediction":null,"progress":"479/500"}
{"correct":false,"generated_tokens":3037,"gold":"A","index":779,"latency_seconds":30.46,"prediction":"B","progress":"480/500"}
{"correct":true,"generated_tokens":1811,"gold":"A","index":780,"latency_seconds":18.114,"prediction":"A","progress":"481/500"}
{"correct":false,"generated_tokens":4096,"gold":"B","index":781,"latency_seconds":41.133,"prediction":null,"progress":"482/500"}
{"correct":true,"generated_tokens":1326,"gold":"C","index":782,"latency_seconds":13.239,"prediction":"C","progress":"483/500"}
{"correct":false,"generated_tokens":2459,"gold":"A","index":783,"latency_seconds":24.623,"prediction":"B","progress":"484/500"}
{"correct":true,"generated_tokens":2035,"gold":"B","index":784,"latency_seconds":20.318,"prediction":"B","progress":"485/500"}
{"correct":true,"generated_tokens":1771,"gold":"B","index":785,"latency_seconds":17.701,"prediction":"B","progress":"486/500"}
{"correct":true,"generated_tokens":1669,"gold":"D","index":786,"latency_seconds":16.672,"prediction":"D","progress":"487/500"}
{"correct":true,"generated_tokens":4096,"gold":"A","index":787,"latency_seconds":41.148,"prediction":"A","progress":"488/500"}
{"correct":true,"generated_tokens":1789,"gold":"B","index":788,"latency_seconds":17.878,"prediction":"B","progress":"489/500"}
{"correct":true,"generated_tokens":1393,"gold":"A","index":789,"latency_seconds":13.918,"prediction":"A","progress":"490/500"}
{"correct":true,"generated_tokens":1412,"gold":"B","index":790,"latency_seconds":14.087,"prediction":"B","progress":"491/500"}
{"correct":true,"generated_tokens":1563,"gold":"D","index":791,"latency_seconds":15.587,"prediction":"D","progress":"492/500"}
{"correct":true,"generated_tokens":1966,"gold":"B","index":792,"latency_seconds":19.67,"prediction":"B","progress":"493/500"}
{"correct":true,"generated_tokens":1906,"gold":"C","index":793,"latency_seconds":19.066,"prediction":"C","progress":"494/500"}
{"correct":true,"generated_tokens":1070,"gold":"D","index":794,"latency_seconds":10.664,"prediction":"D","progress":"495/500"}
{"correct":false,"generated_tokens":4096,"gold":"D","index":795,"latency_seconds":41.138,"prediction":null,"progress":"496/500"}
{"correct":true,"generated_tokens":1301,"gold":"D","index":796,"latency_seconds":12.985,"prediction":"D","progress":"497/500"}
{"correct":true,"generated_tokens":1112,"gold":"C","index":797,"latency_seconds":11.068,"prediction":"C","progress":"498/500"}
{"correct":false,"generated_tokens":4096,"gold":"C","index":798,"latency_seconds":41.099,"prediction":null,"progress":"499/500"}
{"correct":true,"generated_tokens":1564,"gold":"B","index":799,"latency_seconds":15.598,"prediction":"B","progress":"500/500"}
{
  "protocol": "belebele-turkish-paired-generation-vllm-v1",
  "mode": "thinking",
  "items": 500,
  "correct": 391,
  "parsed": 410,
  "truncated": 105,
  "prompt_tokens": 136087,
  "generated_tokens": 1134475,
  "reasoning_tokens": 1102729,
  "generation_seconds": 11351.85953033698,
  "accuracy": 0.782,
  "parser_success_rate": 0.82,
  "max_new_tokens_hit_rate": 0.21,
  "mean_generated_tokens": 2268.95,
  "mean_latency_seconds": 22.70371906067396,
  "wall_seconds": 11352.865897893906,
  "samples_sha256": "e3197837ab615874576ee58c7fe27723c8fa77f686afe84233935a2f53c555bb"
}
{
  "protocol": "belebele-turkish-paired-analysis-v1",
  "items_compared": 500,
  "accuracy": {
    "direct": 0.812,
    "thinking": 0.782
  },
  "parser_failure_rate": {
    "direct": 0.078,
    "thinking": 0.18
  },
  "truncation_rate": {
    "direct": 0.062,
    "thinking": 0.21
  },
  "contingency_table": {
    "both_correct": 360,
    "both_wrong": 63,
    "direct_correct_thinking_wrong": 46,
    "direct_wrong_thinking_correct": 31
  },
  "mcnemar": {
    "statistic": 2.5454545454545454,
    "b_direct_correct_thinking_wrong": 46,
    "c_direct_wrong_thinking_correct": 31,
    "note": "continuity-corrected; compare to chi2(1) critical value 3.841 at alpha=0.05"
  },
  "caveat": "Truncated/unparsed items are scored as incorrect above like any wrong answer; check truncation_rate before trusting the accuracy delta as a measure of reasoning quality rather than token-budget sufficiency."
}
