timestamp, name, uuid, driver_version, pstate, temperature.gpu, power.draw [W], utilization.gpu [%], utilization.memory [%], memory.used [MiB], memory.total [MiB], clocks.current.sm [MHz], clocks.current.memory [MHz]
2026/09/14 06:59:46.826, NVIDIA GeForce RTX 4090, GPU-aa7f7166-9ea5-7f29-fdcd-564e63997805, 570.195.03, P8, 28, 24.74 W, 0 %, 0 %, 1 MiB, 24564 MiB, 210 MHz, 405 MHz
2026/09/14 06:59:47.830, NVIDIA GeForce RTX 4090, GPU-aa7f7166-9ea5-7f29-fdcd-564e63997805, 570.195.03, P8, 28, 25.14 W, 0 %, 0 %, 1 MiB, 24564 MiB, 210 MHz, 405 MHz
2026/09/14 06:59:48.831, NVIDIA GeForce RTX 4090, GPU-aa7f7166-9ea5-7f29-fdcd-564e63997805, 570.195.03, P8, 28, 25.19 W, 0 %, 0 %, 1 MiB, 24564 MiB, 210 MHz, 405 MHz
2026/09/14 06:59:49.832, NVIDIA GeForce RTX 4090, GPU-aa7f7166-9ea5-7f29-fdcd-564e63997805, 570.195.03, P8, 28, 25.25 W, 0 %, 0 %, 1 MiB, 24564 MiB, 210 MHz, 405 MHz
2026/09/14 06:59:50.834, NVIDIA GeForce RTX 4090, GPU-aa7f7166-9ea5-7f29-fdcd-564e63997805, 570.195.03, P8, 28, 25.35 W, 0 %, 0 %, 1 MiB, 24564 MiB, 210 MHz, 405 MHz
2026/09/14 06:59:51.835, NVIDIA GeForce RTX 4090, GPU-aa7f7166-9ea5-7f29-fdcd-564e63997805, 570.195.03, P8, 28, 25.40 W, 0 %, 0 %, 1 MiB, 24564 MiB, 210 MHz, 405 MHz
2026/09/14 06:59:52.837, NVIDIA GeForce RTX 4090, GPU-aa7f7166-9ea5-7f29-fdcd-564e63997805, 570.195.03, P8, 28, 25.10 W, 0 %, 0 %, 1 MiB, 24564 MiB, 210 MHz, 405 MHz
2026/09/14 06:59:53.839, NVIDIA GeForce RTX 4090, GPU-aa7f7166-9ea5-7f29-fdcd-564e63997805, 570.195.03, P8, 28, 24.82 W, 0 %, 0 %, 1 MiB, 24564 MiB, 210 MHz, 405 MHz
2026/09/14 06:59:54.840, NVIDIA GeForce RTX 4090, GPU-aa7f7166-9ea5-7f29-fdcd-564e63997805, 570.195.03, P8, 28, 24.88 W, 0 %, 0 %, 1 MiB, 24564 MiB, 210 MHz, 405 MHz
2026/09/14 06:59:55.841, NVIDIA GeForce RTX 4090, GPU-aa7f7166-9ea5-7f29-fdcd-564e63997805, 570.195.03, P8, 28, 24.91 W, 0 %, 0 %, 1 MiB, 24564 MiB, 210 MHz, 405 MHz
2026/09/14 06:59:56.842, NVIDIA GeForce RTX 4090, GPU-aa7f7166-9ea5-7f29-fdcd-564e63997805, 570.195.03, P8, 28, 24.93 W, 0 %, 0 %, 1 MiB, 24564 MiB, 210 MHz, 405 MHz
2026/09/14 06:59:57.843, NVIDIA GeForce RTX 4090, GPU-aa7f7166-9ea5-7f29-fdcd-564e63997805, 570.195.03, P8, 28, 24.81 W, 0 %, 0 %, 1 MiB, 24564 MiB, 210 MHz, 405 MHz
2026/09/14 06:59:58.845, NVIDIA GeForce RTX 4090, GPU-aa7f7166-9ea5-7f29-fdcd-564e63997805, 570.195.03, P8, 27, 24.69 W, 0 %, 0 %, 1 MiB, 24564 MiB, 210 MHz, 405 MHz
2026/09/14 06:59:59.846, NVIDIA GeForce RTX 4090, GPU-aa7f7166-9ea5-7f29-fdcd-564e63997805, 570.195.03, P8, 27, 25.10 W, 0 %, 0 %, 1 MiB, 24564 MiB, 210 MHz, 405 MHz
2026/09/14 07:00:00.847, NVIDIA GeForce RTX 4090, GPU-aa7f7166-9ea5-7f29-fdcd-564e63997805, 570.195.03, P8, 27, 24.82 W, 0 %, 0 %, 1 MiB, 24564 MiB, 210 MHz, 405 MHz
2026/09/14 07:00:01.848, NVIDIA GeForce RTX 4090, GPU-aa7f7166-9ea5-7f29-fdcd-564e63997805, 570.195.03, P8, 27, 24.74 W, 0 %, 0 %, 1 MiB, 24564 MiB, 210 MHz, 405 MHz
2026/09/14 07:00:02.849, NVIDIA GeForce RTX 4090, GPU-aa7f7166-9ea5-7f29-fdcd-564e63997805, 570.195.03, P8, 27, 25.17 W, 0 %, 0 %, 1 MiB, 24564 MiB, 210 MHz, 405 MHz
2026/09/14 07:00:03.851, NVIDIA GeForce RTX 4090, GPU-aa7f7166-9ea5-7f29-fdcd-564e63997805, 570.195.03, P8, 27, 25.53 W, 0 %, 0 %, 4 MiB, 24564 MiB, 210 MHz, 405 MHz
2026/09/14 07:00:04.852, NVIDIA GeForce RTX 4090, GPU-aa7f7166-9ea5-7f29-fdcd-564e63997805, 570.195.03, P0, 28, 30.87 W, 0 %, 0 %, 394 MiB, 24564 MiB, 2520 MHz, 10501 MHz
2026/09/14 07:00:05.853, NVIDIA GeForce RTX 4090, GPU-aa7f7166-9ea5-7f29-fdcd-564e63997805, 570.195.03, P0, 29, 67.74 W, 0 %, 0 %, 1 MiB, 24564 MiB, 2520 MHz, 10501 MHz
2026/09/14 07:00:06.854, NVIDIA GeForce RTX 4090, GPU-aa7f7166-9ea5-7f29-fdcd-564e63997805, 570.195.03, P0, 29, 66.41 W, 0 %, 0 %, 1 MiB, 24564 MiB, 2520 MHz, 10501 MHz
2026/09/14 07:00:07.856, NVIDIA GeForce RTX 4090, GPU-aa7f7166-9ea5-7f29-fdcd-564e63997805, 570.195.03, P5, 28, 45.53 W, 0 %, 0 %, 1 MiB, 24564 MiB, 450 MHz, 810 MHz
2026/09/14 07:00:08.857, NVIDIA GeForce RTX 4090, GPU-aa7f7166-9ea5-7f29-fdcd-564e63997805, 570.195.03, P8, 28, 36.39 W, 0 %, 0 %, 1 MiB, 24564 MiB, 285 MHz, 405 MHz
2026/09/14 07:00:09.858, NVIDIA GeForce RTX 4090, GPU-aa7f7166-9ea5-7f29-fdcd-564e63997805, 570.195.03, P8, 27, 27.40 W, 0 %, 0 %, 1 MiB, 24564 MiB, 210 MHz, 405 MHz
2026/09/14 07:00:10.859, NVIDIA GeForce RTX 4090, GPU-aa7f7166-9ea5-7f29-fdcd-564e63997805, 570.195.03, P8, 27, 25.50 W, 0 %, 0 %, 1 MiB, 24564 MiB, 210 MHz, 405 MHz
2026/09/14 07:00:11.860, NVIDIA GeForce RTX 4090, GPU-aa7f7166-9ea5-7f29-fdcd-564e63997805, 570.195.03, P8, 27, 25.44 W, 0 %, 0 %, 1 MiB, 24564 MiB, 210 MHz, 405 MHz
2026/09/14 07:00:12.862, NVIDIA GeForce RTX 4090, GPU-aa7f7166-9ea5-7f29-fdcd-564e63997805, 570.195.03, P8, 27, 24.99 W, 0 %, 0 %, 1 MiB, 24564 MiB, 210 MHz, 405 MHz
2026/09/14 07:00:13.863, NVIDIA GeForce RTX 4090, GPU-aa7f7166-9ea5-7f29-fdcd-564e63997805, 570.195.03, P8, 27, 24.92 W, 0 %, 0 %, 21 MiB, 24564 MiB, 210 MHz, 405 MHz
2026/09/14 07:00:14.865, NVIDIA GeForce RTX 4090, GPU-aa7f7166-9ea5-7f29-fdcd-564e63997805, 570.195.03, P0, 29, 48.98 W, 26 %, 1 %, 8422 MiB, 24564 MiB, 2520 MHz, 10501 MHz
2026/09/14 07:00:15.868, NVIDIA GeForce RTX 4090, GPU-aa7f7166-9ea5-7f29-fdcd-564e63997805, 570.195.03, P0, 29, 68.35 W, 17 %, 1 %, 8426 MiB, 24564 MiB, 2520 MHz, 10501 MHz
2026/09/14 07:00:16.870, NVIDIA GeForce RTX 4090, GPU-aa7f7166-9ea5-7f29-fdcd-564e63997805, 570.195.03, P0, 29, 67.23 W, 6 %, 0 %, 8488 MiB, 24564 MiB, 2520 MHz, 10501 MHz
2026/09/14 07:00:17.871, NVIDIA GeForce RTX 4090, GPU-aa7f7166-9ea5-7f29-fdcd-564e63997805, 570.195.03, P0, 29, 67.07 W, 0 %, 0 %, 8498 MiB, 24564 MiB, 2520 MHz, 10501 MHz
2026/09/14 07:00:18.873, NVIDIA GeForce RTX 4090, GPU-aa7f7166-9ea5-7f29-fdcd-564e63997805, 570.195.03, P0, 31, 84.79 W, 2 %, 0 %, 8624 MiB, 24564 MiB, 2520 MHz, 10501 MHz
2026/09/14 07:00:19.875, NVIDIA GeForce RTX 4090, GPU-aa7f7166-9ea5-7f29-fdcd-564e63997805, 570.195.03, P0, 31, 130.56 W, 37 %, 27 %, 8624 MiB, 24564 MiB, 2520 MHz, 10501 MHz
2026/09/14 07:00:20.877, NVIDIA GeForce RTX 4090, GPU-aa7f7166-9ea5-7f29-fdcd-564e63997805, 570.195.03, P0, 30, 129.55 W, 36 %, 26 %, 8624 MiB, 24564 MiB, 2520 MHz, 10501 MHz
2026/09/14 07:00:21.880, NVIDIA GeForce RTX 4090, GPU-aa7f7166-9ea5-7f29-fdcd-564e63997805, 570.195.03, P0, 31, 74.54 W, 0 %, 0 %, 8658 MiB, 24564 MiB, 2520 MHz, 10501 MHz
2026/09/14 07:00:22.881, NVIDIA GeForce RTX 4090, GPU-aa7f7166-9ea5-7f29-fdcd-564e63997805, 570.195.03, P0, 31, 119.70 W, 36 %, 25 %, 8658 MiB, 24564 MiB, 2520 MHz, 10501 MHz
2026/09/14 07:00:23.883, NVIDIA GeForce RTX 4090, GPU-aa7f7166-9ea5-7f29-fdcd-564e63997805, 570.195.03, P0, 31, 129.29 W, 36 %, 26 %, 8658 MiB, 24564 MiB, 2520 MHz, 10501 MHz
2026/09/14 07:00:24.885, NVIDIA GeForce RTX 4090, GPU-aa7f7166-9ea5-7f29-fdcd-564e63997805, 570.195.03, P0, 30, 124.60 W, 35 %, 25 %, 8658 MiB, 24564 MiB, 2520 MHz, 10501 MHz
2026/09/14 07:00:25.886, NVIDIA GeForce RTX 4090, GPU-aa7f7166-9ea5-7f29-fdcd-564e63997805, 570.195.03, P0, 32, 113.55 W, 36 %, 26 %, 8658 MiB, 24564 MiB, 2520 MHz, 10501 MHz
2026/09/14 07:00:26.888, NVIDIA GeForce RTX 4090, GPU-aa7f7166-9ea5-7f29-fdcd-564e63997805, 570.195.03, P0, 30, 98.83 W, 9 %, 7 %, 8658 MiB, 24564 MiB, 2520 MHz, 10501 MHz
2026/09/14 07:00:27.889, NVIDIA GeForce RTX 4090, GPU-aa7f7166-9ea5-7f29-fdcd-564e63997805, 570.195.03, P0, 31, 90.33 W, 19 %, 9 %, 8658 MiB, 24564 MiB, 2520 MHz, 10501 MHz
2026/09/14 07:00:28.891, NVIDIA GeForce RTX 4090, GPU-aa7f7166-9ea5-7f29-fdcd-564e63997805, 570.195.03, P0, 32, 125.73 W, 36 %, 26 %, 8658 MiB, 24564 MiB, 2520 MHz, 10501 MHz
2026/09/14 07:00:29.893, NVIDIA GeForce RTX 4090, GPU-aa7f7166-9ea5-7f29-fdcd-564e63997805, 570.195.03, P0, 32, 126.04 W, 35 %, 25 %, 8658 MiB, 24564 MiB, 2520 MHz, 10501 MHz
2026/09/14 07:00:30.894, NVIDIA GeForce RTX 4090, GPU-aa7f7166-9ea5-7f29-fdcd-564e63997805, 570.195.03, P0, 32, 125.99 W, 37 %, 26 %, 8658 MiB, 24564 MiB, 2520 MHz, 10501 MHz
2026/09/14 07:00:31.895, NVIDIA GeForce RTX 4090, GPU-aa7f7166-9ea5-7f29-fdcd-564e63997805, 570.195.03, P0, 32, 125.99 W, 36 %, 26 %, 8658 MiB, 24564 MiB, 2520 MHz, 10501 MHz
2026/09/14 07:00:32.897, NVIDIA GeForce RTX 4090, GPU-aa7f7166-9ea5-7f29-fdcd-564e63997805, 570.195.03, P0, 30, 112.54 W, 35 %, 25 %, 8658 MiB, 24564 MiB, 2520 MHz, 10501 MHz
2026/09/14 07:00:33.898, NVIDIA GeForce RTX 4090, GPU-aa7f7166-9ea5-7f29-fdcd-564e63997805, 570.195.03, P0, 32, 78.77 W, 0 %, 0 %, 8658 MiB, 24564 MiB, 2520 MHz, 10501 MHz
2026/09/14 07:00:34.900, NVIDIA GeForce RTX 4090, GPU-aa7f7166-9ea5-7f29-fdcd-564e63997805, 570.195.03, P0, 30, 88.39 W, 0 %, 0 %, 8658 MiB, 24564 MiB, 2520 MHz, 10501 MHz
2026/09/14 07:00:35.901, NVIDIA GeForce RTX 4090, GPU-aa7f7166-9ea5-7f29-fdcd-564e63997805, 570.195.03, P0, 32, 103.26 W, 37 %, 26 %, 8658 MiB, 24564 MiB, 2520 MHz, 10501 MHz
2026/09/14 07:00:36.903, NVIDIA GeForce RTX 4090, GPU-aa7f7166-9ea5-7f29-fdcd-564e63997805, 570.195.03, P0, 32, 126.39 W, 37 %, 27 %, 8658 MiB, 24564 MiB, 2520 MHz, 10501 MHz
2026/09/14 07:00:37.904, NVIDIA GeForce RTX 4090, GPU-aa7f7166-9ea5-7f29-fdcd-564e63997805, 570.195.03, P0, 32, 126.47 W, 37 %, 27 %, 8658 MiB, 24564 MiB, 2520 MHz, 10501 MHz
2026/09/14 07:00:38.906, NVIDIA GeForce RTX 4090, GPU-aa7f7166-9ea5-7f29-fdcd-564e63997805, 570.195.03, P0, 32, 125.98 W, 37 %, 27 %, 8658 MiB, 24564 MiB, 2520 MHz, 10501 MHz
2026/09/14 07:00:39.908, NVIDIA GeForce RTX 4090, GPU-aa7f7166-9ea5-7f29-fdcd-564e63997805, 570.195.03, P0, 32, 126.54 W, 37 %, 26 %, 8658 MiB, 24564 MiB, 2520 MHz, 10501 MHz
2026/09/14 07:00:40.910, NVIDIA GeForce RTX 4090, GPU-aa7f7166-9ea5-7f29-fdcd-564e63997805, 570.195.03, P0, 31, 98.31 W, 0 %, 0 %, 8658 MiB, 24564 MiB, 2520 MHz, 10501 MHz
2026/09/14 07:00:41.911, NVIDIA GeForce RTX 4090, GPU-aa7f7166-9ea5-7f29-fdcd-564e63997805, 570.195.03, P0, 32, 93.21 W, 33 %, 20 %, 8658 MiB, 24564 MiB, 2520 MHz, 10501 MHz
2026/09/14 07:00:42.913, NVIDIA GeForce RTX 4090, GPU-aa7f7166-9ea5-7f29-fdcd-564e63997805, 570.195.03, P0, 33, 126.74 W, 37 %, 26 %, 8658 MiB, 24564 MiB, 2520 MHz, 10501 MHz
2026/09/14 07:00:43.914, NVIDIA GeForce RTX 4090, GPU-aa7f7166-9ea5-7f29-fdcd-564e63997805, 570.195.03, P0, 33, 125.09 W, 35 %, 25 %, 8658 MiB, 24564 MiB, 2520 MHz, 10501 MHz
2026/09/14 07:00:44.916, NVIDIA GeForce RTX 4090, GPU-aa7f7166-9ea5-7f29-fdcd-564e63997805, 570.195.03, P0, 33, 125.82 W, 37 %, 27 %, 8658 MiB, 24564 MiB, 2520 MHz, 10501 MHz
2026/09/14 07:00:45.919, NVIDIA GeForce RTX 4090, GPU-aa7f7166-9ea5-7f29-fdcd-564e63997805, 570.195.03, P0, 33, 125.14 W, 35 %, 25 %, 8658 MiB, 24564 MiB, 2520 MHz, 10501 MHz
2026/09/14 07:00:46.920, NVIDIA GeForce RTX 4090, GPU-aa7f7166-9ea5-7f29-fdcd-564e63997805, 570.195.03, P0, 31, 98.42 W, 0 %, 0 %, 8658 MiB, 24564 MiB, 2520 MHz, 10501 MHz
2026/09/14 07:00:47.922, NVIDIA GeForce RTX 4090, GPU-aa7f7166-9ea5-7f29-fdcd-564e63997805, 570.195.03, P0, 33, 91.35 W, 34 %, 17 %, 8658 MiB, 24564 MiB, 2520 MHz, 10501 MHz
2026/09/14 07:00:48.924, NVIDIA GeForce RTX 4090, GPU-aa7f7166-9ea5-7f29-fdcd-564e63997805, 570.195.03, P0, 33, 123.67 W, 37 %, 27 %, 8658 MiB, 24564 MiB, 2520 MHz, 10501 MHz
2026/09/14 07:00:49.925, NVIDIA GeForce RTX 4090, GPU-aa7f7166-9ea5-7f29-fdcd-564e63997805, 570.195.03, P0, 33, 124.94 W, 34 %, 24 %, 8658 MiB, 24564 MiB, 2520 MHz, 10501 MHz
2026/09/14 07:00:50.927, NVIDIA GeForce RTX 4090, GPU-aa7f7166-9ea5-7f29-fdcd-564e63997805, 570.195.03, P0, 33, 125.11 W, 35 %, 25 %, 8658 MiB, 24564 MiB, 2520 MHz, 10501 MHz
2026/09/14 07:00:51.928, NVIDIA GeForce RTX 4090, GPU-aa7f7166-9ea5-7f29-fdcd-564e63997805, 570.195.03, P0, 33, 125.89 W, 35 %, 25 %, 8658 MiB, 24564 MiB, 2520 MHz, 10501 MHz
2026/09/14 07:00:52.930, NVIDIA GeForce RTX 4090, GPU-aa7f7166-9ea5-7f29-fdcd-564e63997805, 570.195.03, P0, 31, 119.68 W, 37 %, 27 %, 8658 MiB, 24564 MiB, 2520 MHz, 10501 MHz
2026/09/14 07:00:53.931, NVIDIA GeForce RTX 4090, GPU-aa7f7166-9ea5-7f29-fdcd-564e63997805, 570.195.03, P0, 33, 67.98 W, 0 %, 0 %, 8658 MiB, 24564 MiB, 2520 MHz, 10501 MHz
2026/09/14 07:00:54.933, NVIDIA GeForce RTX 4090, GPU-aa7f7166-9ea5-7f29-fdcd-564e63997805, 570.195.03, P0, 33, 122.83 W, 36 %, 26 %, 8658 MiB, 24564 MiB, 2520 MHz, 10501 MHz
2026/09/14 07:00:55.934, NVIDIA GeForce RTX 4090, GPU-aa7f7166-9ea5-7f29-fdcd-564e63997805, 570.195.03, P0, 33, 127.16 W, 36 %, 25 %, 8658 MiB, 24564 MiB, 2520 MHz, 10501 MHz
2026/09/14 07:00:56.936, NVIDIA GeForce RTX 4090, GPU-aa7f7166-9ea5-7f29-fdcd-564e63997805, 570.195.03, P0, 33, 127.10 W, 37 %, 27 %, 8658 MiB, 24564 MiB, 2520 MHz, 10501 MHz
2026/09/14 07:00:57.937, NVIDIA GeForce RTX 4090, GPU-aa7f7166-9ea5-7f29-fdcd-564e63997805, 570.195.03, P0, 33, 126.40 W, 37 %, 27 %, 8658 MiB, 24564 MiB, 2520 MHz, 10501 MHz
2026/09/14 07:00:58.938, NVIDIA GeForce RTX 4090, GPU-aa7f7166-9ea5-7f29-fdcd-564e63997805, 570.195.03, P0, 32, 125.66 W, 37 %, 27 %, 8658 MiB, 24564 MiB, 2520 MHz, 10501 MHz
2026/09/14 07:00:59.940, NVIDIA GeForce RTX 4090, GPU-aa7f7166-9ea5-7f29-fdcd-564e63997805, 570.195.03, P0, 32, 81.01 W, 0 %, 0 %, 8658 MiB, 24564 MiB, 2520 MHz, 10501 MHz
2026/09/14 07:01:00.941, NVIDIA GeForce RTX 4090, GPU-aa7f7166-9ea5-7f29-fdcd-564e63997805, 570.195.03, P0, 33, 108.37 W, 37 %, 26 %, 8658 MiB, 24564 MiB, 2520 MHz, 10501 MHz
2026/09/14 07:01:01.942, NVIDIA GeForce RTX 4090, GPU-aa7f7166-9ea5-7f29-fdcd-564e63997805, 570.195.03, P0, 32, 124.89 W, 37 %, 27 %, 8658 MiB, 24564 MiB, 2520 MHz, 10501 MHz
2026/09/14 07:01:02.944, NVIDIA GeForce RTX 4090, GPU-aa7f7166-9ea5-7f29-fdcd-564e63997805, 570.195.03, P0, 33, 69.95 W, 0 %, 0 %, 8658 MiB, 24564 MiB, 2520 MHz, 10501 MHz
2026/09/14 07:01:03.945, NVIDIA GeForce RTX 4090, GPU-aa7f7166-9ea5-7f29-fdcd-564e63997805, 570.195.03, P0, 32, 111.58 W, 37 %, 26 %, 8658 MiB, 24564 MiB, 2520 MHz, 10501 MHz
2026/09/14 07:01:04.947, NVIDIA GeForce RTX 4090, GPU-aa7f7166-9ea5-7f29-fdcd-564e63997805, 570.195.03, P0, 33, 75.85 W, 0 %, 0 %, 8658 MiB, 24564 MiB, 2520 MHz, 10501 MHz
2026/09/14 07:01:05.948, NVIDIA GeForce RTX 4090, GPU-aa7f7166-9ea5-7f29-fdcd-564e63997805, 570.195.03, P0, 32, 127.58 W, 37 %, 27 %, 8658 MiB, 24564 MiB, 2520 MHz, 10501 MHz
2026/09/14 07:01:06.951, NVIDIA GeForce RTX 4090, GPU-aa7f7166-9ea5-7f29-fdcd-564e63997805, 570.195.03, P0, 33, 73.47 W, 0 %, 0 %, 8658 MiB, 24564 MiB, 2520 MHz, 10501 MHz
2026/09/14 07:01:07.952, NVIDIA GeForce RTX 4090, GPU-aa7f7166-9ea5-7f29-fdcd-564e63997805, 570.195.03, P0, 33, 119.43 W, 37 %, 26 %, 8658 MiB, 24564 MiB, 2520 MHz, 10501 MHz
2026/09/14 07:01:08.954, NVIDIA GeForce RTX 4090, GPU-aa7f7166-9ea5-7f29-fdcd-564e63997805, 570.195.03, P0, 32, 100.79 W, 8 %, 6 %, 8658 MiB, 24564 MiB, 2520 MHz, 10501 MHz
2026/09/14 07:01:09.955, NVIDIA GeForce RTX 4090, GPU-aa7f7166-9ea5-7f29-fdcd-564e63997805, 570.195.03, P0, 33, 92.92 W, 39 %, 23 %, 8658 MiB, 24564 MiB, 2520 MHz, 10501 MHz
2026/09/14 07:01:10.956, NVIDIA GeForce RTX 4090, GPU-aa7f7166-9ea5-7f29-fdcd-564e63997805, 570.195.03, P0, 33, 124.25 W, 33 %, 23 %, 8658 MiB, 24564 MiB, 2520 MHz, 10501 MHz
2026/09/14 07:01:11.958, NVIDIA GeForce RTX 4090, GPU-aa7f7166-9ea5-7f29-fdcd-564e63997805, 570.195.03, P0, 33, 124.12 W, 37 %, 27 %, 8658 MiB, 24564 MiB, 2520 MHz, 10501 MHz
2026/09/14 07:01:12.960, NVIDIA GeForce RTX 4090, GPU-aa7f7166-9ea5-7f29-fdcd-564e63997805, 570.195.03, P0, 32, 106.16 W, 33 %, 24 %, 8658 MiB, 24564 MiB, 2520 MHz, 10501 MHz
2026/09/14 07:01:13.961, NVIDIA GeForce RTX 4090, GPU-aa7f7166-9ea5-7f29-fdcd-564e63997805, 570.195.03, P0, 33, 79.30 W, 0 %, 0 %, 8658 MiB, 24564 MiB, 2520 MHz, 10501 MHz
2026/09/14 07:01:14.963, NVIDIA GeForce RTX 4090, GPU-aa7f7166-9ea5-7f29-fdcd-564e63997805, 570.195.03, P0, 33, 126.32 W, 37 %, 26 %, 8658 MiB, 24564 MiB, 2520 MHz, 10501 MHz
2026/09/14 07:01:15.965, NVIDIA GeForce RTX 4090, GPU-aa7f7166-9ea5-7f29-fdcd-564e63997805, 570.195.03, P0, 33, 124.40 W, 33 %, 23 %, 8658 MiB, 24564 MiB, 2520 MHz, 10501 MHz
2026/09/14 07:01:16.967, NVIDIA GeForce RTX 4090, GPU-aa7f7166-9ea5-7f29-fdcd-564e63997805, 570.195.03, P0, 33, 124.88 W, 37 %, 26 %, 8658 MiB, 24564 MiB, 2520 MHz, 10501 MHz
2026/09/14 07:01:17.969, NVIDIA GeForce RTX 4090, GPU-aa7f7166-9ea5-7f29-fdcd-564e63997805, 570.195.03, P0, 32, 93.19 W, 0 %, 0 %, 8658 MiB, 24564 MiB, 2520 MHz, 10501 MHz
2026/09/14 07:01:18.971, NVIDIA GeForce RTX 4090, GPU-aa7f7166-9ea5-7f29-fdcd-564e63997805, 570.195.03, P0, 33, 97.57 W, 38 %, 27 %, 8658 MiB, 24564 MiB, 2520 MHz, 10501 MHz
2026/09/14 07:01:19.973, NVIDIA GeForce RTX 4090, GPU-aa7f7166-9ea5-7f29-fdcd-564e63997805, 570.195.03, P0, 32, 112.09 W, 37 %, 26 %, 8658 MiB, 24564 MiB, 2520 MHz, 10501 MHz
2026/09/14 07:01:20.975, NVIDIA GeForce RTX 4090, GPU-aa7f7166-9ea5-7f29-fdcd-564e63997805, 570.195.03, P0, 33, 78.11 W, 0 %, 0 %, 8658 MiB, 24564 MiB, 2520 MHz, 10501 MHz
2026/09/14 07:01:21.977, NVIDIA GeForce RTX 4090, GPU-aa7f7166-9ea5-7f29-fdcd-564e63997805, 570.195.03, P0, 33, 125.57 W, 35 %, 25 %, 8658 MiB, 24564 MiB, 2520 MHz, 10501 MHz
2026/09/14 07:01:22.980, NVIDIA GeForce RTX 4090, GPU-aa7f7166-9ea5-7f29-fdcd-564e63997805, 570.195.03, P0, 34, 125.69 W, 37 %, 26 %, 8658 MiB, 24564 MiB, 2520 MHz, 10501 MHz
2026/09/14 07:01:23.982, NVIDIA GeForce RTX 4090, GPU-aa7f7166-9ea5-7f29-fdcd-564e63997805, 570.195.03, P0, 34, 126.03 W, 37 %, 27 %, 8658 MiB, 24564 MiB, 2520 MHz, 10501 MHz
2026/09/14 07:01:24.984, NVIDIA GeForce RTX 4090, GPU-aa7f7166-9ea5-7f29-fdcd-564e63997805, 570.195.03, P0, 34, 125.89 W, 36 %, 26 %, 8658 MiB, 24564 MiB, 2520 MHz, 10501 MHz
2026/09/14 07:01:25.987, NVIDIA GeForce RTX 4090, GPU-aa7f7166-9ea5-7f29-fdcd-564e63997805, 570.195.03, P0, 32, 95.23 W, 0 %, 0 %, 8658 MiB, 24564 MiB, 2520 MHz, 10501 MHz
2026/09/14 07:01:26.989, NVIDIA GeForce RTX 4090, GPU-aa7f7166-9ea5-7f29-fdcd-564e63997805, 570.195.03, P0, 33, 96.85 W, 36 %, 25 %, 8658 MiB, 24564 MiB, 2520 MHz, 10501 MHz
2026/09/14 07:01:27.990, NVIDIA GeForce RTX 4090, GPU-aa7f7166-9ea5-7f29-fdcd-564e63997805, 570.195.03, P0, 34, 123.30 W, 34 %, 24 %, 8658 MiB, 24564 MiB, 2520 MHz, 10501 MHz
2026/09/14 07:01:28.992, NVIDIA GeForce RTX 4090, GPU-aa7f7166-9ea5-7f29-fdcd-564e63997805, 570.195.03, P0, 34, 122.96 W, 35 %, 25 %, 8658 MiB, 24564 MiB, 2520 MHz, 10501 MHz
2026/09/14 07:01:29.993, NVIDIA GeForce RTX 4090, GPU-aa7f7166-9ea5-7f29-fdcd-564e63997805, 570.195.03, P0, 33, 125.47 W, 37 %, 27 %, 8658 MiB, 24564 MiB, 2520 MHz, 10501 MHz
2026/09/14 07:01:30.995, NVIDIA GeForce RTX 4090, GPU-aa7f7166-9ea5-7f29-fdcd-564e63997805, 570.195.03, P0, 33, 83.03 W, 0 %, 0 %, 8658 MiB, 24564 MiB, 2520 MHz, 10501 MHz
2026/09/14 07:01:31.996, NVIDIA GeForce RTX 4090, GPU-aa7f7166-9ea5-7f29-fdcd-564e63997805, 570.195.03, P0, 34, 110.40 W, 37 %, 27 %, 8658 MiB, 24564 MiB, 2520 MHz, 10501 MHz
2026/09/14 07:01:32.998, NVIDIA GeForce RTX 4090, GPU-aa7f7166-9ea5-7f29-fdcd-564e63997805, 570.195.03, P0, 34, 127.20 W, 36 %, 25 %, 8658 MiB, 24564 MiB, 2520 MHz, 10501 MHz
2026/09/14 07:01:34.000, NVIDIA GeForce RTX 4090, GPU-aa7f7166-9ea5-7f29-fdcd-564e63997805, 570.195.03, P0, 34, 126.66 W, 36 %, 25 %, 8658 MiB, 24564 MiB, 2520 MHz, 10501 MHz
2026/09/14 07:01:35.001, NVIDIA GeForce RTX 4090, GPU-aa7f7166-9ea5-7f29-fdcd-564e63997805, 570.195.03, P0, 34, 124.20 W, 34 %, 24 %, 8658 MiB, 24564 MiB, 2520 MHz, 10501 MHz
2026/09/14 07:01:36.003, NVIDIA GeForce RTX 4090, GPU-aa7f7166-9ea5-7f29-fdcd-564e63997805, 570.195.03, P0, 32, 112.11 W, 37 %, 26 %, 8658 MiB, 24564 MiB, 2520 MHz, 10501 MHz
2026/09/14 07:01:37.005, NVIDIA GeForce RTX 4090, GPU-aa7f7166-9ea5-7f29-fdcd-564e63997805, 570.195.03, P0, 34, 85.17 W, 0 %, 0 %, 8658 MiB, 24564 MiB, 2520 MHz, 10501 MHz
2026/09/14 07:01:38.007, NVIDIA GeForce RTX 4090, GPU-aa7f7166-9ea5-7f29-fdcd-564e63997805, 570.195.03, P0, 34, 126.01 W, 37 %, 27 %, 8658 MiB, 24564 MiB, 2520 MHz, 10501 MHz
2026/09/14 07:01:39.008, NVIDIA GeForce RTX 4090, GPU-aa7f7166-9ea5-7f29-fdcd-564e63997805, 570.195.03, P0, 34, 125.25 W, 35 %, 25 %, 8658 MiB, 24564 MiB, 2520 MHz, 10501 MHz
2026/09/14 07:01:40.010, NVIDIA GeForce RTX 4090, GPU-aa7f7166-9ea5-7f29-fdcd-564e63997805, 570.195.03, P0, 34, 125.52 W, 33 %, 23 %, 8658 MiB, 24564 MiB, 2520 MHz, 10501 MHz
2026/09/14 07:01:41.011, NVIDIA GeForce RTX 4090, GPU-aa7f7166-9ea5-7f29-fdcd-564e63997805, 570.195.03, P0, 34, 124.17 W, 36 %, 26 %, 8658 MiB, 24564 MiB, 2520 MHz, 10501 MHz
2026/09/14 07:01:42.013, NVIDIA GeForce RTX 4090, GPU-aa7f7166-9ea5-7f29-fdcd-564e63997805, 570.195.03, P0, 32, 97.99 W, 34 %, 24 %, 8658 MiB, 24564 MiB, 2520 MHz, 10501 MHz
2026/09/14 07:01:43.015, NVIDIA GeForce RTX 4090, GPU-aa7f7166-9ea5-7f29-fdcd-564e63997805, 570.195.03, P0, 34, 90.74 W, 0 %, 0 %, 8658 MiB, 24564 MiB, 2520 MHz, 10501 MHz
2026/09/14 07:01:44.017, NVIDIA GeForce RTX 4090, GPU-aa7f7166-9ea5-7f29-fdcd-564e63997805, 570.195.03, P0, 34, 122.29 W, 31 %, 22 %, 8658 MiB, 24564 MiB, 2520 MHz, 10501 MHz
2026/09/14 07:01:45.019, NVIDIA GeForce RTX 4090, GPU-aa7f7166-9ea5-7f29-fdcd-564e63997805, 570.195.03, P0, 34, 124.55 W, 36 %, 26 %, 8658 MiB, 24564 MiB, 2520 MHz, 10501 MHz
2026/09/14 07:01:46.020, NVIDIA GeForce RTX 4090, GPU-aa7f7166-9ea5-7f29-fdcd-564e63997805, 570.195.03, P0, 34, 125.18 W, 35 %, 25 %, 8658 MiB, 24564 MiB, 2520 MHz, 10501 MHz
2026/09/14 07:01:47.022, NVIDIA GeForce RTX 4090, GPU-aa7f7166-9ea5-7f29-fdcd-564e63997805, 570.195.03, P0, 33, 118.39 W, 32 %, 23 %, 8658 MiB, 24564 MiB, 2520 MHz, 10501 MHz
2026/09/14 07:01:48.024, NVIDIA GeForce RTX 4090, GPU-aa7f7166-9ea5-7f29-fdcd-564e63997805, 570.195.03, P0, 34, 72.59 W, 0 %, 0 %, 8658 MiB, 24564 MiB, 2520 MHz, 10501 MHz
2026/09/14 07:01:49.026, NVIDIA GeForce RTX 4090, GPU-aa7f7166-9ea5-7f29-fdcd-564e63997805, 570.195.03, P0, 33, 126.31 W, 37 %, 27 %, 8658 MiB, 24564 MiB, 2520 MHz, 10501 MHz
2026/09/14 07:01:50.027, NVIDIA GeForce RTX 4090, GPU-aa7f7166-9ea5-7f29-fdcd-564e63997805, 570.195.03, P0, 34, 71.86 W, 0 %, 0 %, 8658 MiB, 24564 MiB, 2520 MHz, 10501 MHz
2026/09/14 07:01:51.029, NVIDIA GeForce RTX 4090, GPU-aa7f7166-9ea5-7f29-fdcd-564e63997805, 570.195.03, P0, 34, 120.54 W, 37 %, 26 %, 8658 MiB, 24564 MiB, 2520 MHz, 10501 MHz
2026/09/14 07:01:52.031, NVIDIA GeForce RTX 4090, GPU-aa7f7166-9ea5-7f29-fdcd-564e63997805, 570.195.03, P0, 34, 127.20 W, 37 %, 27 %, 8658 MiB, 24564 MiB, 2520 MHz, 10501 MHz
2026/09/14 07:01:53.032, NVIDIA GeForce RTX 4090, GPU-aa7f7166-9ea5-7f29-fdcd-564e63997805, 570.195.03, P0, 34, 126.37 W, 36 %, 26 %, 8658 MiB, 24564 MiB, 2520 MHz, 10501 MHz
2026/09/14 07:01:54.034, NVIDIA GeForce RTX 4090, GPU-aa7f7166-9ea5-7f29-fdcd-564e63997805, 570.195.03, P0, 32, 80.72 W, 0 %, 0 %, 8658 MiB, 24564 MiB, 2520 MHz, 10501 MHz
2026/09/14 07:01:55.036, NVIDIA GeForce RTX 4090, GPU-aa7f7166-9ea5-7f29-fdcd-564e63997805, 570.195.03, P0, 34, 113.07 W, 37 %, 26 %, 8658 MiB, 24564 MiB, 2520 MHz, 10501 MHz
2026/09/14 07:01:56.037, NVIDIA GeForce RTX 4090, GPU-aa7f7166-9ea5-7f29-fdcd-564e63997805, 570.195.03, P0, 34, 126.64 W, 36 %, 26 %, 8658 MiB, 24564 MiB, 2520 MHz, 10501 MHz
2026/09/14 07:01:57.039, NVIDIA GeForce RTX 4090, GPU-aa7f7166-9ea5-7f29-fdcd-564e63997805, 570.195.03, P0, 34, 126.36 W, 36 %, 26 %, 8658 MiB, 24564 MiB, 2520 MHz, 10501 MHz
2026/09/14 07:01:58.040, NVIDIA GeForce RTX 4090, GPU-aa7f7166-9ea5-7f29-fdcd-564e63997805, 570.195.03, P0, 34, 127.04 W, 37 %, 27 %, 8658 MiB, 24564 MiB, 2520 MHz, 10501 MHz
2026/09/14 07:01:59.042, NVIDIA GeForce RTX 4090, GPU-aa7f7166-9ea5-7f29-fdcd-564e63997805, 570.195.03, P0, 34, 126.92 W, 37 %, 27 %, 8658 MiB, 24564 MiB, 2520 MHz, 10501 MHz
2026/09/14 07:02:00.044, NVIDIA GeForce RTX 4090, GPU-aa7f7166-9ea5-7f29-fdcd-564e63997805, 570.195.03, P0, 33, 77.54 W, 0 %, 0 %, 8658 MiB, 24564 MiB, 2520 MHz, 10501 MHz
2026/09/14 07:02:01.046, NVIDIA GeForce RTX 4090, GPU-aa7f7166-9ea5-7f29-fdcd-564e63997805, 570.195.03, P0, 32, 102.25 W, 34 %, 25 %, 8658 MiB, 24564 MiB, 2520 MHz, 10501 MHz
2026/09/14 07:02:02.048, NVIDIA GeForce RTX 4090, GPU-aa7f7166-9ea5-7f29-fdcd-564e63997805, 570.195.03, P0, 34, 73.87 W, 0 %, 0 %, 8658 MiB, 24564 MiB, 2520 MHz, 10501 MHz
2026/09/14 07:02:03.050, NVIDIA GeForce RTX 4090, GPU-aa7f7166-9ea5-7f29-fdcd-564e63997805, 570.195.03, P0, 34, 125.21 W, 34 %, 25 %, 8658 MiB, 24564 MiB, 2520 MHz, 10501 MHz
2026/09/14 07:02:04.052, NVIDIA GeForce RTX 4090, GPU-aa7f7166-9ea5-7f29-fdcd-564e63997805, 570.195.03, P0, 34, 123.28 W, 33 %, 24 %, 8658 MiB, 24564 MiB, 2520 MHz, 10501 MHz
2026/09/14 07:02:05.054, NVIDIA GeForce RTX 4090, GPU-aa7f7166-9ea5-7f29-fdcd-564e63997805, 570.195.03, P0, 34, 123.81 W, 36 %, 25 %, 8658 MiB, 24564 MiB, 2520 MHz, 10501 MHz
2026/09/14 07:02:06.056, NVIDIA GeForce RTX 4090, GPU-aa7f7166-9ea5-7f29-fdcd-564e63997805, 570.195.03, P0, 32, 87.87 W, 0 %, 0 %, 8658 MiB, 24564 MiB, 2520 MHz, 10501 MHz
2026/09/14 07:02:07.059, NVIDIA GeForce RTX 4090, GPU-aa7f7166-9ea5-7f29-fdcd-564e63997805, 570.195.03, P0, 34, 100.02 W, 33 %, 24 %, 8658 MiB, 24564 MiB, 2520 MHz, 10501 MHz
2026/09/14 07:02:08.061, NVIDIA GeForce RTX 4090, GPU-aa7f7166-9ea5-7f29-fdcd-564e63997805, 570.195.03, P0, 34, 123.02 W, 36 %, 26 %, 8658 MiB, 24564 MiB, 2520 MHz, 10501 MHz
2026/09/14 07:02:09.064, NVIDIA GeForce RTX 4090, GPU-aa7f7166-9ea5-7f29-fdcd-564e63997805, 570.195.03, P0, 33, 120.61 W, 32 %, 23 %, 8658 MiB, 24564 MiB, 2520 MHz, 10501 MHz
2026/09/14 07:02:10.066, NVIDIA GeForce RTX 4090, GPU-aa7f7166-9ea5-7f29-fdcd-564e63997805, 570.195.03, P0, 33, 90.18 W, 0 %, 0 %, 8658 MiB, 24564 MiB, 2520 MHz, 10501 MHz
2026/09/14 07:02:11.068, NVIDIA GeForce RTX 4090, GPU-aa7f7166-9ea5-7f29-fdcd-564e63997805, 570.195.03, P0, 34, 127.00 W, 37 %, 27 %, 8658 MiB, 24564 MiB, 2520 MHz, 10501 MHz
2026/09/14 07:02:12.071, NVIDIA GeForce RTX 4090, GPU-aa7f7166-9ea5-7f29-fdcd-564e63997805, 570.195.03, P0, 34, 123.73 W, 36 %, 26 %, 8658 MiB, 24564 MiB, 2520 MHz, 10501 MHz
2026/09/14 07:02:13.073, NVIDIA GeForce RTX 4090, GPU-aa7f7166-9ea5-7f29-fdcd-564e63997805, 570.195.03, P0, 33, 83.62 W, 35 %, 25 %, 8658 MiB, 24564 MiB, 2520 MHz, 10501 MHz
2026/09/14 07:02:14.075, NVIDIA GeForce RTX 4090, GPU-aa7f7166-9ea5-7f29-fdcd-564e63997805, 570.195.03, P0, 34, 105.52 W, 0 %, 0 %, 8658 MiB, 24564 MiB, 2520 MHz, 10501 MHz
2026/09/14 07:02:15.076, NVIDIA GeForce RTX 4090, GPU-aa7f7166-9ea5-7f29-fdcd-564e63997805, 570.195.03, P0, 34, 124.96 W, 36 %, 26 %, 8658 MiB, 24564 MiB, 2520 MHz, 10501 MHz
2026/09/14 07:02:16.078, NVIDIA GeForce RTX 4090, GPU-aa7f7166-9ea5-7f29-fdcd-564e63997805, 570.195.03, P0, 34, 124.92 W, 34 %, 24 %, 8658 MiB, 24564 MiB, 2520 MHz, 10501 MHz
2026/09/14 07:02:17.081, NVIDIA GeForce RTX 4090, GPU-aa7f7166-9ea5-7f29-fdcd-564e63997805, 570.195.03, P0, 34, 123.69 W, 36 %, 26 %, 8658 MiB, 24564 MiB, 2520 MHz, 10501 MHz
2026/09/14 07:02:18.083, NVIDIA GeForce RTX 4090, GPU-aa7f7166-9ea5-7f29-fdcd-564e63997805, 570.195.03, P0, 34, 111.88 W, 32 %, 23 %, 8658 MiB, 24564 MiB, 2520 MHz, 10501 MHz
2026/09/14 07:02:19.085, NVIDIA GeForce RTX 4090, GPU-aa7f7166-9ea5-7f29-fdcd-564e63997805, 570.195.03, P0, 32, 73.24 W, 0 %, 0 %, 8658 MiB, 24564 MiB, 2520 MHz, 10501 MHz
2026/09/14 07:02:20.087, NVIDIA GeForce RTX 4090, GPU-aa7f7166-9ea5-7f29-fdcd-564e63997805, 570.195.03, P0, 34, 124.77 W, 37 %, 27 %, 8658 MiB, 24564 MiB, 2520 MHz, 10501 MHz
2026/09/14 07:02:21.088, NVIDIA GeForce RTX 4090, GPU-aa7f7166-9ea5-7f29-fdcd-564e63997805, 570.195.03, P0, 34, 122.80 W, 36 %, 26 %, 8658 MiB, 24564 MiB, 2520 MHz, 10501 MHz
2026/09/14 07:02:22.090, NVIDIA GeForce RTX 4090, GPU-aa7f7166-9ea5-7f29-fdcd-564e63997805, 570.195.03, P0, 33, 94.27 W, 30 %, 22 %, 8658 MiB, 24564 MiB, 2520 MHz, 10501 MHz
2026/09/14 07:02:23.091, NVIDIA GeForce RTX 4090, GPU-aa7f7166-9ea5-7f29-fdcd-564e63997805, 570.195.03, P0, 34, 91.93 W, 0 %, 0 %, 8658 MiB, 24564 MiB, 2520 MHz, 10501 MHz
2026/09/14 07:02:24.093, NVIDIA GeForce RTX 4090, GPU-aa7f7166-9ea5-7f29-fdcd-564e63997805, 570.195.03, P0, 34, 123.80 W, 37 %, 27 %, 8658 MiB, 24564 MiB, 2520 MHz, 10501 MHz
2026/09/14 07:02:25.095, NVIDIA GeForce RTX 4090, GPU-aa7f7166-9ea5-7f29-fdcd-564e63997805, 570.195.03, P0, 34, 124.72 W, 35 %, 26 %, 8658 MiB, 24564 MiB, 2520 MHz, 10501 MHz
2026/09/14 07:02:26.096, NVIDIA GeForce RTX 4090, GPU-aa7f7166-9ea5-7f29-fdcd-564e63997805, 570.195.03, P0, 34, 125.05 W, 35 %, 26 %, 8658 MiB, 24564 MiB, 2520 MHz, 10501 MHz
2026/09/14 07:02:27.098, NVIDIA GeForce RTX 4090, GPU-aa7f7166-9ea5-7f29-fdcd-564e63997805, 570.195.03, P0, 34, 125.50 W, 35 %, 26 %, 8658 MiB, 24564 MiB, 2520 MHz, 10501 MHz
2026/09/14 07:02:28.099, NVIDIA GeForce RTX 4090, GPU-aa7f7166-9ea5-7f29-fdcd-564e63997805, 570.195.03, P0, 34, 118.41 W, 34 %, 24 %, 8658 MiB, 24564 MiB, 2520 MHz, 10501 MHz
2026/09/14 07:02:29.101, NVIDIA GeForce RTX 4090, GPU-aa7f7166-9ea5-7f29-fdcd-564e63997805, 570.195.03, P0, 33, 74.87 W, 0 %, 0 %, 8658 MiB, 24564 MiB, 2520 MHz, 10501 MHz
2026/09/14 07:02:30.103, NVIDIA GeForce RTX 4090, GPU-aa7f7166-9ea5-7f29-fdcd-564e63997805, 570.195.03, P0, 34, 125.85 W, 37 %, 27 %, 8658 MiB, 24564 MiB, 2520 MHz, 10501 MHz
2026/09/14 07:02:31.104, NVIDIA GeForce RTX 4090, GPU-aa7f7166-9ea5-7f29-fdcd-564e63997805, 570.195.03, P0, 34, 124.05 W, 36 %, 26 %, 8658 MiB, 24564 MiB, 2520 MHz, 10501 MHz
2026/09/14 07:02:32.106, NVIDIA GeForce RTX 4090, GPU-aa7f7166-9ea5-7f29-fdcd-564e63997805, 570.195.03, P0, 34, 125.41 W, 36 %, 26 %, 8658 MiB, 24564 MiB, 2520 MHz, 10501 MHz
2026/09/14 07:02:33.108, NVIDIA GeForce RTX 4090, GPU-aa7f7166-9ea5-7f29-fdcd-564e63997805, 570.195.03, P0, 34, 111.32 W, 36 %, 26 %, 8658 MiB, 24564 MiB, 2520 MHz, 10501 MHz
2026/09/14 07:02:34.110, NVIDIA GeForce RTX 4090, GPU-aa7f7166-9ea5-7f29-fdcd-564e63997805, 570.195.03, P0, 33, 77.76 W, 0 %, 0 %, 8658 MiB, 24564 MiB, 2520 MHz, 10501 MHz
2026/09/14 07:02:35.111, NVIDIA GeForce RTX 4090, GPU-aa7f7166-9ea5-7f29-fdcd-564e63997805, 570.195.03, P0, 34, 125.55 W, 36 %, 25 %, 8658 MiB, 24564 MiB, 2520 MHz, 10501 MHz
2026/09/14 07:02:36.113, NVIDIA GeForce RTX 4090, GPU-aa7f7166-9ea5-7f29-fdcd-564e63997805, 570.195.03, P0, 34, 125.55 W, 36 %, 25 %, 8658 MiB, 24564 MiB, 2520 MHz, 10501 MHz
2026/09/14 07:02:37.114, NVIDIA GeForce RTX 4090, GPU-aa7f7166-9ea5-7f29-fdcd-564e63997805, 570.195.03, P0, 34, 125.03 W, 35 %, 25 %, 8658 MiB, 24564 MiB, 2520 MHz, 10501 MHz
2026/09/14 07:02:38.116, NVIDIA GeForce RTX 4090, GPU-aa7f7166-9ea5-7f29-fdcd-564e63997805, 570.195.03, P0, 34, 126.41 W, 36 %, 26 %, 8658 MiB, 24564 MiB, 2520 MHz, 10501 MHz
2026/09/14 07:02:39.117, NVIDIA GeForce RTX 4090, GPU-aa7f7166-9ea5-7f29-fdcd-564e63997805, 570.195.03, P0, 33, 92.57 W, 36 %, 26 %, 8658 MiB, 24564 MiB, 2520 MHz, 10501 MHz
2026/09/14 07:02:40.119, NVIDIA GeForce RTX 4090, GPU-aa7f7166-9ea5-7f29-fdcd-564e63997805, 570.195.03, P0, 34, 89.87 W, 0 %, 0 %, 8658 MiB, 24564 MiB, 2520 MHz, 10501 MHz
2026/09/14 07:02:41.120, NVIDIA GeForce RTX 4090, GPU-aa7f7166-9ea5-7f29-fdcd-564e63997805, 570.195.03, P0, 32, 73.46 W, 0 %, 0 %, 8658 MiB, 24564 MiB, 2520 MHz, 10501 MHz
2026/09/14 07:02:42.122, NVIDIA GeForce RTX 4090, GPU-aa7f7166-9ea5-7f29-fdcd-564e63997805, 570.195.03, P0, 34, 107.62 W, 37 %, 27 %, 8658 MiB, 24564 MiB, 2520 MHz, 10501 MHz
2026/09/14 07:02:43.124, NVIDIA GeForce RTX 4090, GPU-aa7f7166-9ea5-7f29-fdcd-564e63997805, 570.195.03, P0, 32, 86.43 W, 0 %, 0 %, 8658 MiB, 24564 MiB, 2520 MHz, 10501 MHz
2026/09/14 07:02:44.125, NVIDIA GeForce RTX 4090, GPU-aa7f7166-9ea5-7f29-fdcd-564e63997805, 570.195.03, P0, 34, 128.16 W, 38 %, 27 %, 8658 MiB, 24564 MiB, 2520 MHz, 10501 MHz
2026/09/14 07:02:45.127, NVIDIA GeForce RTX 4090, GPU-aa7f7166-9ea5-7f29-fdcd-564e63997805, 570.195.03, P0, 34, 127.54 W, 37 %, 26 %, 8658 MiB, 24564 MiB, 2520 MHz, 10501 MHz
2026/09/14 07:02:46.129, NVIDIA GeForce RTX 4090, GPU-aa7f7166-9ea5-7f29-fdcd-564e63997805, 570.195.03, P0, 34, 127.37 W, 37 %, 26 %, 8658 MiB, 24564 MiB, 2520 MHz, 10501 MHz
2026/09/14 07:02:47.130, NVIDIA GeForce RTX 4090, GPU-aa7f7166-9ea5-7f29-fdcd-564e63997805, 570.195.03, P0, 34, 126.58 W, 38 %, 27 %, 8658 MiB, 24564 MiB, 2520 MHz, 10501 MHz
2026/09/14 07:02:48.133, NVIDIA GeForce RTX 4090, GPU-aa7f7166-9ea5-7f29-fdcd-564e63997805, 570.195.03, P0, 33, 71.31 W, 0 %, 0 %, 8658 MiB, 24564 MiB, 2520 MHz, 10501 MHz
2026/09/14 07:02:49.134, NVIDIA GeForce RTX 4090, GPU-aa7f7166-9ea5-7f29-fdcd-564e63997805, 570.195.03, P0, 33, 84.53 W, 38 %, 23 %, 8658 MiB, 24564 MiB, 2520 MHz, 10501 MHz
2026/09/14 07:02:50.136, NVIDIA GeForce RTX 4090, GPU-aa7f7166-9ea5-7f29-fdcd-564e63997805, 570.195.03, P0, 34, 103.84 W, 0 %, 0 %, 8658 MiB, 24564 MiB, 2520 MHz, 10501 MHz
2026/09/14 07:02:51.138, NVIDIA GeForce RTX 4090, GPU-aa7f7166-9ea5-7f29-fdcd-564e63997805, 570.195.03, P0, 34, 127.25 W, 37 %, 26 %, 8658 MiB, 24564 MiB, 2520 MHz, 10501 MHz
2026/09/14 07:02:52.140, NVIDIA GeForce RTX 4090, GPU-aa7f7166-9ea5-7f29-fdcd-564e63997805, 570.195.03, P0, 34, 126.63 W, 36 %, 26 %, 8658 MiB, 24564 MiB, 2520 MHz, 10501 MHz
2026/09/14 07:02:53.142, NVIDIA GeForce RTX 4090, GPU-aa7f7166-9ea5-7f29-fdcd-564e63997805, 570.195.03, P0, 34, 126.50 W, 37 %, 27 %, 8658 MiB, 24564 MiB, 2520 MHz, 10501 MHz
2026/09/14 07:02:54.143, NVIDIA GeForce RTX 4090, GPU-aa7f7166-9ea5-7f29-fdcd-564e63997805, 570.195.03, P0, 34, 125.30 W, 37 %, 27 %, 8658 MiB, 24564 MiB, 2520 MHz, 10501 MHz
2026/09/14 07:02:55.145, NVIDIA GeForce RTX 4090, GPU-aa7f7166-9ea5-7f29-fdcd-564e63997805, 570.195.03, P0, 33, 91.49 W, 37 %, 27 %, 8658 MiB, 24564 MiB, 2520 MHz, 10501 MHz
2026/09/14 07:02:56.147, NVIDIA GeForce RTX 4090, GPU-aa7f7166-9ea5-7f29-fdcd-564e63997805, 570.195.03, P0, 34, 99.46 W, 0 %, 0 %, 8658 MiB, 24564 MiB, 2520 MHz, 10501 MHz
2026/09/14 07:02:57.149, NVIDIA GeForce RTX 4090, GPU-aa7f7166-9ea5-7f29-fdcd-564e63997805, 570.195.03, P0, 34, 125.35 W, 36 %, 26 %, 8658 MiB, 24564 MiB, 2520 MHz, 10501 MHz
2026/09/14 07:02:58.150, NVIDIA GeForce RTX 4090, GPU-aa7f7166-9ea5-7f29-fdcd-564e63997805, 570.195.03, P0, 34, 126.67 W, 37 %, 27 %, 8658 MiB, 24564 MiB, 2520 MHz, 10501 MHz
2026/09/14 07:02:59.152, NVIDIA GeForce RTX 4090, GPU-aa7f7166-9ea5-7f29-fdcd-564e63997805, 570.195.03, P0, 34, 126.45 W, 37 %, 27 %, 8658 MiB, 24564 MiB, 2520 MHz, 10501 MHz
2026/09/14 07:03:00.153, NVIDIA GeForce RTX 4090, GPU-aa7f7166-9ea5-7f29-fdcd-564e63997805, 570.195.03, P0, 33, 81.46 W, 37 %, 26 %, 8658 MiB, 24564 MiB, 2520 MHz, 10501 MHz
2026/09/14 07:03:01.154, NVIDIA GeForce RTX 4090, GPU-aa7f7166-9ea5-7f29-fdcd-564e63997805, 570.195.03, P0, 34, 100.06 W, 0 %, 0 %, 8658 MiB, 24564 MiB, 2520 MHz, 10501 MHz
2026/09/14 07:03:02.156, NVIDIA GeForce RTX 4090, GPU-aa7f7166-9ea5-7f29-fdcd-564e63997805, 570.195.03, P0, 32, 75.28 W, 0 %, 0 %, 8658 MiB, 24564 MiB, 2520 MHz, 10501 MHz
2026/09/14 07:03:03.157, NVIDIA GeForce RTX 4090, GPU-aa7f7166-9ea5-7f29-fdcd-564e63997805, 570.195.03, P0, 34, 127.26 W, 37 %, 26 %, 8658 MiB, 24564 MiB, 2520 MHz, 10501 MHz
2026/09/14 07:03:04.159, NVIDIA GeForce RTX 4090, GPU-aa7f7166-9ea5-7f29-fdcd-564e63997805, 570.195.03, P0, 34, 126.95 W, 38 %, 27 %, 8658 MiB, 24564 MiB, 2520 MHz, 10501 MHz
2026/09/14 07:03:05.161, NVIDIA GeForce RTX 4090, GPU-aa7f7166-9ea5-7f29-fdcd-564e63997805, 570.195.03, P0, 34, 126.76 W, 37 %, 27 %, 8658 MiB, 24564 MiB, 2520 MHz, 10501 MHz
2026/09/14 07:03:06.162, NVIDIA GeForce RTX 4090, GPU-aa7f7166-9ea5-7f29-fdcd-564e63997805, 570.195.03, P0, 34, 126.82 W, 37 %, 27 %, 8658 MiB, 24564 MiB, 2520 MHz, 10501 MHz
2026/09/14 07:03:07.163, NVIDIA GeForce RTX 4090, GPU-aa7f7166-9ea5-7f29-fdcd-564e63997805, 570.195.03, P0, 33, 89.94 W, 38 %, 27 %, 8658 MiB, 24564 MiB, 2520 MHz, 10501 MHz
2026/09/14 07:03:08.163, NVIDIA GeForce RTX 4090, GPU-aa7f7166-9ea5-7f29-fdcd-564e63997805, 570.195.03, P0, 34, 103.82 W, 0 %, 0 %, 8658 MiB, 24564 MiB, 2520 MHz, 10501 MHz
2026/09/14 07:03:09.165, NVIDIA GeForce RTX 4090, GPU-aa7f7166-9ea5-7f29-fdcd-564e63997805, 570.195.03, P0, 34, 126.83 W, 38 %, 27 %, 8658 MiB, 24564 MiB, 2520 MHz, 10501 MHz
2026/09/14 07:03:10.166, NVIDIA GeForce RTX 4090, GPU-aa7f7166-9ea5-7f29-fdcd-564e63997805, 570.195.03, P0, 34, 126.88 W, 37 %, 27 %, 8658 MiB, 24564 MiB, 2520 MHz, 10501 MHz
2026/09/14 07:03:11.167, NVIDIA GeForce RTX 4090, GPU-aa7f7166-9ea5-7f29-fdcd-564e63997805, 570.195.03, P0, 34, 126.65 W, 37 %, 27 %, 8658 MiB, 24564 MiB, 2520 MHz, 10501 MHz
2026/09/14 07:03:12.168, NVIDIA GeForce RTX 4090, GPU-aa7f7166-9ea5-7f29-fdcd-564e63997805, 570.195.03, P0, 34, 127.21 W, 37 %, 27 %, 8658 MiB, 24564 MiB, 2520 MHz, 10501 MHz
2026/09/14 07:03:13.169, NVIDIA GeForce RTX 4090, GPU-aa7f7166-9ea5-7f29-fdcd-564e63997805, 570.195.03, P0, 33, 96.98 W, 37 %, 27 %, 8658 MiB, 24564 MiB, 2520 MHz, 10501 MHz
2026/09/14 07:03:14.170, NVIDIA GeForce RTX 4090, GPU-aa7f7166-9ea5-7f29-fdcd-564e63997805, 570.195.03, P0, 34, 97.13 W, 0 %, 0 %, 8658 MiB, 24564 MiB, 2520 MHz, 10501 MHz
2026/09/14 07:03:15.171, NVIDIA GeForce RTX 4090, GPU-aa7f7166-9ea5-7f29-fdcd-564e63997805, 570.195.03, P0, 34, 127.56 W, 38 %, 27 %, 8658 MiB, 24564 MiB, 2520 MHz, 10501 MHz
2026/09/14 07:03:16.172, NVIDIA GeForce RTX 4090, GPU-aa7f7166-9ea5-7f29-fdcd-564e63997805, 570.195.03, P0, 34, 124.87 W, 36 %, 25 %, 8658 MiB, 24564 MiB, 2520 MHz, 10501 MHz
2026/09/14 07:03:17.173, NVIDIA GeForce RTX 4090, GPU-aa7f7166-9ea5-7f29-fdcd-564e63997805, 570.195.03, P0, 33, 85.18 W, 0 %, 0 %, 8658 MiB, 24564 MiB, 2520 MHz, 10501 MHz
2026/09/14 07:03:18.175, NVIDIA GeForce RTX 4090, GPU-aa7f7166-9ea5-7f29-fdcd-564e63997805, 570.195.03, P0, 34, 107.70 W, 38 %, 27 %, 8658 MiB, 24564 MiB, 2520 MHz, 10501 MHz
2026/09/14 07:03:19.176, NVIDIA GeForce RTX 4090, GPU-aa7f7166-9ea5-7f29-fdcd-564e63997805, 570.195.03, P0, 34, 127.76 W, 38 %, 27 %, 8658 MiB, 24564 MiB, 2520 MHz, 10501 MHz
2026/09/14 07:03:20.177, NVIDIA GeForce RTX 4090, GPU-aa7f7166-9ea5-7f29-fdcd-564e63997805, 570.195.03, P0, 34, 127.28 W, 37 %, 27 %, 8658 MiB, 24564 MiB, 2520 MHz, 10501 MHz
2026/09/14 07:03:21.178, NVIDIA GeForce RTX 4090, GPU-aa7f7166-9ea5-7f29-fdcd-564e63997805, 570.195.03, P0, 34, 127.36 W, 37 %, 27 %, 8658 MiB, 24564 MiB, 2520 MHz, 10501 MHz
2026/09/14 07:03:22.180, NVIDIA GeForce RTX 4090, GPU-aa7f7166-9ea5-7f29-fdcd-564e63997805, 570.195.03, P0, 34, 126.34 W, 36 %, 26 %, 8658 MiB, 24564 MiB, 2520 MHz, 10501 MHz
2026/09/14 07:03:23.181, NVIDIA GeForce RTX 4090, GPU-aa7f7166-9ea5-7f29-fdcd-564e63997805, 570.195.03, P0, 33, 93.34 W, 0 %, 0 %, 8658 MiB, 24564 MiB, 2520 MHz, 10501 MHz
2026/09/14 07:03:24.184, NVIDIA GeForce RTX 4090, GPU-aa7f7166-9ea5-7f29-fdcd-564e63997805, 570.195.03, P0, 34, 98.45 W, 37 %, 26 %, 8658 MiB, 24564 MiB, 2520 MHz, 10501 MHz
2026/09/14 07:03:25.185, NVIDIA GeForce RTX 4090, GPU-aa7f7166-9ea5-7f29-fdcd-564e63997805, 570.195.03, P0, 34, 125.19 W, 31 %, 22 %, 8658 MiB, 24564 MiB, 2520 MHz, 10501 MHz
2026/09/14 07:03:26.187, NVIDIA GeForce RTX 4090, GPU-aa7f7166-9ea5-7f29-fdcd-564e63997805, 570.195.03, P0, 34, 122.00 W, 32 %, 23 %, 8658 MiB, 24564 MiB, 2520 MHz, 10501 MHz
2026/09/14 07:03:27.188, NVIDIA GeForce RTX 4090, GPU-aa7f7166-9ea5-7f29-fdcd-564e63997805, 570.195.03, P0, 34, 121.63 W, 33 %, 24 %, 8658 MiB, 24564 MiB, 2520 MHz, 10501 MHz
2026/09/14 07:03:28.190, NVIDIA GeForce RTX 4090, GPU-aa7f7166-9ea5-7f29-fdcd-564e63997805, 570.195.03, P0, 34, 122.28 W, 37 %, 27 %, 8658 MiB, 24564 MiB, 2520 MHz, 10501 MHz
2026/09/14 07:03:29.192, NVIDIA GeForce RTX 4090, GPU-aa7f7166-9ea5-7f29-fdcd-564e63997805, 570.195.03, P0, 34, 121.92 W, 0 %, 0 %, 8658 MiB, 24564 MiB, 2520 MHz, 10501 MHz
2026/09/14 07:03:30.195, NVIDIA GeForce RTX 4090, GPU-aa7f7166-9ea5-7f29-fdcd-564e63997805, 570.195.03, P0, 33, 70.35 W, 35 %, 21 %, 8658 MiB, 24564 MiB, 2520 MHz, 10501 MHz
2026/09/14 07:03:31.196, NVIDIA GeForce RTX 4090, GPU-aa7f7166-9ea5-7f29-fdcd-564e63997805, 570.195.03, P0, 34, 119.69 W, 36 %, 26 %, 8658 MiB, 24564 MiB, 2520 MHz, 10501 MHz
2026/09/14 07:03:32.198, NVIDIA GeForce RTX 4090, GPU-aa7f7166-9ea5-7f29-fdcd-564e63997805, 570.195.03, P0, 34, 125.21 W, 36 %, 25 %, 8658 MiB, 24564 MiB, 2520 MHz, 10501 MHz
2026/09/14 07:03:33.200, NVIDIA GeForce RTX 4090, GPU-aa7f7166-9ea5-7f29-fdcd-564e63997805, 570.195.03, P0, 34, 125.48 W, 37 %, 27 %, 8658 MiB, 24564 MiB, 2520 MHz, 10501 MHz
2026/09/14 07:03:34.202, NVIDIA GeForce RTX 4090, GPU-aa7f7166-9ea5-7f29-fdcd-564e63997805, 570.195.03, P0, 33, 106.56 W, 0 %, 0 %, 8658 MiB, 24564 MiB, 2520 MHz, 10501 MHz
2026/09/14 07:03:35.203, NVIDIA GeForce RTX 4090, GPU-aa7f7166-9ea5-7f29-fdcd-564e63997805, 570.195.03, P0, 34, 85.78 W, 36 %, 26 %, 8658 MiB, 24564 MiB, 2520 MHz, 10501 MHz
2026/09/14 07:03:36.205, NVIDIA GeForce RTX 4090, GPU-aa7f7166-9ea5-7f29-fdcd-564e63997805, 570.195.03, P0, 34, 125.86 W, 32 %, 23 %, 8658 MiB, 24564 MiB, 2520 MHz, 10501 MHz
2026/09/14 07:03:37.207, NVIDIA GeForce RTX 4090, GPU-aa7f7166-9ea5-7f29-fdcd-564e63997805, 570.195.03, P0, 34, 124.36 W, 36 %, 26 %, 8658 MiB, 24564 MiB, 2520 MHz, 10501 MHz
2026/09/14 07:03:38.209, NVIDIA GeForce RTX 4090, GPU-aa7f7166-9ea5-7f29-fdcd-564e63997805, 570.195.03, P0, 34, 126.24 W, 37 %, 26 %, 8658 MiB, 24564 MiB, 2520 MHz, 10501 MHz
2026/09/14 07:03:39.211, NVIDIA GeForce RTX 4090, GPU-aa7f7166-9ea5-7f29-fdcd-564e63997805, 570.195.03, P0, 35, 127.25 W, 38 %, 27 %, 8658 MiB, 24564 MiB, 2520 MHz, 10501 MHz
2026/09/14 07:03:40.213, NVIDIA GeForce RTX 4090, GPU-aa7f7166-9ea5-7f29-fdcd-564e63997805, 570.195.03, P0, 33, 105.91 W, 0 %, 0 %, 8658 MiB, 24564 MiB, 2520 MHz, 10501 MHz
2026/09/14 07:03:41.215, NVIDIA GeForce RTX 4090, GPU-aa7f7166-9ea5-7f29-fdcd-564e63997805, 570.195.03, P0, 34, 88.89 W, 37 %, 27 %, 8658 MiB, 24564 MiB, 2520 MHz, 10501 MHz
2026/09/14 07:03:42.216, NVIDIA GeForce RTX 4090, GPU-aa7f7166-9ea5-7f29-fdcd-564e63997805, 570.195.03, P0, 33, 94.29 W, 0 %, 0 %, 8658 MiB, 24564 MiB, 2520 MHz, 10501 MHz
2026/09/14 07:03:43.218, NVIDIA GeForce RTX 4090, GPU-aa7f7166-9ea5-7f29-fdcd-564e63997805, 570.195.03, P0, 34, 93.56 W, 20 %, 15 %, 8658 MiB, 24564 MiB, 2520 MHz, 10501 MHz
2026/09/14 07:03:44.220, NVIDIA GeForce RTX 4090, GPU-aa7f7166-9ea5-7f29-fdcd-564e63997805, 570.195.03, P0, 33, 74.12 W, 0 %, 0 %, 8658 MiB, 24564 MiB, 2520 MHz, 10501 MHz
2026/09/14 07:03:45.222, NVIDIA GeForce RTX 4090, GPU-aa7f7166-9ea5-7f29-fdcd-564e63997805, 570.195.03, P0, 34, 115.11 W, 37 %, 27 %, 8658 MiB, 24564 MiB, 2520 MHz, 10501 MHz
2026/09/14 07:03:46.224, NVIDIA GeForce RTX 4090, GPU-aa7f7166-9ea5-7f29-fdcd-564e63997805, 570.195.03, P0, 34, 124.52 W, 36 %, 26 %, 8658 MiB, 24564 MiB, 2520 MHz, 10501 MHz
2026/09/14 07:03:47.226, NVIDIA GeForce RTX 4090, GPU-aa7f7166-9ea5-7f29-fdcd-564e63997805, 570.195.03, P0, 34, 126.15 W, 37 %, 27 %, 8658 MiB, 24564 MiB, 2520 MHz, 10501 MHz
2026/09/14 07:03:48.228, NVIDIA GeForce RTX 4090, GPU-aa7f7166-9ea5-7f29-fdcd-564e63997805, 570.195.03, P0, 35, 126.53 W, 36 %, 26 %, 8658 MiB, 24564 MiB, 2520 MHz, 10501 MHz
2026/09/14 07:03:49.230, NVIDIA GeForce RTX 4090, GPU-aa7f7166-9ea5-7f29-fdcd-564e63997805, 570.195.03, P0, 33, 76.24 W, 2 %, 1 %, 8658 MiB, 24564 MiB, 2520 MHz, 10501 MHz
2026/09/14 07:03:50.231, NVIDIA GeForce RTX 4090, GPU-aa7f7166-9ea5-7f29-fdcd-564e63997805, 570.195.03, P0, 34, 115.46 W, 37 %, 26 %, 8658 MiB, 24564 MiB, 2520 MHz, 10501 MHz
2026/09/14 07:03:51.233, NVIDIA GeForce RTX 4090, GPU-aa7f7166-9ea5-7f29-fdcd-564e63997805, 570.195.03, P0, 34, 126.63 W, 36 %, 26 %, 8658 MiB, 24564 MiB, 2520 MHz, 10501 MHz
2026/09/14 07:03:52.234, NVIDIA GeForce RTX 4090, GPU-aa7f7166-9ea5-7f29-fdcd-564e63997805, 570.195.03, P0, 35, 126.38 W, 37 %, 27 %, 8658 MiB, 24564 MiB, 2520 MHz, 10501 MHz
2026/09/14 07:03:53.236, NVIDIA GeForce RTX 4090, GPU-aa7f7166-9ea5-7f29-fdcd-564e63997805, 570.195.03, P0, 35, 125.47 W, 35 %, 25 %, 8658 MiB, 24564 MiB, 2520 MHz, 10501 MHz
2026/09/14 07:03:54.237, NVIDIA GeForce RTX 4090, GPU-aa7f7166-9ea5-7f29-fdcd-564e63997805, 570.195.03, P0, 34, 124.26 W, 36 %, 26 %, 8658 MiB, 24564 MiB, 2520 MHz, 10501 MHz
2026/09/14 07:03:55.239, NVIDIA GeForce RTX 4090, GPU-aa7f7166-9ea5-7f29-fdcd-564e63997805, 570.195.03, P0, 33, 78.33 W, 0 %, 0 %, 8658 MiB, 24564 MiB, 2520 MHz, 10501 MHz
2026/09/14 07:03:56.240, NVIDIA GeForce RTX 4090, GPU-aa7f7166-9ea5-7f29-fdcd-564e63997805, 570.195.03, P0, 34, 112.82 W, 34 %, 24 %, 8658 MiB, 24564 MiB, 2520 MHz, 10501 MHz
2026/09/14 07:03:57.242, NVIDIA GeForce RTX 4090, GPU-aa7f7166-9ea5-7f29-fdcd-564e63997805, 570.195.03, P0, 35, 125.78 W, 37 %, 27 %, 8658 MiB, 24564 MiB, 2520 MHz, 10501 MHz
2026/09/14 07:03:58.244, NVIDIA GeForce RTX 4090, GPU-aa7f7166-9ea5-7f29-fdcd-564e63997805, 570.195.03, P0, 35, 126.74 W, 33 %, 23 %, 8658 MiB, 24564 MiB, 2520 MHz, 10501 MHz
2026/09/14 07:03:59.245, NVIDIA GeForce RTX 4090, GPU-aa7f7166-9ea5-7f29-fdcd-564e63997805, 570.195.03, P0, 35, 125.15 W, 37 %, 26 %, 8658 MiB, 24564 MiB, 2520 MHz, 10501 MHz
2026/09/14 07:04:00.247, NVIDIA GeForce RTX 4090, GPU-aa7f7166-9ea5-7f29-fdcd-564e63997805, 570.195.03, P0, 35, 126.12 W, 37 %, 27 %, 8658 MiB, 24564 MiB, 2520 MHz, 10501 MHz
2026/09/14 07:04:01.249, NVIDIA GeForce RTX 4090, GPU-aa7f7166-9ea5-7f29-fdcd-564e63997805, 570.195.03, P0, 33, 94.32 W, 0 %, 0 %, 8658 MiB, 24564 MiB, 2520 MHz, 10501 MHz
2026/09/14 07:04:02.250, NVIDIA GeForce RTX 4090, GPU-aa7f7166-9ea5-7f29-fdcd-564e63997805, 570.195.03, P0, 35, 95.24 W, 37 %, 27 %, 8658 MiB, 24564 MiB, 2520 MHz, 10501 MHz
2026/09/14 07:04:03.252, NVIDIA GeForce RTX 4090, GPU-aa7f7166-9ea5-7f29-fdcd-564e63997805, 570.195.03, P0, 33, 100.92 W, 0 %, 0 %, 8658 MiB, 24564 MiB, 2520 MHz, 10501 MHz
2026/09/14 07:04:04.254, NVIDIA GeForce RTX 4090, GPU-aa7f7166-9ea5-7f29-fdcd-564e63997805, 570.195.03, P0, 34, 91.35 W, 34 %, 24 %, 8658 MiB, 24564 MiB, 2520 MHz, 10501 MHz
2026/09/14 07:04:05.256, NVIDIA GeForce RTX 4090, GPU-aa7f7166-9ea5-7f29-fdcd-564e63997805, 570.195.03, P0, 35, 124.25 W, 36 %, 25 %, 8658 MiB, 24564 MiB, 2520 MHz, 10501 MHz
2026/09/14 07:04:06.258, NVIDIA GeForce RTX 4090, GPU-aa7f7166-9ea5-7f29-fdcd-564e63997805, 570.195.03, P0, 34, 124.55 W, 37 %, 27 %, 8658 MiB, 24564 MiB, 2520 MHz, 10501 MHz
2026/09/14 07:04:07.259, NVIDIA GeForce RTX 4090, GPU-aa7f7166-9ea5-7f29-fdcd-564e63997805, 570.195.03, P0, 35, 124.70 W, 37 %, 27 %, 8658 MiB, 24564 MiB, 2520 MHz, 10501 MHz
2026/09/14 07:04:08.260, NVIDIA GeForce RTX 4090, GPU-aa7f7166-9ea5-7f29-fdcd-564e63997805, 570.195.03, P0, 35, 125.10 W, 36 %, 26 %, 8658 MiB, 24564 MiB, 2520 MHz, 10501 MHz
2026/09/14 07:04:09.262, NVIDIA GeForce RTX 4090, GPU-aa7f7166-9ea5-7f29-fdcd-564e63997805, 570.195.03, P0, 35, 120.64 W, 0 %, 0 %, 8658 MiB, 24564 MiB, 2520 MHz, 10501 MHz
2026/09/14 07:04:10.264, NVIDIA GeForce RTX 4090, GPU-aa7f7166-9ea5-7f29-fdcd-564e63997805, 570.195.03, P0, 33, 69.07 W, 37 %, 25 %, 8658 MiB, 24564 MiB, 2520 MHz, 10501 MHz
2026/09/14 07:04:11.265, NVIDIA GeForce RTX 4090, GPU-aa7f7166-9ea5-7f29-fdcd-564e63997805, 570.195.03, P0, 34, 121.08 W, 35 %, 26 %, 8658 MiB, 24564 MiB, 2520 MHz, 10501 MHz
2026/09/14 07:04:12.266, NVIDIA GeForce RTX 4090, GPU-aa7f7166-9ea5-7f29-fdcd-564e63997805, 570.195.03, P0, 35, 124.61 W, 37 %, 26 %, 8658 MiB, 24564 MiB, 2520 MHz, 10501 MHz
2026/09/14 07:04:13.268, NVIDIA GeForce RTX 4090, GPU-aa7f7166-9ea5-7f29-fdcd-564e63997805, 570.195.03, P0, 35, 126.02 W, 36 %, 26 %, 8658 MiB, 24564 MiB, 2520 MHz, 10501 MHz
2026/09/14 07:04:14.269, NVIDIA GeForce RTX 4090, GPU-aa7f7166-9ea5-7f29-fdcd-564e63997805, 570.195.03, P0, 33, 88.85 W, 0 %, 0 %, 8658 MiB, 24564 MiB, 2520 MHz, 10501 MHz
2026/09/14 07:04:15.272, NVIDIA GeForce RTX 4090, GPU-aa7f7166-9ea5-7f29-fdcd-564e63997805, 570.195.03, P0, 34, 102.01 W, 36 %, 26 %, 8658 MiB, 24564 MiB, 2520 MHz, 10501 MHz
2026/09/14 07:04:16.273, NVIDIA GeForce RTX 4090, GPU-aa7f7166-9ea5-7f29-fdcd-564e63997805, 570.195.03, P0, 34, 123.25 W, 36 %, 26 %, 8658 MiB, 24564 MiB, 2520 MHz, 10501 MHz
2026/09/14 07:04:17.275, NVIDIA GeForce RTX 4090, GPU-aa7f7166-9ea5-7f29-fdcd-564e63997805, 570.195.03, P0, 34, 123.65 W, 36 %, 25 %, 8658 MiB, 24564 MiB, 2520 MHz, 10501 MHz
2026/09/14 07:04:18.276, NVIDIA GeForce RTX 4090, GPU-aa7f7166-9ea5-7f29-fdcd-564e63997805, 570.195.03, P0, 34, 123.21 W, 33 %, 24 %, 8658 MiB, 24564 MiB, 2520 MHz, 10501 MHz
2026/09/14 07:04:19.278, NVIDIA GeForce RTX 4090, GPU-aa7f7166-9ea5-7f29-fdcd-564e63997805, 570.195.03, P0, 33, 84.46 W, 0 %, 0 %, 8658 MiB, 24564 MiB, 2520 MHz, 10501 MHz
2026/09/14 07:04:20.279, NVIDIA GeForce RTX 4090, GPU-aa7f7166-9ea5-7f29-fdcd-564e63997805, 570.195.03, P0, 34, 104.11 W, 38 %, 27 %, 8658 MiB, 24564 MiB, 2520 MHz, 10501 MHz
2026/09/14 07:04:21.280, NVIDIA GeForce RTX 4090, GPU-aa7f7166-9ea5-7f29-fdcd-564e63997805, 570.195.03, P0, 35, 125.03 W, 37 %, 27 %, 8658 MiB, 24564 MiB, 2520 MHz, 10501 MHz
2026/09/14 07:04:22.282, NVIDIA GeForce RTX 4090, GPU-aa7f7166-9ea5-7f29-fdcd-564e63997805, 570.195.03, P0, 34, 124.44 W, 36 %, 26 %, 8658 MiB, 24564 MiB, 2520 MHz, 10501 MHz
2026/09/14 07:04:23.284, NVIDIA GeForce RTX 4090, GPU-aa7f7166-9ea5-7f29-fdcd-564e63997805, 570.195.03, P0, 34, 124.93 W, 36 %, 26 %, 8658 MiB, 24564 MiB, 2520 MHz, 10501 MHz
2026/09/14 07:04:24.286, NVIDIA GeForce RTX 4090, GPU-aa7f7166-9ea5-7f29-fdcd-564e63997805, 570.195.03, P0, 34, 123.74 W, 31 %, 22 %, 8658 MiB, 24564 MiB, 2520 MHz, 10501 MHz
2026/09/14 07:04:25.288, NVIDIA GeForce RTX 4090, GPU-aa7f7166-9ea5-7f29-fdcd-564e63997805, 570.195.03, P0, 33, 106.88 W, 0 %, 0 %, 8658 MiB, 24564 MiB, 2520 MHz, 10501 MHz
2026/09/14 07:04:26.289, NVIDIA GeForce RTX 4090, GPU-aa7f7166-9ea5-7f29-fdcd-564e63997805, 570.195.03, P0, 34, 79.40 W, 36 %, 26 %, 8658 MiB, 24564 MiB, 2520 MHz, 10501 MHz
2026/09/14 07:04:27.291, NVIDIA GeForce RTX 4090, GPU-aa7f7166-9ea5-7f29-fdcd-564e63997805, 570.195.03, P0, 34, 126.77 W, 36 %, 25 %, 8658 MiB, 24564 MiB, 2520 MHz, 10501 MHz
2026/09/14 07:04:28.293, NVIDIA GeForce RTX 4090, GPU-aa7f7166-9ea5-7f29-fdcd-564e63997805, 570.195.03, P0, 35, 125.73 W, 37 %, 27 %, 8658 MiB, 24564 MiB, 2520 MHz, 10501 MHz
2026/09/14 07:04:29.295, NVIDIA GeForce RTX 4090, GPU-aa7f7166-9ea5-7f29-fdcd-564e63997805, 570.195.03, P0, 33, 96.25 W, 0 %, 0 %, 8658 MiB, 24564 MiB, 2520 MHz, 10501 MHz
2026/09/14 07:04:30.297, NVIDIA GeForce RTX 4090, GPU-aa7f7166-9ea5-7f29-fdcd-564e63997805, 570.195.03, P0, 34, 95.18 W, 33 %, 23 %, 8658 MiB, 24564 MiB, 2520 MHz, 10501 MHz
2026/09/14 07:04:31.299, NVIDIA GeForce RTX 4090, GPU-aa7f7166-9ea5-7f29-fdcd-564e63997805, 570.195.03, P0, 34, 123.91 W, 37 %, 27 %, 8658 MiB, 24564 MiB, 2520 MHz, 10501 MHz
2026/09/14 07:04:32.301, NVIDIA GeForce RTX 4090, GPU-aa7f7166-9ea5-7f29-fdcd-564e63997805, 570.195.03, P0, 34, 125.82 W, 33 %, 23 %, 8658 MiB, 24564 MiB, 2520 MHz, 10501 MHz
2026/09/14 07:04:33.303, NVIDIA GeForce RTX 4090, GPU-aa7f7166-9ea5-7f29-fdcd-564e63997805, 570.195.03, P0, 34, 123.90 W, 33 %, 23 %, 8658 MiB, 24564 MiB, 2520 MHz, 10501 MHz
2026/09/14 07:04:34.305, NVIDIA GeForce RTX 4090, GPU-aa7f7166-9ea5-7f29-fdcd-564e63997805, 570.195.03, P0, 33, 83.92 W, 0 %, 0 %, 8658 MiB, 24564 MiB, 2520 MHz, 10501 MHz
2026/09/14 07:04:35.307, NVIDIA GeForce RTX 4090, GPU-aa7f7166-9ea5-7f29-fdcd-564e63997805, 570.195.03, P0, 34, 106.01 W, 37 %, 27 %, 8658 MiB, 24564 MiB, 2520 MHz, 10501 MHz
2026/09/14 07:04:36.309, NVIDIA GeForce RTX 4090, GPU-aa7f7166-9ea5-7f29-fdcd-564e63997805, 570.195.03, P0, 35, 125.90 W, 36 %, 26 %, 8658 MiB, 24564 MiB, 2520 MHz, 10501 MHz
2026/09/14 07:04:37.312, NVIDIA GeForce RTX 4090, GPU-aa7f7166-9ea5-7f29-fdcd-564e63997805, 570.195.03, P0, 34, 125.19 W, 33 %, 23 %, 8658 MiB, 24564 MiB, 2520 MHz, 10501 MHz
2026/09/14 07:04:38.313, NVIDIA GeForce RTX 4090, GPU-aa7f7166-9ea5-7f29-fdcd-564e63997805, 570.195.03, P0, 35, 124.92 W, 36 %, 26 %, 8658 MiB, 24564 MiB, 2520 MHz, 10501 MHz
2026/09/14 07:04:39.315, NVIDIA GeForce RTX 4090, GPU-aa7f7166-9ea5-7f29-fdcd-564e63997805, 570.195.03, P0, 33, 118.01 W, 0 %, 0 %, 8658 MiB, 24564 MiB, 2520 MHz, 10501 MHz
2026/09/14 07:04:40.317, NVIDIA GeForce RTX 4090, GPU-aa7f7166-9ea5-7f29-fdcd-564e63997805, 570.195.03, P0, 34, 72.31 W, 34 %, 25 %, 8658 MiB, 24564 MiB, 2520 MHz, 10501 MHz
2026/09/14 07:04:41.318, NVIDIA GeForce RTX 4090, GPU-aa7f7166-9ea5-7f29-fdcd-564e63997805, 570.195.03, P0, 34, 127.14 W, 37 %, 27 %, 8658 MiB, 24564 MiB, 2520 MHz, 10501 MHz
2026/09/14 07:04:42.320, NVIDIA GeForce RTX 4090, GPU-aa7f7166-9ea5-7f29-fdcd-564e63997805, 570.195.03, P0, 33, 83.03 W, 0 %, 0 %, 8658 MiB, 24564 MiB, 2520 MHz, 10501 MHz
2026/09/14 07:04:43.322, NVIDIA GeForce RTX 4090, GPU-aa7f7166-9ea5-7f29-fdcd-564e63997805, 570.195.03, P0, 34, 108.60 W, 37 %, 26 %, 8658 MiB, 24564 MiB, 2520 MHz, 10501 MHz
2026/09/14 07:04:44.323, NVIDIA GeForce RTX 4090, GPU-aa7f7166-9ea5-7f29-fdcd-564e63997805, 570.195.03, P0, 35, 127.40 W, 36 %, 26 %, 8658 MiB, 24564 MiB, 2520 MHz, 10501 MHz
2026/09/14 07:04:45.325, NVIDIA GeForce RTX 4090, GPU-aa7f7166-9ea5-7f29-fdcd-564e63997805, 570.195.03, P0, 33, 104.90 W, 0 %, 0 %, 8658 MiB, 24564 MiB, 2520 MHz, 10501 MHz
2026/09/14 07:04:46.326, NVIDIA GeForce RTX 4090, GPU-aa7f7166-9ea5-7f29-fdcd-564e63997805, 570.195.03, P0, 34, 89.04 W, 36 %, 26 %, 8658 MiB, 24564 MiB, 2520 MHz, 10501 MHz
2026/09/14 07:04:47.327, NVIDIA GeForce RTX 4090, GPU-aa7f7166-9ea5-7f29-fdcd-564e63997805, 570.195.03, P0, 33, 111.42 W, 0 %, 0 %, 8658 MiB, 24564 MiB, 2520 MHz, 10501 MHz
2026/09/14 07:04:48.329, NVIDIA GeForce RTX 4090, GPU-aa7f7166-9ea5-7f29-fdcd-564e63997805, 570.195.03, P0, 34, 82.38 W, 36 %, 26 %, 8658 MiB, 24564 MiB, 2520 MHz, 10501 MHz
2026/09/14 07:04:49.331, NVIDIA GeForce RTX 4090, GPU-aa7f7166-9ea5-7f29-fdcd-564e63997805, 570.195.03, P0, 34, 126.52 W, 36 %, 25 %, 8658 MiB, 24564 MiB, 2520 MHz, 10501 MHz
2026/09/14 07:04:50.333, NVIDIA GeForce RTX 4090, GPU-aa7f7166-9ea5-7f29-fdcd-564e63997805, 570.195.03, P0, 34, 125.01 W, 36 %, 26 %, 8658 MiB, 24564 MiB, 2520 MHz, 10501 MHz
2026/09/14 07:04:51.335, NVIDIA GeForce RTX 4090, GPU-aa7f7166-9ea5-7f29-fdcd-564e63997805, 570.195.03, P0, 34, 126.68 W, 36 %, 26 %, 8658 MiB, 24564 MiB, 2520 MHz, 10501 MHz
2026/09/14 07:04:52.337, NVIDIA GeForce RTX 4090, GPU-aa7f7166-9ea5-7f29-fdcd-564e63997805, 570.195.03, P0, 34, 125.31 W, 34 %, 24 %, 8658 MiB, 24564 MiB, 2520 MHz, 10501 MHz
2026/09/14 07:04:53.339, NVIDIA GeForce RTX 4090, GPU-aa7f7166-9ea5-7f29-fdcd-564e63997805, 570.195.03, P0, 33, 123.21 W, 0 %, 0 %, 8658 MiB, 24564 MiB, 2520 MHz, 10501 MHz
2026/09/14 07:04:54.340, NVIDIA GeForce RTX 4090, GPU-aa7f7166-9ea5-7f29-fdcd-564e63997805, 570.195.03, P0, 34, 70.90 W, 19 %, 12 %, 8658 MiB, 24564 MiB, 2520 MHz, 10501 MHz
2026/09/14 07:04:55.342, NVIDIA GeForce RTX 4090, GPU-aa7f7166-9ea5-7f29-fdcd-564e63997805, 570.195.03, P0, 34, 120.16 W, 34 %, 25 %, 8658 MiB, 24564 MiB, 2520 MHz, 10501 MHz
2026/09/14 07:04:56.343, NVIDIA GeForce RTX 4090, GPU-aa7f7166-9ea5-7f29-fdcd-564e63997805, 570.195.03, P0, 34, 126.00 W, 36 %, 26 %, 8658 MiB, 24564 MiB, 2520 MHz, 10501 MHz
2026/09/14 07:04:57.345, NVIDIA GeForce RTX 4090, GPU-aa7f7166-9ea5-7f29-fdcd-564e63997805, 570.195.03, P0, 34, 124.20 W, 36 %, 26 %, 8658 MiB, 24564 MiB, 2520 MHz, 10501 MHz
2026/09/14 07:04:58.347, NVIDIA GeForce RTX 4090, GPU-aa7f7166-9ea5-7f29-fdcd-564e63997805, 570.195.03, P0, 33, 125.39 W, 3 %, 3 %, 8658 MiB, 24564 MiB, 2520 MHz, 10501 MHz
2026/09/14 07:04:59.349, NVIDIA GeForce RTX 4090, GPU-aa7f7166-9ea5-7f29-fdcd-564e63997805, 570.195.03, P0, 34, 71.76 W, 37 %, 22 %, 8658 MiB, 24564 MiB, 2520 MHz, 10501 MHz
2026/09/14 07:05:00.350, NVIDIA GeForce RTX 4090, GPU-aa7f7166-9ea5-7f29-fdcd-564e63997805, 570.195.03, P0, 34, 120.12 W, 36 %, 26 %, 8658 MiB, 24564 MiB, 2520 MHz, 10501 MHz
2026/09/14 07:05:01.352, NVIDIA GeForce RTX 4090, GPU-aa7f7166-9ea5-7f29-fdcd-564e63997805, 570.195.03, P0, 34, 124.89 W, 36 %, 26 %, 8658 MiB, 24564 MiB, 2520 MHz, 10501 MHz
2026/09/14 07:05:02.354, NVIDIA GeForce RTX 4090, GPU-aa7f7166-9ea5-7f29-fdcd-564e63997805, 570.195.03, P0, 34, 125.58 W, 36 %, 25 %, 8658 MiB, 24564 MiB, 2520 MHz, 10501 MHz
2026/09/14 07:05:03.356, NVIDIA GeForce RTX 4090, GPU-aa7f7166-9ea5-7f29-fdcd-564e63997805, 570.195.03, P0, 34, 124.90 W, 35 %, 26 %, 8658 MiB, 24564 MiB, 2520 MHz, 10501 MHz
2026/09/14 07:05:04.358, NVIDIA GeForce RTX 4090, GPU-aa7f7166-9ea5-7f29-fdcd-564e63997805, 570.195.03, P0, 34, 125.50 W, 36 %, 26 %, 8658 MiB, 24564 MiB, 2520 MHz, 10501 MHz
2026/09/14 07:05:05.360, NVIDIA GeForce RTX 4090, GPU-aa7f7166-9ea5-7f29-fdcd-564e63997805, 570.195.03, P0, 33, 89.89 W, 0 %, 0 %, 8658 MiB, 24564 MiB, 2520 MHz, 10501 MHz
2026/09/14 07:05:06.361, NVIDIA GeForce RTX 4090, GPU-aa7f7166-9ea5-7f29-fdcd-564e63997805, 570.195.03, P0, 34, 102.55 W, 37 %, 27 %, 8658 MiB, 24564 MiB, 2520 MHz, 10501 MHz
2026/09/14 07:05:07.363, NVIDIA GeForce RTX 4090, GPU-aa7f7166-9ea5-7f29-fdcd-564e63997805, 570.195.03, P0, 33, 92.06 W, 0 %, 0 %, 8658 MiB, 24564 MiB, 2520 MHz, 10501 MHz
2026/09/14 07:05:08.365, NVIDIA GeForce RTX 4090, GPU-aa7f7166-9ea5-7f29-fdcd-564e63997805, 570.195.03, P0, 34, 100.05 W, 38 %, 27 %, 8658 MiB, 24564 MiB, 2520 MHz, 10501 MHz
2026/09/14 07:05:09.367, NVIDIA GeForce RTX 4090, GPU-aa7f7166-9ea5-7f29-fdcd-564e63997805, 570.195.03, P0, 34, 127.38 W, 37 %, 27 %, 8658 MiB, 24564 MiB, 2520 MHz, 10501 MHz
2026/09/14 07:05:10.369, NVIDIA GeForce RTX 4090, GPU-aa7f7166-9ea5-7f29-fdcd-564e63997805, 570.195.03, P0, 34, 125.22 W, 35 %, 25 %, 8658 MiB, 24564 MiB, 2520 MHz, 10501 MHz
2026/09/14 07:05:11.371, NVIDIA GeForce RTX 4090, GPU-aa7f7166-9ea5-7f29-fdcd-564e63997805, 570.195.03, P0, 34, 125.43 W, 37 %, 27 %, 8658 MiB, 24564 MiB, 2520 MHz, 10501 MHz
2026/09/14 07:05:12.373, NVIDIA GeForce RTX 4090, GPU-aa7f7166-9ea5-7f29-fdcd-564e63997805, 570.195.03, P0, 34, 124.28 W, 37 %, 26 %, 8658 MiB, 24564 MiB, 2520 MHz, 10501 MHz
2026/09/14 07:05:13.375, NVIDIA GeForce RTX 4090, GPU-aa7f7166-9ea5-7f29-fdcd-564e63997805, 570.195.03, P0, 33, 109.00 W, 0 %, 0 %, 8658 MiB, 24564 MiB, 2520 MHz, 10501 MHz
2026/09/14 07:05:14.377, NVIDIA GeForce RTX 4090, GPU-aa7f7166-9ea5-7f29-fdcd-564e63997805, 570.195.03, P0, 34, 80.98 W, 38 %, 27 %, 8658 MiB, 24564 MiB, 2520 MHz, 10501 MHz
2026/09/14 07:05:15.379, NVIDIA GeForce RTX 4090, GPU-aa7f7166-9ea5-7f29-fdcd-564e63997805, 570.195.03, P0, 34, 128.11 W, 37 %, 26 %, 8658 MiB, 24564 MiB, 2520 MHz, 10501 MHz
2026/09/14 07:05:16.380, NVIDIA GeForce RTX 4090, GPU-aa7f7166-9ea5-7f29-fdcd-564e63997805, 570.195.03, P0, 34, 127.27 W, 36 %, 26 %, 8658 MiB, 24564 MiB, 2520 MHz, 10501 MHz
2026/09/14 07:05:17.382, NVIDIA GeForce RTX 4090, GPU-aa7f7166-9ea5-7f29-fdcd-564e63997805, 570.195.03, P0, 33, 120.54 W, 0 %, 0 %, 8658 MiB, 24564 MiB, 2520 MHz, 10501 MHz
2026/09/14 07:05:18.384, NVIDIA GeForce RTX 4090, GPU-aa7f7166-9ea5-7f29-fdcd-564e63997805, 570.195.03, P0, 34, 72.32 W, 37 %, 27 %, 8658 MiB, 24564 MiB, 2520 MHz, 10501 MHz
2026/09/14 07:05:19.386, NVIDIA GeForce RTX 4090, GPU-aa7f7166-9ea5-7f29-fdcd-564e63997805, 570.195.03, P0, 33, 109.95 W, 0 %, 0 %, 8658 MiB, 24564 MiB, 2520 MHz, 10501 MHz
2026/09/14 07:05:20.389, NVIDIA GeForce RTX 4090, GPU-aa7f7166-9ea5-7f29-fdcd-564e63997805, 570.195.03, P0, 34, 82.74 W, 37 %, 27 %, 8658 MiB, 24564 MiB, 2520 MHz, 10501 MHz
2026/09/14 07:05:21.391, NVIDIA GeForce RTX 4090, GPU-aa7f7166-9ea5-7f29-fdcd-564e63997805, 570.195.03, P0, 33, 114.19 W, 0 %, 0 %, 8658 MiB, 24564 MiB, 2520 MHz, 10501 MHz
2026/09/14 07:05:22.394, NVIDIA GeForce RTX 4090, GPU-aa7f7166-9ea5-7f29-fdcd-564e63997805, 570.195.03, P0, 34, 79.65 W, 38 %, 27 %, 8658 MiB, 24564 MiB, 2520 MHz, 10501 MHz
2026/09/14 07:05:23.395, NVIDIA GeForce RTX 4090, GPU-aa7f7166-9ea5-7f29-fdcd-564e63997805, 570.195.03, P0, 33, 123.77 W, 0 %, 0 %, 8658 MiB, 24564 MiB, 2520 MHz, 10501 MHz
2026/09/14 07:05:24.397, NVIDIA GeForce RTX 4090, GPU-aa7f7166-9ea5-7f29-fdcd-564e63997805, 570.195.03, P0, 34, 70.23 W, 37 %, 26 %, 8658 MiB, 24564 MiB, 2520 MHz, 10501 MHz
2026/09/14 07:05:25.399, NVIDIA GeForce RTX 4090, GPU-aa7f7166-9ea5-7f29-fdcd-564e63997805, 570.195.03, P0, 34, 124.46 W, 37 %, 26 %, 8658 MiB, 24564 MiB, 2520 MHz, 10501 MHz
2026/09/14 07:05:26.401, NVIDIA GeForce RTX 4090, GPU-aa7f7166-9ea5-7f29-fdcd-564e63997805, 570.195.03, P0, 34, 126.93 W, 36 %, 26 %, 8658 MiB, 24564 MiB, 2520 MHz, 10501 MHz
2026/09/14 07:05:27.402, NVIDIA GeForce RTX 4090, GPU-aa7f7166-9ea5-7f29-fdcd-564e63997805, 570.195.03, P0, 34, 126.43 W, 36 %, 26 %, 8658 MiB, 24564 MiB, 2520 MHz, 10501 MHz
2026/09/14 07:05:28.405, NVIDIA GeForce RTX 4090, GPU-aa7f7166-9ea5-7f29-fdcd-564e63997805, 570.195.03, P0, 34, 126.93 W, 35 %, 25 %, 8658 MiB, 24564 MiB, 2520 MHz, 10501 MHz
2026/09/14 07:05:29.407, NVIDIA GeForce RTX 4090, GPU-aa7f7166-9ea5-7f29-fdcd-564e63997805, 570.195.03, P0, 33, 111.16 W, 0 %, 0 %, 8658 MiB, 24564 MiB, 2520 MHz, 10501 MHz
2026/09/14 07:05:30.408, NVIDIA GeForce RTX 4090, GPU-aa7f7166-9ea5-7f29-fdcd-564e63997805, 570.195.03, P0, 33, 79.43 W, 38 %, 27 %, 8658 MiB, 24564 MiB, 2520 MHz, 10501 MHz
2026/09/14 07:05:31.410, NVIDIA GeForce RTX 4090, GPU-aa7f7166-9ea5-7f29-fdcd-564e63997805, 570.195.03, P0, 34, 80.77 W, 0 %, 0 %, 8658 MiB, 24564 MiB, 2520 MHz, 10501 MHz
2026/09/14 07:05:32.412, NVIDIA GeForce RTX 4090, GPU-aa7f7166-9ea5-7f29-fdcd-564e63997805, 570.195.03, P0, 34, 113.68 W, 37 %, 26 %, 8658 MiB, 24564 MiB, 2520 MHz, 10501 MHz
2026/09/14 07:05:33.416, NVIDIA GeForce RTX 4090, GPU-aa7f7166-9ea5-7f29-fdcd-564e63997805, 570.195.03, P0, 34, 126.38 W, 36 %, 26 %, 8658 MiB, 24564 MiB, 2520 MHz, 10501 MHz
2026/09/14 07:05:34.419, NVIDIA GeForce RTX 4090, GPU-aa7f7166-9ea5-7f29-fdcd-564e63997805, 570.195.03, P0, 34, 126.58 W, 37 %, 27 %, 8658 MiB, 24564 MiB, 2520 MHz, 10501 MHz
2026/09/14 07:05:35.420, NVIDIA GeForce RTX 4090, GPU-aa7f7166-9ea5-7f29-fdcd-564e63997805, 570.195.03, P0, 33, 99.02 W, 0 %, 0 %, 8658 MiB, 24564 MiB, 2520 MHz, 10501 MHz
2026/09/14 07:05:36.422, NVIDIA GeForce RTX 4090, GPU-aa7f7166-9ea5-7f29-fdcd-564e63997805, 570.195.03, P0, 34, 92.97 W, 38 %, 27 %, 8658 MiB, 24564 MiB, 2520 MHz, 10501 MHz
2026/09/14 07:05:37.423, NVIDIA GeForce RTX 4090, GPU-aa7f7166-9ea5-7f29-fdcd-564e63997805, 570.195.03, P0, 34, 125.20 W, 34 %, 24 %, 8658 MiB, 24564 MiB, 2520 MHz, 10501 MHz
2026/09/14 07:05:38.425, NVIDIA GeForce RTX 4090, GPU-aa7f7166-9ea5-7f29-fdcd-564e63997805, 570.195.03, P0, 34, 122.10 W, 35 %, 26 %, 8658 MiB, 24564 MiB, 2520 MHz, 10501 MHz
2026/09/14 07:05:39.427, NVIDIA GeForce RTX 4090, GPU-aa7f7166-9ea5-7f29-fdcd-564e63997805, 570.195.03, P0, 34, 123.48 W, 35 %, 25 %, 8658 MiB, 24564 MiB, 2520 MHz, 10501 MHz
2026/09/14 07:05:40.428, NVIDIA GeForce RTX 4090, GPU-aa7f7166-9ea5-7f29-fdcd-564e63997805, 570.195.03, P0, 33, 100.15 W, 0 %, 0 %, 8658 MiB, 24564 MiB, 2520 MHz, 10501 MHz
2026/09/14 07:05:41.429, NVIDIA GeForce RTX 4090, GPU-aa7f7166-9ea5-7f29-fdcd-564e63997805, 570.195.03, P0, 34, 95.18 W, 35 %, 25 %, 8658 MiB, 24564 MiB, 2520 MHz, 10501 MHz
2026/09/14 07:05:42.431, NVIDIA GeForce RTX 4090, GPU-aa7f7166-9ea5-7f29-fdcd-564e63997805, 570.195.03, P0, 34, 122.53 W, 34 %, 24 %, 8658 MiB, 24564 MiB, 2520 MHz, 10501 MHz
2026/09/14 07:05:43.432, NVIDIA GeForce RTX 4090, GPU-aa7f7166-9ea5-7f29-fdcd-564e63997805, 570.195.03, P0, 34, 122.14 W, 33 %, 24 %, 8658 MiB, 24564 MiB, 2520 MHz, 10501 MHz
2026/09/14 07:05:44.435, NVIDIA GeForce RTX 4090, GPU-aa7f7166-9ea5-7f29-fdcd-564e63997805, 570.195.03, P0, 34, 121.16 W, 33 %, 23 %, 8658 MiB, 24564 MiB, 2520 MHz, 10501 MHz
2026/09/14 07:05:45.438, NVIDIA GeForce RTX 4090, GPU-aa7f7166-9ea5-7f29-fdcd-564e63997805, 570.195.03, P0, 34, 119.40 W, 31 %, 22 %, 8658 MiB, 24564 MiB, 2520 MHz, 10501 MHz
2026/09/14 07:05:46.440, NVIDIA GeForce RTX 4090, GPU-aa7f7166-9ea5-7f29-fdcd-564e63997805, 570.195.03, P0, 34, 118.26 W, 31 %, 22 %, 8658 MiB, 24564 MiB, 2520 MHz, 10501 MHz
2026/09/14 07:05:47.442, NVIDIA GeForce RTX 4090, GPU-aa7f7166-9ea5-7f29-fdcd-564e63997805, 570.195.03, P0, 33, 83.06 W, 0 %, 0 %, 8658 MiB, 24564 MiB, 2520 MHz, 10501 MHz
2026/09/14 07:05:48.444, NVIDIA GeForce RTX 4090, GPU-aa7f7166-9ea5-7f29-fdcd-564e63997805, 570.195.03, P0, 34, 104.01 W, 37 %, 27 %, 8658 MiB, 24564 MiB, 2520 MHz, 10501 MHz
2026/09/14 07:05:49.445, NVIDIA GeForce RTX 4090, GPU-aa7f7166-9ea5-7f29-fdcd-564e63997805, 570.195.03, P0, 34, 126.36 W, 36 %, 25 %, 8658 MiB, 24564 MiB, 2520 MHz, 10501 MHz
2026/09/14 07:05:50.447, NVIDIA GeForce RTX 4090, GPU-aa7f7166-9ea5-7f29-fdcd-564e63997805, 570.195.03, P0, 34, 125.86 W, 37 %, 26 %, 8658 MiB, 24564 MiB, 2520 MHz, 10501 MHz
2026/09/14 07:05:51.449, NVIDIA GeForce RTX 4090, GPU-aa7f7166-9ea5-7f29-fdcd-564e63997805, 570.195.03, P0, 34, 124.62 W, 37 %, 26 %, 8658 MiB, 24564 MiB, 2520 MHz, 10501 MHz
2026/09/14 07:05:52.451, NVIDIA GeForce RTX 4090, GPU-aa7f7166-9ea5-7f29-fdcd-564e63997805, 570.195.03, P0, 34, 124.98 W, 37 %, 27 %, 8658 MiB, 24564 MiB, 2520 MHz, 10501 MHz
2026/09/14 07:05:53.453, NVIDIA GeForce RTX 4090, GPU-aa7f7166-9ea5-7f29-fdcd-564e63997805, 570.195.03, P0, 33, 103.65 W, 0 %, 0 %, 8658 MiB, 24564 MiB, 2520 MHz, 10501 MHz
2026/09/14 07:05:54.455, NVIDIA GeForce RTX 4090, GPU-aa7f7166-9ea5-7f29-fdcd-564e63997805, 570.195.03, P0, 34, 87.55 W, 37 %, 26 %, 8658 MiB, 24564 MiB, 2520 MHz, 10501 MHz
2026/09/14 07:05:55.457, NVIDIA GeForce RTX 4090, GPU-aa7f7166-9ea5-7f29-fdcd-564e63997805, 570.195.03, P0, 33, 115.34 W, 0 %, 0 %, 8658 MiB, 24564 MiB, 2520 MHz, 10501 MHz
2026/09/14 07:05:56.459, NVIDIA GeForce RTX 4090, GPU-aa7f7166-9ea5-7f29-fdcd-564e63997805, 570.195.03, P0, 34, 75.96 W, 37 %, 26 %, 8658 MiB, 24564 MiB, 2520 MHz, 10501 MHz
2026/09/14 07:05:57.462, NVIDIA GeForce RTX 4090, GPU-aa7f7166-9ea5-7f29-fdcd-564e63997805, 570.195.03, P0, 34, 127.25 W, 37 %, 27 %, 8658 MiB, 24564 MiB, 2520 MHz, 10501 MHz
2026/09/14 07:05:58.464, NVIDIA GeForce RTX 4090, GPU-aa7f7166-9ea5-7f29-fdcd-564e63997805, 570.195.03, P0, 33, 89.93 W, 0 %, 0 %, 8658 MiB, 24564 MiB, 2520 MHz, 10501 MHz
2026/09/14 07:05:59.466, NVIDIA GeForce RTX 4090, GPU-aa7f7166-9ea5-7f29-fdcd-564e63997805, 570.195.03, P0, 34, 100.25 W, 34 %, 24 %, 8658 MiB, 24564 MiB, 2520 MHz, 10501 MHz
2026/09/14 07:06:00.468, NVIDIA GeForce RTX 4090, GPU-aa7f7166-9ea5-7f29-fdcd-564e63997805, 570.195.03, P0, 34, 123.56 W, 35 %, 25 %, 8658 MiB, 24564 MiB, 2520 MHz, 10501 MHz
2026/09/14 07:06:01.470, NVIDIA GeForce RTX 4090, GPU-aa7f7166-9ea5-7f29-fdcd-564e63997805, 570.195.03, P0, 34, 123.87 W, 36 %, 26 %, 8658 MiB, 24564 MiB, 2520 MHz, 10501 MHz
2026/09/14 07:06:02.473, NVIDIA GeForce RTX 4090, GPU-aa7f7166-9ea5-7f29-fdcd-564e63997805, 570.195.03, P0, 34, 123.55 W, 34 %, 24 %, 8658 MiB, 24564 MiB, 2520 MHz, 10501 MHz
2026/09/14 07:06:03.475, NVIDIA GeForce RTX 4090, GPU-aa7f7166-9ea5-7f29-fdcd-564e63997805, 570.195.03, P0, 34, 124.58 W, 37 %, 26 %, 8658 MiB, 24564 MiB, 2520 MHz, 10501 MHz
2026/09/14 07:06:04.476, NVIDIA GeForce RTX 4090, GPU-aa7f7166-9ea5-7f29-fdcd-564e63997805, 570.195.03, P0, 33, 113.85 W, 0 %, 0 %, 8658 MiB, 24564 MiB, 2520 MHz, 10501 MHz
2026/09/14 07:06:05.478, NVIDIA GeForce RTX 4090, GPU-aa7f7166-9ea5-7f29-fdcd-564e63997805, 570.195.03, P0, 34, 74.92 W, 38 %, 27 %, 8658 MiB, 24564 MiB, 2520 MHz, 10501 MHz
2026/09/14 07:06:06.480, NVIDIA GeForce RTX 4090, GPU-aa7f7166-9ea5-7f29-fdcd-564e63997805, 570.195.03, P0, 34, 125.73 W, 34 %, 24 %, 8658 MiB, 24564 MiB, 2520 MHz, 10501 MHz
2026/09/14 07:06:07.482, NVIDIA GeForce RTX 4090, GPU-aa7f7166-9ea5-7f29-fdcd-564e63997805, 570.195.03, P0, 34, 121.85 W, 37 %, 27 %, 8658 MiB, 24564 MiB, 2520 MHz, 10501 MHz
2026/09/14 07:06:08.483, NVIDIA GeForce RTX 4090, GPU-aa7f7166-9ea5-7f29-fdcd-564e63997805, 570.195.03, P0, 34, 124.71 W, 36 %, 26 %, 8658 MiB, 24564 MiB, 2520 MHz, 10501 MHz
2026/09/14 07:06:09.486, NVIDIA GeForce RTX 4090, GPU-aa7f7166-9ea5-7f29-fdcd-564e63997805, 570.195.03, P0, 33, 76.53 W, 0 %, 0 %, 8658 MiB, 24564 MiB, 2520 MHz, 10501 MHz
2026/09/14 07:06:10.487, NVIDIA GeForce RTX 4090, GPU-aa7f7166-9ea5-7f29-fdcd-564e63997805, 570.195.03, P0, 34, 113.53 W, 37 %, 26 %, 8658 MiB, 24564 MiB, 2520 MHz, 10501 MHz
2026/09/14 07:06:11.489, NVIDIA GeForce RTX 4090, GPU-aa7f7166-9ea5-7f29-fdcd-564e63997805, 570.195.03, P0, 34, 124.48 W, 30 %, 21 %, 8658 MiB, 24564 MiB, 2520 MHz, 10501 MHz
2026/09/14 07:06:12.491, NVIDIA GeForce RTX 4090, GPU-aa7f7166-9ea5-7f29-fdcd-564e63997805, 570.195.03, P0, 34, 123.50 W, 35 %, 25 %, 8658 MiB, 24564 MiB, 2520 MHz, 10501 MHz
2026/09/14 07:06:13.492, NVIDIA GeForce RTX 4090, GPU-aa7f7166-9ea5-7f29-fdcd-564e63997805, 570.195.03, P0, 33, 102.65 W, 0 %, 0 %, 8658 MiB, 24564 MiB, 2520 MHz, 10501 MHz
2026/09/14 07:06:14.494, NVIDIA GeForce RTX 4090, GPU-aa7f7166-9ea5-7f29-fdcd-564e63997805, 570.195.03, P0, 34, 85.19 W, 36 %, 26 %, 8658 MiB, 24564 MiB, 2520 MHz, 10501 MHz
2026/09/14 07:06:15.496, NVIDIA GeForce RTX 4090, GPU-aa7f7166-9ea5-7f29-fdcd-564e63997805, 570.195.03, P0, 34, 126.03 W, 36 %, 25 %, 8658 MiB, 24564 MiB, 2520 MHz, 10501 MHz
2026/09/14 07:06:16.498, NVIDIA GeForce RTX 4090, GPU-aa7f7166-9ea5-7f29-fdcd-564e63997805, 570.195.03, P0, 34, 124.55 W, 35 %, 25 %, 8658 MiB, 24564 MiB, 2520 MHz, 10501 MHz
2026/09/14 07:06:17.500, NVIDIA GeForce RTX 4090, GPU-aa7f7166-9ea5-7f29-fdcd-564e63997805, 570.195.03, P0, 34, 123.65 W, 35 %, 25 %, 8658 MiB, 24564 MiB, 2520 MHz, 10501 MHz
2026/09/14 07:06:18.505, NVIDIA GeForce RTX 4090, GPU-aa7f7166-9ea5-7f29-fdcd-564e63997805, 570.195.03, P0, 34, 123.09 W, 33 %, 23 %, 8658 MiB, 24564 MiB, 2520 MHz, 10501 MHz
2026/09/14 07:06:19.508, NVIDIA GeForce RTX 4090, GPU-aa7f7166-9ea5-7f29-fdcd-564e63997805, 570.195.03, P0, 33, 122.20 W, 25 %, 18 %, 8658 MiB, 24564 MiB, 2520 MHz, 10501 MHz
2026/09/14 07:06:20.509, NVIDIA GeForce RTX 4090, GPU-aa7f7166-9ea5-7f29-fdcd-564e63997805, 570.195.03, P0, 33, 74.34 W, 0 %, 0 %, 8658 MiB, 24564 MiB, 2520 MHz, 10501 MHz
2026/09/14 07:06:21.511, NVIDIA GeForce RTX 4090, GPU-aa7f7166-9ea5-7f29-fdcd-564e63997805, 570.195.03, P0, 34, 108.95 W, 36 %, 26 %, 8658 MiB, 24564 MiB, 2520 MHz, 10501 MHz
2026/09/14 07:06:22.513, NVIDIA GeForce RTX 4090, GPU-aa7f7166-9ea5-7f29-fdcd-564e63997805, 570.195.03, P0, 34, 126.96 W, 37 %, 26 %, 8658 MiB, 24564 MiB, 2520 MHz, 10501 MHz
2026/09/14 07:06:23.515, NVIDIA GeForce RTX 4090, GPU-aa7f7166-9ea5-7f29-fdcd-564e63997805, 570.195.03, P0, 33, 95.30 W, 0 %, 0 %, 8658 MiB, 24564 MiB, 2520 MHz, 10501 MHz
2026/09/14 07:06:24.517, NVIDIA GeForce RTX 4090, GPU-aa7f7166-9ea5-7f29-fdcd-564e63997805, 570.195.03, P0, 34, 97.96 W, 36 %, 26 %, 8658 MiB, 24564 MiB, 2520 MHz, 10501 MHz
2026/09/14 07:06:25.518, NVIDIA GeForce RTX 4090, GPU-aa7f7166-9ea5-7f29-fdcd-564e63997805, 570.195.03, P0, 34, 124.80 W, 36 %, 26 %, 8658 MiB, 24564 MiB, 2520 MHz, 10501 MHz
2026/09/14 07:06:26.520, NVIDIA GeForce RTX 4090, GPU-aa7f7166-9ea5-7f29-fdcd-564e63997805, 570.195.03, P0, 33, 120.33 W, 0 %, 0 %, 8658 MiB, 24564 MiB, 2520 MHz, 10501 MHz
2026/09/14 07:06:27.522, NVIDIA GeForce RTX 4090, GPU-aa7f7166-9ea5-7f29-fdcd-564e63997805, 570.195.03, P0, 34, 70.18 W, 35 %, 25 %, 8658 MiB, 24564 MiB, 2520 MHz, 10501 MHz
2026/09/14 07:06:28.524, NVIDIA GeForce RTX 4090, GPU-aa7f7166-9ea5-7f29-fdcd-564e63997805, 570.195.03, P0, 34, 121.80 W, 33 %, 23 %, 8658 MiB, 24564 MiB, 2520 MHz, 10501 MHz
2026/09/14 07:06:29.526, NVIDIA GeForce RTX 4090, GPU-aa7f7166-9ea5-7f29-fdcd-564e63997805, 570.195.03, P0, 34, 120.65 W, 34 %, 24 %, 8658 MiB, 24564 MiB, 2520 MHz, 10501 MHz
2026/09/14 07:06:30.528, NVIDIA GeForce RTX 4090, GPU-aa7f7166-9ea5-7f29-fdcd-564e63997805, 570.195.03, P0, 35, 122.56 W, 34 %, 24 %, 8658 MiB, 24564 MiB, 2520 MHz, 10501 MHz
2026/09/14 07:06:31.529, NVIDIA GeForce RTX 4090, GPU-aa7f7166-9ea5-7f29-fdcd-564e63997805, 570.195.03, P0, 34, 122.16 W, 34 %, 25 %, 8658 MiB, 24564 MiB, 2520 MHz, 10501 MHz
2026/09/14 07:06:32.531, NVIDIA GeForce RTX 4090, GPU-aa7f7166-9ea5-7f29-fdcd-564e63997805, 570.195.03, P0, 34, 122.68 W, 34 %, 25 %, 8658 MiB, 24564 MiB, 2520 MHz, 10501 MHz
2026/09/14 07:06:33.532, NVIDIA GeForce RTX 4090, GPU-aa7f7166-9ea5-7f29-fdcd-564e63997805, 570.195.03, P0, 33, 101.11 W, 0 %, 0 %, 8658 MiB, 24564 MiB, 2520 MHz, 10501 MHz
2026/09/14 07:06:34.534, NVIDIA GeForce RTX 4090, GPU-aa7f7166-9ea5-7f29-fdcd-564e63997805, 570.195.03, P0, 34, 86.38 W, 38 %, 27 %, 8658 MiB, 24564 MiB, 2520 MHz, 10501 MHz
2026/09/14 07:06:35.535, NVIDIA GeForce RTX 4090, GPU-aa7f7166-9ea5-7f29-fdcd-564e63997805, 570.195.03, P0, 33, 98.36 W, 0 %, 0 %, 8658 MiB, 24564 MiB, 2520 MHz, 10501 MHz
2026/09/14 07:06:36.537, NVIDIA GeForce RTX 4090, GPU-aa7f7166-9ea5-7f29-fdcd-564e63997805, 570.195.03, P0, 34, 90.82 W, 36 %, 26 %, 8658 MiB, 24564 MiB, 2520 MHz, 10501 MHz
2026/09/14 07:06:37.539, NVIDIA GeForce RTX 4090, GPU-aa7f7166-9ea5-7f29-fdcd-564e63997805, 570.195.03, P0, 34, 126.55 W, 37 %, 26 %, 8658 MiB, 24564 MiB, 2520 MHz, 10501 MHz
2026/09/14 07:06:38.540, NVIDIA GeForce RTX 4090, GPU-aa7f7166-9ea5-7f29-fdcd-564e63997805, 570.195.03, P0, 34, 127.19 W, 37 %, 26 %, 8658 MiB, 24564 MiB, 2520 MHz, 10501 MHz
2026/09/14 07:06:39.543, NVIDIA GeForce RTX 4090, GPU-aa7f7166-9ea5-7f29-fdcd-564e63997805, 570.195.03, P0, 33, 82.15 W, 0 %, 0 %, 8658 MiB, 24564 MiB, 2520 MHz, 10501 MHz
2026/09/14 07:06:40.544, NVIDIA GeForce RTX 4090, GPU-aa7f7166-9ea5-7f29-fdcd-564e63997805, 570.195.03, P0, 34, 113.94 W, 37 %, 26 %, 8658 MiB, 24564 MiB, 2520 MHz, 10501 MHz
2026/09/14 07:06:41.545, NVIDIA GeForce RTX 4090, GPU-aa7f7166-9ea5-7f29-fdcd-564e63997805, 570.195.03, P0, 34, 125.50 W, 36 %, 26 %, 8658 MiB, 24564 MiB, 2520 MHz, 10501 MHz
2026/09/14 07:06:42.547, NVIDIA GeForce RTX 4090, GPU-aa7f7166-9ea5-7f29-fdcd-564e63997805, 570.195.03, P0, 35, 126.58 W, 37 %, 26 %, 8658 MiB, 24564 MiB, 2520 MHz, 10501 MHz
2026/09/14 07:06:43.548, NVIDIA GeForce RTX 4090, GPU-aa7f7166-9ea5-7f29-fdcd-564e63997805, 570.195.03, P0, 35, 127.21 W, 37 %, 26 %, 8658 MiB, 24564 MiB, 2520 MHz, 10501 MHz
2026/09/14 07:06:44.550, NVIDIA GeForce RTX 4090, GPU-aa7f7166-9ea5-7f29-fdcd-564e63997805, 570.195.03, P0, 33, 104.84 W, 0 %, 0 %, 8658 MiB, 24564 MiB, 2520 MHz, 10501 MHz
2026/09/14 07:06:45.551, NVIDIA GeForce RTX 4090, GPU-aa7f7166-9ea5-7f29-fdcd-564e63997805, 570.195.03, P0, 34, 89.68 W, 38 %, 28 %, 8658 MiB, 24564 MiB, 2520 MHz, 10501 MHz
2026/09/14 07:06:46.553, NVIDIA GeForce RTX 4090, GPU-aa7f7166-9ea5-7f29-fdcd-564e63997805, 570.195.03, P0, 35, 127.29 W, 37 %, 26 %, 8658 MiB, 24564 MiB, 2520 MHz, 10501 MHz
2026/09/14 07:06:47.554, NVIDIA GeForce RTX 4090, GPU-aa7f7166-9ea5-7f29-fdcd-564e63997805, 570.195.03, P0, 35, 126.10 W, 37 %, 27 %, 8658 MiB, 24564 MiB, 2520 MHz, 10501 MHz
2026/09/14 07:06:48.557, NVIDIA GeForce RTX 4090, GPU-aa7f7166-9ea5-7f29-fdcd-564e63997805, 570.195.03, P0, 34, 126.38 W, 34 %, 24 %, 8658 MiB, 24564 MiB, 2520 MHz, 10501 MHz
2026/09/14 07:06:49.558, NVIDIA GeForce RTX 4090, GPU-aa7f7166-9ea5-7f29-fdcd-564e63997805, 570.195.03, P0, 35, 124.46 W, 37 %, 26 %, 8658 MiB, 24564 MiB, 2520 MHz, 10501 MHz
2026/09/14 07:06:50.559, NVIDIA GeForce RTX 4090, GPU-aa7f7166-9ea5-7f29-fdcd-564e63997805, 570.195.03, P0, 33, 113.08 W, 0 %, 0 %, 8658 MiB, 24564 MiB, 2520 MHz, 10501 MHz
2026/09/14 07:06:51.561, NVIDIA GeForce RTX 4090, GPU-aa7f7166-9ea5-7f29-fdcd-564e63997805, 570.195.03, P0, 34, 79.67 W, 35 %, 26 %, 8658 MiB, 24564 MiB, 2520 MHz, 10501 MHz
2026/09/14 07:06:52.563, NVIDIA GeForce RTX 4090, GPU-aa7f7166-9ea5-7f29-fdcd-564e63997805, 570.195.03, P0, 34, 124.33 W, 35 %, 25 %, 8658 MiB, 24564 MiB, 2520 MHz, 10501 MHz
2026/09/14 07:06:53.564, NVIDIA GeForce RTX 4090, GPU-aa7f7166-9ea5-7f29-fdcd-564e63997805, 570.195.03, P0, 35, 125.93 W, 34 %, 24 %, 8658 MiB, 24564 MiB, 2520 MHz, 10501 MHz
2026/09/14 07:06:54.567, NVIDIA GeForce RTX 4090, GPU-aa7f7166-9ea5-7f29-fdcd-564e63997805, 570.195.03, P0, 35, 125.96 W, 37 %, 27 %, 8658 MiB, 24564 MiB, 2520 MHz, 10501 MHz
2026/09/14 07:06:55.568, NVIDIA GeForce RTX 4090, GPU-aa7f7166-9ea5-7f29-fdcd-564e63997805, 570.195.03, P0, 35, 125.83 W, 37 %, 26 %, 8658 MiB, 24564 MiB, 2520 MHz, 10501 MHz
2026/09/14 07:06:56.570, NVIDIA GeForce RTX 4090, GPU-aa7f7166-9ea5-7f29-fdcd-564e63997805, 570.195.03, P0, 33, 106.60 W, 0 %, 0 %, 8658 MiB, 24564 MiB, 2520 MHz, 10501 MHz
2026/09/14 07:06:57.571, NVIDIA GeForce RTX 4090, GPU-aa7f7166-9ea5-7f29-fdcd-564e63997805, 570.195.03, P0, 34, 84.26 W, 37 %, 27 %, 8658 MiB, 24564 MiB, 2520 MHz, 10501 MHz
2026/09/14 07:06:58.573, NVIDIA GeForce RTX 4090, GPU-aa7f7166-9ea5-7f29-fdcd-564e63997805, 570.195.03, P0, 35, 126.34 W, 37 %, 27 %, 8658 MiB, 24564 MiB, 2520 MHz, 10501 MHz
2026/09/14 07:06:59.574, NVIDIA GeForce RTX 4090, GPU-aa7f7166-9ea5-7f29-fdcd-564e63997805, 570.195.03, P0, 35, 124.43 W, 31 %, 22 %, 8658 MiB, 24564 MiB, 2520 MHz, 10501 MHz
2026/09/14 07:07:00.576, NVIDIA GeForce RTX 4090, GPU-aa7f7166-9ea5-7f29-fdcd-564e63997805, 570.195.03, P0, 35, 124.19 W, 37 %, 27 %, 8658 MiB, 24564 MiB, 2520 MHz, 10501 MHz
2026/09/14 07:07:01.577, NVIDIA GeForce RTX 4090, GPU-aa7f7166-9ea5-7f29-fdcd-564e63997805, 570.195.03, P0, 34, 124.71 W, 37 %, 26 %, 8658 MiB, 24564 MiB, 2520 MHz, 10501 MHz
2026/09/14 07:07:02.578, NVIDIA GeForce RTX 4090, GPU-aa7f7166-9ea5-7f29-fdcd-564e63997805, 570.195.03, P0, 33, 103.24 W, 0 %, 0 %, 8658 MiB, 24564 MiB, 2520 MHz, 10501 MHz
2026/09/14 07:07:03.580, NVIDIA GeForce RTX 4090, GPU-aa7f7166-9ea5-7f29-fdcd-564e63997805, 570.195.03, P0, 34, 83.92 W, 34 %, 24 %, 8658 MiB, 24564 MiB, 2520 MHz, 10501 MHz
2026/09/14 07:07:04.582, NVIDIA GeForce RTX 4090, GPU-aa7f7166-9ea5-7f29-fdcd-564e63997805, 570.195.03, P0, 33, 95.06 W, 0 %, 0 %, 8658 MiB, 24564 MiB, 2520 MHz, 10501 MHz
2026/09/14 07:07:05.584, NVIDIA GeForce RTX 4090, GPU-aa7f7166-9ea5-7f29-fdcd-564e63997805, 570.195.03, P0, 33, 96.64 W, 0 %, 0 %, 8658 MiB, 24564 MiB, 2520 MHz, 10501 MHz
2026/09/14 07:07:06.586, NVIDIA GeForce RTX 4090, GPU-aa7f7166-9ea5-7f29-fdcd-564e63997805, 570.195.03, P0, 34, 70.94 W, 38 %, 18 %, 8658 MiB, 24564 MiB, 2520 MHz, 10501 MHz
2026/09/14 07:07:07.587, NVIDIA GeForce RTX 4090, GPU-aa7f7166-9ea5-7f29-fdcd-564e63997805, 570.195.03, P0, 34, 119.82 W, 36 %, 26 %, 8658 MiB, 24564 MiB, 2520 MHz, 10501 MHz
2026/09/14 07:07:08.589, NVIDIA GeForce RTX 4090, GPU-aa7f7166-9ea5-7f29-fdcd-564e63997805, 570.195.03, P0, 34, 125.34 W, 35 %, 25 %, 8658 MiB, 24564 MiB, 2520 MHz, 10501 MHz
2026/09/14 07:07:09.590, NVIDIA GeForce RTX 4090, GPU-aa7f7166-9ea5-7f29-fdcd-564e63997805, 570.195.03, P0, 34, 124.81 W, 35 %, 25 %, 8658 MiB, 24564 MiB, 2520 MHz, 10501 MHz
2026/09/14 07:07:10.592, NVIDIA GeForce RTX 4090, GPU-aa7f7166-9ea5-7f29-fdcd-564e63997805, 570.195.03, P0, 35, 124.84 W, 36 %, 26 %, 8658 MiB, 24564 MiB, 2520 MHz, 10501 MHz
2026/09/14 07:07:11.594, NVIDIA GeForce RTX 4090, GPU-aa7f7166-9ea5-7f29-fdcd-564e63997805, 570.195.03, P0, 35, 126.17 W, 35 %, 25 %, 8658 MiB, 24564 MiB, 2520 MHz, 10501 MHz
2026/09/14 07:07:12.597, NVIDIA GeForce RTX 4090, GPU-aa7f7166-9ea5-7f29-fdcd-564e63997805, 570.195.03, P0, 33, 71.08 W, 0 %, 0 %, 8658 MiB, 24564 MiB, 2520 MHz, 10501 MHz
2026/09/14 07:07:13.599, NVIDIA GeForce RTX 4090, GPU-aa7f7166-9ea5-7f29-fdcd-564e63997805, 570.195.03, P0, 34, 124.13 W, 37 %, 27 %, 8658 MiB, 24564 MiB, 2520 MHz, 10501 MHz
2026/09/14 07:07:14.601, NVIDIA GeForce RTX 4090, GPU-aa7f7166-9ea5-7f29-fdcd-564e63997805, 570.195.03, P0, 34, 126.23 W, 36 %, 25 %, 8658 MiB, 24564 MiB, 2520 MHz, 10501 MHz
2026/09/14 07:07:15.602, NVIDIA GeForce RTX 4090, GPU-aa7f7166-9ea5-7f29-fdcd-564e63997805, 570.195.03, P0, 35, 125.99 W, 37 %, 27 %, 8658 MiB, 24564 MiB, 2520 MHz, 10501 MHz
2026/09/14 07:07:16.604, NVIDIA GeForce RTX 4090, GPU-aa7f7166-9ea5-7f29-fdcd-564e63997805, 570.195.03, P0, 35, 126.47 W, 36 %, 26 %, 8658 MiB, 24564 MiB, 2520 MHz, 10501 MHz
2026/09/14 07:07:17.606, NVIDIA GeForce RTX 4090, GPU-aa7f7166-9ea5-7f29-fdcd-564e63997805, 570.195.03, P0, 35, 125.67 W, 37 %, 27 %, 8658 MiB, 24564 MiB, 2520 MHz, 10501 MHz
2026/09/14 07:07:18.608, NVIDIA GeForce RTX 4090, GPU-aa7f7166-9ea5-7f29-fdcd-564e63997805, 570.195.03, P0, 33, 77.67 W, 0 %, 0 %, 8658 MiB, 24564 MiB, 2520 MHz, 10501 MHz
2026/09/14 07:07:19.611, NVIDIA GeForce RTX 4090, GPU-aa7f7166-9ea5-7f29-fdcd-564e63997805, 570.195.03, P0, 34, 117.69 W, 37 %, 26 %, 8658 MiB, 24564 MiB, 2520 MHz, 10501 MHz
2026/09/14 07:07:20.613, NVIDIA GeForce RTX 4090, GPU-aa7f7166-9ea5-7f29-fdcd-564e63997805, 570.195.03, P0, 33, 78.95 W, 0 %, 0 %, 8658 MiB, 24564 MiB, 2520 MHz, 10501 MHz
2026/09/14 07:07:21.615, NVIDIA GeForce RTX 4090, GPU-aa7f7166-9ea5-7f29-fdcd-564e63997805, 570.195.03, P0, 34, 116.56 W, 38 %, 27 %, 8658 MiB, 24564 MiB, 2520 MHz, 10501 MHz
2026/09/14 07:07:22.617, NVIDIA GeForce RTX 4090, GPU-aa7f7166-9ea5-7f29-fdcd-564e63997805, 570.195.03, P0, 35, 126.39 W, 37 %, 27 %, 8658 MiB, 24564 MiB, 2520 MHz, 10501 MHz
2026/09/14 07:07:23.618, NVIDIA GeForce RTX 4090, GPU-aa7f7166-9ea5-7f29-fdcd-564e63997805, 570.195.03, P0, 35, 125.56 W, 36 %, 26 %, 8658 MiB, 24564 MiB, 2520 MHz, 10501 MHz
2026/09/14 07:07:24.620, NVIDIA GeForce RTX 4090, GPU-aa7f7166-9ea5-7f29-fdcd-564e63997805, 570.195.03, P0, 35, 126.14 W, 36 %, 25 %, 8658 MiB, 24564 MiB, 2520 MHz, 10501 MHz
2026/09/14 07:07:25.621, NVIDIA GeForce RTX 4090, GPU-aa7f7166-9ea5-7f29-fdcd-564e63997805, 570.195.03, P0, 35, 126.00 W, 37 %, 27 %, 8658 MiB, 24564 MiB, 2520 MHz, 10501 MHz
2026/09/14 07:07:26.623, NVIDIA GeForce RTX 4090, GPU-aa7f7166-9ea5-7f29-fdcd-564e63997805, 570.195.03, P0, 33, 87.10 W, 0 %, 0 %, 8658 MiB, 24564 MiB, 2520 MHz, 10501 MHz
2026/09/14 07:07:27.625, NVIDIA GeForce RTX 4090, GPU-aa7f7166-9ea5-7f29-fdcd-564e63997805, 570.195.03, P0, 34, 106.44 W, 37 %, 27 %, 8658 MiB, 24564 MiB, 2520 MHz, 10501 MHz
2026/09/14 07:07:28.627, NVIDIA GeForce RTX 4090, GPU-aa7f7166-9ea5-7f29-fdcd-564e63997805, 570.195.03, P0, 33, 90.76 W, 0 %, 0 %, 8658 MiB, 24564 MiB, 2520 MHz, 10501 MHz
2026/09/14 07:07:29.629, NVIDIA GeForce RTX 4090, GPU-aa7f7166-9ea5-7f29-fdcd-564e63997805, 570.195.03, P0, 34, 102.80 W, 37 %, 26 %, 8658 MiB, 24564 MiB, 2520 MHz, 10501 MHz
2026/09/14 07:07:30.632, NVIDIA GeForce RTX 4090, GPU-aa7f7166-9ea5-7f29-fdcd-564e63997805, 570.195.03, P0, 33, 72.78 W, 0 %, 0 %, 8658 MiB, 24564 MiB, 2520 MHz, 10501 MHz
2026/09/14 07:07:31.634, NVIDIA GeForce RTX 4090, GPU-aa7f7166-9ea5-7f29-fdcd-564e63997805, 570.195.03, P0, 34, 123.07 W, 36 %, 26 %, 8658 MiB, 24564 MiB, 2520 MHz, 10501 MHz
2026/09/14 07:07:32.637, NVIDIA GeForce RTX 4090, GPU-aa7f7166-9ea5-7f29-fdcd-564e63997805, 570.195.03, P0, 34, 124.98 W, 32 %, 23 %, 8658 MiB, 24564 MiB, 2520 MHz, 10501 MHz
2026/09/14 07:07:33.639, NVIDIA GeForce RTX 4090, GPU-aa7f7166-9ea5-7f29-fdcd-564e63997805, 570.195.03, P0, 35, 125.69 W, 38 %, 27 %, 8658 MiB, 24564 MiB, 2520 MHz, 10501 MHz
2026/09/14 07:07:34.641, NVIDIA GeForce RTX 4090, GPU-aa7f7166-9ea5-7f29-fdcd-564e63997805, 570.195.03, P0, 35, 125.85 W, 37 %, 27 %, 8658 MiB, 24564 MiB, 2520 MHz, 10501 MHz
2026/09/14 07:07:35.643, NVIDIA GeForce RTX 4090, GPU-aa7f7166-9ea5-7f29-fdcd-564e63997805, 570.195.03, P0, 35, 124.90 W, 34 %, 24 %, 8658 MiB, 24564 MiB, 2520 MHz, 10501 MHz
2026/09/14 07:07:36.645, NVIDIA GeForce RTX 4090, GPU-aa7f7166-9ea5-7f29-fdcd-564e63997805, 570.195.03, P0, 33, 84.41 W, 0 %, 0 %, 8658 MiB, 24564 MiB, 2520 MHz, 10501 MHz
2026/09/14 07:07:37.647, NVIDIA GeForce RTX 4090, GPU-aa7f7166-9ea5-7f29-fdcd-564e63997805, 570.195.03, P0, 34, 110.63 W, 38 %, 27 %, 8658 MiB, 24564 MiB, 2520 MHz, 10501 MHz
2026/09/14 07:07:38.648, NVIDIA GeForce RTX 4090, GPU-aa7f7166-9ea5-7f29-fdcd-564e63997805, 570.195.03, P0, 35, 126.83 W, 35 %, 26 %, 8658 MiB, 24564 MiB, 2520 MHz, 10501 MHz
2026/09/14 07:07:39.650, NVIDIA GeForce RTX 4090, GPU-aa7f7166-9ea5-7f29-fdcd-564e63997805, 570.195.03, P0, 35, 125.36 W, 36 %, 25 %, 8658 MiB, 24564 MiB, 2520 MHz, 10501 MHz
2026/09/14 07:07:40.652, NVIDIA GeForce RTX 4090, GPU-aa7f7166-9ea5-7f29-fdcd-564e63997805, 570.195.03, P0, 35, 114.40 W, 35 %, 26 %, 8658 MiB, 24564 MiB, 2520 MHz, 10501 MHz
2026/09/14 07:07:41.654, NVIDIA GeForce RTX 4090, GPU-aa7f7166-9ea5-7f29-fdcd-564e63997805, 570.195.03, P0, 33, 76.40 W, 0 %, 0 %, 8658 MiB, 24564 MiB, 2520 MHz, 10501 MHz
2026/09/14 07:07:42.657, NVIDIA GeForce RTX 4090, GPU-aa7f7166-9ea5-7f29-fdcd-564e63997805, 570.195.03, P0, 34, 124.88 W, 34 %, 24 %, 8658 MiB, 24564 MiB, 2520 MHz, 10501 MHz
2026/09/14 07:07:43.660, NVIDIA GeForce RTX 4090, GPU-aa7f7166-9ea5-7f29-fdcd-564e63997805, 570.195.03, P0, 35, 124.64 W, 35 %, 26 %, 8658 MiB, 24564 MiB, 2520 MHz, 10501 MHz
2026/09/14 07:07:44.661, NVIDIA GeForce RTX 4090, GPU-aa7f7166-9ea5-7f29-fdcd-564e63997805, 570.195.03, P0, 35, 112.69 W, 37 %, 27 %, 8658 MiB, 24564 MiB, 2520 MHz, 10501 MHz
2026/09/14 07:07:45.663, NVIDIA GeForce RTX 4090, GPU-aa7f7166-9ea5-7f29-fdcd-564e63997805, 570.195.03, P0, 33, 76.70 W, 0 %, 0 %, 8658 MiB, 24564 MiB, 2520 MHz, 10501 MHz
2026/09/14 07:07:46.665, NVIDIA GeForce RTX 4090, GPU-aa7f7166-9ea5-7f29-fdcd-564e63997805, 570.195.03, P0, 34, 126.59 W, 37 %, 26 %, 8658 MiB, 24564 MiB, 2520 MHz, 10501 MHz
2026/09/14 07:07:47.667, NVIDIA GeForce RTX 4090, GPU-aa7f7166-9ea5-7f29-fdcd-564e63997805, 570.195.03, P0, 34, 125.31 W, 32 %, 23 %, 8658 MiB, 24564 MiB, 2520 MHz, 10501 MHz
2026/09/14 07:07:48.669, NVIDIA GeForce RTX 4090, GPU-aa7f7166-9ea5-7f29-fdcd-564e63997805, 570.195.03, P0, 33, 74.97 W, 0 %, 0 %, 8658 MiB, 24564 MiB, 2520 MHz, 10501 MHz
2026/09/14 07:07:49.671, NVIDIA GeForce RTX 4090, GPU-aa7f7166-9ea5-7f29-fdcd-564e63997805, 570.195.03, P0, 34, 120.50 W, 37 %, 26 %, 8658 MiB, 24564 MiB, 2520 MHz, 10501 MHz
2026/09/14 07:07:50.673, NVIDIA GeForce RTX 4090, GPU-aa7f7166-9ea5-7f29-fdcd-564e63997805, 570.195.03, P0, 34, 125.83 W, 37 %, 27 %, 8658 MiB, 24564 MiB, 2520 MHz, 10501 MHz
2026/09/14 07:07:51.675, NVIDIA GeForce RTX 4090, GPU-aa7f7166-9ea5-7f29-fdcd-564e63997805, 570.195.03, P0, 33, 94.47 W, 0 %, 0 %, 8658 MiB, 24564 MiB, 2520 MHz, 10501 MHz
2026/09/14 07:07:52.676, NVIDIA GeForce RTX 4090, GPU-aa7f7166-9ea5-7f29-fdcd-564e63997805, 570.195.03, P0, 34, 98.81 W, 36 %, 26 %, 8658 MiB, 24564 MiB, 2520 MHz, 10501 MHz
2026/09/14 07:07:53.678, NVIDIA GeForce RTX 4090, GPU-aa7f7166-9ea5-7f29-fdcd-564e63997805, 570.195.03, P0, 33, 102.38 W, 19 %, 14 %, 8658 MiB, 24564 MiB, 2520 MHz, 10501 MHz
2026/09/14 07:07:54.680, NVIDIA GeForce RTX 4090, GPU-aa7f7166-9ea5-7f29-fdcd-564e63997805, 570.195.03, P0, 34, 90.90 W, 21 %, 10 %, 8658 MiB, 24564 MiB, 2520 MHz, 10501 MHz
2026/09/14 07:07:55.681, NVIDIA GeForce RTX 4090, GPU-aa7f7166-9ea5-7f29-fdcd-564e63997805, 570.195.03, P0, 34, 125.32 W, 34 %, 25 %, 8658 MiB, 24564 MiB, 2520 MHz, 10501 MHz
2026/09/14 07:07:56.683, NVIDIA GeForce RTX 4090, GPU-aa7f7166-9ea5-7f29-fdcd-564e63997805, 570.195.03, P0, 34, 125.20 W, 32 %, 23 %, 8658 MiB, 24564 MiB, 2520 MHz, 10501 MHz
2026/09/14 07:07:57.685, NVIDIA GeForce RTX 4090, GPU-aa7f7166-9ea5-7f29-fdcd-564e63997805, 570.195.03, P0, 35, 126.19 W, 37 %, 26 %, 8658 MiB, 24564 MiB, 2520 MHz, 10501 MHz
2026/09/14 07:07:58.687, NVIDIA GeForce RTX 4090, GPU-aa7f7166-9ea5-7f29-fdcd-564e63997805, 570.195.03, P0, 35, 126.75 W, 35 %, 25 %, 8658 MiB, 24564 MiB, 2520 MHz, 10501 MHz
2026/09/14 07:07:59.689, NVIDIA GeForce RTX 4090, GPU-aa7f7166-9ea5-7f29-fdcd-564e63997805, 570.195.03, P0, 33, 95.96 W, 0 %, 0 %, 8658 MiB, 24564 MiB, 2520 MHz, 10501 MHz
2026/09/14 07:08:00.691, NVIDIA GeForce RTX 4090, GPU-aa7f7166-9ea5-7f29-fdcd-564e63997805, 570.195.03, P0, 34, 93.67 W, 38 %, 21 %, 8658 MiB, 24564 MiB, 2520 MHz, 10501 MHz
2026/09/14 07:08:01.692, NVIDIA GeForce RTX 4090, GPU-aa7f7166-9ea5-7f29-fdcd-564e63997805, 570.195.03, P0, 34, 126.43 W, 37 %, 26 %, 8658 MiB, 24564 MiB, 2520 MHz, 10501 MHz
2026/09/14 07:08:02.694, NVIDIA GeForce RTX 4090, GPU-aa7f7166-9ea5-7f29-fdcd-564e63997805, 570.195.03, P0, 33, 72.89 W, 0 %, 0 %, 8658 MiB, 24564 MiB, 2520 MHz, 10501 MHz
2026/09/14 07:08:03.695, NVIDIA GeForce RTX 4090, GPU-aa7f7166-9ea5-7f29-fdcd-564e63997805, 570.195.03, P0, 35, 117.15 W, 36 %, 26 %, 8658 MiB, 24564 MiB, 2520 MHz, 10501 MHz
2026/09/14 07:08:04.697, NVIDIA GeForce RTX 4090, GPU-aa7f7166-9ea5-7f29-fdcd-564e63997805, 570.195.03, P0, 34, 123.86 W, 34 %, 24 %, 8658 MiB, 24564 MiB, 2520 MHz, 10501 MHz
2026/09/14 07:08:05.699, NVIDIA GeForce RTX 4090, GPU-aa7f7166-9ea5-7f29-fdcd-564e63997805, 570.195.03, P0, 34, 110.17 W, 31 %, 22 %, 8658 MiB, 24564 MiB, 2520 MHz, 10501 MHz
2026/09/14 07:08:06.700, NVIDIA GeForce RTX 4090, GPU-aa7f7166-9ea5-7f29-fdcd-564e63997805, 570.195.03, P0, 33, 80.75 W, 0 %, 0 %, 8658 MiB, 24564 MiB, 2520 MHz, 10501 MHz
2026/09/14 07:08:07.702, NVIDIA GeForce RTX 4090, GPU-aa7f7166-9ea5-7f29-fdcd-564e63997805, 570.195.03, P0, 34, 126.61 W, 36 %, 26 %, 8658 MiB, 24564 MiB, 2520 MHz, 10501 MHz
2026/09/14 07:08:08.704, NVIDIA GeForce RTX 4090, GPU-aa7f7166-9ea5-7f29-fdcd-564e63997805, 570.195.03, P0, 33, 93.06 W, 0 %, 0 %, 8658 MiB, 24564 MiB, 2520 MHz, 10501 MHz
2026/09/14 07:08:09.705, NVIDIA GeForce RTX 4090, GPU-aa7f7166-9ea5-7f29-fdcd-564e63997805, 570.195.03, P0, 34, 100.74 W, 37 %, 26 %, 8658 MiB, 24564 MiB, 2520 MHz, 10501 MHz
2026/09/14 07:08:10.707, NVIDIA GeForce RTX 4090, GPU-aa7f7166-9ea5-7f29-fdcd-564e63997805, 570.195.03, P0, 34, 127.62 W, 34 %, 24 %, 8658 MiB, 24564 MiB, 2520 MHz, 10501 MHz
2026/09/14 07:08:11.709, NVIDIA GeForce RTX 4090, GPU-aa7f7166-9ea5-7f29-fdcd-564e63997805, 570.195.03, P0, 35, 126.76 W, 35 %, 25 %, 8658 MiB, 24564 MiB, 2520 MHz, 10501 MHz
2026/09/14 07:08:12.710, NVIDIA GeForce RTX 4090, GPU-aa7f7166-9ea5-7f29-fdcd-564e63997805, 570.195.03, P0, 35, 123.39 W, 34 %, 25 %, 8658 MiB, 24564 MiB, 2520 MHz, 10501 MHz
2026/09/14 07:08:13.713, NVIDIA GeForce RTX 4090, GPU-aa7f7166-9ea5-7f29-fdcd-564e63997805, 570.195.03, P0, 35, 125.13 W, 37 %, 27 %, 8658 MiB, 24564 MiB, 2520 MHz, 10501 MHz
2026/09/14 07:08:14.714, NVIDIA GeForce RTX 4090, GPU-aa7f7166-9ea5-7f29-fdcd-564e63997805, 570.195.03, P0, 34, 110.26 W, 36 %, 25 %, 8658 MiB, 24564 MiB, 2520 MHz, 10501 MHz
2026/09/14 07:08:15.716, NVIDIA GeForce RTX 4090, GPU-aa7f7166-9ea5-7f29-fdcd-564e63997805, 570.195.03, P0, 34, 80.77 W, 0 %, 0 %, 8658 MiB, 24564 MiB, 2520 MHz, 10501 MHz
2026/09/14 07:08:16.717, NVIDIA GeForce RTX 4090, GPU-aa7f7166-9ea5-7f29-fdcd-564e63997805, 570.195.03, P0, 35, 126.46 W, 37 %, 27 %, 8658 MiB, 24564 MiB, 2520 MHz, 10501 MHz
2026/09/14 07:08:17.718, NVIDIA GeForce RTX 4090, GPU-aa7f7166-9ea5-7f29-fdcd-564e63997805, 570.195.03, P0, 35, 120.88 W, 35 %, 25 %, 8658 MiB, 24564 MiB, 2520 MHz, 10501 MHz
2026/09/14 07:08:18.720, NVIDIA GeForce RTX 4090, GPU-aa7f7166-9ea5-7f29-fdcd-564e63997805, 570.195.03, P0, 33, 73.65 W, 0 %, 0 %, 8692 MiB, 24564 MiB, 2520 MHz, 10501 MHz
2026/09/14 07:08:19.721, NVIDIA GeForce RTX 4090, GPU-aa7f7166-9ea5-7f29-fdcd-564e63997805, 570.195.03, P0, 34, 125.22 W, 32 %, 23 %, 8692 MiB, 24564 MiB, 2520 MHz, 10501 MHz
2026/09/14 07:08:20.723, NVIDIA GeForce RTX 4090, GPU-aa7f7166-9ea5-7f29-fdcd-564e63997805, 570.195.03, P0, 35, 124.48 W, 34 %, 24 %, 8692 MiB, 24564 MiB, 2520 MHz, 10501 MHz
2026/09/14 07:08:21.724, NVIDIA GeForce RTX 4090, GPU-aa7f7166-9ea5-7f29-fdcd-564e63997805, 570.195.03, P0, 35, 123.76 W, 33 %, 24 %, 8692 MiB, 24564 MiB, 2520 MHz, 10501 MHz
2026/09/14 07:08:22.725, NVIDIA GeForce RTX 4090, GPU-aa7f7166-9ea5-7f29-fdcd-564e63997805, 570.195.03, P0, 35, 121.72 W, 30 %, 22 %, 8692 MiB, 24564 MiB, 2520 MHz, 10501 MHz
2026/09/14 07:08:23.727, NVIDIA GeForce RTX 4090, GPU-aa7f7166-9ea5-7f29-fdcd-564e63997805, 570.195.03, P0, 35, 122.88 W, 35 %, 25 %, 8692 MiB, 24564 MiB, 2520 MHz, 10501 MHz
2026/09/14 07:08:24.728, NVIDIA GeForce RTX 4090, GPU-aa7f7166-9ea5-7f29-fdcd-564e63997805, 570.195.03, P0, 33, 96.33 W, 0 %, 0 %, 8692 MiB, 24564 MiB, 2520 MHz, 10501 MHz
2026/09/14 07:08:25.729, NVIDIA GeForce RTX 4090, GPU-aa7f7166-9ea5-7f29-fdcd-564e63997805, 570.195.03, P0, 34, 92.76 W, 38 %, 23 %, 8692 MiB, 24564 MiB, 2520 MHz, 10501 MHz
2026/09/14 07:08:26.731, NVIDIA GeForce RTX 4090, GPU-aa7f7166-9ea5-7f29-fdcd-564e63997805, 570.195.03, P0, 35, 127.54 W, 38 %, 28 %, 8692 MiB, 24564 MiB, 2520 MHz, 10501 MHz
2026/09/14 07:08:27.732, NVIDIA GeForce RTX 4090, GPU-aa7f7166-9ea5-7f29-fdcd-564e63997805, 570.195.03, P0, 33, 77.43 W, 0 %, 0 %, 8692 MiB, 24564 MiB, 2520 MHz, 10501 MHz
2026/09/14 07:08:28.734, NVIDIA GeForce RTX 4090, GPU-aa7f7166-9ea5-7f29-fdcd-564e63997805, 570.195.03, P0, 34, 117.47 W, 38 %, 27 %, 8692 MiB, 24564 MiB, 2520 MHz, 10501 MHz
2026/09/14 07:08:29.735, NVIDIA GeForce RTX 4090, GPU-aa7f7166-9ea5-7f29-fdcd-564e63997805, 570.195.03, P0, 35, 126.07 W, 37 %, 26 %, 8692 MiB, 24564 MiB, 2520 MHz, 10501 MHz
2026/09/14 07:08:30.736, NVIDIA GeForce RTX 4090, GPU-aa7f7166-9ea5-7f29-fdcd-564e63997805, 570.195.03, P0, 35, 127.77 W, 37 %, 27 %, 8692 MiB, 24564 MiB, 2520 MHz, 10501 MHz
2026/09/14 07:08:31.737, NVIDIA GeForce RTX 4090, GPU-aa7f7166-9ea5-7f29-fdcd-564e63997805, 570.195.03, P0, 33, 73.94 W, 0 %, 0 %, 8692 MiB, 24564 MiB, 2520 MHz, 10501 MHz
2026/09/14 07:08:32.739, NVIDIA GeForce RTX 4090, GPU-aa7f7166-9ea5-7f29-fdcd-564e63997805, 570.195.03, P0, 35, 123.62 W, 38 %, 27 %, 8692 MiB, 24564 MiB, 2520 MHz, 10501 MHz
2026/09/14 07:08:33.741, NVIDIA GeForce RTX 4090, GPU-aa7f7166-9ea5-7f29-fdcd-564e63997805, 570.195.03, P0, 35, 125.32 W, 36 %, 26 %, 8692 MiB, 24564 MiB, 2520 MHz, 10501 MHz
2026/09/14 07:08:34.743, NVIDIA GeForce RTX 4090, GPU-aa7f7166-9ea5-7f29-fdcd-564e63997805, 570.195.03, P0, 35, 112.94 W, 37 %, 26 %, 8692 MiB, 24564 MiB, 2520 MHz, 10501 MHz
2026/09/14 07:08:35.745, NVIDIA GeForce RTX 4090, GPU-aa7f7166-9ea5-7f29-fdcd-564e63997805, 570.195.03, P0, 33, 77.81 W, 0 %, 0 %, 8692 MiB, 24564 MiB, 2520 MHz, 10501 MHz
2026/09/14 07:08:36.747, NVIDIA GeForce RTX 4090, GPU-aa7f7166-9ea5-7f29-fdcd-564e63997805, 570.195.03, P0, 35, 125.30 W, 33 %, 23 %, 8692 MiB, 24564 MiB, 2520 MHz, 10501 MHz
2026/09/14 07:08:37.749, NVIDIA GeForce RTX 4090, GPU-aa7f7166-9ea5-7f29-fdcd-564e63997805, 570.195.03, P0, 35, 124.39 W, 37 %, 27 %, 8692 MiB, 24564 MiB, 2520 MHz, 10501 MHz
2026/09/14 07:08:38.750, NVIDIA GeForce RTX 4090, GPU-aa7f7166-9ea5-7f29-fdcd-564e63997805, 570.195.03, P0, 35, 125.02 W, 37 %, 26 %, 8692 MiB, 24564 MiB, 2520 MHz, 10501 MHz
2026/09/14 07:08:39.751, NVIDIA GeForce RTX 4090, GPU-aa7f7166-9ea5-7f29-fdcd-564e63997805, 570.195.03, P0, 35, 124.30 W, 36 %, 26 %, 8692 MiB, 24564 MiB, 2520 MHz, 10501 MHz
2026/09/14 07:08:40.752, NVIDIA GeForce RTX 4090, GPU-aa7f7166-9ea5-7f29-fdcd-564e63997805, 570.195.03, P0, 35, 125.29 W, 37 %, 27 %, 8692 MiB, 24564 MiB, 2520 MHz, 10501 MHz
2026/09/14 07:08:41.754, NVIDIA GeForce RTX 4090, GPU-aa7f7166-9ea5-7f29-fdcd-564e63997805, 570.195.03, P0, 33, 71.47 W, 0 %, 0 %, 8692 MiB, 24564 MiB, 2520 MHz, 10501 MHz
2026/09/14 07:08:42.755, NVIDIA GeForce RTX 4090, GPU-aa7f7166-9ea5-7f29-fdcd-564e63997805, 570.195.03, P0, 35, 118.13 W, 37 %, 26 %, 8692 MiB, 24564 MiB, 2520 MHz, 10501 MHz
2026/09/14 07:08:43.756, NVIDIA GeForce RTX 4090, GPU-aa7f7166-9ea5-7f29-fdcd-564e63997805, 570.195.03, P0, 35, 126.01 W, 37 %, 27 %, 8692 MiB, 24564 MiB, 2520 MHz, 10501 MHz
2026/09/14 07:08:44.757, NVIDIA GeForce RTX 4090, GPU-aa7f7166-9ea5-7f29-fdcd-564e63997805, 570.195.03, P0, 35, 126.50 W, 37 %, 27 %, 8692 MiB, 24564 MiB, 2520 MHz, 10501 MHz
2026/09/14 07:08:45.759, NVIDIA GeForce RTX 4090, GPU-aa7f7166-9ea5-7f29-fdcd-564e63997805, 570.195.03, P0, 35, 126.81 W, 37 %, 27 %, 8692 MiB, 24564 MiB, 2520 MHz, 10501 MHz
2026/09/14 07:08:46.760, NVIDIA GeForce RTX 4090, GPU-aa7f7166-9ea5-7f29-fdcd-564e63997805, 570.195.03, P0, 35, 126.77 W, 37 %, 27 %, 8692 MiB, 24564 MiB, 2520 MHz, 10501 MHz
2026/09/14 07:08:47.761, NVIDIA GeForce RTX 4090, GPU-aa7f7166-9ea5-7f29-fdcd-564e63997805, 570.195.03, P0, 33, 81.70 W, 0 %, 0 %, 8692 MiB, 24564 MiB, 2520 MHz, 10501 MHz
2026/09/14 07:08:48.763, NVIDIA GeForce RTX 4090, GPU-aa7f7166-9ea5-7f29-fdcd-564e63997805, 570.195.03, P0, 35, 113.85 W, 38 %, 27 %, 8692 MiB, 24564 MiB, 2520 MHz, 10501 MHz
2026/09/14 07:08:49.764, NVIDIA GeForce RTX 4090, GPU-aa7f7166-9ea5-7f29-fdcd-564e63997805, 570.195.03, P0, 35, 126.91 W, 37 %, 27 %, 8692 MiB, 24564 MiB, 2520 MHz, 10501 MHz
2026/09/14 07:08:50.765, NVIDIA GeForce RTX 4090, GPU-aa7f7166-9ea5-7f29-fdcd-564e63997805, 570.195.03, P0, 35, 126.72 W, 37 %, 27 %, 8692 MiB, 24564 MiB, 2520 MHz, 10501 MHz
2026/09/14 07:08:51.766, NVIDIA GeForce RTX 4090, GPU-aa7f7166-9ea5-7f29-fdcd-564e63997805, 570.195.03, P0, 35, 126.37 W, 37 %, 27 %, 8692 MiB, 24564 MiB, 2520 MHz, 10501 MHz
2026/09/14 07:08:52.767, NVIDIA GeForce RTX 4090, GPU-aa7f7166-9ea5-7f29-fdcd-564e63997805, 570.195.03, P0, 33, 74.12 W, 0 %, 0 %, 8692 MiB, 24564 MiB, 2520 MHz, 10501 MHz
2026/09/14 07:08:53.768, NVIDIA GeForce RTX 4090, GPU-aa7f7166-9ea5-7f29-fdcd-564e63997805, 570.195.03, P0, 35, 123.44 W, 38 %, 27 %, 8692 MiB, 24564 MiB, 2520 MHz, 10501 MHz
2026/09/14 07:08:54.769, NVIDIA GeForce RTX 4090, GPU-aa7f7166-9ea5-7f29-fdcd-564e63997805, 570.195.03, P0, 35, 124.11 W, 34 %, 24 %, 8692 MiB, 24564 MiB, 2520 MHz, 10501 MHz
2026/09/14 07:08:55.770, NVIDIA GeForce RTX 4090, GPU-aa7f7166-9ea5-7f29-fdcd-564e63997805, 570.195.03, P0, 35, 121.78 W, 35 %, 26 %, 8692 MiB, 24564 MiB, 2520 MHz, 10501 MHz
2026/09/14 07:08:56.771, NVIDIA GeForce RTX 4090, GPU-aa7f7166-9ea5-7f29-fdcd-564e63997805, 570.195.03, P0, 35, 113.83 W, 37 %, 27 %, 8692 MiB, 24564 MiB, 2520 MHz, 10501 MHz
2026/09/14 07:08:57.772, NVIDIA GeForce RTX 4090, GPU-aa7f7166-9ea5-7f29-fdcd-564e63997805, 570.195.03, P0, 33, 78.26 W, 0 %, 0 %, 8692 MiB, 24564 MiB, 2520 MHz, 10501 MHz
2026/09/14 07:08:58.773, NVIDIA GeForce RTX 4090, GPU-aa7f7166-9ea5-7f29-fdcd-564e63997805, 570.195.03, P0, 33, 82.96 W, 0 %, 0 %, 8692 MiB, 24564 MiB, 2520 MHz, 10501 MHz
2026/09/14 07:08:59.774, NVIDIA GeForce RTX 4090, GPU-aa7f7166-9ea5-7f29-fdcd-564e63997805, 570.195.03, P0, 34, 108.98 W, 33 %, 23 %, 8692 MiB, 24564 MiB, 2520 MHz, 10501 MHz
2026/09/14 07:09:00.775, NVIDIA GeForce RTX 4090, GPU-aa7f7166-9ea5-7f29-fdcd-564e63997805, 570.195.03, P0, 35, 125.98 W, 37 %, 26 %, 8692 MiB, 24564 MiB, 2520 MHz, 10501 MHz
2026/09/14 07:09:01.776, NVIDIA GeForce RTX 4090, GPU-aa7f7166-9ea5-7f29-fdcd-564e63997805, 570.195.03, P0, 33, 104.55 W, 37 %, 26 %, 8692 MiB, 24564 MiB, 2520 MHz, 10501 MHz
2026/09/14 07:09:02.777, NVIDIA GeForce RTX 4090, GPU-aa7f7166-9ea5-7f29-fdcd-564e63997805, 570.195.03, P0, 34, 85.58 W, 0 %, 0 %, 8692 MiB, 24564 MiB, 2520 MHz, 10501 MHz
2026/09/14 07:09:03.778, NVIDIA GeForce RTX 4090, GPU-aa7f7166-9ea5-7f29-fdcd-564e63997805, 570.195.03, P0, 35, 125.82 W, 33 %, 23 %, 8692 MiB, 24564 MiB, 2520 MHz, 10501 MHz
2026/09/14 07:09:04.779, NVIDIA GeForce RTX 4090, GPU-aa7f7166-9ea5-7f29-fdcd-564e63997805, 570.195.03, P0, 35, 124.82 W, 35 %, 25 %, 8692 MiB, 24564 MiB, 2520 MHz, 10501 MHz
2026/09/14 07:09:05.780, NVIDIA GeForce RTX 4090, GPU-aa7f7166-9ea5-7f29-fdcd-564e63997805, 570.195.03, P0, 33, 72.43 W, 0 %, 0 %, 8692 MiB, 24564 MiB, 2520 MHz, 10501 MHz
2026/09/14 07:09:06.782, NVIDIA GeForce RTX 4090, GPU-aa7f7166-9ea5-7f29-fdcd-564e63997805, 570.195.03, P0, 34, 119.12 W, 37 %, 26 %, 8692 MiB, 24564 MiB, 2520 MHz, 10501 MHz
2026/09/14 07:09:07.783, NVIDIA GeForce RTX 4090, GPU-aa7f7166-9ea5-7f29-fdcd-564e63997805, 570.195.03, P0, 33, 87.85 W, 0 %, 0 %, 8692 MiB, 24564 MiB, 2520 MHz, 10501 MHz
2026/09/14 07:09:08.784, NVIDIA GeForce RTX 4090, GPU-aa7f7166-9ea5-7f29-fdcd-564e63997805, 570.195.03, P0, 34, 105.79 W, 36 %, 26 %, 8692 MiB, 24564 MiB, 2520 MHz, 10501 MHz
2026/09/14 07:09:09.785, NVIDIA GeForce RTX 4090, GPU-aa7f7166-9ea5-7f29-fdcd-564e63997805, 570.195.03, P0, 35, 127.69 W, 35 %, 26 %, 8692 MiB, 24564 MiB, 2520 MHz, 10501 MHz
2026/09/14 07:09:10.786, NVIDIA GeForce RTX 4090, GPU-aa7f7166-9ea5-7f29-fdcd-564e63997805, 570.195.03, P0, 35, 127.66 W, 38 %, 27 %, 8692 MiB, 24564 MiB, 2520 MHz, 10501 MHz
2026/09/14 07:09:11.787, NVIDIA GeForce RTX 4090, GPU-aa7f7166-9ea5-7f29-fdcd-564e63997805, 570.195.03, P0, 35, 124.27 W, 31 %, 22 %, 8692 MiB, 24564 MiB, 2520 MHz, 10501 MHz
2026/09/14 07:09:12.788, NVIDIA GeForce RTX 4090, GPU-aa7f7166-9ea5-7f29-fdcd-564e63997805, 570.195.03, P0, 35, 125.10 W, 37 %, 27 %, 8692 MiB, 24564 MiB, 2520 MHz, 10501 MHz
2026/09/14 07:09:13.789, NVIDIA GeForce RTX 4090, GPU-aa7f7166-9ea5-7f29-fdcd-564e63997805, 570.195.03, P0, 33, 101.09 W, 14 %, 10 %, 8692 MiB, 24564 MiB, 2520 MHz, 10501 MHz
2026/09/14 07:09:14.790, NVIDIA GeForce RTX 4090, GPU-aa7f7166-9ea5-7f29-fdcd-564e63997805, 570.195.03, P0, 34, 80.25 W, 27 %, 14 %, 8692 MiB, 24564 MiB, 2520 MHz, 10501 MHz
2026/09/14 07:09:15.792, NVIDIA GeForce RTX 4090, GPU-aa7f7166-9ea5-7f29-fdcd-564e63997805, 570.195.03, P0, 33, 77.27 W, 0 %, 0 %, 8692 MiB, 24564 MiB, 2520 MHz, 10501 MHz
2026/09/14 07:09:16.793, NVIDIA GeForce RTX 4090, GPU-aa7f7166-9ea5-7f29-fdcd-564e63997805, 570.195.03, P0, 34, 123.31 W, 33 %, 24 %, 8692 MiB, 24564 MiB, 2520 MHz, 10501 MHz
2026/09/14 07:09:17.795, NVIDIA GeForce RTX 4090, GPU-aa7f7166-9ea5-7f29-fdcd-564e63997805, 570.195.03, P0, 35, 123.41 W, 34 %, 25 %, 8692 MiB, 24564 MiB, 2520 MHz, 10501 MHz
2026/09/14 07:09:18.797, NVIDIA GeForce RTX 4090, GPU-aa7f7166-9ea5-7f29-fdcd-564e63997805, 570.195.03, P0, 35, 124.68 W, 33 %, 24 %, 8692 MiB, 24564 MiB, 2520 MHz, 10501 MHz
2026/09/14 07:09:19.798, NVIDIA GeForce RTX 4090, GPU-aa7f7166-9ea5-7f29-fdcd-564e63997805, 570.195.03, P0, 34, 108.19 W, 37 %, 26 %, 8692 MiB, 24564 MiB, 2520 MHz, 10501 MHz
2026/09/14 07:09:20.799, NVIDIA GeForce RTX 4090, GPU-aa7f7166-9ea5-7f29-fdcd-564e63997805, 570.195.03, P0, 34, 82.29 W, 0 %, 0 %, 8692 MiB, 24564 MiB, 2520 MHz, 10501 MHz
2026/09/14 07:09:21.801, NVIDIA GeForce RTX 4090, GPU-aa7f7166-9ea5-7f29-fdcd-564e63997805, 570.195.03, P0, 35, 127.12 W, 37 %, 26 %, 8692 MiB, 24564 MiB, 2520 MHz, 10501 MHz
2026/09/14 07:09:22.802, NVIDIA GeForce RTX 4090, GPU-aa7f7166-9ea5-7f29-fdcd-564e63997805, 570.195.03, P0, 35, 123.14 W, 34 %, 24 %, 8692 MiB, 24564 MiB, 2520 MHz, 10501 MHz
2026/09/14 07:09:23.803, NVIDIA GeForce RTX 4090, GPU-aa7f7166-9ea5-7f29-fdcd-564e63997805, 570.195.03, P0, 35, 126.35 W, 37 %, 27 %, 8692 MiB, 24564 MiB, 2520 MHz, 10501 MHz
2026/09/14 07:09:24.805, NVIDIA GeForce RTX 4090, GPU-aa7f7166-9ea5-7f29-fdcd-564e63997805, 570.195.03, P0, 35, 126.80 W, 37 %, 27 %, 8692 MiB, 24564 MiB, 2520 MHz, 10501 MHz
2026/09/14 07:09:25.807, NVIDIA GeForce RTX 4090, GPU-aa7f7166-9ea5-7f29-fdcd-564e63997805, 570.195.03, P0, 35, 125.62 W, 36 %, 26 %, 8692 MiB, 24564 MiB, 2520 MHz, 10501 MHz
2026/09/14 07:09:26.808, NVIDIA GeForce RTX 4090, GPU-aa7f7166-9ea5-7f29-fdcd-564e63997805, 570.195.03, P0, 34, 73.39 W, 0 %, 0 %, 8692 MiB, 24564 MiB, 2520 MHz, 10501 MHz
2026/09/14 07:09:27.809, NVIDIA GeForce RTX 4090, GPU-aa7f7166-9ea5-7f29-fdcd-564e63997805, 570.195.03, P0, 35, 124.43 W, 37 %, 27 %, 8692 MiB, 24564 MiB, 2520 MHz, 10501 MHz
2026/09/14 07:09:28.811, NVIDIA GeForce RTX 4090, GPU-aa7f7166-9ea5-7f29-fdcd-564e63997805, 570.195.03, P0, 35, 126.59 W, 38 %, 27 %, 8692 MiB, 24564 MiB, 2520 MHz, 10501 MHz
2026/09/14 07:09:29.812, NVIDIA GeForce RTX 4090, GPU-aa7f7166-9ea5-7f29-fdcd-564e63997805, 570.195.03, P0, 35, 125.55 W, 35 %, 26 %, 8692 MiB, 24564 MiB, 2520 MHz, 10501 MHz
2026/09/14 07:09:30.813, NVIDIA GeForce RTX 4090, GPU-aa7f7166-9ea5-7f29-fdcd-564e63997805, 570.195.03, P0, 35, 126.64 W, 38 %, 27 %, 8692 MiB, 24564 MiB, 2520 MHz, 10501 MHz
2026/09/14 07:09:31.815, NVIDIA GeForce RTX 4090, GPU-aa7f7166-9ea5-7f29-fdcd-564e63997805, 570.195.03, P0, 34, 125.32 W, 35 %, 26 %, 8692 MiB, 24564 MiB, 2520 MHz, 10501 MHz
2026/09/14 07:09:32.816, NVIDIA GeForce RTX 4090, GPU-aa7f7166-9ea5-7f29-fdcd-564e63997805, 570.195.03, P0, 34, 83.38 W, 0 %, 0 %, 8692 MiB, 24564 MiB, 2520 MHz, 10501 MHz
2026/09/14 07:09:33.817, NVIDIA GeForce RTX 4090, GPU-aa7f7166-9ea5-7f29-fdcd-564e63997805, 570.195.03, P0, 35, 107.52 W, 37 %, 26 %, 8692 MiB, 24564 MiB, 2520 MHz, 10501 MHz
2026/09/14 07:09:34.819, NVIDIA GeForce RTX 4090, GPU-aa7f7166-9ea5-7f29-fdcd-564e63997805, 570.195.03, P0, 34, 123.61 W, 35 %, 25 %, 8692 MiB, 24564 MiB, 2520 MHz, 10501 MHz
2026/09/14 07:09:35.821, NVIDIA GeForce RTX 4090, GPU-aa7f7166-9ea5-7f29-fdcd-564e63997805, 570.195.03, P0, 33, 121.83 W, 30 %, 22 %, 8692 MiB, 24564 MiB, 2520 MHz, 10501 MHz
2026/09/14 07:09:36.822, NVIDIA GeForce RTX 4090, GPU-aa7f7166-9ea5-7f29-fdcd-564e63997805, 570.195.03, P0, 34, 73.37 W, 0 %, 0 %, 8692 MiB, 24564 MiB, 2520 MHz, 10501 MHz
2026/09/14 07:09:37.824, NVIDIA GeForce RTX 4090, GPU-aa7f7166-9ea5-7f29-fdcd-564e63997805, 570.195.03, P0, 34, 118.68 W, 37 %, 27 %, 8692 MiB, 24564 MiB, 2520 MHz, 10501 MHz
2026/09/14 07:09:38.825, NVIDIA GeForce RTX 4090, GPU-aa7f7166-9ea5-7f29-fdcd-564e63997805, 570.195.03, P0, 33, 125.67 W, 35 %, 25 %, 8692 MiB, 24564 MiB, 2520 MHz, 10501 MHz
2026/09/14 07:09:39.827, NVIDIA GeForce RTX 4090, GPU-aa7f7166-9ea5-7f29-fdcd-564e63997805, 570.195.03, P0, 34, 76.07 W, 0 %, 0 %, 8692 MiB, 24564 MiB, 2520 MHz, 10501 MHz
2026/09/14 07:09:40.829, NVIDIA GeForce RTX 4090, GPU-aa7f7166-9ea5-7f29-fdcd-564e63997805, 570.195.03, P0, 34, 115.91 W, 36 %, 26 %, 8692 MiB, 24564 MiB, 2520 MHz, 10501 MHz
2026/09/14 07:09:41.831, NVIDIA GeForce RTX 4090, GPU-aa7f7166-9ea5-7f29-fdcd-564e63997805, 570.195.03, P0, 35, 121.92 W, 32 %, 23 %, 8692 MiB, 24564 MiB, 2520 MHz, 10501 MHz
2026/09/14 07:09:42.833, NVIDIA GeForce RTX 4090, GPU-aa7f7166-9ea5-7f29-fdcd-564e63997805, 570.195.03, P0, 34, 125.54 W, 35 %, 25 %, 8692 MiB, 24564 MiB, 2520 MHz, 10501 MHz
2026/09/14 07:09:43.835, NVIDIA GeForce RTX 4090, GPU-aa7f7166-9ea5-7f29-fdcd-564e63997805, 570.195.03, P0, 35, 123.46 W, 32 %, 23 %, 8692 MiB, 24564 MiB, 2520 MHz, 10501 MHz
2026/09/14 07:09:44.836, NVIDIA GeForce RTX 4090, GPU-aa7f7166-9ea5-7f29-fdcd-564e63997805, 570.195.03, P0, 35, 124.62 W, 36 %, 25 %, 8692 MiB, 24564 MiB, 2520 MHz, 10501 MHz
2026/09/14 07:09:45.838, NVIDIA GeForce RTX 4090, GPU-aa7f7166-9ea5-7f29-fdcd-564e63997805, 570.195.03, P0, 33, 100.94 W, 13 %, 9 %, 8692 MiB, 24564 MiB, 2520 MHz, 10501 MHz
2026/09/14 07:09:46.839, NVIDIA GeForce RTX 4090, GPU-aa7f7166-9ea5-7f29-fdcd-564e63997805, 570.195.03, P0, 34, 96.36 W, 20 %, 9 %, 8692 MiB, 24564 MiB, 2520 MHz, 10501 MHz
2026/09/14 07:09:47.840, NVIDIA GeForce RTX 4090, GPU-aa7f7166-9ea5-7f29-fdcd-564e63997805, 570.195.03, P0, 34, 78.11 W, 0 %, 0 %, 8692 MiB, 24564 MiB, 2520 MHz, 10501 MHz
2026/09/14 07:09:48.842, NVIDIA GeForce RTX 4090, GPU-aa7f7166-9ea5-7f29-fdcd-564e63997805, 570.195.03, P0, 34, 118.50 W, 37 %, 26 %, 8692 MiB, 24564 MiB, 2520 MHz, 10501 MHz
2026/09/14 07:09:49.844, NVIDIA GeForce RTX 4090, GPU-aa7f7166-9ea5-7f29-fdcd-564e63997805, 570.195.03, P0, 33, 90.61 W, 0 %, 0 %, 8692 MiB, 24564 MiB, 2520 MHz, 10501 MHz
2026/09/14 07:09:50.845, NVIDIA GeForce RTX 4090, GPU-aa7f7166-9ea5-7f29-fdcd-564e63997805, 570.195.03, P0, 34, 105.19 W, 37 %, 26 %, 8692 MiB, 24564 MiB, 2520 MHz, 10501 MHz
2026/09/14 07:09:51.847, NVIDIA GeForce RTX 4090, GPU-aa7f7166-9ea5-7f29-fdcd-564e63997805, 570.195.03, P0, 33, 81.52 W, 0 %, 0 %, 8692 MiB, 24564 MiB, 2520 MHz, 10501 MHz
2026/09/14 07:09:52.848, NVIDIA GeForce RTX 4090, GPU-aa7f7166-9ea5-7f29-fdcd-564e63997805, 570.195.03, P0, 34, 110.07 W, 37 %, 26 %, 8692 MiB, 24564 MiB, 2520 MHz, 10501 MHz
2026/09/14 07:09:53.849, NVIDIA GeForce RTX 4090, GPU-aa7f7166-9ea5-7f29-fdcd-564e63997805, 570.195.03, P0, 35, 126.53 W, 37 %, 26 %, 8692 MiB, 24564 MiB, 2520 MHz, 10501 MHz
2026/09/14 07:09:54.851, NVIDIA GeForce RTX 4090, GPU-aa7f7166-9ea5-7f29-fdcd-564e63997805, 570.195.03, P0, 34, 126.24 W, 35 %, 25 %, 8692 MiB, 24564 MiB, 2520 MHz, 10501 MHz
2026/09/14 07:09:55.853, NVIDIA GeForce RTX 4090, GPU-aa7f7166-9ea5-7f29-fdcd-564e63997805, 570.195.03, P0, 33, 85.74 W, 0 %, 0 %, 8692 MiB, 24564 MiB, 2520 MHz, 10501 MHz
2026/09/14 07:09:56.854, NVIDIA GeForce RTX 4090, GPU-aa7f7166-9ea5-7f29-fdcd-564e63997805, 570.195.03, P0, 33, 90.08 W, 37 %, 26 %, 8692 MiB, 24564 MiB, 2520 MHz, 10501 MHz
2026/09/14 07:09:57.856, NVIDIA GeForce RTX 4090, GPU-aa7f7166-9ea5-7f29-fdcd-564e63997805, 570.195.03, P0, 34, 87.62 W, 0 %, 0 %, 8692 MiB, 24564 MiB, 2520 MHz, 10501 MHz
2026/09/14 07:09:58.858, NVIDIA GeForce RTX 4090, GPU-aa7f7166-9ea5-7f29-fdcd-564e63997805, 570.195.03, P0, 34, 125.55 W, 36 %, 25 %, 8692 MiB, 24564 MiB, 2520 MHz, 10501 MHz
2026/09/14 07:09:59.860, NVIDIA GeForce RTX 4090, GPU-aa7f7166-9ea5-7f29-fdcd-564e63997805, 570.195.03, P0, 35, 126.66 W, 37 %, 27 %, 8692 MiB, 24564 MiB, 2520 MHz, 10501 MHz
2026/09/14 07:10:00.861, NVIDIA GeForce RTX 4090, GPU-aa7f7166-9ea5-7f29-fdcd-564e63997805, 570.195.03, P0, 35, 126.40 W, 37 %, 26 %, 8692 MiB, 24564 MiB, 2520 MHz, 10501 MHz
2026/09/14 07:10:01.863, NVIDIA GeForce RTX 4090, GPU-aa7f7166-9ea5-7f29-fdcd-564e63997805, 570.195.03, P0, 35, 125.53 W, 37 %, 27 %, 8692 MiB, 24564 MiB, 2520 MHz, 10501 MHz
2026/09/14 07:10:02.864, NVIDIA GeForce RTX 4090, GPU-aa7f7166-9ea5-7f29-fdcd-564e63997805, 570.195.03, P0, 33, 105.29 W, 37 %, 26 %, 8692 MiB, 24564 MiB, 2520 MHz, 10501 MHz
2026/09/14 07:10:03.865, NVIDIA GeForce RTX 4090, GPU-aa7f7166-9ea5-7f29-fdcd-564e63997805, 570.195.03, P0, 34, 88.56 W, 0 %, 0 %, 8692 MiB, 24564 MiB, 2520 MHz, 10501 MHz
2026/09/14 07:10:04.867, NVIDIA GeForce RTX 4090, GPU-aa7f7166-9ea5-7f29-fdcd-564e63997805, 570.195.03, P0, 35, 128.24 W, 37 %, 26 %, 8692 MiB, 24564 MiB, 2520 MHz, 10501 MHz
2026/09/14 07:10:05.870, NVIDIA GeForce RTX 4090, GPU-aa7f7166-9ea5-7f29-fdcd-564e63997805, 570.195.03, P0, 35, 127.19 W, 37 %, 26 %, 8692 MiB, 24564 MiB, 2520 MHz, 10501 MHz
2026/09/14 07:10:06.871, NVIDIA GeForce RTX 4090, GPU-aa7f7166-9ea5-7f29-fdcd-564e63997805, 570.195.03, P0, 35, 127.32 W, 38 %, 27 %, 8692 MiB, 24564 MiB, 2520 MHz, 10501 MHz
2026/09/14 07:10:07.874, NVIDIA GeForce RTX 4090, GPU-aa7f7166-9ea5-7f29-fdcd-564e63997805, 570.195.03, P0, 35, 126.90 W, 37 %, 27 %, 8692 MiB, 24564 MiB, 2520 MHz, 10501 MHz
2026/09/14 07:10:08.875, NVIDIA GeForce RTX 4090, GPU-aa7f7166-9ea5-7f29-fdcd-564e63997805, 570.195.03, P0, 33, 112.21 W, 38 %, 27 %, 8692 MiB, 24564 MiB, 2520 MHz, 10501 MHz
2026/09/14 07:10:09.877, NVIDIA GeForce RTX 4090, GPU-aa7f7166-9ea5-7f29-fdcd-564e63997805, 570.195.03, P0, 34, 82.79 W, 0 %, 0 %, 8692 MiB, 24564 MiB, 2520 MHz, 10501 MHz
2026/09/14 07:10:10.878, NVIDIA GeForce RTX 4090, GPU-aa7f7166-9ea5-7f29-fdcd-564e63997805, 570.195.03, P0, 35, 127.66 W, 37 %, 26 %, 8692 MiB, 24564 MiB, 2520 MHz, 10501 MHz
2026/09/14 07:10:11.880, NVIDIA GeForce RTX 4090, GPU-aa7f7166-9ea5-7f29-fdcd-564e63997805, 570.195.03, P0, 35, 127.21 W, 37 %, 26 %, 8692 MiB, 24564 MiB, 2520 MHz, 10501 MHz
2026/09/14 07:10:12.881, NVIDIA GeForce RTX 4090, GPU-aa7f7166-9ea5-7f29-fdcd-564e63997805, 570.195.03, P0, 33, 94.27 W, 0 %, 0 %, 8692 MiB, 24564 MiB, 2520 MHz, 10501 MHz
2026/09/14 07:10:13.884, NVIDIA GeForce RTX 4090, GPU-aa7f7166-9ea5-7f29-fdcd-564e63997805, 570.195.03, P0, 34, 96.58 W, 33 %, 24 %, 8692 MiB, 24564 MiB, 2520 MHz, 10501 MHz
2026/09/14 07:10:14.886, NVIDIA GeForce RTX 4090, GPU-aa7f7166-9ea5-7f29-fdcd-564e63997805, 570.195.03, P0, 35, 125.48 W, 37 %, 26 %, 8692 MiB, 24564 MiB, 2520 MHz, 10501 MHz
2026/09/14 07:10:15.888, NVIDIA GeForce RTX 4090, GPU-aa7f7166-9ea5-7f29-fdcd-564e63997805, 570.195.03, P0, 33, 102.84 W, 24 %, 18 %, 8692 MiB, 24564 MiB, 2520 MHz, 10501 MHz
2026/09/14 07:10:16.890, NVIDIA GeForce RTX 4090, GPU-aa7f7166-9ea5-7f29-fdcd-564e63997805, 570.195.03, P0, 35, 92.23 W, 31 %, 17 %, 8692 MiB, 24564 MiB, 2520 MHz, 10501 MHz
2026/09/14 07:10:17.891, NVIDIA GeForce RTX 4090, GPU-aa7f7166-9ea5-7f29-fdcd-564e63997805, 570.195.03, P0, 35, 128.43 W, 38 %, 27 %, 8692 MiB, 24564 MiB, 2520 MHz, 10501 MHz
2026/09/14 07:10:18.893, NVIDIA GeForce RTX 4090, GPU-aa7f7166-9ea5-7f29-fdcd-564e63997805, 570.195.03, P0, 35, 127.13 W, 37 %, 27 %, 8692 MiB, 24564 MiB, 2520 MHz, 10501 MHz
2026/09/14 07:10:19.895, NVIDIA GeForce RTX 4090, GPU-aa7f7166-9ea5-7f29-fdcd-564e63997805, 570.195.03, P0, 33, 86.58 W, 0 %, 0 %, 8692 MiB, 24564 MiB, 2520 MHz, 10501 MHz
2026/09/14 07:10:20.897, NVIDIA GeForce RTX 4090, GPU-aa7f7166-9ea5-7f29-fdcd-564e63997805, 570.195.03, P0, 35, 108.28 W, 36 %, 26 %, 8692 MiB, 24564 MiB, 2520 MHz, 10501 MHz
2026/09/14 07:10:21.898, NVIDIA GeForce RTX 4090, GPU-aa7f7166-9ea5-7f29-fdcd-564e63997805, 570.195.03, P0, 35, 125.39 W, 34 %, 25 %, 8692 MiB, 24564 MiB, 2520 MHz, 10501 MHz
2026/09/14 07:10:22.901, NVIDIA GeForce RTX 4090, GPU-aa7f7166-9ea5-7f29-fdcd-564e63997805, 570.195.03, P0, 35, 124.96 W, 37 %, 27 %, 8692 MiB, 24564 MiB, 2520 MHz, 10501 MHz
2026/09/14 07:10:23.903, NVIDIA GeForce RTX 4090, GPU-aa7f7166-9ea5-7f29-fdcd-564e63997805, 570.195.03, P0, 35, 124.74 W, 36 %, 26 %, 8692 MiB, 24564 MiB, 2520 MHz, 10501 MHz
2026/09/14 07:10:24.905, NVIDIA GeForce RTX 4090, GPU-aa7f7166-9ea5-7f29-fdcd-564e63997805, 570.195.03, P0, 35, 125.72 W, 36 %, 25 %, 8692 MiB, 24564 MiB, 2520 MHz, 10501 MHz
2026/09/14 07:10:25.906, NVIDIA GeForce RTX 4090, GPU-aa7f7166-9ea5-7f29-fdcd-564e63997805, 570.195.03, P0, 33, 79.42 W, 0 %, 0 %, 8692 MiB, 24564 MiB, 2520 MHz, 10501 MHz
2026/09/14 07:10:26.908, NVIDIA GeForce RTX 4090, GPU-aa7f7166-9ea5-7f29-fdcd-564e63997805, 570.195.03, P0, 33, 96.62 W, 36 %, 25 %, 8692 MiB, 24564 MiB, 2520 MHz, 10501 MHz
2026/09/14 07:10:27.910, NVIDIA GeForce RTX 4090, GPU-aa7f7166-9ea5-7f29-fdcd-564e63997805, 570.195.03, P0, 34, 82.07 W, 0 %, 0 %, 8692 MiB, 24564 MiB, 2520 MHz, 10501 MHz
2026/09/14 07:10:28.912, NVIDIA GeForce RTX 4090, GPU-aa7f7166-9ea5-7f29-fdcd-564e63997805, 570.195.03, P0, 35, 125.77 W, 38 %, 27 %, 8692 MiB, 24564 MiB, 2520 MHz, 10501 MHz
2026/09/14 07:10:29.914, NVIDIA GeForce RTX 4090, GPU-aa7f7166-9ea5-7f29-fdcd-564e63997805, 570.195.03, P0, 35, 126.18 W, 36 %, 26 %, 8692 MiB, 24564 MiB, 2520 MHz, 10501 MHz
2026/09/14 07:10:30.916, NVIDIA GeForce RTX 4090, GPU-aa7f7166-9ea5-7f29-fdcd-564e63997805, 570.195.03, P0, 35, 124.08 W, 37 %, 27 %, 8692 MiB, 24564 MiB, 2520 MHz, 10501 MHz
2026/09/14 07:10:31.918, NVIDIA GeForce RTX 4090, GPU-aa7f7166-9ea5-7f29-fdcd-564e63997805, 570.195.03, P0, 35, 126.41 W, 37 %, 27 %, 8692 MiB, 24564 MiB, 2520 MHz, 10501 MHz
2026/09/14 07:10:32.920, NVIDIA GeForce RTX 4090, GPU-aa7f7166-9ea5-7f29-fdcd-564e63997805, 570.195.03, P0, 33, 125.78 W, 37 %, 26 %, 8692 MiB, 24564 MiB, 2520 MHz, 10501 MHz
2026/09/14 07:10:33.922, NVIDIA GeForce RTX 4090, GPU-aa7f7166-9ea5-7f29-fdcd-564e63997805, 570.195.03, P0, 35, 72.71 W, 0 %, 0 %, 8692 MiB, 24564 MiB, 2520 MHz, 10501 MHz
2026/09/14 07:10:34.923, NVIDIA GeForce RTX 4090, GPU-aa7f7166-9ea5-7f29-fdcd-564e63997805, 570.195.03, P0, 35, 122.80 W, 36 %, 26 %, 8692 MiB, 24564 MiB, 2520 MHz, 10501 MHz
2026/09/14 07:10:35.924, NVIDIA GeForce RTX 4090, GPU-aa7f7166-9ea5-7f29-fdcd-564e63997805, 570.195.03, P0, 33, 80.54 W, 0 %, 0 %, 8692 MiB, 24564 MiB, 2520 MHz, 10501 MHz
2026/09/14 07:10:36.926, NVIDIA GeForce RTX 4090, GPU-aa7f7166-9ea5-7f29-fdcd-564e63997805, 570.195.03, P0, 35, 108.73 W, 37 %, 27 %, 8692 MiB, 24564 MiB, 2520 MHz, 10501 MHz
2026/09/14 07:10:37.928, NVIDIA GeForce RTX 4090, GPU-aa7f7166-9ea5-7f29-fdcd-564e63997805, 570.195.03, P0, 33, 86.98 W, 0 %, 0 %, 8692 MiB, 24564 MiB, 2520 MHz, 10501 MHz
2026/09/14 07:10:38.929, NVIDIA GeForce RTX 4090, GPU-aa7f7166-9ea5-7f29-fdcd-564e63997805, 570.195.03, P0, 33, 96.83 W, 38 %, 27 %, 8692 MiB, 24564 MiB, 2520 MHz, 10501 MHz
2026/09/14 07:10:39.931, NVIDIA GeForce RTX 4090, GPU-aa7f7166-9ea5-7f29-fdcd-564e63997805, 570.195.03, P0, 34, 74.22 W, 0 %, 0 %, 8692 MiB, 24564 MiB, 2520 MHz, 10501 MHz
2026/09/14 07:10:40.933, NVIDIA GeForce RTX 4090, GPU-aa7f7166-9ea5-7f29-fdcd-564e63997805, 570.195.03, P0, 35, 126.87 W, 37 %, 26 %, 8692 MiB, 24564 MiB, 2520 MHz, 10501 MHz
2026/09/14 07:10:41.935, NVIDIA GeForce RTX 4090, GPU-aa7f7166-9ea5-7f29-fdcd-564e63997805, 570.195.03, P0, 33, 110.08 W, 37 %, 26 %, 8692 MiB, 24564 MiB, 2520 MHz, 10501 MHz
2026/09/14 07:10:42.937, NVIDIA GeForce RTX 4090, GPU-aa7f7166-9ea5-7f29-fdcd-564e63997805, 570.195.03, P0, 34, 85.81 W, 0 %, 0 %, 8692 MiB, 24564 MiB, 2520 MHz, 10501 MHz
2026/09/14 07:10:43.939, NVIDIA GeForce RTX 4090, GPU-aa7f7166-9ea5-7f29-fdcd-564e63997805, 570.195.03, P0, 35, 127.98 W, 37 %, 27 %, 8692 MiB, 24564 MiB, 2520 MHz, 10501 MHz
2026/09/14 07:10:44.941, NVIDIA GeForce RTX 4090, GPU-aa7f7166-9ea5-7f29-fdcd-564e63997805, 570.195.03, P0, 35, 127.78 W, 37 %, 26 %, 8692 MiB, 24564 MiB, 2520 MHz, 10501 MHz
2026/09/14 07:10:45.942, NVIDIA GeForce RTX 4090, GPU-aa7f7166-9ea5-7f29-fdcd-564e63997805, 570.195.03, P0, 35, 127.52 W, 38 %, 27 %, 8692 MiB, 24564 MiB, 2520 MHz, 10501 MHz
2026/09/14 07:10:46.944, NVIDIA GeForce RTX 4090, GPU-aa7f7166-9ea5-7f29-fdcd-564e63997805, 570.195.03, P0, 35, 127.81 W, 38 %, 27 %, 8692 MiB, 24564 MiB, 2520 MHz, 10501 MHz
2026/09/14 07:10:47.946, NVIDIA GeForce RTX 4090, GPU-aa7f7166-9ea5-7f29-fdcd-564e63997805, 570.195.03, P0, 33, 113.73 W, 38 %, 27 %, 8692 MiB, 24564 MiB, 2520 MHz, 10501 MHz
2026/09/14 07:10:48.948, NVIDIA GeForce RTX 4090, GPU-aa7f7166-9ea5-7f29-fdcd-564e63997805, 570.195.03, P0, 33, 84.04 W, 0 %, 0 %, 8692 MiB, 24564 MiB, 2520 MHz, 10501 MHz
2026/09/14 07:10:49.949, NVIDIA GeForce RTX 4090, GPU-aa7f7166-9ea5-7f29-fdcd-564e63997805, 570.195.03, P0, 34, 75.42 W, 0 %, 0 %, 8692 MiB, 24564 MiB, 2520 MHz, 10501 MHz
2026/09/14 07:10:50.951, NVIDIA GeForce RTX 4090, GPU-aa7f7166-9ea5-7f29-fdcd-564e63997805, 570.195.03, P0, 35, 119.93 W, 38 %, 27 %, 8692 MiB, 24564 MiB, 2520 MHz, 10501 MHz
2026/09/14 07:10:51.953, NVIDIA GeForce RTX 4090, GPU-aa7f7166-9ea5-7f29-fdcd-564e63997805, 570.195.03, P0, 35, 128.20 W, 37 %, 26 %, 8692 MiB, 24564 MiB, 2520 MHz, 10501 MHz
2026/09/14 07:10:52.955, NVIDIA GeForce RTX 4090, GPU-aa7f7166-9ea5-7f29-fdcd-564e63997805, 570.195.03, P0, 35, 125.14 W, 34 %, 24 %, 8692 MiB, 24564 MiB, 2520 MHz, 10501 MHz
2026/09/14 07:10:53.957, NVIDIA GeForce RTX 4090, GPU-aa7f7166-9ea5-7f29-fdcd-564e63997805, 570.195.03, P0, 35, 123.95 W, 35 %, 25 %, 8692 MiB, 24564 MiB, 2520 MHz, 10501 MHz
2026/09/14 07:10:54.959, NVIDIA GeForce RTX 4090, GPU-aa7f7166-9ea5-7f29-fdcd-564e63997805, 570.195.03, P0, 35, 123.64 W, 34 %, 24 %, 8692 MiB, 24564 MiB, 2520 MHz, 10501 MHz
2026/09/14 07:10:55.961, NVIDIA GeForce RTX 4090, GPU-aa7f7166-9ea5-7f29-fdcd-564e63997805, 570.195.03, P0, 33, 92.35 W, 0 %, 0 %, 8692 MiB, 24564 MiB, 2520 MHz, 10501 MHz
2026/09/14 07:10:56.963, NVIDIA GeForce RTX 4090, GPU-aa7f7166-9ea5-7f29-fdcd-564e63997805, 570.195.03, P0, 35, 102.18 W, 37 %, 26 %, 8692 MiB, 24564 MiB, 2520 MHz, 10501 MHz
2026/09/14 07:10:57.966, NVIDIA GeForce RTX 4090, GPU-aa7f7166-9ea5-7f29-fdcd-564e63997805, 570.195.03, P0, 33, 127.54 W, 37 %, 27 %, 8692 MiB, 24564 MiB, 2520 MHz, 10501 MHz
2026/09/14 07:10:58.968, NVIDIA GeForce RTX 4090, GPU-aa7f7166-9ea5-7f29-fdcd-564e63997805, 570.195.03, P0, 34, 74.63 W, 0 %, 0 %, 8692 MiB, 24564 MiB, 2520 MHz, 10501 MHz
2026/09/14 07:10:59.970, NVIDIA GeForce RTX 4090, GPU-aa7f7166-9ea5-7f29-fdcd-564e63997805, 570.195.03, P0, 33, 96.40 W, 2 %, 2 %, 8692 MiB, 24564 MiB, 2520 MHz, 10501 MHz
2026/09/14 07:11:00.971, NVIDIA GeForce RTX 4090, GPU-aa7f7166-9ea5-7f29-fdcd-564e63997805, 570.195.03, P0, 34, 93.98 W, 35 %, 22 %, 8692 MiB, 24564 MiB, 2520 MHz, 10501 MHz
2026/09/14 07:11:01.972, NVIDIA GeForce RTX 4090, GPU-aa7f7166-9ea5-7f29-fdcd-564e63997805, 570.195.03, P0, 34, 121.74 W, 34 %, 25 %, 8692 MiB, 24564 MiB, 2520 MHz, 10501 MHz
2026/09/14 07:11:02.975, NVIDIA GeForce RTX 4090, GPU-aa7f7166-9ea5-7f29-fdcd-564e63997805, 570.195.03, P0, 34, 120.88 W, 32 %, 23 %, 8692 MiB, 24564 MiB, 2520 MHz, 10501 MHz
2026/09/14 07:11:03.976, NVIDIA GeForce RTX 4090, GPU-aa7f7166-9ea5-7f29-fdcd-564e63997805, 570.195.03, P0, 35, 121.88 W, 35 %, 25 %, 8692 MiB, 24564 MiB, 2520 MHz, 10501 MHz
2026/09/14 07:11:04.977, NVIDIA GeForce RTX 4090, GPU-aa7f7166-9ea5-7f29-fdcd-564e63997805, 570.195.03, P0, 33, 91.16 W, 0 %, 0 %, 8692 MiB, 24564 MiB, 2520 MHz, 10501 MHz
2026/09/14 07:11:05.979, NVIDIA GeForce RTX 4090, GPU-aa7f7166-9ea5-7f29-fdcd-564e63997805, 570.195.03, P0, 34, 95.81 W, 32 %, 23 %, 8692 MiB, 24564 MiB, 2520 MHz, 10501 MHz
2026/09/14 07:11:06.980, NVIDIA GeForce RTX 4090, GPU-aa7f7166-9ea5-7f29-fdcd-564e63997805, 570.195.03, P0, 33, 110.12 W, 33 %, 23 %, 8692 MiB, 24564 MiB, 2520 MHz, 10501 MHz
2026/09/14 07:11:07.981, NVIDIA GeForce RTX 4090, GPU-aa7f7166-9ea5-7f29-fdcd-564e63997805, 570.195.03, P0, 34, 76.39 W, 0 %, 0 %, 8692 MiB, 24564 MiB, 2520 MHz, 10501 MHz
2026/09/14 07:11:08.982, NVIDIA GeForce RTX 4090, GPU-aa7f7166-9ea5-7f29-fdcd-564e63997805, 570.195.03, P0, 34, 126.81 W, 37 %, 26 %, 8692 MiB, 24564 MiB, 2520 MHz, 10501 MHz
2026/09/14 07:11:09.984, NVIDIA GeForce RTX 4090, GPU-aa7f7166-9ea5-7f29-fdcd-564e63997805, 570.195.03, P0, 35, 125.85 W, 36 %, 26 %, 8692 MiB, 24564 MiB, 2520 MHz, 10501 MHz
2026/09/14 07:11:10.986, NVIDIA GeForce RTX 4090, GPU-aa7f7166-9ea5-7f29-fdcd-564e63997805, 570.195.03, P0, 35, 127.64 W, 38 %, 27 %, 8692 MiB, 24564 MiB, 2520 MHz, 10501 MHz
2026/09/14 07:11:11.988, NVIDIA GeForce RTX 4090, GPU-aa7f7166-9ea5-7f29-fdcd-564e63997805, 570.195.03, P0, 33, 105.03 W, 34 %, 25 %, 8692 MiB, 24564 MiB, 2520 MHz, 10501 MHz
2026/09/14 07:11:12.990, NVIDIA GeForce RTX 4090, GPU-aa7f7166-9ea5-7f29-fdcd-564e63997805, 570.195.03, P0, 35, 89.72 W, 13 %, 6 %, 8692 MiB, 24564 MiB, 2520 MHz, 10501 MHz
2026/09/14 07:11:13.991, NVIDIA GeForce RTX 4090, GPU-aa7f7166-9ea5-7f29-fdcd-564e63997805, 570.195.03, P0, 33, 119.38 W, 38 %, 28 %, 8692 MiB, 24564 MiB, 2520 MHz, 10501 MHz
2026/09/14 07:11:14.992, NVIDIA GeForce RTX 4090, GPU-aa7f7166-9ea5-7f29-fdcd-564e63997805, 570.195.03, P0, 34, 78.91 W, 0 %, 0 %, 8692 MiB, 24564 MiB, 2520 MHz, 10501 MHz
2026/09/14 07:11:15.994, NVIDIA GeForce RTX 4090, GPU-aa7f7166-9ea5-7f29-fdcd-564e63997805, 570.195.03, P0, 35, 128.09 W, 38 %, 28 %, 8692 MiB, 24564 MiB, 2520 MHz, 10501 MHz
2026/09/14 07:11:16.996, NVIDIA GeForce RTX 4090, GPU-aa7f7166-9ea5-7f29-fdcd-564e63997805, 570.195.03, P0, 35, 126.35 W, 37 %, 26 %, 8692 MiB, 24564 MiB, 2520 MHz, 10501 MHz
2026/09/14 07:11:17.997, NVIDIA GeForce RTX 4090, GPU-aa7f7166-9ea5-7f29-fdcd-564e63997805, 570.195.03, P0, 35, 122.00 W, 35 %, 25 %, 8692 MiB, 24564 MiB, 2520 MHz, 10501 MHz
2026/09/14 07:11:18.999, NVIDIA GeForce RTX 4090, GPU-aa7f7166-9ea5-7f29-fdcd-564e63997805, 570.195.03, P0, 33, 121.04 W, 36 %, 26 %, 8692 MiB, 24564 MiB, 2520 MHz, 10501 MHz
2026/09/14 07:11:20.001, NVIDIA GeForce RTX 4090, GPU-aa7f7166-9ea5-7f29-fdcd-564e63997805, 570.195.03, P0, 34, 69.44 W, 0 %, 0 %, 8692 MiB, 24564 MiB, 2520 MHz, 10501 MHz
2026/09/14 07:11:21.003, NVIDIA GeForce RTX 4090, GPU-aa7f7166-9ea5-7f29-fdcd-564e63997805, 570.195.03, P0, 35, 125.29 W, 36 %, 26 %, 8692 MiB, 24564 MiB, 2520 MHz, 10501 MHz
2026/09/14 07:11:22.005, NVIDIA GeForce RTX 4090, GPU-aa7f7166-9ea5-7f29-fdcd-564e63997805, 570.195.03, P0, 35, 126.54 W, 36 %, 26 %, 8692 MiB, 24564 MiB, 2520 MHz, 10501 MHz
2026/09/14 07:11:23.007, NVIDIA GeForce RTX 4090, GPU-aa7f7166-9ea5-7f29-fdcd-564e63997805, 570.195.03, P0, 35, 125.94 W, 37 %, 27 %, 8692 MiB, 24564 MiB, 2520 MHz, 10501 MHz
2026/09/14 07:11:24.009, NVIDIA GeForce RTX 4090, GPU-aa7f7166-9ea5-7f29-fdcd-564e63997805, 570.195.03, P0, 35, 124.97 W, 37 %, 27 %, 8692 MiB, 24564 MiB, 2520 MHz, 10501 MHz
2026/09/14 07:11:25.011, NVIDIA GeForce RTX 4090, GPU-aa7f7166-9ea5-7f29-fdcd-564e63997805, 570.195.03, P0, 34, 125.23 W, 37 %, 27 %, 8692 MiB, 24564 MiB, 2520 MHz, 10501 MHz
2026/09/14 07:11:26.012, NVIDIA GeForce RTX 4090, GPU-aa7f7166-9ea5-7f29-fdcd-564e63997805, 570.195.03, P0, 34, 82.94 W, 0 %, 0 %, 8692 MiB, 24564 MiB, 2520 MHz, 10501 MHz
2026/09/14 07:11:27.014, NVIDIA GeForce RTX 4090, GPU-aa7f7166-9ea5-7f29-fdcd-564e63997805, 570.195.03, P0, 35, 108.57 W, 38 %, 27 %, 8692 MiB, 24564 MiB, 2520 MHz, 10501 MHz
2026/09/14 07:11:28.015, NVIDIA GeForce RTX 4090, GPU-aa7f7166-9ea5-7f29-fdcd-564e63997805, 570.195.03, P0, 35, 126.82 W, 35 %, 25 %, 8692 MiB, 24564 MiB, 2520 MHz, 10501 MHz
2026/09/14 07:11:29.017, NVIDIA GeForce RTX 4090, GPU-aa7f7166-9ea5-7f29-fdcd-564e63997805, 570.195.03, P0, 35, 126.54 W, 37 %, 26 %, 8692 MiB, 24564 MiB, 2520 MHz, 10501 MHz
2026/09/14 07:11:30.019, NVIDIA GeForce RTX 4090, GPU-aa7f7166-9ea5-7f29-fdcd-564e63997805, 570.195.03, P0, 33, 104.62 W, 32 %, 23 %, 8692 MiB, 24564 MiB, 2520 MHz, 10501 MHz
2026/09/14 07:11:31.021, NVIDIA GeForce RTX 4090, GPU-aa7f7166-9ea5-7f29-fdcd-564e63997805, 570.195.03, P0, 35, 87.55 W, 0 %, 0 %, 8692 MiB, 24564 MiB, 2520 MHz, 10501 MHz
2026/09/14 07:11:32.024, NVIDIA GeForce RTX 4090, GPU-aa7f7166-9ea5-7f29-fdcd-564e63997805, 570.195.03, P0, 35, 126.51 W, 37 %, 26 %, 8692 MiB, 24564 MiB, 2520 MHz, 10501 MHz
2026/09/14 07:11:33.026, NVIDIA GeForce RTX 4090, GPU-aa7f7166-9ea5-7f29-fdcd-564e63997805, 570.195.03, P0, 33, 92.89 W, 0 %, 0 %, 8692 MiB, 24564 MiB, 2520 MHz, 10501 MHz
2026/09/14 07:11:34.028, NVIDIA GeForce RTX 4090, GPU-aa7f7166-9ea5-7f29-fdcd-564e63997805, 570.195.03, P0, 35, 96.86 W, 36 %, 26 %, 8692 MiB, 24564 MiB, 2520 MHz, 10501 MHz
2026/09/14 07:11:35.029, NVIDIA GeForce RTX 4090, GPU-aa7f7166-9ea5-7f29-fdcd-564e63997805, 570.195.03, P0, 35, 125.61 W, 34 %, 24 %, 8692 MiB, 24564 MiB, 2520 MHz, 10501 MHz
2026/09/14 07:11:36.031, NVIDIA GeForce RTX 4090, GPU-aa7f7166-9ea5-7f29-fdcd-564e63997805, 570.195.03, P0, 35, 124.31 W, 34 %, 24 %, 8692 MiB, 24564 MiB, 2520 MHz, 10501 MHz
2026/09/14 07:11:37.033, NVIDIA GeForce RTX 4090, GPU-aa7f7166-9ea5-7f29-fdcd-564e63997805, 570.195.03, P0, 35, 124.27 W, 36 %, 26 %, 8692 MiB, 24564 MiB, 2520 MHz, 10501 MHz
2026/09/14 07:11:38.037, NVIDIA GeForce RTX 4090, GPU-aa7f7166-9ea5-7f29-fdcd-564e63997805, 570.195.03, P0, 33, 109.36 W, 36 %, 26 %, 8692 MiB, 24564 MiB, 2520 MHz, 10501 MHz
2026/09/14 07:11:39.039, NVIDIA GeForce RTX 4090, GPU-aa7f7166-9ea5-7f29-fdcd-564e63997805, 570.195.03, P0, 35, 83.90 W, 0 %, 0 %, 8692 MiB, 24564 MiB, 2520 MHz, 10501 MHz
2026/09/14 07:11:40.041, NVIDIA GeForce RTX 4090, GPU-aa7f7166-9ea5-7f29-fdcd-564e63997805, 570.195.03, P0, 34, 120.54 W, 33 %, 23 %, 8692 MiB, 24564 MiB, 2520 MHz, 10501 MHz
2026/09/14 07:11:41.042, NVIDIA GeForce RTX 4090, GPU-aa7f7166-9ea5-7f29-fdcd-564e63997805, 570.195.03, P0, 35, 123.61 W, 36 %, 26 %, 8692 MiB, 24564 MiB, 2520 MHz, 10501 MHz
2026/09/14 07:11:42.044, NVIDIA GeForce RTX 4090, GPU-aa7f7166-9ea5-7f29-fdcd-564e63997805, 570.195.03, P0, 35, 125.28 W, 37 %, 27 %, 8692 MiB, 24564 MiB, 2520 MHz, 10501 MHz
2026/09/14 07:11:43.046, NVIDIA GeForce RTX 4090, GPU-aa7f7166-9ea5-7f29-fdcd-564e63997805, 570.195.03, P0, 35, 125.43 W, 36 %, 26 %, 8692 MiB, 24564 MiB, 2520 MHz, 10501 MHz
2026/09/14 07:11:44.048, NVIDIA GeForce RTX 4090, GPU-aa7f7166-9ea5-7f29-fdcd-564e63997805, 570.195.03, P0, 33, 113.72 W, 31 %, 23 %, 8692 MiB, 24564 MiB, 2520 MHz, 10501 MHz
2026/09/14 07:11:45.049, NVIDIA GeForce RTX 4090, GPU-aa7f7166-9ea5-7f29-fdcd-564e63997805, 570.195.03, P0, 35, 71.90 W, 0 %, 0 %, 8692 MiB, 24564 MiB, 2520 MHz, 10501 MHz
2026/09/14 07:11:46.051, NVIDIA GeForce RTX 4090, GPU-aa7f7166-9ea5-7f29-fdcd-564e63997805, 570.195.03, P0, 35, 124.39 W, 35 %, 25 %, 8692 MiB, 24564 MiB, 2520 MHz, 10501 MHz
2026/09/14 07:11:47.052, NVIDIA GeForce RTX 4090, GPU-aa7f7166-9ea5-7f29-fdcd-564e63997805, 570.195.03, P0, 35, 125.94 W, 37 %, 27 %, 8692 MiB, 24564 MiB, 2520 MHz, 10501 MHz
2026/09/14 07:11:48.053, NVIDIA GeForce RTX 4090, GPU-aa7f7166-9ea5-7f29-fdcd-564e63997805, 570.195.03, P0, 35, 125.57 W, 36 %, 25 %, 8692 MiB, 24564 MiB, 2520 MHz, 10501 MHz
2026/09/14 07:11:49.055, NVIDIA GeForce RTX 4090, GPU-aa7f7166-9ea5-7f29-fdcd-564e63997805, 570.195.03, P0, 35, 125.59 W, 35 %, 25 %, 8692 MiB, 24564 MiB, 2520 MHz, 10501 MHz
2026/09/14 07:11:50.057, NVIDIA GeForce RTX 4090, GPU-aa7f7166-9ea5-7f29-fdcd-564e63997805, 570.195.03, P0, 34, 126.31 W, 37 %, 27 %, 8692 MiB, 24564 MiB, 2520 MHz, 10501 MHz
2026/09/14 07:11:51.058, NVIDIA GeForce RTX 4090, GPU-aa7f7166-9ea5-7f29-fdcd-564e63997805, 570.195.03, P0, 35, 77.92 W, 0 %, 0 %, 8692 MiB, 24564 MiB, 2520 MHz, 10501 MHz
2026/09/14 07:11:52.059, NVIDIA GeForce RTX 4090, GPU-aa7f7166-9ea5-7f29-fdcd-564e63997805, 570.195.03, P0, 35, 115.63 W, 37 %, 27 %, 8692 MiB, 24564 MiB, 2520 MHz, 10501 MHz
2026/09/14 07:11:53.061, NVIDIA GeForce RTX 4090, GPU-aa7f7166-9ea5-7f29-fdcd-564e63997805, 570.195.03, P0, 35, 125.18 W, 34 %, 24 %, 8692 MiB, 24564 MiB, 2520 MHz, 10501 MHz
2026/09/14 07:11:54.062, NVIDIA GeForce RTX 4090, GPU-aa7f7166-9ea5-7f29-fdcd-564e63997805, 570.195.03, P0, 35, 125.65 W, 37 %, 27 %, 8692 MiB, 24564 MiB, 2520 MHz, 10501 MHz
2026/09/14 07:11:55.063, NVIDIA GeForce RTX 4090, GPU-aa7f7166-9ea5-7f29-fdcd-564e63997805, 570.195.03, P0, 33, 118.56 W, 33 %, 23 %, 8692 MiB, 24564 MiB, 2520 MHz, 10501 MHz
2026/09/14 07:11:56.064, NVIDIA GeForce RTX 4090, GPU-aa7f7166-9ea5-7f29-fdcd-564e63997805, 570.195.03, P0, 35, 74.14 W, 0 %, 0 %, 8692 MiB, 24564 MiB, 2520 MHz, 10501 MHz
2026/09/14 07:11:57.066, NVIDIA GeForce RTX 4090, GPU-aa7f7166-9ea5-7f29-fdcd-564e63997805, 570.195.03, P0, 35, 126.76 W, 37 %, 27 %, 8692 MiB, 24564 MiB, 2520 MHz, 10501 MHz
2026/09/14 07:11:58.067, NVIDIA GeForce RTX 4090, GPU-aa7f7166-9ea5-7f29-fdcd-564e63997805, 570.195.03, P0, 35, 126.21 W, 36 %, 26 %, 8692 MiB, 24564 MiB, 2520 MHz, 10501 MHz
2026/09/14 07:11:59.068, NVIDIA GeForce RTX 4090, GPU-aa7f7166-9ea5-7f29-fdcd-564e63997805, 570.195.03, P0, 35, 124.67 W, 37 %, 27 %, 8692 MiB, 24564 MiB, 2520 MHz, 10501 MHz
2026/09/14 07:12:00.069, NVIDIA GeForce RTX 4090, GPU-aa7f7166-9ea5-7f29-fdcd-564e63997805, 570.195.03, P0, 35, 124.08 W, 37 %, 27 %, 8692 MiB, 24564 MiB, 2520 MHz, 10501 MHz
2026/09/14 07:12:01.071, NVIDIA GeForce RTX 4090, GPU-aa7f7166-9ea5-7f29-fdcd-564e63997805, 570.195.03, P0, 33, 101.39 W, 31 %, 22 %, 8692 MiB, 24564 MiB, 2520 MHz, 10501 MHz
2026/09/14 07:12:02.072, NVIDIA GeForce RTX 4090, GPU-aa7f7166-9ea5-7f29-fdcd-564e63997805, 570.195.03, P0, 35, 80.87 W, 0 %, 0 %, 8692 MiB, 24564 MiB, 2520 MHz, 10501 MHz
2026/09/14 07:12:03.073, NVIDIA GeForce RTX 4090, GPU-aa7f7166-9ea5-7f29-fdcd-564e63997805, 570.195.03, P0, 33, 97.51 W, 0 %, 0 %, 8692 MiB, 24564 MiB, 2520 MHz, 10501 MHz
2026/09/14 07:12:04.074, NVIDIA GeForce RTX 4090, GPU-aa7f7166-9ea5-7f29-fdcd-564e63997805, 570.195.03, P0, 35, 91.90 W, 37 %, 20 %, 8692 MiB, 24564 MiB, 2520 MHz, 10501 MHz
2026/09/14 07:12:05.075, NVIDIA GeForce RTX 4090, GPU-aa7f7166-9ea5-7f29-fdcd-564e63997805, 570.195.03, P0, 35, 124.52 W, 32 %, 23 %, 8692 MiB, 24564 MiB, 2520 MHz, 10501 MHz
2026/09/14 07:12:06.076, NVIDIA GeForce RTX 4090, GPU-aa7f7166-9ea5-7f29-fdcd-564e63997805, 570.195.03, P0, 33, 98.16 W, 0 %, 0 %, 8692 MiB, 24564 MiB, 2520 MHz, 10501 MHz
2026/09/14 07:12:07.078, NVIDIA GeForce RTX 4090, GPU-aa7f7166-9ea5-7f29-fdcd-564e63997805, 570.195.03, P0, 34, 92.51 W, 35 %, 18 %, 8692 MiB, 24564 MiB, 2520 MHz, 10501 MHz
2026/09/14 07:12:08.079, NVIDIA GeForce RTX 4090, GPU-aa7f7166-9ea5-7f29-fdcd-564e63997805, 570.195.03, P0, 34, 80.81 W, 0 %, 0 %, 8692 MiB, 24564 MiB, 2520 MHz, 10501 MHz
2026/09/14 07:12:09.080, NVIDIA GeForce RTX 4090, GPU-aa7f7166-9ea5-7f29-fdcd-564e63997805, 570.195.03, P0, 35, 110.24 W, 37 %, 27 %, 8692 MiB, 24564 MiB, 2520 MHz, 10501 MHz
2026/09/14 07:12:10.082, NVIDIA GeForce RTX 4090, GPU-aa7f7166-9ea5-7f29-fdcd-564e63997805, 570.195.03, P0, 35, 124.67 W, 37 %, 26 %, 8692 MiB, 24564 MiB, 2520 MHz, 10501 MHz
2026/09/14 07:12:11.083, NVIDIA GeForce RTX 4090, GPU-aa7f7166-9ea5-7f29-fdcd-564e63997805, 570.195.03, P0, 33, 124.96 W, 34 %, 24 %, 8692 MiB, 24564 MiB, 2520 MHz, 10501 MHz
2026/09/14 07:12:12.084, NVIDIA GeForce RTX 4090, GPU-aa7f7166-9ea5-7f29-fdcd-564e63997805, 570.195.03, P0, 34, 72.29 W, 0 %, 0 %, 8692 MiB, 24564 MiB, 2520 MHz, 10501 MHz
2026/09/14 07:12:13.085, NVIDIA GeForce RTX 4090, GPU-aa7f7166-9ea5-7f29-fdcd-564e63997805, 570.195.03, P0, 35, 120.57 W, 33 %, 23 %, 8692 MiB, 24564 MiB, 2520 MHz, 10501 MHz
2026/09/14 07:12:14.086, NVIDIA GeForce RTX 4090, GPU-aa7f7166-9ea5-7f29-fdcd-564e63997805, 570.195.03, P0, 35, 124.37 W, 37 %, 27 %, 8692 MiB, 24564 MiB, 2520 MHz, 10501 MHz
2026/09/14 07:12:15.087, NVIDIA GeForce RTX 4090, GPU-aa7f7166-9ea5-7f29-fdcd-564e63997805, 570.195.03, P0, 35, 123.58 W, 33 %, 23 %, 8692 MiB, 24564 MiB, 2520 MHz, 10501 MHz
2026/09/14 07:12:16.088, NVIDIA GeForce RTX 4090, GPU-aa7f7166-9ea5-7f29-fdcd-564e63997805, 570.195.03, P0, 35, 124.16 W, 37 %, 27 %, 8692 MiB, 24564 MiB, 2520 MHz, 10501 MHz
2026/09/14 07:12:17.089, NVIDIA GeForce RTX 4090, GPU-aa7f7166-9ea5-7f29-fdcd-564e63997805, 570.195.03, P0, 33, 98.16 W, 4 %, 3 %, 8692 MiB, 24564 MiB, 2520 MHz, 10501 MHz
2026/09/14 07:12:18.090, NVIDIA GeForce RTX 4090, GPU-aa7f7166-9ea5-7f29-fdcd-564e63997805, 570.195.03, P0, 35, 92.04 W, 32 %, 16 %, 8692 MiB, 24564 MiB, 2520 MHz, 10501 MHz
2026/09/14 07:12:19.092, NVIDIA GeForce RTX 4090, GPU-aa7f7166-9ea5-7f29-fdcd-564e63997805, 570.195.03, P0, 35, 124.93 W, 37 %, 26 %, 8692 MiB, 24564 MiB, 2520 MHz, 10501 MHz
2026/09/14 07:12:20.094, NVIDIA GeForce RTX 4090, GPU-aa7f7166-9ea5-7f29-fdcd-564e63997805, 570.195.03, P0, 35, 124.48 W, 36 %, 26 %, 8692 MiB, 24564 MiB, 2520 MHz, 10501 MHz
2026/09/14 07:12:21.095, NVIDIA GeForce RTX 4090, GPU-aa7f7166-9ea5-7f29-fdcd-564e63997805, 570.195.03, P0, 33, 123.41 W, 36 %, 26 %, 8692 MiB, 24564 MiB, 2520 MHz, 10501 MHz
2026/09/14 07:12:22.096, NVIDIA GeForce RTX 4090, GPU-aa7f7166-9ea5-7f29-fdcd-564e63997805, 570.195.03, P0, 34, 65.74 W, 0 %, 0 %, 8692 MiB, 24564 MiB, 2520 MHz, 10501 MHz
2026/09/14 07:12:23.097, NVIDIA GeForce RTX 4090, GPU-aa7f7166-9ea5-7f29-fdcd-564e63997805, 570.195.03, P0, 35, 119.27 W, 36 %, 27 %, 8692 MiB, 24564 MiB, 2520 MHz, 10501 MHz
2026/09/14 07:12:24.098, NVIDIA GeForce RTX 4090, GPU-aa7f7166-9ea5-7f29-fdcd-564e63997805, 570.195.03, P0, 35, 123.90 W, 34 %, 25 %, 8692 MiB, 24564 MiB, 2520 MHz, 10501 MHz
2026/09/14 07:12:25.099, NVIDIA GeForce RTX 4090, GPU-aa7f7166-9ea5-7f29-fdcd-564e63997805, 570.195.03, P0, 35, 125.32 W, 36 %, 26 %, 8692 MiB, 24564 MiB, 2520 MHz, 10501 MHz
2026/09/14 07:12:26.100, NVIDIA GeForce RTX 4090, GPU-aa7f7166-9ea5-7f29-fdcd-564e63997805, 570.195.03, P0, 35, 124.98 W, 35 %, 25 %, 8692 MiB, 24564 MiB, 2520 MHz, 10501 MHz
2026/09/14 07:12:27.101, NVIDIA GeForce RTX 4090, GPU-aa7f7166-9ea5-7f29-fdcd-564e63997805, 570.195.03, P0, 33, 117.90 W, 35 %, 25 %, 8692 MiB, 24564 MiB, 2520 MHz, 10501 MHz
2026/09/14 07:12:28.103, NVIDIA GeForce RTX 4090, GPU-aa7f7166-9ea5-7f29-fdcd-564e63997805, 570.195.03, P0, 35, 72.46 W, 0 %, 0 %, 8692 MiB, 24564 MiB, 2520 MHz, 10501 MHz
2026/09/14 07:12:29.104, NVIDIA GeForce RTX 4090, GPU-aa7f7166-9ea5-7f29-fdcd-564e63997805, 570.195.03, P0, 35, 125.28 W, 35 %, 25 %, 8692 MiB, 24564 MiB, 2520 MHz, 10501 MHz
2026/09/14 07:12:30.105, NVIDIA GeForce RTX 4090, GPU-aa7f7166-9ea5-7f29-fdcd-564e63997805, 570.195.03, P0, 35, 125.90 W, 36 %, 25 %, 8692 MiB, 24564 MiB, 2520 MHz, 10501 MHz
2026/09/14 07:12:31.106, NVIDIA GeForce RTX 4090, GPU-aa7f7166-9ea5-7f29-fdcd-564e63997805, 570.195.03, P0, 35, 124.38 W, 35 %, 25 %, 8692 MiB, 24564 MiB, 2520 MHz, 10501 MHz
2026/09/14 07:12:32.108, NVIDIA GeForce RTX 4090, GPU-aa7f7166-9ea5-7f29-fdcd-564e63997805, 570.195.03, P0, 35, 122.07 W, 35 %, 25 %, 8692 MiB, 24564 MiB, 2520 MHz, 10501 MHz
2026/09/14 07:12:33.110, NVIDIA GeForce RTX 4090, GPU-aa7f7166-9ea5-7f29-fdcd-564e63997805, 570.195.03, P0, 35, 124.09 W, 36 %, 27 %, 8692 MiB, 24564 MiB, 2520 MHz, 10501 MHz
2026/09/14 07:12:34.111, NVIDIA GeForce RTX 4090, GPU-aa7f7166-9ea5-7f29-fdcd-564e63997805, 570.195.03, P0, 33, 87.43 W, 0 %, 0 %, 8692 MiB, 24564 MiB, 2520 MHz, 10501 MHz
2026/09/14 07:12:35.112, NVIDIA GeForce RTX 4090, GPU-aa7f7166-9ea5-7f29-fdcd-564e63997805, 570.195.03, P0, 33, 98.97 W, 36 %, 25 %, 8692 MiB, 24564 MiB, 2520 MHz, 10501 MHz
2026/09/14 07:12:36.113, NVIDIA GeForce RTX 4090, GPU-aa7f7166-9ea5-7f29-fdcd-564e63997805, 570.195.03, P0, 34, 76.95 W, 0 %, 0 %, 8692 MiB, 24564 MiB, 2520 MHz, 10501 MHz
2026/09/14 07:12:37.115, NVIDIA GeForce RTX 4090, GPU-aa7f7166-9ea5-7f29-fdcd-564e63997805, 570.195.03, P0, 33, 101.07 W, 36 %, 26 %, 8692 MiB, 24564 MiB, 2520 MHz, 10501 MHz
2026/09/14 07:12:38.116, NVIDIA GeForce RTX 4090, GPU-aa7f7166-9ea5-7f29-fdcd-564e63997805, 570.195.03, P0, 35, 84.57 W, 0 %, 0 %, 8692 MiB, 24564 MiB, 2520 MHz, 10501 MHz
2026/09/14 07:12:39.117, NVIDIA GeForce RTX 4090, GPU-aa7f7166-9ea5-7f29-fdcd-564e63997805, 570.195.03, P0, 35, 127.07 W, 36 %, 26 %, 8692 MiB, 24564 MiB, 2520 MHz, 10501 MHz
2026/09/14 07:12:40.118, NVIDIA GeForce RTX 4090, GPU-aa7f7166-9ea5-7f29-fdcd-564e63997805, 570.195.03, P0, 35, 126.01 W, 37 %, 27 %, 8692 MiB, 24564 MiB, 2520 MHz, 10501 MHz
2026/09/14 07:12:41.119, NVIDIA GeForce RTX 4090, GPU-aa7f7166-9ea5-7f29-fdcd-564e63997805, 570.195.03, P0, 35, 126.60 W, 36 %, 26 %, 8692 MiB, 24564 MiB, 2520 MHz, 10501 MHz
2026/09/14 07:12:42.121, NVIDIA GeForce RTX 4090, GPU-aa7f7166-9ea5-7f29-fdcd-564e63997805, 570.195.03, P0, 35, 122.68 W, 35 %, 25 %, 8692 MiB, 24564 MiB, 2520 MHz, 10501 MHz
2026/09/14 07:12:43.122, NVIDIA GeForce RTX 4090, GPU-aa7f7166-9ea5-7f29-fdcd-564e63997805, 570.195.03, P0, 33, 123.43 W, 34 %, 25 %, 8692 MiB, 24564 MiB, 2520 MHz, 10501 MHz
2026/09/14 07:12:44.123, NVIDIA GeForce RTX 4090, GPU-aa7f7166-9ea5-7f29-fdcd-564e63997805, 570.195.03, P0, 34, 72.38 W, 0 %, 0 %, 8692 MiB, 24564 MiB, 2520 MHz, 10501 MHz
2026/09/14 07:12:45.125, NVIDIA GeForce RTX 4090, GPU-aa7f7166-9ea5-7f29-fdcd-564e63997805, 570.195.03, P0, 33, 112.88 W, 37 %, 27 %, 8692 MiB, 24564 MiB, 2520 MHz, 10501 MHz
2026/09/14 07:12:46.126, NVIDIA GeForce RTX 4090, GPU-aa7f7166-9ea5-7f29-fdcd-564e63997805, 570.195.03, P0, 34, 72.94 W, 0 %, 0 %, 8692 MiB, 24564 MiB, 2520 MHz, 10501 MHz
2026/09/14 07:12:47.128, NVIDIA GeForce RTX 4090, GPU-aa7f7166-9ea5-7f29-fdcd-564e63997805, 570.195.03, P0, 35, 125.18 W, 34 %, 25 %, 8692 MiB, 24564 MiB, 2520 MHz, 10501 MHz
2026/09/14 07:12:48.130, NVIDIA GeForce RTX 4090, GPU-aa7f7166-9ea5-7f29-fdcd-564e63997805, 570.195.03, P0, 33, 123.32 W, 34 %, 24 %, 8692 MiB, 24564 MiB, 2520 MHz, 10501 MHz
2026/09/14 07:12:49.132, NVIDIA GeForce RTX 4090, GPU-aa7f7166-9ea5-7f29-fdcd-564e63997805, 570.195.03, P0, 34, 123.61 W, 0 %, 0 %, 8692 MiB, 24564 MiB, 2520 MHz, 10501 MHz
2026/09/14 07:12:50.134, NVIDIA GeForce RTX 4090, GPU-aa7f7166-9ea5-7f29-fdcd-564e63997805, 570.195.03, P0, 35, 124.86 W, 35 %, 26 %, 8692 MiB, 24564 MiB, 2520 MHz, 10501 MHz
2026/09/14 07:12:51.135, NVIDIA GeForce RTX 4090, GPU-aa7f7166-9ea5-7f29-fdcd-564e63997805, 570.195.03, P0, 35, 124.44 W, 34 %, 24 %, 8692 MiB, 24564 MiB, 2520 MHz, 10501 MHz
2026/09/14 07:12:52.137, NVIDIA GeForce RTX 4090, GPU-aa7f7166-9ea5-7f29-fdcd-564e63997805, 570.195.03, P0, 35, 126.27 W, 37 %, 26 %, 8692 MiB, 24564 MiB, 2520 MHz, 10501 MHz
2026/09/14 07:12:53.139, NVIDIA GeForce RTX 4090, GPU-aa7f7166-9ea5-7f29-fdcd-564e63997805, 570.195.03, P0, 35, 123.09 W, 37 %, 27 %, 8692 MiB, 24564 MiB, 2520 MHz, 10501 MHz
2026/09/14 07:12:54.140, NVIDIA GeForce RTX 4090, GPU-aa7f7166-9ea5-7f29-fdcd-564e63997805, 570.195.03, P0, 35, 121.31 W, 31 %, 22 %, 8692 MiB, 24564 MiB, 2520 MHz, 10501 MHz
2026/09/14 07:12:55.142, NVIDIA GeForce RTX 4090, GPU-aa7f7166-9ea5-7f29-fdcd-564e63997805, 570.195.03, P0, 33, 72.11 W, 6 %, 5 %, 8692 MiB, 24564 MiB, 2520 MHz, 10501 MHz
2026/09/14 07:12:56.143, NVIDIA GeForce RTX 4090, GPU-aa7f7166-9ea5-7f29-fdcd-564e63997805, 570.195.03, P0, 35, 118.95 W, 38 %, 22 %, 8692 MiB, 24564 MiB, 2520 MHz, 10501 MHz
2026/09/14 07:12:57.145, NVIDIA GeForce RTX 4090, GPU-aa7f7166-9ea5-7f29-fdcd-564e63997805, 570.195.03, P0, 33, 84.10 W, 37 %, 26 %, 8692 MiB, 24564 MiB, 2520 MHz, 10501 MHz
2026/09/14 07:12:58.146, NVIDIA GeForce RTX 4090, GPU-aa7f7166-9ea5-7f29-fdcd-564e63997805, 570.195.03, P0, 35, 108.30 W, 0 %, 0 %, 8692 MiB, 24564 MiB, 2520 MHz, 10501 MHz
2026/09/14 07:12:59.147, NVIDIA GeForce RTX 4090, GPU-aa7f7166-9ea5-7f29-fdcd-564e63997805, 570.195.03, P0, 35, 126.36 W, 33 %, 24 %, 8692 MiB, 24564 MiB, 2520 MHz, 10501 MHz
2026/09/14 07:13:00.149, NVIDIA GeForce RTX 4090, GPU-aa7f7166-9ea5-7f29-fdcd-564e63997805, 570.195.03, P0, 35, 123.52 W, 36 %, 26 %, 8692 MiB, 24564 MiB, 2520 MHz, 10501 MHz
2026/09/14 07:13:01.150, NVIDIA GeForce RTX 4090, GPU-aa7f7166-9ea5-7f29-fdcd-564e63997805, 570.195.03, P0, 33, 70.40 W, 0 %, 0 %, 8692 MiB, 24564 MiB, 2520 MHz, 10501 MHz
2026/09/14 07:13:02.151, NVIDIA GeForce RTX 4090, GPU-aa7f7166-9ea5-7f29-fdcd-564e63997805, 570.195.03, P0, 35, 121.20 W, 35 %, 25 %, 8692 MiB, 24564 MiB, 2520 MHz, 10501 MHz
2026/09/14 07:13:03.153, NVIDIA GeForce RTX 4090, GPU-aa7f7166-9ea5-7f29-fdcd-564e63997805, 570.195.03, P0, 35, 121.48 W, 32 %, 23 %, 8692 MiB, 24564 MiB, 2520 MHz, 10501 MHz
2026/09/14 07:13:04.154, NVIDIA GeForce RTX 4090, GPU-aa7f7166-9ea5-7f29-fdcd-564e63997805, 570.195.03, P0, 35, 122.37 W, 33 %, 24 %, 8692 MiB, 24564 MiB, 2520 MHz, 10501 MHz
2026/09/14 07:13:05.155, NVIDIA GeForce RTX 4090, GPU-aa7f7166-9ea5-7f29-fdcd-564e63997805, 570.195.03, P0, 33, 91.63 W, 35 %, 25 %, 8692 MiB, 24564 MiB, 2520 MHz, 10501 MHz
2026/09/14 07:13:06.156, NVIDIA GeForce RTX 4090, GPU-aa7f7166-9ea5-7f29-fdcd-564e63997805, 570.195.03, P0, 35, 102.31 W, 0 %, 0 %, 8692 MiB, 24564 MiB, 2520 MHz, 10501 MHz
2026/09/14 07:13:07.158, NVIDIA GeForce RTX 4090, GPU-aa7f7166-9ea5-7f29-fdcd-564e63997805, 570.195.03, P0, 35, 125.76 W, 36 %, 26 %, 8692 MiB, 24564 MiB, 2520 MHz, 10501 MHz
2026/09/14 07:13:08.160, NVIDIA GeForce RTX 4090, GPU-aa7f7166-9ea5-7f29-fdcd-564e63997805, 570.195.03, P0, 35, 126.02 W, 36 %, 26 %, 8692 MiB, 24564 MiB, 2520 MHz, 10501 MHz
2026/09/14 07:13:09.162, NVIDIA GeForce RTX 4090, GPU-aa7f7166-9ea5-7f29-fdcd-564e63997805, 570.195.03, P0, 35, 126.06 W, 37 %, 27 %, 8692 MiB, 24564 MiB, 2520 MHz, 10501 MHz
2026/09/14 07:13:10.164, NVIDIA GeForce RTX 4090, GPU-aa7f7166-9ea5-7f29-fdcd-564e63997805, 570.195.03, P0, 33, 104.46 W, 36 %, 25 %, 8692 MiB, 24564 MiB, 2520 MHz, 10501 MHz
2026/09/14 07:13:11.166, NVIDIA GeForce RTX 4090, GPU-aa7f7166-9ea5-7f29-fdcd-564e63997805, 570.195.03, P0, 34, 89.84 W, 0 %, 0 %, 8692 MiB, 24564 MiB, 2520 MHz, 10501 MHz
2026/09/14 07:13:12.168, NVIDIA GeForce RTX 4090, GPU-aa7f7166-9ea5-7f29-fdcd-564e63997805, 570.195.03, P0, 35, 124.93 W, 33 %, 24 %, 8692 MiB, 24564 MiB, 2520 MHz, 10501 MHz
2026/09/14 07:13:13.170, NVIDIA GeForce RTX 4090, GPU-aa7f7166-9ea5-7f29-fdcd-564e63997805, 570.195.03, P0, 35, 125.35 W, 36 %, 26 %, 8692 MiB, 24564 MiB, 2520 MHz, 10501 MHz
2026/09/14 07:13:14.172, NVIDIA GeForce RTX 4090, GPU-aa7f7166-9ea5-7f29-fdcd-564e63997805, 570.195.03, P0, 35, 126.53 W, 37 %, 27 %, 8692 MiB, 24564 MiB, 2520 MHz, 10501 MHz
2026/09/14 07:13:15.174, NVIDIA GeForce RTX 4090, GPU-aa7f7166-9ea5-7f29-fdcd-564e63997805, 570.195.03, P0, 33, 80.52 W, 33 %, 24 %, 8692 MiB, 24564 MiB, 2520 MHz, 10501 MHz
2026/09/14 07:13:16.175, NVIDIA GeForce RTX 4090, GPU-aa7f7166-9ea5-7f29-fdcd-564e63997805, 570.195.03, P0, 35, 112.31 W, 0 %, 0 %, 8692 MiB, 24564 MiB, 2520 MHz, 10501 MHz
2026/09/14 07:13:17.177, NVIDIA GeForce RTX 4090, GPU-aa7f7166-9ea5-7f29-fdcd-564e63997805, 570.195.03, P0, 35, 127.58 W, 38 %, 27 %, 8692 MiB, 24564 MiB, 2520 MHz, 10501 MHz
2026/09/14 07:13:18.178, NVIDIA GeForce RTX 4090, GPU-aa7f7166-9ea5-7f29-fdcd-564e63997805, 570.195.03, P0, 33, 101.61 W, 37 %, 27 %, 8692 MiB, 24564 MiB, 2520 MHz, 10501 MHz
2026/09/14 07:13:19.181, NVIDIA GeForce RTX 4090, GPU-aa7f7166-9ea5-7f29-fdcd-564e63997805, 570.195.03, P0, 34, 89.32 W, 0 %, 0 %, 8692 MiB, 24564 MiB, 2520 MHz, 10501 MHz
2026/09/14 07:13:20.183, NVIDIA GeForce RTX 4090, GPU-aa7f7166-9ea5-7f29-fdcd-564e63997805, 570.195.03, P0, 35, 125.89 W, 33 %, 24 %, 8692 MiB, 24564 MiB, 2520 MHz, 10501 MHz
2026/09/14 07:13:21.184, NVIDIA GeForce RTX 4090, GPU-aa7f7166-9ea5-7f29-fdcd-564e63997805, 570.195.03, P0, 35, 126.03 W, 36 %, 26 %, 8692 MiB, 24564 MiB, 2520 MHz, 10501 MHz
2026/09/14 07:13:22.186, NVIDIA GeForce RTX 4090, GPU-aa7f7166-9ea5-7f29-fdcd-564e63997805, 570.195.03, P0, 35, 126.38 W, 35 %, 25 %, 8692 MiB, 24564 MiB, 2520 MHz, 10501 MHz
2026/09/14 07:13:23.188, NVIDIA GeForce RTX 4090, GPU-aa7f7166-9ea5-7f29-fdcd-564e63997805, 570.195.03, P0, 35, 125.93 W, 37 %, 27 %, 8692 MiB, 24564 MiB, 2520 MHz, 10501 MHz
2026/09/14 07:13:24.190, NVIDIA GeForce RTX 4090, GPU-aa7f7166-9ea5-7f29-fdcd-564e63997805, 570.195.03, P0, 35, 118.41 W, 37 %, 26 %, 8692 MiB, 24564 MiB, 2520 MHz, 10501 MHz
2026/09/14 07:13:25.192, NVIDIA GeForce RTX 4090, GPU-aa7f7166-9ea5-7f29-fdcd-564e63997805, 570.195.03, P0, 33, 73.88 W, 0 %, 0 %, 8692 MiB, 24564 MiB, 2520 MHz, 10501 MHz
2026/09/14 07:13:26.194, NVIDIA GeForce RTX 4090, GPU-aa7f7166-9ea5-7f29-fdcd-564e63997805, 570.195.03, P0, 33, 99.64 W, 37 %, 26 %, 8692 MiB, 24564 MiB, 2520 MHz, 10501 MHz
2026/09/14 07:13:27.196, NVIDIA GeForce RTX 4090, GPU-aa7f7166-9ea5-7f29-fdcd-564e63997805, 570.195.03, P0, 35, 94.61 W, 0 %, 0 %, 8692 MiB, 24564 MiB, 2520 MHz, 10501 MHz
2026/09/14 07:13:28.199, NVIDIA GeForce RTX 4090, GPU-aa7f7166-9ea5-7f29-fdcd-564e63997805, 570.195.03, P0, 33, 73.58 W, 12 %, 9 %, 8692 MiB, 24564 MiB, 2520 MHz, 10501 MHz
2026/09/14 07:13:29.201, NVIDIA GeForce RTX 4090, GPU-aa7f7166-9ea5-7f29-fdcd-564e63997805, 570.195.03, P0, 35, 111.83 W, 39 %, 22 %, 8692 MiB, 24564 MiB, 2520 MHz, 10501 MHz
2026/09/14 07:13:30.203, NVIDIA GeForce RTX 4090, GPU-aa7f7166-9ea5-7f29-fdcd-564e63997805, 570.195.03, P0, 33, 76.40 W, 0 %, 0 %, 8692 MiB, 24564 MiB, 2520 MHz, 10501 MHz
2026/09/14 07:13:31.204, NVIDIA GeForce RTX 4090, GPU-aa7f7166-9ea5-7f29-fdcd-564e63997805, 570.195.03, P0, 35, 126.53 W, 37 %, 27 %, 8692 MiB, 24564 MiB, 2520 MHz, 10501 MHz
2026/09/14 07:13:32.205, NVIDIA GeForce RTX 4090, GPU-aa7f7166-9ea5-7f29-fdcd-564e63997805, 570.195.03, P0, 33, 82.06 W, 36 %, 26 %, 8692 MiB, 24564 MiB, 2520 MHz, 10501 MHz
2026/09/14 07:13:33.207, NVIDIA GeForce RTX 4090, GPU-aa7f7166-9ea5-7f29-fdcd-564e63997805, 570.195.03, P0, 35, 100.12 W, 0 %, 0 %, 8692 MiB, 24564 MiB, 2520 MHz, 10501 MHz
2026/09/14 07:13:34.209, NVIDIA GeForce RTX 4090, GPU-aa7f7166-9ea5-7f29-fdcd-564e63997805, 570.195.03, P0, 33, 79.60 W, 0 %, 0 %, 8692 MiB, 24564 MiB, 2520 MHz, 10501 MHz
2026/09/14 07:13:35.211, NVIDIA GeForce RTX 4090, GPU-aa7f7166-9ea5-7f29-fdcd-564e63997805, 570.195.03, P0, 35, 122.56 W, 33 %, 23 %, 8692 MiB, 24564 MiB, 2520 MHz, 10501 MHz
2026/09/14 07:13:36.212, NVIDIA GeForce RTX 4090, GPU-aa7f7166-9ea5-7f29-fdcd-564e63997805, 570.195.03, P0, 34, 121.63 W, 33 %, 24 %, 8692 MiB, 24564 MiB, 2520 MHz, 10501 MHz
2026/09/14 07:13:37.214, NVIDIA GeForce RTX 4090, GPU-aa7f7166-9ea5-7f29-fdcd-564e63997805, 570.195.03, P0, 34, 121.53 W, 33 %, 23 %, 8692 MiB, 24564 MiB, 2520 MHz, 10501 MHz
2026/09/14 07:13:38.216, NVIDIA GeForce RTX 4090, GPU-aa7f7166-9ea5-7f29-fdcd-564e63997805, 570.195.03, P0, 35, 119.43 W, 34 %, 24 %, 8692 MiB, 24564 MiB, 2520 MHz, 10501 MHz
2026/09/14 07:13:39.218, NVIDIA GeForce RTX 4090, GPU-aa7f7166-9ea5-7f29-fdcd-564e63997805, 570.195.03, P0, 33, 71.84 W, 0 %, 0 %, 8692 MiB, 24564 MiB, 2520 MHz, 10501 MHz
2026/09/14 07:13:40.220, NVIDIA GeForce RTX 4090, GPU-aa7f7166-9ea5-7f29-fdcd-564e63997805, 570.195.03, P0, 34, 122.61 W, 36 %, 26 %, 8692 MiB, 24564 MiB, 2520 MHz, 10501 MHz
2026/09/14 07:13:41.222, NVIDIA GeForce RTX 4090, GPU-aa7f7166-9ea5-7f29-fdcd-564e63997805, 570.195.03, P0, 35, 122.80 W, 33 %, 23 %, 8692 MiB, 24564 MiB, 2520 MHz, 10501 MHz
2026/09/14 07:13:42.224, NVIDIA GeForce RTX 4090, GPU-aa7f7166-9ea5-7f29-fdcd-564e63997805, 570.195.03, P0, 35, 123.06 W, 36 %, 26 %, 8692 MiB, 24564 MiB, 2520 MHz, 10501 MHz
2026/09/14 07:13:43.225, NVIDIA GeForce RTX 4090, GPU-aa7f7166-9ea5-7f29-fdcd-564e63997805, 570.195.03, P0, 35, 125.90 W, 33 %, 24 %, 8692 MiB, 24564 MiB, 2520 MHz, 10501 MHz
2026/09/14 07:13:44.226, NVIDIA GeForce RTX 4090, GPU-aa7f7166-9ea5-7f29-fdcd-564e63997805, 570.195.03, P0, 35, 126.68 W, 36 %, 26 %, 8692 MiB, 24564 MiB, 2520 MHz, 10501 MHz
2026/09/14 07:13:45.228, NVIDIA GeForce RTX 4090, GPU-aa7f7166-9ea5-7f29-fdcd-564e63997805, 570.195.03, P0, 33, 86.72 W, 37 %, 27 %, 8692 MiB, 24564 MiB, 2520 MHz, 10501 MHz
2026/09/14 07:13:46.230, NVIDIA GeForce RTX 4090, GPU-aa7f7166-9ea5-7f29-fdcd-564e63997805, 570.195.03, P0, 35, 106.43 W, 0 %, 0 %, 8692 MiB, 24564 MiB, 2520 MHz, 10501 MHz
2026/09/14 07:13:47.232, NVIDIA GeForce RTX 4090, GPU-aa7f7166-9ea5-7f29-fdcd-564e63997805, 570.195.03, P0, 35, 126.32 W, 37 %, 26 %, 8692 MiB, 24564 MiB, 2520 MHz, 10501 MHz
2026/09/14 07:13:48.233, NVIDIA GeForce RTX 4090, GPU-aa7f7166-9ea5-7f29-fdcd-564e63997805, 570.195.03, P0, 35, 124.43 W, 32 %, 23 %, 8692 MiB, 24564 MiB, 2520 MHz, 10501 MHz
2026/09/14 07:13:49.235, NVIDIA GeForce RTX 4090, GPU-aa7f7166-9ea5-7f29-fdcd-564e63997805, 570.195.03, P0, 35, 125.04 W, 36 %, 26 %, 8692 MiB, 24564 MiB, 2520 MHz, 10501 MHz
2026/09/14 07:13:50.237, NVIDIA GeForce RTX 4090, GPU-aa7f7166-9ea5-7f29-fdcd-564e63997805, 570.195.03, P0, 35, 125.95 W, 37 %, 27 %, 8692 MiB, 24564 MiB, 2520 MHz, 10501 MHz
2026/09/14 07:13:51.238, NVIDIA GeForce RTX 4090, GPU-aa7f7166-9ea5-7f29-fdcd-564e63997805, 570.195.03, P0, 34, 102.47 W, 32 %, 23 %, 8692 MiB, 24564 MiB, 2520 MHz, 10501 MHz
2026/09/14 07:13:52.239, NVIDIA GeForce RTX 4090, GPU-aa7f7166-9ea5-7f29-fdcd-564e63997805, 570.195.03, P0, 33, 85.14 W, 34 %, 24 %, 8692 MiB, 24564 MiB, 2520 MHz, 10501 MHz
2026/09/14 07:13:53.241, NVIDIA GeForce RTX 4090, GPU-aa7f7166-9ea5-7f29-fdcd-564e63997805, 570.195.03, P0, 35, 123.78 W, 31 %, 22 %, 8692 MiB, 24564 MiB, 2520 MHz, 10501 MHz
2026/09/14 07:13:54.243, NVIDIA GeForce RTX 4090, GPU-aa7f7166-9ea5-7f29-fdcd-564e63997805, 570.195.03, P0, 35, 123.44 W, 32 %, 23 %, 8692 MiB, 24564 MiB, 2520 MHz, 10501 MHz
2026/09/14 07:13:55.245, NVIDIA GeForce RTX 4090, GPU-aa7f7166-9ea5-7f29-fdcd-564e63997805, 570.195.03, P0, 35, 124.37 W, 36 %, 25 %, 8692 MiB, 24564 MiB, 2520 MHz, 10501 MHz
2026/09/14 07:13:56.246, NVIDIA GeForce RTX 4090, GPU-aa7f7166-9ea5-7f29-fdcd-564e63997805, 570.195.03, P0, 35, 125.12 W, 37 %, 27 %, 8692 MiB, 24564 MiB, 2520 MHz, 10501 MHz
2026/09/14 07:13:57.247, NVIDIA GeForce RTX 4090, GPU-aa7f7166-9ea5-7f29-fdcd-564e63997805, 570.195.03, P0, 35, 123.45 W, 0 %, 0 %, 8692 MiB, 24564 MiB, 2520 MHz, 10501 MHz
2026/09/14 07:13:58.249, NVIDIA GeForce RTX 4090, GPU-aa7f7166-9ea5-7f29-fdcd-564e63997805, 570.195.03, P0, 33, 71.52 W, 37 %, 26 %, 8692 MiB, 24564 MiB, 2520 MHz, 10501 MHz
2026/09/14 07:13:59.251, NVIDIA GeForce RTX 4090, GPU-aa7f7166-9ea5-7f29-fdcd-564e63997805, 570.195.03, P0, 35, 122.97 W, 37 %, 26 %, 8692 MiB, 24564 MiB, 2520 MHz, 10501 MHz
2026/09/14 07:14:00.253, NVIDIA GeForce RTX 4090, GPU-aa7f7166-9ea5-7f29-fdcd-564e63997805, 570.195.03, P0, 35, 125.90 W, 37 %, 27 %, 8692 MiB, 24564 MiB, 2520 MHz, 10501 MHz
2026/09/14 07:14:01.255, NVIDIA GeForce RTX 4090, GPU-aa7f7166-9ea5-7f29-fdcd-564e63997805, 570.195.03, P0, 35, 127.04 W, 36 %, 25 %, 8692 MiB, 24564 MiB, 2520 MHz, 10501 MHz
2026/09/14 07:14:02.256, NVIDIA GeForce RTX 4090, GPU-aa7f7166-9ea5-7f29-fdcd-564e63997805, 570.195.03, P0, 35, 126.60 W, 37 %, 27 %, 8692 MiB, 24564 MiB, 2520 MHz, 10501 MHz
2026/09/14 07:14:03.258, NVIDIA GeForce RTX 4090, GPU-aa7f7166-9ea5-7f29-fdcd-564e63997805, 570.195.03, P0, 34, 105.84 W, 0 %, 0 %, 8692 MiB, 24564 MiB, 2520 MHz, 10501 MHz
2026/09/14 07:14:04.260, NVIDIA GeForce RTX 4090, GPU-aa7f7166-9ea5-7f29-fdcd-564e63997805, 570.195.03, P0, 34, 88.57 W, 37 %, 26 %, 8692 MiB, 24564 MiB, 2520 MHz, 10501 MHz
2026/09/14 07:14:05.262, NVIDIA GeForce RTX 4090, GPU-aa7f7166-9ea5-7f29-fdcd-564e63997805, 570.195.03, P0, 33, 95.45 W, 0 %, 0 %, 8692 MiB, 24564 MiB, 2520 MHz, 10501 MHz
2026/09/14 07:14:06.264, NVIDIA GeForce RTX 4090, GPU-aa7f7166-9ea5-7f29-fdcd-564e63997805, 570.195.03, P0, 34, 93.02 W, 34 %, 25 %, 8692 MiB, 24564 MiB, 2520 MHz, 10501 MHz
2026/09/14 07:14:07.266, NVIDIA GeForce RTX 4090, GPU-aa7f7166-9ea5-7f29-fdcd-564e63997805, 570.195.03, P0, 35, 125.15 W, 37 %, 27 %, 8692 MiB, 24564 MiB, 2520 MHz, 10501 MHz
2026/09/14 07:14:08.268, NVIDIA GeForce RTX 4090, GPU-aa7f7166-9ea5-7f29-fdcd-564e63997805, 570.195.03, P0, 35, 125.54 W, 37 %, 26 %, 8692 MiB, 24564 MiB, 2520 MHz, 10501 MHz
2026/09/14 07:14:09.270, NVIDIA GeForce RTX 4090, GPU-aa7f7166-9ea5-7f29-fdcd-564e63997805, 570.195.03, P0, 35, 126.36 W, 37 %, 27 %, 8692 MiB, 24564 MiB, 2520 MHz, 10501 MHz
2026/09/14 07:14:10.272, NVIDIA GeForce RTX 4090, GPU-aa7f7166-9ea5-7f29-fdcd-564e63997805, 570.195.03, P0, 33, 90.12 W, 0 %, 0 %, 8692 MiB, 24564 MiB, 2520 MHz, 10501 MHz
2026/09/14 07:14:11.274, NVIDIA GeForce RTX 4090, GPU-aa7f7166-9ea5-7f29-fdcd-564e63997805, 570.195.03, P0, 33, 71.82 W, 0 %, 0 %, 1 MiB, 24564 MiB, 2700 MHz, 10501 MHz
2026/09/14 07:14:12.275, NVIDIA GeForce RTX 4090, GPU-aa7f7166-9ea5-7f29-fdcd-564e63997805, 570.195.03, P0, 33, 76.06 W, 0 %, 0 %, 1 MiB, 24564 MiB, 2700 MHz, 10501 MHz
2026/09/14 07:14:13.276, NVIDIA GeForce RTX 4090, GPU-aa7f7166-9ea5-7f29-fdcd-564e63997805, 570.195.03, P3, 32, 69.80 W, 0 %, 0 %, 1 MiB, 24564 MiB, 630 MHz, 5001 MHz
2026/09/14 07:14:14.277, NVIDIA GeForce RTX 4090, GPU-aa7f7166-9ea5-7f29-fdcd-564e63997805, 570.195.03, P3, 32, 54.87 W, 0 %, 0 %, 1 MiB, 24564 MiB, 390 MHz, 5001 MHz
2026/09/14 07:14:15.279, NVIDIA GeForce RTX 4090, GPU-aa7f7166-9ea5-7f29-fdcd-564e63997805, 570.195.03, P5, 32, 37.91 W, 0 %, 0 %, 1 MiB, 24564 MiB, 255 MHz, 810 MHz
2026/09/14 07:14:16.280, NVIDIA GeForce RTX 4090, GPU-aa7f7166-9ea5-7f29-fdcd-564e63997805, 570.195.03, P8, 31, 32.73 W, 0 %, 0 %, 1 MiB, 24564 MiB, 210 MHz, 810 MHz
2026/09/14 07:14:17.281, NVIDIA GeForce RTX 4090, GPU-aa7f7166-9ea5-7f29-fdcd-564e63997805, 570.195.03, P8, 31, 28.48 W, 0 %, 0 %, 1 MiB, 24564 MiB, 210 MHz, 405 MHz
2026/09/14 07:14:18.282, NVIDIA GeForce RTX 4090, GPU-aa7f7166-9ea5-7f29-fdcd-564e63997805, 570.195.03, P8, 31, 26.08 W, 0 %, 0 %, 1 MiB, 24564 MiB, 210 MHz, 405 MHz
2026/09/14 07:14:19.284, NVIDIA GeForce RTX 4090, GPU-aa7f7166-9ea5-7f29-fdcd-564e63997805, 570.195.03, P8, 31, 25.20 W, 0 %, 0 %, 1 MiB, 24564 MiB, 210 MHz, 405 MHz
2026/09/14 07:14:20.285, NVIDIA GeForce RTX 4090, GPU-aa7f7166-9ea5-7f29-fdcd-564e63997805, 570.195.03, P8, 31, 24.99 W, 0 %, 0 %, 1 MiB, 24564 MiB, 210 MHz, 405 MHz
2026/09/14 07:14:21.286, NVIDIA GeForce RTX 4090, GPU-aa7f7166-9ea5-7f29-fdcd-564e63997805, 570.195.03, P8, 31, 24.94 W, 0 %, 0 %, 1 MiB, 24564 MiB, 210 MHz, 405 MHz
2026/09/14 07:14:22.287, NVIDIA GeForce RTX 4090, GPU-aa7f7166-9ea5-7f29-fdcd-564e63997805, 570.195.03, P8, 31, 24.90 W, 0 %, 0 %, 1 MiB, 24564 MiB, 210 MHz, 405 MHz
2026/09/14 07:14:23.289, NVIDIA GeForce RTX 4090, GPU-aa7f7166-9ea5-7f29-fdcd-564e63997805, 570.195.03, P8, 31, 24.80 W, 0 %, 0 %, 1 MiB, 24564 MiB, 210 MHz, 405 MHz
2026/09/14 07:14:24.290, NVIDIA GeForce RTX 4090, GPU-aa7f7166-9ea5-7f29-fdcd-564e63997805, 570.195.03, P8, 31, 24.82 W, 0 %, 0 %, 1 MiB, 24564 MiB, 210 MHz, 405 MHz
2026/09/14 07:14:25.291, NVIDIA GeForce RTX 4090, GPU-aa7f7166-9ea5-7f29-fdcd-564e63997805, 570.195.03, P8, 30, 24.81 W, 0 %, 0 %, 1 MiB, 24564 MiB, 210 MHz, 405 MHz
2026/09/14 07:14:26.292, NVIDIA GeForce RTX 4090, GPU-aa7f7166-9ea5-7f29-fdcd-564e63997805, 570.195.03, P8, 30, 24.68 W, 0 %, 0 %, 1 MiB, 24564 MiB, 210 MHz, 405 MHz
2026/09/14 07:14:27.294, NVIDIA GeForce RTX 4090, GPU-aa7f7166-9ea5-7f29-fdcd-564e63997805, 570.195.03, P8, 30, 24.74 W, 0 %, 0 %, 1 MiB, 24564 MiB, 210 MHz, 405 MHz
2026/09/14 07:14:28.295, NVIDIA GeForce RTX 4090, GPU-aa7f7166-9ea5-7f29-fdcd-564e63997805, 570.195.03, P8, 30, 24.68 W, 0 %, 0 %, 1 MiB, 24564 MiB, 210 MHz, 405 MHz
2026/09/14 07:14:29.296, NVIDIA GeForce RTX 4090, GPU-aa7f7166-9ea5-7f29-fdcd-564e63997805, 570.195.03, P8, 30, 24.31 W, 0 %, 0 %, 1 MiB, 24564 MiB, 210 MHz, 405 MHz
2026/09/14 07:14:30.297, NVIDIA GeForce RTX 4090, GPU-aa7f7166-9ea5-7f29-fdcd-564e63997805, 570.195.03, P8, 30, 24.06 W, 0 %, 0 %, 1 MiB, 24564 MiB, 210 MHz, 405 MHz
2026/09/14 07:14:31.298, NVIDIA GeForce RTX 4090, GPU-aa7f7166-9ea5-7f29-fdcd-564e63997805, 570.195.03, P8, 30, 23.99 W, 0 %, 0 %, 1 MiB, 24564 MiB, 210 MHz, 405 MHz
2026/09/14 07:14:32.300, NVIDIA GeForce RTX 4090, GPU-aa7f7166-9ea5-7f29-fdcd-564e63997805, 570.195.03, P8, 30, 24.05 W, 0 %, 0 %, 1 MiB, 24564 MiB, 210 MHz, 405 MHz
2026/09/14 07:14:33.301, NVIDIA GeForce RTX 4090, GPU-aa7f7166-9ea5-7f29-fdcd-564e63997805, 570.195.03, P8, 30, 24.17 W, 0 %, 0 %, 1 MiB, 24564 MiB, 210 MHz, 405 MHz
2026/09/14 07:14:34.302, NVIDIA GeForce RTX 4090, GPU-aa7f7166-9ea5-7f29-fdcd-564e63997805, 570.195.03, P8, 30, 24.22 W, 0 %, 0 %, 1 MiB, 24564 MiB, 210 MHz, 405 MHz
2026/09/14 07:14:35.304, NVIDIA GeForce RTX 4090, GPU-aa7f7166-9ea5-7f29-fdcd-564e63997805, 570.195.03, P8, 30, 24.50 W, 0 %, 0 %, 1 MiB, 24564 MiB, 210 MHz, 405 MHz
2026/09/14 07:14:36.305, NVIDIA GeForce RTX 4090, GPU-aa7f7166-9ea5-7f29-fdcd-564e63997805, 570.195.03, P8, 30, 24.70 W, 0 %, 0 %, 1 MiB, 24564 MiB, 210 MHz, 405 MHz
2026/09/14 07:14:37.306, NVIDIA GeForce RTX 4090, GPU-aa7f7166-9ea5-7f29-fdcd-564e63997805, 570.195.03, P8, 30, 24.83 W, 0 %, 0 %, 1 MiB, 24564 MiB, 210 MHz, 405 MHz
2026/09/14 07:14:38.307, NVIDIA GeForce RTX 4090, GPU-aa7f7166-9ea5-7f29-fdcd-564e63997805, 570.195.03, P8, 30, 25.20 W, 0 %, 0 %, 1 MiB, 24564 MiB, 210 MHz, 405 MHz
2026/09/14 07:14:39.309, NVIDIA GeForce RTX 4090, GPU-aa7f7166-9ea5-7f29-fdcd-564e63997805, 570.195.03, P8, 29, 24.87 W, 0 %, 0 %, 1 MiB, 24564 MiB, 210 MHz, 405 MHz
2026/09/14 07:14:40.310, NVIDIA GeForce RTX 4090, GPU-aa7f7166-9ea5-7f29-fdcd-564e63997805, 570.195.03, P8, 29, 24.38 W, 0 %, 0 %, 1 MiB, 24564 MiB, 210 MHz, 405 MHz
2026/09/14 07:14:41.311, NVIDIA GeForce RTX 4090, GPU-aa7f7166-9ea5-7f29-fdcd-564e63997805, 570.195.03, P8, 29, 24.30 W, 0 %, 0 %, 1 MiB, 24564 MiB, 210 MHz, 405 MHz
2026/09/14 07:14:42.312, NVIDIA GeForce RTX 4090, GPU-aa7f7166-9ea5-7f29-fdcd-564e63997805, 570.195.03, P8, 29, 24.20 W, 0 %, 0 %, 1 MiB, 24564 MiB, 210 MHz, 405 MHz
2026/09/14 07:14:43.314, NVIDIA GeForce RTX 4090, GPU-aa7f7166-9ea5-7f29-fdcd-564e63997805, 570.195.03, P8, 29, 24.30 W, 0 %, 0 %, 1 MiB, 24564 MiB, 210 MHz, 405 MHz
2026/09/14 07:14:44.316, NVIDIA GeForce RTX 4090, GPU-aa7f7166-9ea5-7f29-fdcd-564e63997805, 570.195.03, P8, 29, 24.22 W, 0 %, 0 %, 1 MiB, 24564 MiB, 210 MHz, 405 MHz
2026/09/14 07:14:45.317, NVIDIA GeForce RTX 4090, GPU-aa7f7166-9ea5-7f29-fdcd-564e63997805, 570.195.03, P8, 29, 23.95 W, 0 %, 0 %, 1 MiB, 24564 MiB, 210 MHz, 405 MHz
2026/09/14 07:14:46.319, NVIDIA GeForce RTX 4090, GPU-aa7f7166-9ea5-7f29-fdcd-564e63997805, 570.195.03, P0, 29, 34.36 W, 0 %, 0 %, 8416 MiB, 24564 MiB, 2520 MHz, 10501 MHz
2026/09/14 07:14:47.321, NVIDIA GeForce RTX 4090, GPU-aa7f7166-9ea5-7f29-fdcd-564e63997805, 570.195.03, P0, 30, 65.65 W, 0 %, 0 %, 8418 MiB, 24564 MiB, 2520 MHz, 10501 MHz
2026/09/14 07:14:48.322, NVIDIA GeForce RTX 4090, GPU-aa7f7166-9ea5-7f29-fdcd-564e63997805, 570.195.03, P0, 30, 65.06 W, 3 %, 0 %, 8418 MiB, 24564 MiB, 2520 MHz, 10501 MHz
2026/09/14 07:14:49.324, NVIDIA GeForce RTX 4090, GPU-aa7f7166-9ea5-7f29-fdcd-564e63997805, 570.195.03, P0, 30, 65.06 W, 2 %, 0 %, 8418 MiB, 24564 MiB, 2520 MHz, 10501 MHz
2026/09/14 07:14:50.326, NVIDIA GeForce RTX 4090, GPU-aa7f7166-9ea5-7f29-fdcd-564e63997805, 570.195.03, P0, 30, 65.04 W, 3 %, 0 %, 8418 MiB, 24564 MiB, 2520 MHz, 10501 MHz
2026/09/14 07:14:51.328, NVIDIA GeForce RTX 4090, GPU-aa7f7166-9ea5-7f29-fdcd-564e63997805, 570.195.03, P0, 30, 65.07 W, 3 %, 0 %, 8418 MiB, 24564 MiB, 2520 MHz, 10501 MHz
2026/09/14 07:14:52.330, NVIDIA GeForce RTX 4090, GPU-aa7f7166-9ea5-7f29-fdcd-564e63997805, 570.195.03, P0, 30, 65.41 W, 2 %, 0 %, 8420 MiB, 24564 MiB, 2520 MHz, 10501 MHz
2026/09/14 07:14:53.332, NVIDIA GeForce RTX 4090, GPU-aa7f7166-9ea5-7f29-fdcd-564e63997805, 570.195.03, P0, 30, 65.39 W, 2 %, 0 %, 8420 MiB, 24564 MiB, 2520 MHz, 10501 MHz
2026/09/14 07:14:54.334, NVIDIA GeForce RTX 4090, GPU-aa7f7166-9ea5-7f29-fdcd-564e63997805, 570.195.03, P0, 30, 65.07 W, 3 %, 0 %, 8422 MiB, 24564 MiB, 2520 MHz, 10501 MHz
2026/09/14 07:14:55.336, NVIDIA GeForce RTX 4090, GPU-aa7f7166-9ea5-7f29-fdcd-564e63997805, 570.195.03, P0, 30, 65.32 W, 3 %, 0 %, 8422 MiB, 24564 MiB, 2520 MHz, 10501 MHz
2026/09/14 07:14:56.338, NVIDIA GeForce RTX 4090, GPU-aa7f7166-9ea5-7f29-fdcd-564e63997805, 570.195.03, P0, 30, 65.32 W, 4 %, 0 %, 8422 MiB, 24564 MiB, 2520 MHz, 10501 MHz
2026/09/14 07:14:57.339, NVIDIA GeForce RTX 4090, GPU-aa7f7166-9ea5-7f29-fdcd-564e63997805, 570.195.03, P0, 30, 65.35 W, 2 %, 0 %, 8424 MiB, 24564 MiB, 2520 MHz, 10501 MHz
2026/09/14 07:14:58.341, NVIDIA GeForce RTX 4090, GPU-aa7f7166-9ea5-7f29-fdcd-564e63997805, 570.195.03, P0, 30, 65.15 W, 3 %, 0 %, 8424 MiB, 24564 MiB, 2520 MHz, 10501 MHz
2026/09/14 07:14:59.343, NVIDIA GeForce RTX 4090, GPU-aa7f7166-9ea5-7f29-fdcd-564e63997805, 570.195.03, P0, 31, 65.25 W, 3 %, 0 %, 8426 MiB, 24564 MiB, 2520 MHz, 10501 MHz
2026/09/14 07:15:00.345, NVIDIA GeForce RTX 4090, GPU-aa7f7166-9ea5-7f29-fdcd-564e63997805, 570.195.03, P0, 31, 65.38 W, 2 %, 0 %, 8426 MiB, 24564 MiB, 2520 MHz, 10501 MHz
2026/09/14 07:15:01.346, NVIDIA GeForce RTX 4090, GPU-aa7f7166-9ea5-7f29-fdcd-564e63997805, 570.195.03, P0, 31, 65.27 W, 2 %, 0 %, 8426 MiB, 24564 MiB, 2520 MHz, 10501 MHz
2026/09/14 07:15:02.348, NVIDIA GeForce RTX 4090, GPU-aa7f7166-9ea5-7f29-fdcd-564e63997805, 570.195.03, P0, 31, 65.39 W, 0 %, 0 %, 8488 MiB, 24564 MiB, 2520 MHz, 10501 MHz
2026/09/14 07:15:03.350, NVIDIA GeForce RTX 4090, GPU-aa7f7166-9ea5-7f29-fdcd-564e63997805, 570.195.03, P0, 31, 65.93 W, 0 %, 0 %, 8488 MiB, 24564 MiB, 2520 MHz, 10501 MHz
2026/09/14 07:15:04.351, NVIDIA GeForce RTX 4090, GPU-aa7f7166-9ea5-7f29-fdcd-564e63997805, 570.195.03, P0, 31, 64.98 W, 0 %, 0 %, 8488 MiB, 24564 MiB, 2520 MHz, 10501 MHz
