timestamp, name, uuid, driver_version, pstate, temperature.gpu, power.draw [W], utilization.gpu [%], utilization.memory [%], memory.used [MiB], memory.total [MiB], clocks.current.sm [MHz], clocks.current.memory [MHz]
2026/09/13 12:13:41.591, NVIDIA GeForce RTX 4090, GPU-457328ff-6f8e-1f53-8cc3-68ae75d90604, 595.91.07, P8, 26, 16.45 W, 0 %, 0 %, 1 MiB, 24564 MiB, 210 MHz, 405 MHz
2026/09/13 12:13:42.598, NVIDIA GeForce RTX 4090, GPU-457328ff-6f8e-1f53-8cc3-68ae75d90604, 595.91.07, P8, 26, 16.28 W, 0 %, 0 %, 1 MiB, 24564 MiB, 210 MHz, 405 MHz
2026/09/13 12:13:43.600, NVIDIA GeForce RTX 4090, GPU-457328ff-6f8e-1f53-8cc3-68ae75d90604, 595.91.07, P8, 26, 16.33 W, 0 %, 0 %, 1 MiB, 24564 MiB, 210 MHz, 405 MHz
2026/09/13 12:13:44.602, NVIDIA GeForce RTX 4090, GPU-457328ff-6f8e-1f53-8cc3-68ae75d90604, 595.91.07, P8, 26, 16.35 W, 0 %, 0 %, 1 MiB, 24564 MiB, 210 MHz, 405 MHz
2026/09/13 12:13:45.605, NVIDIA GeForce RTX 4090, GPU-457328ff-6f8e-1f53-8cc3-68ae75d90604, 595.91.07, P8, 26, 16.37 W, 0 %, 0 %, 1 MiB, 24564 MiB, 210 MHz, 405 MHz
2026/09/13 12:13:46.607, NVIDIA GeForce RTX 4090, GPU-457328ff-6f8e-1f53-8cc3-68ae75d90604, 595.91.07, P8, 26, 16.49 W, 0 %, 0 %, 1 MiB, 24564 MiB, 210 MHz, 405 MHz
2026/09/13 12:13:47.609, NVIDIA GeForce RTX 4090, GPU-457328ff-6f8e-1f53-8cc3-68ae75d90604, 595.91.07, P8, 26, 16.53 W, 0 %, 0 %, 1 MiB, 24564 MiB, 210 MHz, 405 MHz
2026/09/13 12:13:48.611, NVIDIA GeForce RTX 4090, GPU-457328ff-6f8e-1f53-8cc3-68ae75d90604, 595.91.07, P8, 26, 16.26 W, 0 %, 0 %, 1 MiB, 24564 MiB, 210 MHz, 405 MHz
2026/09/13 12:13:49.613, NVIDIA GeForce RTX 4090, GPU-457328ff-6f8e-1f53-8cc3-68ae75d90604, 595.91.07, P8, 26, 16.10 W, 0 %, 0 %, 1 MiB, 24564 MiB, 210 MHz, 405 MHz
2026/09/13 12:13:50.614, NVIDIA GeForce RTX 4090, GPU-457328ff-6f8e-1f53-8cc3-68ae75d90604, 595.91.07, P8, 26, 16.36 W, 0 %, 0 %, 1 MiB, 24564 MiB, 210 MHz, 405 MHz
2026/09/13 12:13:51.616, NVIDIA GeForce RTX 4090, GPU-457328ff-6f8e-1f53-8cc3-68ae75d90604, 595.91.07, P8, 26, 16.43 W, 0 %, 0 %, 1 MiB, 24564 MiB, 210 MHz, 405 MHz
2026/09/13 12:13:52.618, NVIDIA GeForce RTX 4090, GPU-457328ff-6f8e-1f53-8cc3-68ae75d90604, 595.91.07, P8, 26, 16.20 W, 0 %, 0 %, 1 MiB, 24564 MiB, 210 MHz, 405 MHz
2026/09/13 12:13:53.619, NVIDIA GeForce RTX 4090, GPU-457328ff-6f8e-1f53-8cc3-68ae75d90604, 595.91.07, P8, 26, 16.07 W, 0 %, 0 %, 1 MiB, 24564 MiB, 210 MHz, 405 MHz
2026/09/13 12:13:54.622, NVIDIA GeForce RTX 4090, GPU-457328ff-6f8e-1f53-8cc3-68ae75d90604, 595.91.07, P8, 26, 15.93 W, 0 %, 0 %, 1 MiB, 24564 MiB, 210 MHz, 405 MHz
2026/09/13 12:13:55.624, NVIDIA GeForce RTX 4090, GPU-457328ff-6f8e-1f53-8cc3-68ae75d90604, 595.91.07, P8, 26, 15.86 W, 0 %, 0 %, 1 MiB, 24564 MiB, 210 MHz, 405 MHz
2026/09/13 12:13:56.626, NVIDIA GeForce RTX 4090, GPU-457328ff-6f8e-1f53-8cc3-68ae75d90604, 595.91.07, P8, 26, 15.95 W, 0 %, 0 %, 1 MiB, 24564 MiB, 210 MHz, 405 MHz
2026/09/13 12:13:57.629, NVIDIA GeForce RTX 4090, GPU-457328ff-6f8e-1f53-8cc3-68ae75d90604, 595.91.07, P8, 26, 15.89 W, 0 %, 0 %, 1 MiB, 24564 MiB, 210 MHz, 405 MHz
2026/09/13 12:13:58.630, NVIDIA GeForce RTX 4090, GPU-457328ff-6f8e-1f53-8cc3-68ae75d90604, 595.91.07, P8, 26, 15.97 W, 0 %, 0 %, 1 MiB, 24564 MiB, 210 MHz, 405 MHz
2026/09/13 12:13:59.633, NVIDIA GeForce RTX 4090, GPU-457328ff-6f8e-1f53-8cc3-68ae75d90604, 595.91.07, P8, 26, 16.23 W, 0 %, 0 %, 1 MiB, 24564 MiB, 210 MHz, 405 MHz
2026/09/13 12:14:00.634, NVIDIA GeForce RTX 4090, GPU-457328ff-6f8e-1f53-8cc3-68ae75d90604, 595.91.07, P8, 26, 16.21 W, 0 %, 0 %, 1 MiB, 24564 MiB, 210 MHz, 405 MHz
2026/09/13 12:14:01.636, NVIDIA GeForce RTX 4090, GPU-457328ff-6f8e-1f53-8cc3-68ae75d90604, 595.91.07, P8, 26, 16.15 W, 0 %, 0 %, 1 MiB, 24564 MiB, 210 MHz, 405 MHz
2026/09/13 12:14:02.637, NVIDIA GeForce RTX 4090, GPU-457328ff-6f8e-1f53-8cc3-68ae75d90604, 595.91.07, P8, 26, 16.17 W, 0 %, 0 %, 1 MiB, 24564 MiB, 210 MHz, 405 MHz
2026/09/13 12:14:03.639, NVIDIA GeForce RTX 4090, GPU-457328ff-6f8e-1f53-8cc3-68ae75d90604, 595.91.07, P8, 26, 16.12 W, 0 %, 0 %, 1 MiB, 24564 MiB, 210 MHz, 405 MHz
2026/09/13 12:14:04.642, NVIDIA GeForce RTX 4090, GPU-457328ff-6f8e-1f53-8cc3-68ae75d90604, 595.91.07, P8, 26, 16.02 W, 0 %, 0 %, 1 MiB, 24564 MiB, 210 MHz, 405 MHz
2026/09/13 12:14:05.643, NVIDIA GeForce RTX 4090, GPU-457328ff-6f8e-1f53-8cc3-68ae75d90604, 595.91.07, P8, 26, 16.03 W, 0 %, 0 %, 1 MiB, 24564 MiB, 210 MHz, 405 MHz
2026/09/13 12:14:06.645, NVIDIA GeForce RTX 4090, GPU-457328ff-6f8e-1f53-8cc3-68ae75d90604, 595.91.07, P8, 26, 16.02 W, 0 %, 0 %, 1 MiB, 24564 MiB, 210 MHz, 405 MHz
2026/09/13 12:14:07.646, NVIDIA GeForce RTX 4090, GPU-457328ff-6f8e-1f53-8cc3-68ae75d90604, 595.91.07, P8, 26, 15.92 W, 0 %, 0 %, 1 MiB, 24564 MiB, 210 MHz, 405 MHz
2026/09/13 12:14:08.648, NVIDIA GeForce RTX 4090, GPU-457328ff-6f8e-1f53-8cc3-68ae75d90604, 595.91.07, P8, 26, 16.05 W, 0 %, 0 %, 1 MiB, 24564 MiB, 210 MHz, 405 MHz
2026/09/13 12:14:09.650, NVIDIA GeForce RTX 4090, GPU-457328ff-6f8e-1f53-8cc3-68ae75d90604, 595.91.07, P8, 26, 16.26 W, 0 %, 0 %, 1 MiB, 24564 MiB, 210 MHz, 405 MHz
2026/09/13 12:14:10.652, NVIDIA GeForce RTX 4090, GPU-457328ff-6f8e-1f53-8cc3-68ae75d90604, 595.91.07, P8, 26, 16.37 W, 0 %, 0 %, 1 MiB, 24564 MiB, 210 MHz, 405 MHz
2026/09/13 12:14:11.654, NVIDIA GeForce RTX 4090, GPU-457328ff-6f8e-1f53-8cc3-68ae75d90604, 595.91.07, P8, 26, 16.41 W, 0 %, 0 %, 1 MiB, 24564 MiB, 210 MHz, 405 MHz
2026/09/13 12:14:12.656, NVIDIA GeForce RTX 4090, GPU-457328ff-6f8e-1f53-8cc3-68ae75d90604, 595.91.07, P8, 26, 16.34 W, 0 %, 0 %, 1 MiB, 24564 MiB, 210 MHz, 405 MHz
2026/09/13 12:14:13.657, NVIDIA GeForce RTX 4090, GPU-457328ff-6f8e-1f53-8cc3-68ae75d90604, 595.91.07, P8, 26, 16.27 W, 0 %, 0 %, 1 MiB, 24564 MiB, 210 MHz, 405 MHz
2026/09/13 12:14:14.659, NVIDIA GeForce RTX 4090, GPU-457328ff-6f8e-1f53-8cc3-68ae75d90604, 595.91.07, P8, 26, 16.20 W, 0 %, 0 %, 1 MiB, 24564 MiB, 210 MHz, 405 MHz
2026/09/13 12:14:15.661, NVIDIA GeForce RTX 4090, GPU-457328ff-6f8e-1f53-8cc3-68ae75d90604, 595.91.07, P8, 26, 16.07 W, 0 %, 0 %, 1 MiB, 24564 MiB, 210 MHz, 405 MHz
2026/09/13 12:14:16.662, NVIDIA GeForce RTX 4090, GPU-457328ff-6f8e-1f53-8cc3-68ae75d90604, 595.91.07, P8, 26, 16.07 W, 0 %, 0 %, 1 MiB, 24564 MiB, 210 MHz, 405 MHz
2026/09/13 12:14:17.664, NVIDIA GeForce RTX 4090, GPU-457328ff-6f8e-1f53-8cc3-68ae75d90604, 595.91.07, P8, 26, 16.16 W, 0 %, 0 %, 1 MiB, 24564 MiB, 210 MHz, 405 MHz
2026/09/13 12:14:18.665, NVIDIA GeForce RTX 4090, GPU-457328ff-6f8e-1f53-8cc3-68ae75d90604, 595.91.07, P8, 26, 16.25 W, 0 %, 0 %, 1 MiB, 24564 MiB, 210 MHz, 405 MHz
2026/09/13 12:14:19.667, NVIDIA GeForce RTX 4090, GPU-457328ff-6f8e-1f53-8cc3-68ae75d90604, 595.91.07, P8, 26, 16.31 W, 0 %, 0 %, 1 MiB, 24564 MiB, 210 MHz, 405 MHz
2026/09/13 12:14:20.669, NVIDIA GeForce RTX 4090, GPU-457328ff-6f8e-1f53-8cc3-68ae75d90604, 595.91.07, P8, 26, 16.25 W, 0 %, 0 %, 1 MiB, 24564 MiB, 210 MHz, 405 MHz
2026/09/13 12:14:21.670, NVIDIA GeForce RTX 4090, GPU-457328ff-6f8e-1f53-8cc3-68ae75d90604, 595.91.07, P8, 26, 16.18 W, 0 %, 0 %, 1 MiB, 24564 MiB, 210 MHz, 405 MHz
2026/09/13 12:14:22.673, NVIDIA GeForce RTX 4090, GPU-457328ff-6f8e-1f53-8cc3-68ae75d90604, 595.91.07, P8, 26, 16.18 W, 0 %, 0 %, 1 MiB, 24564 MiB, 210 MHz, 405 MHz
2026/09/13 12:14:23.674, NVIDIA GeForce RTX 4090, GPU-457328ff-6f8e-1f53-8cc3-68ae75d90604, 595.91.07, P8, 26, 16.34 W, 0 %, 0 %, 1 MiB, 24564 MiB, 210 MHz, 405 MHz
2026/09/13 12:14:24.676, NVIDIA GeForce RTX 4090, GPU-457328ff-6f8e-1f53-8cc3-68ae75d90604, 595.91.07, P8, 26, 16.35 W, 0 %, 0 %, 1 MiB, 24564 MiB, 210 MHz, 405 MHz
2026/09/13 12:14:25.677, NVIDIA GeForce RTX 4090, GPU-457328ff-6f8e-1f53-8cc3-68ae75d90604, 595.91.07, P8, 26, 16.23 W, 0 %, 0 %, 1 MiB, 24564 MiB, 210 MHz, 405 MHz
2026/09/13 12:14:26.679, NVIDIA GeForce RTX 4090, GPU-457328ff-6f8e-1f53-8cc3-68ae75d90604, 595.91.07, P8, 26, 16.37 W, 0 %, 0 %, 1 MiB, 24564 MiB, 210 MHz, 405 MHz
2026/09/13 12:14:27.680, NVIDIA GeForce RTX 4090, GPU-457328ff-6f8e-1f53-8cc3-68ae75d90604, 595.91.07, P8, 26, 16.48 W, 0 %, 0 %, 1 MiB, 24564 MiB, 210 MHz, 405 MHz
2026/09/13 12:14:28.682, NVIDIA GeForce RTX 4090, GPU-457328ff-6f8e-1f53-8cc3-68ae75d90604, 595.91.07, P8, 26, 16.39 W, 0 %, 0 %, 1 MiB, 24564 MiB, 210 MHz, 405 MHz
2026/09/13 12:14:29.738, NVIDIA GeForce RTX 4090, GPU-457328ff-6f8e-1f53-8cc3-68ae75d90604, 595.91.07, P8, 26, 16.33 W, 0 %, 0 %, 1 MiB, 24564 MiB, 210 MHz, 405 MHz
2026/09/13 12:14:30.739, NVIDIA GeForce RTX 4090, GPU-457328ff-6f8e-1f53-8cc3-68ae75d90604, 595.91.07, P8, 26, 16.42 W, 0 %, 0 %, 1 MiB, 24564 MiB, 210 MHz, 405 MHz
2026/09/13 12:14:31.741, NVIDIA GeForce RTX 4090, GPU-457328ff-6f8e-1f53-8cc3-68ae75d90604, 595.91.07, P8, 26, 16.44 W, 0 %, 0 %, 1 MiB, 24564 MiB, 210 MHz, 405 MHz
2026/09/13 12:14:32.744, NVIDIA GeForce RTX 4090, GPU-457328ff-6f8e-1f53-8cc3-68ae75d90604, 595.91.07, P8, 26, 16.49 W, 0 %, 0 %, 1 MiB, 24564 MiB, 210 MHz, 405 MHz
2026/09/13 12:14:33.746, NVIDIA GeForce RTX 4090, GPU-457328ff-6f8e-1f53-8cc3-68ae75d90604, 595.91.07, P8, 26, 16.50 W, 0 %, 0 %, 1 MiB, 24564 MiB, 210 MHz, 405 MHz
2026/09/13 12:14:34.747, NVIDIA GeForce RTX 4090, GPU-457328ff-6f8e-1f53-8cc3-68ae75d90604, 595.91.07, P8, 26, 16.45 W, 0 %, 0 %, 1 MiB, 24564 MiB, 210 MHz, 405 MHz
2026/09/13 12:14:35.748, NVIDIA GeForce RTX 4090, GPU-457328ff-6f8e-1f53-8cc3-68ae75d90604, 595.91.07, P8, 26, 16.45 W, 0 %, 0 %, 1 MiB, 24564 MiB, 210 MHz, 405 MHz
2026/09/13 12:14:36.750, NVIDIA GeForce RTX 4090, GPU-457328ff-6f8e-1f53-8cc3-68ae75d90604, 595.91.07, P8, 26, 16.43 W, 0 %, 0 %, 1 MiB, 24564 MiB, 210 MHz, 405 MHz
2026/09/13 12:14:37.751, NVIDIA GeForce RTX 4090, GPU-457328ff-6f8e-1f53-8cc3-68ae75d90604, 595.91.07, P8, 26, 16.35 W, 0 %, 0 %, 1 MiB, 24564 MiB, 210 MHz, 405 MHz
2026/09/13 12:14:38.753, NVIDIA GeForce RTX 4090, GPU-457328ff-6f8e-1f53-8cc3-68ae75d90604, 595.91.07, P8, 26, 16.29 W, 0 %, 0 %, 1 MiB, 24564 MiB, 210 MHz, 405 MHz
2026/09/13 12:14:39.754, NVIDIA GeForce RTX 4090, GPU-457328ff-6f8e-1f53-8cc3-68ae75d90604, 595.91.07, P8, 26, 16.27 W, 0 %, 0 %, 1 MiB, 24564 MiB, 210 MHz, 405 MHz
2026/09/13 12:14:40.756, NVIDIA GeForce RTX 4090, GPU-457328ff-6f8e-1f53-8cc3-68ae75d90604, 595.91.07, P8, 26, 16.12 W, 0 %, 0 %, 1 MiB, 24564 MiB, 210 MHz, 405 MHz
2026/09/13 12:14:41.758, NVIDIA GeForce RTX 4090, GPU-457328ff-6f8e-1f53-8cc3-68ae75d90604, 595.91.07, P8, 26, 16.18 W, 0 %, 0 %, 1 MiB, 24564 MiB, 210 MHz, 405 MHz
2026/09/13 12:14:42.838, NVIDIA GeForce RTX 4090, GPU-457328ff-6f8e-1f53-8cc3-68ae75d90604, 595.91.07, P8, 26, 16.29 W, 0 %, 0 %, 1 MiB, 24564 MiB, 210 MHz, 405 MHz
2026/09/13 12:14:43.839, NVIDIA GeForce RTX 4090, GPU-457328ff-6f8e-1f53-8cc3-68ae75d90604, 595.91.07, P8, 26, 16.22 W, 0 %, 0 %, 1 MiB, 24564 MiB, 210 MHz, 405 MHz
2026/09/13 12:14:44.841, NVIDIA GeForce RTX 4090, GPU-457328ff-6f8e-1f53-8cc3-68ae75d90604, 595.91.07, P8, 26, 16.30 W, 0 %, 0 %, 4 MiB, 24564 MiB, 210 MHz, 405 MHz
2026/09/13 12:14:45.843, NVIDIA GeForce RTX 4090, GPU-457328ff-6f8e-1f53-8cc3-68ae75d90604, 595.91.07, P8, 26, 16.33 W, 0 %, 0 %, 4 MiB, 24564 MiB, 210 MHz, 405 MHz
2026/09/13 12:14:46.844, NVIDIA GeForce RTX 4090, GPU-457328ff-6f8e-1f53-8cc3-68ae75d90604, 595.91.07, P8, 26, 16.30 W, 0 %, 0 %, 4 MiB, 24564 MiB, 210 MHz, 405 MHz
2026/09/13 12:14:47.845, NVIDIA GeForce RTX 4090, GPU-457328ff-6f8e-1f53-8cc3-68ae75d90604, 595.91.07, P8, 26, 16.16 W, 0 %, 0 %, 4 MiB, 24564 MiB, 210 MHz, 405 MHz
2026/09/13 12:14:48.846, NVIDIA GeForce RTX 4090, GPU-457328ff-6f8e-1f53-8cc3-68ae75d90604, 595.91.07, P8, 26, 16.09 W, 0 %, 0 %, 4 MiB, 24564 MiB, 210 MHz, 405 MHz
2026/09/13 12:14:49.848, NVIDIA GeForce RTX 4090, GPU-457328ff-6f8e-1f53-8cc3-68ae75d90604, 595.91.07, P8, 26, 16.23 W, 0 %, 0 %, 4 MiB, 24564 MiB, 210 MHz, 405 MHz
2026/09/13 12:14:50.849, NVIDIA GeForce RTX 4090, GPU-457328ff-6f8e-1f53-8cc3-68ae75d90604, 595.91.07, P8, 26, 16.26 W, 0 %, 0 %, 4 MiB, 24564 MiB, 210 MHz, 405 MHz
2026/09/13 12:14:51.851, NVIDIA GeForce RTX 4090, GPU-457328ff-6f8e-1f53-8cc3-68ae75d90604, 595.91.07, P8, 26, 16.34 W, 0 %, 0 %, 4 MiB, 24564 MiB, 210 MHz, 405 MHz
2026/09/13 12:14:52.852, NVIDIA GeForce RTX 4090, GPU-457328ff-6f8e-1f53-8cc3-68ae75d90604, 595.91.07, P8, 26, 16.40 W, 0 %, 0 %, 4 MiB, 24564 MiB, 210 MHz, 405 MHz
2026/09/13 12:14:53.854, NVIDIA GeForce RTX 4090, GPU-457328ff-6f8e-1f53-8cc3-68ae75d90604, 595.91.07, P8, 26, 16.17 W, 0 %, 0 %, 4 MiB, 24564 MiB, 210 MHz, 405 MHz
2026/09/13 12:14:54.856, NVIDIA GeForce RTX 4090, GPU-457328ff-6f8e-1f53-8cc3-68ae75d90604, 595.91.07, P8, 26, 16.20 W, 0 %, 0 %, 4 MiB, 24564 MiB, 210 MHz, 405 MHz
2026/09/13 12:14:55.858, NVIDIA GeForce RTX 4090, GPU-457328ff-6f8e-1f53-8cc3-68ae75d90604, 595.91.07, P8, 26, 16.45 W, 0 %, 0 %, 4 MiB, 24564 MiB, 210 MHz, 405 MHz
2026/09/13 12:14:56.860, NVIDIA GeForce RTX 4090, GPU-457328ff-6f8e-1f53-8cc3-68ae75d90604, 595.91.07, P8, 26, 16.44 W, 0 %, 0 %, 4 MiB, 24564 MiB, 210 MHz, 405 MHz
2026/09/13 12:14:57.862, NVIDIA GeForce RTX 4090, GPU-457328ff-6f8e-1f53-8cc3-68ae75d90604, 595.91.07, P8, 26, 16.26 W, 0 %, 0 %, 4 MiB, 24564 MiB, 210 MHz, 405 MHz
2026/09/13 12:14:58.863, NVIDIA GeForce RTX 4090, GPU-457328ff-6f8e-1f53-8cc3-68ae75d90604, 595.91.07, P8, 26, 16.23 W, 0 %, 0 %, 4 MiB, 24564 MiB, 210 MHz, 405 MHz
2026/09/13 12:14:59.865, NVIDIA GeForce RTX 4090, GPU-457328ff-6f8e-1f53-8cc3-68ae75d90604, 595.91.07, P8, 26, 16.31 W, 0 %, 0 %, 4 MiB, 24564 MiB, 210 MHz, 405 MHz
2026/09/13 12:15:00.867, NVIDIA GeForce RTX 4090, GPU-457328ff-6f8e-1f53-8cc3-68ae75d90604, 595.91.07, P8, 26, 16.57 W, 0 %, 0 %, 4 MiB, 24564 MiB, 210 MHz, 405 MHz
2026/09/13 12:15:01.869, NVIDIA GeForce RTX 4090, GPU-457328ff-6f8e-1f53-8cc3-68ae75d90604, 595.91.07, P8, 26, 16.69 W, 0 %, 0 %, 4 MiB, 24564 MiB, 210 MHz, 405 MHz
2026/09/13 12:15:02.870, NVIDIA GeForce RTX 4090, GPU-457328ff-6f8e-1f53-8cc3-68ae75d90604, 595.91.07, P8, 26, 16.62 W, 0 %, 0 %, 4 MiB, 24564 MiB, 210 MHz, 405 MHz
2026/09/13 12:15:03.871, NVIDIA GeForce RTX 4090, GPU-457328ff-6f8e-1f53-8cc3-68ae75d90604, 595.91.07, P8, 26, 16.49 W, 0 %, 0 %, 4 MiB, 24564 MiB, 210 MHz, 405 MHz
2026/09/13 12:15:04.872, NVIDIA GeForce RTX 4090, GPU-457328ff-6f8e-1f53-8cc3-68ae75d90604, 595.91.07, P2, 27, 25.76 W, 0 %, 0 %, 4 MiB, 24564 MiB, 2520 MHz, 10251 MHz
2026/09/13 12:15:06.073, NVIDIA GeForce RTX 4090, GPU-457328ff-6f8e-1f53-8cc3-68ae75d90604, 595.91.07, P0, 27, 51.91 W, 0 %, 0 %, 4 MiB, 24564 MiB, 2520 MHz, 10501 MHz
2026/09/13 12:15:07.074, NVIDIA GeForce RTX 4090, GPU-457328ff-6f8e-1f53-8cc3-68ae75d90604, 595.91.07, P5, 27, 37.62 W, 0 %, 0 %, 4 MiB, 24564 MiB, 2520 MHz, 10501 MHz
2026/09/13 12:15:08.076, NVIDIA GeForce RTX 4090, GPU-457328ff-6f8e-1f53-8cc3-68ae75d90604, 595.91.07, P8, 26, 27.73 W, 0 %, 0 %, 4 MiB, 24564 MiB, 495 MHz, 810 MHz
2026/09/13 12:15:09.077, NVIDIA GeForce RTX 4090, GPU-457328ff-6f8e-1f53-8cc3-68ae75d90604, 595.91.07, P8, 26, 17.90 W, 0 %, 0 %, 4 MiB, 24564 MiB, 315 MHz, 405 MHz
2026/09/13 12:15:10.079, NVIDIA GeForce RTX 4090, GPU-457328ff-6f8e-1f53-8cc3-68ae75d90604, 595.91.07, P8, 26, 16.52 W, 0 %, 0 %, 4 MiB, 24564 MiB, 210 MHz, 405 MHz
2026/09/13 12:15:11.081, NVIDIA GeForce RTX 4090, GPU-457328ff-6f8e-1f53-8cc3-68ae75d90604, 595.91.07, P8, 26, 16.40 W, 0 %, 0 %, 4 MiB, 24564 MiB, 210 MHz, 405 MHz
2026/09/13 12:15:12.082, NVIDIA GeForce RTX 4090, GPU-457328ff-6f8e-1f53-8cc3-68ae75d90604, 595.91.07, P8, 26, 16.17 W, 0 %, 0 %, 4 MiB, 24564 MiB, 210 MHz, 405 MHz
2026/09/13 12:15:13.108, NVIDIA GeForce RTX 4090, GPU-457328ff-6f8e-1f53-8cc3-68ae75d90604, 595.91.07, P8, 26, 15.96 W, 0 %, 0 %, 4 MiB, 24564 MiB, 210 MHz, 405 MHz
2026/09/13 12:15:14.110, NVIDIA GeForce RTX 4090, GPU-457328ff-6f8e-1f53-8cc3-68ae75d90604, 595.91.07, P8, 26, 16.07 W, 0 %, 0 %, 4 MiB, 24564 MiB, 210 MHz, 405 MHz
2026/09/13 12:15:15.111, NVIDIA GeForce RTX 4090, GPU-457328ff-6f8e-1f53-8cc3-68ae75d90604, 595.91.07, P8, 26, 16.06 W, 0 %, 0 %, 4 MiB, 24564 MiB, 210 MHz, 405 MHz
2026/09/13 12:15:16.114, NVIDIA GeForce RTX 4090, GPU-457328ff-6f8e-1f53-8cc3-68ae75d90604, 595.91.07, P8, 26, 15.88 W, 0 %, 0 %, 4 MiB, 24564 MiB, 210 MHz, 405 MHz
2026/09/13 12:15:17.115, NVIDIA GeForce RTX 4090, GPU-457328ff-6f8e-1f53-8cc3-68ae75d90604, 595.91.07, P8, 26, 16.11 W, 0 %, 0 %, 4 MiB, 24564 MiB, 210 MHz, 405 MHz
2026/09/13 12:15:18.117, NVIDIA GeForce RTX 4090, GPU-457328ff-6f8e-1f53-8cc3-68ae75d90604, 595.91.07, P8, 26, 16.38 W, 0 %, 0 %, 4 MiB, 24564 MiB, 210 MHz, 405 MHz
2026/09/13 12:15:19.120, NVIDIA GeForce RTX 4090, GPU-457328ff-6f8e-1f53-8cc3-68ae75d90604, 595.91.07, P8, 26, 16.40 W, 0 %, 0 %, 4 MiB, 24564 MiB, 210 MHz, 405 MHz
2026/09/13 12:15:20.121, NVIDIA GeForce RTX 4090, GPU-457328ff-6f8e-1f53-8cc3-68ae75d90604, 595.91.07, P8, 26, 16.37 W, 0 %, 0 %, 4 MiB, 24564 MiB, 210 MHz, 405 MHz
2026/09/13 12:15:21.124, NVIDIA GeForce RTX 4090, GPU-457328ff-6f8e-1f53-8cc3-68ae75d90604, 595.91.07, P8, 26, 16.39 W, 0 %, 0 %, 4 MiB, 24564 MiB, 210 MHz, 405 MHz
2026/09/13 12:15:22.126, NVIDIA GeForce RTX 4090, GPU-457328ff-6f8e-1f53-8cc3-68ae75d90604, 595.91.07, P8, 26, 16.41 W, 0 %, 0 %, 4 MiB, 24564 MiB, 210 MHz, 405 MHz
2026/09/13 12:15:23.127, NVIDIA GeForce RTX 4090, GPU-457328ff-6f8e-1f53-8cc3-68ae75d90604, 595.91.07, P8, 26, 16.37 W, 0 %, 0 %, 4 MiB, 24564 MiB, 210 MHz, 405 MHz
2026/09/13 12:15:24.129, NVIDIA GeForce RTX 4090, GPU-457328ff-6f8e-1f53-8cc3-68ae75d90604, 595.91.07, P8, 26, 16.30 W, 0 %, 0 %, 4 MiB, 24564 MiB, 210 MHz, 405 MHz
2026/09/13 12:15:25.131, NVIDIA GeForce RTX 4090, GPU-457328ff-6f8e-1f53-8cc3-68ae75d90604, 595.91.07, P8, 26, 16.40 W, 0 %, 0 %, 4 MiB, 24564 MiB, 210 MHz, 405 MHz
2026/09/13 12:15:26.132, NVIDIA GeForce RTX 4090, GPU-457328ff-6f8e-1f53-8cc3-68ae75d90604, 595.91.07, P8, 26, 16.46 W, 0 %, 0 %, 4 MiB, 24564 MiB, 210 MHz, 405 MHz
2026/09/13 12:15:27.133, NVIDIA GeForce RTX 4090, GPU-457328ff-6f8e-1f53-8cc3-68ae75d90604, 595.91.07, P8, 26, 16.36 W, 0 %, 0 %, 4 MiB, 24564 MiB, 210 MHz, 405 MHz
2026/09/13 12:15:28.135, NVIDIA GeForce RTX 4090, GPU-457328ff-6f8e-1f53-8cc3-68ae75d90604, 595.91.07, P8, 26, 16.45 W, 0 %, 0 %, 4 MiB, 24564 MiB, 210 MHz, 405 MHz
2026/09/13 12:15:29.136, NVIDIA GeForce RTX 4090, GPU-457328ff-6f8e-1f53-8cc3-68ae75d90604, 595.91.07, P8, 26, 16.54 W, 0 %, 0 %, 4 MiB, 24564 MiB, 210 MHz, 405 MHz
2026/09/13 12:15:30.138, NVIDIA GeForce RTX 4090, GPU-457328ff-6f8e-1f53-8cc3-68ae75d90604, 595.91.07, P8, 26, 16.48 W, 0 %, 0 %, 4 MiB, 24564 MiB, 210 MHz, 405 MHz
2026/09/13 12:15:31.140, NVIDIA GeForce RTX 4090, GPU-457328ff-6f8e-1f53-8cc3-68ae75d90604, 595.91.07, P8, 26, 16.53 W, 0 %, 0 %, 4 MiB, 24564 MiB, 210 MHz, 405 MHz
2026/09/13 12:15:32.141, NVIDIA GeForce RTX 4090, GPU-457328ff-6f8e-1f53-8cc3-68ae75d90604, 595.91.07, P8, 26, 16.49 W, 0 %, 0 %, 4 MiB, 24564 MiB, 210 MHz, 405 MHz
2026/09/13 12:15:33.142, NVIDIA GeForce RTX 4090, GPU-457328ff-6f8e-1f53-8cc3-68ae75d90604, 595.91.07, P8, 26, 16.45 W, 0 %, 0 %, 4 MiB, 24564 MiB, 210 MHz, 405 MHz
2026/09/13 12:15:34.144, NVIDIA GeForce RTX 4090, GPU-457328ff-6f8e-1f53-8cc3-68ae75d90604, 595.91.07, P8, 26, 16.47 W, 0 %, 0 %, 4 MiB, 24564 MiB, 210 MHz, 405 MHz
2026/09/13 12:15:35.146, NVIDIA GeForce RTX 4090, GPU-457328ff-6f8e-1f53-8cc3-68ae75d90604, 595.91.07, P8, 26, 16.41 W, 0 %, 0 %, 416 MiB, 24564 MiB, 210 MHz, 405 MHz
2026/09/13 12:15:36.148, NVIDIA GeForce RTX 4090, GPU-457328ff-6f8e-1f53-8cc3-68ae75d90604, 595.91.07, P2, 27, 32.79 W, 0 %, 0 %, 3072 MiB, 24564 MiB, 2520 MHz, 10251 MHz
2026/09/13 12:15:37.149, NVIDIA GeForce RTX 4090, GPU-457328ff-6f8e-1f53-8cc3-68ae75d90604, 595.91.07, P2, 27, 51.20 W, 0 %, 0 %, 3072 MiB, 24564 MiB, 2520 MHz, 10251 MHz
2026/09/13 12:15:38.151, NVIDIA GeForce RTX 4090, GPU-457328ff-6f8e-1f53-8cc3-68ae75d90604, 595.91.07, P2, 27, 50.78 W, 0 %, 0 %, 3072 MiB, 24564 MiB, 2520 MHz, 10251 MHz
2026/09/13 12:15:39.152, NVIDIA GeForce RTX 4090, GPU-457328ff-6f8e-1f53-8cc3-68ae75d90604, 595.91.07, P2, 27, 50.66 W, 0 %, 0 %, 3072 MiB, 24564 MiB, 2520 MHz, 10251 MHz
2026/09/13 12:15:40.154, NVIDIA GeForce RTX 4090, GPU-457328ff-6f8e-1f53-8cc3-68ae75d90604, 595.91.07, P2, 27, 50.69 W, 0 %, 0 %, 3072 MiB, 24564 MiB, 2520 MHz, 10251 MHz
2026/09/13 12:15:41.156, NVIDIA GeForce RTX 4090, GPU-457328ff-6f8e-1f53-8cc3-68ae75d90604, 595.91.07, P2, 27, 50.73 W, 0 %, 0 %, 6690 MiB, 24564 MiB, 2520 MHz, 10251 MHz
2026/09/13 12:15:42.158, NVIDIA GeForce RTX 4090, GPU-457328ff-6f8e-1f53-8cc3-68ae75d90604, 595.91.07, P2, 28, 50.91 W, 0 %, 0 %, 10388 MiB, 24564 MiB, 2520 MHz, 10251 MHz
2026/09/13 12:15:43.160, NVIDIA GeForce RTX 4090, GPU-457328ff-6f8e-1f53-8cc3-68ae75d90604, 595.91.07, P2, 28, 50.99 W, 0 %, 0 %, 10388 MiB, 24564 MiB, 2520 MHz, 10251 MHz
2026/09/13 12:15:44.162, NVIDIA GeForce RTX 4090, GPU-457328ff-6f8e-1f53-8cc3-68ae75d90604, 595.91.07, P2, 28, 51.06 W, 2 %, 0 %, 10388 MiB, 24564 MiB, 2520 MHz, 10251 MHz
2026/09/13 12:15:45.165, NVIDIA GeForce RTX 4090, GPU-457328ff-6f8e-1f53-8cc3-68ae75d90604, 595.91.07, P2, 28, 50.97 W, 2 %, 0 %, 10388 MiB, 24564 MiB, 2520 MHz, 10251 MHz
2026/09/13 12:15:46.167, NVIDIA GeForce RTX 4090, GPU-457328ff-6f8e-1f53-8cc3-68ae75d90604, 595.91.07, P2, 28, 51.08 W, 2 %, 0 %, 10388 MiB, 24564 MiB, 2520 MHz, 10251 MHz
2026/09/13 12:15:47.169, NVIDIA GeForce RTX 4090, GPU-457328ff-6f8e-1f53-8cc3-68ae75d90604, 595.91.07, P2, 28, 50.94 W, 2 %, 0 %, 10388 MiB, 24564 MiB, 2520 MHz, 10251 MHz
2026/09/13 12:15:48.170, NVIDIA GeForce RTX 4090, GPU-457328ff-6f8e-1f53-8cc3-68ae75d90604, 595.91.07, P2, 28, 51.19 W, 2 %, 0 %, 10388 MiB, 24564 MiB, 2520 MHz, 10251 MHz
2026/09/13 12:15:49.172, NVIDIA GeForce RTX 4090, GPU-457328ff-6f8e-1f53-8cc3-68ae75d90604, 595.91.07, P2, 28, 51.17 W, 2 %, 0 %, 10388 MiB, 24564 MiB, 2520 MHz, 10251 MHz
2026/09/13 12:15:50.174, NVIDIA GeForce RTX 4090, GPU-457328ff-6f8e-1f53-8cc3-68ae75d90604, 595.91.07, P2, 28, 51.05 W, 1 %, 0 %, 10388 MiB, 24564 MiB, 2520 MHz, 10251 MHz
2026/09/13 12:15:51.177, NVIDIA GeForce RTX 4090, GPU-457328ff-6f8e-1f53-8cc3-68ae75d90604, 595.91.07, P2, 28, 51.03 W, 3 %, 0 %, 10388 MiB, 24564 MiB, 2520 MHz, 10251 MHz
2026/09/13 12:15:52.178, NVIDIA GeForce RTX 4090, GPU-457328ff-6f8e-1f53-8cc3-68ae75d90604, 595.91.07, P2, 28, 51.04 W, 1 %, 0 %, 10388 MiB, 24564 MiB, 2520 MHz, 10251 MHz
2026/09/13 12:15:53.181, NVIDIA GeForce RTX 4090, GPU-457328ff-6f8e-1f53-8cc3-68ae75d90604, 595.91.07, P2, 28, 51.14 W, 1 %, 0 %, 10388 MiB, 24564 MiB, 2520 MHz, 10251 MHz
2026/09/13 12:15:54.183, NVIDIA GeForce RTX 4090, GPU-457328ff-6f8e-1f53-8cc3-68ae75d90604, 595.91.07, P2, 28, 50.90 W, 3 %, 0 %, 10388 MiB, 24564 MiB, 2520 MHz, 10251 MHz
2026/09/13 12:15:55.186, NVIDIA GeForce RTX 4090, GPU-457328ff-6f8e-1f53-8cc3-68ae75d90604, 595.91.07, P2, 28, 50.99 W, 3 %, 0 %, 10388 MiB, 24564 MiB, 2520 MHz, 10251 MHz
2026/09/13 12:15:56.188, NVIDIA GeForce RTX 4090, GPU-457328ff-6f8e-1f53-8cc3-68ae75d90604, 595.91.07, P2, 28, 51.00 W, 1 %, 0 %, 10388 MiB, 24564 MiB, 2520 MHz, 10251 MHz
2026/09/13 12:15:57.190, NVIDIA GeForce RTX 4090, GPU-457328ff-6f8e-1f53-8cc3-68ae75d90604, 595.91.07, P2, 28, 50.96 W, 3 %, 0 %, 10388 MiB, 24564 MiB, 2520 MHz, 10251 MHz
2026/09/13 12:15:58.192, NVIDIA GeForce RTX 4090, GPU-457328ff-6f8e-1f53-8cc3-68ae75d90604, 595.91.07, P2, 28, 50.94 W, 2 %, 0 %, 10388 MiB, 24564 MiB, 2520 MHz, 10251 MHz
2026/09/13 12:15:59.194, NVIDIA GeForce RTX 4090, GPU-457328ff-6f8e-1f53-8cc3-68ae75d90604, 595.91.07, P2, 28, 50.92 W, 0 %, 0 %, 10388 MiB, 24564 MiB, 2520 MHz, 10251 MHz
2026/09/13 12:16:00.197, NVIDIA GeForce RTX 4090, GPU-457328ff-6f8e-1f53-8cc3-68ae75d90604, 595.91.07, P2, 28, 50.99 W, 0 %, 0 %, 8698 MiB, 24564 MiB, 2520 MHz, 10251 MHz
2026/09/13 12:16:01.200, NVIDIA GeForce RTX 4090, GPU-457328ff-6f8e-1f53-8cc3-68ae75d90604, 595.91.07, P2, 28, 50.87 W, 0 %, 0 %, 8698 MiB, 24564 MiB, 2520 MHz, 10251 MHz
2026/09/13 12:16:02.201, NVIDIA GeForce RTX 4090, GPU-457328ff-6f8e-1f53-8cc3-68ae75d90604, 595.91.07, P2, 28, 50.49 W, 0 %, 0 %, 8698 MiB, 24564 MiB, 2520 MHz, 10251 MHz
2026/09/13 12:16:03.203, NVIDIA GeForce RTX 4090, GPU-457328ff-6f8e-1f53-8cc3-68ae75d90604, 595.91.07, P2, 28, 50.72 W, 0 %, 0 %, 8698 MiB, 24564 MiB, 2520 MHz, 10251 MHz
2026/09/13 12:16:04.205, NVIDIA GeForce RTX 4090, GPU-457328ff-6f8e-1f53-8cc3-68ae75d90604, 595.91.07, P2, 28, 50.54 W, 0 %, 0 %, 8698 MiB, 24564 MiB, 2520 MHz, 10251 MHz
2026/09/13 12:16:05.206, NVIDIA GeForce RTX 4090, GPU-457328ff-6f8e-1f53-8cc3-68ae75d90604, 595.91.07, P2, 28, 50.58 W, 0 %, 0 %, 8698 MiB, 24564 MiB, 2520 MHz, 10251 MHz
2026/09/13 12:16:06.208, NVIDIA GeForce RTX 4090, GPU-457328ff-6f8e-1f53-8cc3-68ae75d90604, 595.91.07, P2, 29, 50.62 W, 0 %, 0 %, 8698 MiB, 24564 MiB, 2520 MHz, 10251 MHz
2026/09/13 12:16:07.209, NVIDIA GeForce RTX 4090, GPU-457328ff-6f8e-1f53-8cc3-68ae75d90604, 595.91.07, P2, 29, 50.64 W, 0 %, 0 %, 8698 MiB, 24564 MiB, 2520 MHz, 10251 MHz
2026/09/13 12:16:08.212, NVIDIA GeForce RTX 4090, GPU-457328ff-6f8e-1f53-8cc3-68ae75d90604, 595.91.07, P2, 29, 50.63 W, 0 %, 0 %, 8698 MiB, 24564 MiB, 2520 MHz, 10251 MHz
2026/09/13 12:16:09.214, NVIDIA GeForce RTX 4090, GPU-457328ff-6f8e-1f53-8cc3-68ae75d90604, 595.91.07, P2, 29, 50.71 W, 0 %, 0 %, 8698 MiB, 24564 MiB, 2520 MHz, 10251 MHz
2026/09/13 12:16:10.215, NVIDIA GeForce RTX 4090, GPU-457328ff-6f8e-1f53-8cc3-68ae75d90604, 595.91.07, P2, 29, 50.83 W, 0 %, 0 %, 8698 MiB, 24564 MiB, 2520 MHz, 10251 MHz
2026/09/13 12:16:11.218, NVIDIA GeForce RTX 4090, GPU-457328ff-6f8e-1f53-8cc3-68ae75d90604, 595.91.07, P2, 29, 50.87 W, 0 %, 0 %, 8698 MiB, 24564 MiB, 2520 MHz, 10251 MHz
2026/09/13 12:16:12.219, NVIDIA GeForce RTX 4090, GPU-457328ff-6f8e-1f53-8cc3-68ae75d90604, 595.91.07, P2, 29, 50.61 W, 0 %, 0 %, 8698 MiB, 24564 MiB, 2520 MHz, 10251 MHz
2026/09/13 12:16:13.222, NVIDIA GeForce RTX 4090, GPU-457328ff-6f8e-1f53-8cc3-68ae75d90604, 595.91.07, P2, 38, 129.80 W, 94 %, 28 %, 9598 MiB, 24564 MiB, 2670 MHz, 10251 MHz
2026/09/13 12:16:14.224, NVIDIA GeForce RTX 4090, GPU-457328ff-6f8e-1f53-8cc3-68ae75d90604, 595.91.07, P2, 30, 129.68 W, 15 %, 1 %, 9262 MiB, 24564 MiB, 2670 MHz, 10251 MHz
2026/09/13 12:16:15.226, NVIDIA GeForce RTX 4090, GPU-457328ff-6f8e-1f53-8cc3-68ae75d90604, 595.91.07, P2, 30, 64.40 W, 59 %, 11 %, 9354 MiB, 24564 MiB, 2520 MHz, 10251 MHz
2026/09/13 12:16:16.228, NVIDIA GeForce RTX 4090, GPU-457328ff-6f8e-1f53-8cc3-68ae75d90604, 595.91.07, P2, 30, 86.08 W, 7 %, 7 %, 9374 MiB, 24564 MiB, 2670 MHz, 10251 MHz
2026/09/13 12:16:17.230, NVIDIA GeForce RTX 4090, GPU-457328ff-6f8e-1f53-8cc3-68ae75d90604, 595.91.07, P2, 30, 67.40 W, 24 %, 18 %, 21374 MiB, 24564 MiB, 2670 MHz, 10251 MHz
2026/09/13 12:16:18.231, NVIDIA GeForce RTX 4090, GPU-457328ff-6f8e-1f53-8cc3-68ae75d90604, 595.91.07, P2, 29, 53.91 W, 0 %, 0 %, 21374 MiB, 24564 MiB, 2520 MHz, 10251 MHz
2026/09/13 12:16:19.233, NVIDIA GeForce RTX 4090, GPU-457328ff-6f8e-1f53-8cc3-68ae75d90604, 595.91.07, P2, 29, 51.28 W, 0 %, 0 %, 21374 MiB, 24564 MiB, 2520 MHz, 10251 MHz
2026/09/13 12:16:20.234, NVIDIA GeForce RTX 4090, GPU-457328ff-6f8e-1f53-8cc3-68ae75d90604, 595.91.07, P2, 29, 53.09 W, 29 %, 28 %, 21538 MiB, 24564 MiB, 2520 MHz, 10251 MHz
2026/09/13 12:16:21.236, NVIDIA GeForce RTX 4090, GPU-457328ff-6f8e-1f53-8cc3-68ae75d90604, 595.91.07, P2, 31, 83.33 W, 39 %, 15 %, 21486 MiB, 24564 MiB, 2670 MHz, 10251 MHz
2026/09/13 12:16:22.238, NVIDIA GeForce RTX 4090, GPU-457328ff-6f8e-1f53-8cc3-68ae75d90604, 595.91.07, P2, 30, 92.08 W, 0 %, 0 %, 21506 MiB, 24564 MiB, 2670 MHz, 10251 MHz
2026/09/13 12:16:23.240, NVIDIA GeForce RTX 4090, GPU-457328ff-6f8e-1f53-8cc3-68ae75d90604, 595.91.07, P2, 29, 55.97 W, 0 %, 0 %, 21506 MiB, 24564 MiB, 2520 MHz, 10251 MHz
2026/09/13 12:16:24.242, NVIDIA GeForce RTX 4090, GPU-457328ff-6f8e-1f53-8cc3-68ae75d90604, 595.91.07, P2, 29, 53.21 W, 0 %, 0 %, 21506 MiB, 24564 MiB, 2520 MHz, 10251 MHz
2026/09/13 12:16:25.244, NVIDIA GeForce RTX 4090, GPU-457328ff-6f8e-1f53-8cc3-68ae75d90604, 595.91.07, P2, 29, 50.02 W, 0 %, 0 %, 21506 MiB, 24564 MiB, 2520 MHz, 10251 MHz
2026/09/13 12:16:26.245, NVIDIA GeForce RTX 4090, GPU-457328ff-6f8e-1f53-8cc3-68ae75d90604, 595.91.07, P2, 29, 49.98 W, 0 %, 0 %, 21506 MiB, 24564 MiB, 2520 MHz, 10251 MHz
2026/09/13 12:16:27.247, NVIDIA GeForce RTX 4090, GPU-457328ff-6f8e-1f53-8cc3-68ae75d90604, 595.91.07, P2, 29, 49.80 W, 0 %, 0 %, 21506 MiB, 24564 MiB, 2520 MHz, 10251 MHz
2026/09/13 12:16:28.250, NVIDIA GeForce RTX 4090, GPU-457328ff-6f8e-1f53-8cc3-68ae75d90604, 595.91.07, P2, 29, 49.60 W, 0 %, 0 %, 21506 MiB, 24564 MiB, 2520 MHz, 10251 MHz
2026/09/13 12:16:29.252, NVIDIA GeForce RTX 4090, GPU-457328ff-6f8e-1f53-8cc3-68ae75d90604, 595.91.07, P2, 29, 49.65 W, 0 %, 0 %, 21506 MiB, 24564 MiB, 2520 MHz, 10251 MHz
2026/09/13 12:16:30.254, NVIDIA GeForce RTX 4090, GPU-457328ff-6f8e-1f53-8cc3-68ae75d90604, 595.91.07, P2, 29, 49.76 W, 0 %, 0 %, 21506 MiB, 24564 MiB, 2520 MHz, 10251 MHz
2026/09/13 12:16:31.255, NVIDIA GeForce RTX 4090, GPU-457328ff-6f8e-1f53-8cc3-68ae75d90604, 595.91.07, P2, 29, 49.69 W, 0 %, 0 %, 21506 MiB, 24564 MiB, 2520 MHz, 10251 MHz
2026/09/13 12:16:32.257, NVIDIA GeForce RTX 4090, GPU-457328ff-6f8e-1f53-8cc3-68ae75d90604, 595.91.07, P2, 29, 49.38 W, 0 %, 0 %, 21506 MiB, 24564 MiB, 2520 MHz, 10251 MHz
2026/09/13 12:16:33.259, NVIDIA GeForce RTX 4090, GPU-457328ff-6f8e-1f53-8cc3-68ae75d90604, 595.91.07, P2, 29, 49.51 W, 0 %, 0 %, 21506 MiB, 24564 MiB, 2520 MHz, 10251 MHz
2026/09/13 12:16:34.261, NVIDIA GeForce RTX 4090, GPU-457328ff-6f8e-1f53-8cc3-68ae75d90604, 595.91.07, P2, 29, 49.87 W, 0 %, 0 %, 21506 MiB, 24564 MiB, 2520 MHz, 10251 MHz
2026/09/13 12:16:35.263, NVIDIA GeForce RTX 4090, GPU-457328ff-6f8e-1f53-8cc3-68ae75d90604, 595.91.07, P2, 29, 49.93 W, 0 %, 0 %, 21506 MiB, 24564 MiB, 2520 MHz, 10251 MHz
2026/09/13 12:16:36.265, NVIDIA GeForce RTX 4090, GPU-457328ff-6f8e-1f53-8cc3-68ae75d90604, 595.91.07, P2, 29, 49.89 W, 0 %, 0 %, 21506 MiB, 24564 MiB, 2520 MHz, 10251 MHz
2026/09/13 12:16:37.267, NVIDIA GeForce RTX 4090, GPU-457328ff-6f8e-1f53-8cc3-68ae75d90604, 595.91.07, P2, 29, 49.76 W, 0 %, 0 %, 21506 MiB, 24564 MiB, 2520 MHz, 10251 MHz
2026/09/13 12:16:38.269, NVIDIA GeForce RTX 4090, GPU-457328ff-6f8e-1f53-8cc3-68ae75d90604, 595.91.07, P2, 29, 49.58 W, 0 %, 0 %, 21506 MiB, 24564 MiB, 2520 MHz, 10251 MHz
2026/09/13 12:16:39.271, NVIDIA GeForce RTX 4090, GPU-457328ff-6f8e-1f53-8cc3-68ae75d90604, 595.91.07, P2, 29, 49.66 W, 0 %, 0 %, 21506 MiB, 24564 MiB, 2520 MHz, 10251 MHz
2026/09/13 12:16:40.273, NVIDIA GeForce RTX 4090, GPU-457328ff-6f8e-1f53-8cc3-68ae75d90604, 595.91.07, P5, 29, 49.78 W, 0 %, 0 %, 21506 MiB, 24564 MiB, 2520 MHz, 10251 MHz
2026/09/13 12:16:41.275, NVIDIA GeForce RTX 4090, GPU-457328ff-6f8e-1f53-8cc3-68ae75d90604, 595.91.07, P8, 29, 37.13 W, 0 %, 0 %, 21506 MiB, 24564 MiB, 360 MHz, 810 MHz
2026/09/13 12:16:42.277, NVIDIA GeForce RTX 4090, GPU-457328ff-6f8e-1f53-8cc3-68ae75d90604, 595.91.07, P8, 28, 21.04 W, 0 %, 0 %, 21506 MiB, 24564 MiB, 225 MHz, 405 MHz
2026/09/13 12:16:43.280, NVIDIA GeForce RTX 4090, GPU-457328ff-6f8e-1f53-8cc3-68ae75d90604, 595.91.07, P8, 28, 17.07 W, 0 %, 0 %, 21506 MiB, 24564 MiB, 210 MHz, 405 MHz
2026/09/13 12:16:44.282, NVIDIA GeForce RTX 4090, GPU-457328ff-6f8e-1f53-8cc3-68ae75d90604, 595.91.07, P8, 28, 16.64 W, 0 %, 0 %, 21506 MiB, 24564 MiB, 210 MHz, 405 MHz
2026/09/13 12:16:45.284, NVIDIA GeForce RTX 4090, GPU-457328ff-6f8e-1f53-8cc3-68ae75d90604, 595.91.07, P8, 28, 16.72 W, 0 %, 0 %, 21528 MiB, 24564 MiB, 210 MHz, 405 MHz
2026/09/13 12:16:46.286, NVIDIA GeForce RTX 4090, GPU-457328ff-6f8e-1f53-8cc3-68ae75d90604, 595.91.07, P2, 35, 135.13 W, 100 %, 100 %, 21528 MiB, 24564 MiB, 2670 MHz, 10251 MHz
2026/09/13 12:16:47.289, NVIDIA GeForce RTX 4090, GPU-457328ff-6f8e-1f53-8cc3-68ae75d90604, 595.91.07, P2, 36, 286.06 W, 100 %, 100 %, 21528 MiB, 24564 MiB, 2670 MHz, 10251 MHz
2026/09/13 12:16:48.291, NVIDIA GeForce RTX 4090, GPU-457328ff-6f8e-1f53-8cc3-68ae75d90604, 595.91.07, P2, 37, 286.43 W, 100 %, 100 %, 21528 MiB, 24564 MiB, 2670 MHz, 10251 MHz
2026/09/13 12:16:49.294, NVIDIA GeForce RTX 4090, GPU-457328ff-6f8e-1f53-8cc3-68ae75d90604, 595.91.07, P2, 37, 286.29 W, 100 %, 100 %, 21528 MiB, 24564 MiB, 2670 MHz, 10251 MHz
2026/09/13 12:16:50.296, NVIDIA GeForce RTX 4090, GPU-457328ff-6f8e-1f53-8cc3-68ae75d90604, 595.91.07, P2, 38, 279.29 W, 100 %, 100 %, 21528 MiB, 24564 MiB, 2670 MHz, 10251 MHz
2026/09/13 12:16:51.299, NVIDIA GeForce RTX 4090, GPU-457328ff-6f8e-1f53-8cc3-68ae75d90604, 595.91.07, P2, 38, 287.01 W, 100 %, 100 %, 21528 MiB, 24564 MiB, 2670 MHz, 10251 MHz
2026/09/13 12:16:52.302, NVIDIA GeForce RTX 4090, GPU-457328ff-6f8e-1f53-8cc3-68ae75d90604, 595.91.07, P2, 38, 287.36 W, 100 %, 100 %, 21528 MiB, 24564 MiB, 2670 MHz, 10251 MHz
2026/09/13 12:16:53.304, NVIDIA GeForce RTX 4090, GPU-457328ff-6f8e-1f53-8cc3-68ae75d90604, 595.91.07, P2, 39, 284.73 W, 100 %, 100 %, 21528 MiB, 24564 MiB, 2670 MHz, 10251 MHz
2026/09/13 12:16:54.307, NVIDIA GeForce RTX 4090, GPU-457328ff-6f8e-1f53-8cc3-68ae75d90604, 595.91.07, P2, 39, 287.87 W, 100 %, 100 %, 21528 MiB, 24564 MiB, 2670 MHz, 10251 MHz
2026/09/13 12:16:55.310, NVIDIA GeForce RTX 4090, GPU-457328ff-6f8e-1f53-8cc3-68ae75d90604, 595.91.07, P2, 39, 287.85 W, 100 %, 100 %, 21528 MiB, 24564 MiB, 2670 MHz, 10251 MHz
2026/09/13 12:16:56.313, NVIDIA GeForce RTX 4090, GPU-457328ff-6f8e-1f53-8cc3-68ae75d90604, 595.91.07, P2, 39, 287.73 W, 100 %, 100 %, 21528 MiB, 24564 MiB, 2670 MHz, 10251 MHz
2026/09/13 12:16:57.315, NVIDIA GeForce RTX 4090, GPU-457328ff-6f8e-1f53-8cc3-68ae75d90604, 595.91.07, P2, 40, 280.93 W, 100 %, 100 %, 21528 MiB, 24564 MiB, 2670 MHz, 10251 MHz
2026/09/13 12:16:58.318, NVIDIA GeForce RTX 4090, GPU-457328ff-6f8e-1f53-8cc3-68ae75d90604, 595.91.07, P2, 40, 287.93 W, 100 %, 100 %, 21528 MiB, 24564 MiB, 2670 MHz, 10251 MHz
2026/09/13 12:16:59.320, NVIDIA GeForce RTX 4090, GPU-457328ff-6f8e-1f53-8cc3-68ae75d90604, 595.91.07, P2, 40, 288.37 W, 100 %, 100 %, 21528 MiB, 24564 MiB, 2670 MHz, 10251 MHz
2026/09/13 12:17:00.323, NVIDIA GeForce RTX 4090, GPU-457328ff-6f8e-1f53-8cc3-68ae75d90604, 595.91.07, P2, 40, 276.34 W, 61 %, 61 %, 21528 MiB, 24564 MiB, 2670 MHz, 10251 MHz
2026/09/13 12:17:01.326, NVIDIA GeForce RTX 4090, GPU-457328ff-6f8e-1f53-8cc3-68ae75d90604, 595.91.07, P2, 40, 282.86 W, 100 %, 100 %, 21528 MiB, 24564 MiB, 2670 MHz, 10251 MHz
2026/09/13 12:17:02.329, NVIDIA GeForce RTX 4090, GPU-457328ff-6f8e-1f53-8cc3-68ae75d90604, 595.91.07, P2, 41, 286.47 W, 100 %, 100 %, 21528 MiB, 24564 MiB, 2670 MHz, 10251 MHz
2026/09/13 12:17:03.331, NVIDIA GeForce RTX 4090, GPU-457328ff-6f8e-1f53-8cc3-68ae75d90604, 595.91.07, P2, 41, 288.21 W, 100 %, 100 %, 21528 MiB, 24564 MiB, 2670 MHz, 10251 MHz
2026/09/13 12:17:04.334, NVIDIA GeForce RTX 4090, GPU-457328ff-6f8e-1f53-8cc3-68ae75d90604, 595.91.07, P2, 41, 287.52 W, 93 %, 92 %, 21528 MiB, 24564 MiB, 2655 MHz, 10251 MHz
2026/09/13 12:17:05.337, NVIDIA GeForce RTX 4090, GPU-457328ff-6f8e-1f53-8cc3-68ae75d90604, 595.91.07, P2, 41, 291.03 W, 100 %, 100 %, 21528 MiB, 24564 MiB, 2655 MHz, 10251 MHz
2026/09/13 12:17:06.339, NVIDIA GeForce RTX 4090, GPU-457328ff-6f8e-1f53-8cc3-68ae75d90604, 595.91.07, P2, 42, 289.13 W, 100 %, 100 %, 21528 MiB, 24564 MiB, 2655 MHz, 10251 MHz
2026/09/13 12:17:07.342, NVIDIA GeForce RTX 4090, GPU-457328ff-6f8e-1f53-8cc3-68ae75d90604, 595.91.07, P2, 42, 283.45 W, 100 %, 100 %, 21528 MiB, 24564 MiB, 2655 MHz, 10251 MHz
2026/09/13 12:17:08.344, NVIDIA GeForce RTX 4090, GPU-457328ff-6f8e-1f53-8cc3-68ae75d90604, 595.91.07, P2, 42, 284.87 W, 98 %, 100 %, 21528 MiB, 24564 MiB, 2655 MHz, 10251 MHz
2026/09/13 12:17:09.347, NVIDIA GeForce RTX 4090, GPU-457328ff-6f8e-1f53-8cc3-68ae75d90604, 595.91.07, P2, 42, 290.42 W, 100 %, 100 %, 21528 MiB, 24564 MiB, 2655 MHz, 10251 MHz
2026/09/13 12:17:10.349, NVIDIA GeForce RTX 4090, GPU-457328ff-6f8e-1f53-8cc3-68ae75d90604, 595.91.07, P2, 42, 289.63 W, 100 %, 100 %, 21528 MiB, 24564 MiB, 2655 MHz, 10251 MHz
2026/09/13 12:17:11.352, NVIDIA GeForce RTX 4090, GPU-457328ff-6f8e-1f53-8cc3-68ae75d90604, 595.91.07, P2, 42, 289.78 W, 100 %, 100 %, 21528 MiB, 24564 MiB, 2655 MHz, 10251 MHz
2026/09/13 12:17:12.354, NVIDIA GeForce RTX 4090, GPU-457328ff-6f8e-1f53-8cc3-68ae75d90604, 595.91.07, P2, 43, 285.06 W, 100 %, 100 %, 21528 MiB, 24564 MiB, 2655 MHz, 10251 MHz
2026/09/13 12:17:13.357, NVIDIA GeForce RTX 4090, GPU-457328ff-6f8e-1f53-8cc3-68ae75d90604, 595.91.07, P2, 43, 290.23 W, 100 %, 100 %, 21528 MiB, 24564 MiB, 2655 MHz, 10251 MHz
2026/09/13 12:17:14.359, NVIDIA GeForce RTX 4090, GPU-457328ff-6f8e-1f53-8cc3-68ae75d90604, 595.91.07, P2, 43, 289.97 W, 100 %, 100 %, 21528 MiB, 24564 MiB, 2655 MHz, 10251 MHz
2026/09/13 12:17:15.361, NVIDIA GeForce RTX 4090, GPU-457328ff-6f8e-1f53-8cc3-68ae75d90604, 595.91.07, P2, 43, 290.03 W, 100 %, 100 %, 21528 MiB, 24564 MiB, 2655 MHz, 10251 MHz
2026/09/13 12:17:16.363, NVIDIA GeForce RTX 4090, GPU-457328ff-6f8e-1f53-8cc3-68ae75d90604, 595.91.07, P2, 43, 290.06 W, 100 %, 100 %, 21528 MiB, 24564 MiB, 2655 MHz, 10251 MHz
2026/09/13 12:17:17.365, NVIDIA GeForce RTX 4090, GPU-457328ff-6f8e-1f53-8cc3-68ae75d90604, 595.91.07, P2, 43, 280.30 W, 100 %, 100 %, 21528 MiB, 24564 MiB, 2655 MHz, 10251 MHz
2026/09/13 12:17:18.367, NVIDIA GeForce RTX 4090, GPU-457328ff-6f8e-1f53-8cc3-68ae75d90604, 595.91.07, P2, 44, 290.48 W, 100 %, 100 %, 21528 MiB, 24564 MiB, 2655 MHz, 10251 MHz
2026/09/13 12:17:19.369, NVIDIA GeForce RTX 4090, GPU-457328ff-6f8e-1f53-8cc3-68ae75d90604, 595.91.07, P2, 44, 290.50 W, 100 %, 100 %, 21528 MiB, 24564 MiB, 2655 MHz, 10251 MHz
2026/09/13 12:17:20.372, NVIDIA GeForce RTX 4090, GPU-457328ff-6f8e-1f53-8cc3-68ae75d90604, 595.91.07, P2, 44, 290.43 W, 100 %, 100 %, 21528 MiB, 24564 MiB, 2655 MHz, 10251 MHz
2026/09/13 12:17:21.374, NVIDIA GeForce RTX 4090, GPU-457328ff-6f8e-1f53-8cc3-68ae75d90604, 595.91.07, P2, 44, 284.67 W, 100 %, 100 %, 21528 MiB, 24564 MiB, 2655 MHz, 10251 MHz
2026/09/13 12:17:22.375, NVIDIA GeForce RTX 4090, GPU-457328ff-6f8e-1f53-8cc3-68ae75d90604, 595.91.07, P2, 44, 291.58 W, 100 %, 100 %, 21528 MiB, 24564 MiB, 2655 MHz, 10251 MHz
2026/09/13 12:17:23.377, NVIDIA GeForce RTX 4090, GPU-457328ff-6f8e-1f53-8cc3-68ae75d90604, 595.91.07, P2, 44, 286.70 W, 100 %, 100 %, 21528 MiB, 24564 MiB, 2655 MHz, 10251 MHz
2026/09/13 12:17:24.378, NVIDIA GeForce RTX 4090, GPU-457328ff-6f8e-1f53-8cc3-68ae75d90604, 595.91.07, P2, 44, 291.47 W, 100 %, 100 %, 21528 MiB, 24564 MiB, 2655 MHz, 10251 MHz
2026/09/13 12:17:25.381, NVIDIA GeForce RTX 4090, GPU-457328ff-6f8e-1f53-8cc3-68ae75d90604, 595.91.07, P2, 45, 290.61 W, 100 %, 100 %, 21528 MiB, 24564 MiB, 2655 MHz, 10251 MHz
2026/09/13 12:17:26.383, NVIDIA GeForce RTX 4090, GPU-457328ff-6f8e-1f53-8cc3-68ae75d90604, 595.91.07, P2, 45, 285.26 W, 100 %, 100 %, 21528 MiB, 24564 MiB, 2655 MHz, 10251 MHz
2026/09/13 12:17:27.386, NVIDIA GeForce RTX 4090, GPU-457328ff-6f8e-1f53-8cc3-68ae75d90604, 595.91.07, P2, 45, 286.79 W, 100 %, 100 %, 21528 MiB, 24564 MiB, 2655 MHz, 10251 MHz
2026/09/13 12:17:28.388, NVIDIA GeForce RTX 4090, GPU-457328ff-6f8e-1f53-8cc3-68ae75d90604, 595.91.07, P2, 45, 291.58 W, 100 %, 100 %, 21528 MiB, 24564 MiB, 2655 MHz, 10251 MHz
2026/09/13 12:17:29.390, NVIDIA GeForce RTX 4090, GPU-457328ff-6f8e-1f53-8cc3-68ae75d90604, 595.91.07, P2, 45, 291.85 W, 100 %, 100 %, 21528 MiB, 24564 MiB, 2655 MHz, 10251 MHz
2026/09/13 12:17:30.393, NVIDIA GeForce RTX 4090, GPU-457328ff-6f8e-1f53-8cc3-68ae75d90604, 595.91.07, P2, 45, 291.51 W, 100 %, 100 %, 21528 MiB, 24564 MiB, 2655 MHz, 10251 MHz
2026/09/13 12:17:31.395, NVIDIA GeForce RTX 4090, GPU-457328ff-6f8e-1f53-8cc3-68ae75d90604, 595.91.07, P2, 45, 283.52 W, 49 %, 47 %, 21528 MiB, 24564 MiB, 2655 MHz, 10251 MHz
2026/09/13 12:17:32.398, NVIDIA GeForce RTX 4090, GPU-457328ff-6f8e-1f53-8cc3-68ae75d90604, 595.91.07, P2, 46, 284.40 W, 100 %, 100 %, 21528 MiB, 24564 MiB, 2655 MHz, 10251 MHz
2026/09/13 12:17:33.400, NVIDIA GeForce RTX 4090, GPU-457328ff-6f8e-1f53-8cc3-68ae75d90604, 595.91.07, P2, 46, 285.43 W, 100 %, 100 %, 21530 MiB, 24564 MiB, 2655 MHz, 10251 MHz
2026/09/13 12:17:34.402, NVIDIA GeForce RTX 4090, GPU-457328ff-6f8e-1f53-8cc3-68ae75d90604, 595.91.07, P2, 46, 292.51 W, 100 %, 100 %, 21530 MiB, 24564 MiB, 2655 MHz, 10251 MHz
2026/09/13 12:17:35.404, NVIDIA GeForce RTX 4090, GPU-457328ff-6f8e-1f53-8cc3-68ae75d90604, 595.91.07, P2, 46, 292.74 W, 100 %, 100 %, 21530 MiB, 24564 MiB, 2655 MHz, 10251 MHz
2026/09/13 12:17:36.406, NVIDIA GeForce RTX 4090, GPU-457328ff-6f8e-1f53-8cc3-68ae75d90604, 595.91.07, P2, 46, 287.14 W, 100 %, 100 %, 21530 MiB, 24564 MiB, 2655 MHz, 10251 MHz
2026/09/13 12:17:37.407, NVIDIA GeForce RTX 4090, GPU-457328ff-6f8e-1f53-8cc3-68ae75d90604, 595.91.07, P2, 46, 293.00 W, 100 %, 100 %, 21530 MiB, 24564 MiB, 2655 MHz, 10251 MHz
2026/09/13 12:17:38.409, NVIDIA GeForce RTX 4090, GPU-457328ff-6f8e-1f53-8cc3-68ae75d90604, 595.91.07, P2, 46, 292.71 W, 100 %, 100 %, 21530 MiB, 24564 MiB, 2655 MHz, 10251 MHz
2026/09/13 12:17:39.411, NVIDIA GeForce RTX 4090, GPU-457328ff-6f8e-1f53-8cc3-68ae75d90604, 595.91.07, P2, 47, 291.81 W, 100 %, 100 %, 21530 MiB, 24564 MiB, 2655 MHz, 10251 MHz
2026/09/13 12:17:40.413, NVIDIA GeForce RTX 4090, GPU-457328ff-6f8e-1f53-8cc3-68ae75d90604, 595.91.07, P2, 47, 288.07 W, 100 %, 100 %, 21530 MiB, 24564 MiB, 2655 MHz, 10251 MHz
2026/09/13 12:17:41.414, NVIDIA GeForce RTX 4090, GPU-457328ff-6f8e-1f53-8cc3-68ae75d90604, 595.91.07, P2, 47, 292.71 W, 100 %, 100 %, 21530 MiB, 24564 MiB, 2655 MHz, 10251 MHz
2026/09/13 12:17:42.417, NVIDIA GeForce RTX 4090, GPU-457328ff-6f8e-1f53-8cc3-68ae75d90604, 595.91.07, P2, 47, 286.59 W, 100 %, 100 %, 21530 MiB, 24564 MiB, 2655 MHz, 10251 MHz
2026/09/13 12:17:43.419, NVIDIA GeForce RTX 4090, GPU-457328ff-6f8e-1f53-8cc3-68ae75d90604, 595.91.07, P2, 47, 292.94 W, 100 %, 100 %, 21530 MiB, 24564 MiB, 2655 MHz, 10251 MHz
2026/09/13 12:17:44.420, NVIDIA GeForce RTX 4090, GPU-457328ff-6f8e-1f53-8cc3-68ae75d90604, 595.91.07, P2, 47, 288.76 W, 100 %, 100 %, 21530 MiB, 24564 MiB, 2655 MHz, 10251 MHz
2026/09/13 12:17:45.422, NVIDIA GeForce RTX 4090, GPU-457328ff-6f8e-1f53-8cc3-68ae75d90604, 595.91.07, P2, 47, 292.86 W, 100 %, 100 %, 21530 MiB, 24564 MiB, 2655 MHz, 10251 MHz
2026/09/13 12:17:46.423, NVIDIA GeForce RTX 4090, GPU-457328ff-6f8e-1f53-8cc3-68ae75d90604, 595.91.07, P2, 47, 292.28 W, 100 %, 100 %, 21530 MiB, 24564 MiB, 2655 MHz, 10251 MHz
2026/09/13 12:17:47.425, NVIDIA GeForce RTX 4090, GPU-457328ff-6f8e-1f53-8cc3-68ae75d90604, 595.91.07, P2, 47, 286.61 W, 100 %, 100 %, 21530 MiB, 24564 MiB, 2655 MHz, 10251 MHz
2026/09/13 12:17:48.427, NVIDIA GeForce RTX 4090, GPU-457328ff-6f8e-1f53-8cc3-68ae75d90604, 595.91.07, P2, 47, 293.27 W, 100 %, 100 %, 21530 MiB, 24564 MiB, 2655 MHz, 10251 MHz
2026/09/13 12:17:49.429, NVIDIA GeForce RTX 4090, GPU-457328ff-6f8e-1f53-8cc3-68ae75d90604, 595.91.07, P2, 47, 293.24 W, 100 %, 100 %, 21530 MiB, 24564 MiB, 2655 MHz, 10251 MHz
2026/09/13 12:17:50.431, NVIDIA GeForce RTX 4090, GPU-457328ff-6f8e-1f53-8cc3-68ae75d90604, 595.91.07, P2, 48, 293.49 W, 100 %, 100 %, 21530 MiB, 24564 MiB, 2655 MHz, 10251 MHz
2026/09/13 12:17:51.433, NVIDIA GeForce RTX 4090, GPU-457328ff-6f8e-1f53-8cc3-68ae75d90604, 595.91.07, P2, 48, 288.24 W, 100 %, 100 %, 21530 MiB, 24564 MiB, 2655 MHz, 10251 MHz
2026/09/13 12:17:52.435, NVIDIA GeForce RTX 4090, GPU-457328ff-6f8e-1f53-8cc3-68ae75d90604, 595.91.07, P2, 48, 288.41 W, 100 %, 100 %, 21530 MiB, 24564 MiB, 2655 MHz, 10251 MHz
2026/09/13 12:17:53.437, NVIDIA GeForce RTX 4090, GPU-457328ff-6f8e-1f53-8cc3-68ae75d90604, 595.91.07, P2, 48, 288.24 W, 100 %, 100 %, 21530 MiB, 24564 MiB, 2655 MHz, 10251 MHz
2026/09/13 12:17:54.439, NVIDIA GeForce RTX 4090, GPU-457328ff-6f8e-1f53-8cc3-68ae75d90604, 595.91.07, P2, 48, 293.61 W, 100 %, 100 %, 21530 MiB, 24564 MiB, 2655 MHz, 10251 MHz
2026/09/13 12:17:55.440, NVIDIA GeForce RTX 4090, GPU-457328ff-6f8e-1f53-8cc3-68ae75d90604, 595.91.07, P2, 48, 293.72 W, 100 %, 100 %, 21530 MiB, 24564 MiB, 2655 MHz, 10251 MHz
2026/09/13 12:17:56.442, NVIDIA GeForce RTX 4090, GPU-457328ff-6f8e-1f53-8cc3-68ae75d90604, 595.91.07, P2, 48, 293.11 W, 100 %, 100 %, 21530 MiB, 24564 MiB, 2655 MHz, 10251 MHz
2026/09/13 12:17:57.444, NVIDIA GeForce RTX 4090, GPU-457328ff-6f8e-1f53-8cc3-68ae75d90604, 595.91.07, P2, 48, 285.87 W, 100 %, 100 %, 21530 MiB, 24564 MiB, 2655 MHz, 10251 MHz
2026/09/13 12:17:58.445, NVIDIA GeForce RTX 4090, GPU-457328ff-6f8e-1f53-8cc3-68ae75d90604, 595.91.07, P2, 48, 287.38 W, 100 %, 100 %, 21530 MiB, 24564 MiB, 2655 MHz, 10251 MHz
2026/09/13 12:17:59.447, NVIDIA GeForce RTX 4090, GPU-457328ff-6f8e-1f53-8cc3-68ae75d90604, 595.91.07, P2, 48, 289.10 W, 65 %, 60 %, 21530 MiB, 24564 MiB, 2655 MHz, 10251 MHz
2026/09/13 12:18:00.449, NVIDIA GeForce RTX 4090, GPU-457328ff-6f8e-1f53-8cc3-68ae75d90604, 595.91.07, P2, 48, 289.65 W, 100 %, 100 %, 21530 MiB, 24564 MiB, 2655 MHz, 10251 MHz
2026/09/13 12:18:01.451, NVIDIA GeForce RTX 4090, GPU-457328ff-6f8e-1f53-8cc3-68ae75d90604, 595.91.07, P2, 48, 286.24 W, 100 %, 100 %, 21530 MiB, 24564 MiB, 2655 MHz, 10251 MHz
2026/09/13 12:18:02.453, NVIDIA GeForce RTX 4090, GPU-457328ff-6f8e-1f53-8cc3-68ae75d90604, 595.91.07, P2, 48, 293.25 W, 100 %, 100 %, 21530 MiB, 24564 MiB, 2655 MHz, 10251 MHz
2026/09/13 12:18:03.455, NVIDIA GeForce RTX 4090, GPU-457328ff-6f8e-1f53-8cc3-68ae75d90604, 595.91.07, P2, 48, 286.48 W, 100 %, 100 %, 21530 MiB, 24564 MiB, 2655 MHz, 10251 MHz
2026/09/13 12:18:04.457, NVIDIA GeForce RTX 4090, GPU-457328ff-6f8e-1f53-8cc3-68ae75d90604, 595.91.07, P2, 49, 287.07 W, 100 %, 100 %, 21530 MiB, 24564 MiB, 2655 MHz, 10251 MHz
2026/09/13 12:18:05.458, NVIDIA GeForce RTX 4090, GPU-457328ff-6f8e-1f53-8cc3-68ae75d90604, 595.91.07, P2, 49, 287.97 W, 100 %, 100 %, 21530 MiB, 24564 MiB, 2655 MHz, 10251 MHz
2026/09/13 12:18:06.460, NVIDIA GeForce RTX 4090, GPU-457328ff-6f8e-1f53-8cc3-68ae75d90604, 595.91.07, P2, 49, 288.19 W, 100 %, 100 %, 21530 MiB, 24564 MiB, 2655 MHz, 10251 MHz
2026/09/13 12:18:07.462, NVIDIA GeForce RTX 4090, GPU-457328ff-6f8e-1f53-8cc3-68ae75d90604, 595.91.07, P2, 49, 293.52 W, 100 %, 100 %, 21530 MiB, 24564 MiB, 2655 MHz, 10251 MHz
2026/09/13 12:18:08.464, NVIDIA GeForce RTX 4090, GPU-457328ff-6f8e-1f53-8cc3-68ae75d90604, 595.91.07, P2, 49, 288.48 W, 100 %, 100 %, 21530 MiB, 24564 MiB, 2655 MHz, 10251 MHz
2026/09/13 12:18:09.466, NVIDIA GeForce RTX 4090, GPU-457328ff-6f8e-1f53-8cc3-68ae75d90604, 595.91.07, P2, 49, 293.65 W, 100 %, 100 %, 21530 MiB, 24564 MiB, 2655 MHz, 10251 MHz
2026/09/13 12:18:10.468, NVIDIA GeForce RTX 4090, GPU-457328ff-6f8e-1f53-8cc3-68ae75d90604, 595.91.07, P2, 49, 288.78 W, 100 %, 100 %, 21530 MiB, 24564 MiB, 2655 MHz, 10251 MHz
2026/09/13 12:18:11.470, NVIDIA GeForce RTX 4090, GPU-457328ff-6f8e-1f53-8cc3-68ae75d90604, 595.91.07, P2, 49, 293.66 W, 100 %, 100 %, 21530 MiB, 24564 MiB, 2655 MHz, 10251 MHz
2026/09/13 12:18:12.472, NVIDIA GeForce RTX 4090, GPU-457328ff-6f8e-1f53-8cc3-68ae75d90604, 595.91.07, P2, 49, 286.38 W, 100 %, 100 %, 21530 MiB, 24564 MiB, 2655 MHz, 10251 MHz
2026/09/13 12:18:13.475, NVIDIA GeForce RTX 4090, GPU-457328ff-6f8e-1f53-8cc3-68ae75d90604, 595.91.07, P2, 49, 288.17 W, 100 %, 100 %, 21530 MiB, 24564 MiB, 2655 MHz, 10251 MHz
2026/09/13 12:18:14.478, NVIDIA GeForce RTX 4090, GPU-457328ff-6f8e-1f53-8cc3-68ae75d90604, 595.91.07, P2, 49, 291.88 W, 100 %, 100 %, 21530 MiB, 24564 MiB, 2655 MHz, 10251 MHz
2026/09/13 12:18:15.480, NVIDIA GeForce RTX 4090, GPU-457328ff-6f8e-1f53-8cc3-68ae75d90604, 595.91.07, P2, 49, 294.33 W, 100 %, 100 %, 21530 MiB, 24564 MiB, 2655 MHz, 10251 MHz
2026/09/13 12:18:16.482, NVIDIA GeForce RTX 4090, GPU-457328ff-6f8e-1f53-8cc3-68ae75d90604, 595.91.07, P2, 49, 289.08 W, 100 %, 100 %, 21530 MiB, 24564 MiB, 2655 MHz, 10251 MHz
2026/09/13 12:18:17.485, NVIDIA GeForce RTX 4090, GPU-457328ff-6f8e-1f53-8cc3-68ae75d90604, 595.91.07, P2, 49, 290.95 W, 100 %, 100 %, 21530 MiB, 24564 MiB, 2655 MHz, 10251 MHz
2026/09/13 12:18:18.488, NVIDIA GeForce RTX 4090, GPU-457328ff-6f8e-1f53-8cc3-68ae75d90604, 595.91.07, P2, 49, 292.18 W, 100 %, 100 %, 21530 MiB, 24564 MiB, 2655 MHz, 10251 MHz
2026/09/13 12:18:19.490, NVIDIA GeForce RTX 4090, GPU-457328ff-6f8e-1f53-8cc3-68ae75d90604, 595.91.07, P2, 49, 289.03 W, 100 %, 100 %, 21530 MiB, 24564 MiB, 2655 MHz, 10251 MHz
2026/09/13 12:18:20.492, NVIDIA GeForce RTX 4090, GPU-457328ff-6f8e-1f53-8cc3-68ae75d90604, 595.91.07, P2, 50, 294.50 W, 100 %, 100 %, 21530 MiB, 24564 MiB, 2655 MHz, 10251 MHz
2026/09/13 12:18:21.494, NVIDIA GeForce RTX 4090, GPU-457328ff-6f8e-1f53-8cc3-68ae75d90604, 595.91.07, P2, 50, 294.49 W, 100 %, 100 %, 21530 MiB, 24564 MiB, 2655 MHz, 10251 MHz
2026/09/13 12:18:22.496, NVIDIA GeForce RTX 4090, GPU-457328ff-6f8e-1f53-8cc3-68ae75d90604, 595.91.07, P2, 50, 294.23 W, 100 %, 100 %, 21530 MiB, 24564 MiB, 2655 MHz, 10251 MHz
2026/09/13 12:18:23.498, NVIDIA GeForce RTX 4090, GPU-457328ff-6f8e-1f53-8cc3-68ae75d90604, 595.91.07, P2, 50, 289.34 W, 100 %, 100 %, 21530 MiB, 24564 MiB, 2655 MHz, 10251 MHz
2026/09/13 12:18:24.501, NVIDIA GeForce RTX 4090, GPU-457328ff-6f8e-1f53-8cc3-68ae75d90604, 595.91.07, P2, 50, 294.55 W, 100 %, 100 %, 21530 MiB, 24564 MiB, 2655 MHz, 10251 MHz
2026/09/13 12:18:25.503, NVIDIA GeForce RTX 4090, GPU-457328ff-6f8e-1f53-8cc3-68ae75d90604, 595.91.07, P2, 50, 290.52 W, 100 %, 100 %, 21530 MiB, 24564 MiB, 2655 MHz, 10251 MHz
2026/09/13 12:18:26.505, NVIDIA GeForce RTX 4090, GPU-457328ff-6f8e-1f53-8cc3-68ae75d90604, 595.91.07, P2, 50, 288.93 W, 100 %, 100 %, 21530 MiB, 24564 MiB, 2655 MHz, 10251 MHz
2026/09/13 12:18:27.508, NVIDIA GeForce RTX 4090, GPU-457328ff-6f8e-1f53-8cc3-68ae75d90604, 595.91.07, P2, 50, 294.27 W, 100 %, 100 %, 21530 MiB, 24564 MiB, 2655 MHz, 10251 MHz
2026/09/13 12:18:28.509, NVIDIA GeForce RTX 4090, GPU-457328ff-6f8e-1f53-8cc3-68ae75d90604, 595.91.07, P2, 50, 287.32 W, 100 %, 100 %, 21530 MiB, 24564 MiB, 2655 MHz, 10251 MHz
2026/09/13 12:18:29.512, NVIDIA GeForce RTX 4090, GPU-457328ff-6f8e-1f53-8cc3-68ae75d90604, 595.91.07, P2, 50, 294.46 W, 100 %, 100 %, 21530 MiB, 24564 MiB, 2655 MHz, 10251 MHz
2026/09/13 12:18:30.514, NVIDIA GeForce RTX 4090, GPU-457328ff-6f8e-1f53-8cc3-68ae75d90604, 595.91.07, P2, 50, 289.01 W, 100 %, 100 %, 21530 MiB, 24564 MiB, 2655 MHz, 10251 MHz
2026/09/13 12:18:31.516, NVIDIA GeForce RTX 4090, GPU-457328ff-6f8e-1f53-8cc3-68ae75d90604, 595.91.07, P2, 50, 294.65 W, 100 %, 100 %, 21530 MiB, 24564 MiB, 2655 MHz, 10251 MHz
2026/09/13 12:18:32.519, NVIDIA GeForce RTX 4090, GPU-457328ff-6f8e-1f53-8cc3-68ae75d90604, 595.91.07, P2, 50, 288.17 W, 100 %, 100 %, 21530 MiB, 24564 MiB, 2655 MHz, 10251 MHz
2026/09/13 12:18:33.521, NVIDIA GeForce RTX 4090, GPU-457328ff-6f8e-1f53-8cc3-68ae75d90604, 595.91.07, P2, 50, 291.49 W, 82 %, 90 %, 21530 MiB, 24564 MiB, 2655 MHz, 10251 MHz
2026/09/13 12:18:34.523, NVIDIA GeForce RTX 4090, GPU-457328ff-6f8e-1f53-8cc3-68ae75d90604, 595.91.07, P2, 50, 289.02 W, 100 %, 100 %, 21530 MiB, 24564 MiB, 2655 MHz, 10251 MHz
2026/09/13 12:18:35.525, NVIDIA GeForce RTX 4090, GPU-457328ff-6f8e-1f53-8cc3-68ae75d90604, 595.91.07, P2, 50, 294.59 W, 100 %, 100 %, 21530 MiB, 24564 MiB, 2655 MHz, 10251 MHz
2026/09/13 12:18:36.527, NVIDIA GeForce RTX 4090, GPU-457328ff-6f8e-1f53-8cc3-68ae75d90604, 595.91.07, P2, 50, 294.34 W, 100 %, 100 %, 21530 MiB, 24564 MiB, 2655 MHz, 10251 MHz
2026/09/13 12:18:37.530, NVIDIA GeForce RTX 4090, GPU-457328ff-6f8e-1f53-8cc3-68ae75d90604, 595.91.07, P2, 51, 290.67 W, 99 %, 100 %, 21530 MiB, 24564 MiB, 2655 MHz, 10251 MHz
2026/09/13 12:18:38.532, NVIDIA GeForce RTX 4090, GPU-457328ff-6f8e-1f53-8cc3-68ae75d90604, 595.91.07, P2, 50, 294.41 W, 100 %, 100 %, 21530 MiB, 24564 MiB, 2655 MHz, 10251 MHz
2026/09/13 12:18:39.534, NVIDIA GeForce RTX 4090, GPU-457328ff-6f8e-1f53-8cc3-68ae75d90604, 595.91.07, P2, 51, 294.48 W, 100 %, 100 %, 21530 MiB, 24564 MiB, 2655 MHz, 10251 MHz
2026/09/13 12:18:40.537, NVIDIA GeForce RTX 4090, GPU-457328ff-6f8e-1f53-8cc3-68ae75d90604, 595.91.07, P2, 51, 294.69 W, 100 %, 100 %, 21530 MiB, 24564 MiB, 2655 MHz, 10251 MHz
2026/09/13 12:18:41.539, NVIDIA GeForce RTX 4090, GPU-457328ff-6f8e-1f53-8cc3-68ae75d90604, 595.91.07, P2, 51, 294.98 W, 100 %, 100 %, 21530 MiB, 24564 MiB, 2655 MHz, 10251 MHz
2026/09/13 12:18:42.542, NVIDIA GeForce RTX 4090, GPU-457328ff-6f8e-1f53-8cc3-68ae75d90604, 595.91.07, P2, 51, 295.00 W, 100 %, 100 %, 21530 MiB, 24564 MiB, 2655 MHz, 10251 MHz
2026/09/13 12:18:43.545, NVIDIA GeForce RTX 4090, GPU-457328ff-6f8e-1f53-8cc3-68ae75d90604, 595.91.07, P2, 51, 288.42 W, 100 %, 100 %, 21530 MiB, 24564 MiB, 2655 MHz, 10251 MHz
2026/09/13 12:18:44.547, NVIDIA GeForce RTX 4090, GPU-457328ff-6f8e-1f53-8cc3-68ae75d90604, 595.91.07, P2, 51, 295.46 W, 100 %, 100 %, 21530 MiB, 24564 MiB, 2655 MHz, 10251 MHz
2026/09/13 12:18:45.549, NVIDIA GeForce RTX 4090, GPU-457328ff-6f8e-1f53-8cc3-68ae75d90604, 595.91.07, P2, 51, 295.20 W, 100 %, 100 %, 21530 MiB, 24564 MiB, 2655 MHz, 10251 MHz
2026/09/13 12:18:46.551, NVIDIA GeForce RTX 4090, GPU-457328ff-6f8e-1f53-8cc3-68ae75d90604, 595.91.07, P2, 51, 288.41 W, 100 %, 100 %, 21530 MiB, 24564 MiB, 2655 MHz, 10251 MHz
2026/09/13 12:18:47.554, NVIDIA GeForce RTX 4090, GPU-457328ff-6f8e-1f53-8cc3-68ae75d90604, 595.91.07, P2, 51, 288.72 W, 100 %, 100 %, 21530 MiB, 24564 MiB, 2655 MHz, 10251 MHz
2026/09/13 12:18:48.556, NVIDIA GeForce RTX 4090, GPU-457328ff-6f8e-1f53-8cc3-68ae75d90604, 595.91.07, P2, 51, 295.28 W, 100 %, 100 %, 21530 MiB, 24564 MiB, 2655 MHz, 10251 MHz
2026/09/13 12:18:49.559, NVIDIA GeForce RTX 4090, GPU-457328ff-6f8e-1f53-8cc3-68ae75d90604, 595.91.07, P2, 51, 292.76 W, 100 %, 100 %, 21530 MiB, 24564 MiB, 2655 MHz, 10251 MHz
2026/09/13 12:18:50.561, NVIDIA GeForce RTX 4090, GPU-457328ff-6f8e-1f53-8cc3-68ae75d90604, 595.91.07, P2, 51, 295.13 W, 100 %, 100 %, 21530 MiB, 24564 MiB, 2655 MHz, 10251 MHz
2026/09/13 12:18:51.564, NVIDIA GeForce RTX 4090, GPU-457328ff-6f8e-1f53-8cc3-68ae75d90604, 595.91.07, P2, 51, 295.45 W, 100 %, 100 %, 21530 MiB, 24564 MiB, 2655 MHz, 10251 MHz
2026/09/13 12:18:52.566, NVIDIA GeForce RTX 4090, GPU-457328ff-6f8e-1f53-8cc3-68ae75d90604, 595.91.07, P2, 51, 288.53 W, 100 %, 100 %, 21530 MiB, 24564 MiB, 2655 MHz, 10251 MHz
2026/09/13 12:18:53.568, NVIDIA GeForce RTX 4090, GPU-457328ff-6f8e-1f53-8cc3-68ae75d90604, 595.91.07, P2, 51, 294.81 W, 100 %, 100 %, 21530 MiB, 24564 MiB, 2655 MHz, 10251 MHz
2026/09/13 12:18:54.571, NVIDIA GeForce RTX 4090, GPU-457328ff-6f8e-1f53-8cc3-68ae75d90604, 595.91.07, P2, 51, 287.77 W, 100 %, 100 %, 21530 MiB, 24564 MiB, 2655 MHz, 10251 MHz
2026/09/13 12:18:55.573, NVIDIA GeForce RTX 4090, GPU-457328ff-6f8e-1f53-8cc3-68ae75d90604, 595.91.07, P2, 51, 289.30 W, 100 %, 100 %, 21530 MiB, 24564 MiB, 2655 MHz, 10251 MHz
2026/09/13 12:18:56.575, NVIDIA GeForce RTX 4090, GPU-457328ff-6f8e-1f53-8cc3-68ae75d90604, 595.91.07, P2, 51, 295.04 W, 100 %, 100 %, 21530 MiB, 24564 MiB, 2655 MHz, 10251 MHz
2026/09/13 12:18:57.577, NVIDIA GeForce RTX 4090, GPU-457328ff-6f8e-1f53-8cc3-68ae75d90604, 595.91.07, P2, 51, 290.42 W, 100 %, 100 %, 21530 MiB, 24564 MiB, 2655 MHz, 10251 MHz
2026/09/13 12:18:58.580, NVIDIA GeForce RTX 4090, GPU-457328ff-6f8e-1f53-8cc3-68ae75d90604, 595.91.07, P2, 51, 289.49 W, 100 %, 100 %, 21530 MiB, 24564 MiB, 2655 MHz, 10251 MHz
2026/09/13 12:18:59.582, NVIDIA GeForce RTX 4090, GPU-457328ff-6f8e-1f53-8cc3-68ae75d90604, 595.91.07, P2, 51, 290.64 W, 100 %, 100 %, 21530 MiB, 24564 MiB, 2655 MHz, 10251 MHz
2026/09/13 12:19:00.584, NVIDIA GeForce RTX 4090, GPU-457328ff-6f8e-1f53-8cc3-68ae75d90604, 595.91.07, P2, 51, 295.31 W, 100 %, 100 %, 21530 MiB, 24564 MiB, 2655 MHz, 10251 MHz
2026/09/13 12:19:01.587, NVIDIA GeForce RTX 4090, GPU-457328ff-6f8e-1f53-8cc3-68ae75d90604, 595.91.07, P2, 51, 289.39 W, 100 %, 100 %, 21530 MiB, 24564 MiB, 2655 MHz, 10251 MHz
2026/09/13 12:19:02.590, NVIDIA GeForce RTX 4090, GPU-457328ff-6f8e-1f53-8cc3-68ae75d90604, 595.91.07, P2, 51, 289.77 W, 100 %, 100 %, 21530 MiB, 24564 MiB, 2655 MHz, 10251 MHz
2026/09/13 12:19:03.592, NVIDIA GeForce RTX 4090, GPU-457328ff-6f8e-1f53-8cc3-68ae75d90604, 595.91.07, P2, 52, 290.11 W, 100 %, 100 %, 21530 MiB, 24564 MiB, 2655 MHz, 10251 MHz
2026/09/13 12:19:04.595, NVIDIA GeForce RTX 4090, GPU-457328ff-6f8e-1f53-8cc3-68ae75d90604, 595.91.07, P2, 52, 288.18 W, 100 %, 100 %, 21530 MiB, 24564 MiB, 2655 MHz, 10251 MHz
2026/09/13 12:19:05.597, NVIDIA GeForce RTX 4090, GPU-457328ff-6f8e-1f53-8cc3-68ae75d90604, 595.91.07, P2, 52, 289.06 W, 100 %, 100 %, 21530 MiB, 24564 MiB, 2655 MHz, 10251 MHz
2026/09/13 12:19:06.600, NVIDIA GeForce RTX 4090, GPU-457328ff-6f8e-1f53-8cc3-68ae75d90604, 595.91.07, P2, 52, 288.93 W, 100 %, 100 %, 21530 MiB, 24564 MiB, 2655 MHz, 10251 MHz
2026/09/13 12:19:07.603, NVIDIA GeForce RTX 4090, GPU-457328ff-6f8e-1f53-8cc3-68ae75d90604, 595.91.07, P2, 52, 295.07 W, 100 %, 100 %, 21530 MiB, 24564 MiB, 2655 MHz, 10251 MHz
2026/09/13 12:19:08.605, NVIDIA GeForce RTX 4090, GPU-457328ff-6f8e-1f53-8cc3-68ae75d90604, 595.91.07, P2, 52, 287.55 W, 100 %, 100 %, 21530 MiB, 24564 MiB, 2655 MHz, 10251 MHz
2026/09/13 12:19:09.607, NVIDIA GeForce RTX 4090, GPU-457328ff-6f8e-1f53-8cc3-68ae75d90604, 595.91.07, P2, 52, 295.36 W, 100 %, 100 %, 21530 MiB, 24564 MiB, 2655 MHz, 10251 MHz
2026/09/13 12:19:10.611, NVIDIA GeForce RTX 4090, GPU-457328ff-6f8e-1f53-8cc3-68ae75d90604, 595.91.07, P2, 52, 295.42 W, 100 %, 100 %, 21530 MiB, 24564 MiB, 2655 MHz, 10251 MHz
2026/09/13 12:19:11.614, NVIDIA GeForce RTX 4090, GPU-457328ff-6f8e-1f53-8cc3-68ae75d90604, 595.91.07, P2, 52, 290.07 W, 100 %, 100 %, 21530 MiB, 24564 MiB, 2655 MHz, 10251 MHz
2026/09/13 12:19:12.615, NVIDIA GeForce RTX 4090, GPU-457328ff-6f8e-1f53-8cc3-68ae75d90604, 595.91.07, P2, 52, 289.62 W, 72 %, 70 %, 21530 MiB, 24564 MiB, 2655 MHz, 10251 MHz
2026/09/13 12:19:13.618, NVIDIA GeForce RTX 4090, GPU-457328ff-6f8e-1f53-8cc3-68ae75d90604, 595.91.07, P2, 50, 292.04 W, 100 %, 100 %, 21530 MiB, 24564 MiB, 2655 MHz, 10251 MHz
2026/09/13 12:19:14.620, NVIDIA GeForce RTX 4090, GPU-457328ff-6f8e-1f53-8cc3-68ae75d90604, 595.91.07, P2, 52, 285.10 W, 100 %, 100 %, 21530 MiB, 24564 MiB, 2655 MHz, 10251 MHz
2026/09/13 12:19:15.622, NVIDIA GeForce RTX 4090, GPU-457328ff-6f8e-1f53-8cc3-68ae75d90604, 595.91.07, P2, 52, 295.89 W, 100 %, 100 %, 21530 MiB, 24564 MiB, 2655 MHz, 10251 MHz
2026/09/13 12:19:16.624, NVIDIA GeForce RTX 4090, GPU-457328ff-6f8e-1f53-8cc3-68ae75d90604, 595.91.07, P2, 52, 296.06 W, 100 %, 100 %, 21530 MiB, 24564 MiB, 2655 MHz, 10251 MHz
2026/09/13 12:19:17.626, NVIDIA GeForce RTX 4090, GPU-457328ff-6f8e-1f53-8cc3-68ae75d90604, 595.91.07, P2, 52, 295.72 W, 100 %, 100 %, 21530 MiB, 24564 MiB, 2655 MHz, 10251 MHz
2026/09/13 12:19:18.628, NVIDIA GeForce RTX 4090, GPU-457328ff-6f8e-1f53-8cc3-68ae75d90604, 595.91.07, P2, 52, 295.82 W, 100 %, 100 %, 21530 MiB, 24564 MiB, 2655 MHz, 10251 MHz
2026/09/13 12:19:19.631, NVIDIA GeForce RTX 4090, GPU-457328ff-6f8e-1f53-8cc3-68ae75d90604, 595.91.07, P2, 52, 282.35 W, 100 %, 100 %, 21530 MiB, 24564 MiB, 2655 MHz, 10251 MHz
2026/09/13 12:19:20.633, NVIDIA GeForce RTX 4090, GPU-457328ff-6f8e-1f53-8cc3-68ae75d90604, 595.91.07, P2, 52, 295.81 W, 100 %, 100 %, 21530 MiB, 24564 MiB, 2655 MHz, 10251 MHz
2026/09/13 12:19:21.635, NVIDIA GeForce RTX 4090, GPU-457328ff-6f8e-1f53-8cc3-68ae75d90604, 595.91.07, P2, 52, 295.91 W, 100 %, 100 %, 21530 MiB, 24564 MiB, 2655 MHz, 10251 MHz
2026/09/13 12:19:22.638, NVIDIA GeForce RTX 4090, GPU-457328ff-6f8e-1f53-8cc3-68ae75d90604, 595.91.07, P2, 52, 290.29 W, 100 %, 100 %, 21530 MiB, 24564 MiB, 2655 MHz, 10251 MHz
2026/09/13 12:19:23.640, NVIDIA GeForce RTX 4090, GPU-457328ff-6f8e-1f53-8cc3-68ae75d90604, 595.91.07, P2, 52, 295.92 W, 100 %, 100 %, 21530 MiB, 24564 MiB, 2655 MHz, 10251 MHz
2026/09/13 12:19:24.643, NVIDIA GeForce RTX 4090, GPU-457328ff-6f8e-1f53-8cc3-68ae75d90604, 595.91.07, P2, 52, 296.36 W, 100 %, 100 %, 21530 MiB, 24564 MiB, 2655 MHz, 10251 MHz
2026/09/13 12:19:25.646, NVIDIA GeForce RTX 4090, GPU-457328ff-6f8e-1f53-8cc3-68ae75d90604, 595.91.07, P2, 52, 293.19 W, 100 %, 100 %, 21530 MiB, 24564 MiB, 2655 MHz, 10251 MHz
2026/09/13 12:19:26.648, NVIDIA GeForce RTX 4090, GPU-457328ff-6f8e-1f53-8cc3-68ae75d90604, 595.91.07, P2, 52, 296.07 W, 100 %, 100 %, 21530 MiB, 24564 MiB, 2655 MHz, 10251 MHz
2026/09/13 12:19:27.650, NVIDIA GeForce RTX 4090, GPU-457328ff-6f8e-1f53-8cc3-68ae75d90604, 595.91.07, P2, 53, 296.13 W, 100 %, 100 %, 21530 MiB, 24564 MiB, 2655 MHz, 10251 MHz
2026/09/13 12:19:28.653, NVIDIA GeForce RTX 4090, GPU-457328ff-6f8e-1f53-8cc3-68ae75d90604, 595.91.07, P2, 53, 294.29 W, 100 %, 100 %, 21530 MiB, 24564 MiB, 2655 MHz, 10251 MHz
2026/09/13 12:19:29.655, NVIDIA GeForce RTX 4090, GPU-457328ff-6f8e-1f53-8cc3-68ae75d90604, 595.91.07, P2, 53, 296.42 W, 100 %, 100 %, 21530 MiB, 24564 MiB, 2655 MHz, 10251 MHz
2026/09/13 12:19:30.658, NVIDIA GeForce RTX 4090, GPU-457328ff-6f8e-1f53-8cc3-68ae75d90604, 595.91.07, P2, 53, 296.63 W, 100 %, 100 %, 21530 MiB, 24564 MiB, 2655 MHz, 10251 MHz
2026/09/13 12:19:31.661, NVIDIA GeForce RTX 4090, GPU-457328ff-6f8e-1f53-8cc3-68ae75d90604, 595.91.07, P2, 53, 297.25 W, 100 %, 100 %, 21530 MiB, 24564 MiB, 2640 MHz, 10251 MHz
2026/09/13 12:19:32.663, NVIDIA GeForce RTX 4090, GPU-457328ff-6f8e-1f53-8cc3-68ae75d90604, 595.91.07, P2, 53, 291.00 W, 100 %, 100 %, 21530 MiB, 24564 MiB, 2640 MHz, 10251 MHz
2026/09/13 12:19:33.665, NVIDIA GeForce RTX 4090, GPU-457328ff-6f8e-1f53-8cc3-68ae75d90604, 595.91.07, P2, 53, 289.95 W, 100 %, 100 %, 21530 MiB, 24564 MiB, 2640 MHz, 10251 MHz
2026/09/13 12:19:34.668, NVIDIA GeForce RTX 4090, GPU-457328ff-6f8e-1f53-8cc3-68ae75d90604, 595.91.07, P2, 53, 290.96 W, 100 %, 100 %, 21530 MiB, 24564 MiB, 2640 MHz, 10251 MHz
2026/09/13 12:19:35.669, NVIDIA GeForce RTX 4090, GPU-457328ff-6f8e-1f53-8cc3-68ae75d90604, 595.91.07, P2, 53, 295.90 W, 100 %, 100 %, 21530 MiB, 24564 MiB, 2640 MHz, 10251 MHz
2026/09/13 12:19:36.671, NVIDIA GeForce RTX 4090, GPU-457328ff-6f8e-1f53-8cc3-68ae75d90604, 595.91.07, P2, 53, 295.98 W, 100 %, 100 %, 21530 MiB, 24564 MiB, 2640 MHz, 10251 MHz
2026/09/13 12:19:37.673, NVIDIA GeForce RTX 4090, GPU-457328ff-6f8e-1f53-8cc3-68ae75d90604, 595.91.07, P2, 53, 296.14 W, 100 %, 100 %, 21530 MiB, 24564 MiB, 2640 MHz, 10251 MHz
2026/09/13 12:19:38.676, NVIDIA GeForce RTX 4090, GPU-457328ff-6f8e-1f53-8cc3-68ae75d90604, 595.91.07, P2, 53, 290.45 W, 100 %, 100 %, 21530 MiB, 24564 MiB, 2640 MHz, 10251 MHz
2026/09/13 12:19:39.678, NVIDIA GeForce RTX 4090, GPU-457328ff-6f8e-1f53-8cc3-68ae75d90604, 595.91.07, P2, 53, 296.28 W, 100 %, 100 %, 21530 MiB, 24564 MiB, 2640 MHz, 10251 MHz
2026/09/13 12:19:40.680, NVIDIA GeForce RTX 4090, GPU-457328ff-6f8e-1f53-8cc3-68ae75d90604, 595.91.07, P2, 53, 289.17 W, 100 %, 100 %, 21530 MiB, 24564 MiB, 2640 MHz, 10251 MHz
2026/09/13 12:19:41.683, NVIDIA GeForce RTX 4090, GPU-457328ff-6f8e-1f53-8cc3-68ae75d90604, 595.91.07, P2, 53, 289.87 W, 100 %, 100 %, 21530 MiB, 24564 MiB, 2640 MHz, 10251 MHz
2026/09/13 12:19:42.686, NVIDIA GeForce RTX 4090, GPU-457328ff-6f8e-1f53-8cc3-68ae75d90604, 595.91.07, P2, 53, 290.79 W, 100 %, 100 %, 21530 MiB, 24564 MiB, 2640 MHz, 10251 MHz
2026/09/13 12:19:43.689, NVIDIA GeForce RTX 4090, GPU-457328ff-6f8e-1f53-8cc3-68ae75d90604, 595.91.07, P2, 53, 296.26 W, 100 %, 100 %, 21530 MiB, 24564 MiB, 2640 MHz, 10251 MHz
2026/09/13 12:19:44.691, NVIDIA GeForce RTX 4090, GPU-457328ff-6f8e-1f53-8cc3-68ae75d90604, 595.91.07, P2, 53, 290.36 W, 100 %, 100 %, 21530 MiB, 24564 MiB, 2640 MHz, 10251 MHz
2026/09/13 12:19:45.694, NVIDIA GeForce RTX 4090, GPU-457328ff-6f8e-1f53-8cc3-68ae75d90604, 595.91.07, P2, 53, 290.92 W, 100 %, 100 %, 21530 MiB, 24564 MiB, 2640 MHz, 10251 MHz
2026/09/13 12:19:46.696, NVIDIA GeForce RTX 4090, GPU-457328ff-6f8e-1f53-8cc3-68ae75d90604, 595.91.07, P2, 53, 296.82 W, 100 %, 100 %, 21530 MiB, 24564 MiB, 2640 MHz, 10251 MHz
2026/09/13 12:19:47.698, NVIDIA GeForce RTX 4090, GPU-457328ff-6f8e-1f53-8cc3-68ae75d90604, 595.91.07, P2, 53, 292.96 W, 100 %, 100 %, 21530 MiB, 24564 MiB, 2640 MHz, 10251 MHz
2026/09/13 12:19:48.700, NVIDIA GeForce RTX 4090, GPU-457328ff-6f8e-1f53-8cc3-68ae75d90604, 595.91.07, P2, 53, 296.84 W, 100 %, 100 %, 21530 MiB, 24564 MiB, 2640 MHz, 10251 MHz
2026/09/13 12:19:49.703, NVIDIA GeForce RTX 4090, GPU-457328ff-6f8e-1f53-8cc3-68ae75d90604, 595.91.07, P2, 53, 290.02 W, 100 %, 100 %, 21530 MiB, 24564 MiB, 2640 MHz, 10251 MHz
2026/09/13 12:19:50.705, NVIDIA GeForce RTX 4090, GPU-457328ff-6f8e-1f53-8cc3-68ae75d90604, 595.91.07, P2, 53, 284.64 W, 70 %, 74 %, 21530 MiB, 24564 MiB, 2640 MHz, 10251 MHz
2026/09/13 12:19:51.708, NVIDIA GeForce RTX 4090, GPU-457328ff-6f8e-1f53-8cc3-68ae75d90604, 595.91.07, P2, 53, 283.62 W, 100 %, 100 %, 21530 MiB, 24564 MiB, 2640 MHz, 10251 MHz
2026/09/13 12:19:52.710, NVIDIA GeForce RTX 4090, GPU-457328ff-6f8e-1f53-8cc3-68ae75d90604, 595.91.07, P2, 53, 290.36 W, 100 %, 100 %, 21530 MiB, 24564 MiB, 2640 MHz, 10251 MHz
2026/09/13 12:19:53.712, NVIDIA GeForce RTX 4090, GPU-457328ff-6f8e-1f53-8cc3-68ae75d90604, 595.91.07, P2, 53, 290.55 W, 100 %, 100 %, 21530 MiB, 24564 MiB, 2640 MHz, 10251 MHz
2026/09/13 12:19:54.715, NVIDIA GeForce RTX 4090, GPU-457328ff-6f8e-1f53-8cc3-68ae75d90604, 595.91.07, P2, 54, 294.47 W, 100 %, 100 %, 21530 MiB, 24564 MiB, 2640 MHz, 10251 MHz
2026/09/13 12:19:55.717, NVIDIA GeForce RTX 4090, GPU-457328ff-6f8e-1f53-8cc3-68ae75d90604, 595.91.07, P2, 54, 297.16 W, 100 %, 100 %, 21530 MiB, 24564 MiB, 2640 MHz, 10251 MHz
2026/09/13 12:19:56.719, NVIDIA GeForce RTX 4090, GPU-457328ff-6f8e-1f53-8cc3-68ae75d90604, 595.91.07, P2, 54, 296.93 W, 100 %, 100 %, 21530 MiB, 24564 MiB, 2640 MHz, 10251 MHz
2026/09/13 12:19:57.721, NVIDIA GeForce RTX 4090, GPU-457328ff-6f8e-1f53-8cc3-68ae75d90604, 595.91.07, P2, 54, 296.64 W, 100 %, 100 %, 21530 MiB, 24564 MiB, 2640 MHz, 10251 MHz
2026/09/13 12:19:58.723, NVIDIA GeForce RTX 4090, GPU-457328ff-6f8e-1f53-8cc3-68ae75d90604, 595.91.07, P2, 54, 296.58 W, 100 %, 100 %, 21530 MiB, 24564 MiB, 2640 MHz, 10251 MHz
2026/09/13 12:19:59.727, NVIDIA GeForce RTX 4090, GPU-457328ff-6f8e-1f53-8cc3-68ae75d90604, 595.91.07, P2, 54, 289.69 W, 100 %, 100 %, 21530 MiB, 24564 MiB, 2640 MHz, 10251 MHz
2026/09/13 12:20:00.729, NVIDIA GeForce RTX 4090, GPU-457328ff-6f8e-1f53-8cc3-68ae75d90604, 595.91.07, P2, 54, 297.39 W, 100 %, 100 %, 21530 MiB, 24564 MiB, 2640 MHz, 10251 MHz
2026/09/13 12:20:01.732, NVIDIA GeForce RTX 4090, GPU-457328ff-6f8e-1f53-8cc3-68ae75d90604, 595.91.07, P2, 54, 297.20 W, 100 %, 100 %, 21530 MiB, 24564 MiB, 2640 MHz, 10251 MHz
2026/09/13 12:20:02.734, NVIDIA GeForce RTX 4090, GPU-457328ff-6f8e-1f53-8cc3-68ae75d90604, 595.91.07, P2, 54, 288.29 W, 100 %, 100 %, 21532 MiB, 24564 MiB, 2640 MHz, 10251 MHz
2026/09/13 12:20:03.736, NVIDIA GeForce RTX 4090, GPU-457328ff-6f8e-1f53-8cc3-68ae75d90604, 595.91.07, P2, 54, 289.34 W, 61 %, 62 %, 21532 MiB, 24564 MiB, 2640 MHz, 10251 MHz
2026/09/13 12:20:04.738, NVIDIA GeForce RTX 4090, GPU-457328ff-6f8e-1f53-8cc3-68ae75d90604, 595.91.07, P2, 54, 285.02 W, 100 %, 100 %, 21532 MiB, 24564 MiB, 2640 MHz, 10251 MHz
2026/09/13 12:20:05.740, NVIDIA GeForce RTX 4090, GPU-457328ff-6f8e-1f53-8cc3-68ae75d90604, 595.91.07, P2, 54, 291.41 W, 100 %, 100 %, 21532 MiB, 24564 MiB, 2640 MHz, 10251 MHz
2026/09/13 12:20:06.743, NVIDIA GeForce RTX 4090, GPU-457328ff-6f8e-1f53-8cc3-68ae75d90604, 595.91.07, P2, 54, 290.28 W, 100 %, 100 %, 21532 MiB, 24564 MiB, 2640 MHz, 10251 MHz
2026/09/13 12:20:07.745, NVIDIA GeForce RTX 4090, GPU-457328ff-6f8e-1f53-8cc3-68ae75d90604, 595.91.07, P2, 54, 297.49 W, 100 %, 100 %, 21532 MiB, 24564 MiB, 2640 MHz, 10251 MHz
2026/09/13 12:20:08.748, NVIDIA GeForce RTX 4090, GPU-457328ff-6f8e-1f53-8cc3-68ae75d90604, 595.91.07, P2, 54, 297.87 W, 100 %, 100 %, 21532 MiB, 24564 MiB, 2640 MHz, 10251 MHz
2026/09/13 12:20:09.750, NVIDIA GeForce RTX 4090, GPU-457328ff-6f8e-1f53-8cc3-68ae75d90604, 595.91.07, P2, 54, 290.81 W, 100 %, 100 %, 21532 MiB, 24564 MiB, 2640 MHz, 10251 MHz
2026/09/13 12:20:10.752, NVIDIA GeForce RTX 4090, GPU-457328ff-6f8e-1f53-8cc3-68ae75d90604, 595.91.07, P2, 54, 291.80 W, 100 %, 100 %, 21532 MiB, 24564 MiB, 2640 MHz, 10251 MHz
2026/09/13 12:20:11.755, NVIDIA GeForce RTX 4090, GPU-457328ff-6f8e-1f53-8cc3-68ae75d90604, 595.91.07, P2, 54, 297.76 W, 100 %, 100 %, 21532 MiB, 24564 MiB, 2640 MHz, 10251 MHz
2026/09/13 12:20:12.757, NVIDIA GeForce RTX 4090, GPU-457328ff-6f8e-1f53-8cc3-68ae75d90604, 595.91.07, P2, 54, 291.79 W, 100 %, 100 %, 21532 MiB, 24564 MiB, 2640 MHz, 10251 MHz
2026/09/13 12:20:13.760, NVIDIA GeForce RTX 4090, GPU-457328ff-6f8e-1f53-8cc3-68ae75d90604, 595.91.07, P2, 54, 292.04 W, 100 %, 100 %, 21532 MiB, 24564 MiB, 2640 MHz, 10251 MHz
2026/09/13 12:20:14.762, NVIDIA GeForce RTX 4090, GPU-457328ff-6f8e-1f53-8cc3-68ae75d90604, 595.91.07, P2, 54, 297.71 W, 100 %, 100 %, 21532 MiB, 24564 MiB, 2640 MHz, 10251 MHz
2026/09/13 12:20:15.765, NVIDIA GeForce RTX 4090, GPU-457328ff-6f8e-1f53-8cc3-68ae75d90604, 595.91.07, P2, 54, 291.49 W, 100 %, 100 %, 21532 MiB, 24564 MiB, 2640 MHz, 10251 MHz
2026/09/13 12:20:16.767, NVIDIA GeForce RTX 4090, GPU-457328ff-6f8e-1f53-8cc3-68ae75d90604, 595.91.07, P2, 54, 291.50 W, 100 %, 100 %, 21532 MiB, 24564 MiB, 2640 MHz, 10251 MHz
2026/09/13 12:20:17.769, NVIDIA GeForce RTX 4090, GPU-457328ff-6f8e-1f53-8cc3-68ae75d90604, 595.91.07, P2, 54, 292.09 W, 100 %, 100 %, 21532 MiB, 24564 MiB, 2640 MHz, 10251 MHz
2026/09/13 12:20:18.772, NVIDIA GeForce RTX 4090, GPU-457328ff-6f8e-1f53-8cc3-68ae75d90604, 595.91.07, P2, 54, 292.92 W, 100 %, 100 %, 21532 MiB, 24564 MiB, 2640 MHz, 10251 MHz
2026/09/13 12:20:19.774, NVIDIA GeForce RTX 4090, GPU-457328ff-6f8e-1f53-8cc3-68ae75d90604, 595.91.07, P2, 54, 297.95 W, 100 %, 100 %, 21532 MiB, 24564 MiB, 2640 MHz, 10251 MHz
2026/09/13 12:20:20.776, NVIDIA GeForce RTX 4090, GPU-457328ff-6f8e-1f53-8cc3-68ae75d90604, 595.91.07, P2, 54, 291.90 W, 100 %, 100 %, 21532 MiB, 24564 MiB, 2640 MHz, 10251 MHz
2026/09/13 12:20:21.779, NVIDIA GeForce RTX 4090, GPU-457328ff-6f8e-1f53-8cc3-68ae75d90604, 595.91.07, P2, 54, 291.23 W, 63 %, 66 %, 21532 MiB, 24564 MiB, 2640 MHz, 10251 MHz
2026/09/13 12:20:22.781, NVIDIA GeForce RTX 4090, GPU-457328ff-6f8e-1f53-8cc3-68ae75d90604, 595.91.07, P2, 55, 282.98 W, 100 %, 100 %, 21532 MiB, 24564 MiB, 2640 MHz, 10251 MHz
2026/09/13 12:20:23.783, NVIDIA GeForce RTX 4090, GPU-457328ff-6f8e-1f53-8cc3-68ae75d90604, 595.91.07, P2, 54, 283.71 W, 60 %, 63 %, 21532 MiB, 24564 MiB, 2640 MHz, 10251 MHz
2026/09/13 12:20:24.786, NVIDIA GeForce RTX 4090, GPU-457328ff-6f8e-1f53-8cc3-68ae75d90604, 595.91.07, P2, 55, 289.61 W, 100 %, 100 %, 21532 MiB, 24564 MiB, 2640 MHz, 10251 MHz
2026/09/13 12:20:25.789, NVIDIA GeForce RTX 4090, GPU-457328ff-6f8e-1f53-8cc3-68ae75d90604, 595.91.07, P2, 55, 290.54 W, 100 %, 100 %, 21532 MiB, 24564 MiB, 2640 MHz, 10251 MHz
2026/09/13 12:20:26.791, NVIDIA GeForce RTX 4090, GPU-457328ff-6f8e-1f53-8cc3-68ae75d90604, 595.91.07, P2, 55, 292.06 W, 100 %, 100 %, 21532 MiB, 24564 MiB, 2640 MHz, 10251 MHz
2026/09/13 12:20:27.794, NVIDIA GeForce RTX 4090, GPU-457328ff-6f8e-1f53-8cc3-68ae75d90604, 595.91.07, P2, 55, 298.34 W, 100 %, 100 %, 21532 MiB, 24564 MiB, 2640 MHz, 10251 MHz
2026/09/13 12:20:28.796, NVIDIA GeForce RTX 4090, GPU-457328ff-6f8e-1f53-8cc3-68ae75d90604, 595.91.07, P2, 55, 292.33 W, 100 %, 100 %, 21532 MiB, 24564 MiB, 2640 MHz, 10251 MHz
2026/09/13 12:20:29.799, NVIDIA GeForce RTX 4090, GPU-457328ff-6f8e-1f53-8cc3-68ae75d90604, 595.91.07, P2, 55, 292.83 W, 100 %, 100 %, 21532 MiB, 24564 MiB, 2640 MHz, 10251 MHz
2026/09/13 12:20:30.801, NVIDIA GeForce RTX 4090, GPU-457328ff-6f8e-1f53-8cc3-68ae75d90604, 595.91.07, P2, 55, 298.38 W, 100 %, 100 %, 21532 MiB, 24564 MiB, 2640 MHz, 10251 MHz
2026/09/13 12:20:31.804, NVIDIA GeForce RTX 4090, GPU-457328ff-6f8e-1f53-8cc3-68ae75d90604, 595.91.07, P2, 55, 298.00 W, 100 %, 100 %, 21532 MiB, 24564 MiB, 2640 MHz, 10251 MHz
2026/09/13 12:20:32.806, NVIDIA GeForce RTX 4090, GPU-457328ff-6f8e-1f53-8cc3-68ae75d90604, 595.91.07, P2, 55, 294.20 W, 100 %, 100 %, 21532 MiB, 24564 MiB, 2640 MHz, 10251 MHz
2026/09/13 12:20:33.809, NVIDIA GeForce RTX 4090, GPU-457328ff-6f8e-1f53-8cc3-68ae75d90604, 595.91.07, P2, 55, 298.54 W, 100 %, 100 %, 21532 MiB, 24564 MiB, 2640 MHz, 10251 MHz
2026/09/13 12:20:34.811, NVIDIA GeForce RTX 4090, GPU-457328ff-6f8e-1f53-8cc3-68ae75d90604, 595.91.07, P2, 55, 298.30 W, 100 %, 100 %, 21532 MiB, 24564 MiB, 2640 MHz, 10251 MHz
2026/09/13 12:20:35.813, NVIDIA GeForce RTX 4090, GPU-457328ff-6f8e-1f53-8cc3-68ae75d90604, 595.91.07, P2, 55, 298.11 W, 100 %, 100 %, 21532 MiB, 24564 MiB, 2640 MHz, 10251 MHz
2026/09/13 12:20:36.816, NVIDIA GeForce RTX 4090, GPU-457328ff-6f8e-1f53-8cc3-68ae75d90604, 595.91.07, P2, 55, 288.57 W, 67 %, 67 %, 21532 MiB, 24564 MiB, 2640 MHz, 10251 MHz
2026/09/13 12:20:37.818, NVIDIA GeForce RTX 4090, GPU-457328ff-6f8e-1f53-8cc3-68ae75d90604, 595.91.07, P2, 55, 293.21 W, 100 %, 100 %, 21532 MiB, 24564 MiB, 2640 MHz, 10251 MHz
2026/09/13 12:20:38.821, NVIDIA GeForce RTX 4090, GPU-457328ff-6f8e-1f53-8cc3-68ae75d90604, 595.91.07, P2, 55, 291.24 W, 100 %, 100 %, 21532 MiB, 24564 MiB, 2640 MHz, 10251 MHz
2026/09/13 12:20:39.823, NVIDIA GeForce RTX 4090, GPU-457328ff-6f8e-1f53-8cc3-68ae75d90604, 595.91.07, P2, 55, 298.53 W, 100 %, 100 %, 21532 MiB, 24564 MiB, 2640 MHz, 10251 MHz
2026/09/13 12:20:40.826, NVIDIA GeForce RTX 4090, GPU-457328ff-6f8e-1f53-8cc3-68ae75d90604, 595.91.07, P2, 55, 298.60 W, 100 %, 100 %, 21532 MiB, 24564 MiB, 2640 MHz, 10251 MHz
2026/09/13 12:20:41.829, NVIDIA GeForce RTX 4090, GPU-457328ff-6f8e-1f53-8cc3-68ae75d90604, 595.91.07, P2, 55, 298.49 W, 100 %, 100 %, 21532 MiB, 24564 MiB, 2640 MHz, 10251 MHz
2026/09/13 12:20:42.832, NVIDIA GeForce RTX 4090, GPU-457328ff-6f8e-1f53-8cc3-68ae75d90604, 595.91.07, P2, 55, 298.51 W, 100 %, 100 %, 21532 MiB, 24564 MiB, 2640 MHz, 10251 MHz
2026/09/13 12:20:43.835, NVIDIA GeForce RTX 4090, GPU-457328ff-6f8e-1f53-8cc3-68ae75d90604, 595.91.07, P2, 55, 287.63 W, 100 %, 100 %, 21532 MiB, 24564 MiB, 2640 MHz, 10251 MHz
2026/09/13 12:20:44.838, NVIDIA GeForce RTX 4090, GPU-457328ff-6f8e-1f53-8cc3-68ae75d90604, 595.91.07, P2, 55, 292.24 W, 100 %, 100 %, 21532 MiB, 24564 MiB, 2640 MHz, 10251 MHz
2026/09/13 12:20:45.840, NVIDIA GeForce RTX 4090, GPU-457328ff-6f8e-1f53-8cc3-68ae75d90604, 595.91.07, P2, 55, 293.56 W, 100 %, 100 %, 21532 MiB, 24564 MiB, 2640 MHz, 10251 MHz
2026/09/13 12:20:46.842, NVIDIA GeForce RTX 4090, GPU-457328ff-6f8e-1f53-8cc3-68ae75d90604, 595.91.07, P2, 55, 293.68 W, 100 %, 100 %, 21532 MiB, 24564 MiB, 2640 MHz, 10251 MHz
2026/09/13 12:20:47.844, NVIDIA GeForce RTX 4090, GPU-457328ff-6f8e-1f53-8cc3-68ae75d90604, 595.91.07, P2, 54, 297.70 W, 90 %, 99 %, 21532 MiB, 24564 MiB, 2640 MHz, 10251 MHz
2026/09/13 12:20:48.846, NVIDIA GeForce RTX 4090, GPU-457328ff-6f8e-1f53-8cc3-68ae75d90604, 595.91.07, P2, 55, 292.14 W, 100 %, 100 %, 21532 MiB, 24564 MiB, 2640 MHz, 10251 MHz
2026/09/13 12:20:49.849, NVIDIA GeForce RTX 4090, GPU-457328ff-6f8e-1f53-8cc3-68ae75d90604, 595.91.07, P2, 55, 293.63 W, 100 %, 100 %, 21532 MiB, 24564 MiB, 2640 MHz, 10251 MHz
2026/09/13 12:20:50.851, NVIDIA GeForce RTX 4090, GPU-457328ff-6f8e-1f53-8cc3-68ae75d90604, 595.91.07, P2, 55, 292.47 W, 100 %, 100 %, 21532 MiB, 24564 MiB, 2640 MHz, 10251 MHz
2026/09/13 12:20:51.853, NVIDIA GeForce RTX 4090, GPU-457328ff-6f8e-1f53-8cc3-68ae75d90604, 595.91.07, P2, 55, 293.65 W, 100 %, 100 %, 21532 MiB, 24564 MiB, 2640 MHz, 10251 MHz
2026/09/13 12:20:52.856, NVIDIA GeForce RTX 4090, GPU-457328ff-6f8e-1f53-8cc3-68ae75d90604, 595.91.07, P2, 55, 284.07 W, 100 %, 100 %, 21532 MiB, 24564 MiB, 2640 MHz, 10251 MHz
2026/09/13 12:20:53.858, NVIDIA GeForce RTX 4090, GPU-457328ff-6f8e-1f53-8cc3-68ae75d90604, 595.91.07, P2, 55, 292.18 W, 88 %, 90 %, 21532 MiB, 24564 MiB, 2640 MHz, 10251 MHz
2026/09/13 12:20:54.861, NVIDIA GeForce RTX 4090, GPU-457328ff-6f8e-1f53-8cc3-68ae75d90604, 595.91.07, P2, 55, 291.51 W, 100 %, 100 %, 21532 MiB, 24564 MiB, 2640 MHz, 10251 MHz
2026/09/13 12:20:55.863, NVIDIA GeForce RTX 4090, GPU-457328ff-6f8e-1f53-8cc3-68ae75d90604, 595.91.07, P2, 55, 298.01 W, 100 %, 100 %, 21532 MiB, 24564 MiB, 2640 MHz, 10251 MHz
2026/09/13 12:20:56.865, NVIDIA GeForce RTX 4090, GPU-457328ff-6f8e-1f53-8cc3-68ae75d90604, 595.91.07, P2, 55, 291.63 W, 100 %, 100 %, 21532 MiB, 24564 MiB, 2640 MHz, 10251 MHz
2026/09/13 12:20:57.868, NVIDIA GeForce RTX 4090, GPU-457328ff-6f8e-1f53-8cc3-68ae75d90604, 595.91.07, P2, 55, 298.16 W, 100 %, 100 %, 21532 MiB, 24564 MiB, 2640 MHz, 10251 MHz
2026/09/13 12:20:58.870, NVIDIA GeForce RTX 4090, GPU-457328ff-6f8e-1f53-8cc3-68ae75d90604, 595.91.07, P2, 55, 298.70 W, 100 %, 100 %, 21532 MiB, 24564 MiB, 2640 MHz, 10251 MHz
2026/09/13 12:20:59.873, NVIDIA GeForce RTX 4090, GPU-457328ff-6f8e-1f53-8cc3-68ae75d90604, 595.91.07, P2, 55, 298.38 W, 100 %, 100 %, 21532 MiB, 24564 MiB, 2640 MHz, 10251 MHz
2026/09/13 12:21:00.876, NVIDIA GeForce RTX 4090, GPU-457328ff-6f8e-1f53-8cc3-68ae75d90604, 595.91.07, P2, 55, 298.01 W, 100 %, 100 %, 21532 MiB, 24564 MiB, 2640 MHz, 10251 MHz
2026/09/13 12:21:01.878, NVIDIA GeForce RTX 4090, GPU-457328ff-6f8e-1f53-8cc3-68ae75d90604, 595.91.07, P2, 55, 290.28 W, 100 %, 100 %, 21532 MiB, 24564 MiB, 2640 MHz, 10251 MHz
2026/09/13 12:21:02.880, NVIDIA GeForce RTX 4090, GPU-457328ff-6f8e-1f53-8cc3-68ae75d90604, 595.91.07, P2, 55, 293.41 W, 100 %, 100 %, 21532 MiB, 24564 MiB, 2640 MHz, 10251 MHz
2026/09/13 12:21:03.883, NVIDIA GeForce RTX 4090, GPU-457328ff-6f8e-1f53-8cc3-68ae75d90604, 595.91.07, P2, 55, 293.29 W, 65 %, 67 %, 21532 MiB, 24564 MiB, 2640 MHz, 10251 MHz
2026/09/13 12:21:04.885, NVIDIA GeForce RTX 4090, GPU-457328ff-6f8e-1f53-8cc3-68ae75d90604, 595.91.07, P2, 55, 293.75 W, 100 %, 100 %, 21532 MiB, 24564 MiB, 2640 MHz, 10251 MHz
2026/09/13 12:21:05.887, NVIDIA GeForce RTX 4090, GPU-457328ff-6f8e-1f53-8cc3-68ae75d90604, 595.91.07, P2, 55, 291.28 W, 100 %, 100 %, 21532 MiB, 24564 MiB, 2640 MHz, 10251 MHz
2026/09/13 12:21:06.890, NVIDIA GeForce RTX 4090, GPU-457328ff-6f8e-1f53-8cc3-68ae75d90604, 595.91.07, P2, 55, 298.27 W, 100 %, 100 %, 21532 MiB, 24564 MiB, 2640 MHz, 10251 MHz
2026/09/13 12:21:07.892, NVIDIA GeForce RTX 4090, GPU-457328ff-6f8e-1f53-8cc3-68ae75d90604, 595.91.07, P2, 55, 292.74 W, 100 %, 100 %, 21532 MiB, 24564 MiB, 2640 MHz, 10251 MHz
2026/09/13 12:21:08.894, NVIDIA GeForce RTX 4090, GPU-457328ff-6f8e-1f53-8cc3-68ae75d90604, 595.91.07, P2, 55, 298.13 W, 100 %, 100 %, 21532 MiB, 24564 MiB, 2640 MHz, 10251 MHz
2026/09/13 12:21:09.896, NVIDIA GeForce RTX 4090, GPU-457328ff-6f8e-1f53-8cc3-68ae75d90604, 595.91.07, P2, 55, 298.87 W, 100 %, 100 %, 21532 MiB, 24564 MiB, 2640 MHz, 10251 MHz
2026/09/13 12:21:10.898, NVIDIA GeForce RTX 4090, GPU-457328ff-6f8e-1f53-8cc3-68ae75d90604, 595.91.07, P2, 55, 298.57 W, 100 %, 100 %, 21532 MiB, 24564 MiB, 2640 MHz, 10251 MHz
2026/09/13 12:21:11.900, NVIDIA GeForce RTX 4090, GPU-457328ff-6f8e-1f53-8cc3-68ae75d90604, 595.91.07, P2, 55, 298.54 W, 100 %, 100 %, 21532 MiB, 24564 MiB, 2640 MHz, 10251 MHz
2026/09/13 12:21:12.902, NVIDIA GeForce RTX 4090, GPU-457328ff-6f8e-1f53-8cc3-68ae75d90604, 595.91.07, P2, 55, 286.79 W, 100 %, 100 %, 21532 MiB, 24564 MiB, 2640 MHz, 10251 MHz
2026/09/13 12:21:13.906, NVIDIA GeForce RTX 4090, GPU-457328ff-6f8e-1f53-8cc3-68ae75d90604, 595.91.07, P2, 55, 293.83 W, 100 %, 100 %, 21532 MiB, 24564 MiB, 2640 MHz, 10251 MHz
2026/09/13 12:21:14.908, NVIDIA GeForce RTX 4090, GPU-457328ff-6f8e-1f53-8cc3-68ae75d90604, 595.91.07, P2, 55, 298.90 W, 100 %, 100 %, 21532 MiB, 24564 MiB, 2640 MHz, 10251 MHz
2026/09/13 12:21:15.911, NVIDIA GeForce RTX 4090, GPU-457328ff-6f8e-1f53-8cc3-68ae75d90604, 595.91.07, P2, 55, 291.03 W, 100 %, 100 %, 21532 MiB, 24564 MiB, 2640 MHz, 10251 MHz
2026/09/13 12:21:16.912, NVIDIA GeForce RTX 4090, GPU-457328ff-6f8e-1f53-8cc3-68ae75d90604, 595.91.07, P2, 55, 291.98 W, 100 %, 100 %, 21532 MiB, 24564 MiB, 2640 MHz, 10251 MHz
2026/09/13 12:21:17.915, NVIDIA GeForce RTX 4090, GPU-457328ff-6f8e-1f53-8cc3-68ae75d90604, 595.91.07, P2, 55, 293.29 W, 100 %, 100 %, 21532 MiB, 24564 MiB, 2640 MHz, 10251 MHz
2026/09/13 12:21:18.917, NVIDIA GeForce RTX 4090, GPU-457328ff-6f8e-1f53-8cc3-68ae75d90604, 595.91.07, P2, 55, 294.60 W, 100 %, 100 %, 21532 MiB, 24564 MiB, 2640 MHz, 10251 MHz
2026/09/13 12:21:19.919, NVIDIA GeForce RTX 4090, GPU-457328ff-6f8e-1f53-8cc3-68ae75d90604, 595.91.07, P2, 55, 298.91 W, 100 %, 100 %, 21532 MiB, 24564 MiB, 2640 MHz, 10251 MHz
2026/09/13 12:21:20.922, NVIDIA GeForce RTX 4090, GPU-457328ff-6f8e-1f53-8cc3-68ae75d90604, 595.91.07, P2, 55, 299.16 W, 100 %, 100 %, 21532 MiB, 24564 MiB, 2640 MHz, 10251 MHz
2026/09/13 12:21:21.924, NVIDIA GeForce RTX 4090, GPU-457328ff-6f8e-1f53-8cc3-68ae75d90604, 595.91.07, P2, 55, 291.86 W, 100 %, 100 %, 21532 MiB, 24564 MiB, 2640 MHz, 10251 MHz
2026/09/13 12:21:22.926, NVIDIA GeForce RTX 4090, GPU-457328ff-6f8e-1f53-8cc3-68ae75d90604, 595.91.07, P2, 55, 291.78 W, 100 %, 100 %, 21532 MiB, 24564 MiB, 2640 MHz, 10251 MHz
2026/09/13 12:21:23.929, NVIDIA GeForce RTX 4090, GPU-457328ff-6f8e-1f53-8cc3-68ae75d90604, 595.91.07, P2, 55, 291.45 W, 100 %, 100 %, 21532 MiB, 24564 MiB, 2640 MHz, 10251 MHz
2026/09/13 12:21:24.931, NVIDIA GeForce RTX 4090, GPU-457328ff-6f8e-1f53-8cc3-68ae75d90604, 595.91.07, P2, 55, 294.42 W, 100 %, 100 %, 21532 MiB, 24564 MiB, 2640 MHz, 10251 MHz
2026/09/13 12:21:25.934, NVIDIA GeForce RTX 4090, GPU-457328ff-6f8e-1f53-8cc3-68ae75d90604, 595.91.07, P2, 55, 291.74 W, 100 %, 100 %, 21532 MiB, 24564 MiB, 2640 MHz, 10251 MHz
2026/09/13 12:21:26.936, NVIDIA GeForce RTX 4090, GPU-457328ff-6f8e-1f53-8cc3-68ae75d90604, 595.91.07, P2, 56, 298.25 W, 100 %, 100 %, 21532 MiB, 24564 MiB, 2640 MHz, 10251 MHz
2026/09/13 12:21:27.939, NVIDIA GeForce RTX 4090, GPU-457328ff-6f8e-1f53-8cc3-68ae75d90604, 595.91.07, P2, 56, 298.45 W, 100 %, 100 %, 21532 MiB, 24564 MiB, 2640 MHz, 10251 MHz
2026/09/13 12:21:28.941, NVIDIA GeForce RTX 4090, GPU-457328ff-6f8e-1f53-8cc3-68ae75d90604, 595.91.07, P2, 56, 298.60 W, 100 %, 100 %, 21532 MiB, 24564 MiB, 2640 MHz, 10251 MHz
2026/09/13 12:21:29.944, NVIDIA GeForce RTX 4090, GPU-457328ff-6f8e-1f53-8cc3-68ae75d90604, 595.91.07, P2, 56, 298.85 W, 100 %, 100 %, 21532 MiB, 24564 MiB, 2640 MHz, 10251 MHz
2026/09/13 12:21:30.946, NVIDIA GeForce RTX 4090, GPU-457328ff-6f8e-1f53-8cc3-68ae75d90604, 595.91.07, P2, 56, 288.38 W, 100 %, 100 %, 21532 MiB, 24564 MiB, 2640 MHz, 10251 MHz
2026/09/13 12:21:31.949, NVIDIA GeForce RTX 4090, GPU-457328ff-6f8e-1f53-8cc3-68ae75d90604, 595.91.07, P2, 56, 298.64 W, 100 %, 100 %, 21532 MiB, 24564 MiB, 2640 MHz, 10251 MHz
2026/09/13 12:21:32.951, NVIDIA GeForce RTX 4090, GPU-457328ff-6f8e-1f53-8cc3-68ae75d90604, 595.91.07, P2, 56, 286.13 W, 100 %, 100 %, 21532 MiB, 24564 MiB, 2640 MHz, 10251 MHz
2026/09/13 12:21:33.953, NVIDIA GeForce RTX 4090, GPU-457328ff-6f8e-1f53-8cc3-68ae75d90604, 595.91.07, P2, 56, 299.27 W, 100 %, 100 %, 21532 MiB, 24564 MiB, 2640 MHz, 10251 MHz
2026/09/13 12:21:34.956, NVIDIA GeForce RTX 4090, GPU-457328ff-6f8e-1f53-8cc3-68ae75d90604, 595.91.07, P2, 56, 297.48 W, 100 %, 100 %, 21532 MiB, 24564 MiB, 2640 MHz, 10251 MHz
2026/09/13 12:21:35.958, NVIDIA GeForce RTX 4090, GPU-457328ff-6f8e-1f53-8cc3-68ae75d90604, 595.91.07, P2, 56, 299.10 W, 100 %, 100 %, 21532 MiB, 24564 MiB, 2640 MHz, 10251 MHz
2026/09/13 12:21:36.961, NVIDIA GeForce RTX 4090, GPU-457328ff-6f8e-1f53-8cc3-68ae75d90604, 595.91.07, P2, 56, 293.59 W, 100 %, 100 %, 21532 MiB, 24564 MiB, 2640 MHz, 10251 MHz
2026/09/13 12:21:37.963, NVIDIA GeForce RTX 4090, GPU-457328ff-6f8e-1f53-8cc3-68ae75d90604, 595.91.07, P2, 56, 298.65 W, 100 %, 100 %, 21532 MiB, 24564 MiB, 2640 MHz, 10251 MHz
2026/09/13 12:21:38.965, NVIDIA GeForce RTX 4090, GPU-457328ff-6f8e-1f53-8cc3-68ae75d90604, 595.91.07, P2, 56, 298.23 W, 100 %, 100 %, 21532 MiB, 24564 MiB, 2640 MHz, 10251 MHz
2026/09/13 12:21:39.968, NVIDIA GeForce RTX 4090, GPU-457328ff-6f8e-1f53-8cc3-68ae75d90604, 595.91.07, P2, 56, 297.03 W, 87 %, 89 %, 21532 MiB, 24564 MiB, 2640 MHz, 10251 MHz
2026/09/13 12:21:40.969, NVIDIA GeForce RTX 4090, GPU-457328ff-6f8e-1f53-8cc3-68ae75d90604, 595.91.07, P2, 56, 298.93 W, 100 %, 100 %, 21532 MiB, 24564 MiB, 2640 MHz, 10251 MHz
2026/09/13 12:21:41.971, NVIDIA GeForce RTX 4090, GPU-457328ff-6f8e-1f53-8cc3-68ae75d90604, 595.91.07, P2, 56, 290.16 W, 100 %, 100 %, 21532 MiB, 24564 MiB, 2640 MHz, 10251 MHz
2026/09/13 12:21:42.973, NVIDIA GeForce RTX 4090, GPU-457328ff-6f8e-1f53-8cc3-68ae75d90604, 595.91.07, P2, 56, 292.43 W, 100 %, 100 %, 21532 MiB, 24564 MiB, 2640 MHz, 10251 MHz
2026/09/13 12:21:43.976, NVIDIA GeForce RTX 4090, GPU-457328ff-6f8e-1f53-8cc3-68ae75d90604, 595.91.07, P2, 56, 293.20 W, 100 %, 100 %, 21532 MiB, 24564 MiB, 2640 MHz, 10251 MHz
2026/09/13 12:21:44.978, NVIDIA GeForce RTX 4090, GPU-457328ff-6f8e-1f53-8cc3-68ae75d90604, 595.91.07, P2, 56, 293.69 W, 100 %, 100 %, 21532 MiB, 24564 MiB, 2640 MHz, 10251 MHz
2026/09/13 12:21:45.980, NVIDIA GeForce RTX 4090, GPU-457328ff-6f8e-1f53-8cc3-68ae75d90604, 595.91.07, P2, 57, 292.96 W, 86 %, 87 %, 21532 MiB, 24564 MiB, 2640 MHz, 10251 MHz
2026/09/13 12:21:46.982, NVIDIA GeForce RTX 4090, GPU-457328ff-6f8e-1f53-8cc3-68ae75d90604, 595.91.07, P2, 56, 296.20 W, 100 %, 100 %, 21532 MiB, 24564 MiB, 2640 MHz, 10251 MHz
2026/09/13 12:21:47.984, NVIDIA GeForce RTX 4090, GPU-457328ff-6f8e-1f53-8cc3-68ae75d90604, 595.91.07, P2, 56, 294.74 W, 98 %, 100 %, 21532 MiB, 24564 MiB, 2640 MHz, 10251 MHz
2026/09/13 12:21:48.986, NVIDIA GeForce RTX 4090, GPU-457328ff-6f8e-1f53-8cc3-68ae75d90604, 595.91.07, P2, 56, 299.29 W, 100 %, 100 %, 21532 MiB, 24564 MiB, 2640 MHz, 10251 MHz
2026/09/13 12:21:49.988, NVIDIA GeForce RTX 4090, GPU-457328ff-6f8e-1f53-8cc3-68ae75d90604, 595.91.07, P2, 56, 294.13 W, 100 %, 100 %, 21532 MiB, 24564 MiB, 2640 MHz, 10251 MHz
2026/09/13 12:21:50.989, NVIDIA GeForce RTX 4090, GPU-457328ff-6f8e-1f53-8cc3-68ae75d90604, 595.91.07, P2, 56, 292.93 W, 100 %, 100 %, 21532 MiB, 24564 MiB, 2640 MHz, 10251 MHz
2026/09/13 12:21:51.991, NVIDIA GeForce RTX 4090, GPU-457328ff-6f8e-1f53-8cc3-68ae75d90604, 595.91.07, P2, 56, 299.31 W, 100 %, 100 %, 21532 MiB, 24564 MiB, 2640 MHz, 10251 MHz
2026/09/13 12:21:52.993, NVIDIA GeForce RTX 4090, GPU-457328ff-6f8e-1f53-8cc3-68ae75d90604, 595.91.07, P2, 56, 292.30 W, 84 %, 92 %, 21532 MiB, 24564 MiB, 2640 MHz, 10251 MHz
2026/09/13 12:21:53.996, NVIDIA GeForce RTX 4090, GPU-457328ff-6f8e-1f53-8cc3-68ae75d90604, 595.91.07, P2, 56, 294.68 W, 100 %, 100 %, 21532 MiB, 24564 MiB, 2640 MHz, 10251 MHz
2026/09/13 12:21:54.998, NVIDIA GeForce RTX 4090, GPU-457328ff-6f8e-1f53-8cc3-68ae75d90604, 595.91.07, P2, 56, 289.07 W, 100 %, 100 %, 21532 MiB, 24564 MiB, 2640 MHz, 10251 MHz
2026/09/13 12:21:55.999, NVIDIA GeForce RTX 4090, GPU-457328ff-6f8e-1f53-8cc3-68ae75d90604, 595.91.07, P2, 56, 294.16 W, 100 %, 100 %, 21532 MiB, 24564 MiB, 2640 MHz, 10251 MHz
2026/09/13 12:21:57.002, NVIDIA GeForce RTX 4090, GPU-457328ff-6f8e-1f53-8cc3-68ae75d90604, 595.91.07, P2, 56, 299.55 W, 100 %, 100 %, 21532 MiB, 24564 MiB, 2640 MHz, 10251 MHz
2026/09/13 12:21:58.004, NVIDIA GeForce RTX 4090, GPU-457328ff-6f8e-1f53-8cc3-68ae75d90604, 595.91.07, P2, 56, 293.94 W, 100 %, 100 %, 21532 MiB, 24564 MiB, 2640 MHz, 10251 MHz
2026/09/13 12:21:59.006, NVIDIA GeForce RTX 4090, GPU-457328ff-6f8e-1f53-8cc3-68ae75d90604, 595.91.07, P2, 56, 299.51 W, 100 %, 100 %, 21532 MiB, 24564 MiB, 2640 MHz, 10251 MHz
2026/09/13 12:22:00.007, NVIDIA GeForce RTX 4090, GPU-457328ff-6f8e-1f53-8cc3-68ae75d90604, 595.91.07, P2, 56, 299.64 W, 100 %, 100 %, 21532 MiB, 24564 MiB, 2640 MHz, 10251 MHz
2026/09/13 12:22:01.009, NVIDIA GeForce RTX 4090, GPU-457328ff-6f8e-1f53-8cc3-68ae75d90604, 595.91.07, P2, 56, 298.90 W, 100 %, 100 %, 21532 MiB, 24564 MiB, 2640 MHz, 10251 MHz
2026/09/13 12:22:02.012, NVIDIA GeForce RTX 4090, GPU-457328ff-6f8e-1f53-8cc3-68ae75d90604, 595.91.07, P2, 56, 298.54 W, 100 %, 100 %, 21532 MiB, 24564 MiB, 2640 MHz, 10251 MHz
2026/09/13 12:22:03.013, NVIDIA GeForce RTX 4090, GPU-457328ff-6f8e-1f53-8cc3-68ae75d90604, 595.91.07, P2, 56, 291.44 W, 100 %, 100 %, 21532 MiB, 24564 MiB, 2640 MHz, 10251 MHz
2026/09/13 12:22:04.015, NVIDIA GeForce RTX 4090, GPU-457328ff-6f8e-1f53-8cc3-68ae75d90604, 595.91.07, P2, 56, 294.70 W, 100 %, 100 %, 21532 MiB, 24564 MiB, 2640 MHz, 10251 MHz
2026/09/13 12:22:05.017, NVIDIA GeForce RTX 4090, GPU-457328ff-6f8e-1f53-8cc3-68ae75d90604, 595.91.07, P2, 56, 294.84 W, 63 %, 58 %, 21532 MiB, 24564 MiB, 2640 MHz, 10251 MHz
2026/09/13 12:22:06.018, NVIDIA GeForce RTX 4090, GPU-457328ff-6f8e-1f53-8cc3-68ae75d90604, 595.91.07, P2, 56, 294.52 W, 100 %, 100 %, 21532 MiB, 24564 MiB, 2640 MHz, 10251 MHz
2026/09/13 12:22:07.020, NVIDIA GeForce RTX 4090, GPU-457328ff-6f8e-1f53-8cc3-68ae75d90604, 595.91.07, P2, 56, 299.18 W, 100 %, 100 %, 21532 MiB, 24564 MiB, 2640 MHz, 10251 MHz
2026/09/13 12:22:08.023, NVIDIA GeForce RTX 4090, GPU-457328ff-6f8e-1f53-8cc3-68ae75d90604, 595.91.07, P2, 56, 297.34 W, 100 %, 100 %, 21532 MiB, 24564 MiB, 2640 MHz, 10251 MHz
2026/09/13 12:22:09.025, NVIDIA GeForce RTX 4090, GPU-457328ff-6f8e-1f53-8cc3-68ae75d90604, 595.91.07, P2, 56, 299.32 W, 100 %, 100 %, 21532 MiB, 24564 MiB, 2640 MHz, 10251 MHz
2026/09/13 12:22:10.027, NVIDIA GeForce RTX 4090, GPU-457328ff-6f8e-1f53-8cc3-68ae75d90604, 595.91.07, P2, 56, 299.10 W, 100 %, 100 %, 21532 MiB, 24564 MiB, 2640 MHz, 10251 MHz
2026/09/13 12:22:11.028, NVIDIA GeForce RTX 4090, GPU-457328ff-6f8e-1f53-8cc3-68ae75d90604, 595.91.07, P2, 56, 294.52 W, 100 %, 100 %, 21532 MiB, 24564 MiB, 2640 MHz, 10251 MHz
2026/09/13 12:22:12.029, NVIDIA GeForce RTX 4090, GPU-457328ff-6f8e-1f53-8cc3-68ae75d90604, 595.91.07, P2, 56, 299.12 W, 100 %, 100 %, 21532 MiB, 24564 MiB, 2640 MHz, 10251 MHz
2026/09/13 12:22:13.032, NVIDIA GeForce RTX 4090, GPU-457328ff-6f8e-1f53-8cc3-68ae75d90604, 595.91.07, P2, 55, 290.76 W, 99 %, 100 %, 21532 MiB, 24564 MiB, 2640 MHz, 10251 MHz
2026/09/13 12:22:14.033, NVIDIA GeForce RTX 4090, GPU-457328ff-6f8e-1f53-8cc3-68ae75d90604, 595.91.07, P2, 56, 292.83 W, 100 %, 100 %, 21532 MiB, 24564 MiB, 2640 MHz, 10251 MHz
2026/09/13 12:22:15.035, NVIDIA GeForce RTX 4090, GPU-457328ff-6f8e-1f53-8cc3-68ae75d90604, 595.91.07, P2, 56, 292.11 W, 100 %, 100 %, 21532 MiB, 24564 MiB, 2640 MHz, 10251 MHz
2026/09/13 12:22:16.037, NVIDIA GeForce RTX 4090, GPU-457328ff-6f8e-1f53-8cc3-68ae75d90604, 595.91.07, P2, 56, 292.38 W, 100 %, 100 %, 21532 MiB, 24564 MiB, 2640 MHz, 10251 MHz
2026/09/13 12:22:17.039, NVIDIA GeForce RTX 4090, GPU-457328ff-6f8e-1f53-8cc3-68ae75d90604, 595.91.07, P2, 56, 293.85 W, 100 %, 100 %, 21532 MiB, 24564 MiB, 2640 MHz, 10251 MHz
2026/09/13 12:22:18.041, NVIDIA GeForce RTX 4090, GPU-457328ff-6f8e-1f53-8cc3-68ae75d90604, 595.91.07, P2, 56, 299.48 W, 100 %, 100 %, 21532 MiB, 24564 MiB, 2640 MHz, 10251 MHz
2026/09/13 12:22:19.042, NVIDIA GeForce RTX 4090, GPU-457328ff-6f8e-1f53-8cc3-68ae75d90604, 595.91.07, P2, 56, 299.48 W, 100 %, 100 %, 21532 MiB, 24564 MiB, 2640 MHz, 10251 MHz
2026/09/13 12:22:20.044, NVIDIA GeForce RTX 4090, GPU-457328ff-6f8e-1f53-8cc3-68ae75d90604, 595.91.07, P2, 56, 293.60 W, 100 %, 100 %, 21532 MiB, 24564 MiB, 2640 MHz, 10251 MHz
2026/09/13 12:22:21.046, NVIDIA GeForce RTX 4090, GPU-457328ff-6f8e-1f53-8cc3-68ae75d90604, 595.91.07, P2, 56, 294.46 W, 100 %, 100 %, 21532 MiB, 24564 MiB, 2640 MHz, 10251 MHz
2026/09/13 12:22:22.048, NVIDIA GeForce RTX 4090, GPU-457328ff-6f8e-1f53-8cc3-68ae75d90604, 595.91.07, P2, 56, 299.56 W, 100 %, 100 %, 21532 MiB, 24564 MiB, 2640 MHz, 10251 MHz
2026/09/13 12:22:23.050, NVIDIA GeForce RTX 4090, GPU-457328ff-6f8e-1f53-8cc3-68ae75d90604, 595.91.07, P2, 56, 299.48 W, 100 %, 100 %, 21532 MiB, 24564 MiB, 2640 MHz, 10251 MHz
2026/09/13 12:22:24.052, NVIDIA GeForce RTX 4090, GPU-457328ff-6f8e-1f53-8cc3-68ae75d90604, 595.91.07, P2, 56, 299.24 W, 100 %, 100 %, 21532 MiB, 24564 MiB, 2640 MHz, 10251 MHz
2026/09/13 12:22:25.053, NVIDIA GeForce RTX 4090, GPU-457328ff-6f8e-1f53-8cc3-68ae75d90604, 595.91.07, P2, 56, 299.01 W, 100 %, 100 %, 21532 MiB, 24564 MiB, 2640 MHz, 10251 MHz
2026/09/13 12:22:26.055, NVIDIA GeForce RTX 4090, GPU-457328ff-6f8e-1f53-8cc3-68ae75d90604, 595.91.07, P2, 56, 289.27 W, 100 %, 100 %, 21532 MiB, 24564 MiB, 2640 MHz, 10251 MHz
2026/09/13 12:22:27.057, NVIDIA GeForce RTX 4090, GPU-457328ff-6f8e-1f53-8cc3-68ae75d90604, 595.91.07, P2, 56, 291.63 W, 100 %, 100 %, 21532 MiB, 24564 MiB, 2640 MHz, 10251 MHz
2026/09/13 12:22:28.059, NVIDIA GeForce RTX 4090, GPU-457328ff-6f8e-1f53-8cc3-68ae75d90604, 595.91.07, P2, 56, 292.44 W, 100 %, 100 %, 21532 MiB, 24564 MiB, 2640 MHz, 10251 MHz
2026/09/13 12:22:29.061, NVIDIA GeForce RTX 4090, GPU-457328ff-6f8e-1f53-8cc3-68ae75d90604, 595.91.07, P2, 56, 294.18 W, 100 %, 100 %, 21532 MiB, 24564 MiB, 2640 MHz, 10251 MHz
2026/09/13 12:22:30.063, NVIDIA GeForce RTX 4090, GPU-457328ff-6f8e-1f53-8cc3-68ae75d90604, 595.91.07, P2, 56, 292.75 W, 100 %, 100 %, 21532 MiB, 24564 MiB, 2640 MHz, 10251 MHz
2026/09/13 12:22:31.066, NVIDIA GeForce RTX 4090, GPU-457328ff-6f8e-1f53-8cc3-68ae75d90604, 595.91.07, P2, 56, 293.68 W, 100 %, 100 %, 21532 MiB, 24564 MiB, 2640 MHz, 10251 MHz
2026/09/13 12:22:32.068, NVIDIA GeForce RTX 4090, GPU-457328ff-6f8e-1f53-8cc3-68ae75d90604, 595.91.07, P2, 56, 293.72 W, 100 %, 100 %, 21532 MiB, 24564 MiB, 2640 MHz, 10251 MHz
2026/09/13 12:22:33.070, NVIDIA GeForce RTX 4090, GPU-457328ff-6f8e-1f53-8cc3-68ae75d90604, 595.91.07, P2, 56, 299.71 W, 100 %, 100 %, 21532 MiB, 24564 MiB, 2640 MHz, 10251 MHz
2026/09/13 12:22:34.072, NVIDIA GeForce RTX 4090, GPU-457328ff-6f8e-1f53-8cc3-68ae75d90604, 595.91.07, P2, 56, 295.23 W, 100 %, 100 %, 21532 MiB, 24564 MiB, 2640 MHz, 10251 MHz
2026/09/13 12:22:35.076, NVIDIA GeForce RTX 4090, GPU-457328ff-6f8e-1f53-8cc3-68ae75d90604, 595.91.07, P2, 56, 294.15 W, 99 %, 100 %, 21532 MiB, 24564 MiB, 2640 MHz, 10251 MHz
2026/09/13 12:22:36.078, NVIDIA GeForce RTX 4090, GPU-457328ff-6f8e-1f53-8cc3-68ae75d90604, 595.91.07, P2, 56, 299.77 W, 100 %, 100 %, 21532 MiB, 24564 MiB, 2640 MHz, 10251 MHz
2026/09/13 12:22:37.080, NVIDIA GeForce RTX 4090, GPU-457328ff-6f8e-1f53-8cc3-68ae75d90604, 595.91.07, P2, 56, 288.71 W, 100 %, 100 %, 21532 MiB, 24564 MiB, 2640 MHz, 10251 MHz
2026/09/13 12:22:38.082, NVIDIA GeForce RTX 4090, GPU-457328ff-6f8e-1f53-8cc3-68ae75d90604, 595.91.07, P2, 56, 298.95 W, 100 %, 100 %, 21532 MiB, 24564 MiB, 2640 MHz, 10251 MHz
2026/09/13 12:22:39.084, NVIDIA GeForce RTX 4090, GPU-457328ff-6f8e-1f53-8cc3-68ae75d90604, 595.91.07, P2, 56, 294.09 W, 100 %, 100 %, 21532 MiB, 24564 MiB, 2640 MHz, 10251 MHz
2026/09/13 12:22:40.086, NVIDIA GeForce RTX 4090, GPU-457328ff-6f8e-1f53-8cc3-68ae75d90604, 595.91.07, P2, 56, 299.15 W, 100 %, 100 %, 21532 MiB, 24564 MiB, 2640 MHz, 10251 MHz
2026/09/13 12:22:41.088, NVIDIA GeForce RTX 4090, GPU-457328ff-6f8e-1f53-8cc3-68ae75d90604, 595.91.07, P2, 56, 299.42 W, 100 %, 100 %, 21532 MiB, 24564 MiB, 2640 MHz, 10251 MHz
2026/09/13 12:22:42.089, NVIDIA GeForce RTX 4090, GPU-457328ff-6f8e-1f53-8cc3-68ae75d90604, 595.91.07, P2, 56, 299.26 W, 100 %, 100 %, 21532 MiB, 24564 MiB, 2640 MHz, 10251 MHz
2026/09/13 12:22:43.091, NVIDIA GeForce RTX 4090, GPU-457328ff-6f8e-1f53-8cc3-68ae75d90604, 595.91.07, P2, 56, 299.28 W, 100 %, 100 %, 21532 MiB, 24564 MiB, 2640 MHz, 10251 MHz
2026/09/13 12:22:44.094, NVIDIA GeForce RTX 4090, GPU-457328ff-6f8e-1f53-8cc3-68ae75d90604, 595.91.07, P2, 56, 292.06 W, 100 %, 100 %, 21532 MiB, 24564 MiB, 2640 MHz, 10251 MHz
2026/09/13 12:22:45.096, NVIDIA GeForce RTX 4090, GPU-457328ff-6f8e-1f53-8cc3-68ae75d90604, 595.91.07, P2, 56, 297.45 W, 100 %, 100 %, 21532 MiB, 24564 MiB, 2640 MHz, 10251 MHz
2026/09/13 12:22:46.098, NVIDIA GeForce RTX 4090, GPU-457328ff-6f8e-1f53-8cc3-68ae75d90604, 595.91.07, P2, 53, 297.95 W, 89 %, 98 %, 21532 MiB, 24564 MiB, 2640 MHz, 10251 MHz
2026/09/13 12:22:47.101, NVIDIA GeForce RTX 4090, GPU-457328ff-6f8e-1f53-8cc3-68ae75d90604, 595.91.07, P2, 50, 106.42 W, 0 %, 0 %, 21532 MiB, 24564 MiB, 2640 MHz, 10251 MHz
2026/09/13 12:22:48.103, NVIDIA GeForce RTX 4090, GPU-457328ff-6f8e-1f53-8cc3-68ae75d90604, 595.91.07, P2, 49, 64.49 W, 0 %, 0 %, 21532 MiB, 24564 MiB, 2520 MHz, 10251 MHz
2026/09/13 12:22:49.104, NVIDIA GeForce RTX 4090, GPU-457328ff-6f8e-1f53-8cc3-68ae75d90604, 595.91.07, P2, 48, 60.29 W, 0 %, 0 %, 21532 MiB, 24564 MiB, 2520 MHz, 10251 MHz
2026/09/13 12:22:50.106, NVIDIA GeForce RTX 4090, GPU-457328ff-6f8e-1f53-8cc3-68ae75d90604, 595.91.07, P2, 48, 55.83 W, 0 %, 0 %, 21532 MiB, 24564 MiB, 2520 MHz, 10251 MHz
2026/09/13 12:22:51.108, NVIDIA GeForce RTX 4090, GPU-457328ff-6f8e-1f53-8cc3-68ae75d90604, 595.91.07, P2, 47, 55.53 W, 0 %, 0 %, 21532 MiB, 24564 MiB, 2520 MHz, 10251 MHz
2026/09/13 12:22:52.110, NVIDIA GeForce RTX 4090, GPU-457328ff-6f8e-1f53-8cc3-68ae75d90604, 595.91.07, P2, 47, 55.37 W, 0 %, 0 %, 21532 MiB, 24564 MiB, 2520 MHz, 10251 MHz
2026/09/13 12:22:53.112, NVIDIA GeForce RTX 4090, GPU-457328ff-6f8e-1f53-8cc3-68ae75d90604, 595.91.07, P2, 46, 55.23 W, 0 %, 0 %, 21532 MiB, 24564 MiB, 2520 MHz, 10251 MHz
2026/09/13 12:22:54.114, NVIDIA GeForce RTX 4090, GPU-457328ff-6f8e-1f53-8cc3-68ae75d90604, 595.91.07, P2, 46, 55.26 W, 0 %, 0 %, 21532 MiB, 24564 MiB, 2520 MHz, 10251 MHz
2026/09/13 12:22:55.116, NVIDIA GeForce RTX 4090, GPU-457328ff-6f8e-1f53-8cc3-68ae75d90604, 595.91.07, P2, 46, 55.24 W, 0 %, 0 %, 21532 MiB, 24564 MiB, 2520 MHz, 10251 MHz
2026/09/13 12:22:56.118, NVIDIA GeForce RTX 4090, GPU-457328ff-6f8e-1f53-8cc3-68ae75d90604, 595.91.07, P2, 45, 54.94 W, 0 %, 0 %, 21532 MiB, 24564 MiB, 2520 MHz, 10251 MHz
2026/09/13 12:22:57.120, NVIDIA GeForce RTX 4090, GPU-457328ff-6f8e-1f53-8cc3-68ae75d90604, 595.91.07, P2, 45, 54.76 W, 0 %, 0 %, 21532 MiB, 24564 MiB, 2520 MHz, 10251 MHz
2026/09/13 12:22:58.122, NVIDIA GeForce RTX 4090, GPU-457328ff-6f8e-1f53-8cc3-68ae75d90604, 595.91.07, P2, 45, 54.74 W, 0 %, 0 %, 21532 MiB, 24564 MiB, 2520 MHz, 10251 MHz
2026/09/13 12:22:59.124, NVIDIA GeForce RTX 4090, GPU-457328ff-6f8e-1f53-8cc3-68ae75d90604, 595.91.07, P2, 44, 54.74 W, 0 %, 0 %, 21532 MiB, 24564 MiB, 2520 MHz, 10251 MHz
2026/09/13 12:23:00.126, NVIDIA GeForce RTX 4090, GPU-457328ff-6f8e-1f53-8cc3-68ae75d90604, 595.91.07, P2, 44, 54.64 W, 0 %, 0 %, 21532 MiB, 24564 MiB, 2520 MHz, 10251 MHz
2026/09/13 12:23:01.128, NVIDIA GeForce RTX 4090, GPU-457328ff-6f8e-1f53-8cc3-68ae75d90604, 595.91.07, P2, 44, 54.47 W, 0 %, 0 %, 21532 MiB, 24564 MiB, 2520 MHz, 10251 MHz
2026/09/13 12:23:02.129, NVIDIA GeForce RTX 4090, GPU-457328ff-6f8e-1f53-8cc3-68ae75d90604, 595.91.07, P2, 44, 54.39 W, 0 %, 0 %, 21532 MiB, 24564 MiB, 2520 MHz, 10251 MHz
2026/09/13 12:23:03.131, NVIDIA GeForce RTX 4090, GPU-457328ff-6f8e-1f53-8cc3-68ae75d90604, 595.91.07, P2, 49, 98.69 W, 100 %, 100 %, 21532 MiB, 24564 MiB, 2655 MHz, 10251 MHz
2026/09/13 12:23:04.133, NVIDIA GeForce RTX 4090, GPU-457328ff-6f8e-1f53-8cc3-68ae75d90604, 595.91.07, P2, 50, 294.07 W, 100 %, 100 %, 21532 MiB, 24564 MiB, 2655 MHz, 10251 MHz
2026/09/13 12:23:05.136, NVIDIA GeForce RTX 4090, GPU-457328ff-6f8e-1f53-8cc3-68ae75d90604, 595.91.07, P2, 51, 294.96 W, 100 %, 100 %, 21532 MiB, 24564 MiB, 2655 MHz, 10251 MHz
2026/09/13 12:23:06.138, NVIDIA GeForce RTX 4090, GPU-457328ff-6f8e-1f53-8cc3-68ae75d90604, 595.91.07, P2, 51, 295.12 W, 100 %, 100 %, 21532 MiB, 24564 MiB, 2655 MHz, 10251 MHz
2026/09/13 12:23:07.142, NVIDIA GeForce RTX 4090, GPU-457328ff-6f8e-1f53-8cc3-68ae75d90604, 595.91.07, P2, 51, 294.98 W, 100 %, 100 %, 21532 MiB, 24564 MiB, 2655 MHz, 10251 MHz
2026/09/13 12:23:08.145, NVIDIA GeForce RTX 4090, GPU-457328ff-6f8e-1f53-8cc3-68ae75d90604, 595.91.07, P2, 51, 295.01 W, 100 %, 100 %, 21532 MiB, 24564 MiB, 2655 MHz, 10251 MHz
2026/09/13 12:23:09.147, NVIDIA GeForce RTX 4090, GPU-457328ff-6f8e-1f53-8cc3-68ae75d90604, 595.91.07, P2, 51, 295.54 W, 100 %, 100 %, 21532 MiB, 24564 MiB, 2655 MHz, 10251 MHz
2026/09/13 12:23:10.149, NVIDIA GeForce RTX 4090, GPU-457328ff-6f8e-1f53-8cc3-68ae75d90604, 595.91.07, P2, 52, 295.29 W, 100 %, 100 %, 21532 MiB, 24564 MiB, 2655 MHz, 10251 MHz
2026/09/13 12:23:11.151, NVIDIA GeForce RTX 4090, GPU-457328ff-6f8e-1f53-8cc3-68ae75d90604, 595.91.07, P2, 52, 294.98 W, 100 %, 100 %, 21532 MiB, 24564 MiB, 2655 MHz, 10251 MHz
2026/09/13 12:23:12.153, NVIDIA GeForce RTX 4090, GPU-457328ff-6f8e-1f53-8cc3-68ae75d90604, 595.91.07, P2, 52, 294.70 W, 100 %, 100 %, 21532 MiB, 24564 MiB, 2655 MHz, 10251 MHz
2026/09/13 12:23:13.156, NVIDIA GeForce RTX 4090, GPU-457328ff-6f8e-1f53-8cc3-68ae75d90604, 595.91.07, P2, 52, 294.88 W, 100 %, 100 %, 21532 MiB, 24564 MiB, 2655 MHz, 10251 MHz
2026/09/13 12:23:14.159, NVIDIA GeForce RTX 4090, GPU-457328ff-6f8e-1f53-8cc3-68ae75d90604, 595.91.07, P2, 52, 294.92 W, 100 %, 100 %, 21532 MiB, 24564 MiB, 2655 MHz, 10251 MHz
2026/09/13 12:23:15.161, NVIDIA GeForce RTX 4090, GPU-457328ff-6f8e-1f53-8cc3-68ae75d90604, 595.91.07, P2, 52, 295.24 W, 100 %, 100 %, 21532 MiB, 24564 MiB, 2655 MHz, 10251 MHz
2026/09/13 12:23:16.165, NVIDIA GeForce RTX 4090, GPU-457328ff-6f8e-1f53-8cc3-68ae75d90604, 595.91.07, P2, 52, 295.25 W, 100 %, 100 %, 21532 MiB, 24564 MiB, 2655 MHz, 10251 MHz
2026/09/13 12:23:17.167, NVIDIA GeForce RTX 4090, GPU-457328ff-6f8e-1f53-8cc3-68ae75d90604, 595.91.07, P2, 52, 295.03 W, 100 %, 100 %, 21532 MiB, 24564 MiB, 2655 MHz, 10251 MHz
2026/09/13 12:23:18.169, NVIDIA GeForce RTX 4090, GPU-457328ff-6f8e-1f53-8cc3-68ae75d90604, 595.91.07, P2, 53, 295.26 W, 100 %, 100 %, 21532 MiB, 24564 MiB, 2655 MHz, 10251 MHz
2026/09/13 12:23:19.171, NVIDIA GeForce RTX 4090, GPU-457328ff-6f8e-1f53-8cc3-68ae75d90604, 595.91.07, P2, 53, 287.82 W, 100 %, 100 %, 21532 MiB, 24564 MiB, 2640 MHz, 10251 MHz
2026/09/13 12:23:20.173, NVIDIA GeForce RTX 4090, GPU-457328ff-6f8e-1f53-8cc3-68ae75d90604, 595.91.07, P2, 53, 296.76 W, 100 %, 100 %, 21532 MiB, 24564 MiB, 2640 MHz, 10251 MHz
2026/09/13 12:23:21.175, NVIDIA GeForce RTX 4090, GPU-457328ff-6f8e-1f53-8cc3-68ae75d90604, 595.91.07, P2, 53, 296.90 W, 100 %, 100 %, 21532 MiB, 24564 MiB, 2640 MHz, 10251 MHz
2026/09/13 12:23:22.177, NVIDIA GeForce RTX 4090, GPU-457328ff-6f8e-1f53-8cc3-68ae75d90604, 595.91.07, P2, 53, 296.65 W, 100 %, 100 %, 21532 MiB, 24564 MiB, 2640 MHz, 10251 MHz
2026/09/13 12:23:23.180, NVIDIA GeForce RTX 4090, GPU-457328ff-6f8e-1f53-8cc3-68ae75d90604, 595.91.07, P2, 53, 296.03 W, 100 %, 100 %, 21532 MiB, 24564 MiB, 2640 MHz, 10251 MHz
2026/09/13 12:23:24.183, NVIDIA GeForce RTX 4090, GPU-457328ff-6f8e-1f53-8cc3-68ae75d90604, 595.91.07, P2, 53, 295.57 W, 100 %, 100 %, 21532 MiB, 24564 MiB, 2640 MHz, 10251 MHz
2026/09/13 12:23:25.186, NVIDIA GeForce RTX 4090, GPU-457328ff-6f8e-1f53-8cc3-68ae75d90604, 595.91.07, P2, 53, 295.66 W, 100 %, 100 %, 21532 MiB, 24564 MiB, 2640 MHz, 10251 MHz
2026/09/13 12:23:26.188, NVIDIA GeForce RTX 4090, GPU-457328ff-6f8e-1f53-8cc3-68ae75d90604, 595.91.07, P2, 53, 295.58 W, 100 %, 100 %, 21532 MiB, 24564 MiB, 2640 MHz, 10251 MHz
2026/09/13 12:23:27.190, NVIDIA GeForce RTX 4090, GPU-457328ff-6f8e-1f53-8cc3-68ae75d90604, 595.91.07, P2, 53, 295.41 W, 100 %, 100 %, 21532 MiB, 24564 MiB, 2640 MHz, 10251 MHz
2026/09/13 12:23:28.193, NVIDIA GeForce RTX 4090, GPU-457328ff-6f8e-1f53-8cc3-68ae75d90604, 595.91.07, P2, 53, 295.35 W, 100 %, 100 %, 21532 MiB, 24564 MiB, 2640 MHz, 10251 MHz
2026/09/13 12:23:29.195, NVIDIA GeForce RTX 4090, GPU-457328ff-6f8e-1f53-8cc3-68ae75d90604, 595.91.07, P2, 53, 295.43 W, 100 %, 100 %, 21532 MiB, 24564 MiB, 2640 MHz, 10251 MHz
2026/09/13 12:23:30.197, NVIDIA GeForce RTX 4090, GPU-457328ff-6f8e-1f53-8cc3-68ae75d90604, 595.91.07, P2, 53, 295.51 W, 100 %, 100 %, 21532 MiB, 24564 MiB, 2640 MHz, 10251 MHz
2026/09/13 12:23:31.200, NVIDIA GeForce RTX 4090, GPU-457328ff-6f8e-1f53-8cc3-68ae75d90604, 595.91.07, P2, 53, 295.55 W, 100 %, 100 %, 21532 MiB, 24564 MiB, 2640 MHz, 10251 MHz
2026/09/13 12:23:32.202, NVIDIA GeForce RTX 4090, GPU-457328ff-6f8e-1f53-8cc3-68ae75d90604, 595.91.07, P2, 53, 295.16 W, 100 %, 100 %, 21532 MiB, 24564 MiB, 2640 MHz, 10251 MHz
2026/09/13 12:23:33.205, NVIDIA GeForce RTX 4090, GPU-457328ff-6f8e-1f53-8cc3-68ae75d90604, 595.91.07, P2, 53, 295.04 W, 100 %, 100 %, 21532 MiB, 24564 MiB, 2640 MHz, 10251 MHz
2026/09/13 12:23:34.207, NVIDIA GeForce RTX 4090, GPU-457328ff-6f8e-1f53-8cc3-68ae75d90604, 595.91.07, P2, 53, 295.10 W, 100 %, 100 %, 21532 MiB, 24564 MiB, 2640 MHz, 10251 MHz
2026/09/13 12:23:35.209, NVIDIA GeForce RTX 4090, GPU-457328ff-6f8e-1f53-8cc3-68ae75d90604, 595.91.07, P2, 53, 294.78 W, 100 %, 100 %, 21532 MiB, 24564 MiB, 2640 MHz, 10251 MHz
2026/09/13 12:23:36.211, NVIDIA GeForce RTX 4090, GPU-457328ff-6f8e-1f53-8cc3-68ae75d90604, 595.91.07, P2, 53, 294.93 W, 100 %, 100 %, 21532 MiB, 24564 MiB, 2640 MHz, 10251 MHz
2026/09/13 12:23:37.214, NVIDIA GeForce RTX 4090, GPU-457328ff-6f8e-1f53-8cc3-68ae75d90604, 595.91.07, P2, 53, 295.06 W, 100 %, 100 %, 21532 MiB, 24564 MiB, 2640 MHz, 10251 MHz
2026/09/13 12:23:38.216, NVIDIA GeForce RTX 4090, GPU-457328ff-6f8e-1f53-8cc3-68ae75d90604, 595.91.07, P2, 53, 285.44 W, 100 %, 100 %, 21532 MiB, 24564 MiB, 2640 MHz, 10251 MHz
2026/09/13 12:23:39.219, NVIDIA GeForce RTX 4090, GPU-457328ff-6f8e-1f53-8cc3-68ae75d90604, 595.91.07, P2, 53, 297.14 W, 100 %, 100 %, 21532 MiB, 24564 MiB, 2640 MHz, 10251 MHz
2026/09/13 12:23:40.222, NVIDIA GeForce RTX 4090, GPU-457328ff-6f8e-1f53-8cc3-68ae75d90604, 595.91.07, P2, 53, 297.12 W, 100 %, 100 %, 21532 MiB, 24564 MiB, 2640 MHz, 10251 MHz
2026/09/13 12:23:41.224, NVIDIA GeForce RTX 4090, GPU-457328ff-6f8e-1f53-8cc3-68ae75d90604, 595.91.07, P2, 53, 297.41 W, 100 %, 100 %, 21532 MiB, 24564 MiB, 2640 MHz, 10251 MHz
2026/09/13 12:23:42.227, NVIDIA GeForce RTX 4090, GPU-457328ff-6f8e-1f53-8cc3-68ae75d90604, 595.91.07, P2, 53, 297.23 W, 100 %, 100 %, 21532 MiB, 24564 MiB, 2640 MHz, 10251 MHz
2026/09/13 12:23:43.230, NVIDIA GeForce RTX 4090, GPU-457328ff-6f8e-1f53-8cc3-68ae75d90604, 595.91.07, P2, 53, 296.83 W, 100 %, 100 %, 21532 MiB, 24564 MiB, 2640 MHz, 10251 MHz
2026/09/13 12:23:44.233, NVIDIA GeForce RTX 4090, GPU-457328ff-6f8e-1f53-8cc3-68ae75d90604, 595.91.07, P2, 53, 296.89 W, 100 %, 100 %, 21532 MiB, 24564 MiB, 2640 MHz, 10251 MHz
2026/09/13 12:23:45.235, NVIDIA GeForce RTX 4090, GPU-457328ff-6f8e-1f53-8cc3-68ae75d90604, 595.91.07, P2, 53, 296.09 W, 100 %, 100 %, 21532 MiB, 24564 MiB, 2640 MHz, 10251 MHz
2026/09/13 12:23:46.237, NVIDIA GeForce RTX 4090, GPU-457328ff-6f8e-1f53-8cc3-68ae75d90604, 595.91.07, P2, 53, 295.66 W, 100 %, 100 %, 21532 MiB, 24564 MiB, 2640 MHz, 10251 MHz
2026/09/13 12:23:47.240, NVIDIA GeForce RTX 4090, GPU-457328ff-6f8e-1f53-8cc3-68ae75d90604, 595.91.07, P2, 53, 295.53 W, 100 %, 100 %, 21532 MiB, 24564 MiB, 2640 MHz, 10251 MHz
2026/09/13 12:23:48.243, NVIDIA GeForce RTX 4090, GPU-457328ff-6f8e-1f53-8cc3-68ae75d90604, 595.91.07, P2, 53, 295.49 W, 100 %, 100 %, 21532 MiB, 24564 MiB, 2640 MHz, 10251 MHz
2026/09/13 12:23:49.245, NVIDIA GeForce RTX 4090, GPU-457328ff-6f8e-1f53-8cc3-68ae75d90604, 595.91.07, P2, 53, 295.29 W, 100 %, 100 %, 21532 MiB, 24564 MiB, 2640 MHz, 10251 MHz
2026/09/13 12:23:50.247, NVIDIA GeForce RTX 4090, GPU-457328ff-6f8e-1f53-8cc3-68ae75d90604, 595.91.07, P2, 53, 295.50 W, 100 %, 100 %, 21532 MiB, 24564 MiB, 2640 MHz, 10251 MHz
2026/09/13 12:23:51.249, NVIDIA GeForce RTX 4090, GPU-457328ff-6f8e-1f53-8cc3-68ae75d90604, 595.91.07, P2, 53, 295.46 W, 100 %, 100 %, 21532 MiB, 24564 MiB, 2640 MHz, 10251 MHz
2026/09/13 12:23:52.252, NVIDIA GeForce RTX 4090, GPU-457328ff-6f8e-1f53-8cc3-68ae75d90604, 595.91.07, P2, 53, 294.69 W, 100 %, 100 %, 21532 MiB, 24564 MiB, 2640 MHz, 10251 MHz
2026/09/13 12:23:53.255, NVIDIA GeForce RTX 4090, GPU-457328ff-6f8e-1f53-8cc3-68ae75d90604, 595.91.07, P2, 53, 294.58 W, 100 %, 100 %, 21532 MiB, 24564 MiB, 2640 MHz, 10251 MHz
2026/09/13 12:23:54.257, NVIDIA GeForce RTX 4090, GPU-457328ff-6f8e-1f53-8cc3-68ae75d90604, 595.91.07, P2, 53, 294.98 W, 100 %, 100 %, 21532 MiB, 24564 MiB, 2640 MHz, 10251 MHz
2026/09/13 12:23:55.259, NVIDIA GeForce RTX 4090, GPU-457328ff-6f8e-1f53-8cc3-68ae75d90604, 595.91.07, P2, 53, 294.88 W, 100 %, 100 %, 21532 MiB, 24564 MiB, 2640 MHz, 10251 MHz
2026/09/13 12:23:56.262, NVIDIA GeForce RTX 4090, GPU-457328ff-6f8e-1f53-8cc3-68ae75d90604, 595.91.07, P2, 53, 294.98 W, 100 %, 100 %, 21532 MiB, 24564 MiB, 2640 MHz, 10251 MHz
2026/09/13 12:23:57.264, NVIDIA GeForce RTX 4090, GPU-457328ff-6f8e-1f53-8cc3-68ae75d90604, 595.91.07, P2, 53, 295.29 W, 100 %, 100 %, 21532 MiB, 24564 MiB, 2640 MHz, 10251 MHz
2026/09/13 12:23:58.266, NVIDIA GeForce RTX 4090, GPU-457328ff-6f8e-1f53-8cc3-68ae75d90604, 595.91.07, P2, 53, 295.68 W, 100 %, 100 %, 21532 MiB, 24564 MiB, 2640 MHz, 10251 MHz
2026/09/13 12:23:59.269, NVIDIA GeForce RTX 4090, GPU-457328ff-6f8e-1f53-8cc3-68ae75d90604, 595.91.07, P2, 53, 296.06 W, 100 %, 100 %, 21532 MiB, 24564 MiB, 2640 MHz, 10251 MHz
2026/09/13 12:24:00.271, NVIDIA GeForce RTX 4090, GPU-457328ff-6f8e-1f53-8cc3-68ae75d90604, 595.91.07, P2, 53, 295.44 W, 100 %, 100 %, 21532 MiB, 24564 MiB, 2640 MHz, 10251 MHz
2026/09/13 12:24:01.273, NVIDIA GeForce RTX 4090, GPU-457328ff-6f8e-1f53-8cc3-68ae75d90604, 595.91.07, P2, 53, 295.26 W, 100 %, 100 %, 21532 MiB, 24564 MiB, 2640 MHz, 10251 MHz
2026/09/13 12:24:02.276, NVIDIA GeForce RTX 4090, GPU-457328ff-6f8e-1f53-8cc3-68ae75d90604, 595.91.07, P2, 53, 295.14 W, 100 %, 100 %, 21532 MiB, 24564 MiB, 2640 MHz, 10251 MHz
2026/09/13 12:24:03.279, NVIDIA GeForce RTX 4090, GPU-457328ff-6f8e-1f53-8cc3-68ae75d90604, 595.91.07, P2, 53, 295.04 W, 100 %, 100 %, 21532 MiB, 24564 MiB, 2640 MHz, 10251 MHz
2026/09/13 12:24:04.282, NVIDIA GeForce RTX 4090, GPU-457328ff-6f8e-1f53-8cc3-68ae75d90604, 595.91.07, P2, 53, 295.12 W, 100 %, 100 %, 21532 MiB, 24564 MiB, 2640 MHz, 10251 MHz
2026/09/13 12:24:05.284, NVIDIA GeForce RTX 4090, GPU-457328ff-6f8e-1f53-8cc3-68ae75d90604, 595.91.07, P2, 53, 294.97 W, 100 %, 100 %, 21532 MiB, 24564 MiB, 2640 MHz, 10251 MHz
2026/09/13 12:24:06.287, NVIDIA GeForce RTX 4090, GPU-457328ff-6f8e-1f53-8cc3-68ae75d90604, 595.91.07, P2, 53, 294.94 W, 100 %, 100 %, 21532 MiB, 24564 MiB, 2640 MHz, 10251 MHz
2026/09/13 12:24:07.290, NVIDIA GeForce RTX 4090, GPU-457328ff-6f8e-1f53-8cc3-68ae75d90604, 595.91.07, P2, 53, 294.99 W, 100 %, 100 %, 21532 MiB, 24564 MiB, 2640 MHz, 10251 MHz
2026/09/13 12:24:08.292, NVIDIA GeForce RTX 4090, GPU-457328ff-6f8e-1f53-8cc3-68ae75d90604, 595.91.07, P2, 53, 294.82 W, 100 %, 100 %, 21532 MiB, 24564 MiB, 2640 MHz, 10251 MHz
2026/09/13 12:24:09.294, NVIDIA GeForce RTX 4090, GPU-457328ff-6f8e-1f53-8cc3-68ae75d90604, 595.91.07, P2, 53, 295.16 W, 100 %, 100 %, 21532 MiB, 24564 MiB, 2640 MHz, 10251 MHz
2026/09/13 12:24:10.297, NVIDIA GeForce RTX 4090, GPU-457328ff-6f8e-1f53-8cc3-68ae75d90604, 595.91.07, P2, 53, 295.37 W, 100 %, 100 %, 21532 MiB, 24564 MiB, 2640 MHz, 10251 MHz
2026/09/13 12:24:11.299, NVIDIA GeForce RTX 4090, GPU-457328ff-6f8e-1f53-8cc3-68ae75d90604, 595.91.07, P2, 53, 295.52 W, 100 %, 100 %, 21532 MiB, 24564 MiB, 2640 MHz, 10251 MHz
2026/09/13 12:24:12.301, NVIDIA GeForce RTX 4090, GPU-457328ff-6f8e-1f53-8cc3-68ae75d90604, 595.91.07, P2, 53, 295.32 W, 100 %, 100 %, 21532 MiB, 24564 MiB, 2640 MHz, 10251 MHz
2026/09/13 12:24:13.302, NVIDIA GeForce RTX 4090, GPU-457328ff-6f8e-1f53-8cc3-68ae75d90604, 595.91.07, P2, 53, 295.29 W, 100 %, 100 %, 21532 MiB, 24564 MiB, 2640 MHz, 10251 MHz
2026/09/13 12:24:14.305, NVIDIA GeForce RTX 4090, GPU-457328ff-6f8e-1f53-8cc3-68ae75d90604, 595.91.07, P2, 53, 295.27 W, 100 %, 100 %, 21532 MiB, 24564 MiB, 2640 MHz, 10251 MHz
2026/09/13 12:24:15.307, NVIDIA GeForce RTX 4090, GPU-457328ff-6f8e-1f53-8cc3-68ae75d90604, 595.91.07, P2, 53, 294.88 W, 100 %, 100 %, 21532 MiB, 24564 MiB, 2640 MHz, 10251 MHz
2026/09/13 12:24:16.310, NVIDIA GeForce RTX 4090, GPU-457328ff-6f8e-1f53-8cc3-68ae75d90604, 595.91.07, P2, 53, 295.14 W, 100 %, 100 %, 21532 MiB, 24564 MiB, 2640 MHz, 10251 MHz
2026/09/13 12:24:17.312, NVIDIA GeForce RTX 4090, GPU-457328ff-6f8e-1f53-8cc3-68ae75d90604, 595.91.07, P2, 53, 294.58 W, 100 %, 100 %, 21532 MiB, 24564 MiB, 2640 MHz, 10251 MHz
2026/09/13 12:24:18.315, NVIDIA GeForce RTX 4090, GPU-457328ff-6f8e-1f53-8cc3-68ae75d90604, 595.91.07, P2, 53, 294.59 W, 100 %, 100 %, 21532 MiB, 24564 MiB, 2640 MHz, 10251 MHz
2026/09/13 12:24:19.317, NVIDIA GeForce RTX 4090, GPU-457328ff-6f8e-1f53-8cc3-68ae75d90604, 595.91.07, P2, 53, 284.15 W, 100 %, 100 %, 21532 MiB, 24564 MiB, 2640 MHz, 10251 MHz
2026/09/13 12:24:20.320, NVIDIA GeForce RTX 4090, GPU-457328ff-6f8e-1f53-8cc3-68ae75d90604, 595.91.07, P2, 53, 296.60 W, 100 %, 100 %, 21532 MiB, 24564 MiB, 2640 MHz, 10251 MHz
2026/09/13 12:24:21.322, NVIDIA GeForce RTX 4090, GPU-457328ff-6f8e-1f53-8cc3-68ae75d90604, 595.91.07, P2, 53, 296.75 W, 100 %, 100 %, 21532 MiB, 24564 MiB, 2640 MHz, 10251 MHz
2026/09/13 12:24:22.324, NVIDIA GeForce RTX 4090, GPU-457328ff-6f8e-1f53-8cc3-68ae75d90604, 595.91.07, P2, 53, 296.64 W, 100 %, 100 %, 21532 MiB, 24564 MiB, 2640 MHz, 10251 MHz
2026/09/13 12:24:23.326, NVIDIA GeForce RTX 4090, GPU-457328ff-6f8e-1f53-8cc3-68ae75d90604, 595.91.07, P2, 53, 296.47 W, 100 %, 100 %, 21532 MiB, 24564 MiB, 2640 MHz, 10251 MHz
2026/09/13 12:24:24.329, NVIDIA GeForce RTX 4090, GPU-457328ff-6f8e-1f53-8cc3-68ae75d90604, 595.91.07, P2, 53, 296.03 W, 100 %, 100 %, 21532 MiB, 24564 MiB, 2640 MHz, 10251 MHz
2026/09/13 12:24:25.331, NVIDIA GeForce RTX 4090, GPU-457328ff-6f8e-1f53-8cc3-68ae75d90604, 595.91.07, P2, 53, 295.73 W, 100 %, 100 %, 21532 MiB, 24564 MiB, 2640 MHz, 10251 MHz
2026/09/13 12:24:26.333, NVIDIA GeForce RTX 4090, GPU-457328ff-6f8e-1f53-8cc3-68ae75d90604, 595.91.07, P2, 53, 295.80 W, 100 %, 100 %, 21532 MiB, 24564 MiB, 2640 MHz, 10251 MHz
2026/09/13 12:24:27.335, NVIDIA GeForce RTX 4090, GPU-457328ff-6f8e-1f53-8cc3-68ae75d90604, 595.91.07, P2, 53, 295.63 W, 100 %, 100 %, 21532 MiB, 24564 MiB, 2640 MHz, 10251 MHz
2026/09/13 12:24:28.337, NVIDIA GeForce RTX 4090, GPU-457328ff-6f8e-1f53-8cc3-68ae75d90604, 595.91.07, P2, 53, 295.76 W, 100 %, 100 %, 21532 MiB, 24564 MiB, 2640 MHz, 10251 MHz
2026/09/13 12:24:29.340, NVIDIA GeForce RTX 4090, GPU-457328ff-6f8e-1f53-8cc3-68ae75d90604, 595.91.07, P2, 53, 295.83 W, 100 %, 100 %, 21532 MiB, 24564 MiB, 2640 MHz, 10251 MHz
2026/09/13 12:24:30.342, NVIDIA GeForce RTX 4090, GPU-457328ff-6f8e-1f53-8cc3-68ae75d90604, 595.91.07, P2, 53, 295.87 W, 100 %, 100 %, 21532 MiB, 24564 MiB, 2640 MHz, 10251 MHz
2026/09/13 12:24:31.345, NVIDIA GeForce RTX 4090, GPU-457328ff-6f8e-1f53-8cc3-68ae75d90604, 595.91.07, P2, 53, 295.43 W, 100 %, 100 %, 21532 MiB, 24564 MiB, 2640 MHz, 10251 MHz
2026/09/13 12:24:32.347, NVIDIA GeForce RTX 4090, GPU-457328ff-6f8e-1f53-8cc3-68ae75d90604, 595.91.07, P2, 53, 295.20 W, 100 %, 100 %, 21532 MiB, 24564 MiB, 2640 MHz, 10251 MHz
2026/09/13 12:24:33.350, NVIDIA GeForce RTX 4090, GPU-457328ff-6f8e-1f53-8cc3-68ae75d90604, 595.91.07, P2, 53, 295.03 W, 100 %, 100 %, 21532 MiB, 24564 MiB, 2640 MHz, 10251 MHz
2026/09/13 12:24:34.353, NVIDIA GeForce RTX 4090, GPU-457328ff-6f8e-1f53-8cc3-68ae75d90604, 595.91.07, P2, 53, 295.01 W, 100 %, 100 %, 21532 MiB, 24564 MiB, 2640 MHz, 10251 MHz
2026/09/13 12:24:35.355, NVIDIA GeForce RTX 4090, GPU-457328ff-6f8e-1f53-8cc3-68ae75d90604, 595.91.07, P2, 53, 294.71 W, 100 %, 100 %, 21532 MiB, 24564 MiB, 2640 MHz, 10251 MHz
2026/09/13 12:24:36.358, NVIDIA GeForce RTX 4090, GPU-457328ff-6f8e-1f53-8cc3-68ae75d90604, 595.91.07, P2, 53, 294.82 W, 100 %, 100 %, 21532 MiB, 24564 MiB, 2640 MHz, 10251 MHz
2026/09/13 12:24:37.361, NVIDIA GeForce RTX 4090, GPU-457328ff-6f8e-1f53-8cc3-68ae75d90604, 595.91.07, P2, 53, 294.64 W, 100 %, 100 %, 21532 MiB, 24564 MiB, 2640 MHz, 10251 MHz
2026/09/13 12:24:38.363, NVIDIA GeForce RTX 4090, GPU-457328ff-6f8e-1f53-8cc3-68ae75d90604, 595.91.07, P2, 53, 294.68 W, 100 %, 100 %, 21532 MiB, 24564 MiB, 2640 MHz, 10251 MHz
2026/09/13 12:24:39.366, NVIDIA GeForce RTX 4090, GPU-457328ff-6f8e-1f53-8cc3-68ae75d90604, 595.91.07, P2, 53, 294.58 W, 100 %, 100 %, 21532 MiB, 24564 MiB, 2640 MHz, 10251 MHz
2026/09/13 12:24:40.369, NVIDIA GeForce RTX 4090, GPU-457328ff-6f8e-1f53-8cc3-68ae75d90604, 595.91.07, P2, 53, 294.31 W, 100 %, 100 %, 21532 MiB, 24564 MiB, 2640 MHz, 10251 MHz
2026/09/13 12:24:41.371, NVIDIA GeForce RTX 4090, GPU-457328ff-6f8e-1f53-8cc3-68ae75d90604, 595.91.07, P2, 53, 294.31 W, 100 %, 100 %, 21532 MiB, 24564 MiB, 2640 MHz, 10251 MHz
2026/09/13 12:24:42.373, NVIDIA GeForce RTX 4090, GPU-457328ff-6f8e-1f53-8cc3-68ae75d90604, 595.91.07, P2, 53, 294.67 W, 100 %, 100 %, 21532 MiB, 24564 MiB, 2640 MHz, 10251 MHz
2026/09/13 12:24:43.376, NVIDIA GeForce RTX 4090, GPU-457328ff-6f8e-1f53-8cc3-68ae75d90604, 595.91.07, P2, 53, 294.90 W, 100 %, 100 %, 21532 MiB, 24564 MiB, 2640 MHz, 10251 MHz
2026/09/13 12:24:44.378, NVIDIA GeForce RTX 4090, GPU-457328ff-6f8e-1f53-8cc3-68ae75d90604, 595.91.07, P2, 53, 294.92 W, 100 %, 100 %, 21532 MiB, 24564 MiB, 2640 MHz, 10251 MHz
2026/09/13 12:24:45.381, NVIDIA GeForce RTX 4090, GPU-457328ff-6f8e-1f53-8cc3-68ae75d90604, 595.91.07, P2, 53, 294.53 W, 100 %, 100 %, 21532 MiB, 24564 MiB, 2640 MHz, 10251 MHz
2026/09/13 12:24:46.382, NVIDIA GeForce RTX 4090, GPU-457328ff-6f8e-1f53-8cc3-68ae75d90604, 595.91.07, P2, 53, 282.67 W, 100 %, 100 %, 21532 MiB, 24564 MiB, 2640 MHz, 10251 MHz
2026/09/13 12:24:47.385, NVIDIA GeForce RTX 4090, GPU-457328ff-6f8e-1f53-8cc3-68ae75d90604, 595.91.07, P2, 53, 295.83 W, 100 %, 100 %, 21532 MiB, 24564 MiB, 2640 MHz, 10251 MHz
2026/09/13 12:24:48.387, NVIDIA GeForce RTX 4090, GPU-457328ff-6f8e-1f53-8cc3-68ae75d90604, 595.91.07, P2, 53, 296.11 W, 100 %, 100 %, 21532 MiB, 24564 MiB, 2640 MHz, 10251 MHz
2026/09/13 12:24:49.390, NVIDIA GeForce RTX 4090, GPU-457328ff-6f8e-1f53-8cc3-68ae75d90604, 595.91.07, P2, 53, 295.98 W, 100 %, 100 %, 21532 MiB, 24564 MiB, 2640 MHz, 10251 MHz
2026/09/13 12:24:50.392, NVIDIA GeForce RTX 4090, GPU-457328ff-6f8e-1f53-8cc3-68ae75d90604, 595.91.07, P2, 53, 296.32 W, 100 %, 100 %, 21532 MiB, 24564 MiB, 2640 MHz, 10251 MHz
2026/09/13 12:24:51.395, NVIDIA GeForce RTX 4090, GPU-457328ff-6f8e-1f53-8cc3-68ae75d90604, 595.91.07, P2, 53, 296.17 W, 100 %, 100 %, 21532 MiB, 24564 MiB, 2640 MHz, 10251 MHz
2026/09/13 12:24:52.398, NVIDIA GeForce RTX 4090, GPU-457328ff-6f8e-1f53-8cc3-68ae75d90604, 595.91.07, P2, 53, 295.82 W, 100 %, 100 %, 21532 MiB, 24564 MiB, 2640 MHz, 10251 MHz
2026/09/13 12:24:53.401, NVIDIA GeForce RTX 4090, GPU-457328ff-6f8e-1f53-8cc3-68ae75d90604, 595.91.07, P2, 53, 295.84 W, 100 %, 100 %, 21532 MiB, 24564 MiB, 2640 MHz, 10251 MHz
2026/09/13 12:24:54.404, NVIDIA GeForce RTX 4090, GPU-457328ff-6f8e-1f53-8cc3-68ae75d90604, 595.91.07, P2, 53, 295.44 W, 100 %, 100 %, 21532 MiB, 24564 MiB, 2640 MHz, 10251 MHz
2026/09/13 12:24:55.407, NVIDIA GeForce RTX 4090, GPU-457328ff-6f8e-1f53-8cc3-68ae75d90604, 595.91.07, P2, 53, 295.43 W, 100 %, 100 %, 21532 MiB, 24564 MiB, 2640 MHz, 10251 MHz
2026/09/13 12:24:56.409, NVIDIA GeForce RTX 4090, GPU-457328ff-6f8e-1f53-8cc3-68ae75d90604, 595.91.07, P2, 53, 294.99 W, 100 %, 100 %, 21532 MiB, 24564 MiB, 2640 MHz, 10251 MHz
2026/09/13 12:24:57.412, NVIDIA GeForce RTX 4090, GPU-457328ff-6f8e-1f53-8cc3-68ae75d90604, 595.91.07, P2, 53, 294.91 W, 100 %, 100 %, 21532 MiB, 24564 MiB, 2640 MHz, 10251 MHz
2026/09/13 12:24:58.415, NVIDIA GeForce RTX 4090, GPU-457328ff-6f8e-1f53-8cc3-68ae75d90604, 595.91.07, P2, 53, 294.88 W, 100 %, 100 %, 21532 MiB, 24564 MiB, 2640 MHz, 10251 MHz
2026/09/13 12:24:59.417, NVIDIA GeForce RTX 4090, GPU-457328ff-6f8e-1f53-8cc3-68ae75d90604, 595.91.07, P2, 53, 294.35 W, 100 %, 100 %, 21532 MiB, 24564 MiB, 2640 MHz, 10251 MHz
2026/09/13 12:25:00.420, NVIDIA GeForce RTX 4090, GPU-457328ff-6f8e-1f53-8cc3-68ae75d90604, 595.91.07, P2, 53, 294.39 W, 100 %, 100 %, 21532 MiB, 24564 MiB, 2640 MHz, 10251 MHz
2026/09/13 12:25:01.422, NVIDIA GeForce RTX 4090, GPU-457328ff-6f8e-1f53-8cc3-68ae75d90604, 595.91.07, P2, 53, 294.65 W, 100 %, 100 %, 21532 MiB, 24564 MiB, 2640 MHz, 10251 MHz
2026/09/13 12:25:02.425, NVIDIA GeForce RTX 4090, GPU-457328ff-6f8e-1f53-8cc3-68ae75d90604, 595.91.07, P2, 53, 294.73 W, 100 %, 100 %, 21532 MiB, 24564 MiB, 2640 MHz, 10251 MHz
2026/09/13 12:25:03.428, NVIDIA GeForce RTX 4090, GPU-457328ff-6f8e-1f53-8cc3-68ae75d90604, 595.91.07, P2, 53, 286.14 W, 100 %, 100 %, 21532 MiB, 24564 MiB, 2640 MHz, 10251 MHz
2026/09/13 12:25:04.430, NVIDIA GeForce RTX 4090, GPU-457328ff-6f8e-1f53-8cc3-68ae75d90604, 595.91.07, P2, 53, 296.20 W, 100 %, 100 %, 21532 MiB, 24564 MiB, 2640 MHz, 10251 MHz
2026/09/13 12:25:05.432, NVIDIA GeForce RTX 4090, GPU-457328ff-6f8e-1f53-8cc3-68ae75d90604, 595.91.07, P2, 53, 296.28 W, 100 %, 100 %, 21532 MiB, 24564 MiB, 2640 MHz, 10251 MHz
2026/09/13 12:25:06.435, NVIDIA GeForce RTX 4090, GPU-457328ff-6f8e-1f53-8cc3-68ae75d90604, 595.91.07, P2, 53, 296.12 W, 100 %, 100 %, 21532 MiB, 24564 MiB, 2640 MHz, 10251 MHz
2026/09/13 12:25:07.438, NVIDIA GeForce RTX 4090, GPU-457328ff-6f8e-1f53-8cc3-68ae75d90604, 595.91.07, P2, 53, 295.98 W, 100 %, 100 %, 21532 MiB, 24564 MiB, 2640 MHz, 10251 MHz
2026/09/13 12:25:08.440, NVIDIA GeForce RTX 4090, GPU-457328ff-6f8e-1f53-8cc3-68ae75d90604, 595.91.07, P2, 53, 295.65 W, 100 %, 100 %, 21532 MiB, 24564 MiB, 2640 MHz, 10251 MHz
2026/09/13 12:25:09.443, NVIDIA GeForce RTX 4090, GPU-457328ff-6f8e-1f53-8cc3-68ae75d90604, 595.91.07, P2, 53, 295.62 W, 100 %, 100 %, 21532 MiB, 24564 MiB, 2640 MHz, 10251 MHz
2026/09/13 12:25:10.445, NVIDIA GeForce RTX 4090, GPU-457328ff-6f8e-1f53-8cc3-68ae75d90604, 595.91.07, P2, 53, 295.10 W, 100 %, 100 %, 21532 MiB, 24564 MiB, 2640 MHz, 10251 MHz
2026/09/13 12:25:11.448, NVIDIA GeForce RTX 4090, GPU-457328ff-6f8e-1f53-8cc3-68ae75d90604, 595.91.07, P2, 53, 295.00 W, 100 %, 100 %, 21532 MiB, 24564 MiB, 2640 MHz, 10251 MHz
2026/09/13 12:25:12.450, NVIDIA GeForce RTX 4090, GPU-457328ff-6f8e-1f53-8cc3-68ae75d90604, 595.91.07, P2, 53, 294.60 W, 100 %, 100 %, 21532 MiB, 24564 MiB, 2640 MHz, 10251 MHz
2026/09/13 12:25:13.453, NVIDIA GeForce RTX 4090, GPU-457328ff-6f8e-1f53-8cc3-68ae75d90604, 595.91.07, P2, 53, 294.62 W, 100 %, 100 %, 21532 MiB, 24564 MiB, 2640 MHz, 10251 MHz
2026/09/13 12:25:14.455, NVIDIA GeForce RTX 4090, GPU-457328ff-6f8e-1f53-8cc3-68ae75d90604, 595.91.07, P2, 53, 294.45 W, 100 %, 100 %, 21532 MiB, 24564 MiB, 2640 MHz, 10251 MHz
2026/09/13 12:25:15.457, NVIDIA GeForce RTX 4090, GPU-457328ff-6f8e-1f53-8cc3-68ae75d90604, 595.91.07, P2, 53, 294.03 W, 100 %, 100 %, 21532 MiB, 24564 MiB, 2640 MHz, 10251 MHz
2026/09/13 12:25:16.460, NVIDIA GeForce RTX 4090, GPU-457328ff-6f8e-1f53-8cc3-68ae75d90604, 595.91.07, P2, 53, 294.27 W, 100 %, 100 %, 21532 MiB, 24564 MiB, 2640 MHz, 10251 MHz
2026/09/13 12:25:17.463, NVIDIA GeForce RTX 4090, GPU-457328ff-6f8e-1f53-8cc3-68ae75d90604, 595.91.07, P2, 53, 289.10 W, 100 %, 100 %, 21532 MiB, 24564 MiB, 2640 MHz, 10251 MHz
2026/09/13 12:25:18.465, NVIDIA GeForce RTX 4090, GPU-457328ff-6f8e-1f53-8cc3-68ae75d90604, 595.91.07, P2, 53, 296.21 W, 100 %, 100 %, 21532 MiB, 24564 MiB, 2640 MHz, 10251 MHz
2026/09/13 12:25:19.468, NVIDIA GeForce RTX 4090, GPU-457328ff-6f8e-1f53-8cc3-68ae75d90604, 595.91.07, P2, 53, 296.34 W, 100 %, 100 %, 21532 MiB, 24564 MiB, 2640 MHz, 10251 MHz
2026/09/13 12:25:20.470, NVIDIA GeForce RTX 4090, GPU-457328ff-6f8e-1f53-8cc3-68ae75d90604, 595.91.07, P2, 53, 296.09 W, 100 %, 100 %, 21532 MiB, 24564 MiB, 2640 MHz, 10251 MHz
2026/09/13 12:25:21.473, NVIDIA GeForce RTX 4090, GPU-457328ff-6f8e-1f53-8cc3-68ae75d90604, 595.91.07, P2, 53, 295.88 W, 100 %, 100 %, 21532 MiB, 24564 MiB, 2640 MHz, 10251 MHz
2026/09/13 12:25:22.475, NVIDIA GeForce RTX 4090, GPU-457328ff-6f8e-1f53-8cc3-68ae75d90604, 595.91.07, P2, 53, 295.67 W, 100 %, 100 %, 21532 MiB, 24564 MiB, 2640 MHz, 10251 MHz
2026/09/13 12:25:23.477, NVIDIA GeForce RTX 4090, GPU-457328ff-6f8e-1f53-8cc3-68ae75d90604, 595.91.07, P2, 53, 295.37 W, 100 %, 100 %, 21532 MiB, 24564 MiB, 2640 MHz, 10251 MHz
2026/09/13 12:25:24.480, NVIDIA GeForce RTX 4090, GPU-457328ff-6f8e-1f53-8cc3-68ae75d90604, 595.91.07, P2, 53, 295.27 W, 100 %, 100 %, 21532 MiB, 24564 MiB, 2640 MHz, 10251 MHz
2026/09/13 12:25:25.482, NVIDIA GeForce RTX 4090, GPU-457328ff-6f8e-1f53-8cc3-68ae75d90604, 595.91.07, P2, 53, 295.15 W, 100 %, 100 %, 21532 MiB, 24564 MiB, 2640 MHz, 10251 MHz
2026/09/13 12:25:26.483, NVIDIA GeForce RTX 4090, GPU-457328ff-6f8e-1f53-8cc3-68ae75d90604, 595.91.07, P2, 53, 294.86 W, 100 %, 100 %, 21532 MiB, 24564 MiB, 2640 MHz, 10251 MHz
2026/09/13 12:25:27.485, NVIDIA GeForce RTX 4090, GPU-457328ff-6f8e-1f53-8cc3-68ae75d90604, 595.91.07, P2, 53, 294.73 W, 100 %, 100 %, 21532 MiB, 24564 MiB, 2640 MHz, 10251 MHz
2026/09/13 12:25:28.488, NVIDIA GeForce RTX 4090, GPU-457328ff-6f8e-1f53-8cc3-68ae75d90604, 595.91.07, P2, 53, 294.75 W, 100 %, 100 %, 21532 MiB, 24564 MiB, 2640 MHz, 10251 MHz
2026/09/13 12:25:29.490, NVIDIA GeForce RTX 4090, GPU-457328ff-6f8e-1f53-8cc3-68ae75d90604, 595.91.07, P2, 55, 287.67 W, 61 %, 64 %, 21532 MiB, 24564 MiB, 2640 MHz, 10251 MHz
2026/09/13 12:25:30.491, NVIDIA GeForce RTX 4090, GPU-457328ff-6f8e-1f53-8cc3-68ae75d90604, 595.91.07, P2, 53, 290.21 W, 100 %, 100 %, 21532 MiB, 24564 MiB, 2640 MHz, 10251 MHz
2026/09/13 12:25:31.494, NVIDIA GeForce RTX 4090, GPU-457328ff-6f8e-1f53-8cc3-68ae75d90604, 595.91.07, P2, 53, 296.06 W, 100 %, 100 %, 21532 MiB, 24564 MiB, 2640 MHz, 10251 MHz
2026/09/13 12:25:32.496, NVIDIA GeForce RTX 4090, GPU-457328ff-6f8e-1f53-8cc3-68ae75d90604, 595.91.07, P2, 53, 296.07 W, 100 %, 100 %, 21532 MiB, 24564 MiB, 2640 MHz, 10251 MHz
2026/09/13 12:25:33.498, NVIDIA GeForce RTX 4090, GPU-457328ff-6f8e-1f53-8cc3-68ae75d90604, 595.91.07, P2, 53, 295.98 W, 100 %, 100 %, 21532 MiB, 24564 MiB, 2640 MHz, 10251 MHz
2026/09/13 12:25:34.500, NVIDIA GeForce RTX 4090, GPU-457328ff-6f8e-1f53-8cc3-68ae75d90604, 595.91.07, P2, 53, 295.73 W, 100 %, 100 %, 21532 MiB, 24564 MiB, 2640 MHz, 10251 MHz
2026/09/13 12:25:35.502, NVIDIA GeForce RTX 4090, GPU-457328ff-6f8e-1f53-8cc3-68ae75d90604, 595.91.07, P2, 53, 295.23 W, 100 %, 100 %, 21532 MiB, 24564 MiB, 2640 MHz, 10251 MHz
2026/09/13 12:25:36.504, NVIDIA GeForce RTX 4090, GPU-457328ff-6f8e-1f53-8cc3-68ae75d90604, 595.91.07, P2, 53, 295.07 W, 100 %, 100 %, 21532 MiB, 24564 MiB, 2640 MHz, 10251 MHz
2026/09/13 12:25:37.506, NVIDIA GeForce RTX 4090, GPU-457328ff-6f8e-1f53-8cc3-68ae75d90604, 595.91.07, P2, 53, 294.94 W, 100 %, 100 %, 21532 MiB, 24564 MiB, 2640 MHz, 10251 MHz
2026/09/13 12:25:38.508, NVIDIA GeForce RTX 4090, GPU-457328ff-6f8e-1f53-8cc3-68ae75d90604, 595.91.07, P2, 53, 294.84 W, 100 %, 100 %, 21532 MiB, 24564 MiB, 2640 MHz, 10251 MHz
2026/09/13 12:25:39.511, NVIDIA GeForce RTX 4090, GPU-457328ff-6f8e-1f53-8cc3-68ae75d90604, 595.91.07, P2, 53, 294.73 W, 100 %, 100 %, 21532 MiB, 24564 MiB, 2640 MHz, 10251 MHz
2026/09/13 12:25:40.513, NVIDIA GeForce RTX 4090, GPU-457328ff-6f8e-1f53-8cc3-68ae75d90604, 595.91.07, P2, 53, 294.75 W, 100 %, 100 %, 21532 MiB, 24564 MiB, 2640 MHz, 10251 MHz
2026/09/13 12:25:41.515, NVIDIA GeForce RTX 4090, GPU-457328ff-6f8e-1f53-8cc3-68ae75d90604, 595.91.07, P2, 53, 294.42 W, 100 %, 100 %, 21532 MiB, 24564 MiB, 2640 MHz, 10251 MHz
2026/09/13 12:25:42.517, NVIDIA GeForce RTX 4090, GPU-457328ff-6f8e-1f53-8cc3-68ae75d90604, 595.91.07, P2, 53, 294.62 W, 100 %, 100 %, 21532 MiB, 24564 MiB, 2640 MHz, 10251 MHz
2026/09/13 12:25:43.519, NVIDIA GeForce RTX 4090, GPU-457328ff-6f8e-1f53-8cc3-68ae75d90604, 595.91.07, P2, 53, 294.59 W, 100 %, 100 %, 21532 MiB, 24564 MiB, 2640 MHz, 10251 MHz
2026/09/13 12:25:44.523, NVIDIA GeForce RTX 4090, GPU-457328ff-6f8e-1f53-8cc3-68ae75d90604, 595.91.07, P2, 53, 294.51 W, 100 %, 100 %, 21532 MiB, 24564 MiB, 2640 MHz, 10251 MHz
2026/09/13 12:25:45.525, NVIDIA GeForce RTX 4090, GPU-457328ff-6f8e-1f53-8cc3-68ae75d90604, 595.91.07, P2, 53, 294.35 W, 100 %, 100 %, 21532 MiB, 24564 MiB, 2640 MHz, 10251 MHz
2026/09/13 12:25:46.527, NVIDIA GeForce RTX 4090, GPU-457328ff-6f8e-1f53-8cc3-68ae75d90604, 595.91.07, P2, 53, 294.09 W, 100 %, 100 %, 21532 MiB, 24564 MiB, 2640 MHz, 10251 MHz
2026/09/13 12:25:47.529, NVIDIA GeForce RTX 4090, GPU-457328ff-6f8e-1f53-8cc3-68ae75d90604, 595.91.07, P2, 53, 293.99 W, 100 %, 100 %, 21532 MiB, 24564 MiB, 2640 MHz, 10251 MHz
2026/09/13 12:25:48.531, NVIDIA GeForce RTX 4090, GPU-457328ff-6f8e-1f53-8cc3-68ae75d90604, 595.91.07, P2, 53, 294.04 W, 100 %, 100 %, 21532 MiB, 24564 MiB, 2640 MHz, 10251 MHz
2026/09/13 12:25:49.533, NVIDIA GeForce RTX 4090, GPU-457328ff-6f8e-1f53-8cc3-68ae75d90604, 595.91.07, P2, 53, 293.64 W, 100 %, 100 %, 21532 MiB, 24564 MiB, 2640 MHz, 10251 MHz
2026/09/13 12:25:50.535, NVIDIA GeForce RTX 4090, GPU-457328ff-6f8e-1f53-8cc3-68ae75d90604, 595.91.07, P2, 53, 293.82 W, 100 %, 100 %, 21532 MiB, 24564 MiB, 2640 MHz, 10251 MHz
2026/09/13 12:25:51.537, NVIDIA GeForce RTX 4090, GPU-457328ff-6f8e-1f53-8cc3-68ae75d90604, 595.91.07, P2, 53, 293.87 W, 100 %, 100 %, 21532 MiB, 24564 MiB, 2640 MHz, 10251 MHz
2026/09/13 12:25:52.539, NVIDIA GeForce RTX 4090, GPU-457328ff-6f8e-1f53-8cc3-68ae75d90604, 595.91.07, P2, 53, 294.22 W, 100 %, 100 %, 21532 MiB, 24564 MiB, 2640 MHz, 10251 MHz
2026/09/13 12:25:53.541, NVIDIA GeForce RTX 4090, GPU-457328ff-6f8e-1f53-8cc3-68ae75d90604, 595.91.07, P2, 53, 294.28 W, 100 %, 100 %, 21532 MiB, 24564 MiB, 2640 MHz, 10251 MHz
2026/09/13 12:25:54.544, NVIDIA GeForce RTX 4090, GPU-457328ff-6f8e-1f53-8cc3-68ae75d90604, 595.91.07, P2, 53, 294.04 W, 100 %, 100 %, 21532 MiB, 24564 MiB, 2640 MHz, 10251 MHz
2026/09/13 12:25:55.545, NVIDIA GeForce RTX 4090, GPU-457328ff-6f8e-1f53-8cc3-68ae75d90604, 595.91.07, P2, 53, 293.98 W, 100 %, 100 %, 21532 MiB, 24564 MiB, 2640 MHz, 10251 MHz
2026/09/13 12:25:56.548, NVIDIA GeForce RTX 4090, GPU-457328ff-6f8e-1f53-8cc3-68ae75d90604, 595.91.07, P2, 53, 294.44 W, 100 %, 100 %, 21532 MiB, 24564 MiB, 2640 MHz, 10251 MHz
2026/09/13 12:25:57.550, NVIDIA GeForce RTX 4090, GPU-457328ff-6f8e-1f53-8cc3-68ae75d90604, 595.91.07, P2, 53, 294.73 W, 100 %, 100 %, 21532 MiB, 24564 MiB, 2640 MHz, 10251 MHz
2026/09/13 12:25:58.552, NVIDIA GeForce RTX 4090, GPU-457328ff-6f8e-1f53-8cc3-68ae75d90604, 595.91.07, P2, 53, 294.95 W, 100 %, 100 %, 21532 MiB, 24564 MiB, 2640 MHz, 10251 MHz
2026/09/13 12:25:59.554, NVIDIA GeForce RTX 4090, GPU-457328ff-6f8e-1f53-8cc3-68ae75d90604, 595.91.07, P2, 53, 294.80 W, 100 %, 100 %, 21532 MiB, 24564 MiB, 2640 MHz, 10251 MHz
2026/09/13 12:26:00.556, NVIDIA GeForce RTX 4090, GPU-457328ff-6f8e-1f53-8cc3-68ae75d90604, 595.91.07, P2, 53, 294.98 W, 100 %, 100 %, 21532 MiB, 24564 MiB, 2640 MHz, 10251 MHz
2026/09/13 12:26:01.557, NVIDIA GeForce RTX 4090, GPU-457328ff-6f8e-1f53-8cc3-68ae75d90604, 595.91.07, P2, 53, 288.20 W, 100 %, 100 %, 21532 MiB, 24564 MiB, 2640 MHz, 10251 MHz
2026/09/13 12:26:02.559, NVIDIA GeForce RTX 4090, GPU-457328ff-6f8e-1f53-8cc3-68ae75d90604, 595.91.07, P2, 53, 296.20 W, 100 %, 100 %, 21532 MiB, 24564 MiB, 2640 MHz, 10251 MHz
2026/09/13 12:26:03.561, NVIDIA GeForce RTX 4090, GPU-457328ff-6f8e-1f53-8cc3-68ae75d90604, 595.91.07, P2, 53, 295.70 W, 100 %, 100 %, 21532 MiB, 24564 MiB, 2640 MHz, 10251 MHz
2026/09/13 12:26:04.564, NVIDIA GeForce RTX 4090, GPU-457328ff-6f8e-1f53-8cc3-68ae75d90604, 595.91.07, P2, 53, 295.51 W, 100 %, 100 %, 21532 MiB, 24564 MiB, 2640 MHz, 10251 MHz
2026/09/13 12:26:05.566, NVIDIA GeForce RTX 4090, GPU-457328ff-6f8e-1f53-8cc3-68ae75d90604, 595.91.07, P2, 53, 295.27 W, 100 %, 100 %, 21532 MiB, 24564 MiB, 2640 MHz, 10251 MHz
2026/09/13 12:26:06.569, NVIDIA GeForce RTX 4090, GPU-457328ff-6f8e-1f53-8cc3-68ae75d90604, 595.91.07, P2, 53, 294.96 W, 100 %, 100 %, 21532 MiB, 24564 MiB, 2640 MHz, 10251 MHz
2026/09/13 12:26:07.571, NVIDIA GeForce RTX 4090, GPU-457328ff-6f8e-1f53-8cc3-68ae75d90604, 595.91.07, P2, 53, 294.97 W, 100 %, 100 %, 21532 MiB, 24564 MiB, 2640 MHz, 10251 MHz
2026/09/13 12:26:08.573, NVIDIA GeForce RTX 4090, GPU-457328ff-6f8e-1f53-8cc3-68ae75d90604, 595.91.07, P2, 53, 294.96 W, 100 %, 100 %, 21532 MiB, 24564 MiB, 2640 MHz, 10251 MHz
2026/09/13 12:26:09.576, NVIDIA GeForce RTX 4090, GPU-457328ff-6f8e-1f53-8cc3-68ae75d90604, 595.91.07, P2, 53, 294.85 W, 100 %, 100 %, 21532 MiB, 24564 MiB, 2640 MHz, 10251 MHz
2026/09/13 12:26:10.578, NVIDIA GeForce RTX 4090, GPU-457328ff-6f8e-1f53-8cc3-68ae75d90604, 595.91.07, P2, 53, 294.75 W, 100 %, 100 %, 21532 MiB, 24564 MiB, 2640 MHz, 10251 MHz
2026/09/13 12:26:11.580, NVIDIA GeForce RTX 4090, GPU-457328ff-6f8e-1f53-8cc3-68ae75d90604, 595.91.07, P2, 53, 294.35 W, 100 %, 100 %, 21532 MiB, 24564 MiB, 2640 MHz, 10251 MHz
2026/09/13 12:26:12.582, NVIDIA GeForce RTX 4090, GPU-457328ff-6f8e-1f53-8cc3-68ae75d90604, 595.91.07, P2, 53, 294.48 W, 100 %, 100 %, 21532 MiB, 24564 MiB, 2640 MHz, 10251 MHz
2026/09/13 12:26:13.585, NVIDIA GeForce RTX 4090, GPU-457328ff-6f8e-1f53-8cc3-68ae75d90604, 595.91.07, P2, 53, 294.11 W, 100 %, 100 %, 21532 MiB, 24564 MiB, 2640 MHz, 10251 MHz
2026/09/13 12:26:14.586, NVIDIA GeForce RTX 4090, GPU-457328ff-6f8e-1f53-8cc3-68ae75d90604, 595.91.07, P2, 53, 294.10 W, 100 %, 100 %, 21532 MiB, 24564 MiB, 2640 MHz, 10251 MHz
2026/09/13 12:26:15.588, NVIDIA GeForce RTX 4090, GPU-457328ff-6f8e-1f53-8cc3-68ae75d90604, 595.91.07, P2, 53, 294.15 W, 100 %, 100 %, 21532 MiB, 24564 MiB, 2640 MHz, 10251 MHz
2026/09/13 12:26:16.591, NVIDIA GeForce RTX 4090, GPU-457328ff-6f8e-1f53-8cc3-68ae75d90604, 595.91.07, P2, 53, 294.07 W, 100 %, 100 %, 21532 MiB, 24564 MiB, 2640 MHz, 10251 MHz
2026/09/13 12:26:17.594, NVIDIA GeForce RTX 4090, GPU-457328ff-6f8e-1f53-8cc3-68ae75d90604, 595.91.07, P2, 53, 294.25 W, 100 %, 100 %, 21532 MiB, 24564 MiB, 2640 MHz, 10251 MHz
2026/09/13 12:26:18.596, NVIDIA GeForce RTX 4090, GPU-457328ff-6f8e-1f53-8cc3-68ae75d90604, 595.91.07, P2, 53, 294.11 W, 100 %, 100 %, 21532 MiB, 24564 MiB, 2640 MHz, 10251 MHz
2026/09/13 12:26:19.598, NVIDIA GeForce RTX 4090, GPU-457328ff-6f8e-1f53-8cc3-68ae75d90604, 595.91.07, P2, 53, 294.06 W, 100 %, 100 %, 21532 MiB, 24564 MiB, 2640 MHz, 10251 MHz
2026/09/13 12:26:20.600, NVIDIA GeForce RTX 4090, GPU-457328ff-6f8e-1f53-8cc3-68ae75d90604, 595.91.07, P2, 53, 294.29 W, 100 %, 100 %, 21532 MiB, 24564 MiB, 2640 MHz, 10251 MHz
2026/09/13 12:26:21.603, NVIDIA GeForce RTX 4090, GPU-457328ff-6f8e-1f53-8cc3-68ae75d90604, 595.91.07, P2, 53, 287.14 W, 100 %, 100 %, 21532 MiB, 24564 MiB, 2640 MHz, 10251 MHz
2026/09/13 12:26:22.605, NVIDIA GeForce RTX 4090, GPU-457328ff-6f8e-1f53-8cc3-68ae75d90604, 595.91.07, P2, 53, 296.13 W, 100 %, 100 %, 21532 MiB, 24564 MiB, 2640 MHz, 10251 MHz
2026/09/13 12:26:23.607, NVIDIA GeForce RTX 4090, GPU-457328ff-6f8e-1f53-8cc3-68ae75d90604, 595.91.07, P2, 53, 295.93 W, 100 %, 100 %, 21532 MiB, 24564 MiB, 2640 MHz, 10251 MHz
2026/09/13 12:26:24.610, NVIDIA GeForce RTX 4090, GPU-457328ff-6f8e-1f53-8cc3-68ae75d90604, 595.91.07, P2, 53, 295.67 W, 100 %, 100 %, 21532 MiB, 24564 MiB, 2640 MHz, 10251 MHz
2026/09/13 12:26:25.612, NVIDIA GeForce RTX 4090, GPU-457328ff-6f8e-1f53-8cc3-68ae75d90604, 595.91.07, P2, 53, 295.47 W, 100 %, 100 %, 21532 MiB, 24564 MiB, 2640 MHz, 10251 MHz
2026/09/13 12:26:26.615, NVIDIA GeForce RTX 4090, GPU-457328ff-6f8e-1f53-8cc3-68ae75d90604, 595.91.07, P2, 53, 295.35 W, 100 %, 100 %, 21532 MiB, 24564 MiB, 2640 MHz, 10251 MHz
2026/09/13 12:26:27.616, NVIDIA GeForce RTX 4090, GPU-457328ff-6f8e-1f53-8cc3-68ae75d90604, 595.91.07, P2, 53, 295.36 W, 100 %, 100 %, 21532 MiB, 24564 MiB, 2640 MHz, 10251 MHz
2026/09/13 12:26:28.619, NVIDIA GeForce RTX 4090, GPU-457328ff-6f8e-1f53-8cc3-68ae75d90604, 595.91.07, P2, 53, 295.06 W, 100 %, 100 %, 21532 MiB, 24564 MiB, 2640 MHz, 10251 MHz
2026/09/13 12:26:29.622, NVIDIA GeForce RTX 4090, GPU-457328ff-6f8e-1f53-8cc3-68ae75d90604, 595.91.07, P2, 53, 295.04 W, 100 %, 100 %, 21532 MiB, 24564 MiB, 2640 MHz, 10251 MHz
2026/09/13 12:26:30.625, NVIDIA GeForce RTX 4090, GPU-457328ff-6f8e-1f53-8cc3-68ae75d90604, 595.91.07, P2, 53, 294.57 W, 100 %, 100 %, 21532 MiB, 24564 MiB, 2640 MHz, 10251 MHz
2026/09/13 12:26:31.627, NVIDIA GeForce RTX 4090, GPU-457328ff-6f8e-1f53-8cc3-68ae75d90604, 595.91.07, P2, 53, 294.72 W, 100 %, 100 %, 21532 MiB, 24564 MiB, 2640 MHz, 10251 MHz
2026/09/13 12:26:32.628, NVIDIA GeForce RTX 4090, GPU-457328ff-6f8e-1f53-8cc3-68ae75d90604, 595.91.07, P2, 53, 294.54 W, 100 %, 100 %, 21532 MiB, 24564 MiB, 2640 MHz, 10251 MHz
2026/09/13 12:26:33.630, NVIDIA GeForce RTX 4090, GPU-457328ff-6f8e-1f53-8cc3-68ae75d90604, 595.91.07, P2, 53, 294.48 W, 100 %, 100 %, 21532 MiB, 24564 MiB, 2640 MHz, 10251 MHz
2026/09/13 12:26:34.633, NVIDIA GeForce RTX 4090, GPU-457328ff-6f8e-1f53-8cc3-68ae75d90604, 595.91.07, P2, 53, 294.39 W, 100 %, 100 %, 21532 MiB, 24564 MiB, 2640 MHz, 10251 MHz
2026/09/13 12:26:35.636, NVIDIA GeForce RTX 4090, GPU-457328ff-6f8e-1f53-8cc3-68ae75d90604, 595.91.07, P2, 53, 294.13 W, 100 %, 100 %, 21532 MiB, 24564 MiB, 2640 MHz, 10251 MHz
2026/09/13 12:26:36.638, NVIDIA GeForce RTX 4090, GPU-457328ff-6f8e-1f53-8cc3-68ae75d90604, 595.91.07, P2, 53, 294.04 W, 100 %, 100 %, 21532 MiB, 24564 MiB, 2640 MHz, 10251 MHz
2026/09/13 12:26:37.641, NVIDIA GeForce RTX 4090, GPU-457328ff-6f8e-1f53-8cc3-68ae75d90604, 595.91.07, P2, 53, 293.83 W, 100 %, 100 %, 21532 MiB, 24564 MiB, 2640 MHz, 10251 MHz
2026/09/13 12:26:38.642, NVIDIA GeForce RTX 4090, GPU-457328ff-6f8e-1f53-8cc3-68ae75d90604, 595.91.07, P2, 53, 293.80 W, 100 %, 100 %, 21532 MiB, 24564 MiB, 2640 MHz, 10251 MHz
2026/09/13 12:26:39.645, NVIDIA GeForce RTX 4090, GPU-457328ff-6f8e-1f53-8cc3-68ae75d90604, 595.91.07, P2, 53, 294.01 W, 100 %, 100 %, 21532 MiB, 24564 MiB, 2640 MHz, 10251 MHz
2026/09/13 12:26:40.647, NVIDIA GeForce RTX 4090, GPU-457328ff-6f8e-1f53-8cc3-68ae75d90604, 595.91.07, P2, 53, 294.04 W, 100 %, 100 %, 21532 MiB, 24564 MiB, 2640 MHz, 10251 MHz
2026/09/13 12:26:41.650, NVIDIA GeForce RTX 4090, GPU-457328ff-6f8e-1f53-8cc3-68ae75d90604, 595.91.07, P2, 53, 294.03 W, 100 %, 100 %, 21532 MiB, 24564 MiB, 2640 MHz, 10251 MHz
2026/09/13 12:26:42.651, NVIDIA GeForce RTX 4090, GPU-457328ff-6f8e-1f53-8cc3-68ae75d90604, 595.91.07, P2, 53, 293.80 W, 100 %, 100 %, 21532 MiB, 24564 MiB, 2640 MHz, 10251 MHz
2026/09/13 12:26:43.654, NVIDIA GeForce RTX 4090, GPU-457328ff-6f8e-1f53-8cc3-68ae75d90604, 595.91.07, P2, 53, 294.10 W, 100 %, 100 %, 21532 MiB, 24564 MiB, 2640 MHz, 10251 MHz
2026/09/13 12:26:44.657, NVIDIA GeForce RTX 4090, GPU-457328ff-6f8e-1f53-8cc3-68ae75d90604, 595.91.07, P2, 53, 294.21 W, 100 %, 100 %, 21532 MiB, 24564 MiB, 2640 MHz, 10251 MHz
2026/09/13 12:26:45.659, NVIDIA GeForce RTX 4090, GPU-457328ff-6f8e-1f53-8cc3-68ae75d90604, 595.91.07, P2, 53, 293.94 W, 100 %, 100 %, 21532 MiB, 24564 MiB, 2640 MHz, 10251 MHz
2026/09/13 12:26:46.661, NVIDIA GeForce RTX 4090, GPU-457328ff-6f8e-1f53-8cc3-68ae75d90604, 595.91.07, P2, 53, 293.80 W, 100 %, 100 %, 21532 MiB, 24564 MiB, 2640 MHz, 10251 MHz
2026/09/13 12:26:47.664, NVIDIA GeForce RTX 4090, GPU-457328ff-6f8e-1f53-8cc3-68ae75d90604, 595.91.07, P2, 53, 293.89 W, 100 %, 100 %, 21532 MiB, 24564 MiB, 2640 MHz, 10251 MHz
2026/09/13 12:26:48.666, NVIDIA GeForce RTX 4090, GPU-457328ff-6f8e-1f53-8cc3-68ae75d90604, 595.91.07, P2, 53, 293.98 W, 100 %, 100 %, 21532 MiB, 24564 MiB, 2640 MHz, 10251 MHz
2026/09/13 12:26:49.669, NVIDIA GeForce RTX 4090, GPU-457328ff-6f8e-1f53-8cc3-68ae75d90604, 595.91.07, P2, 53, 294.00 W, 100 %, 100 %, 21532 MiB, 24564 MiB, 2640 MHz, 10251 MHz
2026/09/13 12:26:50.671, NVIDIA GeForce RTX 4090, GPU-457328ff-6f8e-1f53-8cc3-68ae75d90604, 595.91.07, P2, 53, 294.09 W, 100 %, 100 %, 21532 MiB, 24564 MiB, 2640 MHz, 10251 MHz
2026/09/13 12:26:51.674, NVIDIA GeForce RTX 4090, GPU-457328ff-6f8e-1f53-8cc3-68ae75d90604, 595.91.07, P2, 53, 294.68 W, 100 %, 100 %, 21532 MiB, 24564 MiB, 2640 MHz, 10251 MHz
2026/09/13 12:26:52.676, NVIDIA GeForce RTX 4090, GPU-457328ff-6f8e-1f53-8cc3-68ae75d90604, 595.91.07, P2, 53, 294.72 W, 100 %, 100 %, 21532 MiB, 24564 MiB, 2640 MHz, 10251 MHz
2026/09/13 12:26:53.679, NVIDIA GeForce RTX 4090, GPU-457328ff-6f8e-1f53-8cc3-68ae75d90604, 595.91.07, P2, 53, 294.60 W, 100 %, 100 %, 21532 MiB, 24564 MiB, 2640 MHz, 10251 MHz
2026/09/13 12:26:54.681, NVIDIA GeForce RTX 4090, GPU-457328ff-6f8e-1f53-8cc3-68ae75d90604, 595.91.07, P2, 53, 294.67 W, 100 %, 100 %, 21532 MiB, 24564 MiB, 2640 MHz, 10251 MHz
2026/09/13 12:26:55.684, NVIDIA GeForce RTX 4090, GPU-457328ff-6f8e-1f53-8cc3-68ae75d90604, 595.91.07, P2, 53, 294.65 W, 100 %, 100 %, 21532 MiB, 24564 MiB, 2640 MHz, 10251 MHz
2026/09/13 12:26:56.687, NVIDIA GeForce RTX 4090, GPU-457328ff-6f8e-1f53-8cc3-68ae75d90604, 595.91.07, P2, 53, 294.72 W, 100 %, 100 %, 21532 MiB, 24564 MiB, 2640 MHz, 10251 MHz
2026/09/13 12:26:57.690, NVIDIA GeForce RTX 4090, GPU-457328ff-6f8e-1f53-8cc3-68ae75d90604, 595.91.07, P2, 53, 294.72 W, 100 %, 100 %, 21532 MiB, 24564 MiB, 2640 MHz, 10251 MHz
2026/09/13 12:26:58.693, NVIDIA GeForce RTX 4090, GPU-457328ff-6f8e-1f53-8cc3-68ae75d90604, 595.91.07, P2, 53, 294.87 W, 100 %, 100 %, 21532 MiB, 24564 MiB, 2640 MHz, 10251 MHz
2026/09/13 12:26:59.695, NVIDIA GeForce RTX 4090, GPU-457328ff-6f8e-1f53-8cc3-68ae75d90604, 595.91.07, P2, 53, 294.61 W, 100 %, 100 %, 21532 MiB, 24564 MiB, 2640 MHz, 10251 MHz
2026/09/13 12:27:00.698, NVIDIA GeForce RTX 4090, GPU-457328ff-6f8e-1f53-8cc3-68ae75d90604, 595.91.07, P2, 53, 294.04 W, 100 %, 100 %, 21532 MiB, 24564 MiB, 2640 MHz, 10251 MHz
2026/09/13 12:27:01.701, NVIDIA GeForce RTX 4090, GPU-457328ff-6f8e-1f53-8cc3-68ae75d90604, 595.91.07, P2, 53, 294.31 W, 100 %, 100 %, 21532 MiB, 24564 MiB, 2640 MHz, 10251 MHz
2026/09/13 12:27:02.702, NVIDIA GeForce RTX 4090, GPU-457328ff-6f8e-1f53-8cc3-68ae75d90604, 595.91.07, P2, 53, 277.05 W, 16 %, 12 %, 21532 MiB, 24564 MiB, 2655 MHz, 10251 MHz
2026/09/13 12:27:03.704, NVIDIA GeForce RTX 4090, GPU-457328ff-6f8e-1f53-8cc3-68ae75d90604, 595.91.07, P2, 53, 281.44 W, 100 %, 100 %, 21532 MiB, 24564 MiB, 2655 MHz, 10251 MHz
2026/09/13 12:27:04.707, NVIDIA GeForce RTX 4090, GPU-457328ff-6f8e-1f53-8cc3-68ae75d90604, 595.91.07, P2, 53, 297.22 W, 100 %, 100 %, 21532 MiB, 24564 MiB, 2655 MHz, 10251 MHz
2026/09/13 12:27:05.709, NVIDIA GeForce RTX 4090, GPU-457328ff-6f8e-1f53-8cc3-68ae75d90604, 595.91.07, P2, 53, 296.75 W, 100 %, 100 %, 21532 MiB, 24564 MiB, 2655 MHz, 10251 MHz
2026/09/13 12:27:06.712, NVIDIA GeForce RTX 4090, GPU-457328ff-6f8e-1f53-8cc3-68ae75d90604, 595.91.07, P2, 53, 296.61 W, 100 %, 100 %, 21532 MiB, 24564 MiB, 2655 MHz, 10251 MHz
2026/09/13 12:27:07.715, NVIDIA GeForce RTX 4090, GPU-457328ff-6f8e-1f53-8cc3-68ae75d90604, 595.91.07, P2, 53, 296.25 W, 100 %, 100 %, 21532 MiB, 24564 MiB, 2655 MHz, 10251 MHz
2026/09/13 12:27:08.717, NVIDIA GeForce RTX 4090, GPU-457328ff-6f8e-1f53-8cc3-68ae75d90604, 595.91.07, P2, 53, 296.42 W, 100 %, 100 %, 21532 MiB, 24564 MiB, 2655 MHz, 10251 MHz
2026/09/13 12:27:09.719, NVIDIA GeForce RTX 4090, GPU-457328ff-6f8e-1f53-8cc3-68ae75d90604, 595.91.07, P2, 53, 296.37 W, 100 %, 100 %, 21532 MiB, 24564 MiB, 2655 MHz, 10251 MHz
2026/09/13 12:27:10.721, NVIDIA GeForce RTX 4090, GPU-457328ff-6f8e-1f53-8cc3-68ae75d90604, 595.91.07, P2, 53, 296.17 W, 100 %, 100 %, 21532 MiB, 24564 MiB, 2655 MHz, 10251 MHz
2026/09/13 12:27:11.724, NVIDIA GeForce RTX 4090, GPU-457328ff-6f8e-1f53-8cc3-68ae75d90604, 595.91.07, P2, 53, 295.81 W, 100 %, 100 %, 21532 MiB, 24564 MiB, 2655 MHz, 10251 MHz
2026/09/13 12:27:12.726, NVIDIA GeForce RTX 4090, GPU-457328ff-6f8e-1f53-8cc3-68ae75d90604, 595.91.07, P2, 53, 295.40 W, 100 %, 100 %, 21532 MiB, 24564 MiB, 2655 MHz, 10251 MHz
2026/09/13 12:27:13.728, NVIDIA GeForce RTX 4090, GPU-457328ff-6f8e-1f53-8cc3-68ae75d90604, 595.91.07, P2, 53, 295.62 W, 100 %, 100 %, 21532 MiB, 24564 MiB, 2655 MHz, 10251 MHz
2026/09/13 12:27:14.730, NVIDIA GeForce RTX 4090, GPU-457328ff-6f8e-1f53-8cc3-68ae75d90604, 595.91.07, P2, 53, 295.27 W, 100 %, 100 %, 21532 MiB, 24564 MiB, 2655 MHz, 10251 MHz
2026/09/13 12:27:15.732, NVIDIA GeForce RTX 4090, GPU-457328ff-6f8e-1f53-8cc3-68ae75d90604, 595.91.07, P2, 53, 295.38 W, 100 %, 100 %, 21532 MiB, 24564 MiB, 2655 MHz, 10251 MHz
2026/09/13 12:27:16.734, NVIDIA GeForce RTX 4090, GPU-457328ff-6f8e-1f53-8cc3-68ae75d90604, 595.91.07, P2, 53, 295.15 W, 100 %, 100 %, 21532 MiB, 24564 MiB, 2655 MHz, 10251 MHz
2026/09/13 12:27:17.737, NVIDIA GeForce RTX 4090, GPU-457328ff-6f8e-1f53-8cc3-68ae75d90604, 595.91.07, P2, 53, 295.03 W, 100 %, 100 %, 21532 MiB, 24564 MiB, 2655 MHz, 10251 MHz
2026/09/13 12:27:18.739, NVIDIA GeForce RTX 4090, GPU-457328ff-6f8e-1f53-8cc3-68ae75d90604, 595.91.07, P2, 53, 295.38 W, 100 %, 100 %, 21532 MiB, 24564 MiB, 2655 MHz, 10251 MHz
2026/09/13 12:27:19.742, NVIDIA GeForce RTX 4090, GPU-457328ff-6f8e-1f53-8cc3-68ae75d90604, 595.91.07, P2, 54, 295.17 W, 100 %, 100 %, 21532 MiB, 24564 MiB, 2655 MHz, 10251 MHz
2026/09/13 12:27:20.744, NVIDIA GeForce RTX 4090, GPU-457328ff-6f8e-1f53-8cc3-68ae75d90604, 595.91.07, P2, 54, 295.31 W, 100 %, 100 %, 21532 MiB, 24564 MiB, 2655 MHz, 10251 MHz
2026/09/13 12:27:21.745, NVIDIA GeForce RTX 4090, GPU-457328ff-6f8e-1f53-8cc3-68ae75d90604, 595.91.07, P2, 54, 295.36 W, 100 %, 100 %, 21532 MiB, 24564 MiB, 2655 MHz, 10251 MHz
2026/09/13 12:27:22.747, NVIDIA GeForce RTX 4090, GPU-457328ff-6f8e-1f53-8cc3-68ae75d90604, 595.91.07, P2, 54, 295.24 W, 100 %, 100 %, 21532 MiB, 24564 MiB, 2655 MHz, 10251 MHz
2026/09/13 12:27:23.749, NVIDIA GeForce RTX 4090, GPU-457328ff-6f8e-1f53-8cc3-68ae75d90604, 595.91.07, P2, 54, 295.19 W, 100 %, 100 %, 21532 MiB, 24564 MiB, 2655 MHz, 10251 MHz
2026/09/13 12:27:24.751, NVIDIA GeForce RTX 4090, GPU-457328ff-6f8e-1f53-8cc3-68ae75d90604, 595.91.07, P2, 54, 295.04 W, 100 %, 100 %, 21532 MiB, 24564 MiB, 2655 MHz, 10251 MHz
2026/09/13 12:27:25.753, NVIDIA GeForce RTX 4090, GPU-457328ff-6f8e-1f53-8cc3-68ae75d90604, 595.91.07, P2, 54, 294.75 W, 100 %, 100 %, 21532 MiB, 24564 MiB, 2655 MHz, 10251 MHz
2026/09/13 12:27:26.754, NVIDIA GeForce RTX 4090, GPU-457328ff-6f8e-1f53-8cc3-68ae75d90604, 595.91.07, P2, 54, 294.64 W, 100 %, 100 %, 21532 MiB, 24564 MiB, 2655 MHz, 10251 MHz
2026/09/13 12:27:27.757, NVIDIA GeForce RTX 4090, GPU-457328ff-6f8e-1f53-8cc3-68ae75d90604, 595.91.07, P2, 54, 294.92 W, 100 %, 100 %, 21532 MiB, 24564 MiB, 2655 MHz, 10251 MHz
2026/09/13 12:27:28.759, NVIDIA GeForce RTX 4090, GPU-457328ff-6f8e-1f53-8cc3-68ae75d90604, 595.91.07, P2, 54, 295.25 W, 100 %, 100 %, 21532 MiB, 24564 MiB, 2655 MHz, 10251 MHz
2026/09/13 12:27:29.761, NVIDIA GeForce RTX 4090, GPU-457328ff-6f8e-1f53-8cc3-68ae75d90604, 595.91.07, P2, 54, 295.40 W, 100 %, 100 %, 21532 MiB, 24564 MiB, 2655 MHz, 10251 MHz
2026/09/13 12:27:30.764, NVIDIA GeForce RTX 4090, GPU-457328ff-6f8e-1f53-8cc3-68ae75d90604, 595.91.07, P2, 54, 295.86 W, 100 %, 100 %, 21532 MiB, 24564 MiB, 2655 MHz, 10251 MHz
2026/09/13 12:27:31.766, NVIDIA GeForce RTX 4090, GPU-457328ff-6f8e-1f53-8cc3-68ae75d90604, 595.91.07, P2, 54, 295.66 W, 100 %, 100 %, 21532 MiB, 24564 MiB, 2655 MHz, 10251 MHz
2026/09/13 12:27:32.769, NVIDIA GeForce RTX 4090, GPU-457328ff-6f8e-1f53-8cc3-68ae75d90604, 595.91.07, P2, 54, 295.56 W, 100 %, 100 %, 21532 MiB, 24564 MiB, 2655 MHz, 10251 MHz
2026/09/13 12:27:33.771, NVIDIA GeForce RTX 4090, GPU-457328ff-6f8e-1f53-8cc3-68ae75d90604, 595.91.07, P2, 54, 295.65 W, 100 %, 100 %, 21532 MiB, 24564 MiB, 2655 MHz, 10251 MHz
2026/09/13 12:27:34.772, NVIDIA GeForce RTX 4090, GPU-457328ff-6f8e-1f53-8cc3-68ae75d90604, 595.91.07, P2, 54, 295.80 W, 100 %, 100 %, 21532 MiB, 24564 MiB, 2655 MHz, 10251 MHz
2026/09/13 12:27:35.775, NVIDIA GeForce RTX 4090, GPU-457328ff-6f8e-1f53-8cc3-68ae75d90604, 595.91.07, P2, 54, 295.96 W, 100 %, 100 %, 21532 MiB, 24564 MiB, 2655 MHz, 10251 MHz
2026/09/13 12:27:36.777, NVIDIA GeForce RTX 4090, GPU-457328ff-6f8e-1f53-8cc3-68ae75d90604, 595.91.07, P2, 54, 296.44 W, 100 %, 100 %, 21532 MiB, 24564 MiB, 2655 MHz, 10251 MHz
2026/09/13 12:27:37.779, NVIDIA GeForce RTX 4090, GPU-457328ff-6f8e-1f53-8cc3-68ae75d90604, 595.91.07, P2, 54, 296.38 W, 100 %, 100 %, 21532 MiB, 24564 MiB, 2655 MHz, 10251 MHz
2026/09/13 12:27:38.782, NVIDIA GeForce RTX 4090, GPU-457328ff-6f8e-1f53-8cc3-68ae75d90604, 595.91.07, P2, 54, 296.42 W, 100 %, 100 %, 21532 MiB, 24564 MiB, 2655 MHz, 10251 MHz
2026/09/13 12:27:39.784, NVIDIA GeForce RTX 4090, GPU-457328ff-6f8e-1f53-8cc3-68ae75d90604, 595.91.07, P2, 54, 295.99 W, 100 %, 100 %, 21532 MiB, 24564 MiB, 2655 MHz, 10251 MHz
2026/09/13 12:27:40.786, NVIDIA GeForce RTX 4090, GPU-457328ff-6f8e-1f53-8cc3-68ae75d90604, 595.91.07, P2, 54, 295.44 W, 100 %, 100 %, 21532 MiB, 24564 MiB, 2655 MHz, 10251 MHz
2026/09/13 12:27:41.788, NVIDIA GeForce RTX 4090, GPU-457328ff-6f8e-1f53-8cc3-68ae75d90604, 595.91.07, P2, 54, 295.23 W, 100 %, 100 %, 21532 MiB, 24564 MiB, 2655 MHz, 10251 MHz
2026/09/13 12:27:42.790, NVIDIA GeForce RTX 4090, GPU-457328ff-6f8e-1f53-8cc3-68ae75d90604, 595.91.07, P2, 54, 295.28 W, 100 %, 100 %, 21532 MiB, 24564 MiB, 2655 MHz, 10251 MHz
2026/09/13 12:27:43.792, NVIDIA GeForce RTX 4090, GPU-457328ff-6f8e-1f53-8cc3-68ae75d90604, 595.91.07, P2, 51, 281.62 W, 28 %, 19 %, 21532 MiB, 24564 MiB, 2655 MHz, 10251 MHz
2026/09/13 12:27:44.795, NVIDIA GeForce RTX 4090, GPU-457328ff-6f8e-1f53-8cc3-68ae75d90604, 595.91.07, P2, 54, 284.93 W, 100 %, 100 %, 21532 MiB, 24564 MiB, 2655 MHz, 10251 MHz
2026/09/13 12:27:45.797, NVIDIA GeForce RTX 4090, GPU-457328ff-6f8e-1f53-8cc3-68ae75d90604, 595.91.07, P2, 54, 297.89 W, 100 %, 100 %, 21532 MiB, 24564 MiB, 2655 MHz, 10251 MHz
2026/09/13 12:27:46.799, NVIDIA GeForce RTX 4090, GPU-457328ff-6f8e-1f53-8cc3-68ae75d90604, 595.91.07, P2, 54, 297.32 W, 100 %, 100 %, 21532 MiB, 24564 MiB, 2655 MHz, 10251 MHz
2026/09/13 12:27:47.802, NVIDIA GeForce RTX 4090, GPU-457328ff-6f8e-1f53-8cc3-68ae75d90604, 595.91.07, P2, 54, 297.28 W, 100 %, 100 %, 21532 MiB, 24564 MiB, 2655 MHz, 10251 MHz
2026/09/13 12:27:48.804, NVIDIA GeForce RTX 4090, GPU-457328ff-6f8e-1f53-8cc3-68ae75d90604, 595.91.07, P2, 54, 297.20 W, 100 %, 100 %, 21532 MiB, 24564 MiB, 2655 MHz, 10251 MHz
2026/09/13 12:27:49.806, NVIDIA GeForce RTX 4090, GPU-457328ff-6f8e-1f53-8cc3-68ae75d90604, 595.91.07, P2, 54, 296.82 W, 100 %, 100 %, 21532 MiB, 24564 MiB, 2655 MHz, 10251 MHz
2026/09/13 12:27:50.808, NVIDIA GeForce RTX 4090, GPU-457328ff-6f8e-1f53-8cc3-68ae75d90604, 595.91.07, P2, 54, 296.96 W, 100 %, 100 %, 21532 MiB, 24564 MiB, 2655 MHz, 10251 MHz
2026/09/13 12:27:51.810, NVIDIA GeForce RTX 4090, GPU-457328ff-6f8e-1f53-8cc3-68ae75d90604, 595.91.07, P2, 54, 296.68 W, 100 %, 100 %, 21532 MiB, 24564 MiB, 2655 MHz, 10251 MHz
2026/09/13 12:27:52.812, NVIDIA GeForce RTX 4090, GPU-457328ff-6f8e-1f53-8cc3-68ae75d90604, 595.91.07, P2, 54, 296.15 W, 100 %, 100 %, 21532 MiB, 24564 MiB, 2655 MHz, 10251 MHz
2026/09/13 12:27:53.814, NVIDIA GeForce RTX 4090, GPU-457328ff-6f8e-1f53-8cc3-68ae75d90604, 595.91.07, P2, 54, 296.14 W, 100 %, 100 %, 21532 MiB, 24564 MiB, 2655 MHz, 10251 MHz
2026/09/13 12:27:54.816, NVIDIA GeForce RTX 4090, GPU-457328ff-6f8e-1f53-8cc3-68ae75d90604, 595.91.07, P2, 54, 295.70 W, 100 %, 100 %, 21532 MiB, 24564 MiB, 2655 MHz, 10251 MHz
2026/09/13 12:27:55.818, NVIDIA GeForce RTX 4090, GPU-457328ff-6f8e-1f53-8cc3-68ae75d90604, 595.91.07, P2, 55, 295.79 W, 100 %, 100 %, 21532 MiB, 24564 MiB, 2655 MHz, 10251 MHz
2026/09/13 12:27:56.821, NVIDIA GeForce RTX 4090, GPU-457328ff-6f8e-1f53-8cc3-68ae75d90604, 595.91.07, P2, 55, 295.73 W, 100 %, 100 %, 21532 MiB, 24564 MiB, 2655 MHz, 10251 MHz
2026/09/13 12:27:57.823, NVIDIA GeForce RTX 4090, GPU-457328ff-6f8e-1f53-8cc3-68ae75d90604, 595.91.07, P2, 55, 295.80 W, 100 %, 100 %, 21532 MiB, 24564 MiB, 2655 MHz, 10251 MHz
2026/09/13 12:27:58.825, NVIDIA GeForce RTX 4090, GPU-457328ff-6f8e-1f53-8cc3-68ae75d90604, 595.91.07, P2, 55, 295.99 W, 100 %, 100 %, 21532 MiB, 24564 MiB, 2655 MHz, 10251 MHz
2026/09/13 12:27:59.827, NVIDIA GeForce RTX 4090, GPU-457328ff-6f8e-1f53-8cc3-68ae75d90604, 595.91.07, P2, 55, 295.71 W, 100 %, 100 %, 21532 MiB, 24564 MiB, 2655 MHz, 10251 MHz
2026/09/13 12:28:00.829, NVIDIA GeForce RTX 4090, GPU-457328ff-6f8e-1f53-8cc3-68ae75d90604, 595.91.07, P2, 55, 295.80 W, 100 %, 100 %, 21532 MiB, 24564 MiB, 2655 MHz, 10251 MHz
2026/09/13 12:28:01.832, NVIDIA GeForce RTX 4090, GPU-457328ff-6f8e-1f53-8cc3-68ae75d90604, 595.91.07, P2, 55, 296.23 W, 100 %, 100 %, 21532 MiB, 24564 MiB, 2655 MHz, 10251 MHz
2026/09/13 12:28:02.833, NVIDIA GeForce RTX 4090, GPU-457328ff-6f8e-1f53-8cc3-68ae75d90604, 595.91.07, P2, 55, 296.26 W, 100 %, 100 %, 21532 MiB, 24564 MiB, 2655 MHz, 10251 MHz
2026/09/13 12:28:03.835, NVIDIA GeForce RTX 4090, GPU-457328ff-6f8e-1f53-8cc3-68ae75d90604, 595.91.07, P2, 55, 296.01 W, 100 %, 100 %, 21532 MiB, 24564 MiB, 2655 MHz, 10251 MHz
2026/09/13 12:28:04.838, NVIDIA GeForce RTX 4090, GPU-457328ff-6f8e-1f53-8cc3-68ae75d90604, 595.91.07, P2, 55, 296.01 W, 100 %, 100 %, 21532 MiB, 24564 MiB, 2655 MHz, 10251 MHz
2026/09/13 12:28:05.839, NVIDIA GeForce RTX 4090, GPU-457328ff-6f8e-1f53-8cc3-68ae75d90604, 595.91.07, P2, 55, 296.11 W, 100 %, 100 %, 21532 MiB, 24564 MiB, 2655 MHz, 10251 MHz
2026/09/13 12:28:06.841, NVIDIA GeForce RTX 4090, GPU-457328ff-6f8e-1f53-8cc3-68ae75d90604, 595.91.07, P2, 55, 295.87 W, 100 %, 100 %, 21532 MiB, 24564 MiB, 2655 MHz, 10251 MHz
2026/09/13 12:28:07.843, NVIDIA GeForce RTX 4090, GPU-457328ff-6f8e-1f53-8cc3-68ae75d90604, 595.91.07, P2, 55, 295.98 W, 100 %, 100 %, 21532 MiB, 24564 MiB, 2655 MHz, 10251 MHz
2026/09/13 12:28:08.845, NVIDIA GeForce RTX 4090, GPU-457328ff-6f8e-1f53-8cc3-68ae75d90604, 595.91.07, P2, 55, 296.18 W, 100 %, 100 %, 21532 MiB, 24564 MiB, 2655 MHz, 10251 MHz
2026/09/13 12:28:09.847, NVIDIA GeForce RTX 4090, GPU-457328ff-6f8e-1f53-8cc3-68ae75d90604, 595.91.07, P2, 55, 295.92 W, 100 %, 100 %, 21532 MiB, 24564 MiB, 2655 MHz, 10251 MHz
2026/09/13 12:28:10.849, NVIDIA GeForce RTX 4090, GPU-457328ff-6f8e-1f53-8cc3-68ae75d90604, 595.91.07, P2, 55, 296.10 W, 100 %, 100 %, 21532 MiB, 24564 MiB, 2655 MHz, 10251 MHz
2026/09/13 12:28:11.851, NVIDIA GeForce RTX 4090, GPU-457328ff-6f8e-1f53-8cc3-68ae75d90604, 595.91.07, P2, 55, 295.83 W, 100 %, 100 %, 21532 MiB, 24564 MiB, 2655 MHz, 10251 MHz
2026/09/13 12:28:12.853, NVIDIA GeForce RTX 4090, GPU-457328ff-6f8e-1f53-8cc3-68ae75d90604, 595.91.07, P2, 55, 295.95 W, 100 %, 100 %, 21532 MiB, 24564 MiB, 2655 MHz, 10251 MHz
2026/09/13 12:28:13.855, NVIDIA GeForce RTX 4090, GPU-457328ff-6f8e-1f53-8cc3-68ae75d90604, 595.91.07, P2, 55, 295.86 W, 100 %, 100 %, 21532 MiB, 24564 MiB, 2640 MHz, 10251 MHz
2026/09/13 12:28:14.857, NVIDIA GeForce RTX 4090, GPU-457328ff-6f8e-1f53-8cc3-68ae75d90604, 595.91.07, P2, 55, 295.96 W, 100 %, 100 %, 21532 MiB, 24564 MiB, 2640 MHz, 10251 MHz
2026/09/13 12:28:15.860, NVIDIA GeForce RTX 4090, GPU-457328ff-6f8e-1f53-8cc3-68ae75d90604, 595.91.07, P2, 55, 296.00 W, 100 %, 100 %, 21532 MiB, 24564 MiB, 2640 MHz, 10251 MHz
2026/09/13 12:28:16.862, NVIDIA GeForce RTX 4090, GPU-457328ff-6f8e-1f53-8cc3-68ae75d90604, 595.91.07, P2, 55, 296.11 W, 100 %, 100 %, 21532 MiB, 24564 MiB, 2640 MHz, 10251 MHz
2026/09/13 12:28:17.864, NVIDIA GeForce RTX 4090, GPU-457328ff-6f8e-1f53-8cc3-68ae75d90604, 595.91.07, P2, 55, 296.28 W, 100 %, 100 %, 21532 MiB, 24564 MiB, 2640 MHz, 10251 MHz
2026/09/13 12:28:18.866, NVIDIA GeForce RTX 4090, GPU-457328ff-6f8e-1f53-8cc3-68ae75d90604, 595.91.07, P2, 55, 295.88 W, 100 %, 100 %, 21532 MiB, 24564 MiB, 2640 MHz, 10251 MHz
2026/09/13 12:28:19.868, NVIDIA GeForce RTX 4090, GPU-457328ff-6f8e-1f53-8cc3-68ae75d90604, 595.91.07, P2, 55, 296.07 W, 100 %, 100 %, 21532 MiB, 24564 MiB, 2640 MHz, 10251 MHz
2026/09/13 12:28:20.870, NVIDIA GeForce RTX 4090, GPU-457328ff-6f8e-1f53-8cc3-68ae75d90604, 595.91.07, P2, 55, 296.40 W, 100 %, 100 %, 21532 MiB, 24564 MiB, 2640 MHz, 10251 MHz
2026/09/13 12:28:21.871, NVIDIA GeForce RTX 4090, GPU-457328ff-6f8e-1f53-8cc3-68ae75d90604, 595.91.07, P2, 55, 296.03 W, 100 %, 100 %, 21532 MiB, 24564 MiB, 2640 MHz, 10251 MHz
2026/09/13 12:28:22.873, NVIDIA GeForce RTX 4090, GPU-457328ff-6f8e-1f53-8cc3-68ae75d90604, 595.91.07, P2, 55, 295.60 W, 100 %, 100 %, 21532 MiB, 24564 MiB, 2640 MHz, 10251 MHz
2026/09/13 12:28:23.875, NVIDIA GeForce RTX 4090, GPU-457328ff-6f8e-1f53-8cc3-68ae75d90604, 595.91.07, P2, 55, 295.43 W, 100 %, 100 %, 21532 MiB, 24564 MiB, 2640 MHz, 10251 MHz
2026/09/13 12:28:24.878, NVIDIA GeForce RTX 4090, GPU-457328ff-6f8e-1f53-8cc3-68ae75d90604, 595.91.07, P2, 52, 289.37 W, 67 %, 73 %, 21532 MiB, 24564 MiB, 2640 MHz, 10251 MHz
2026/09/13 12:28:25.880, NVIDIA GeForce RTX 4090, GPU-457328ff-6f8e-1f53-8cc3-68ae75d90604, 595.91.07, P2, 55, 282.55 W, 100 %, 100 %, 21532 MiB, 24564 MiB, 2640 MHz, 10251 MHz
2026/09/13 12:28:26.882, NVIDIA GeForce RTX 4090, GPU-457328ff-6f8e-1f53-8cc3-68ae75d90604, 595.91.07, P2, 55, 298.23 W, 100 %, 100 %, 21532 MiB, 24564 MiB, 2640 MHz, 10251 MHz
2026/09/13 12:28:27.883, NVIDIA GeForce RTX 4090, GPU-457328ff-6f8e-1f53-8cc3-68ae75d90604, 595.91.07, P2, 55, 298.06 W, 100 %, 100 %, 21532 MiB, 24564 MiB, 2640 MHz, 10251 MHz
2026/09/13 12:28:28.885, NVIDIA GeForce RTX 4090, GPU-457328ff-6f8e-1f53-8cc3-68ae75d90604, 595.91.07, P2, 55, 297.82 W, 100 %, 100 %, 21532 MiB, 24564 MiB, 2640 MHz, 10251 MHz
2026/09/13 12:28:29.887, NVIDIA GeForce RTX 4090, GPU-457328ff-6f8e-1f53-8cc3-68ae75d90604, 595.91.07, P2, 55, 297.85 W, 100 %, 100 %, 21532 MiB, 24564 MiB, 2640 MHz, 10251 MHz
2026/09/13 12:28:30.890, NVIDIA GeForce RTX 4090, GPU-457328ff-6f8e-1f53-8cc3-68ae75d90604, 595.91.07, P2, 55, 297.77 W, 100 %, 100 %, 21532 MiB, 24564 MiB, 2640 MHz, 10251 MHz
2026/09/13 12:28:31.891, NVIDIA GeForce RTX 4090, GPU-457328ff-6f8e-1f53-8cc3-68ae75d90604, 595.91.07, P2, 55, 297.48 W, 100 %, 100 %, 21532 MiB, 24564 MiB, 2640 MHz, 10251 MHz
2026/09/13 12:28:32.894, NVIDIA GeForce RTX 4090, GPU-457328ff-6f8e-1f53-8cc3-68ae75d90604, 595.91.07, P2, 55, 297.08 W, 100 %, 100 %, 21532 MiB, 24564 MiB, 2640 MHz, 10251 MHz
2026/09/13 12:28:33.896, NVIDIA GeForce RTX 4090, GPU-457328ff-6f8e-1f53-8cc3-68ae75d90604, 595.91.07, P2, 55, 297.17 W, 100 %, 100 %, 21532 MiB, 24564 MiB, 2640 MHz, 10251 MHz
2026/09/13 12:28:34.898, NVIDIA GeForce RTX 4090, GPU-457328ff-6f8e-1f53-8cc3-68ae75d90604, 595.91.07, P2, 55, 297.33 W, 100 %, 100 %, 21532 MiB, 24564 MiB, 2640 MHz, 10251 MHz
2026/09/13 12:28:35.900, NVIDIA GeForce RTX 4090, GPU-457328ff-6f8e-1f53-8cc3-68ae75d90604, 595.91.07, P2, 55, 296.90 W, 100 %, 100 %, 21532 MiB, 24564 MiB, 2640 MHz, 10251 MHz
2026/09/13 12:28:36.902, NVIDIA GeForce RTX 4090, GPU-457328ff-6f8e-1f53-8cc3-68ae75d90604, 595.91.07, P2, 55, 296.66 W, 100 %, 100 %, 21532 MiB, 24564 MiB, 2640 MHz, 10251 MHz
2026/09/13 12:28:37.904, NVIDIA GeForce RTX 4090, GPU-457328ff-6f8e-1f53-8cc3-68ae75d90604, 595.91.07, P2, 55, 296.65 W, 100 %, 100 %, 21532 MiB, 24564 MiB, 2640 MHz, 10251 MHz
2026/09/13 12:28:38.905, NVIDIA GeForce RTX 4090, GPU-457328ff-6f8e-1f53-8cc3-68ae75d90604, 595.91.07, P2, 55, 296.50 W, 100 %, 100 %, 21532 MiB, 24564 MiB, 2640 MHz, 10251 MHz
2026/09/13 12:28:39.907, NVIDIA GeForce RTX 4090, GPU-457328ff-6f8e-1f53-8cc3-68ae75d90604, 595.91.07, P2, 55, 296.30 W, 100 %, 100 %, 21532 MiB, 24564 MiB, 2640 MHz, 10251 MHz
2026/09/13 12:28:40.909, NVIDIA GeForce RTX 4090, GPU-457328ff-6f8e-1f53-8cc3-68ae75d90604, 595.91.07, P2, 55, 296.39 W, 100 %, 100 %, 21532 MiB, 24564 MiB, 2640 MHz, 10251 MHz
2026/09/13 12:28:41.911, NVIDIA GeForce RTX 4090, GPU-457328ff-6f8e-1f53-8cc3-68ae75d90604, 595.91.07, P2, 55, 296.46 W, 100 %, 100 %, 21532 MiB, 24564 MiB, 2640 MHz, 10251 MHz
2026/09/13 12:28:42.913, NVIDIA GeForce RTX 4090, GPU-457328ff-6f8e-1f53-8cc3-68ae75d90604, 595.91.07, P2, 55, 296.21 W, 100 %, 100 %, 21532 MiB, 24564 MiB, 2640 MHz, 10251 MHz
2026/09/13 12:28:43.915, NVIDIA GeForce RTX 4090, GPU-457328ff-6f8e-1f53-8cc3-68ae75d90604, 595.91.07, P2, 55, 296.43 W, 100 %, 100 %, 21532 MiB, 24564 MiB, 2640 MHz, 10251 MHz
2026/09/13 12:28:44.917, NVIDIA GeForce RTX 4090, GPU-457328ff-6f8e-1f53-8cc3-68ae75d90604, 595.91.07, P2, 55, 291.75 W, 100 %, 100 %, 21532 MiB, 24564 MiB, 2640 MHz, 10251 MHz
2026/09/13 12:28:45.920, NVIDIA GeForce RTX 4090, GPU-457328ff-6f8e-1f53-8cc3-68ae75d90604, 595.91.07, P2, 55, 298.74 W, 100 %, 100 %, 21532 MiB, 24564 MiB, 2640 MHz, 10251 MHz
2026/09/13 12:28:46.922, NVIDIA GeForce RTX 4090, GPU-457328ff-6f8e-1f53-8cc3-68ae75d90604, 595.91.07, P2, 55, 298.61 W, 100 %, 100 %, 21532 MiB, 24564 MiB, 2640 MHz, 10251 MHz
2026/09/13 12:28:47.924, NVIDIA GeForce RTX 4090, GPU-457328ff-6f8e-1f53-8cc3-68ae75d90604, 595.91.07, P2, 55, 298.24 W, 100 %, 100 %, 21532 MiB, 24564 MiB, 2640 MHz, 10251 MHz
2026/09/13 12:28:48.926, NVIDIA GeForce RTX 4090, GPU-457328ff-6f8e-1f53-8cc3-68ae75d90604, 595.91.07, P2, 55, 297.56 W, 100 %, 100 %, 21532 MiB, 24564 MiB, 2640 MHz, 10251 MHz
2026/09/13 12:28:49.928, NVIDIA GeForce RTX 4090, GPU-457328ff-6f8e-1f53-8cc3-68ae75d90604, 595.91.07, P2, 55, 297.61 W, 100 %, 100 %, 21532 MiB, 24564 MiB, 2640 MHz, 10251 MHz
2026/09/13 12:28:50.930, NVIDIA GeForce RTX 4090, GPU-457328ff-6f8e-1f53-8cc3-68ae75d90604, 595.91.07, P2, 55, 297.27 W, 100 %, 100 %, 21532 MiB, 24564 MiB, 2640 MHz, 10251 MHz
2026/09/13 12:28:51.931, NVIDIA GeForce RTX 4090, GPU-457328ff-6f8e-1f53-8cc3-68ae75d90604, 595.91.07, P2, 55, 297.13 W, 100 %, 100 %, 21532 MiB, 24564 MiB, 2640 MHz, 10251 MHz
2026/09/13 12:28:52.932, NVIDIA GeForce RTX 4090, GPU-457328ff-6f8e-1f53-8cc3-68ae75d90604, 595.91.07, P2, 55, 297.08 W, 100 %, 100 %, 21532 MiB, 24564 MiB, 2640 MHz, 10251 MHz
2026/09/13 12:28:53.934, NVIDIA GeForce RTX 4090, GPU-457328ff-6f8e-1f53-8cc3-68ae75d90604, 595.91.07, P2, 56, 296.89 W, 100 %, 100 %, 21532 MiB, 24564 MiB, 2640 MHz, 10251 MHz
2026/09/13 12:28:54.936, NVIDIA GeForce RTX 4090, GPU-457328ff-6f8e-1f53-8cc3-68ae75d90604, 595.91.07, P2, 56, 297.14 W, 100 %, 100 %, 21532 MiB, 24564 MiB, 2640 MHz, 10251 MHz
2026/09/13 12:28:55.938, NVIDIA GeForce RTX 4090, GPU-457328ff-6f8e-1f53-8cc3-68ae75d90604, 595.91.07, P2, 55, 296.61 W, 100 %, 100 %, 21532 MiB, 24564 MiB, 2640 MHz, 10251 MHz
2026/09/13 12:28:56.939, NVIDIA GeForce RTX 4090, GPU-457328ff-6f8e-1f53-8cc3-68ae75d90604, 595.91.07, P2, 56, 296.37 W, 100 %, 100 %, 21532 MiB, 24564 MiB, 2640 MHz, 10251 MHz
2026/09/13 12:28:57.941, NVIDIA GeForce RTX 4090, GPU-457328ff-6f8e-1f53-8cc3-68ae75d90604, 595.91.07, P2, 56, 296.42 W, 100 %, 100 %, 21532 MiB, 24564 MiB, 2640 MHz, 10251 MHz
2026/09/13 12:28:58.943, NVIDIA GeForce RTX 4090, GPU-457328ff-6f8e-1f53-8cc3-68ae75d90604, 595.91.07, P2, 56, 296.68 W, 100 %, 100 %, 21532 MiB, 24564 MiB, 2640 MHz, 10251 MHz
2026/09/13 12:28:59.945, NVIDIA GeForce RTX 4090, GPU-457328ff-6f8e-1f53-8cc3-68ae75d90604, 595.91.07, P2, 56, 296.37 W, 100 %, 100 %, 21532 MiB, 24564 MiB, 2640 MHz, 10251 MHz
2026/09/13 12:29:00.947, NVIDIA GeForce RTX 4090, GPU-457328ff-6f8e-1f53-8cc3-68ae75d90604, 595.91.07, P2, 56, 296.33 W, 100 %, 100 %, 21532 MiB, 24564 MiB, 2640 MHz, 10251 MHz
2026/09/13 12:29:01.949, NVIDIA GeForce RTX 4090, GPU-457328ff-6f8e-1f53-8cc3-68ae75d90604, 595.91.07, P2, 56, 296.26 W, 100 %, 100 %, 21532 MiB, 24564 MiB, 2640 MHz, 10251 MHz
2026/09/13 12:29:02.951, NVIDIA GeForce RTX 4090, GPU-457328ff-6f8e-1f53-8cc3-68ae75d90604, 595.91.07, P2, 56, 296.40 W, 100 %, 100 %, 21532 MiB, 24564 MiB, 2640 MHz, 10251 MHz
2026/09/13 12:29:03.953, NVIDIA GeForce RTX 4090, GPU-457328ff-6f8e-1f53-8cc3-68ae75d90604, 595.91.07, P2, 56, 296.34 W, 100 %, 100 %, 21532 MiB, 24564 MiB, 2640 MHz, 10251 MHz
2026/09/13 12:29:04.955, NVIDIA GeForce RTX 4090, GPU-457328ff-6f8e-1f53-8cc3-68ae75d90604, 595.91.07, P2, 56, 296.60 W, 100 %, 100 %, 21532 MiB, 24564 MiB, 2640 MHz, 10251 MHz
2026/09/13 12:29:05.957, NVIDIA GeForce RTX 4090, GPU-457328ff-6f8e-1f53-8cc3-68ae75d90604, 595.91.07, P2, 56, 296.76 W, 100 %, 100 %, 21532 MiB, 24564 MiB, 2640 MHz, 10251 MHz
2026/09/13 12:29:06.959, NVIDIA GeForce RTX 4090, GPU-457328ff-6f8e-1f53-8cc3-68ae75d90604, 595.91.07, P2, 56, 296.84 W, 100 %, 100 %, 21532 MiB, 24564 MiB, 2640 MHz, 10251 MHz
2026/09/13 12:29:07.961, NVIDIA GeForce RTX 4090, GPU-457328ff-6f8e-1f53-8cc3-68ae75d90604, 595.91.07, P2, 56, 296.97 W, 100 %, 100 %, 21532 MiB, 24564 MiB, 2640 MHz, 10251 MHz
2026/09/13 12:29:08.963, NVIDIA GeForce RTX 4090, GPU-457328ff-6f8e-1f53-8cc3-68ae75d90604, 595.91.07, P2, 56, 296.89 W, 100 %, 100 %, 21532 MiB, 24564 MiB, 2640 MHz, 10251 MHz
2026/09/13 12:29:09.965, NVIDIA GeForce RTX 4090, GPU-457328ff-6f8e-1f53-8cc3-68ae75d90604, 595.91.07, P2, 56, 296.80 W, 100 %, 100 %, 21532 MiB, 24564 MiB, 2640 MHz, 10251 MHz
2026/09/13 12:29:10.967, NVIDIA GeForce RTX 4090, GPU-457328ff-6f8e-1f53-8cc3-68ae75d90604, 595.91.07, P2, 56, 296.82 W, 100 %, 100 %, 21532 MiB, 24564 MiB, 2640 MHz, 10251 MHz
2026/09/13 12:29:11.969, NVIDIA GeForce RTX 4090, GPU-457328ff-6f8e-1f53-8cc3-68ae75d90604, 595.91.07, P2, 56, 296.87 W, 100 %, 100 %, 21532 MiB, 24564 MiB, 2640 MHz, 10251 MHz
2026/09/13 12:29:12.971, NVIDIA GeForce RTX 4090, GPU-457328ff-6f8e-1f53-8cc3-68ae75d90604, 595.91.07, P2, 56, 297.24 W, 100 %, 100 %, 21532 MiB, 24564 MiB, 2640 MHz, 10251 MHz
2026/09/13 12:29:13.973, NVIDIA GeForce RTX 4090, GPU-457328ff-6f8e-1f53-8cc3-68ae75d90604, 595.91.07, P2, 56, 297.07 W, 100 %, 100 %, 21532 MiB, 24564 MiB, 2640 MHz, 10251 MHz
2026/09/13 12:29:14.976, NVIDIA GeForce RTX 4090, GPU-457328ff-6f8e-1f53-8cc3-68ae75d90604, 595.91.07, P2, 56, 296.97 W, 100 %, 100 %, 21532 MiB, 24564 MiB, 2640 MHz, 10251 MHz
2026/09/13 12:29:15.978, NVIDIA GeForce RTX 4090, GPU-457328ff-6f8e-1f53-8cc3-68ae75d90604, 595.91.07, P2, 56, 297.04 W, 100 %, 100 %, 21532 MiB, 24564 MiB, 2640 MHz, 10251 MHz
2026/09/13 12:29:16.980, NVIDIA GeForce RTX 4090, GPU-457328ff-6f8e-1f53-8cc3-68ae75d90604, 595.91.07, P2, 56, 297.26 W, 100 %, 100 %, 21532 MiB, 24564 MiB, 2640 MHz, 10251 MHz
2026/09/13 12:29:17.983, NVIDIA GeForce RTX 4090, GPU-457328ff-6f8e-1f53-8cc3-68ae75d90604, 595.91.07, P2, 56, 297.25 W, 100 %, 100 %, 21532 MiB, 24564 MiB, 2640 MHz, 10251 MHz
2026/09/13 12:29:18.985, NVIDIA GeForce RTX 4090, GPU-457328ff-6f8e-1f53-8cc3-68ae75d90604, 595.91.07, P2, 56, 297.06 W, 100 %, 100 %, 21532 MiB, 24564 MiB, 2640 MHz, 10251 MHz
2026/09/13 12:29:19.987, NVIDIA GeForce RTX 4090, GPU-457328ff-6f8e-1f53-8cc3-68ae75d90604, 595.91.07, P2, 56, 297.29 W, 100 %, 100 %, 21532 MiB, 24564 MiB, 2640 MHz, 10251 MHz
2026/09/13 12:29:20.988, NVIDIA GeForce RTX 4090, GPU-457328ff-6f8e-1f53-8cc3-68ae75d90604, 595.91.07, P2, 56, 297.59 W, 100 %, 100 %, 21532 MiB, 24564 MiB, 2640 MHz, 10251 MHz
2026/09/13 12:29:21.990, NVIDIA GeForce RTX 4090, GPU-457328ff-6f8e-1f53-8cc3-68ae75d90604, 595.91.07, P2, 56, 297.30 W, 100 %, 100 %, 21532 MiB, 24564 MiB, 2640 MHz, 10251 MHz
2026/09/13 12:29:22.993, NVIDIA GeForce RTX 4090, GPU-457328ff-6f8e-1f53-8cc3-68ae75d90604, 595.91.07, P2, 56, 296.52 W, 100 %, 100 %, 21532 MiB, 24564 MiB, 2640 MHz, 10251 MHz
2026/09/13 12:29:23.995, NVIDIA GeForce RTX 4090, GPU-457328ff-6f8e-1f53-8cc3-68ae75d90604, 595.91.07, P2, 56, 296.20 W, 100 %, 100 %, 21532 MiB, 24564 MiB, 2640 MHz, 10251 MHz
2026/09/13 12:29:24.998, NVIDIA GeForce RTX 4090, GPU-457328ff-6f8e-1f53-8cc3-68ae75d90604, 595.91.07, P2, 56, 296.02 W, 100 %, 100 %, 21532 MiB, 24564 MiB, 2640 MHz, 10251 MHz
2026/09/13 12:29:26.000, NVIDIA GeForce RTX 4090, GPU-457328ff-6f8e-1f53-8cc3-68ae75d90604, 595.91.07, P2, 56, 283.00 W, 100 %, 100 %, 21532 MiB, 24564 MiB, 2640 MHz, 10251 MHz
2026/09/13 12:29:27.002, NVIDIA GeForce RTX 4090, GPU-457328ff-6f8e-1f53-8cc3-68ae75d90604, 595.91.07, P2, 56, 298.40 W, 100 %, 100 %, 21532 MiB, 24564 MiB, 2640 MHz, 10251 MHz
2026/09/13 12:29:28.004, NVIDIA GeForce RTX 4090, GPU-457328ff-6f8e-1f53-8cc3-68ae75d90604, 595.91.07, P2, 56, 297.85 W, 100 %, 100 %, 21532 MiB, 24564 MiB, 2640 MHz, 10251 MHz
2026/09/13 12:29:29.007, NVIDIA GeForce RTX 4090, GPU-457328ff-6f8e-1f53-8cc3-68ae75d90604, 595.91.07, P2, 56, 298.04 W, 100 %, 100 %, 21532 MiB, 24564 MiB, 2640 MHz, 10251 MHz
2026/09/13 12:29:30.009, NVIDIA GeForce RTX 4090, GPU-457328ff-6f8e-1f53-8cc3-68ae75d90604, 595.91.07, P2, 56, 297.70 W, 100 %, 100 %, 21532 MiB, 24564 MiB, 2640 MHz, 10251 MHz
2026/09/13 12:29:31.011, NVIDIA GeForce RTX 4090, GPU-457328ff-6f8e-1f53-8cc3-68ae75d90604, 595.91.07, P2, 56, 297.55 W, 100 %, 100 %, 21532 MiB, 24564 MiB, 2640 MHz, 10251 MHz
2026/09/13 12:29:32.013, NVIDIA GeForce RTX 4090, GPU-457328ff-6f8e-1f53-8cc3-68ae75d90604, 595.91.07, P2, 56, 297.46 W, 100 %, 100 %, 21532 MiB, 24564 MiB, 2640 MHz, 10251 MHz
2026/09/13 12:29:33.015, NVIDIA GeForce RTX 4090, GPU-457328ff-6f8e-1f53-8cc3-68ae75d90604, 595.91.07, P2, 56, 297.47 W, 100 %, 100 %, 21532 MiB, 24564 MiB, 2640 MHz, 10251 MHz
2026/09/13 12:29:34.017, NVIDIA GeForce RTX 4090, GPU-457328ff-6f8e-1f53-8cc3-68ae75d90604, 595.91.07, P2, 56, 297.85 W, 100 %, 100 %, 21532 MiB, 24564 MiB, 2640 MHz, 10251 MHz
2026/09/13 12:29:35.018, NVIDIA GeForce RTX 4090, GPU-457328ff-6f8e-1f53-8cc3-68ae75d90604, 595.91.07, P2, 56, 297.57 W, 100 %, 100 %, 21532 MiB, 24564 MiB, 2640 MHz, 10251 MHz
2026/09/13 12:29:36.021, NVIDIA GeForce RTX 4090, GPU-457328ff-6f8e-1f53-8cc3-68ae75d90604, 595.91.07, P2, 56, 297.72 W, 100 %, 100 %, 21532 MiB, 24564 MiB, 2640 MHz, 10251 MHz
2026/09/13 12:29:37.024, NVIDIA GeForce RTX 4090, GPU-457328ff-6f8e-1f53-8cc3-68ae75d90604, 595.91.07, P2, 56, 297.36 W, 100 %, 100 %, 21532 MiB, 24564 MiB, 2640 MHz, 10251 MHz
2026/09/13 12:29:38.026, NVIDIA GeForce RTX 4090, GPU-457328ff-6f8e-1f53-8cc3-68ae75d90604, 595.91.07, P2, 56, 297.23 W, 100 %, 100 %, 21532 MiB, 24564 MiB, 2640 MHz, 10251 MHz
2026/09/13 12:29:39.027, NVIDIA GeForce RTX 4090, GPU-457328ff-6f8e-1f53-8cc3-68ae75d90604, 595.91.07, P2, 56, 290.70 W, 100 %, 100 %, 21532 MiB, 24564 MiB, 2640 MHz, 10251 MHz
2026/09/13 12:29:40.030, NVIDIA GeForce RTX 4090, GPU-457328ff-6f8e-1f53-8cc3-68ae75d90604, 595.91.07, P2, 56, 298.50 W, 100 %, 100 %, 21532 MiB, 24564 MiB, 2640 MHz, 10251 MHz
2026/09/13 12:29:41.033, NVIDIA GeForce RTX 4090, GPU-457328ff-6f8e-1f53-8cc3-68ae75d90604, 595.91.07, P2, 56, 298.66 W, 100 %, 100 %, 21532 MiB, 24564 MiB, 2640 MHz, 10251 MHz
2026/09/13 12:29:42.035, NVIDIA GeForce RTX 4090, GPU-457328ff-6f8e-1f53-8cc3-68ae75d90604, 595.91.07, P2, 56, 298.61 W, 100 %, 100 %, 21532 MiB, 24564 MiB, 2640 MHz, 10251 MHz
2026/09/13 12:29:43.038, NVIDIA GeForce RTX 4090, GPU-457328ff-6f8e-1f53-8cc3-68ae75d90604, 595.91.07, P2, 56, 298.73 W, 100 %, 100 %, 21532 MiB, 24564 MiB, 2640 MHz, 10251 MHz
2026/09/13 12:29:44.040, NVIDIA GeForce RTX 4090, GPU-457328ff-6f8e-1f53-8cc3-68ae75d90604, 595.91.07, P2, 56, 298.20 W, 100 %, 100 %, 21532 MiB, 24564 MiB, 2640 MHz, 10251 MHz
2026/09/13 12:29:45.043, NVIDIA GeForce RTX 4090, GPU-457328ff-6f8e-1f53-8cc3-68ae75d90604, 595.91.07, P2, 56, 298.17 W, 100 %, 100 %, 21532 MiB, 24564 MiB, 2640 MHz, 10251 MHz
2026/09/13 12:29:46.045, NVIDIA GeForce RTX 4090, GPU-457328ff-6f8e-1f53-8cc3-68ae75d90604, 595.91.07, P2, 56, 298.10 W, 100 %, 100 %, 21532 MiB, 24564 MiB, 2640 MHz, 10251 MHz
2026/09/13 12:29:47.047, NVIDIA GeForce RTX 4090, GPU-457328ff-6f8e-1f53-8cc3-68ae75d90604, 595.91.07, P2, 56, 297.82 W, 100 %, 100 %, 21532 MiB, 24564 MiB, 2640 MHz, 10251 MHz
2026/09/13 12:29:48.050, NVIDIA GeForce RTX 4090, GPU-457328ff-6f8e-1f53-8cc3-68ae75d90604, 595.91.07, P2, 56, 297.59 W, 100 %, 100 %, 21532 MiB, 24564 MiB, 2640 MHz, 10251 MHz
2026/09/13 12:29:49.053, NVIDIA GeForce RTX 4090, GPU-457328ff-6f8e-1f53-8cc3-68ae75d90604, 595.91.07, P2, 56, 297.45 W, 100 %, 100 %, 21532 MiB, 24564 MiB, 2640 MHz, 10251 MHz
2026/09/13 12:29:50.056, NVIDIA GeForce RTX 4090, GPU-457328ff-6f8e-1f53-8cc3-68ae75d90604, 595.91.07, P2, 56, 297.46 W, 100 %, 100 %, 21532 MiB, 24564 MiB, 2640 MHz, 10251 MHz
2026/09/13 12:29:51.058, NVIDIA GeForce RTX 4090, GPU-457328ff-6f8e-1f53-8cc3-68ae75d90604, 595.91.07, P2, 56, 297.37 W, 100 %, 100 %, 21532 MiB, 24564 MiB, 2640 MHz, 10251 MHz
2026/09/13 12:29:52.061, NVIDIA GeForce RTX 4090, GPU-457328ff-6f8e-1f53-8cc3-68ae75d90604, 595.91.07, P2, 56, 297.07 W, 100 %, 100 %, 21532 MiB, 24564 MiB, 2640 MHz, 10251 MHz
2026/09/13 12:29:53.064, NVIDIA GeForce RTX 4090, GPU-457328ff-6f8e-1f53-8cc3-68ae75d90604, 595.91.07, P2, 56, 297.12 W, 100 %, 100 %, 21532 MiB, 24564 MiB, 2640 MHz, 10251 MHz
2026/09/13 12:29:54.066, NVIDIA GeForce RTX 4090, GPU-457328ff-6f8e-1f53-8cc3-68ae75d90604, 595.91.07, P2, 56, 297.16 W, 100 %, 100 %, 21532 MiB, 24564 MiB, 2640 MHz, 10251 MHz
2026/09/13 12:29:55.068, NVIDIA GeForce RTX 4090, GPU-457328ff-6f8e-1f53-8cc3-68ae75d90604, 595.91.07, P2, 56, 297.24 W, 100 %, 100 %, 21532 MiB, 24564 MiB, 2640 MHz, 10251 MHz
2026/09/13 12:29:56.070, NVIDIA GeForce RTX 4090, GPU-457328ff-6f8e-1f53-8cc3-68ae75d90604, 595.91.07, P2, 56, 297.08 W, 100 %, 100 %, 21532 MiB, 24564 MiB, 2640 MHz, 10251 MHz
2026/09/13 12:29:57.072, NVIDIA GeForce RTX 4090, GPU-457328ff-6f8e-1f53-8cc3-68ae75d90604, 595.91.07, P2, 56, 296.86 W, 100 %, 100 %, 21532 MiB, 24564 MiB, 2640 MHz, 10251 MHz
2026/09/13 12:29:58.075, NVIDIA GeForce RTX 4090, GPU-457328ff-6f8e-1f53-8cc3-68ae75d90604, 595.91.07, P2, 56, 296.91 W, 100 %, 100 %, 21532 MiB, 24564 MiB, 2640 MHz, 10251 MHz
2026/09/13 12:29:59.077, NVIDIA GeForce RTX 4090, GPU-457328ff-6f8e-1f53-8cc3-68ae75d90604, 595.91.07, P2, 56, 297.02 W, 100 %, 100 %, 21532 MiB, 24564 MiB, 2640 MHz, 10251 MHz
2026/09/13 12:30:00.079, NVIDIA GeForce RTX 4090, GPU-457328ff-6f8e-1f53-8cc3-68ae75d90604, 595.91.07, P2, 56, 296.83 W, 100 %, 100 %, 21532 MiB, 24564 MiB, 2640 MHz, 10251 MHz
2026/09/13 12:30:01.081, NVIDIA GeForce RTX 4090, GPU-457328ff-6f8e-1f53-8cc3-68ae75d90604, 595.91.07, P2, 56, 296.86 W, 100 %, 100 %, 21532 MiB, 24564 MiB, 2640 MHz, 10251 MHz
2026/09/13 12:30:02.084, NVIDIA GeForce RTX 4090, GPU-457328ff-6f8e-1f53-8cc3-68ae75d90604, 595.91.07, P2, 56, 297.18 W, 100 %, 100 %, 21532 MiB, 24564 MiB, 2640 MHz, 10251 MHz
2026/09/13 12:30:03.085, NVIDIA GeForce RTX 4090, GPU-457328ff-6f8e-1f53-8cc3-68ae75d90604, 595.91.07, P2, 56, 297.18 W, 100 %, 100 %, 21532 MiB, 24564 MiB, 2640 MHz, 10251 MHz
2026/09/13 12:30:04.088, NVIDIA GeForce RTX 4090, GPU-457328ff-6f8e-1f53-8cc3-68ae75d90604, 595.91.07, P2, 56, 297.11 W, 100 %, 100 %, 21532 MiB, 24564 MiB, 2640 MHz, 10251 MHz
2026/09/13 12:30:05.091, NVIDIA GeForce RTX 4090, GPU-457328ff-6f8e-1f53-8cc3-68ae75d90604, 595.91.07, P2, 56, 297.18 W, 100 %, 100 %, 21923 MiB, 24564 MiB, 2640 MHz, 10251 MHz
2026/09/13 12:30:06.094, NVIDIA GeForce RTX 4090, GPU-457328ff-6f8e-1f53-8cc3-68ae75d90604, 595.91.07, P2, 56, 296.06 W, 100 %, 100 %, 21532 MiB, 24564 MiB, 2640 MHz, 10251 MHz
2026/09/13 12:30:07.096, NVIDIA GeForce RTX 4090, GPU-457328ff-6f8e-1f53-8cc3-68ae75d90604, 595.91.07, P2, 56, 297.18 W, 100 %, 100 %, 21532 MiB, 24564 MiB, 2640 MHz, 10251 MHz
2026/09/13 12:30:08.097, NVIDIA GeForce RTX 4090, GPU-457328ff-6f8e-1f53-8cc3-68ae75d90604, 595.91.07, P2, 56, 297.31 W, 100 %, 100 %, 21532 MiB, 24564 MiB, 2640 MHz, 10251 MHz
2026/09/13 12:30:09.098, NVIDIA GeForce RTX 4090, GPU-457328ff-6f8e-1f53-8cc3-68ae75d90604, 595.91.07, P2, 56, 297.38 W, 100 %, 100 %, 21532 MiB, 24564 MiB, 2640 MHz, 10251 MHz
2026/09/13 12:30:10.101, NVIDIA GeForce RTX 4090, GPU-457328ff-6f8e-1f53-8cc3-68ae75d90604, 595.91.07, P2, 56, 297.27 W, 100 %, 100 %, 21532 MiB, 24564 MiB, 2640 MHz, 10251 MHz
2026/09/13 12:30:11.104, NVIDIA GeForce RTX 4090, GPU-457328ff-6f8e-1f53-8cc3-68ae75d90604, 595.91.07, P2, 56, 279.56 W, 80 %, 81 %, 21532 MiB, 24564 MiB, 2640 MHz, 10251 MHz
2026/09/13 12:30:12.105, NVIDIA GeForce RTX 4090, GPU-457328ff-6f8e-1f53-8cc3-68ae75d90604, 595.91.07, P2, 56, 295.96 W, 100 %, 100 %, 21532 MiB, 24564 MiB, 2640 MHz, 10251 MHz
2026/09/13 12:30:13.107, NVIDIA GeForce RTX 4090, GPU-457328ff-6f8e-1f53-8cc3-68ae75d90604, 595.91.07, P2, 56, 298.62 W, 100 %, 100 %, 21532 MiB, 24564 MiB, 2640 MHz, 10251 MHz
2026/09/13 12:30:14.109, NVIDIA GeForce RTX 4090, GPU-457328ff-6f8e-1f53-8cc3-68ae75d90604, 595.91.07, P2, 56, 298.36 W, 100 %, 100 %, 21532 MiB, 24564 MiB, 2640 MHz, 10251 MHz
2026/09/13 12:30:15.112, NVIDIA GeForce RTX 4090, GPU-457328ff-6f8e-1f53-8cc3-68ae75d90604, 595.91.07, P2, 56, 298.35 W, 100 %, 100 %, 21532 MiB, 24564 MiB, 2640 MHz, 10251 MHz
2026/09/13 12:30:16.114, NVIDIA GeForce RTX 4090, GPU-457328ff-6f8e-1f53-8cc3-68ae75d90604, 595.91.07, P2, 56, 298.13 W, 100 %, 100 %, 21532 MiB, 24564 MiB, 2640 MHz, 10251 MHz
2026/09/13 12:30:17.117, NVIDIA GeForce RTX 4090, GPU-457328ff-6f8e-1f53-8cc3-68ae75d90604, 595.91.07, P2, 56, 298.04 W, 100 %, 100 %, 21532 MiB, 24564 MiB, 2640 MHz, 10251 MHz
2026/09/13 12:30:18.119, NVIDIA GeForce RTX 4090, GPU-457328ff-6f8e-1f53-8cc3-68ae75d90604, 595.91.07, P2, 56, 298.09 W, 100 %, 100 %, 21532 MiB, 24564 MiB, 2640 MHz, 10251 MHz
2026/09/13 12:30:19.121, NVIDIA GeForce RTX 4090, GPU-457328ff-6f8e-1f53-8cc3-68ae75d90604, 595.91.07, P2, 56, 297.88 W, 100 %, 100 %, 21532 MiB, 24564 MiB, 2640 MHz, 10251 MHz
2026/09/13 12:30:20.123, NVIDIA GeForce RTX 4090, GPU-457328ff-6f8e-1f53-8cc3-68ae75d90604, 595.91.07, P2, 56, 297.88 W, 100 %, 100 %, 21532 MiB, 24564 MiB, 2640 MHz, 10251 MHz
2026/09/13 12:30:21.125, NVIDIA GeForce RTX 4090, GPU-457328ff-6f8e-1f53-8cc3-68ae75d90604, 595.91.07, P2, 56, 297.80 W, 100 %, 100 %, 21532 MiB, 24564 MiB, 2640 MHz, 10251 MHz
2026/09/13 12:30:22.127, NVIDIA GeForce RTX 4090, GPU-457328ff-6f8e-1f53-8cc3-68ae75d90604, 595.91.07, P2, 56, 297.53 W, 100 %, 100 %, 21532 MiB, 24564 MiB, 2640 MHz, 10251 MHz
2026/09/13 12:30:23.129, NVIDIA GeForce RTX 4090, GPU-457328ff-6f8e-1f53-8cc3-68ae75d90604, 595.91.07, P2, 56, 297.02 W, 100 %, 100 %, 21532 MiB, 24564 MiB, 2640 MHz, 10251 MHz
2026/09/13 12:30:24.131, NVIDIA GeForce RTX 4090, GPU-457328ff-6f8e-1f53-8cc3-68ae75d90604, 595.91.07, P2, 56, 297.01 W, 100 %, 100 %, 21532 MiB, 24564 MiB, 2640 MHz, 10251 MHz
2026/09/13 12:30:25.133, NVIDIA GeForce RTX 4090, GPU-457328ff-6f8e-1f53-8cc3-68ae75d90604, 595.91.07, P2, 56, 297.12 W, 100 %, 100 %, 21532 MiB, 24564 MiB, 2640 MHz, 10251 MHz
2026/09/13 12:30:26.136, NVIDIA GeForce RTX 4090, GPU-457328ff-6f8e-1f53-8cc3-68ae75d90604, 595.91.07, P2, 56, 296.94 W, 100 %, 100 %, 21532 MiB, 24564 MiB, 2640 MHz, 10251 MHz
2026/09/13 12:30:27.139, NVIDIA GeForce RTX 4090, GPU-457328ff-6f8e-1f53-8cc3-68ae75d90604, 595.91.07, P2, 56, 297.24 W, 100 %, 100 %, 21532 MiB, 24564 MiB, 2640 MHz, 10251 MHz
2026/09/13 12:30:28.141, NVIDIA GeForce RTX 4090, GPU-457328ff-6f8e-1f53-8cc3-68ae75d90604, 595.91.07, P2, 56, 297.40 W, 100 %, 100 %, 21532 MiB, 24564 MiB, 2640 MHz, 10251 MHz
2026/09/13 12:30:29.144, NVIDIA GeForce RTX 4090, GPU-457328ff-6f8e-1f53-8cc3-68ae75d90604, 595.91.07, P2, 56, 297.26 W, 100 %, 100 %, 21532 MiB, 24564 MiB, 2640 MHz, 10251 MHz
2026/09/13 12:30:30.146, NVIDIA GeForce RTX 4090, GPU-457328ff-6f8e-1f53-8cc3-68ae75d90604, 595.91.07, P2, 56, 296.97 W, 100 %, 100 %, 21532 MiB, 24564 MiB, 2640 MHz, 10251 MHz
2026/09/13 12:30:31.148, NVIDIA GeForce RTX 4090, GPU-457328ff-6f8e-1f53-8cc3-68ae75d90604, 595.91.07, P2, 56, 297.19 W, 100 %, 100 %, 21532 MiB, 24564 MiB, 2640 MHz, 10251 MHz
2026/09/13 12:30:32.150, NVIDIA GeForce RTX 4090, GPU-457328ff-6f8e-1f53-8cc3-68ae75d90604, 595.91.07, P2, 56, 297.30 W, 100 %, 100 %, 21532 MiB, 24564 MiB, 2640 MHz, 10251 MHz
2026/09/13 12:30:33.152, NVIDIA GeForce RTX 4090, GPU-457328ff-6f8e-1f53-8cc3-68ae75d90604, 595.91.07, P2, 56, 297.42 W, 100 %, 100 %, 21532 MiB, 24564 MiB, 2640 MHz, 10251 MHz
2026/09/13 12:30:34.154, NVIDIA GeForce RTX 4090, GPU-457328ff-6f8e-1f53-8cc3-68ae75d90604, 595.91.07, P2, 56, 297.19 W, 100 %, 100 %, 21532 MiB, 24564 MiB, 2640 MHz, 10251 MHz
2026/09/13 12:30:35.157, NVIDIA GeForce RTX 4090, GPU-457328ff-6f8e-1f53-8cc3-68ae75d90604, 595.91.07, P2, 56, 297.00 W, 100 %, 100 %, 21532 MiB, 24564 MiB, 2640 MHz, 10251 MHz
2026/09/13 12:30:36.160, NVIDIA GeForce RTX 4090, GPU-457328ff-6f8e-1f53-8cc3-68ae75d90604, 595.91.07, P2, 56, 296.98 W, 100 %, 100 %, 21532 MiB, 24564 MiB, 2640 MHz, 10251 MHz
2026/09/13 12:30:37.163, NVIDIA GeForce RTX 4090, GPU-457328ff-6f8e-1f53-8cc3-68ae75d90604, 595.91.07, P2, 56, 297.08 W, 100 %, 100 %, 21532 MiB, 24564 MiB, 2640 MHz, 10251 MHz
2026/09/13 12:30:38.165, NVIDIA GeForce RTX 4090, GPU-457328ff-6f8e-1f53-8cc3-68ae75d90604, 595.91.07, P2, 56, 297.23 W, 100 %, 100 %, 21532 MiB, 24564 MiB, 2640 MHz, 10251 MHz
2026/09/13 12:30:39.167, NVIDIA GeForce RTX 4090, GPU-457328ff-6f8e-1f53-8cc3-68ae75d90604, 595.91.07, P2, 56, 297.56 W, 100 %, 100 %, 21532 MiB, 24564 MiB, 2640 MHz, 10251 MHz
2026/09/13 12:30:40.170, NVIDIA GeForce RTX 4090, GPU-457328ff-6f8e-1f53-8cc3-68ae75d90604, 595.91.07, P2, 56, 297.48 W, 100 %, 100 %, 21532 MiB, 24564 MiB, 2640 MHz, 10251 MHz
2026/09/13 12:30:41.172, NVIDIA GeForce RTX 4090, GPU-457328ff-6f8e-1f53-8cc3-68ae75d90604, 595.91.07, P2, 56, 297.28 W, 100 %, 100 %, 21532 MiB, 24564 MiB, 2640 MHz, 10251 MHz
2026/09/13 12:30:42.174, NVIDIA GeForce RTX 4090, GPU-457328ff-6f8e-1f53-8cc3-68ae75d90604, 595.91.07, P2, 56, 297.28 W, 100 %, 100 %, 21532 MiB, 24564 MiB, 2640 MHz, 10251 MHz
2026/09/13 12:30:43.177, NVIDIA GeForce RTX 4090, GPU-457328ff-6f8e-1f53-8cc3-68ae75d90604, 595.91.07, P2, 56, 297.26 W, 100 %, 100 %, 21532 MiB, 24564 MiB, 2640 MHz, 10251 MHz
2026/09/13 12:30:44.180, NVIDIA GeForce RTX 4090, GPU-457328ff-6f8e-1f53-8cc3-68ae75d90604, 595.91.07, P2, 56, 297.48 W, 100 %, 100 %, 21532 MiB, 24564 MiB, 2640 MHz, 10251 MHz
2026/09/13 12:30:45.182, NVIDIA GeForce RTX 4090, GPU-457328ff-6f8e-1f53-8cc3-68ae75d90604, 595.91.07, P2, 56, 292.95 W, 100 %, 100 %, 21532 MiB, 24564 MiB, 2640 MHz, 10251 MHz
2026/09/13 12:30:46.184, NVIDIA GeForce RTX 4090, GPU-457328ff-6f8e-1f53-8cc3-68ae75d90604, 595.91.07, P2, 56, 298.83 W, 100 %, 100 %, 21532 MiB, 24564 MiB, 2640 MHz, 10251 MHz
2026/09/13 12:30:47.186, NVIDIA GeForce RTX 4090, GPU-457328ff-6f8e-1f53-8cc3-68ae75d90604, 595.91.07, P2, 56, 299.38 W, 100 %, 100 %, 21532 MiB, 24564 MiB, 2640 MHz, 10251 MHz
2026/09/13 12:30:48.189, NVIDIA GeForce RTX 4090, GPU-457328ff-6f8e-1f53-8cc3-68ae75d90604, 595.91.07, P2, 56, 299.06 W, 100 %, 100 %, 21532 MiB, 24564 MiB, 2640 MHz, 10251 MHz
2026/09/13 12:30:49.192, NVIDIA GeForce RTX 4090, GPU-457328ff-6f8e-1f53-8cc3-68ae75d90604, 595.91.07, P2, 56, 299.03 W, 100 %, 100 %, 21532 MiB, 24564 MiB, 2640 MHz, 10251 MHz
2026/09/13 12:30:50.193, NVIDIA GeForce RTX 4090, GPU-457328ff-6f8e-1f53-8cc3-68ae75d90604, 595.91.07, P2, 56, 298.98 W, 100 %, 100 %, 21532 MiB, 24564 MiB, 2640 MHz, 10251 MHz
2026/09/13 12:30:51.196, NVIDIA GeForce RTX 4090, GPU-457328ff-6f8e-1f53-8cc3-68ae75d90604, 595.91.07, P2, 56, 298.96 W, 100 %, 100 %, 21532 MiB, 24564 MiB, 2640 MHz, 10251 MHz
2026/09/13 12:30:52.198, NVIDIA GeForce RTX 4090, GPU-457328ff-6f8e-1f53-8cc3-68ae75d90604, 595.91.07, P2, 56, 299.02 W, 100 %, 100 %, 21532 MiB, 24564 MiB, 2640 MHz, 10251 MHz
2026/09/13 12:30:53.201, NVIDIA GeForce RTX 4090, GPU-457328ff-6f8e-1f53-8cc3-68ae75d90604, 595.91.07, P2, 56, 298.64 W, 100 %, 100 %, 21532 MiB, 24564 MiB, 2640 MHz, 10251 MHz
2026/09/13 12:30:54.203, NVIDIA GeForce RTX 4090, GPU-457328ff-6f8e-1f53-8cc3-68ae75d90604, 595.91.07, P2, 56, 298.40 W, 100 %, 100 %, 21532 MiB, 24564 MiB, 2640 MHz, 10251 MHz
2026/09/13 12:30:55.205, NVIDIA GeForce RTX 4090, GPU-457328ff-6f8e-1f53-8cc3-68ae75d90604, 595.91.07, P2, 56, 298.45 W, 100 %, 100 %, 21532 MiB, 24564 MiB, 2640 MHz, 10251 MHz
2026/09/13 12:30:56.207, NVIDIA GeForce RTX 4090, GPU-457328ff-6f8e-1f53-8cc3-68ae75d90604, 595.91.07, P2, 56, 298.07 W, 100 %, 100 %, 21532 MiB, 24564 MiB, 2640 MHz, 10251 MHz
2026/09/13 12:30:57.210, NVIDIA GeForce RTX 4090, GPU-457328ff-6f8e-1f53-8cc3-68ae75d90604, 595.91.07, P2, 56, 298.21 W, 100 %, 100 %, 21532 MiB, 24564 MiB, 2640 MHz, 10251 MHz
2026/09/13 12:30:58.212, NVIDIA GeForce RTX 4090, GPU-457328ff-6f8e-1f53-8cc3-68ae75d90604, 595.91.07, P2, 56, 298.13 W, 100 %, 100 %, 21532 MiB, 24564 MiB, 2640 MHz, 10251 MHz
2026/09/13 12:30:59.214, NVIDIA GeForce RTX 4090, GPU-457328ff-6f8e-1f53-8cc3-68ae75d90604, 595.91.07, P2, 56, 298.18 W, 100 %, 100 %, 21532 MiB, 24564 MiB, 2640 MHz, 10251 MHz
2026/09/13 12:31:00.217, NVIDIA GeForce RTX 4090, GPU-457328ff-6f8e-1f53-8cc3-68ae75d90604, 595.91.07, P2, 56, 298.08 W, 100 %, 100 %, 21532 MiB, 24564 MiB, 2640 MHz, 10251 MHz
2026/09/13 12:31:01.219, NVIDIA GeForce RTX 4090, GPU-457328ff-6f8e-1f53-8cc3-68ae75d90604, 595.91.07, P2, 56, 297.99 W, 100 %, 100 %, 21532 MiB, 24564 MiB, 2640 MHz, 10251 MHz
2026/09/13 12:31:02.221, NVIDIA GeForce RTX 4090, GPU-457328ff-6f8e-1f53-8cc3-68ae75d90604, 595.91.07, P2, 56, 297.96 W, 100 %, 100 %, 21532 MiB, 24564 MiB, 2640 MHz, 10251 MHz
2026/09/13 12:31:03.224, NVIDIA GeForce RTX 4090, GPU-457328ff-6f8e-1f53-8cc3-68ae75d90604, 595.91.07, P2, 56, 297.35 W, 100 %, 100 %, 21532 MiB, 24564 MiB, 2640 MHz, 10251 MHz
2026/09/13 12:31:04.226, NVIDIA GeForce RTX 4090, GPU-457328ff-6f8e-1f53-8cc3-68ae75d90604, 595.91.07, P2, 56, 297.45 W, 100 %, 100 %, 21532 MiB, 24564 MiB, 2640 MHz, 10251 MHz
2026/09/13 12:31:05.229, NVIDIA GeForce RTX 4090, GPU-457328ff-6f8e-1f53-8cc3-68ae75d90604, 595.91.07, P2, 56, 297.93 W, 100 %, 100 %, 21532 MiB, 24564 MiB, 2640 MHz, 10251 MHz
2026/09/13 12:31:06.231, NVIDIA GeForce RTX 4090, GPU-457328ff-6f8e-1f53-8cc3-68ae75d90604, 595.91.07, P2, 56, 297.99 W, 100 %, 100 %, 21532 MiB, 24564 MiB, 2640 MHz, 10251 MHz
2026/09/13 12:31:07.233, NVIDIA GeForce RTX 4090, GPU-457328ff-6f8e-1f53-8cc3-68ae75d90604, 595.91.07, P2, 56, 297.80 W, 100 %, 100 %, 21532 MiB, 24564 MiB, 2640 MHz, 10251 MHz
2026/09/13 12:31:08.235, NVIDIA GeForce RTX 4090, GPU-457328ff-6f8e-1f53-8cc3-68ae75d90604, 595.91.07, P2, 56, 297.92 W, 100 %, 100 %, 21532 MiB, 24564 MiB, 2640 MHz, 10251 MHz
2026/09/13 12:31:09.237, NVIDIA GeForce RTX 4090, GPU-457328ff-6f8e-1f53-8cc3-68ae75d90604, 595.91.07, P2, 56, 297.31 W, 100 %, 100 %, 21532 MiB, 24564 MiB, 2640 MHz, 10251 MHz
2026/09/13 12:31:10.239, NVIDIA GeForce RTX 4090, GPU-457328ff-6f8e-1f53-8cc3-68ae75d90604, 595.91.07, P2, 56, 297.23 W, 100 %, 100 %, 21532 MiB, 24564 MiB, 2640 MHz, 10251 MHz
2026/09/13 12:31:11.242, NVIDIA GeForce RTX 4090, GPU-457328ff-6f8e-1f53-8cc3-68ae75d90604, 595.91.07, P2, 56, 297.73 W, 100 %, 100 %, 21532 MiB, 24564 MiB, 2640 MHz, 10251 MHz
2026/09/13 12:31:12.243, NVIDIA GeForce RTX 4090, GPU-457328ff-6f8e-1f53-8cc3-68ae75d90604, 595.91.07, P2, 56, 297.87 W, 100 %, 100 %, 21532 MiB, 24564 MiB, 2640 MHz, 10251 MHz
2026/09/13 12:31:13.245, NVIDIA GeForce RTX 4090, GPU-457328ff-6f8e-1f53-8cc3-68ae75d90604, 595.91.07, P2, 56, 297.81 W, 100 %, 100 %, 21532 MiB, 24564 MiB, 2640 MHz, 10251 MHz
2026/09/13 12:31:14.247, NVIDIA GeForce RTX 4090, GPU-457328ff-6f8e-1f53-8cc3-68ae75d90604, 595.91.07, P2, 56, 297.61 W, 100 %, 100 %, 21532 MiB, 24564 MiB, 2640 MHz, 10251 MHz
2026/09/13 12:31:15.249, NVIDIA GeForce RTX 4090, GPU-457328ff-6f8e-1f53-8cc3-68ae75d90604, 595.91.07, P2, 56, 297.56 W, 100 %, 100 %, 21532 MiB, 24564 MiB, 2640 MHz, 10251 MHz
2026/09/13 12:31:16.251, NVIDIA GeForce RTX 4090, GPU-457328ff-6f8e-1f53-8cc3-68ae75d90604, 595.91.07, P2, 56, 297.63 W, 100 %, 100 %, 21532 MiB, 24564 MiB, 2640 MHz, 10251 MHz
2026/09/13 12:31:17.252, NVIDIA GeForce RTX 4090, GPU-457328ff-6f8e-1f53-8cc3-68ae75d90604, 595.91.07, P2, 56, 297.79 W, 100 %, 100 %, 21532 MiB, 24564 MiB, 2640 MHz, 10251 MHz
2026/09/13 12:31:18.254, NVIDIA GeForce RTX 4090, GPU-457328ff-6f8e-1f53-8cc3-68ae75d90604, 595.91.07, P2, 56, 297.92 W, 100 %, 100 %, 21532 MiB, 24564 MiB, 2640 MHz, 10251 MHz
2026/09/13 12:31:19.256, NVIDIA GeForce RTX 4090, GPU-457328ff-6f8e-1f53-8cc3-68ae75d90604, 595.91.07, P2, 56, 297.78 W, 100 %, 100 %, 21532 MiB, 24564 MiB, 2640 MHz, 10251 MHz
2026/09/13 12:31:20.258, NVIDIA GeForce RTX 4090, GPU-457328ff-6f8e-1f53-8cc3-68ae75d90604, 595.91.07, P2, 56, 298.01 W, 100 %, 100 %, 21532 MiB, 24564 MiB, 2640 MHz, 10251 MHz
2026/09/13 12:31:21.260, NVIDIA GeForce RTX 4090, GPU-457328ff-6f8e-1f53-8cc3-68ae75d90604, 595.91.07, P2, 56, 298.17 W, 100 %, 100 %, 21532 MiB, 24564 MiB, 2640 MHz, 10251 MHz
2026/09/13 12:31:22.262, NVIDIA GeForce RTX 4090, GPU-457328ff-6f8e-1f53-8cc3-68ae75d90604, 595.91.07, P2, 56, 298.10 W, 100 %, 100 %, 21532 MiB, 24564 MiB, 2640 MHz, 10251 MHz
2026/09/13 12:31:23.264, NVIDIA GeForce RTX 4090, GPU-457328ff-6f8e-1f53-8cc3-68ae75d90604, 595.91.07, P2, 56, 297.99 W, 100 %, 100 %, 21532 MiB, 24564 MiB, 2640 MHz, 10251 MHz
2026/09/13 12:31:24.267, NVIDIA GeForce RTX 4090, GPU-457328ff-6f8e-1f53-8cc3-68ae75d90604, 595.91.07, P2, 56, 296.90 W, 100 %, 100 %, 21532 MiB, 24564 MiB, 2640 MHz, 10251 MHz
2026/09/13 12:31:25.269, NVIDIA GeForce RTX 4090, GPU-457328ff-6f8e-1f53-8cc3-68ae75d90604, 595.91.07, P2, 56, 296.83 W, 100 %, 100 %, 21532 MiB, 24564 MiB, 2640 MHz, 10251 MHz
2026/09/13 12:31:26.272, NVIDIA GeForce RTX 4090, GPU-457328ff-6f8e-1f53-8cc3-68ae75d90604, 595.91.07, P2, 56, 284.12 W, 100 %, 100 %, 21532 MiB, 24564 MiB, 2640 MHz, 10251 MHz
2026/09/13 12:31:27.273, NVIDIA GeForce RTX 4090, GPU-457328ff-6f8e-1f53-8cc3-68ae75d90604, 595.91.07, P2, 56, 299.33 W, 100 %, 100 %, 21532 MiB, 24564 MiB, 2640 MHz, 10251 MHz
2026/09/13 12:31:28.276, NVIDIA GeForce RTX 4090, GPU-457328ff-6f8e-1f53-8cc3-68ae75d90604, 595.91.07, P2, 56, 299.27 W, 100 %, 100 %, 21532 MiB, 24564 MiB, 2640 MHz, 10251 MHz
2026/09/13 12:31:29.277, NVIDIA GeForce RTX 4090, GPU-457328ff-6f8e-1f53-8cc3-68ae75d90604, 595.91.07, P2, 56, 299.40 W, 100 %, 100 %, 21532 MiB, 24564 MiB, 2640 MHz, 10251 MHz
2026/09/13 12:31:30.279, NVIDIA GeForce RTX 4090, GPU-457328ff-6f8e-1f53-8cc3-68ae75d90604, 595.91.07, P2, 56, 299.01 W, 100 %, 100 %, 21532 MiB, 24564 MiB, 2640 MHz, 10251 MHz
2026/09/13 12:31:31.281, NVIDIA GeForce RTX 4090, GPU-457328ff-6f8e-1f53-8cc3-68ae75d90604, 595.91.07, P2, 56, 298.88 W, 100 %, 100 %, 21532 MiB, 24564 MiB, 2640 MHz, 10251 MHz
2026/09/13 12:31:32.283, NVIDIA GeForce RTX 4090, GPU-457328ff-6f8e-1f53-8cc3-68ae75d90604, 595.91.07, P2, 56, 298.84 W, 100 %, 100 %, 21532 MiB, 24564 MiB, 2640 MHz, 10251 MHz
2026/09/13 12:31:33.285, NVIDIA GeForce RTX 4090, GPU-457328ff-6f8e-1f53-8cc3-68ae75d90604, 595.91.07, P2, 56, 298.83 W, 100 %, 100 %, 21532 MiB, 24564 MiB, 2640 MHz, 10251 MHz
2026/09/13 12:31:34.286, NVIDIA GeForce RTX 4090, GPU-457328ff-6f8e-1f53-8cc3-68ae75d90604, 595.91.07, P2, 56, 298.11 W, 100 %, 100 %, 21532 MiB, 24564 MiB, 2640 MHz, 10251 MHz
2026/09/13 12:31:35.288, NVIDIA GeForce RTX 4090, GPU-457328ff-6f8e-1f53-8cc3-68ae75d90604, 595.91.07, P2, 56, 297.73 W, 100 %, 100 %, 21532 MiB, 24564 MiB, 2640 MHz, 10251 MHz
2026/09/13 12:31:36.290, NVIDIA GeForce RTX 4090, GPU-457328ff-6f8e-1f53-8cc3-68ae75d90604, 595.91.07, P2, 56, 298.08 W, 100 %, 100 %, 21532 MiB, 24564 MiB, 2640 MHz, 10251 MHz
2026/09/13 12:31:37.292, NVIDIA GeForce RTX 4090, GPU-457328ff-6f8e-1f53-8cc3-68ae75d90604, 595.91.07, P2, 56, 297.49 W, 100 %, 100 %, 21532 MiB, 24564 MiB, 2640 MHz, 10251 MHz
2026/09/13 12:31:38.294, NVIDIA GeForce RTX 4090, GPU-457328ff-6f8e-1f53-8cc3-68ae75d90604, 595.91.07, P2, 56, 297.75 W, 100 %, 100 %, 21532 MiB, 24564 MiB, 2640 MHz, 10251 MHz
2026/09/13 12:31:39.296, NVIDIA GeForce RTX 4090, GPU-457328ff-6f8e-1f53-8cc3-68ae75d90604, 595.91.07, P2, 56, 297.58 W, 100 %, 100 %, 21532 MiB, 24564 MiB, 2640 MHz, 10251 MHz
2026/09/13 12:31:40.298, NVIDIA GeForce RTX 4090, GPU-457328ff-6f8e-1f53-8cc3-68ae75d90604, 595.91.07, P2, 56, 297.45 W, 100 %, 100 %, 21532 MiB, 24564 MiB, 2640 MHz, 10251 MHz
2026/09/13 12:31:41.300, NVIDIA GeForce RTX 4090, GPU-457328ff-6f8e-1f53-8cc3-68ae75d90604, 595.91.07, P2, 56, 297.73 W, 100 %, 100 %, 21532 MiB, 24564 MiB, 2640 MHz, 10251 MHz
2026/09/13 12:31:42.302, NVIDIA GeForce RTX 4090, GPU-457328ff-6f8e-1f53-8cc3-68ae75d90604, 595.91.07, P2, 56, 297.50 W, 100 %, 100 %, 21532 MiB, 24564 MiB, 2640 MHz, 10251 MHz
2026/09/13 12:31:43.304, NVIDIA GeForce RTX 4090, GPU-457328ff-6f8e-1f53-8cc3-68ae75d90604, 595.91.07, P2, 56, 297.40 W, 100 %, 100 %, 21532 MiB, 24564 MiB, 2640 MHz, 10251 MHz
2026/09/13 12:31:44.305, NVIDIA GeForce RTX 4090, GPU-457328ff-6f8e-1f53-8cc3-68ae75d90604, 595.91.07, P2, 56, 297.19 W, 100 %, 100 %, 21532 MiB, 24564 MiB, 2640 MHz, 10251 MHz
2026/09/13 12:31:45.307, NVIDIA GeForce RTX 4090, GPU-457328ff-6f8e-1f53-8cc3-68ae75d90604, 595.91.07, P2, 56, 297.19 W, 100 %, 100 %, 21532 MiB, 24564 MiB, 2640 MHz, 10251 MHz
2026/09/13 12:31:46.309, NVIDIA GeForce RTX 4090, GPU-457328ff-6f8e-1f53-8cc3-68ae75d90604, 595.91.07, P2, 56, 297.16 W, 100 %, 100 %, 21532 MiB, 24564 MiB, 2640 MHz, 10251 MHz
2026/09/13 12:31:47.311, NVIDIA GeForce RTX 4090, GPU-457328ff-6f8e-1f53-8cc3-68ae75d90604, 595.91.07, P2, 56, 289.80 W, 100 %, 100 %, 21532 MiB, 24564 MiB, 2640 MHz, 10251 MHz
2026/09/13 12:31:48.313, NVIDIA GeForce RTX 4090, GPU-457328ff-6f8e-1f53-8cc3-68ae75d90604, 595.91.07, P2, 56, 299.23 W, 100 %, 100 %, 21532 MiB, 24564 MiB, 2640 MHz, 10251 MHz
2026/09/13 12:31:49.315, NVIDIA GeForce RTX 4090, GPU-457328ff-6f8e-1f53-8cc3-68ae75d90604, 595.91.07, P2, 56, 299.43 W, 100 %, 100 %, 21532 MiB, 24564 MiB, 2640 MHz, 10251 MHz
2026/09/13 12:31:50.317, NVIDIA GeForce RTX 4090, GPU-457328ff-6f8e-1f53-8cc3-68ae75d90604, 595.91.07, P2, 56, 299.32 W, 100 %, 100 %, 21532 MiB, 24564 MiB, 2640 MHz, 10251 MHz
2026/09/13 12:31:51.319, NVIDIA GeForce RTX 4090, GPU-457328ff-6f8e-1f53-8cc3-68ae75d90604, 595.91.07, P2, 56, 299.02 W, 100 %, 100 %, 21532 MiB, 24564 MiB, 2640 MHz, 10251 MHz
2026/09/13 12:31:52.320, NVIDIA GeForce RTX 4090, GPU-457328ff-6f8e-1f53-8cc3-68ae75d90604, 595.91.07, P2, 56, 298.68 W, 100 %, 100 %, 21532 MiB, 24564 MiB, 2640 MHz, 10251 MHz
2026/09/13 12:31:53.322, NVIDIA GeForce RTX 4090, GPU-457328ff-6f8e-1f53-8cc3-68ae75d90604, 595.91.07, P2, 56, 298.74 W, 100 %, 100 %, 21532 MiB, 24564 MiB, 2640 MHz, 10251 MHz
2026/09/13 12:31:54.324, NVIDIA GeForce RTX 4090, GPU-457328ff-6f8e-1f53-8cc3-68ae75d90604, 595.91.07, P2, 56, 298.36 W, 100 %, 100 %, 21532 MiB, 24564 MiB, 2640 MHz, 10251 MHz
2026/09/13 12:31:55.326, NVIDIA GeForce RTX 4090, GPU-457328ff-6f8e-1f53-8cc3-68ae75d90604, 595.91.07, P2, 56, 298.31 W, 100 %, 100 %, 21532 MiB, 24564 MiB, 2640 MHz, 10251 MHz
2026/09/13 12:31:56.328, NVIDIA GeForce RTX 4090, GPU-457328ff-6f8e-1f53-8cc3-68ae75d90604, 595.91.07, P2, 56, 298.21 W, 100 %, 100 %, 21532 MiB, 24564 MiB, 2640 MHz, 10251 MHz
2026/09/13 12:31:57.330, NVIDIA GeForce RTX 4090, GPU-457328ff-6f8e-1f53-8cc3-68ae75d90604, 595.91.07, P2, 56, 297.98 W, 100 %, 100 %, 21532 MiB, 24564 MiB, 2640 MHz, 10251 MHz
2026/09/13 12:31:58.332, NVIDIA GeForce RTX 4090, GPU-457328ff-6f8e-1f53-8cc3-68ae75d90604, 595.91.07, P2, 56, 297.71 W, 100 %, 100 %, 21532 MiB, 24564 MiB, 2640 MHz, 10251 MHz
2026/09/13 12:31:59.334, NVIDIA GeForce RTX 4090, GPU-457328ff-6f8e-1f53-8cc3-68ae75d90604, 595.91.07, P2, 56, 297.55 W, 100 %, 100 %, 21532 MiB, 24564 MiB, 2640 MHz, 10251 MHz
2026/09/13 12:32:00.336, NVIDIA GeForce RTX 4090, GPU-457328ff-6f8e-1f53-8cc3-68ae75d90604, 595.91.07, P2, 56, 298.18 W, 100 %, 100 %, 21532 MiB, 24564 MiB, 2640 MHz, 10251 MHz
2026/09/13 12:32:01.339, NVIDIA GeForce RTX 4090, GPU-457328ff-6f8e-1f53-8cc3-68ae75d90604, 595.91.07, P2, 56, 298.19 W, 100 %, 100 %, 21532 MiB, 24564 MiB, 2640 MHz, 10251 MHz
2026/09/13 12:32:02.341, NVIDIA GeForce RTX 4090, GPU-457328ff-6f8e-1f53-8cc3-68ae75d90604, 595.91.07, P2, 56, 297.63 W, 100 %, 100 %, 21532 MiB, 24564 MiB, 2640 MHz, 10251 MHz
2026/09/13 12:32:03.343, NVIDIA GeForce RTX 4090, GPU-457328ff-6f8e-1f53-8cc3-68ae75d90604, 595.91.07, P2, 56, 297.44 W, 100 %, 100 %, 21532 MiB, 24564 MiB, 2640 MHz, 10251 MHz
2026/09/13 12:32:04.344, NVIDIA GeForce RTX 4090, GPU-457328ff-6f8e-1f53-8cc3-68ae75d90604, 595.91.07, P2, 56, 297.90 W, 100 %, 100 %, 21532 MiB, 24564 MiB, 2640 MHz, 10251 MHz
2026/09/13 12:32:05.346, NVIDIA GeForce RTX 4090, GPU-457328ff-6f8e-1f53-8cc3-68ae75d90604, 595.91.07, P2, 56, 297.75 W, 100 %, 100 %, 21532 MiB, 24564 MiB, 2640 MHz, 10251 MHz
2026/09/13 12:32:06.348, NVIDIA GeForce RTX 4090, GPU-457328ff-6f8e-1f53-8cc3-68ae75d90604, 595.91.07, P2, 56, 297.73 W, 100 %, 100 %, 21532 MiB, 24564 MiB, 2640 MHz, 10251 MHz
2026/09/13 12:32:07.349, NVIDIA GeForce RTX 4090, GPU-457328ff-6f8e-1f53-8cc3-68ae75d90604, 595.91.07, P2, 56, 297.94 W, 100 %, 100 %, 21532 MiB, 24564 MiB, 2640 MHz, 10251 MHz
2026/09/13 12:32:08.351, NVIDIA GeForce RTX 4090, GPU-457328ff-6f8e-1f53-8cc3-68ae75d90604, 595.91.07, P2, 56, 297.85 W, 100 %, 100 %, 21532 MiB, 24564 MiB, 2640 MHz, 10251 MHz
2026/09/13 12:32:09.353, NVIDIA GeForce RTX 4090, GPU-457328ff-6f8e-1f53-8cc3-68ae75d90604, 595.91.07, P2, 56, 297.71 W, 100 %, 100 %, 21532 MiB, 24564 MiB, 2640 MHz, 10251 MHz
2026/09/13 12:32:10.356, NVIDIA GeForce RTX 4090, GPU-457328ff-6f8e-1f53-8cc3-68ae75d90604, 595.91.07, P2, 56, 297.44 W, 100 %, 100 %, 21532 MiB, 24564 MiB, 2640 MHz, 10251 MHz
2026/09/13 12:32:11.358, NVIDIA GeForce RTX 4090, GPU-457328ff-6f8e-1f53-8cc3-68ae75d90604, 595.91.07, P2, 56, 297.62 W, 100 %, 100 %, 21532 MiB, 24564 MiB, 2640 MHz, 10251 MHz
2026/09/13 12:32:12.360, NVIDIA GeForce RTX 4090, GPU-457328ff-6f8e-1f53-8cc3-68ae75d90604, 595.91.07, P2, 56, 297.80 W, 100 %, 100 %, 21532 MiB, 24564 MiB, 2640 MHz, 10251 MHz
2026/09/13 12:32:13.362, NVIDIA GeForce RTX 4090, GPU-457328ff-6f8e-1f53-8cc3-68ae75d90604, 595.91.07, P2, 56, 297.56 W, 100 %, 100 %, 21532 MiB, 24564 MiB, 2640 MHz, 10251 MHz
2026/09/13 12:32:14.364, NVIDIA GeForce RTX 4090, GPU-457328ff-6f8e-1f53-8cc3-68ae75d90604, 595.91.07, P2, 56, 288.63 W, 100 %, 100 %, 21532 MiB, 24564 MiB, 2640 MHz, 10251 MHz
2026/09/13 12:32:15.366, NVIDIA GeForce RTX 4090, GPU-457328ff-6f8e-1f53-8cc3-68ae75d90604, 595.91.07, P2, 56, 299.37 W, 100 %, 100 %, 21532 MiB, 24564 MiB, 2640 MHz, 10251 MHz
2026/09/13 12:32:16.368, NVIDIA GeForce RTX 4090, GPU-457328ff-6f8e-1f53-8cc3-68ae75d90604, 595.91.07, P2, 56, 299.42 W, 100 %, 100 %, 21532 MiB, 24564 MiB, 2640 MHz, 10251 MHz
2026/09/13 12:32:17.371, NVIDIA GeForce RTX 4090, GPU-457328ff-6f8e-1f53-8cc3-68ae75d90604, 595.91.07, P2, 56, 299.49 W, 100 %, 100 %, 21532 MiB, 24564 MiB, 2640 MHz, 10251 MHz
2026/09/13 12:32:18.373, NVIDIA GeForce RTX 4090, GPU-457328ff-6f8e-1f53-8cc3-68ae75d90604, 595.91.07, P2, 56, 299.59 W, 100 %, 100 %, 21532 MiB, 24564 MiB, 2640 MHz, 10251 MHz
2026/09/13 12:32:19.375, NVIDIA GeForce RTX 4090, GPU-457328ff-6f8e-1f53-8cc3-68ae75d90604, 595.91.07, P2, 56, 299.73 W, 100 %, 100 %, 21532 MiB, 24564 MiB, 2640 MHz, 10251 MHz
2026/09/13 12:32:20.377, NVIDIA GeForce RTX 4090, GPU-457328ff-6f8e-1f53-8cc3-68ae75d90604, 595.91.07, P2, 56, 299.06 W, 100 %, 100 %, 21532 MiB, 24564 MiB, 2640 MHz, 10251 MHz
2026/09/13 12:32:21.379, NVIDIA GeForce RTX 4090, GPU-457328ff-6f8e-1f53-8cc3-68ae75d90604, 595.91.07, P2, 56, 298.48 W, 100 %, 100 %, 21532 MiB, 24564 MiB, 2640 MHz, 10251 MHz
2026/09/13 12:32:22.381, NVIDIA GeForce RTX 4090, GPU-457328ff-6f8e-1f53-8cc3-68ae75d90604, 595.91.07, P2, 56, 298.56 W, 100 %, 100 %, 21532 MiB, 24564 MiB, 2640 MHz, 10251 MHz
2026/09/13 12:32:23.384, NVIDIA GeForce RTX 4090, GPU-457328ff-6f8e-1f53-8cc3-68ae75d90604, 595.91.07, P2, 56, 298.58 W, 100 %, 100 %, 21532 MiB, 24564 MiB, 2640 MHz, 10251 MHz
2026/09/13 12:32:24.385, NVIDIA GeForce RTX 4090, GPU-457328ff-6f8e-1f53-8cc3-68ae75d90604, 595.91.07, P2, 56, 298.40 W, 100 %, 100 %, 21532 MiB, 24564 MiB, 2640 MHz, 10251 MHz
2026/09/13 12:32:25.387, NVIDIA GeForce RTX 4090, GPU-457328ff-6f8e-1f53-8cc3-68ae75d90604, 595.91.07, P2, 56, 298.38 W, 100 %, 100 %, 21532 MiB, 24564 MiB, 2640 MHz, 10251 MHz
2026/09/13 12:32:26.388, NVIDIA GeForce RTX 4090, GPU-457328ff-6f8e-1f53-8cc3-68ae75d90604, 595.91.07, P2, 56, 298.35 W, 100 %, 100 %, 21532 MiB, 24564 MiB, 2640 MHz, 10251 MHz
2026/09/13 12:32:27.390, NVIDIA GeForce RTX 4090, GPU-457328ff-6f8e-1f53-8cc3-68ae75d90604, 595.91.07, P2, 56, 298.22 W, 100 %, 100 %, 21532 MiB, 24564 MiB, 2640 MHz, 10251 MHz
2026/09/13 12:32:28.392, NVIDIA GeForce RTX 4090, GPU-457328ff-6f8e-1f53-8cc3-68ae75d90604, 595.91.07, P2, 56, 298.14 W, 100 %, 100 %, 21532 MiB, 24564 MiB, 2640 MHz, 10251 MHz
2026/09/13 12:32:29.394, NVIDIA GeForce RTX 4090, GPU-457328ff-6f8e-1f53-8cc3-68ae75d90604, 595.91.07, P2, 56, 297.86 W, 100 %, 100 %, 21532 MiB, 24564 MiB, 2640 MHz, 10251 MHz
2026/09/13 12:32:30.397, NVIDIA GeForce RTX 4090, GPU-457328ff-6f8e-1f53-8cc3-68ae75d90604, 595.91.07, P2, 56, 297.80 W, 100 %, 100 %, 21532 MiB, 24564 MiB, 2640 MHz, 10251 MHz
2026/09/13 12:32:31.399, NVIDIA GeForce RTX 4090, GPU-457328ff-6f8e-1f53-8cc3-68ae75d90604, 595.91.07, P2, 56, 297.75 W, 100 %, 100 %, 21532 MiB, 24564 MiB, 2640 MHz, 10251 MHz
2026/09/13 12:32:32.401, NVIDIA GeForce RTX 4090, GPU-457328ff-6f8e-1f53-8cc3-68ae75d90604, 595.91.07, P2, 56, 297.85 W, 100 %, 100 %, 21532 MiB, 24564 MiB, 2640 MHz, 10251 MHz
2026/09/13 12:32:33.403, NVIDIA GeForce RTX 4090, GPU-457328ff-6f8e-1f53-8cc3-68ae75d90604, 595.91.07, P2, 56, 298.03 W, 100 %, 100 %, 21532 MiB, 24564 MiB, 2640 MHz, 10251 MHz
2026/09/13 12:32:34.405, NVIDIA GeForce RTX 4090, GPU-457328ff-6f8e-1f53-8cc3-68ae75d90604, 595.91.07, P2, 56, 298.08 W, 100 %, 100 %, 21532 MiB, 24564 MiB, 2640 MHz, 10251 MHz
2026/09/13 12:32:35.407, NVIDIA GeForce RTX 4090, GPU-457328ff-6f8e-1f53-8cc3-68ae75d90604, 595.91.07, P2, 56, 297.80 W, 100 %, 100 %, 21532 MiB, 24564 MiB, 2640 MHz, 10251 MHz
2026/09/13 12:32:36.409, NVIDIA GeForce RTX 4090, GPU-457328ff-6f8e-1f53-8cc3-68ae75d90604, 595.91.07, P2, 56, 297.86 W, 100 %, 100 %, 21532 MiB, 24564 MiB, 2640 MHz, 10251 MHz
2026/09/13 12:32:37.410, NVIDIA GeForce RTX 4090, GPU-457328ff-6f8e-1f53-8cc3-68ae75d90604, 595.91.07, P2, 56, 298.16 W, 100 %, 100 %, 21532 MiB, 24564 MiB, 2640 MHz, 10251 MHz
2026/09/13 12:32:38.412, NVIDIA GeForce RTX 4090, GPU-457328ff-6f8e-1f53-8cc3-68ae75d90604, 595.91.07, P2, 56, 297.95 W, 100 %, 100 %, 21532 MiB, 24564 MiB, 2640 MHz, 10251 MHz
2026/09/13 12:32:39.415, NVIDIA GeForce RTX 4090, GPU-457328ff-6f8e-1f53-8cc3-68ae75d90604, 595.91.07, P2, 56, 297.77 W, 100 %, 100 %, 21532 MiB, 24564 MiB, 2640 MHz, 10251 MHz
2026/09/13 12:32:40.417, NVIDIA GeForce RTX 4090, GPU-457328ff-6f8e-1f53-8cc3-68ae75d90604, 595.91.07, P2, 56, 297.79 W, 100 %, 100 %, 21532 MiB, 24564 MiB, 2640 MHz, 10251 MHz
2026/09/13 12:32:41.420, NVIDIA GeForce RTX 4090, GPU-457328ff-6f8e-1f53-8cc3-68ae75d90604, 595.91.07, P2, 56, 298.06 W, 100 %, 100 %, 21532 MiB, 24564 MiB, 2640 MHz, 10251 MHz
2026/09/13 12:32:42.422, NVIDIA GeForce RTX 4090, GPU-457328ff-6f8e-1f53-8cc3-68ae75d90604, 595.91.07, P2, 56, 297.99 W, 100 %, 100 %, 21532 MiB, 24564 MiB, 2640 MHz, 10251 MHz
2026/09/13 12:32:43.424, NVIDIA GeForce RTX 4090, GPU-457328ff-6f8e-1f53-8cc3-68ae75d90604, 595.91.07, P2, 56, 298.35 W, 100 %, 100 %, 21532 MiB, 24564 MiB, 2640 MHz, 10251 MHz
2026/09/13 12:32:44.427, NVIDIA GeForce RTX 4090, GPU-457328ff-6f8e-1f53-8cc3-68ae75d90604, 595.91.07, P2, 56, 298.23 W, 100 %, 100 %, 21532 MiB, 24564 MiB, 2640 MHz, 10251 MHz
2026/09/13 12:32:45.430, NVIDIA GeForce RTX 4090, GPU-457328ff-6f8e-1f53-8cc3-68ae75d90604, 595.91.07, P2, 56, 298.18 W, 100 %, 100 %, 21532 MiB, 24564 MiB, 2640 MHz, 10251 MHz
2026/09/13 12:32:46.432, NVIDIA GeForce RTX 4090, GPU-457328ff-6f8e-1f53-8cc3-68ae75d90604, 595.91.07, P2, 56, 297.95 W, 100 %, 100 %, 21532 MiB, 24564 MiB, 2640 MHz, 10251 MHz
2026/09/13 12:32:47.433, NVIDIA GeForce RTX 4090, GPU-457328ff-6f8e-1f53-8cc3-68ae75d90604, 595.91.07, P2, 56, 298.17 W, 100 %, 100 %, 21532 MiB, 24564 MiB, 2640 MHz, 10251 MHz
2026/09/13 12:32:48.436, NVIDIA GeForce RTX 4090, GPU-457328ff-6f8e-1f53-8cc3-68ae75d90604, 595.91.07, P2, 56, 298.20 W, 100 %, 100 %, 21532 MiB, 24564 MiB, 2640 MHz, 10251 MHz
2026/09/13 12:32:49.438, NVIDIA GeForce RTX 4090, GPU-457328ff-6f8e-1f53-8cc3-68ae75d90604, 595.91.07, P2, 56, 298.29 W, 100 %, 100 %, 21532 MiB, 24564 MiB, 2640 MHz, 10251 MHz
2026/09/13 12:32:50.440, NVIDIA GeForce RTX 4090, GPU-457328ff-6f8e-1f53-8cc3-68ae75d90604, 595.91.07, P2, 56, 298.11 W, 100 %, 100 %, 21532 MiB, 24564 MiB, 2640 MHz, 10251 MHz
2026/09/13 12:32:51.442, NVIDIA GeForce RTX 4090, GPU-457328ff-6f8e-1f53-8cc3-68ae75d90604, 595.91.07, P2, 56, 298.06 W, 100 %, 100 %, 21532 MiB, 24564 MiB, 2640 MHz, 10251 MHz
2026/09/13 12:32:52.445, NVIDIA GeForce RTX 4090, GPU-457328ff-6f8e-1f53-8cc3-68ae75d90604, 595.91.07, P2, 56, 298.08 W, 100 %, 100 %, 21532 MiB, 24564 MiB, 2640 MHz, 10251 MHz
2026/09/13 12:32:53.447, NVIDIA GeForce RTX 4090, GPU-457328ff-6f8e-1f53-8cc3-68ae75d90604, 595.91.07, P2, 56, 297.81 W, 100 %, 100 %, 21532 MiB, 24564 MiB, 2640 MHz, 10251 MHz
2026/09/13 12:32:54.449, NVIDIA GeForce RTX 4090, GPU-457328ff-6f8e-1f53-8cc3-68ae75d90604, 595.91.07, P2, 56, 297.76 W, 100 %, 100 %, 21532 MiB, 24564 MiB, 2640 MHz, 10251 MHz
2026/09/13 12:32:55.451, NVIDIA GeForce RTX 4090, GPU-457328ff-6f8e-1f53-8cc3-68ae75d90604, 595.91.07, P2, 56, 283.29 W, 100 %, 100 %, 21532 MiB, 24564 MiB, 2640 MHz, 10251 MHz
2026/09/13 12:32:56.453, NVIDIA GeForce RTX 4090, GPU-457328ff-6f8e-1f53-8cc3-68ae75d90604, 595.91.07, P2, 56, 299.87 W, 100 %, 100 %, 21532 MiB, 24564 MiB, 2640 MHz, 10251 MHz
2026/09/13 12:32:57.455, NVIDIA GeForce RTX 4090, GPU-457328ff-6f8e-1f53-8cc3-68ae75d90604, 595.91.07, P2, 56, 299.47 W, 100 %, 100 %, 21532 MiB, 24564 MiB, 2640 MHz, 10251 MHz
2026/09/13 12:32:58.457, NVIDIA GeForce RTX 4090, GPU-457328ff-6f8e-1f53-8cc3-68ae75d90604, 595.91.07, P2, 56, 299.15 W, 100 %, 100 %, 21532 MiB, 24564 MiB, 2640 MHz, 10251 MHz
2026/09/13 12:32:59.459, NVIDIA GeForce RTX 4090, GPU-457328ff-6f8e-1f53-8cc3-68ae75d90604, 595.91.07, P2, 56, 299.15 W, 100 %, 100 %, 21532 MiB, 24564 MiB, 2640 MHz, 10251 MHz
2026/09/13 12:33:00.461, NVIDIA GeForce RTX 4090, GPU-457328ff-6f8e-1f53-8cc3-68ae75d90604, 595.91.07, P2, 57, 298.89 W, 100 %, 100 %, 21532 MiB, 24564 MiB, 2640 MHz, 10251 MHz
2026/09/13 12:33:01.463, NVIDIA GeForce RTX 4090, GPU-457328ff-6f8e-1f53-8cc3-68ae75d90604, 595.91.07, P2, 56, 298.60 W, 100 %, 100 %, 21532 MiB, 24564 MiB, 2640 MHz, 10251 MHz
2026/09/13 12:33:02.464, NVIDIA GeForce RTX 4090, GPU-457328ff-6f8e-1f53-8cc3-68ae75d90604, 595.91.07, P2, 56, 298.82 W, 100 %, 100 %, 21532 MiB, 24564 MiB, 2640 MHz, 10251 MHz
2026/09/13 12:33:03.466, NVIDIA GeForce RTX 4090, GPU-457328ff-6f8e-1f53-8cc3-68ae75d90604, 595.91.07, P2, 56, 298.70 W, 100 %, 100 %, 21532 MiB, 24564 MiB, 2640 MHz, 10251 MHz
2026/09/13 12:33:04.469, NVIDIA GeForce RTX 4090, GPU-457328ff-6f8e-1f53-8cc3-68ae75d90604, 595.91.07, P2, 56, 298.50 W, 100 %, 100 %, 21532 MiB, 24564 MiB, 2640 MHz, 10251 MHz
2026/09/13 12:33:05.471, NVIDIA GeForce RTX 4090, GPU-457328ff-6f8e-1f53-8cc3-68ae75d90604, 595.91.07, P2, 56, 298.42 W, 100 %, 100 %, 21532 MiB, 24564 MiB, 2640 MHz, 10251 MHz
2026/09/13 12:33:06.473, NVIDIA GeForce RTX 4090, GPU-457328ff-6f8e-1f53-8cc3-68ae75d90604, 595.91.07, P2, 56, 298.58 W, 100 %, 100 %, 21532 MiB, 24564 MiB, 2640 MHz, 10251 MHz
2026/09/13 12:33:07.475, NVIDIA GeForce RTX 4090, GPU-457328ff-6f8e-1f53-8cc3-68ae75d90604, 595.91.07, P2, 56, 298.46 W, 100 %, 100 %, 21532 MiB, 24564 MiB, 2640 MHz, 10251 MHz
2026/09/13 12:33:08.477, NVIDIA GeForce RTX 4090, GPU-457328ff-6f8e-1f53-8cc3-68ae75d90604, 595.91.07, P2, 56, 298.15 W, 100 %, 100 %, 21532 MiB, 24564 MiB, 2640 MHz, 10251 MHz
2026/09/13 12:33:09.479, NVIDIA GeForce RTX 4090, GPU-457328ff-6f8e-1f53-8cc3-68ae75d90604, 595.91.07, P2, 56, 298.10 W, 100 %, 100 %, 21532 MiB, 24564 MiB, 2640 MHz, 10251 MHz
2026/09/13 12:33:10.482, NVIDIA GeForce RTX 4090, GPU-457328ff-6f8e-1f53-8cc3-68ae75d90604, 595.91.07, P2, 56, 298.36 W, 100 %, 100 %, 21532 MiB, 24564 MiB, 2640 MHz, 10251 MHz
2026/09/13 12:33:11.484, NVIDIA GeForce RTX 4090, GPU-457328ff-6f8e-1f53-8cc3-68ae75d90604, 595.91.07, P2, 57, 298.19 W, 100 %, 100 %, 21532 MiB, 24564 MiB, 2640 MHz, 10251 MHz
2026/09/13 12:33:12.487, NVIDIA GeForce RTX 4090, GPU-457328ff-6f8e-1f53-8cc3-68ae75d90604, 595.91.07, P2, 56, 298.11 W, 100 %, 100 %, 21532 MiB, 24564 MiB, 2640 MHz, 10251 MHz
2026/09/13 12:33:13.488, NVIDIA GeForce RTX 4090, GPU-457328ff-6f8e-1f53-8cc3-68ae75d90604, 595.91.07, P2, 56, 298.09 W, 100 %, 100 %, 21532 MiB, 24564 MiB, 2640 MHz, 10251 MHz
2026/09/13 12:33:14.490, NVIDIA GeForce RTX 4090, GPU-457328ff-6f8e-1f53-8cc3-68ae75d90604, 595.91.07, P2, 56, 298.25 W, 100 %, 100 %, 21532 MiB, 24564 MiB, 2640 MHz, 10251 MHz
2026/09/13 12:33:15.493, NVIDIA GeForce RTX 4090, GPU-457328ff-6f8e-1f53-8cc3-68ae75d90604, 595.91.07, P2, 57, 297.93 W, 100 %, 100 %, 21532 MiB, 24564 MiB, 2640 MHz, 10251 MHz
2026/09/13 12:33:16.495, NVIDIA GeForce RTX 4090, GPU-457328ff-6f8e-1f53-8cc3-68ae75d90604, 595.91.07, P2, 56, 298.24 W, 100 %, 100 %, 21532 MiB, 24564 MiB, 2640 MHz, 10251 MHz
2026/09/13 12:33:17.497, NVIDIA GeForce RTX 4090, GPU-457328ff-6f8e-1f53-8cc3-68ae75d90604, 595.91.07, P2, 56, 298.25 W, 100 %, 100 %, 21532 MiB, 24564 MiB, 2640 MHz, 10251 MHz
2026/09/13 12:33:18.500, NVIDIA GeForce RTX 4090, GPU-457328ff-6f8e-1f53-8cc3-68ae75d90604, 595.91.07, P2, 56, 298.19 W, 100 %, 100 %, 21532 MiB, 24564 MiB, 2640 MHz, 10251 MHz
2026/09/13 12:33:19.501, NVIDIA GeForce RTX 4090, GPU-457328ff-6f8e-1f53-8cc3-68ae75d90604, 595.91.07, P2, 57, 298.06 W, 100 %, 100 %, 21532 MiB, 24564 MiB, 2640 MHz, 10251 MHz
2026/09/13 12:33:20.504, NVIDIA GeForce RTX 4090, GPU-457328ff-6f8e-1f53-8cc3-68ae75d90604, 595.91.07, P2, 56, 297.94 W, 100 %, 100 %, 21532 MiB, 24564 MiB, 2640 MHz, 10251 MHz
2026/09/13 12:33:21.506, NVIDIA GeForce RTX 4090, GPU-457328ff-6f8e-1f53-8cc3-68ae75d90604, 595.91.07, P2, 57, 298.14 W, 100 %, 100 %, 21532 MiB, 24564 MiB, 2640 MHz, 10251 MHz
2026/09/13 12:33:22.508, NVIDIA GeForce RTX 4090, GPU-457328ff-6f8e-1f53-8cc3-68ae75d90604, 595.91.07, P2, 57, 298.25 W, 100 %, 100 %, 21532 MiB, 24564 MiB, 2640 MHz, 10251 MHz
2026/09/13 12:33:23.511, NVIDIA GeForce RTX 4090, GPU-457328ff-6f8e-1f53-8cc3-68ae75d90604, 595.91.07, P2, 57, 298.40 W, 100 %, 100 %, 21532 MiB, 24564 MiB, 2640 MHz, 10251 MHz
2026/09/13 12:33:24.513, NVIDIA GeForce RTX 4090, GPU-457328ff-6f8e-1f53-8cc3-68ae75d90604, 595.91.07, P2, 57, 298.10 W, 100 %, 100 %, 21532 MiB, 24564 MiB, 2640 MHz, 10251 MHz
2026/09/13 12:33:25.516, NVIDIA GeForce RTX 4090, GPU-457328ff-6f8e-1f53-8cc3-68ae75d90604, 595.91.07, P2, 57, 297.97 W, 100 %, 100 %, 21532 MiB, 24564 MiB, 2640 MHz, 10251 MHz
2026/09/13 12:33:26.518, NVIDIA GeForce RTX 4090, GPU-457328ff-6f8e-1f53-8cc3-68ae75d90604, 595.91.07, P2, 57, 297.83 W, 100 %, 100 %, 21532 MiB, 24564 MiB, 2640 MHz, 10251 MHz
2026/09/13 12:33:27.520, NVIDIA GeForce RTX 4090, GPU-457328ff-6f8e-1f53-8cc3-68ae75d90604, 595.91.07, P2, 57, 298.24 W, 100 %, 100 %, 21532 MiB, 24564 MiB, 2640 MHz, 10251 MHz
2026/09/13 12:33:28.522, NVIDIA GeForce RTX 4090, GPU-457328ff-6f8e-1f53-8cc3-68ae75d90604, 595.91.07, P2, 57, 298.38 W, 100 %, 100 %, 21532 MiB, 24564 MiB, 2640 MHz, 10251 MHz
2026/09/13 12:33:29.525, NVIDIA GeForce RTX 4090, GPU-457328ff-6f8e-1f53-8cc3-68ae75d90604, 595.91.07, P2, 57, 298.26 W, 100 %, 100 %, 21532 MiB, 24564 MiB, 2640 MHz, 10251 MHz
2026/09/13 12:33:30.527, NVIDIA GeForce RTX 4090, GPU-457328ff-6f8e-1f53-8cc3-68ae75d90604, 595.91.07, P2, 57, 298.32 W, 100 %, 100 %, 21532 MiB, 24564 MiB, 2640 MHz, 10251 MHz
2026/09/13 12:33:31.530, NVIDIA GeForce RTX 4090, GPU-457328ff-6f8e-1f53-8cc3-68ae75d90604, 595.91.07, P2, 57, 297.99 W, 100 %, 100 %, 21532 MiB, 24564 MiB, 2640 MHz, 10251 MHz
2026/09/13 12:33:32.531, NVIDIA GeForce RTX 4090, GPU-457328ff-6f8e-1f53-8cc3-68ae75d90604, 595.91.07, P2, 57, 298.36 W, 100 %, 100 %, 21532 MiB, 24564 MiB, 2640 MHz, 10251 MHz
2026/09/13 12:33:33.534, NVIDIA GeForce RTX 4090, GPU-457328ff-6f8e-1f53-8cc3-68ae75d90604, 595.91.07, P2, 56, 297.62 W, 100 %, 100 %, 21532 MiB, 24564 MiB, 2640 MHz, 10251 MHz
2026/09/13 12:33:34.536, NVIDIA GeForce RTX 4090, GPU-457328ff-6f8e-1f53-8cc3-68ae75d90604, 595.91.07, P2, 57, 297.45 W, 100 %, 100 %, 21532 MiB, 24564 MiB, 2640 MHz, 10251 MHz
2026/09/13 12:33:35.538, NVIDIA GeForce RTX 4090, GPU-457328ff-6f8e-1f53-8cc3-68ae75d90604, 595.91.07, P2, 54, 286.33 W, 31 %, 22 %, 21532 MiB, 24564 MiB, 2640 MHz, 10251 MHz
2026/09/13 12:33:36.540, NVIDIA GeForce RTX 4090, GPU-457328ff-6f8e-1f53-8cc3-68ae75d90604, 595.91.07, P2, 57, 288.08 W, 100 %, 100 %, 21532 MiB, 24564 MiB, 2640 MHz, 10251 MHz
2026/09/13 12:33:37.542, NVIDIA GeForce RTX 4090, GPU-457328ff-6f8e-1f53-8cc3-68ae75d90604, 595.91.07, P2, 57, 299.53 W, 100 %, 100 %, 21532 MiB, 24564 MiB, 2640 MHz, 10251 MHz
2026/09/13 12:33:38.545, NVIDIA GeForce RTX 4090, GPU-457328ff-6f8e-1f53-8cc3-68ae75d90604, 595.91.07, P2, 57, 299.11 W, 100 %, 100 %, 21532 MiB, 24564 MiB, 2640 MHz, 10251 MHz
2026/09/13 12:33:39.548, NVIDIA GeForce RTX 4090, GPU-457328ff-6f8e-1f53-8cc3-68ae75d90604, 595.91.07, P2, 57, 299.19 W, 100 %, 100 %, 21532 MiB, 24564 MiB, 2640 MHz, 10251 MHz
2026/09/13 12:33:40.551, NVIDIA GeForce RTX 4090, GPU-457328ff-6f8e-1f53-8cc3-68ae75d90604, 595.91.07, P2, 57, 299.15 W, 100 %, 100 %, 21532 MiB, 24564 MiB, 2640 MHz, 10251 MHz
2026/09/13 12:33:41.553, NVIDIA GeForce RTX 4090, GPU-457328ff-6f8e-1f53-8cc3-68ae75d90604, 595.91.07, P2, 57, 299.16 W, 100 %, 100 %, 21532 MiB, 24564 MiB, 2640 MHz, 10251 MHz
2026/09/13 12:33:42.556, NVIDIA GeForce RTX 4090, GPU-457328ff-6f8e-1f53-8cc3-68ae75d90604, 595.91.07, P2, 57, 298.56 W, 100 %, 100 %, 21532 MiB, 24564 MiB, 2640 MHz, 10251 MHz
2026/09/13 12:33:43.559, NVIDIA GeForce RTX 4090, GPU-457328ff-6f8e-1f53-8cc3-68ae75d90604, 595.91.07, P2, 57, 298.49 W, 100 %, 100 %, 21532 MiB, 24564 MiB, 2640 MHz, 10251 MHz
2026/09/13 12:33:44.561, NVIDIA GeForce RTX 4090, GPU-457328ff-6f8e-1f53-8cc3-68ae75d90604, 595.91.07, P2, 57, 298.61 W, 100 %, 100 %, 21532 MiB, 24564 MiB, 2640 MHz, 10251 MHz
2026/09/13 12:33:45.565, NVIDIA GeForce RTX 4090, GPU-457328ff-6f8e-1f53-8cc3-68ae75d90604, 595.91.07, P2, 57, 298.62 W, 100 %, 100 %, 21532 MiB, 24564 MiB, 2640 MHz, 10251 MHz
2026/09/13 12:33:46.567, NVIDIA GeForce RTX 4090, GPU-457328ff-6f8e-1f53-8cc3-68ae75d90604, 595.91.07, P2, 57, 298.31 W, 100 %, 100 %, 21532 MiB, 24564 MiB, 2640 MHz, 10251 MHz
2026/09/13 12:33:47.570, NVIDIA GeForce RTX 4090, GPU-457328ff-6f8e-1f53-8cc3-68ae75d90604, 595.91.07, P2, 57, 298.49 W, 100 %, 100 %, 21532 MiB, 24564 MiB, 2640 MHz, 10251 MHz
2026/09/13 12:33:48.573, NVIDIA GeForce RTX 4090, GPU-457328ff-6f8e-1f53-8cc3-68ae75d90604, 595.91.07, P2, 57, 298.13 W, 100 %, 100 %, 21532 MiB, 24564 MiB, 2640 MHz, 10251 MHz
2026/09/13 12:33:49.575, NVIDIA GeForce RTX 4090, GPU-457328ff-6f8e-1f53-8cc3-68ae75d90604, 595.91.07, P2, 57, 298.28 W, 100 %, 100 %, 21532 MiB, 24564 MiB, 2640 MHz, 10251 MHz
2026/09/13 12:33:50.577, NVIDIA GeForce RTX 4090, GPU-457328ff-6f8e-1f53-8cc3-68ae75d90604, 595.91.07, P2, 57, 298.43 W, 100 %, 100 %, 21532 MiB, 24564 MiB, 2640 MHz, 10251 MHz
2026/09/13 12:33:51.580, NVIDIA GeForce RTX 4090, GPU-457328ff-6f8e-1f53-8cc3-68ae75d90604, 595.91.07, P2, 57, 298.59 W, 100 %, 100 %, 21532 MiB, 24564 MiB, 2640 MHz, 10251 MHz
2026/09/13 12:33:52.582, NVIDIA GeForce RTX 4090, GPU-457328ff-6f8e-1f53-8cc3-68ae75d90604, 595.91.07, P2, 57, 298.69 W, 100 %, 100 %, 21532 MiB, 24564 MiB, 2640 MHz, 10251 MHz
2026/09/13 12:33:53.583, NVIDIA GeForce RTX 4090, GPU-457328ff-6f8e-1f53-8cc3-68ae75d90604, 595.91.07, P2, 57, 298.46 W, 100 %, 100 %, 21532 MiB, 24564 MiB, 2640 MHz, 10251 MHz
2026/09/13 12:33:54.586, NVIDIA GeForce RTX 4090, GPU-457328ff-6f8e-1f53-8cc3-68ae75d90604, 595.91.07, P2, 57, 297.98 W, 100 %, 100 %, 21532 MiB, 24564 MiB, 2640 MHz, 10251 MHz
2026/09/13 12:33:55.588, NVIDIA GeForce RTX 4090, GPU-457328ff-6f8e-1f53-8cc3-68ae75d90604, 595.91.07, P2, 57, 297.83 W, 100 %, 100 %, 21532 MiB, 24564 MiB, 2640 MHz, 10251 MHz
2026/09/13 12:33:56.591, NVIDIA GeForce RTX 4090, GPU-457328ff-6f8e-1f53-8cc3-68ae75d90604, 595.91.07, P2, 57, 297.55 W, 100 %, 100 %, 21532 MiB, 24564 MiB, 2640 MHz, 10251 MHz
2026/09/13 12:33:57.593, NVIDIA GeForce RTX 4090, GPU-457328ff-6f8e-1f53-8cc3-68ae75d90604, 595.91.07, P2, 57, 298.14 W, 100 %, 100 %, 21532 MiB, 24564 MiB, 2640 MHz, 10251 MHz
2026/09/13 12:33:58.596, NVIDIA GeForce RTX 4090, GPU-457328ff-6f8e-1f53-8cc3-68ae75d90604, 595.91.07, P2, 57, 298.35 W, 100 %, 100 %, 21532 MiB, 24564 MiB, 2640 MHz, 10251 MHz
2026/09/13 12:33:59.598, NVIDIA GeForce RTX 4090, GPU-457328ff-6f8e-1f53-8cc3-68ae75d90604, 595.91.07, P2, 57, 298.20 W, 100 %, 100 %, 21532 MiB, 24564 MiB, 2640 MHz, 10251 MHz
2026/09/13 12:34:00.599, NVIDIA GeForce RTX 4090, GPU-457328ff-6f8e-1f53-8cc3-68ae75d90604, 595.91.07, P2, 57, 298.11 W, 100 %, 100 %, 21532 MiB, 24564 MiB, 2640 MHz, 10251 MHz
2026/09/13 12:34:01.602, NVIDIA GeForce RTX 4090, GPU-457328ff-6f8e-1f53-8cc3-68ae75d90604, 595.91.07, P2, 57, 297.78 W, 100 %, 100 %, 21532 MiB, 24564 MiB, 2640 MHz, 10251 MHz
2026/09/13 12:34:02.604, NVIDIA GeForce RTX 4090, GPU-457328ff-6f8e-1f53-8cc3-68ae75d90604, 595.91.07, P2, 57, 297.73 W, 100 %, 100 %, 21532 MiB, 24564 MiB, 2640 MHz, 10251 MHz
2026/09/13 12:34:03.606, NVIDIA GeForce RTX 4090, GPU-457328ff-6f8e-1f53-8cc3-68ae75d90604, 595.91.07, P2, 57, 297.88 W, 100 %, 100 %, 21532 MiB, 24564 MiB, 2640 MHz, 10251 MHz
2026/09/13 12:34:04.608, NVIDIA GeForce RTX 4090, GPU-457328ff-6f8e-1f53-8cc3-68ae75d90604, 595.91.07, P2, 57, 297.73 W, 100 %, 100 %, 21532 MiB, 24564 MiB, 2640 MHz, 10251 MHz
2026/09/13 12:34:05.611, NVIDIA GeForce RTX 4090, GPU-457328ff-6f8e-1f53-8cc3-68ae75d90604, 595.91.07, P2, 57, 297.98 W, 100 %, 100 %, 21532 MiB, 24564 MiB, 2640 MHz, 10251 MHz
2026/09/13 12:34:06.613, NVIDIA GeForce RTX 4090, GPU-457328ff-6f8e-1f53-8cc3-68ae75d90604, 595.91.07, P2, 57, 298.27 W, 100 %, 100 %, 21532 MiB, 24564 MiB, 2640 MHz, 10251 MHz
2026/09/13 12:34:07.615, NVIDIA GeForce RTX 4090, GPU-457328ff-6f8e-1f53-8cc3-68ae75d90604, 595.91.07, P2, 57, 298.45 W, 100 %, 100 %, 21532 MiB, 24564 MiB, 2640 MHz, 10251 MHz
2026/09/13 12:34:08.617, NVIDIA GeForce RTX 4090, GPU-457328ff-6f8e-1f53-8cc3-68ae75d90604, 595.91.07, P2, 57, 298.49 W, 100 %, 100 %, 21532 MiB, 24564 MiB, 2640 MHz, 10251 MHz
2026/09/13 12:34:09.619, NVIDIA GeForce RTX 4090, GPU-457328ff-6f8e-1f53-8cc3-68ae75d90604, 595.91.07, P2, 57, 298.47 W, 100 %, 100 %, 21532 MiB, 24564 MiB, 2640 MHz, 10251 MHz
2026/09/13 12:34:10.621, NVIDIA GeForce RTX 4090, GPU-457328ff-6f8e-1f53-8cc3-68ae75d90604, 595.91.07, P2, 57, 298.86 W, 100 %, 100 %, 21532 MiB, 24564 MiB, 2640 MHz, 10251 MHz
2026/09/13 12:34:11.624, NVIDIA GeForce RTX 4090, GPU-457328ff-6f8e-1f53-8cc3-68ae75d90604, 595.91.07, P2, 57, 298.57 W, 100 %, 100 %, 21532 MiB, 24564 MiB, 2640 MHz, 10251 MHz
2026/09/13 12:34:12.627, NVIDIA GeForce RTX 4090, GPU-457328ff-6f8e-1f53-8cc3-68ae75d90604, 595.91.07, P2, 57, 298.17 W, 100 %, 100 %, 21532 MiB, 24564 MiB, 2640 MHz, 10251 MHz
2026/09/13 12:34:13.629, NVIDIA GeForce RTX 4090, GPU-457328ff-6f8e-1f53-8cc3-68ae75d90604, 595.91.07, P2, 57, 298.09 W, 100 %, 100 %, 21532 MiB, 24564 MiB, 2640 MHz, 10251 MHz
2026/09/13 12:34:14.631, NVIDIA GeForce RTX 4090, GPU-457328ff-6f8e-1f53-8cc3-68ae75d90604, 595.91.07, P2, 57, 297.65 W, 100 %, 100 %, 21532 MiB, 24564 MiB, 2640 MHz, 10251 MHz
2026/09/13 12:34:15.634, NVIDIA GeForce RTX 4090, GPU-457328ff-6f8e-1f53-8cc3-68ae75d90604, 595.91.07, P2, 56, 297.70 W, 100 %, 100 %, 21532 MiB, 24564 MiB, 2640 MHz, 10251 MHz
2026/09/13 12:34:16.636, NVIDIA GeForce RTX 4090, GPU-457328ff-6f8e-1f53-8cc3-68ae75d90604, 595.91.07, P2, 53, 298.05 W, 99 %, 100 %, 21532 MiB, 24564 MiB, 2640 MHz, 10251 MHz
2026/09/13 12:34:17.638, NVIDIA GeForce RTX 4090, GPU-457328ff-6f8e-1f53-8cc3-68ae75d90604, 595.91.07, P2, 56, 284.75 W, 100 %, 100 %, 21532 MiB, 24564 MiB, 2640 MHz, 10251 MHz
2026/09/13 12:34:18.640, NVIDIA GeForce RTX 4090, GPU-457328ff-6f8e-1f53-8cc3-68ae75d90604, 595.91.07, P2, 57, 300.01 W, 100 %, 100 %, 21532 MiB, 24564 MiB, 2640 MHz, 10251 MHz
2026/09/13 12:34:19.642, NVIDIA GeForce RTX 4090, GPU-457328ff-6f8e-1f53-8cc3-68ae75d90604, 595.91.07, P2, 56, 299.89 W, 100 %, 100 %, 21532 MiB, 24564 MiB, 2640 MHz, 10251 MHz
2026/09/13 12:34:20.645, NVIDIA GeForce RTX 4090, GPU-457328ff-6f8e-1f53-8cc3-68ae75d90604, 595.91.07, P2, 56, 299.57 W, 100 %, 100 %, 21532 MiB, 24564 MiB, 2640 MHz, 10251 MHz
2026/09/13 12:34:21.647, NVIDIA GeForce RTX 4090, GPU-457328ff-6f8e-1f53-8cc3-68ae75d90604, 595.91.07, P2, 57, 299.43 W, 100 %, 100 %, 21532 MiB, 24564 MiB, 2640 MHz, 10251 MHz
2026/09/13 12:34:22.648, NVIDIA GeForce RTX 4090, GPU-457328ff-6f8e-1f53-8cc3-68ae75d90604, 595.91.07, P2, 56, 299.26 W, 100 %, 100 %, 21532 MiB, 24564 MiB, 2640 MHz, 10251 MHz
2026/09/13 12:34:23.651, NVIDIA GeForce RTX 4090, GPU-457328ff-6f8e-1f53-8cc3-68ae75d90604, 595.91.07, P2, 56, 299.15 W, 100 %, 100 %, 21532 MiB, 24564 MiB, 2640 MHz, 10251 MHz
2026/09/13 12:34:24.653, NVIDIA GeForce RTX 4090, GPU-457328ff-6f8e-1f53-8cc3-68ae75d90604, 595.91.07, P2, 56, 299.39 W, 100 %, 100 %, 21532 MiB, 24564 MiB, 2640 MHz, 10251 MHz
2026/09/13 12:34:25.656, NVIDIA GeForce RTX 4090, GPU-457328ff-6f8e-1f53-8cc3-68ae75d90604, 595.91.07, P2, 56, 299.25 W, 100 %, 100 %, 21532 MiB, 24564 MiB, 2640 MHz, 10251 MHz
2026/09/13 12:34:26.658, NVIDIA GeForce RTX 4090, GPU-457328ff-6f8e-1f53-8cc3-68ae75d90604, 595.91.07, P2, 56, 298.98 W, 100 %, 100 %, 21532 MiB, 24564 MiB, 2640 MHz, 10251 MHz
2026/09/13 12:34:27.661, NVIDIA GeForce RTX 4090, GPU-457328ff-6f8e-1f53-8cc3-68ae75d90604, 595.91.07, P2, 56, 298.78 W, 100 %, 100 %, 21532 MiB, 24564 MiB, 2640 MHz, 10251 MHz
2026/09/13 12:34:28.663, NVIDIA GeForce RTX 4090, GPU-457328ff-6f8e-1f53-8cc3-68ae75d90604, 595.91.07, P2, 56, 298.35 W, 100 %, 100 %, 21532 MiB, 24564 MiB, 2640 MHz, 10251 MHz
2026/09/13 12:34:29.665, NVIDIA GeForce RTX 4090, GPU-457328ff-6f8e-1f53-8cc3-68ae75d90604, 595.91.07, P2, 56, 298.57 W, 100 %, 100 %, 21532 MiB, 24564 MiB, 2640 MHz, 10251 MHz
2026/09/13 12:34:30.666, NVIDIA GeForce RTX 4090, GPU-457328ff-6f8e-1f53-8cc3-68ae75d90604, 595.91.07, P2, 56, 293.61 W, 100 %, 100 %, 21532 MiB, 24564 MiB, 2640 MHz, 10251 MHz
2026/09/13 12:34:31.669, NVIDIA GeForce RTX 4090, GPU-457328ff-6f8e-1f53-8cc3-68ae75d90604, 595.91.07, P2, 56, 300.45 W, 100 %, 100 %, 21532 MiB, 24564 MiB, 2640 MHz, 10251 MHz
2026/09/13 12:34:32.671, NVIDIA GeForce RTX 4090, GPU-457328ff-6f8e-1f53-8cc3-68ae75d90604, 595.91.07, P2, 56, 300.55 W, 100 %, 100 %, 21532 MiB, 24564 MiB, 2640 MHz, 10251 MHz
2026/09/13 12:34:33.673, NVIDIA GeForce RTX 4090, GPU-457328ff-6f8e-1f53-8cc3-68ae75d90604, 595.91.07, P2, 57, 300.34 W, 100 %, 100 %, 21532 MiB, 24564 MiB, 2640 MHz, 10251 MHz
2026/09/13 12:34:34.674, NVIDIA GeForce RTX 4090, GPU-457328ff-6f8e-1f53-8cc3-68ae75d90604, 595.91.07, P2, 56, 299.86 W, 100 %, 100 %, 21532 MiB, 24564 MiB, 2640 MHz, 10251 MHz
2026/09/13 12:34:35.677, NVIDIA GeForce RTX 4090, GPU-457328ff-6f8e-1f53-8cc3-68ae75d90604, 595.91.07, P2, 56, 299.61 W, 100 %, 100 %, 21532 MiB, 24564 MiB, 2640 MHz, 10251 MHz
2026/09/13 12:34:36.678, NVIDIA GeForce RTX 4090, GPU-457328ff-6f8e-1f53-8cc3-68ae75d90604, 595.91.07, P2, 56, 299.17 W, 100 %, 100 %, 21532 MiB, 24564 MiB, 2640 MHz, 10251 MHz
2026/09/13 12:34:37.681, NVIDIA GeForce RTX 4090, GPU-457328ff-6f8e-1f53-8cc3-68ae75d90604, 595.91.07, P2, 56, 298.54 W, 100 %, 100 %, 21532 MiB, 24564 MiB, 2640 MHz, 10251 MHz
2026/09/13 12:34:38.682, NVIDIA GeForce RTX 4090, GPU-457328ff-6f8e-1f53-8cc3-68ae75d90604, 595.91.07, P2, 56, 298.48 W, 100 %, 100 %, 21532 MiB, 24564 MiB, 2640 MHz, 10251 MHz
2026/09/13 12:34:39.684, NVIDIA GeForce RTX 4090, GPU-457328ff-6f8e-1f53-8cc3-68ae75d90604, 595.91.07, P2, 56, 298.33 W, 100 %, 100 %, 21532 MiB, 24564 MiB, 2640 MHz, 10251 MHz
2026/09/13 12:34:40.687, NVIDIA GeForce RTX 4090, GPU-457328ff-6f8e-1f53-8cc3-68ae75d90604, 595.91.07, P2, 56, 297.98 W, 100 %, 100 %, 21532 MiB, 24564 MiB, 2640 MHz, 10251 MHz
2026/09/13 12:34:41.689, NVIDIA GeForce RTX 4090, GPU-457328ff-6f8e-1f53-8cc3-68ae75d90604, 595.91.07, P2, 56, 298.44 W, 100 %, 100 %, 21532 MiB, 24564 MiB, 2640 MHz, 10251 MHz
2026/09/13 12:34:42.691, NVIDIA GeForce RTX 4090, GPU-457328ff-6f8e-1f53-8cc3-68ae75d90604, 595.91.07, P2, 56, 298.52 W, 100 %, 100 %, 21532 MiB, 24564 MiB, 2640 MHz, 10251 MHz
2026/09/13 12:34:43.694, NVIDIA GeForce RTX 4090, GPU-457328ff-6f8e-1f53-8cc3-68ae75d90604, 595.91.07, P2, 56, 298.24 W, 100 %, 100 %, 21532 MiB, 24564 MiB, 2640 MHz, 10251 MHz
2026/09/13 12:34:44.696, NVIDIA GeForce RTX 4090, GPU-457328ff-6f8e-1f53-8cc3-68ae75d90604, 595.91.07, P2, 56, 298.30 W, 100 %, 100 %, 21532 MiB, 24564 MiB, 2640 MHz, 10251 MHz
2026/09/13 12:34:45.699, NVIDIA GeForce RTX 4090, GPU-457328ff-6f8e-1f53-8cc3-68ae75d90604, 595.91.07, P2, 56, 289.03 W, 100 %, 100 %, 21532 MiB, 24564 MiB, 2640 MHz, 10251 MHz
2026/09/13 12:34:46.701, NVIDIA GeForce RTX 4090, GPU-457328ff-6f8e-1f53-8cc3-68ae75d90604, 595.91.07, P2, 56, 300.12 W, 100 %, 100 %, 21532 MiB, 24564 MiB, 2640 MHz, 10251 MHz
2026/09/13 12:34:47.703, NVIDIA GeForce RTX 4090, GPU-457328ff-6f8e-1f53-8cc3-68ae75d90604, 595.91.07, P2, 56, 300.17 W, 100 %, 100 %, 21532 MiB, 24564 MiB, 2640 MHz, 10251 MHz
2026/09/13 12:34:48.705, NVIDIA GeForce RTX 4090, GPU-457328ff-6f8e-1f53-8cc3-68ae75d90604, 595.91.07, P2, 56, 299.81 W, 100 %, 100 %, 21532 MiB, 24564 MiB, 2640 MHz, 10251 MHz
2026/09/13 12:34:49.708, NVIDIA GeForce RTX 4090, GPU-457328ff-6f8e-1f53-8cc3-68ae75d90604, 595.91.07, P2, 56, 299.68 W, 100 %, 100 %, 21532 MiB, 24564 MiB, 2640 MHz, 10251 MHz
2026/09/13 12:34:50.711, NVIDIA GeForce RTX 4090, GPU-457328ff-6f8e-1f53-8cc3-68ae75d90604, 595.91.07, P2, 56, 299.69 W, 100 %, 100 %, 21532 MiB, 24564 MiB, 2640 MHz, 10251 MHz
2026/09/13 12:34:51.712, NVIDIA GeForce RTX 4090, GPU-457328ff-6f8e-1f53-8cc3-68ae75d90604, 595.91.07, P2, 56, 299.29 W, 100 %, 100 %, 21532 MiB, 24564 MiB, 2640 MHz, 10251 MHz
2026/09/13 12:34:52.713, NVIDIA GeForce RTX 4090, GPU-457328ff-6f8e-1f53-8cc3-68ae75d90604, 595.91.07, P2, 56, 299.06 W, 100 %, 100 %, 21532 MiB, 24564 MiB, 2640 MHz, 10251 MHz
2026/09/13 12:34:53.716, NVIDIA GeForce RTX 4090, GPU-457328ff-6f8e-1f53-8cc3-68ae75d90604, 595.91.07, P2, 56, 298.87 W, 100 %, 100 %, 21532 MiB, 24564 MiB, 2640 MHz, 10251 MHz
2026/09/13 12:34:54.717, NVIDIA GeForce RTX 4090, GPU-457328ff-6f8e-1f53-8cc3-68ae75d90604, 595.91.07, P2, 56, 298.90 W, 100 %, 100 %, 21532 MiB, 24564 MiB, 2640 MHz, 10251 MHz
2026/09/13 12:34:55.720, NVIDIA GeForce RTX 4090, GPU-457328ff-6f8e-1f53-8cc3-68ae75d90604, 595.91.07, P2, 56, 298.64 W, 100 %, 100 %, 21532 MiB, 24564 MiB, 2640 MHz, 10251 MHz
2026/09/13 12:34:56.722, NVIDIA GeForce RTX 4090, GPU-457328ff-6f8e-1f53-8cc3-68ae75d90604, 595.91.07, P2, 56, 298.28 W, 100 %, 100 %, 21532 MiB, 24564 MiB, 2640 MHz, 10251 MHz
2026/09/13 12:34:57.725, NVIDIA GeForce RTX 4090, GPU-457328ff-6f8e-1f53-8cc3-68ae75d90604, 595.91.07, P2, 56, 298.30 W, 100 %, 100 %, 21532 MiB, 24564 MiB, 2640 MHz, 10251 MHz
2026/09/13 12:34:58.727, NVIDIA GeForce RTX 4090, GPU-457328ff-6f8e-1f53-8cc3-68ae75d90604, 595.91.07, P2, 56, 298.21 W, 100 %, 100 %, 21532 MiB, 24564 MiB, 2640 MHz, 10251 MHz
2026/09/13 12:34:59.729, NVIDIA GeForce RTX 4090, GPU-457328ff-6f8e-1f53-8cc3-68ae75d90604, 595.91.07, P2, 56, 297.89 W, 100 %, 100 %, 21532 MiB, 24564 MiB, 2640 MHz, 10251 MHz
2026/09/13 12:35:00.732, NVIDIA GeForce RTX 4090, GPU-457328ff-6f8e-1f53-8cc3-68ae75d90604, 595.91.07, P2, 56, 297.99 W, 100 %, 100 %, 21532 MiB, 24564 MiB, 2640 MHz, 10251 MHz
2026/09/13 12:35:01.734, NVIDIA GeForce RTX 4090, GPU-457328ff-6f8e-1f53-8cc3-68ae75d90604, 595.91.07, P2, 56, 297.97 W, 100 %, 100 %, 21532 MiB, 24564 MiB, 2640 MHz, 10251 MHz
2026/09/13 12:35:02.736, NVIDIA GeForce RTX 4090, GPU-457328ff-6f8e-1f53-8cc3-68ae75d90604, 595.91.07, P2, 56, 298.21 W, 100 %, 100 %, 21532 MiB, 24564 MiB, 2640 MHz, 10251 MHz
2026/09/13 12:35:03.739, NVIDIA GeForce RTX 4090, GPU-457328ff-6f8e-1f53-8cc3-68ae75d90604, 595.91.07, P2, 56, 297.89 W, 100 %, 100 %, 21532 MiB, 24564 MiB, 2640 MHz, 10251 MHz
2026/09/13 12:35:04.741, NVIDIA GeForce RTX 4090, GPU-457328ff-6f8e-1f53-8cc3-68ae75d90604, 595.91.07, P2, 56, 298.27 W, 100 %, 100 %, 21532 MiB, 24564 MiB, 2640 MHz, 10251 MHz
2026/09/13 12:35:05.743, NVIDIA GeForce RTX 4090, GPU-457328ff-6f8e-1f53-8cc3-68ae75d90604, 595.91.07, P2, 56, 297.90 W, 100 %, 100 %, 21532 MiB, 24564 MiB, 2640 MHz, 10251 MHz
2026/09/13 12:35:06.746, NVIDIA GeForce RTX 4090, GPU-457328ff-6f8e-1f53-8cc3-68ae75d90604, 595.91.07, P2, 56, 297.44 W, 100 %, 100 %, 21532 MiB, 24564 MiB, 2640 MHz, 10251 MHz
2026/09/13 12:35:07.748, NVIDIA GeForce RTX 4090, GPU-457328ff-6f8e-1f53-8cc3-68ae75d90604, 595.91.07, P2, 56, 297.78 W, 100 %, 100 %, 21532 MiB, 24564 MiB, 2640 MHz, 10251 MHz
2026/09/13 12:35:08.751, NVIDIA GeForce RTX 4090, GPU-457328ff-6f8e-1f53-8cc3-68ae75d90604, 595.91.07, P2, 56, 297.89 W, 100 %, 100 %, 21532 MiB, 24564 MiB, 2640 MHz, 10251 MHz
2026/09/13 12:35:09.753, NVIDIA GeForce RTX 4090, GPU-457328ff-6f8e-1f53-8cc3-68ae75d90604, 595.91.07, P2, 56, 297.96 W, 100 %, 100 %, 21532 MiB, 24564 MiB, 2640 MHz, 10251 MHz
2026/09/13 12:35:10.756, NVIDIA GeForce RTX 4090, GPU-457328ff-6f8e-1f53-8cc3-68ae75d90604, 595.91.07, P2, 56, 297.81 W, 100 %, 100 %, 21532 MiB, 24564 MiB, 2640 MHz, 10251 MHz
2026/09/13 12:35:11.758, NVIDIA GeForce RTX 4090, GPU-457328ff-6f8e-1f53-8cc3-68ae75d90604, 595.91.07, P2, 56, 297.91 W, 100 %, 100 %, 21532 MiB, 24564 MiB, 2640 MHz, 10251 MHz
2026/09/13 12:35:12.760, NVIDIA GeForce RTX 4090, GPU-457328ff-6f8e-1f53-8cc3-68ae75d90604, 595.91.07, P2, 56, 298.04 W, 100 %, 100 %, 21532 MiB, 24564 MiB, 2640 MHz, 10251 MHz
2026/09/13 12:35:13.762, NVIDIA GeForce RTX 4090, GPU-457328ff-6f8e-1f53-8cc3-68ae75d90604, 595.91.07, P2, 56, 298.33 W, 100 %, 100 %, 21532 MiB, 24564 MiB, 2640 MHz, 10251 MHz
2026/09/13 12:35:14.765, NVIDIA GeForce RTX 4090, GPU-457328ff-6f8e-1f53-8cc3-68ae75d90604, 595.91.07, P2, 56, 289.16 W, 100 %, 100 %, 21532 MiB, 24564 MiB, 2640 MHz, 10251 MHz
2026/09/13 12:35:15.768, NVIDIA GeForce RTX 4090, GPU-457328ff-6f8e-1f53-8cc3-68ae75d90604, 595.91.07, P2, 56, 300.08 W, 100 %, 100 %, 21532 MiB, 24564 MiB, 2640 MHz, 10251 MHz
2026/09/13 12:35:16.770, NVIDIA GeForce RTX 4090, GPU-457328ff-6f8e-1f53-8cc3-68ae75d90604, 595.91.07, P2, 56, 299.71 W, 100 %, 100 %, 21532 MiB, 24564 MiB, 2640 MHz, 10251 MHz
2026/09/13 12:35:17.773, NVIDIA GeForce RTX 4090, GPU-457328ff-6f8e-1f53-8cc3-68ae75d90604, 595.91.07, P2, 56, 299.27 W, 100 %, 100 %, 21532 MiB, 24564 MiB, 2640 MHz, 10251 MHz
2026/09/13 12:35:18.775, NVIDIA GeForce RTX 4090, GPU-457328ff-6f8e-1f53-8cc3-68ae75d90604, 595.91.07, P2, 56, 299.34 W, 100 %, 100 %, 21532 MiB, 24564 MiB, 2640 MHz, 10251 MHz
2026/09/13 12:35:19.778, NVIDIA GeForce RTX 4090, GPU-457328ff-6f8e-1f53-8cc3-68ae75d90604, 595.91.07, P2, 56, 299.32 W, 100 %, 100 %, 21532 MiB, 24564 MiB, 2640 MHz, 10251 MHz
2026/09/13 12:35:20.780, NVIDIA GeForce RTX 4090, GPU-457328ff-6f8e-1f53-8cc3-68ae75d90604, 595.91.07, P2, 56, 299.19 W, 100 %, 100 %, 21532 MiB, 24564 MiB, 2640 MHz, 10251 MHz
2026/09/13 12:35:21.782, NVIDIA GeForce RTX 4090, GPU-457328ff-6f8e-1f53-8cc3-68ae75d90604, 595.91.07, P2, 56, 299.00 W, 100 %, 100 %, 21532 MiB, 24564 MiB, 2640 MHz, 10251 MHz
2026/09/13 12:35:22.785, NVIDIA GeForce RTX 4090, GPU-457328ff-6f8e-1f53-8cc3-68ae75d90604, 595.91.07, P2, 56, 298.71 W, 100 %, 100 %, 21532 MiB, 24564 MiB, 2640 MHz, 10251 MHz
2026/09/13 12:35:23.787, NVIDIA GeForce RTX 4090, GPU-457328ff-6f8e-1f53-8cc3-68ae75d90604, 595.91.07, P2, 56, 298.24 W, 100 %, 100 %, 21532 MiB, 24564 MiB, 2640 MHz, 10251 MHz
2026/09/13 12:35:24.790, NVIDIA GeForce RTX 4090, GPU-457328ff-6f8e-1f53-8cc3-68ae75d90604, 595.91.07, P2, 56, 298.19 W, 100 %, 100 %, 21532 MiB, 24564 MiB, 2640 MHz, 10251 MHz
2026/09/13 12:35:25.792, NVIDIA GeForce RTX 4090, GPU-457328ff-6f8e-1f53-8cc3-68ae75d90604, 595.91.07, P2, 56, 297.79 W, 100 %, 100 %, 21532 MiB, 24564 MiB, 2640 MHz, 10251 MHz
2026/09/13 12:35:26.794, NVIDIA GeForce RTX 4090, GPU-457328ff-6f8e-1f53-8cc3-68ae75d90604, 595.91.07, P2, 56, 297.55 W, 100 %, 100 %, 21532 MiB, 24564 MiB, 2640 MHz, 10251 MHz
2026/09/13 12:35:27.797, NVIDIA GeForce RTX 4090, GPU-457328ff-6f8e-1f53-8cc3-68ae75d90604, 595.91.07, P2, 56, 297.61 W, 100 %, 100 %, 21532 MiB, 24564 MiB, 2640 MHz, 10251 MHz
2026/09/13 12:35:28.799, NVIDIA GeForce RTX 4090, GPU-457328ff-6f8e-1f53-8cc3-68ae75d90604, 595.91.07, P2, 56, 297.53 W, 100 %, 100 %, 21532 MiB, 24564 MiB, 2640 MHz, 10251 MHz
2026/09/13 12:35:29.802, NVIDIA GeForce RTX 4090, GPU-457328ff-6f8e-1f53-8cc3-68ae75d90604, 595.91.07, P2, 56, 297.45 W, 100 %, 100 %, 21532 MiB, 24564 MiB, 2640 MHz, 10251 MHz
2026/09/13 12:35:30.804, NVIDIA GeForce RTX 4090, GPU-457328ff-6f8e-1f53-8cc3-68ae75d90604, 595.91.07, P2, 56, 297.52 W, 100 %, 100 %, 21532 MiB, 24564 MiB, 2640 MHz, 10251 MHz
2026/09/13 12:35:31.806, NVIDIA GeForce RTX 4090, GPU-457328ff-6f8e-1f53-8cc3-68ae75d90604, 595.91.07, P2, 56, 297.88 W, 100 %, 100 %, 21532 MiB, 24564 MiB, 2640 MHz, 10251 MHz
2026/09/13 12:35:32.808, NVIDIA GeForce RTX 4090, GPU-457328ff-6f8e-1f53-8cc3-68ae75d90604, 595.91.07, P2, 56, 297.78 W, 100 %, 100 %, 21532 MiB, 24564 MiB, 2640 MHz, 10251 MHz
2026/09/13 12:35:33.810, NVIDIA GeForce RTX 4090, GPU-457328ff-6f8e-1f53-8cc3-68ae75d90604, 595.91.07, P2, 56, 297.47 W, 100 %, 100 %, 21532 MiB, 24564 MiB, 2640 MHz, 10251 MHz
2026/09/13 12:35:34.813, NVIDIA GeForce RTX 4090, GPU-457328ff-6f8e-1f53-8cc3-68ae75d90604, 595.91.07, P2, 56, 289.94 W, 100 %, 100 %, 21532 MiB, 24564 MiB, 2640 MHz, 10251 MHz
2026/09/13 12:35:35.815, NVIDIA GeForce RTX 4090, GPU-457328ff-6f8e-1f53-8cc3-68ae75d90604, 595.91.07, P2, 56, 299.45 W, 100 %, 100 %, 21532 MiB, 24564 MiB, 2640 MHz, 10251 MHz
2026/09/13 12:35:36.817, NVIDIA GeForce RTX 4090, GPU-457328ff-6f8e-1f53-8cc3-68ae75d90604, 595.91.07, P2, 56, 299.62 W, 100 %, 100 %, 21532 MiB, 24564 MiB, 2640 MHz, 10251 MHz
2026/09/13 12:35:37.819, NVIDIA GeForce RTX 4090, GPU-457328ff-6f8e-1f53-8cc3-68ae75d90604, 595.91.07, P2, 56, 299.60 W, 100 %, 100 %, 21532 MiB, 24564 MiB, 2640 MHz, 10251 MHz
2026/09/13 12:35:38.822, NVIDIA GeForce RTX 4090, GPU-457328ff-6f8e-1f53-8cc3-68ae75d90604, 595.91.07, P2, 56, 299.17 W, 100 %, 100 %, 21532 MiB, 24564 MiB, 2640 MHz, 10251 MHz
2026/09/13 12:35:39.824, NVIDIA GeForce RTX 4090, GPU-457328ff-6f8e-1f53-8cc3-68ae75d90604, 595.91.07, P2, 56, 299.25 W, 100 %, 100 %, 21532 MiB, 24564 MiB, 2640 MHz, 10251 MHz
2026/09/13 12:35:40.826, NVIDIA GeForce RTX 4090, GPU-457328ff-6f8e-1f53-8cc3-68ae75d90604, 595.91.07, P2, 56, 298.77 W, 100 %, 100 %, 21532 MiB, 24564 MiB, 2640 MHz, 10251 MHz
2026/09/13 12:35:41.828, NVIDIA GeForce RTX 4090, GPU-457328ff-6f8e-1f53-8cc3-68ae75d90604, 595.91.07, P2, 56, 298.44 W, 100 %, 100 %, 21532 MiB, 24564 MiB, 2640 MHz, 10251 MHz
2026/09/13 12:35:42.830, NVIDIA GeForce RTX 4090, GPU-457328ff-6f8e-1f53-8cc3-68ae75d90604, 595.91.07, P2, 56, 298.05 W, 100 %, 100 %, 21532 MiB, 24564 MiB, 2640 MHz, 10251 MHz
2026/09/13 12:35:43.832, NVIDIA GeForce RTX 4090, GPU-457328ff-6f8e-1f53-8cc3-68ae75d90604, 595.91.07, P2, 56, 298.01 W, 100 %, 100 %, 21532 MiB, 24564 MiB, 2640 MHz, 10251 MHz
2026/09/13 12:35:44.834, NVIDIA GeForce RTX 4090, GPU-457328ff-6f8e-1f53-8cc3-68ae75d90604, 595.91.07, P2, 56, 297.76 W, 100 %, 100 %, 21532 MiB, 24564 MiB, 2640 MHz, 10251 MHz
2026/09/13 12:35:45.837, NVIDIA GeForce RTX 4090, GPU-457328ff-6f8e-1f53-8cc3-68ae75d90604, 595.91.07, P2, 56, 297.67 W, 100 %, 100 %, 21532 MiB, 24564 MiB, 2640 MHz, 10251 MHz
2026/09/13 12:35:46.839, NVIDIA GeForce RTX 4090, GPU-457328ff-6f8e-1f53-8cc3-68ae75d90604, 595.91.07, P2, 55, 297.61 W, 100 %, 100 %, 21532 MiB, 24564 MiB, 2640 MHz, 10251 MHz
2026/09/13 12:35:47.842, NVIDIA GeForce RTX 4090, GPU-457328ff-6f8e-1f53-8cc3-68ae75d90604, 595.91.07, P2, 55, 297.33 W, 100 %, 100 %, 21532 MiB, 24564 MiB, 2640 MHz, 10251 MHz
2026/09/13 12:35:48.844, NVIDIA GeForce RTX 4090, GPU-457328ff-6f8e-1f53-8cc3-68ae75d90604, 595.91.07, P2, 55, 297.05 W, 100 %, 100 %, 21532 MiB, 24564 MiB, 2640 MHz, 10251 MHz
2026/09/13 12:35:49.846, NVIDIA GeForce RTX 4090, GPU-457328ff-6f8e-1f53-8cc3-68ae75d90604, 595.91.07, P2, 55, 297.20 W, 100 %, 100 %, 21532 MiB, 24564 MiB, 2640 MHz, 10251 MHz
2026/09/13 12:35:50.848, NVIDIA GeForce RTX 4090, GPU-457328ff-6f8e-1f53-8cc3-68ae75d90604, 595.91.07, P2, 55, 297.16 W, 100 %, 100 %, 21532 MiB, 24564 MiB, 2640 MHz, 10251 MHz
2026/09/13 12:35:51.850, NVIDIA GeForce RTX 4090, GPU-457328ff-6f8e-1f53-8cc3-68ae75d90604, 595.91.07, P2, 55, 296.81 W, 100 %, 100 %, 21532 MiB, 24564 MiB, 2640 MHz, 10251 MHz
2026/09/13 12:35:52.852, NVIDIA GeForce RTX 4090, GPU-457328ff-6f8e-1f53-8cc3-68ae75d90604, 595.91.07, P2, 55, 296.55 W, 100 %, 100 %, 21532 MiB, 24564 MiB, 2640 MHz, 10251 MHz
2026/09/13 12:35:53.854, NVIDIA GeForce RTX 4090, GPU-457328ff-6f8e-1f53-8cc3-68ae75d90604, 595.91.07, P2, 55, 296.58 W, 100 %, 100 %, 21532 MiB, 24564 MiB, 2640 MHz, 10251 MHz
2026/09/13 12:35:54.856, NVIDIA GeForce RTX 4090, GPU-457328ff-6f8e-1f53-8cc3-68ae75d90604, 595.91.07, P2, 55, 296.61 W, 100 %, 100 %, 21532 MiB, 24564 MiB, 2640 MHz, 10251 MHz
2026/09/13 12:35:55.859, NVIDIA GeForce RTX 4090, GPU-457328ff-6f8e-1f53-8cc3-68ae75d90604, 595.91.07, P2, 55, 297.17 W, 100 %, 100 %, 21532 MiB, 24564 MiB, 2640 MHz, 10251 MHz
2026/09/13 12:35:56.861, NVIDIA GeForce RTX 4090, GPU-457328ff-6f8e-1f53-8cc3-68ae75d90604, 595.91.07, P2, 55, 296.99 W, 100 %, 100 %, 21532 MiB, 24564 MiB, 2640 MHz, 10251 MHz
2026/09/13 12:35:57.863, NVIDIA GeForce RTX 4090, GPU-457328ff-6f8e-1f53-8cc3-68ae75d90604, 595.91.07, P2, 55, 296.77 W, 100 %, 100 %, 21532 MiB, 24564 MiB, 2640 MHz, 10251 MHz
2026/09/13 12:35:58.865, NVIDIA GeForce RTX 4090, GPU-457328ff-6f8e-1f53-8cc3-68ae75d90604, 595.91.07, P2, 55, 296.79 W, 100 %, 100 %, 21532 MiB, 24564 MiB, 2640 MHz, 10251 MHz
2026/09/13 12:35:59.867, NVIDIA GeForce RTX 4090, GPU-457328ff-6f8e-1f53-8cc3-68ae75d90604, 595.91.07, P2, 55, 296.57 W, 100 %, 100 %, 21532 MiB, 24564 MiB, 2640 MHz, 10251 MHz
2026/09/13 12:36:00.869, NVIDIA GeForce RTX 4090, GPU-457328ff-6f8e-1f53-8cc3-68ae75d90604, 595.91.07, P2, 55, 296.59 W, 100 %, 100 %, 21532 MiB, 24564 MiB, 2640 MHz, 10251 MHz
2026/09/13 12:36:01.870, NVIDIA GeForce RTX 4090, GPU-457328ff-6f8e-1f53-8cc3-68ae75d90604, 595.91.07, P2, 56, 297.06 W, 97 %, 100 %, 21532 MiB, 24564 MiB, 2640 MHz, 10251 MHz
2026/09/13 12:36:02.872, NVIDIA GeForce RTX 4090, GPU-457328ff-6f8e-1f53-8cc3-68ae75d90604, 595.91.07, P2, 55, 295.50 W, 100 %, 100 %, 21532 MiB, 24564 MiB, 2640 MHz, 10251 MHz
2026/09/13 12:36:03.874, NVIDIA GeForce RTX 4090, GPU-457328ff-6f8e-1f53-8cc3-68ae75d90604, 595.91.07, P2, 55, 298.41 W, 100 %, 100 %, 21532 MiB, 24564 MiB, 2640 MHz, 10251 MHz
2026/09/13 12:36:04.875, NVIDIA GeForce RTX 4090, GPU-457328ff-6f8e-1f53-8cc3-68ae75d90604, 595.91.07, P2, 55, 298.21 W, 100 %, 100 %, 21532 MiB, 24564 MiB, 2640 MHz, 10251 MHz
2026/09/13 12:36:05.877, NVIDIA GeForce RTX 4090, GPU-457328ff-6f8e-1f53-8cc3-68ae75d90604, 595.91.07, P2, 55, 298.11 W, 100 %, 100 %, 21532 MiB, 24564 MiB, 2640 MHz, 10251 MHz
2026/09/13 12:36:06.879, NVIDIA GeForce RTX 4090, GPU-457328ff-6f8e-1f53-8cc3-68ae75d90604, 595.91.07, P2, 55, 298.15 W, 100 %, 100 %, 21532 MiB, 24564 MiB, 2640 MHz, 10251 MHz
2026/09/13 12:36:07.881, NVIDIA GeForce RTX 4090, GPU-457328ff-6f8e-1f53-8cc3-68ae75d90604, 595.91.07, P2, 55, 298.00 W, 100 %, 100 %, 21532 MiB, 24564 MiB, 2640 MHz, 10251 MHz
2026/09/13 12:36:08.882, NVIDIA GeForce RTX 4090, GPU-457328ff-6f8e-1f53-8cc3-68ae75d90604, 595.91.07, P2, 55, 297.72 W, 100 %, 100 %, 21532 MiB, 24564 MiB, 2640 MHz, 10251 MHz
2026/09/13 12:36:09.883, NVIDIA GeForce RTX 4090, GPU-457328ff-6f8e-1f53-8cc3-68ae75d90604, 595.91.07, P2, 55, 297.40 W, 100 %, 100 %, 21532 MiB, 24564 MiB, 2640 MHz, 10251 MHz
2026/09/13 12:36:10.885, NVIDIA GeForce RTX 4090, GPU-457328ff-6f8e-1f53-8cc3-68ae75d90604, 595.91.07, P2, 54, 297.37 W, 100 %, 100 %, 21532 MiB, 24564 MiB, 2640 MHz, 10251 MHz
2026/09/13 12:36:11.887, NVIDIA GeForce RTX 4090, GPU-457328ff-6f8e-1f53-8cc3-68ae75d90604, 595.91.07, P2, 54, 297.32 W, 100 %, 100 %, 21532 MiB, 24564 MiB, 2640 MHz, 10251 MHz
2026/09/13 12:36:12.888, NVIDIA GeForce RTX 4090, GPU-457328ff-6f8e-1f53-8cc3-68ae75d90604, 595.91.07, P2, 54, 297.42 W, 100 %, 100 %, 21532 MiB, 24564 MiB, 2640 MHz, 10251 MHz
2026/09/13 12:36:13.890, NVIDIA GeForce RTX 4090, GPU-457328ff-6f8e-1f53-8cc3-68ae75d90604, 595.91.07, P2, 54, 297.31 W, 100 %, 100 %, 21532 MiB, 24564 MiB, 2640 MHz, 10251 MHz
2026/09/13 12:36:14.892, NVIDIA GeForce RTX 4090, GPU-457328ff-6f8e-1f53-8cc3-68ae75d90604, 595.91.07, P2, 54, 297.00 W, 100 %, 100 %, 21532 MiB, 24564 MiB, 2640 MHz, 10251 MHz
2026/09/13 12:36:15.894, NVIDIA GeForce RTX 4090, GPU-457328ff-6f8e-1f53-8cc3-68ae75d90604, 595.91.07, P2, 54, 296.81 W, 100 %, 100 %, 21532 MiB, 24564 MiB, 2640 MHz, 10251 MHz
2026/09/13 12:36:16.896, NVIDIA GeForce RTX 4090, GPU-457328ff-6f8e-1f53-8cc3-68ae75d90604, 595.91.07, P2, 54, 296.96 W, 100 %, 100 %, 21532 MiB, 24564 MiB, 2640 MHz, 10251 MHz
2026/09/13 12:36:17.898, NVIDIA GeForce RTX 4090, GPU-457328ff-6f8e-1f53-8cc3-68ae75d90604, 595.91.07, P2, 54, 297.01 W, 100 %, 100 %, 21532 MiB, 24564 MiB, 2640 MHz, 10251 MHz
2026/09/13 12:36:18.899, NVIDIA GeForce RTX 4090, GPU-457328ff-6f8e-1f53-8cc3-68ae75d90604, 595.91.07, P2, 54, 297.00 W, 100 %, 100 %, 21532 MiB, 24564 MiB, 2640 MHz, 10251 MHz
2026/09/13 12:36:19.901, NVIDIA GeForce RTX 4090, GPU-457328ff-6f8e-1f53-8cc3-68ae75d90604, 595.91.07, P2, 54, 287.04 W, 100 %, 100 %, 21532 MiB, 24564 MiB, 2640 MHz, 10251 MHz
2026/09/13 12:36:20.902, NVIDIA GeForce RTX 4090, GPU-457328ff-6f8e-1f53-8cc3-68ae75d90604, 595.91.07, P2, 54, 287.25 W, 100 %, 100 %, 21532 MiB, 24564 MiB, 2640 MHz, 10251 MHz
2026/09/13 12:36:21.904, NVIDIA GeForce RTX 4090, GPU-457328ff-6f8e-1f53-8cc3-68ae75d90604, 595.91.07, P2, 54, 298.51 W, 100 %, 100 %, 21532 MiB, 24564 MiB, 2640 MHz, 10251 MHz
2026/09/13 12:36:22.906, NVIDIA GeForce RTX 4090, GPU-457328ff-6f8e-1f53-8cc3-68ae75d90604, 595.91.07, P2, 54, 298.73 W, 100 %, 100 %, 21532 MiB, 24564 MiB, 2640 MHz, 10251 MHz
2026/09/13 12:36:23.908, NVIDIA GeForce RTX 4090, GPU-457328ff-6f8e-1f53-8cc3-68ae75d90604, 595.91.07, P2, 54, 298.04 W, 100 %, 100 %, 21532 MiB, 24564 MiB, 2640 MHz, 10251 MHz
2026/09/13 12:36:24.910, NVIDIA GeForce RTX 4090, GPU-457328ff-6f8e-1f53-8cc3-68ae75d90604, 595.91.07, P2, 54, 297.55 W, 100 %, 100 %, 21532 MiB, 24564 MiB, 2640 MHz, 10251 MHz
2026/09/13 12:36:25.911, NVIDIA GeForce RTX 4090, GPU-457328ff-6f8e-1f53-8cc3-68ae75d90604, 595.91.07, P2, 54, 297.41 W, 100 %, 100 %, 21532 MiB, 24564 MiB, 2640 MHz, 10251 MHz
2026/09/13 12:36:26.913, NVIDIA GeForce RTX 4090, GPU-457328ff-6f8e-1f53-8cc3-68ae75d90604, 595.91.07, P2, 54, 297.24 W, 100 %, 100 %, 21532 MiB, 24564 MiB, 2640 MHz, 10251 MHz
2026/09/13 12:36:27.915, NVIDIA GeForce RTX 4090, GPU-457328ff-6f8e-1f53-8cc3-68ae75d90604, 595.91.07, P2, 54, 296.98 W, 100 %, 100 %, 21532 MiB, 24564 MiB, 2640 MHz, 10251 MHz
2026/09/13 12:36:28.917, NVIDIA GeForce RTX 4090, GPU-457328ff-6f8e-1f53-8cc3-68ae75d90604, 595.91.07, P2, 54, 297.20 W, 100 %, 100 %, 21532 MiB, 24564 MiB, 2640 MHz, 10251 MHz
2026/09/13 12:36:29.919, NVIDIA GeForce RTX 4090, GPU-457328ff-6f8e-1f53-8cc3-68ae75d90604, 595.91.07, P2, 54, 297.14 W, 100 %, 100 %, 21532 MiB, 24564 MiB, 2640 MHz, 10251 MHz
2026/09/13 12:36:30.920, NVIDIA GeForce RTX 4090, GPU-457328ff-6f8e-1f53-8cc3-68ae75d90604, 595.91.07, P2, 54, 296.87 W, 100 %, 100 %, 21532 MiB, 24564 MiB, 2640 MHz, 10251 MHz
2026/09/13 12:36:31.922, NVIDIA GeForce RTX 4090, GPU-457328ff-6f8e-1f53-8cc3-68ae75d90604, 595.91.07, P2, 54, 296.58 W, 100 %, 100 %, 21532 MiB, 24564 MiB, 2640 MHz, 10251 MHz
2026/09/13 12:36:32.924, NVIDIA GeForce RTX 4090, GPU-457328ff-6f8e-1f53-8cc3-68ae75d90604, 595.91.07, P2, 54, 296.76 W, 100 %, 100 %, 21532 MiB, 24564 MiB, 2640 MHz, 10251 MHz
2026/09/13 12:36:33.926, NVIDIA GeForce RTX 4090, GPU-457328ff-6f8e-1f53-8cc3-68ae75d90604, 595.91.07, P2, 54, 296.61 W, 100 %, 100 %, 21532 MiB, 24564 MiB, 2640 MHz, 10251 MHz
2026/09/13 12:36:34.927, NVIDIA GeForce RTX 4090, GPU-457328ff-6f8e-1f53-8cc3-68ae75d90604, 595.91.07, P2, 54, 296.71 W, 100 %, 100 %, 21532 MiB, 24564 MiB, 2640 MHz, 10251 MHz
2026/09/13 12:36:35.929, NVIDIA GeForce RTX 4090, GPU-457328ff-6f8e-1f53-8cc3-68ae75d90604, 595.91.07, P2, 54, 296.88 W, 100 %, 100 %, 21532 MiB, 24564 MiB, 2640 MHz, 10251 MHz
2026/09/13 12:36:36.930, NVIDIA GeForce RTX 4090, GPU-457328ff-6f8e-1f53-8cc3-68ae75d90604, 595.91.07, P2, 54, 296.62 W, 100 %, 100 %, 21532 MiB, 24564 MiB, 2640 MHz, 10251 MHz
2026/09/13 12:36:37.932, NVIDIA GeForce RTX 4090, GPU-457328ff-6f8e-1f53-8cc3-68ae75d90604, 595.91.07, P2, 54, 296.76 W, 100 %, 100 %, 21532 MiB, 24564 MiB, 2640 MHz, 10251 MHz
2026/09/13 12:36:38.933, NVIDIA GeForce RTX 4090, GPU-457328ff-6f8e-1f53-8cc3-68ae75d90604, 595.91.07, P2, 54, 289.12 W, 100 %, 100 %, 21532 MiB, 24564 MiB, 2640 MHz, 10251 MHz
2026/09/13 12:36:39.935, NVIDIA GeForce RTX 4090, GPU-457328ff-6f8e-1f53-8cc3-68ae75d90604, 595.91.07, P2, 54, 298.05 W, 100 %, 100 %, 21532 MiB, 24564 MiB, 2640 MHz, 10251 MHz
2026/09/13 12:36:40.936, NVIDIA GeForce RTX 4090, GPU-457328ff-6f8e-1f53-8cc3-68ae75d90604, 595.91.07, P2, 54, 298.24 W, 100 %, 100 %, 21532 MiB, 24564 MiB, 2640 MHz, 10251 MHz
2026/09/13 12:36:41.938, NVIDIA GeForce RTX 4090, GPU-457328ff-6f8e-1f53-8cc3-68ae75d90604, 595.91.07, P2, 54, 298.34 W, 100 %, 100 %, 21532 MiB, 24564 MiB, 2640 MHz, 10251 MHz
2026/09/13 12:36:42.939, NVIDIA GeForce RTX 4090, GPU-457328ff-6f8e-1f53-8cc3-68ae75d90604, 595.91.07, P2, 54, 298.13 W, 100 %, 100 %, 21532 MiB, 24564 MiB, 2640 MHz, 10251 MHz
2026/09/13 12:36:43.941, NVIDIA GeForce RTX 4090, GPU-457328ff-6f8e-1f53-8cc3-68ae75d90604, 595.91.07, P2, 54, 297.88 W, 100 %, 100 %, 21532 MiB, 24564 MiB, 2640 MHz, 10251 MHz
2026/09/13 12:36:44.943, NVIDIA GeForce RTX 4090, GPU-457328ff-6f8e-1f53-8cc3-68ae75d90604, 595.91.07, P2, 54, 297.99 W, 100 %, 100 %, 21532 MiB, 24564 MiB, 2640 MHz, 10251 MHz
2026/09/13 12:36:45.946, NVIDIA GeForce RTX 4090, GPU-457328ff-6f8e-1f53-8cc3-68ae75d90604, 595.91.07, P2, 54, 297.27 W, 100 %, 100 %, 21532 MiB, 24564 MiB, 2640 MHz, 10251 MHz
2026/09/13 12:36:46.948, NVIDIA GeForce RTX 4090, GPU-457328ff-6f8e-1f53-8cc3-68ae75d90604, 595.91.07, P2, 54, 297.35 W, 100 %, 100 %, 21532 MiB, 24564 MiB, 2640 MHz, 10251 MHz
2026/09/13 12:36:47.950, NVIDIA GeForce RTX 4090, GPU-457328ff-6f8e-1f53-8cc3-68ae75d90604, 595.91.07, P2, 54, 297.08 W, 100 %, 100 %, 21532 MiB, 24564 MiB, 2640 MHz, 10251 MHz
2026/09/13 12:36:48.952, NVIDIA GeForce RTX 4090, GPU-457328ff-6f8e-1f53-8cc3-68ae75d90604, 595.91.07, P2, 54, 296.78 W, 100 %, 100 %, 21532 MiB, 24564 MiB, 2640 MHz, 10251 MHz
2026/09/13 12:36:49.953, NVIDIA GeForce RTX 4090, GPU-457328ff-6f8e-1f53-8cc3-68ae75d90604, 595.91.07, P2, 54, 296.54 W, 100 %, 100 %, 21532 MiB, 24564 MiB, 2640 MHz, 10251 MHz
2026/09/13 12:36:50.955, NVIDIA GeForce RTX 4090, GPU-457328ff-6f8e-1f53-8cc3-68ae75d90604, 595.91.07, P2, 54, 296.56 W, 100 %, 100 %, 21532 MiB, 24564 MiB, 2640 MHz, 10251 MHz
2026/09/13 12:36:51.957, NVIDIA GeForce RTX 4090, GPU-457328ff-6f8e-1f53-8cc3-68ae75d90604, 595.91.07, P2, 54, 296.61 W, 100 %, 100 %, 21532 MiB, 24564 MiB, 2640 MHz, 10251 MHz
2026/09/13 12:36:52.959, NVIDIA GeForce RTX 4090, GPU-457328ff-6f8e-1f53-8cc3-68ae75d90604, 595.91.07, P2, 54, 296.48 W, 100 %, 100 %, 21532 MiB, 24564 MiB, 2640 MHz, 10251 MHz
2026/09/13 12:36:53.960, NVIDIA GeForce RTX 4090, GPU-457328ff-6f8e-1f53-8cc3-68ae75d90604, 595.91.07, P2, 54, 296.71 W, 100 %, 100 %, 21532 MiB, 24564 MiB, 2640 MHz, 10251 MHz
2026/09/13 12:36:54.962, NVIDIA GeForce RTX 4090, GPU-457328ff-6f8e-1f53-8cc3-68ae75d90604, 595.91.07, P2, 54, 296.41 W, 100 %, 100 %, 21532 MiB, 24564 MiB, 2640 MHz, 10251 MHz
2026/09/13 12:36:55.963, NVIDIA GeForce RTX 4090, GPU-457328ff-6f8e-1f53-8cc3-68ae75d90604, 595.91.07, P2, 54, 296.01 W, 100 %, 100 %, 21532 MiB, 24564 MiB, 2640 MHz, 10251 MHz
2026/09/13 12:36:56.966, NVIDIA GeForce RTX 4090, GPU-457328ff-6f8e-1f53-8cc3-68ae75d90604, 595.91.07, P2, 54, 296.12 W, 100 %, 100 %, 21532 MiB, 24564 MiB, 2640 MHz, 10251 MHz
2026/09/13 12:36:57.967, NVIDIA GeForce RTX 4090, GPU-457328ff-6f8e-1f53-8cc3-68ae75d90604, 595.91.07, P2, 54, 296.00 W, 100 %, 100 %, 21532 MiB, 24564 MiB, 2640 MHz, 10251 MHz
2026/09/13 12:36:58.969, NVIDIA GeForce RTX 4090, GPU-457328ff-6f8e-1f53-8cc3-68ae75d90604, 595.91.07, P2, 54, 295.90 W, 100 %, 100 %, 21532 MiB, 24564 MiB, 2640 MHz, 10251 MHz
2026/09/13 12:36:59.970, NVIDIA GeForce RTX 4090, GPU-457328ff-6f8e-1f53-8cc3-68ae75d90604, 595.91.07, P2, 54, 296.10 W, 100 %, 100 %, 21532 MiB, 24564 MiB, 2640 MHz, 10251 MHz
2026/09/13 12:37:00.972, NVIDIA GeForce RTX 4090, GPU-457328ff-6f8e-1f53-8cc3-68ae75d90604, 595.91.07, P2, 54, 286.99 W, 100 %, 100 %, 21532 MiB, 24564 MiB, 2640 MHz, 10251 MHz
2026/09/13 12:37:01.974, NVIDIA GeForce RTX 4090, GPU-457328ff-6f8e-1f53-8cc3-68ae75d90604, 595.91.07, P2, 54, 298.15 W, 100 %, 100 %, 21532 MiB, 24564 MiB, 2640 MHz, 10251 MHz
2026/09/13 12:37:02.975, NVIDIA GeForce RTX 4090, GPU-457328ff-6f8e-1f53-8cc3-68ae75d90604, 595.91.07, P2, 54, 297.95 W, 100 %, 100 %, 21532 MiB, 24564 MiB, 2640 MHz, 10251 MHz
2026/09/13 12:37:03.977, NVIDIA GeForce RTX 4090, GPU-457328ff-6f8e-1f53-8cc3-68ae75d90604, 595.91.07, P2, 54, 298.07 W, 100 %, 100 %, 21532 MiB, 24564 MiB, 2640 MHz, 10251 MHz
2026/09/13 12:37:04.978, NVIDIA GeForce RTX 4090, GPU-457328ff-6f8e-1f53-8cc3-68ae75d90604, 595.91.07, P2, 54, 298.03 W, 100 %, 100 %, 21532 MiB, 24564 MiB, 2640 MHz, 10251 MHz
2026/09/13 12:37:05.980, NVIDIA GeForce RTX 4090, GPU-457328ff-6f8e-1f53-8cc3-68ae75d90604, 595.91.07, P2, 54, 297.58 W, 100 %, 100 %, 21532 MiB, 24564 MiB, 2640 MHz, 10251 MHz
2026/09/13 12:37:06.982, NVIDIA GeForce RTX 4090, GPU-457328ff-6f8e-1f53-8cc3-68ae75d90604, 595.91.07, P2, 54, 297.52 W, 100 %, 100 %, 21532 MiB, 24564 MiB, 2640 MHz, 10251 MHz
2026/09/13 12:37:07.984, NVIDIA GeForce RTX 4090, GPU-457328ff-6f8e-1f53-8cc3-68ae75d90604, 595.91.07, P2, 54, 297.52 W, 100 %, 100 %, 21532 MiB, 24564 MiB, 2640 MHz, 10251 MHz
2026/09/13 12:37:08.986, NVIDIA GeForce RTX 4090, GPU-457328ff-6f8e-1f53-8cc3-68ae75d90604, 595.91.07, P2, 54, 297.19 W, 100 %, 100 %, 21532 MiB, 24564 MiB, 2640 MHz, 10251 MHz
2026/09/13 12:37:09.988, NVIDIA GeForce RTX 4090, GPU-457328ff-6f8e-1f53-8cc3-68ae75d90604, 595.91.07, P2, 54, 297.09 W, 100 %, 100 %, 21532 MiB, 24564 MiB, 2640 MHz, 10251 MHz
2026/09/13 12:37:10.989, NVIDIA GeForce RTX 4090, GPU-457328ff-6f8e-1f53-8cc3-68ae75d90604, 595.91.07, P2, 54, 297.12 W, 100 %, 100 %, 21532 MiB, 24564 MiB, 2640 MHz, 10251 MHz
2026/09/13 12:37:11.991, NVIDIA GeForce RTX 4090, GPU-457328ff-6f8e-1f53-8cc3-68ae75d90604, 595.91.07, P2, 54, 296.76 W, 100 %, 100 %, 21532 MiB, 24564 MiB, 2640 MHz, 10251 MHz
2026/09/13 12:37:12.992, NVIDIA GeForce RTX 4090, GPU-457328ff-6f8e-1f53-8cc3-68ae75d90604, 595.91.07, P2, 54, 296.75 W, 100 %, 100 %, 21532 MiB, 24564 MiB, 2640 MHz, 10251 MHz
2026/09/13 12:37:13.995, NVIDIA GeForce RTX 4090, GPU-457328ff-6f8e-1f53-8cc3-68ae75d90604, 595.91.07, P2, 54, 296.57 W, 100 %, 100 %, 21532 MiB, 24564 MiB, 2640 MHz, 10251 MHz
2026/09/13 12:37:14.996, NVIDIA GeForce RTX 4090, GPU-457328ff-6f8e-1f53-8cc3-68ae75d90604, 595.91.07, P2, 54, 296.50 W, 100 %, 100 %, 21532 MiB, 24564 MiB, 2640 MHz, 10251 MHz
2026/09/13 12:37:16.007, NVIDIA GeForce RTX 4090, GPU-457328ff-6f8e-1f53-8cc3-68ae75d90604, 595.91.07, P2, 54, 296.65 W, 100 %, 100 %, 21532 MiB, 24564 MiB, 2640 MHz, 10251 MHz
2026/09/13 12:37:17.009, NVIDIA GeForce RTX 4090, GPU-457328ff-6f8e-1f53-8cc3-68ae75d90604, 595.91.07, P2, 54, 296.92 W, 100 %, 100 %, 21532 MiB, 24564 MiB, 2640 MHz, 10251 MHz
2026/09/13 12:37:18.011, NVIDIA GeForce RTX 4090, GPU-457328ff-6f8e-1f53-8cc3-68ae75d90604, 595.91.07, P2, 54, 297.03 W, 100 %, 100 %, 21532 MiB, 24564 MiB, 2640 MHz, 10251 MHz
2026/09/13 12:37:19.012, NVIDIA GeForce RTX 4090, GPU-457328ff-6f8e-1f53-8cc3-68ae75d90604, 595.91.07, P2, 54, 296.84 W, 100 %, 100 %, 21532 MiB, 24564 MiB, 2640 MHz, 10251 MHz
2026/09/13 12:37:20.014, NVIDIA GeForce RTX 4090, GPU-457328ff-6f8e-1f53-8cc3-68ae75d90604, 595.91.07, P2, 53, 296.48 W, 100 %, 100 %, 21532 MiB, 24564 MiB, 2640 MHz, 10251 MHz
2026/09/13 12:37:21.016, NVIDIA GeForce RTX 4090, GPU-457328ff-6f8e-1f53-8cc3-68ae75d90604, 595.91.07, P2, 54, 288.76 W, 100 %, 100 %, 21532 MiB, 24564 MiB, 2640 MHz, 10251 MHz
2026/09/13 12:37:22.018, NVIDIA GeForce RTX 4090, GPU-457328ff-6f8e-1f53-8cc3-68ae75d90604, 595.91.07, P2, 54, 298.28 W, 100 %, 100 %, 21532 MiB, 24564 MiB, 2640 MHz, 10251 MHz
2026/09/13 12:37:23.020, NVIDIA GeForce RTX 4090, GPU-457328ff-6f8e-1f53-8cc3-68ae75d90604, 595.91.07, P2, 54, 298.17 W, 100 %, 100 %, 21532 MiB, 24564 MiB, 2640 MHz, 10251 MHz
2026/09/13 12:37:24.022, NVIDIA GeForce RTX 4090, GPU-457328ff-6f8e-1f53-8cc3-68ae75d90604, 595.91.07, P2, 54, 298.10 W, 100 %, 100 %, 21532 MiB, 24564 MiB, 2640 MHz, 10251 MHz
2026/09/13 12:37:25.025, NVIDIA GeForce RTX 4090, GPU-457328ff-6f8e-1f53-8cc3-68ae75d90604, 595.91.07, P2, 54, 297.80 W, 100 %, 100 %, 21532 MiB, 24564 MiB, 2640 MHz, 10251 MHz
2026/09/13 12:37:26.027, NVIDIA GeForce RTX 4090, GPU-457328ff-6f8e-1f53-8cc3-68ae75d90604, 595.91.07, P2, 54, 297.58 W, 100 %, 100 %, 21532 MiB, 24564 MiB, 2640 MHz, 10251 MHz
2026/09/13 12:37:27.029, NVIDIA GeForce RTX 4090, GPU-457328ff-6f8e-1f53-8cc3-68ae75d90604, 595.91.07, P2, 54, 297.59 W, 100 %, 100 %, 21532 MiB, 24564 MiB, 2640 MHz, 10251 MHz
2026/09/13 12:37:28.031, NVIDIA GeForce RTX 4090, GPU-457328ff-6f8e-1f53-8cc3-68ae75d90604, 595.91.07, P2, 54, 297.37 W, 100 %, 100 %, 21532 MiB, 24564 MiB, 2640 MHz, 10251 MHz
2026/09/13 12:37:29.033, NVIDIA GeForce RTX 4090, GPU-457328ff-6f8e-1f53-8cc3-68ae75d90604, 595.91.07, P2, 54, 297.25 W, 100 %, 100 %, 21532 MiB, 24564 MiB, 2640 MHz, 10251 MHz
2026/09/13 12:37:30.035, NVIDIA GeForce RTX 4090, GPU-457328ff-6f8e-1f53-8cc3-68ae75d90604, 595.91.07, P2, 54, 297.31 W, 100 %, 100 %, 21532 MiB, 24564 MiB, 2640 MHz, 10251 MHz
2026/09/13 12:37:31.037, NVIDIA GeForce RTX 4090, GPU-457328ff-6f8e-1f53-8cc3-68ae75d90604, 595.91.07, P2, 55, 296.74 W, 100 %, 100 %, 21532 MiB, 24564 MiB, 2640 MHz, 10251 MHz
2026/09/13 12:37:32.039, NVIDIA GeForce RTX 4090, GPU-457328ff-6f8e-1f53-8cc3-68ae75d90604, 595.91.07, P2, 55, 296.70 W, 100 %, 100 %, 21532 MiB, 24564 MiB, 2640 MHz, 10251 MHz
2026/09/13 12:37:33.041, NVIDIA GeForce RTX 4090, GPU-457328ff-6f8e-1f53-8cc3-68ae75d90604, 595.91.07, P2, 55, 296.91 W, 100 %, 100 %, 21532 MiB, 24564 MiB, 2640 MHz, 10251 MHz
2026/09/13 12:37:34.043, NVIDIA GeForce RTX 4090, GPU-457328ff-6f8e-1f53-8cc3-68ae75d90604, 595.91.07, P2, 55, 297.11 W, 100 %, 100 %, 21532 MiB, 24564 MiB, 2640 MHz, 10251 MHz
2026/09/13 12:37:35.046, NVIDIA GeForce RTX 4090, GPU-457328ff-6f8e-1f53-8cc3-68ae75d90604, 595.91.07, P2, 55, 297.10 W, 100 %, 100 %, 21532 MiB, 24564 MiB, 2640 MHz, 10251 MHz
2026/09/13 12:37:36.048, NVIDIA GeForce RTX 4090, GPU-457328ff-6f8e-1f53-8cc3-68ae75d90604, 595.91.07, P2, 55, 296.92 W, 100 %, 100 %, 21532 MiB, 24564 MiB, 2640 MHz, 10251 MHz
2026/09/13 12:37:37.050, NVIDIA GeForce RTX 4090, GPU-457328ff-6f8e-1f53-8cc3-68ae75d90604, 595.91.07, P2, 55, 296.66 W, 100 %, 100 %, 21532 MiB, 24564 MiB, 2640 MHz, 10251 MHz
2026/09/13 12:37:38.052, NVIDIA GeForce RTX 4090, GPU-457328ff-6f8e-1f53-8cc3-68ae75d90604, 595.91.07, P2, 55, 296.82 W, 100 %, 100 %, 21532 MiB, 24564 MiB, 2640 MHz, 10251 MHz
2026/09/13 12:37:39.054, NVIDIA GeForce RTX 4090, GPU-457328ff-6f8e-1f53-8cc3-68ae75d90604, 595.91.07, P2, 55, 296.18 W, 100 %, 100 %, 21532 MiB, 24564 MiB, 2640 MHz, 10251 MHz
2026/09/13 12:37:40.056, NVIDIA GeForce RTX 4090, GPU-457328ff-6f8e-1f53-8cc3-68ae75d90604, 595.91.07, P2, 55, 296.21 W, 100 %, 100 %, 21532 MiB, 24564 MiB, 2640 MHz, 10251 MHz
2026/09/13 12:37:41.059, NVIDIA GeForce RTX 4090, GPU-457328ff-6f8e-1f53-8cc3-68ae75d90604, 595.91.07, P2, 55, 296.43 W, 100 %, 100 %, 21532 MiB, 24564 MiB, 2640 MHz, 10251 MHz
2026/09/13 12:37:42.060, NVIDIA GeForce RTX 4090, GPU-457328ff-6f8e-1f53-8cc3-68ae75d90604, 595.91.07, P2, 55, 296.73 W, 100 %, 100 %, 21532 MiB, 24564 MiB, 2640 MHz, 10251 MHz
2026/09/13 12:37:43.063, NVIDIA GeForce RTX 4090, GPU-457328ff-6f8e-1f53-8cc3-68ae75d90604, 595.91.07, P2, 55, 296.70 W, 100 %, 100 %, 21532 MiB, 24564 MiB, 2640 MHz, 10251 MHz
2026/09/13 12:37:44.065, NVIDIA GeForce RTX 4090, GPU-457328ff-6f8e-1f53-8cc3-68ae75d90604, 595.91.07, P2, 55, 296.71 W, 100 %, 100 %, 21532 MiB, 24564 MiB, 2640 MHz, 10251 MHz
2026/09/13 12:37:45.067, NVIDIA GeForce RTX 4090, GPU-457328ff-6f8e-1f53-8cc3-68ae75d90604, 595.91.07, P2, 55, 296.45 W, 100 %, 100 %, 21532 MiB, 24564 MiB, 2640 MHz, 10251 MHz
2026/09/13 12:37:46.070, NVIDIA GeForce RTX 4090, GPU-457328ff-6f8e-1f53-8cc3-68ae75d90604, 595.91.07, P2, 55, 296.55 W, 100 %, 100 %, 21532 MiB, 24564 MiB, 2640 MHz, 10251 MHz
2026/09/13 12:37:47.072, NVIDIA GeForce RTX 4090, GPU-457328ff-6f8e-1f53-8cc3-68ae75d90604, 595.91.07, P2, 55, 296.77 W, 100 %, 100 %, 21532 MiB, 24564 MiB, 2640 MHz, 10251 MHz
2026/09/13 12:37:48.074, NVIDIA GeForce RTX 4090, GPU-457328ff-6f8e-1f53-8cc3-68ae75d90604, 595.91.07, P2, 55, 296.94 W, 100 %, 100 %, 21532 MiB, 24564 MiB, 2640 MHz, 10251 MHz
2026/09/13 12:37:49.076, NVIDIA GeForce RTX 4090, GPU-457328ff-6f8e-1f53-8cc3-68ae75d90604, 595.91.07, P2, 55, 296.91 W, 100 %, 100 %, 21532 MiB, 24564 MiB, 2640 MHz, 10251 MHz
2026/09/13 12:37:50.078, NVIDIA GeForce RTX 4090, GPU-457328ff-6f8e-1f53-8cc3-68ae75d90604, 595.91.07, P2, 55, 297.15 W, 100 %, 100 %, 21532 MiB, 24564 MiB, 2640 MHz, 10251 MHz
2026/09/13 12:37:51.081, NVIDIA GeForce RTX 4090, GPU-457328ff-6f8e-1f53-8cc3-68ae75d90604, 595.91.07, P2, 55, 297.16 W, 100 %, 100 %, 21532 MiB, 24564 MiB, 2640 MHz, 10251 MHz
2026/09/13 12:37:52.083, NVIDIA GeForce RTX 4090, GPU-457328ff-6f8e-1f53-8cc3-68ae75d90604, 595.91.07, P2, 55, 297.35 W, 100 %, 100 %, 21532 MiB, 24564 MiB, 2640 MHz, 10251 MHz
2026/09/13 12:37:53.085, NVIDIA GeForce RTX 4090, GPU-457328ff-6f8e-1f53-8cc3-68ae75d90604, 595.91.07, P2, 55, 296.97 W, 100 %, 100 %, 21532 MiB, 24564 MiB, 2640 MHz, 10251 MHz
2026/09/13 12:37:54.086, NVIDIA GeForce RTX 4090, GPU-457328ff-6f8e-1f53-8cc3-68ae75d90604, 595.91.07, P2, 55, 297.15 W, 100 %, 100 %, 21532 MiB, 24564 MiB, 2640 MHz, 10251 MHz
2026/09/13 12:37:55.088, NVIDIA GeForce RTX 4090, GPU-457328ff-6f8e-1f53-8cc3-68ae75d90604, 595.91.07, P2, 55, 297.46 W, 100 %, 100 %, 21532 MiB, 24564 MiB, 2640 MHz, 10251 MHz
2026/09/13 12:37:56.089, NVIDIA GeForce RTX 4090, GPU-457328ff-6f8e-1f53-8cc3-68ae75d90604, 595.91.07, P2, 55, 297.75 W, 100 %, 100 %, 21532 MiB, 24564 MiB, 2640 MHz, 10251 MHz
2026/09/13 12:37:57.091, NVIDIA GeForce RTX 4090, GPU-457328ff-6f8e-1f53-8cc3-68ae75d90604, 595.91.07, P2, 55, 297.55 W, 100 %, 100 %, 21532 MiB, 24564 MiB, 2640 MHz, 10251 MHz
2026/09/13 12:37:58.093, NVIDIA GeForce RTX 4090, GPU-457328ff-6f8e-1f53-8cc3-68ae75d90604, 595.91.07, P2, 55, 297.46 W, 100 %, 100 %, 21532 MiB, 24564 MiB, 2640 MHz, 10251 MHz
2026/09/13 12:37:59.095, NVIDIA GeForce RTX 4090, GPU-457328ff-6f8e-1f53-8cc3-68ae75d90604, 595.91.07, P2, 55, 297.47 W, 100 %, 100 %, 21532 MiB, 24564 MiB, 2640 MHz, 10251 MHz
2026/09/13 12:38:00.097, NVIDIA GeForce RTX 4090, GPU-457328ff-6f8e-1f53-8cc3-68ae75d90604, 595.91.07, P2, 55, 296.71 W, 100 %, 100 %, 21532 MiB, 24564 MiB, 2640 MHz, 10251 MHz
2026/09/13 12:38:01.099, NVIDIA GeForce RTX 4090, GPU-457328ff-6f8e-1f53-8cc3-68ae75d90604, 595.91.07, P2, 55, 296.73 W, 100 %, 100 %, 21532 MiB, 24564 MiB, 2640 MHz, 10251 MHz
2026/09/13 12:38:02.101, NVIDIA GeForce RTX 4090, GPU-457328ff-6f8e-1f53-8cc3-68ae75d90604, 595.91.07, P2, 55, 285.05 W, 100 %, 100 %, 21532 MiB, 24564 MiB, 2640 MHz, 10251 MHz
2026/09/13 12:38:03.104, NVIDIA GeForce RTX 4090, GPU-457328ff-6f8e-1f53-8cc3-68ae75d90604, 595.91.07, P2, 55, 298.66 W, 100 %, 100 %, 21532 MiB, 24564 MiB, 2640 MHz, 10251 MHz
2026/09/13 12:38:04.106, NVIDIA GeForce RTX 4090, GPU-457328ff-6f8e-1f53-8cc3-68ae75d90604, 595.91.07, P2, 55, 298.79 W, 100 %, 100 %, 21532 MiB, 24564 MiB, 2640 MHz, 10251 MHz
2026/09/13 12:38:05.108, NVIDIA GeForce RTX 4090, GPU-457328ff-6f8e-1f53-8cc3-68ae75d90604, 595.91.07, P2, 55, 298.58 W, 100 %, 100 %, 21532 MiB, 24564 MiB, 2640 MHz, 10251 MHz
2026/09/13 12:38:06.110, NVIDIA GeForce RTX 4090, GPU-457328ff-6f8e-1f53-8cc3-68ae75d90604, 595.91.07, P2, 55, 298.23 W, 100 %, 100 %, 21532 MiB, 24564 MiB, 2640 MHz, 10251 MHz
2026/09/13 12:38:07.113, NVIDIA GeForce RTX 4090, GPU-457328ff-6f8e-1f53-8cc3-68ae75d90604, 595.91.07, P2, 55, 297.86 W, 100 %, 100 %, 21532 MiB, 24564 MiB, 2640 MHz, 10251 MHz
2026/09/13 12:38:08.114, NVIDIA GeForce RTX 4090, GPU-457328ff-6f8e-1f53-8cc3-68ae75d90604, 595.91.07, P2, 55, 297.93 W, 100 %, 100 %, 21532 MiB, 24564 MiB, 2640 MHz, 10251 MHz
2026/09/13 12:38:09.116, NVIDIA GeForce RTX 4090, GPU-457328ff-6f8e-1f53-8cc3-68ae75d90604, 595.91.07, P2, 55, 297.82 W, 100 %, 100 %, 21532 MiB, 24564 MiB, 2640 MHz, 10251 MHz
2026/09/13 12:38:10.118, NVIDIA GeForce RTX 4090, GPU-457328ff-6f8e-1f53-8cc3-68ae75d90604, 595.91.07, P2, 55, 297.46 W, 100 %, 100 %, 21532 MiB, 24564 MiB, 2640 MHz, 10251 MHz
2026/09/13 12:38:11.120, NVIDIA GeForce RTX 4090, GPU-457328ff-6f8e-1f53-8cc3-68ae75d90604, 595.91.07, P2, 55, 296.96 W, 100 %, 100 %, 21532 MiB, 24564 MiB, 2640 MHz, 10251 MHz
2026/09/13 12:38:12.122, NVIDIA GeForce RTX 4090, GPU-457328ff-6f8e-1f53-8cc3-68ae75d90604, 595.91.07, P2, 55, 296.60 W, 100 %, 100 %, 21532 MiB, 24564 MiB, 2640 MHz, 10251 MHz
2026/09/13 12:38:13.124, NVIDIA GeForce RTX 4090, GPU-457328ff-6f8e-1f53-8cc3-68ae75d90604, 595.91.07, P2, 55, 296.62 W, 100 %, 100 %, 21532 MiB, 24564 MiB, 2640 MHz, 10251 MHz
2026/09/13 12:38:14.126, NVIDIA GeForce RTX 4090, GPU-457328ff-6f8e-1f53-8cc3-68ae75d90604, 595.91.07, P2, 55, 296.70 W, 100 %, 100 %, 21532 MiB, 24564 MiB, 2640 MHz, 10251 MHz
2026/09/13 12:38:15.128, NVIDIA GeForce RTX 4090, GPU-457328ff-6f8e-1f53-8cc3-68ae75d90604, 595.91.07, P2, 55, 296.99 W, 100 %, 100 %, 21532 MiB, 24564 MiB, 2640 MHz, 10251 MHz
2026/09/13 12:38:16.131, NVIDIA GeForce RTX 4090, GPU-457328ff-6f8e-1f53-8cc3-68ae75d90604, 595.91.07, P2, 55, 297.60 W, 100 %, 100 %, 21532 MiB, 24564 MiB, 2640 MHz, 10251 MHz
2026/09/13 12:38:17.133, NVIDIA GeForce RTX 4090, GPU-457328ff-6f8e-1f53-8cc3-68ae75d90604, 595.91.07, P2, 55, 297.71 W, 100 %, 100 %, 21532 MiB, 24564 MiB, 2640 MHz, 10251 MHz
2026/09/13 12:38:18.135, NVIDIA GeForce RTX 4090, GPU-457328ff-6f8e-1f53-8cc3-68ae75d90604, 595.91.07, P2, 55, 297.32 W, 100 %, 100 %, 21532 MiB, 24564 MiB, 2640 MHz, 10251 MHz
2026/09/13 12:38:19.138, NVIDIA GeForce RTX 4090, GPU-457328ff-6f8e-1f53-8cc3-68ae75d90604, 595.91.07, P2, 55, 297.25 W, 100 %, 100 %, 21532 MiB, 24564 MiB, 2640 MHz, 10251 MHz
2026/09/13 12:38:20.140, NVIDIA GeForce RTX 4090, GPU-457328ff-6f8e-1f53-8cc3-68ae75d90604, 595.91.07, P2, 55, 296.90 W, 100 %, 100 %, 21532 MiB, 24564 MiB, 2640 MHz, 10251 MHz
2026/09/13 12:38:21.142, NVIDIA GeForce RTX 4090, GPU-457328ff-6f8e-1f53-8cc3-68ae75d90604, 595.91.07, P2, 55, 296.74 W, 100 %, 100 %, 21532 MiB, 24564 MiB, 2640 MHz, 10251 MHz
2026/09/13 12:38:22.143, NVIDIA GeForce RTX 4090, GPU-457328ff-6f8e-1f53-8cc3-68ae75d90604, 595.91.07, P2, 55, 296.94 W, 100 %, 100 %, 21532 MiB, 24564 MiB, 2640 MHz, 10251 MHz
2026/09/13 12:38:23.145, NVIDIA GeForce RTX 4090, GPU-457328ff-6f8e-1f53-8cc3-68ae75d90604, 595.91.07, P2, 55, 297.08 W, 100 %, 100 %, 21532 MiB, 24564 MiB, 2640 MHz, 10251 MHz
2026/09/13 12:38:24.148, NVIDIA GeForce RTX 4090, GPU-457328ff-6f8e-1f53-8cc3-68ae75d90604, 595.91.07, P2, 55, 297.09 W, 100 %, 100 %, 21532 MiB, 24564 MiB, 2640 MHz, 10251 MHz
2026/09/13 12:38:25.151, NVIDIA GeForce RTX 4090, GPU-457328ff-6f8e-1f53-8cc3-68ae75d90604, 595.91.07, P2, 55, 296.99 W, 100 %, 100 %, 21532 MiB, 24564 MiB, 2640 MHz, 10251 MHz
2026/09/13 12:38:26.153, NVIDIA GeForce RTX 4090, GPU-457328ff-6f8e-1f53-8cc3-68ae75d90604, 595.91.07, P2, 55, 296.59 W, 100 %, 100 %, 21532 MiB, 24564 MiB, 2640 MHz, 10251 MHz
2026/09/13 12:38:27.155, NVIDIA GeForce RTX 4090, GPU-457328ff-6f8e-1f53-8cc3-68ae75d90604, 595.91.07, P2, 55, 296.83 W, 100 %, 100 %, 21532 MiB, 24564 MiB, 2640 MHz, 10251 MHz
2026/09/13 12:38:28.156, NVIDIA GeForce RTX 4090, GPU-457328ff-6f8e-1f53-8cc3-68ae75d90604, 595.91.07, P2, 55, 296.84 W, 100 %, 100 %, 21532 MiB, 24564 MiB, 2640 MHz, 10251 MHz
2026/09/13 12:38:29.158, NVIDIA GeForce RTX 4090, GPU-457328ff-6f8e-1f53-8cc3-68ae75d90604, 595.91.07, P2, 55, 297.05 W, 100 %, 100 %, 21532 MiB, 24564 MiB, 2640 MHz, 10251 MHz
2026/09/13 12:38:30.160, NVIDIA GeForce RTX 4090, GPU-457328ff-6f8e-1f53-8cc3-68ae75d90604, 595.91.07, P2, 55, 297.33 W, 100 %, 100 %, 21532 MiB, 24564 MiB, 2640 MHz, 10251 MHz
2026/09/13 12:38:31.162, NVIDIA GeForce RTX 4090, GPU-457328ff-6f8e-1f53-8cc3-68ae75d90604, 595.91.07, P2, 55, 296.89 W, 100 %, 100 %, 21532 MiB, 24564 MiB, 2640 MHz, 10251 MHz
2026/09/13 12:38:32.164, NVIDIA GeForce RTX 4090, GPU-457328ff-6f8e-1f53-8cc3-68ae75d90604, 595.91.07, P2, 55, 296.95 W, 100 %, 100 %, 21532 MiB, 24564 MiB, 2640 MHz, 10251 MHz
2026/09/13 12:38:33.167, NVIDIA GeForce RTX 4090, GPU-457328ff-6f8e-1f53-8cc3-68ae75d90604, 595.91.07, P2, 55, 296.67 W, 100 %, 100 %, 21532 MiB, 24564 MiB, 2640 MHz, 10251 MHz
2026/09/13 12:38:34.169, NVIDIA GeForce RTX 4090, GPU-457328ff-6f8e-1f53-8cc3-68ae75d90604, 595.91.07, P2, 55, 296.99 W, 100 %, 100 %, 21532 MiB, 24564 MiB, 2640 MHz, 10251 MHz
2026/09/13 12:38:35.171, NVIDIA GeForce RTX 4090, GPU-457328ff-6f8e-1f53-8cc3-68ae75d90604, 595.91.07, P2, 55, 297.15 W, 100 %, 100 %, 21532 MiB, 24564 MiB, 2640 MHz, 10251 MHz
2026/09/13 12:38:36.173, NVIDIA GeForce RTX 4090, GPU-457328ff-6f8e-1f53-8cc3-68ae75d90604, 595.91.07, P2, 55, 297.10 W, 100 %, 100 %, 21532 MiB, 24564 MiB, 2640 MHz, 10251 MHz
2026/09/13 12:38:37.176, NVIDIA GeForce RTX 4090, GPU-457328ff-6f8e-1f53-8cc3-68ae75d90604, 595.91.07, P2, 55, 297.14 W, 100 %, 100 %, 21532 MiB, 24564 MiB, 2640 MHz, 10251 MHz
2026/09/13 12:38:38.178, NVIDIA GeForce RTX 4090, GPU-457328ff-6f8e-1f53-8cc3-68ae75d90604, 595.91.07, P2, 55, 297.05 W, 100 %, 100 %, 21532 MiB, 24564 MiB, 2640 MHz, 10251 MHz
2026/09/13 12:38:39.181, NVIDIA GeForce RTX 4090, GPU-457328ff-6f8e-1f53-8cc3-68ae75d90604, 595.91.07, P2, 55, 297.31 W, 100 %, 100 %, 21532 MiB, 24564 MiB, 2640 MHz, 10251 MHz
2026/09/13 12:38:40.183, NVIDIA GeForce RTX 4090, GPU-457328ff-6f8e-1f53-8cc3-68ae75d90604, 595.91.07, P2, 55, 297.42 W, 100 %, 100 %, 21532 MiB, 24564 MiB, 2640 MHz, 10251 MHz
2026/09/13 12:38:41.185, NVIDIA GeForce RTX 4090, GPU-457328ff-6f8e-1f53-8cc3-68ae75d90604, 595.91.07, P2, 55, 296.62 W, 100 %, 100 %, 21532 MiB, 24564 MiB, 2640 MHz, 10251 MHz
2026/09/13 12:38:42.187, NVIDIA GeForce RTX 4090, GPU-457328ff-6f8e-1f53-8cc3-68ae75d90604, 595.91.07, P2, 55, 296.64 W, 100 %, 100 %, 21532 MiB, 24564 MiB, 2640 MHz, 10251 MHz
2026/09/13 12:38:43.189, NVIDIA GeForce RTX 4090, GPU-457328ff-6f8e-1f53-8cc3-68ae75d90604, 595.91.07, P2, 55, 290.96 W, 100 %, 100 %, 21532 MiB, 24564 MiB, 2640 MHz, 10251 MHz
2026/09/13 12:38:44.191, NVIDIA GeForce RTX 4090, GPU-457328ff-6f8e-1f53-8cc3-68ae75d90604, 595.91.07, P2, 55, 298.92 W, 100 %, 100 %, 21532 MiB, 24564 MiB, 2640 MHz, 10251 MHz
2026/09/13 12:38:45.193, NVIDIA GeForce RTX 4090, GPU-457328ff-6f8e-1f53-8cc3-68ae75d90604, 595.91.07, P2, 55, 298.70 W, 100 %, 100 %, 21532 MiB, 24564 MiB, 2640 MHz, 10251 MHz
2026/09/13 12:38:46.195, NVIDIA GeForce RTX 4090, GPU-457328ff-6f8e-1f53-8cc3-68ae75d90604, 595.91.07, P2, 55, 298.15 W, 100 %, 100 %, 21532 MiB, 24564 MiB, 2640 MHz, 10251 MHz
2026/09/13 12:38:47.197, NVIDIA GeForce RTX 4090, GPU-457328ff-6f8e-1f53-8cc3-68ae75d90604, 595.91.07, P2, 55, 297.99 W, 100 %, 100 %, 21532 MiB, 24564 MiB, 2640 MHz, 10251 MHz
2026/09/13 12:38:48.200, NVIDIA GeForce RTX 4090, GPU-457328ff-6f8e-1f53-8cc3-68ae75d90604, 595.91.07, P2, 55, 298.14 W, 100 %, 100 %, 21532 MiB, 24564 MiB, 2640 MHz, 10251 MHz
2026/09/13 12:38:49.202, NVIDIA GeForce RTX 4090, GPU-457328ff-6f8e-1f53-8cc3-68ae75d90604, 595.91.07, P2, 55, 297.74 W, 100 %, 100 %, 21532 MiB, 24564 MiB, 2640 MHz, 10251 MHz
2026/09/13 12:38:50.204, NVIDIA GeForce RTX 4090, GPU-457328ff-6f8e-1f53-8cc3-68ae75d90604, 595.91.07, P2, 55, 297.77 W, 100 %, 100 %, 21532 MiB, 24564 MiB, 2640 MHz, 10251 MHz
2026/09/13 12:38:51.206, NVIDIA GeForce RTX 4090, GPU-457328ff-6f8e-1f53-8cc3-68ae75d90604, 595.91.07, P2, 55, 297.71 W, 100 %, 100 %, 21532 MiB, 24564 MiB, 2640 MHz, 10251 MHz
2026/09/13 12:38:52.207, NVIDIA GeForce RTX 4090, GPU-457328ff-6f8e-1f53-8cc3-68ae75d90604, 595.91.07, P2, 55, 297.36 W, 100 %, 100 %, 21532 MiB, 24564 MiB, 2640 MHz, 10251 MHz
2026/09/13 12:38:53.209, NVIDIA GeForce RTX 4090, GPU-457328ff-6f8e-1f53-8cc3-68ae75d90604, 595.91.07, P2, 55, 297.04 W, 100 %, 100 %, 21532 MiB, 24564 MiB, 2640 MHz, 10251 MHz
2026/09/13 12:38:54.212, NVIDIA GeForce RTX 4090, GPU-457328ff-6f8e-1f53-8cc3-68ae75d90604, 595.91.07, P2, 55, 296.95 W, 100 %, 100 %, 21532 MiB, 24564 MiB, 2640 MHz, 10251 MHz
2026/09/13 12:38:55.213, NVIDIA GeForce RTX 4090, GPU-457328ff-6f8e-1f53-8cc3-68ae75d90604, 595.91.07, P2, 55, 296.93 W, 100 %, 100 %, 21532 MiB, 24564 MiB, 2640 MHz, 10251 MHz
2026/09/13 12:38:56.214, NVIDIA GeForce RTX 4090, GPU-457328ff-6f8e-1f53-8cc3-68ae75d90604, 595.91.07, P2, 55, 297.32 W, 100 %, 100 %, 21532 MiB, 24564 MiB, 2640 MHz, 10251 MHz
2026/09/13 12:38:57.216, NVIDIA GeForce RTX 4090, GPU-457328ff-6f8e-1f53-8cc3-68ae75d90604, 595.91.07, P2, 55, 297.28 W, 100 %, 100 %, 21532 MiB, 24564 MiB, 2640 MHz, 10251 MHz
2026/09/13 12:38:58.218, NVIDIA GeForce RTX 4090, GPU-457328ff-6f8e-1f53-8cc3-68ae75d90604, 595.91.07, P2, 55, 297.12 W, 100 %, 100 %, 21532 MiB, 24564 MiB, 2640 MHz, 10251 MHz
2026/09/13 12:38:59.220, NVIDIA GeForce RTX 4090, GPU-457328ff-6f8e-1f53-8cc3-68ae75d90604, 595.91.07, P2, 55, 297.48 W, 100 %, 100 %, 21532 MiB, 24564 MiB, 2640 MHz, 10251 MHz
2026/09/13 12:39:00.222, NVIDIA GeForce RTX 4090, GPU-457328ff-6f8e-1f53-8cc3-68ae75d90604, 595.91.07, P2, 55, 296.93 W, 100 %, 100 %, 21532 MiB, 24564 MiB, 2640 MHz, 10251 MHz
2026/09/13 12:39:01.223, NVIDIA GeForce RTX 4090, GPU-457328ff-6f8e-1f53-8cc3-68ae75d90604, 595.91.07, P2, 55, 296.77 W, 100 %, 100 %, 21532 MiB, 24564 MiB, 2640 MHz, 10251 MHz
2026/09/13 12:39:02.225, NVIDIA GeForce RTX 4090, GPU-457328ff-6f8e-1f53-8cc3-68ae75d90604, 595.91.07, P2, 55, 296.90 W, 100 %, 100 %, 21532 MiB, 24564 MiB, 2640 MHz, 10251 MHz
2026/09/13 12:39:03.227, NVIDIA GeForce RTX 4090, GPU-457328ff-6f8e-1f53-8cc3-68ae75d90604, 595.91.07, P2, 55, 296.89 W, 100 %, 100 %, 21532 MiB, 24564 MiB, 2640 MHz, 10251 MHz
2026/09/13 12:39:04.229, NVIDIA GeForce RTX 4090, GPU-457328ff-6f8e-1f53-8cc3-68ae75d90604, 595.91.07, P2, 55, 296.61 W, 100 %, 100 %, 21532 MiB, 24564 MiB, 2640 MHz, 10251 MHz
2026/09/13 12:39:05.231, NVIDIA GeForce RTX 4090, GPU-457328ff-6f8e-1f53-8cc3-68ae75d90604, 595.91.07, P2, 55, 296.49 W, 100 %, 100 %, 21532 MiB, 24564 MiB, 2640 MHz, 10251 MHz
2026/09/13 12:39:06.232, NVIDIA GeForce RTX 4090, GPU-457328ff-6f8e-1f53-8cc3-68ae75d90604, 595.91.07, P2, 55, 287.48 W, 40 %, 32 %, 21532 MiB, 24564 MiB, 2640 MHz, 10251 MHz
2026/09/13 12:39:07.234, NVIDIA GeForce RTX 4090, GPU-457328ff-6f8e-1f53-8cc3-68ae75d90604, 595.91.07, P2, 55, 288.88 W, 100 %, 100 %, 21532 MiB, 24564 MiB, 2640 MHz, 10251 MHz
2026/09/13 12:39:08.236, NVIDIA GeForce RTX 4090, GPU-457328ff-6f8e-1f53-8cc3-68ae75d90604, 595.91.07, P2, 55, 298.23 W, 100 %, 100 %, 21532 MiB, 24564 MiB, 2640 MHz, 10251 MHz
2026/09/13 12:39:09.238, NVIDIA GeForce RTX 4090, GPU-457328ff-6f8e-1f53-8cc3-68ae75d90604, 595.91.07, P2, 55, 298.16 W, 100 %, 100 %, 21532 MiB, 24564 MiB, 2640 MHz, 10251 MHz
2026/09/13 12:39:10.240, NVIDIA GeForce RTX 4090, GPU-457328ff-6f8e-1f53-8cc3-68ae75d90604, 595.91.07, P2, 55, 298.68 W, 100 %, 100 %, 21532 MiB, 24564 MiB, 2640 MHz, 10251 MHz
2026/09/13 12:39:11.241, NVIDIA GeForce RTX 4090, GPU-457328ff-6f8e-1f53-8cc3-68ae75d90604, 595.91.07, P2, 55, 298.24 W, 100 %, 100 %, 21532 MiB, 24564 MiB, 2640 MHz, 10251 MHz
2026/09/13 12:39:12.243, NVIDIA GeForce RTX 4090, GPU-457328ff-6f8e-1f53-8cc3-68ae75d90604, 595.91.07, P2, 55, 297.77 W, 100 %, 100 %, 21532 MiB, 24564 MiB, 2640 MHz, 10251 MHz
2026/09/13 12:39:13.245, NVIDIA GeForce RTX 4090, GPU-457328ff-6f8e-1f53-8cc3-68ae75d90604, 595.91.07, P2, 55, 297.57 W, 100 %, 100 %, 21532 MiB, 24564 MiB, 2640 MHz, 10251 MHz
2026/09/13 12:39:14.246, NVIDIA GeForce RTX 4090, GPU-457328ff-6f8e-1f53-8cc3-68ae75d90604, 595.91.07, P2, 55, 297.64 W, 100 %, 100 %, 21532 MiB, 24564 MiB, 2640 MHz, 10251 MHz
2026/09/13 12:39:15.248, NVIDIA GeForce RTX 4090, GPU-457328ff-6f8e-1f53-8cc3-68ae75d90604, 595.91.07, P2, 55, 297.24 W, 100 %, 100 %, 21532 MiB, 24564 MiB, 2640 MHz, 10251 MHz
2026/09/13 12:39:16.251, NVIDIA GeForce RTX 4090, GPU-457328ff-6f8e-1f53-8cc3-68ae75d90604, 595.91.07, P2, 55, 297.20 W, 100 %, 100 %, 21532 MiB, 24564 MiB, 2640 MHz, 10251 MHz
2026/09/13 12:39:17.252, NVIDIA GeForce RTX 4090, GPU-457328ff-6f8e-1f53-8cc3-68ae75d90604, 595.91.07, P2, 55, 296.95 W, 100 %, 100 %, 21532 MiB, 24564 MiB, 2640 MHz, 10251 MHz
2026/09/13 12:39:18.254, NVIDIA GeForce RTX 4090, GPU-457328ff-6f8e-1f53-8cc3-68ae75d90604, 595.91.07, P2, 54, 297.03 W, 100 %, 100 %, 21532 MiB, 24564 MiB, 2640 MHz, 10251 MHz
2026/09/13 12:39:19.255, NVIDIA GeForce RTX 4090, GPU-457328ff-6f8e-1f53-8cc3-68ae75d90604, 595.91.07, P2, 54, 297.04 W, 100 %, 100 %, 21532 MiB, 24564 MiB, 2640 MHz, 10251 MHz
2026/09/13 12:39:20.258, NVIDIA GeForce RTX 4090, GPU-457328ff-6f8e-1f53-8cc3-68ae75d90604, 595.91.07, P2, 54, 296.82 W, 100 %, 100 %, 21532 MiB, 24564 MiB, 2640 MHz, 10251 MHz
2026/09/13 12:39:21.259, NVIDIA GeForce RTX 4090, GPU-457328ff-6f8e-1f53-8cc3-68ae75d90604, 595.91.07, P2, 54, 296.52 W, 100 %, 100 %, 21532 MiB, 24564 MiB, 2640 MHz, 10251 MHz
2026/09/13 12:39:22.261, NVIDIA GeForce RTX 4090, GPU-457328ff-6f8e-1f53-8cc3-68ae75d90604, 595.91.07, P2, 54, 296.37 W, 100 %, 100 %, 21532 MiB, 24564 MiB, 2640 MHz, 10251 MHz
2026/09/13 12:39:23.263, NVIDIA GeForce RTX 4090, GPU-457328ff-6f8e-1f53-8cc3-68ae75d90604, 595.91.07, P2, 54, 296.52 W, 100 %, 100 %, 21532 MiB, 24564 MiB, 2640 MHz, 10251 MHz
2026/09/13 12:39:24.265, NVIDIA GeForce RTX 4090, GPU-457328ff-6f8e-1f53-8cc3-68ae75d90604, 595.91.07, P2, 54, 296.66 W, 100 %, 100 %, 21532 MiB, 24564 MiB, 2640 MHz, 10251 MHz
2026/09/13 12:39:25.267, NVIDIA GeForce RTX 4090, GPU-457328ff-6f8e-1f53-8cc3-68ae75d90604, 595.91.07, P2, 54, 296.97 W, 100 %, 100 %, 21532 MiB, 24564 MiB, 2640 MHz, 10251 MHz
2026/09/13 12:39:26.269, NVIDIA GeForce RTX 4090, GPU-457328ff-6f8e-1f53-8cc3-68ae75d90604, 595.91.07, P2, 54, 296.65 W, 100 %, 100 %, 21532 MiB, 24564 MiB, 2640 MHz, 10251 MHz
2026/09/13 12:39:27.271, NVIDIA GeForce RTX 4090, GPU-457328ff-6f8e-1f53-8cc3-68ae75d90604, 595.91.07, P2, 54, 296.40 W, 100 %, 100 %, 21532 MiB, 24564 MiB, 2640 MHz, 10251 MHz
2026/09/13 12:39:28.273, NVIDIA GeForce RTX 4090, GPU-457328ff-6f8e-1f53-8cc3-68ae75d90604, 595.91.07, P2, 54, 296.05 W, 100 %, 100 %, 21532 MiB, 24564 MiB, 2640 MHz, 10251 MHz
2026/09/13 12:39:29.275, NVIDIA GeForce RTX 4090, GPU-457328ff-6f8e-1f53-8cc3-68ae75d90604, 595.91.07, P2, 54, 295.94 W, 100 %, 100 %, 21532 MiB, 24564 MiB, 2640 MHz, 10251 MHz
2026/09/13 12:39:30.276, NVIDIA GeForce RTX 4090, GPU-457328ff-6f8e-1f53-8cc3-68ae75d90604, 595.91.07, P2, 54, 295.74 W, 100 %, 100 %, 21532 MiB, 24564 MiB, 2640 MHz, 10251 MHz
2026/09/13 12:39:31.279, NVIDIA GeForce RTX 4090, GPU-457328ff-6f8e-1f53-8cc3-68ae75d90604, 595.91.07, P2, 54, 295.97 W, 100 %, 100 %, 21532 MiB, 24564 MiB, 2640 MHz, 10251 MHz
2026/09/13 12:39:32.281, NVIDIA GeForce RTX 4090, GPU-457328ff-6f8e-1f53-8cc3-68ae75d90604, 595.91.07, P2, 54, 296.21 W, 100 %, 100 %, 21532 MiB, 24564 MiB, 2640 MHz, 10251 MHz
2026/09/13 12:39:33.283, NVIDIA GeForce RTX 4090, GPU-457328ff-6f8e-1f53-8cc3-68ae75d90604, 595.91.07, P2, 54, 295.90 W, 100 %, 100 %, 21532 MiB, 24564 MiB, 2640 MHz, 10251 MHz
2026/09/13 12:39:34.285, NVIDIA GeForce RTX 4090, GPU-457328ff-6f8e-1f53-8cc3-68ae75d90604, 595.91.07, P2, 54, 296.08 W, 100 %, 100 %, 21532 MiB, 24564 MiB, 2640 MHz, 10251 MHz
2026/09/13 12:39:35.287, NVIDIA GeForce RTX 4090, GPU-457328ff-6f8e-1f53-8cc3-68ae75d90604, 595.91.07, P2, 54, 296.54 W, 100 %, 100 %, 21532 MiB, 24564 MiB, 2640 MHz, 10251 MHz
2026/09/13 12:39:36.289, NVIDIA GeForce RTX 4090, GPU-457328ff-6f8e-1f53-8cc3-68ae75d90604, 595.91.07, P2, 54, 296.55 W, 100 %, 100 %, 21532 MiB, 24564 MiB, 2640 MHz, 10251 MHz
2026/09/13 12:39:37.291, NVIDIA GeForce RTX 4090, GPU-457328ff-6f8e-1f53-8cc3-68ae75d90604, 595.91.07, P2, 54, 296.48 W, 100 %, 100 %, 21532 MiB, 24564 MiB, 2640 MHz, 10251 MHz
2026/09/13 12:39:38.294, NVIDIA GeForce RTX 4090, GPU-457328ff-6f8e-1f53-8cc3-68ae75d90604, 595.91.07, P2, 54, 296.53 W, 100 %, 100 %, 21532 MiB, 24564 MiB, 2640 MHz, 10251 MHz
2026/09/13 12:39:39.296, NVIDIA GeForce RTX 4090, GPU-457328ff-6f8e-1f53-8cc3-68ae75d90604, 595.91.07, P2, 54, 296.44 W, 100 %, 100 %, 21532 MiB, 24564 MiB, 2640 MHz, 10251 MHz
2026/09/13 12:39:40.298, NVIDIA GeForce RTX 4090, GPU-457328ff-6f8e-1f53-8cc3-68ae75d90604, 595.91.07, P2, 54, 296.62 W, 100 %, 100 %, 21532 MiB, 24564 MiB, 2640 MHz, 10251 MHz
2026/09/13 12:39:41.299, NVIDIA GeForce RTX 4090, GPU-457328ff-6f8e-1f53-8cc3-68ae75d90604, 595.91.07, P2, 54, 296.59 W, 100 %, 100 %, 21532 MiB, 24564 MiB, 2640 MHz, 10251 MHz
2026/09/13 12:39:42.301, NVIDIA GeForce RTX 4090, GPU-457328ff-6f8e-1f53-8cc3-68ae75d90604, 595.91.07, P2, 54, 296.68 W, 100 %, 100 %, 21532 MiB, 24564 MiB, 2640 MHz, 10251 MHz
2026/09/13 12:39:43.303, NVIDIA GeForce RTX 4090, GPU-457328ff-6f8e-1f53-8cc3-68ae75d90604, 595.91.07, P2, 54, 296.76 W, 100 %, 100 %, 21532 MiB, 24564 MiB, 2640 MHz, 10251 MHz
2026/09/13 12:39:44.305, NVIDIA GeForce RTX 4090, GPU-457328ff-6f8e-1f53-8cc3-68ae75d90604, 595.91.07, P2, 54, 295.85 W, 100 %, 100 %, 21532 MiB, 24564 MiB, 2640 MHz, 10251 MHz
2026/09/13 12:39:45.307, NVIDIA GeForce RTX 4090, GPU-457328ff-6f8e-1f53-8cc3-68ae75d90604, 595.91.07, P2, 54, 295.92 W, 100 %, 100 %, 21532 MiB, 24564 MiB, 2640 MHz, 10251 MHz
2026/09/13 12:39:46.323, NVIDIA GeForce RTX 4090, GPU-457328ff-6f8e-1f53-8cc3-68ae75d90604, 595.91.07, P2, 54, 295.77 W, 100 %, 100 %, 21532 MiB, 24564 MiB, 2640 MHz, 10251 MHz
2026/09/13 12:39:47.325, NVIDIA GeForce RTX 4090, GPU-457328ff-6f8e-1f53-8cc3-68ae75d90604, 595.91.07, P2, 54, 281.40 W, 100 %, 100 %, 21532 MiB, 24564 MiB, 2640 MHz, 10251 MHz
2026/09/13 12:39:48.327, NVIDIA GeForce RTX 4090, GPU-457328ff-6f8e-1f53-8cc3-68ae75d90604, 595.91.07, P2, 54, 297.98 W, 100 %, 100 %, 21532 MiB, 24564 MiB, 2640 MHz, 10251 MHz
2026/09/13 12:39:49.329, NVIDIA GeForce RTX 4090, GPU-457328ff-6f8e-1f53-8cc3-68ae75d90604, 595.91.07, P2, 54, 298.08 W, 100 %, 100 %, 21532 MiB, 24564 MiB, 2640 MHz, 10251 MHz
2026/09/13 12:39:50.331, NVIDIA GeForce RTX 4090, GPU-457328ff-6f8e-1f53-8cc3-68ae75d90604, 595.91.07, P2, 54, 297.96 W, 100 %, 100 %, 21532 MiB, 24564 MiB, 2640 MHz, 10251 MHz
2026/09/13 12:39:51.333, NVIDIA GeForce RTX 4090, GPU-457328ff-6f8e-1f53-8cc3-68ae75d90604, 595.91.07, P2, 54, 297.45 W, 100 %, 100 %, 21532 MiB, 24564 MiB, 2640 MHz, 10251 MHz
2026/09/13 12:39:52.335, NVIDIA GeForce RTX 4090, GPU-457328ff-6f8e-1f53-8cc3-68ae75d90604, 595.91.07, P2, 54, 297.08 W, 100 %, 100 %, 21532 MiB, 24564 MiB, 2640 MHz, 10251 MHz
2026/09/13 12:39:53.337, NVIDIA GeForce RTX 4090, GPU-457328ff-6f8e-1f53-8cc3-68ae75d90604, 595.91.07, P2, 54, 297.59 W, 100 %, 100 %, 21532 MiB, 24564 MiB, 2640 MHz, 10251 MHz
2026/09/13 12:39:54.339, NVIDIA GeForce RTX 4090, GPU-457328ff-6f8e-1f53-8cc3-68ae75d90604, 595.91.07, P2, 54, 297.12 W, 100 %, 100 %, 21532 MiB, 24564 MiB, 2640 MHz, 10251 MHz
2026/09/13 12:39:55.341, NVIDIA GeForce RTX 4090, GPU-457328ff-6f8e-1f53-8cc3-68ae75d90604, 595.91.07, P2, 54, 296.99 W, 100 %, 100 %, 21532 MiB, 24564 MiB, 2640 MHz, 10251 MHz
2026/09/13 12:39:56.343, NVIDIA GeForce RTX 4090, GPU-457328ff-6f8e-1f53-8cc3-68ae75d90604, 595.91.07, P2, 54, 296.95 W, 100 %, 100 %, 21532 MiB, 24564 MiB, 2640 MHz, 10251 MHz
2026/09/13 12:39:57.346, NVIDIA GeForce RTX 4090, GPU-457328ff-6f8e-1f53-8cc3-68ae75d90604, 595.91.07, P2, 54, 296.81 W, 100 %, 100 %, 21532 MiB, 24564 MiB, 2640 MHz, 10251 MHz
2026/09/13 12:39:58.348, NVIDIA GeForce RTX 4090, GPU-457328ff-6f8e-1f53-8cc3-68ae75d90604, 595.91.07, P2, 54, 296.52 W, 100 %, 100 %, 21532 MiB, 24564 MiB, 2640 MHz, 10251 MHz
2026/09/13 12:39:59.350, NVIDIA GeForce RTX 4090, GPU-457328ff-6f8e-1f53-8cc3-68ae75d90604, 595.91.07, P2, 54, 296.61 W, 100 %, 100 %, 21532 MiB, 24564 MiB, 2640 MHz, 10251 MHz
2026/09/13 12:40:00.351, NVIDIA GeForce RTX 4090, GPU-457328ff-6f8e-1f53-8cc3-68ae75d90604, 595.91.07, P2, 54, 289.69 W, 100 %, 100 %, 21532 MiB, 24564 MiB, 2640 MHz, 10251 MHz
2026/09/13 12:40:01.353, NVIDIA GeForce RTX 4090, GPU-457328ff-6f8e-1f53-8cc3-68ae75d90604, 595.91.07, P2, 54, 298.71 W, 100 %, 100 %, 21532 MiB, 24564 MiB, 2640 MHz, 10251 MHz
2026/09/13 12:40:02.355, NVIDIA GeForce RTX 4090, GPU-457328ff-6f8e-1f53-8cc3-68ae75d90604, 595.91.07, P2, 54, 298.35 W, 100 %, 100 %, 21532 MiB, 24564 MiB, 2640 MHz, 10251 MHz
2026/09/13 12:40:03.357, NVIDIA GeForce RTX 4090, GPU-457328ff-6f8e-1f53-8cc3-68ae75d90604, 595.91.07, P2, 54, 298.27 W, 100 %, 100 %, 21532 MiB, 24564 MiB, 2640 MHz, 10251 MHz
2026/09/13 12:40:04.359, NVIDIA GeForce RTX 4090, GPU-457328ff-6f8e-1f53-8cc3-68ae75d90604, 595.91.07, P2, 54, 297.93 W, 100 %, 100 %, 21532 MiB, 24564 MiB, 2640 MHz, 10251 MHz
2026/09/13 12:40:05.361, NVIDIA GeForce RTX 4090, GPU-457328ff-6f8e-1f53-8cc3-68ae75d90604, 595.91.07, P2, 54, 297.78 W, 100 %, 100 %, 21532 MiB, 24564 MiB, 2640 MHz, 10251 MHz
2026/09/13 12:40:06.363, NVIDIA GeForce RTX 4090, GPU-457328ff-6f8e-1f53-8cc3-68ae75d90604, 595.91.07, P2, 54, 297.98 W, 100 %, 100 %, 21532 MiB, 24564 MiB, 2640 MHz, 10251 MHz
2026/09/13 12:40:07.366, NVIDIA GeForce RTX 4090, GPU-457328ff-6f8e-1f53-8cc3-68ae75d90604, 595.91.07, P2, 54, 297.48 W, 100 %, 100 %, 21532 MiB, 24564 MiB, 2640 MHz, 10251 MHz
2026/09/13 12:40:08.368, NVIDIA GeForce RTX 4090, GPU-457328ff-6f8e-1f53-8cc3-68ae75d90604, 595.91.07, P2, 54, 297.36 W, 100 %, 100 %, 21532 MiB, 24564 MiB, 2640 MHz, 10251 MHz
2026/09/13 12:40:09.369, NVIDIA GeForce RTX 4090, GPU-457328ff-6f8e-1f53-8cc3-68ae75d90604, 595.91.07, P2, 54, 291.45 W, 100 %, 100 %, 21532 MiB, 24564 MiB, 2640 MHz, 10251 MHz
2026/09/13 12:40:10.372, NVIDIA GeForce RTX 4090, GPU-457328ff-6f8e-1f53-8cc3-68ae75d90604, 595.91.07, P2, 54, 297.91 W, 100 %, 100 %, 21532 MiB, 24564 MiB, 2640 MHz, 10251 MHz
2026/09/13 12:40:11.374, NVIDIA GeForce RTX 4090, GPU-457328ff-6f8e-1f53-8cc3-68ae75d90604, 595.91.07, P2, 54, 297.94 W, 100 %, 100 %, 21532 MiB, 24564 MiB, 2640 MHz, 10251 MHz
2026/09/13 12:40:12.376, NVIDIA GeForce RTX 4090, GPU-457328ff-6f8e-1f53-8cc3-68ae75d90604, 595.91.07, P2, 54, 297.74 W, 100 %, 100 %, 21532 MiB, 24564 MiB, 2640 MHz, 10251 MHz
2026/09/13 12:40:13.378, NVIDIA GeForce RTX 4090, GPU-457328ff-6f8e-1f53-8cc3-68ae75d90604, 595.91.07, P2, 54, 297.55 W, 100 %, 100 %, 21532 MiB, 24564 MiB, 2640 MHz, 10251 MHz
2026/09/13 12:40:14.380, NVIDIA GeForce RTX 4090, GPU-457328ff-6f8e-1f53-8cc3-68ae75d90604, 595.91.07, P2, 54, 297.27 W, 100 %, 100 %, 21532 MiB, 24564 MiB, 2640 MHz, 10251 MHz
2026/09/13 12:40:15.382, NVIDIA GeForce RTX 4090, GPU-457328ff-6f8e-1f53-8cc3-68ae75d90604, 595.91.07, P2, 54, 297.19 W, 100 %, 100 %, 21532 MiB, 24564 MiB, 2640 MHz, 10251 MHz
2026/09/13 12:40:16.384, NVIDIA GeForce RTX 4090, GPU-457328ff-6f8e-1f53-8cc3-68ae75d90604, 595.91.07, P2, 54, 297.04 W, 100 %, 100 %, 21532 MiB, 24564 MiB, 2640 MHz, 10251 MHz
2026/09/13 12:40:17.387, NVIDIA GeForce RTX 4090, GPU-457328ff-6f8e-1f53-8cc3-68ae75d90604, 595.91.07, P2, 54, 297.41 W, 100 %, 100 %, 21532 MiB, 24564 MiB, 2640 MHz, 10251 MHz
2026/09/13 12:40:18.389, NVIDIA GeForce RTX 4090, GPU-457328ff-6f8e-1f53-8cc3-68ae75d90604, 595.91.07, P2, 54, 297.29 W, 100 %, 100 %, 21532 MiB, 24564 MiB, 2640 MHz, 10251 MHz
2026/09/13 12:40:19.391, NVIDIA GeForce RTX 4090, GPU-457328ff-6f8e-1f53-8cc3-68ae75d90604, 595.91.07, P2, 54, 296.96 W, 100 %, 100 %, 21532 MiB, 24564 MiB, 2640 MHz, 10251 MHz
2026/09/13 12:40:20.393, NVIDIA GeForce RTX 4090, GPU-457328ff-6f8e-1f53-8cc3-68ae75d90604, 595.91.07, P2, 54, 297.08 W, 100 %, 100 %, 21532 MiB, 24564 MiB, 2640 MHz, 10251 MHz
2026/09/13 12:40:21.395, NVIDIA GeForce RTX 4090, GPU-457328ff-6f8e-1f53-8cc3-68ae75d90604, 595.91.07, P2, 54, 296.70 W, 100 %, 100 %, 21532 MiB, 24564 MiB, 2640 MHz, 10251 MHz
2026/09/13 12:40:22.396, NVIDIA GeForce RTX 4090, GPU-457328ff-6f8e-1f53-8cc3-68ae75d90604, 595.91.07, P2, 54, 296.64 W, 100 %, 100 %, 21532 MiB, 24564 MiB, 2640 MHz, 10251 MHz
2026/09/13 12:40:23.399, NVIDIA GeForce RTX 4090, GPU-457328ff-6f8e-1f53-8cc3-68ae75d90604, 595.91.07, P2, 54, 296.81 W, 100 %, 100 %, 21532 MiB, 24564 MiB, 2640 MHz, 10251 MHz
2026/09/13 12:40:24.402, NVIDIA GeForce RTX 4090, GPU-457328ff-6f8e-1f53-8cc3-68ae75d90604, 595.91.07, P2, 54, 296.79 W, 100 %, 100 %, 21532 MiB, 24564 MiB, 2640 MHz, 10251 MHz
2026/09/13 12:40:25.404, NVIDIA GeForce RTX 4090, GPU-457328ff-6f8e-1f53-8cc3-68ae75d90604, 595.91.07, P2, 54, 296.94 W, 100 %, 100 %, 21532 MiB, 24564 MiB, 2640 MHz, 10251 MHz
2026/09/13 12:40:26.406, NVIDIA GeForce RTX 4090, GPU-457328ff-6f8e-1f53-8cc3-68ae75d90604, 595.91.07, P2, 54, 296.48 W, 100 %, 100 %, 21532 MiB, 24564 MiB, 2640 MHz, 10251 MHz
2026/09/13 12:40:27.409, NVIDIA GeForce RTX 4090, GPU-457328ff-6f8e-1f53-8cc3-68ae75d90604, 595.91.07, P2, 54, 296.70 W, 100 %, 100 %, 21532 MiB, 24564 MiB, 2640 MHz, 10251 MHz
2026/09/13 12:40:28.411, NVIDIA GeForce RTX 4090, GPU-457328ff-6f8e-1f53-8cc3-68ae75d90604, 595.91.07, P2, 54, 296.98 W, 100 %, 100 %, 21532 MiB, 24564 MiB, 2640 MHz, 10251 MHz
2026/09/13 12:40:29.414, NVIDIA GeForce RTX 4090, GPU-457328ff-6f8e-1f53-8cc3-68ae75d90604, 595.91.07, P2, 54, 296.66 W, 100 %, 100 %, 21532 MiB, 24564 MiB, 2640 MHz, 10251 MHz
2026/09/13 12:40:30.416, NVIDIA GeForce RTX 4090, GPU-457328ff-6f8e-1f53-8cc3-68ae75d90604, 595.91.07, P2, 54, 296.67 W, 100 %, 100 %, 21532 MiB, 24564 MiB, 2640 MHz, 10251 MHz
2026/09/13 12:40:31.418, NVIDIA GeForce RTX 4090, GPU-457328ff-6f8e-1f53-8cc3-68ae75d90604, 595.91.07, P2, 54, 296.52 W, 100 %, 100 %, 21532 MiB, 24564 MiB, 2640 MHz, 10251 MHz
2026/09/13 12:40:32.421, NVIDIA GeForce RTX 4090, GPU-457328ff-6f8e-1f53-8cc3-68ae75d90604, 595.91.07, P2, 54, 296.58 W, 100 %, 100 %, 21532 MiB, 24564 MiB, 2640 MHz, 10251 MHz
2026/09/13 12:40:33.423, NVIDIA GeForce RTX 4090, GPU-457328ff-6f8e-1f53-8cc3-68ae75d90604, 595.91.07, P2, 54, 283.37 W, 100 %, 100 %, 21532 MiB, 24564 MiB, 2640 MHz, 10251 MHz
2026/09/13 12:40:34.426, NVIDIA GeForce RTX 4090, GPU-457328ff-6f8e-1f53-8cc3-68ae75d90604, 595.91.07, P2, 54, 298.55 W, 100 %, 100 %, 21532 MiB, 24564 MiB, 2640 MHz, 10251 MHz
2026/09/13 12:40:35.428, NVIDIA GeForce RTX 4090, GPU-457328ff-6f8e-1f53-8cc3-68ae75d90604, 595.91.07, P2, 54, 298.21 W, 100 %, 100 %, 21532 MiB, 24564 MiB, 2640 MHz, 10251 MHz
2026/09/13 12:40:36.431, NVIDIA GeForce RTX 4090, GPU-457328ff-6f8e-1f53-8cc3-68ae75d90604, 595.91.07, P2, 54, 297.92 W, 100 %, 100 %, 21532 MiB, 24564 MiB, 2640 MHz, 10251 MHz
2026/09/13 12:40:37.433, NVIDIA GeForce RTX 4090, GPU-457328ff-6f8e-1f53-8cc3-68ae75d90604, 595.91.07, P2, 54, 297.94 W, 100 %, 100 %, 21532 MiB, 24564 MiB, 2640 MHz, 10251 MHz
2026/09/13 12:40:38.435, NVIDIA GeForce RTX 4090, GPU-457328ff-6f8e-1f53-8cc3-68ae75d90604, 595.91.07, P2, 54, 297.88 W, 100 %, 100 %, 21532 MiB, 24564 MiB, 2640 MHz, 10251 MHz
2026/09/13 12:40:39.437, NVIDIA GeForce RTX 4090, GPU-457328ff-6f8e-1f53-8cc3-68ae75d90604, 595.91.07, P2, 54, 297.74 W, 100 %, 100 %, 21532 MiB, 24564 MiB, 2640 MHz, 10251 MHz
2026/09/13 12:40:40.440, NVIDIA GeForce RTX 4090, GPU-457328ff-6f8e-1f53-8cc3-68ae75d90604, 595.91.07, P2, 54, 297.35 W, 100 %, 100 %, 21532 MiB, 24564 MiB, 2640 MHz, 10251 MHz
2026/09/13 12:40:41.443, NVIDIA GeForce RTX 4090, GPU-457328ff-6f8e-1f53-8cc3-68ae75d90604, 595.91.07, P2, 54, 296.93 W, 100 %, 100 %, 21532 MiB, 24564 MiB, 2640 MHz, 10251 MHz
2026/09/13 12:40:42.445, NVIDIA GeForce RTX 4090, GPU-457328ff-6f8e-1f53-8cc3-68ae75d90604, 595.91.07, P2, 54, 296.97 W, 100 %, 100 %, 21532 MiB, 24564 MiB, 2640 MHz, 10251 MHz
2026/09/13 12:40:43.447, NVIDIA GeForce RTX 4090, GPU-457328ff-6f8e-1f53-8cc3-68ae75d90604, 595.91.07, P2, 54, 297.27 W, 100 %, 100 %, 21532 MiB, 24564 MiB, 2640 MHz, 10251 MHz
2026/09/13 12:40:44.450, NVIDIA GeForce RTX 4090, GPU-457328ff-6f8e-1f53-8cc3-68ae75d90604, 595.91.07, P2, 54, 297.11 W, 100 %, 100 %, 21532 MiB, 24564 MiB, 2640 MHz, 10251 MHz
2026/09/13 12:40:45.452, NVIDIA GeForce RTX 4090, GPU-457328ff-6f8e-1f53-8cc3-68ae75d90604, 595.91.07, P2, 54, 293.40 W, 100 %, 100 %, 21532 MiB, 24564 MiB, 2640 MHz, 10251 MHz
2026/09/13 12:40:46.455, NVIDIA GeForce RTX 4090, GPU-457328ff-6f8e-1f53-8cc3-68ae75d90604, 595.91.07, P2, 54, 298.37 W, 100 %, 100 %, 21532 MiB, 24564 MiB, 2640 MHz, 10251 MHz
2026/09/13 12:40:47.458, NVIDIA GeForce RTX 4090, GPU-457328ff-6f8e-1f53-8cc3-68ae75d90604, 595.91.07, P2, 54, 298.64 W, 100 %, 100 %, 21532 MiB, 24564 MiB, 2640 MHz, 10251 MHz
2026/09/13 12:40:48.460, NVIDIA GeForce RTX 4090, GPU-457328ff-6f8e-1f53-8cc3-68ae75d90604, 595.91.07, P2, 54, 298.54 W, 100 %, 100 %, 21532 MiB, 24564 MiB, 2640 MHz, 10251 MHz
2026/09/13 12:40:49.462, NVIDIA GeForce RTX 4090, GPU-457328ff-6f8e-1f53-8cc3-68ae75d90604, 595.91.07, P2, 54, 297.89 W, 100 %, 100 %, 21532 MiB, 24564 MiB, 2640 MHz, 10251 MHz
2026/09/13 12:40:50.465, NVIDIA GeForce RTX 4090, GPU-457328ff-6f8e-1f53-8cc3-68ae75d90604, 595.91.07, P2, 54, 297.63 W, 100 %, 100 %, 21532 MiB, 24564 MiB, 2640 MHz, 10251 MHz
2026/09/13 12:40:51.468, NVIDIA GeForce RTX 4090, GPU-457328ff-6f8e-1f53-8cc3-68ae75d90604, 595.91.07, P2, 54, 297.34 W, 100 %, 100 %, 21532 MiB, 24564 MiB, 2640 MHz, 10251 MHz
2026/09/13 12:40:52.470, NVIDIA GeForce RTX 4090, GPU-457328ff-6f8e-1f53-8cc3-68ae75d90604, 595.91.07, P2, 54, 297.18 W, 100 %, 100 %, 21532 MiB, 24564 MiB, 2640 MHz, 10251 MHz
2026/09/13 12:40:53.473, NVIDIA GeForce RTX 4090, GPU-457328ff-6f8e-1f53-8cc3-68ae75d90604, 595.91.07, P2, 55, 299.34 W, 100 %, 100 %, 21532 MiB, 24564 MiB, 2640 MHz, 10251 MHz
2026/09/13 12:40:54.475, NVIDIA GeForce RTX 4090, GPU-457328ff-6f8e-1f53-8cc3-68ae75d90604, 595.91.07, P2, 55, 298.60 W, 100 %, 100 %, 21532 MiB, 24564 MiB, 2640 MHz, 10251 MHz
2026/09/13 12:40:55.478, NVIDIA GeForce RTX 4090, GPU-457328ff-6f8e-1f53-8cc3-68ae75d90604, 595.91.07, P2, 55, 298.37 W, 100 %, 100 %, 21532 MiB, 24564 MiB, 2640 MHz, 10251 MHz
2026/09/13 12:40:56.481, NVIDIA GeForce RTX 4090, GPU-457328ff-6f8e-1f53-8cc3-68ae75d90604, 595.91.07, P2, 55, 298.28 W, 100 %, 100 %, 21532 MiB, 24564 MiB, 2640 MHz, 10251 MHz
2026/09/13 12:40:57.483, NVIDIA GeForce RTX 4090, GPU-457328ff-6f8e-1f53-8cc3-68ae75d90604, 595.91.07, P2, 55, 298.37 W, 100 %, 100 %, 21532 MiB, 24564 MiB, 2640 MHz, 10251 MHz
2026/09/13 12:40:58.486, NVIDIA GeForce RTX 4090, GPU-457328ff-6f8e-1f53-8cc3-68ae75d90604, 595.91.07, P2, 55, 297.82 W, 100 %, 100 %, 21532 MiB, 24564 MiB, 2640 MHz, 10251 MHz
2026/09/13 12:40:59.489, NVIDIA GeForce RTX 4090, GPU-457328ff-6f8e-1f53-8cc3-68ae75d90604, 595.91.07, P2, 55, 297.50 W, 100 %, 100 %, 21532 MiB, 24564 MiB, 2640 MHz, 10251 MHz
2026/09/13 12:41:00.492, NVIDIA GeForce RTX 4090, GPU-457328ff-6f8e-1f53-8cc3-68ae75d90604, 595.91.07, P2, 55, 297.19 W, 100 %, 100 %, 21532 MiB, 24564 MiB, 2640 MHz, 10251 MHz
2026/09/13 12:41:01.495, NVIDIA GeForce RTX 4090, GPU-457328ff-6f8e-1f53-8cc3-68ae75d90604, 595.91.07, P2, 55, 297.42 W, 100 %, 100 %, 21532 MiB, 24564 MiB, 2640 MHz, 10251 MHz
2026/09/13 12:41:02.497, NVIDIA GeForce RTX 4090, GPU-457328ff-6f8e-1f53-8cc3-68ae75d90604, 595.91.07, P2, 55, 297.55 W, 100 %, 100 %, 21532 MiB, 24564 MiB, 2640 MHz, 10251 MHz
2026/09/13 12:41:03.498, NVIDIA GeForce RTX 4090, GPU-457328ff-6f8e-1f53-8cc3-68ae75d90604, 595.91.07, P2, 55, 297.31 W, 100 %, 100 %, 21532 MiB, 24564 MiB, 2640 MHz, 10251 MHz
2026/09/13 12:41:04.501, NVIDIA GeForce RTX 4090, GPU-457328ff-6f8e-1f53-8cc3-68ae75d90604, 595.91.07, P2, 55, 288.71 W, 100 %, 100 %, 21532 MiB, 24564 MiB, 2640 MHz, 10251 MHz
2026/09/13 12:41:05.504, NVIDIA GeForce RTX 4090, GPU-457328ff-6f8e-1f53-8cc3-68ae75d90604, 595.91.07, P2, 55, 298.84 W, 100 %, 100 %, 21532 MiB, 24564 MiB, 2640 MHz, 10251 MHz
2026/09/13 12:41:06.505, NVIDIA GeForce RTX 4090, GPU-457328ff-6f8e-1f53-8cc3-68ae75d90604, 595.91.07, P2, 55, 298.83 W, 100 %, 100 %, 21532 MiB, 24564 MiB, 2640 MHz, 10251 MHz
2026/09/13 12:41:07.506, NVIDIA GeForce RTX 4090, GPU-457328ff-6f8e-1f53-8cc3-68ae75d90604, 595.91.07, P2, 55, 298.59 W, 100 %, 100 %, 21532 MiB, 24564 MiB, 2640 MHz, 10251 MHz
2026/09/13 12:41:08.509, NVIDIA GeForce RTX 4090, GPU-457328ff-6f8e-1f53-8cc3-68ae75d90604, 595.91.07, P2, 55, 298.40 W, 100 %, 100 %, 21532 MiB, 24564 MiB, 2640 MHz, 10251 MHz
2026/09/13 12:41:09.511, NVIDIA GeForce RTX 4090, GPU-457328ff-6f8e-1f53-8cc3-68ae75d90604, 595.91.07, P2, 55, 298.43 W, 100 %, 100 %, 21532 MiB, 24564 MiB, 2640 MHz, 10251 MHz
2026/09/13 12:41:10.513, NVIDIA GeForce RTX 4090, GPU-457328ff-6f8e-1f53-8cc3-68ae75d90604, 595.91.07, P2, 55, 298.05 W, 100 %, 100 %, 21532 MiB, 24564 MiB, 2640 MHz, 10251 MHz
2026/09/13 12:41:11.516, NVIDIA GeForce RTX 4090, GPU-457328ff-6f8e-1f53-8cc3-68ae75d90604, 595.91.07, P2, 55, 298.16 W, 100 %, 100 %, 21532 MiB, 24564 MiB, 2640 MHz, 10251 MHz
2026/09/13 12:41:12.518, NVIDIA GeForce RTX 4090, GPU-457328ff-6f8e-1f53-8cc3-68ae75d90604, 595.91.07, P2, 55, 297.87 W, 100 %, 100 %, 21532 MiB, 24564 MiB, 2640 MHz, 10251 MHz
2026/09/13 12:41:13.520, NVIDIA GeForce RTX 4090, GPU-457328ff-6f8e-1f53-8cc3-68ae75d90604, 595.91.07, P2, 55, 297.51 W, 100 %, 100 %, 21532 MiB, 24564 MiB, 2640 MHz, 10251 MHz
2026/09/13 12:41:14.522, NVIDIA GeForce RTX 4090, GPU-457328ff-6f8e-1f53-8cc3-68ae75d90604, 595.91.07, P2, 55, 297.53 W, 100 %, 100 %, 21532 MiB, 24564 MiB, 2640 MHz, 10251 MHz
2026/09/13 12:41:15.525, NVIDIA GeForce RTX 4090, GPU-457328ff-6f8e-1f53-8cc3-68ae75d90604, 595.91.07, P2, 55, 297.33 W, 100 %, 100 %, 21532 MiB, 24564 MiB, 2640 MHz, 10251 MHz
2026/09/13 12:41:16.528, NVIDIA GeForce RTX 4090, GPU-457328ff-6f8e-1f53-8cc3-68ae75d90604, 595.91.07, P2, 55, 296.99 W, 100 %, 100 %, 21532 MiB, 24564 MiB, 2640 MHz, 10251 MHz
2026/09/13 12:41:17.530, NVIDIA GeForce RTX 4090, GPU-457328ff-6f8e-1f53-8cc3-68ae75d90604, 595.91.07, P2, 55, 297.34 W, 100 %, 100 %, 21532 MiB, 24564 MiB, 2640 MHz, 10251 MHz
2026/09/13 12:41:18.533, NVIDIA GeForce RTX 4090, GPU-457328ff-6f8e-1f53-8cc3-68ae75d90604, 595.91.07, P2, 55, 297.69 W, 100 %, 100 %, 21532 MiB, 24564 MiB, 2640 MHz, 10251 MHz
2026/09/13 12:41:19.536, NVIDIA GeForce RTX 4090, GPU-457328ff-6f8e-1f53-8cc3-68ae75d90604, 595.91.07, P2, 55, 297.45 W, 100 %, 100 %, 21532 MiB, 24564 MiB, 2640 MHz, 10251 MHz
2026/09/13 12:41:20.539, NVIDIA GeForce RTX 4090, GPU-457328ff-6f8e-1f53-8cc3-68ae75d90604, 595.91.07, P2, 55, 297.04 W, 100 %, 100 %, 21532 MiB, 24564 MiB, 2640 MHz, 10251 MHz
2026/09/13 12:41:21.542, NVIDIA GeForce RTX 4090, GPU-457328ff-6f8e-1f53-8cc3-68ae75d90604, 595.91.07, P2, 55, 297.20 W, 100 %, 100 %, 21532 MiB, 24564 MiB, 2640 MHz, 10251 MHz
2026/09/13 12:41:22.545, NVIDIA GeForce RTX 4090, GPU-457328ff-6f8e-1f53-8cc3-68ae75d90604, 595.91.07, P2, 55, 297.17 W, 100 %, 100 %, 21532 MiB, 24564 MiB, 2640 MHz, 10251 MHz
2026/09/13 12:41:23.547, NVIDIA GeForce RTX 4090, GPU-457328ff-6f8e-1f53-8cc3-68ae75d90604, 595.91.07, P2, 55, 297.20 W, 100 %, 100 %, 21532 MiB, 24564 MiB, 2640 MHz, 10251 MHz
2026/09/13 12:41:24.550, NVIDIA GeForce RTX 4090, GPU-457328ff-6f8e-1f53-8cc3-68ae75d90604, 595.91.07, P2, 55, 297.07 W, 100 %, 100 %, 21532 MiB, 24564 MiB, 2640 MHz, 10251 MHz
2026/09/13 12:41:25.553, NVIDIA GeForce RTX 4090, GPU-457328ff-6f8e-1f53-8cc3-68ae75d90604, 595.91.07, P2, 55, 297.22 W, 100 %, 100 %, 21532 MiB, 24564 MiB, 2640 MHz, 10251 MHz
2026/09/13 12:41:26.555, NVIDIA GeForce RTX 4090, GPU-457328ff-6f8e-1f53-8cc3-68ae75d90604, 595.91.07, P2, 55, 287.32 W, 42 %, 37 %, 21532 MiB, 24564 MiB, 2640 MHz, 10251 MHz
2026/09/13 12:41:27.557, NVIDIA GeForce RTX 4090, GPU-457328ff-6f8e-1f53-8cc3-68ae75d90604, 595.91.07, P2, 55, 289.99 W, 100 %, 100 %, 21532 MiB, 24564 MiB, 2640 MHz, 10251 MHz
2026/09/13 12:41:28.558, NVIDIA GeForce RTX 4090, GPU-457328ff-6f8e-1f53-8cc3-68ae75d90604, 595.91.07, P2, 55, 299.26 W, 100 %, 100 %, 21532 MiB, 24564 MiB, 2640 MHz, 10251 MHz
2026/09/13 12:41:29.560, NVIDIA GeForce RTX 4090, GPU-457328ff-6f8e-1f53-8cc3-68ae75d90604, 595.91.07, P2, 55, 299.13 W, 100 %, 100 %, 21532 MiB, 24564 MiB, 2640 MHz, 10251 MHz
2026/09/13 12:41:30.562, NVIDIA GeForce RTX 4090, GPU-457328ff-6f8e-1f53-8cc3-68ae75d90604, 595.91.07, P2, 55, 298.85 W, 100 %, 100 %, 21532 MiB, 24564 MiB, 2640 MHz, 10251 MHz
2026/09/13 12:41:31.565, NVIDIA GeForce RTX 4090, GPU-457328ff-6f8e-1f53-8cc3-68ae75d90604, 595.91.07, P2, 55, 298.52 W, 100 %, 100 %, 21532 MiB, 24564 MiB, 2640 MHz, 10251 MHz
2026/09/13 12:41:32.567, NVIDIA GeForce RTX 4090, GPU-457328ff-6f8e-1f53-8cc3-68ae75d90604, 595.91.07, P2, 55, 298.75 W, 100 %, 100 %, 21532 MiB, 24564 MiB, 2640 MHz, 10251 MHz
2026/09/13 12:41:33.569, NVIDIA GeForce RTX 4090, GPU-457328ff-6f8e-1f53-8cc3-68ae75d90604, 595.91.07, P2, 55, 298.40 W, 100 %, 100 %, 21532 MiB, 24564 MiB, 2640 MHz, 10251 MHz
2026/09/13 12:41:34.570, NVIDIA GeForce RTX 4090, GPU-457328ff-6f8e-1f53-8cc3-68ae75d90604, 595.91.07, P2, 55, 298.02 W, 100 %, 100 %, 21532 MiB, 24564 MiB, 2640 MHz, 10251 MHz
2026/09/13 12:41:35.572, NVIDIA GeForce RTX 4090, GPU-457328ff-6f8e-1f53-8cc3-68ae75d90604, 595.91.07, P2, 55, 297.57 W, 100 %, 100 %, 21532 MiB, 24564 MiB, 2640 MHz, 10251 MHz
2026/09/13 12:41:36.575, NVIDIA GeForce RTX 4090, GPU-457328ff-6f8e-1f53-8cc3-68ae75d90604, 595.91.07, P2, 55, 297.20 W, 100 %, 100 %, 21532 MiB, 24564 MiB, 2640 MHz, 10251 MHz
2026/09/13 12:41:37.577, NVIDIA GeForce RTX 4090, GPU-457328ff-6f8e-1f53-8cc3-68ae75d90604, 595.91.07, P2, 55, 297.56 W, 100 %, 100 %, 21532 MiB, 24564 MiB, 2640 MHz, 10251 MHz
2026/09/13 12:41:38.579, NVIDIA GeForce RTX 4090, GPU-457328ff-6f8e-1f53-8cc3-68ae75d90604, 595.91.07, P2, 55, 297.29 W, 100 %, 100 %, 21532 MiB, 24564 MiB, 2640 MHz, 10251 MHz
2026/09/13 12:41:39.581, NVIDIA GeForce RTX 4090, GPU-457328ff-6f8e-1f53-8cc3-68ae75d90604, 595.91.07, P2, 55, 296.93 W, 100 %, 100 %, 21532 MiB, 24564 MiB, 2640 MHz, 10251 MHz
2026/09/13 12:41:40.583, NVIDIA GeForce RTX 4090, GPU-457328ff-6f8e-1f53-8cc3-68ae75d90604, 595.91.07, P2, 55, 296.97 W, 100 %, 100 %, 21532 MiB, 24564 MiB, 2640 MHz, 10251 MHz
2026/09/13 12:41:41.586, NVIDIA GeForce RTX 4090, GPU-457328ff-6f8e-1f53-8cc3-68ae75d90604, 595.91.07, P2, 55, 296.92 W, 100 %, 100 %, 21532 MiB, 24564 MiB, 2640 MHz, 10251 MHz
2026/09/13 12:41:42.588, NVIDIA GeForce RTX 4090, GPU-457328ff-6f8e-1f53-8cc3-68ae75d90604, 595.91.07, P2, 55, 296.98 W, 100 %, 100 %, 21532 MiB, 24564 MiB, 2640 MHz, 10251 MHz
2026/09/13 12:41:43.589, NVIDIA GeForce RTX 4090, GPU-457328ff-6f8e-1f53-8cc3-68ae75d90604, 595.91.07, P2, 55, 297.13 W, 100 %, 100 %, 21532 MiB, 24564 MiB, 2640 MHz, 10251 MHz
2026/09/13 12:41:44.591, NVIDIA GeForce RTX 4090, GPU-457328ff-6f8e-1f53-8cc3-68ae75d90604, 595.91.07, P2, 55, 296.98 W, 100 %, 100 %, 21532 MiB, 24564 MiB, 2640 MHz, 10251 MHz
2026/09/13 12:41:45.593, NVIDIA GeForce RTX 4090, GPU-457328ff-6f8e-1f53-8cc3-68ae75d90604, 595.91.07, P2, 55, 297.08 W, 100 %, 100 %, 21532 MiB, 24564 MiB, 2640 MHz, 10251 MHz
2026/09/13 12:41:46.596, NVIDIA GeForce RTX 4090, GPU-457328ff-6f8e-1f53-8cc3-68ae75d90604, 595.91.07, P2, 55, 297.06 W, 100 %, 100 %, 21532 MiB, 24564 MiB, 2640 MHz, 10251 MHz
2026/09/13 12:41:47.598, NVIDIA GeForce RTX 4090, GPU-457328ff-6f8e-1f53-8cc3-68ae75d90604, 595.91.07, P2, 55, 297.03 W, 100 %, 100 %, 21532 MiB, 24564 MiB, 2640 MHz, 10251 MHz
2026/09/13 12:41:48.599, NVIDIA GeForce RTX 4090, GPU-457328ff-6f8e-1f53-8cc3-68ae75d90604, 595.91.07, P2, 55, 297.14 W, 100 %, 100 %, 21532 MiB, 24564 MiB, 2640 MHz, 10251 MHz
2026/09/13 12:41:49.602, NVIDIA GeForce RTX 4090, GPU-457328ff-6f8e-1f53-8cc3-68ae75d90604, 595.91.07, P2, 55, 297.12 W, 100 %, 100 %, 21532 MiB, 24564 MiB, 2640 MHz, 10251 MHz
2026/09/13 12:41:50.604, NVIDIA GeForce RTX 4090, GPU-457328ff-6f8e-1f53-8cc3-68ae75d90604, 595.91.07, P2, 55, 296.76 W, 100 %, 100 %, 21532 MiB, 24564 MiB, 2640 MHz, 10251 MHz
2026/09/13 12:41:51.607, NVIDIA GeForce RTX 4090, GPU-457328ff-6f8e-1f53-8cc3-68ae75d90604, 595.91.07, P2, 55, 296.96 W, 100 %, 100 %, 21532 MiB, 24564 MiB, 2640 MHz, 10251 MHz
2026/09/13 12:41:52.610, NVIDIA GeForce RTX 4090, GPU-457328ff-6f8e-1f53-8cc3-68ae75d90604, 595.91.07, P2, 55, 296.97 W, 100 %, 100 %, 21532 MiB, 24564 MiB, 2640 MHz, 10251 MHz
2026/09/13 12:41:53.612, NVIDIA GeForce RTX 4090, GPU-457328ff-6f8e-1f53-8cc3-68ae75d90604, 595.91.07, P2, 55, 297.24 W, 100 %, 100 %, 21532 MiB, 24564 MiB, 2640 MHz, 10251 MHz
2026/09/13 12:41:54.615, NVIDIA GeForce RTX 4090, GPU-457328ff-6f8e-1f53-8cc3-68ae75d90604, 595.91.07, P2, 55, 297.63 W, 100 %, 100 %, 21532 MiB, 24564 MiB, 2640 MHz, 10251 MHz
2026/09/13 12:41:55.617, NVIDIA GeForce RTX 4090, GPU-457328ff-6f8e-1f53-8cc3-68ae75d90604, 595.91.07, P2, 55, 297.94 W, 100 %, 100 %, 21532 MiB, 24564 MiB, 2640 MHz, 10251 MHz
2026/09/13 12:41:56.620, NVIDIA GeForce RTX 4090, GPU-457328ff-6f8e-1f53-8cc3-68ae75d90604, 595.91.07, P2, 55, 298.09 W, 100 %, 100 %, 21532 MiB, 24564 MiB, 2640 MHz, 10251 MHz
2026/09/13 12:41:57.622, NVIDIA GeForce RTX 4090, GPU-457328ff-6f8e-1f53-8cc3-68ae75d90604, 595.91.07, P2, 55, 298.10 W, 100 %, 100 %, 21532 MiB, 24564 MiB, 2640 MHz, 10251 MHz
2026/09/13 12:41:58.624, NVIDIA GeForce RTX 4090, GPU-457328ff-6f8e-1f53-8cc3-68ae75d90604, 595.91.07, P2, 55, 298.31 W, 100 %, 100 %, 21532 MiB, 24564 MiB, 2640 MHz, 10251 MHz
2026/09/13 12:41:59.627, NVIDIA GeForce RTX 4090, GPU-457328ff-6f8e-1f53-8cc3-68ae75d90604, 595.91.07, P2, 55, 293.07 W, 100 %, 100 %, 21532 MiB, 24564 MiB, 2640 MHz, 10251 MHz
2026/09/13 12:42:00.629, NVIDIA GeForce RTX 4090, GPU-457328ff-6f8e-1f53-8cc3-68ae75d90604, 595.91.07, P2, 55, 299.22 W, 100 %, 100 %, 21532 MiB, 24564 MiB, 2640 MHz, 10251 MHz
2026/09/13 12:42:01.631, NVIDIA GeForce RTX 4090, GPU-457328ff-6f8e-1f53-8cc3-68ae75d90604, 595.91.07, P2, 55, 299.23 W, 100 %, 100 %, 21532 MiB, 24564 MiB, 2640 MHz, 10251 MHz
2026/09/13 12:42:02.633, NVIDIA GeForce RTX 4090, GPU-457328ff-6f8e-1f53-8cc3-68ae75d90604, 595.91.07, P2, 55, 299.42 W, 100 %, 100 %, 21532 MiB, 24564 MiB, 2640 MHz, 10251 MHz
2026/09/13 12:42:03.635, NVIDIA GeForce RTX 4090, GPU-457328ff-6f8e-1f53-8cc3-68ae75d90604, 595.91.07, P2, 55, 299.42 W, 100 %, 100 %, 21532 MiB, 24564 MiB, 2640 MHz, 10251 MHz
2026/09/13 12:42:04.637, NVIDIA GeForce RTX 4090, GPU-457328ff-6f8e-1f53-8cc3-68ae75d90604, 595.91.07, P2, 55, 298.96 W, 100 %, 100 %, 21532 MiB, 24564 MiB, 2640 MHz, 10251 MHz
2026/09/13 12:42:05.638, NVIDIA GeForce RTX 4090, GPU-457328ff-6f8e-1f53-8cc3-68ae75d90604, 595.91.07, P2, 55, 298.57 W, 100 %, 100 %, 21532 MiB, 24564 MiB, 2640 MHz, 10251 MHz
2026/09/13 12:42:06.640, NVIDIA GeForce RTX 4090, GPU-457328ff-6f8e-1f53-8cc3-68ae75d90604, 595.91.07, P2, 55, 298.41 W, 100 %, 100 %, 21532 MiB, 24564 MiB, 2640 MHz, 10251 MHz
2026/09/13 12:42:07.642, NVIDIA GeForce RTX 4090, GPU-457328ff-6f8e-1f53-8cc3-68ae75d90604, 595.91.07, P2, 55, 298.00 W, 100 %, 100 %, 21532 MiB, 24564 MiB, 2640 MHz, 10251 MHz
2026/09/13 12:42:08.645, NVIDIA GeForce RTX 4090, GPU-457328ff-6f8e-1f53-8cc3-68ae75d90604, 595.91.07, P2, 55, 298.14 W, 100 %, 100 %, 21532 MiB, 24564 MiB, 2640 MHz, 10251 MHz
2026/09/13 12:42:09.647, NVIDIA GeForce RTX 4090, GPU-457328ff-6f8e-1f53-8cc3-68ae75d90604, 595.91.07, P2, 55, 298.20 W, 100 %, 100 %, 21532 MiB, 24564 MiB, 2640 MHz, 10251 MHz
2026/09/13 12:42:10.649, NVIDIA GeForce RTX 4090, GPU-457328ff-6f8e-1f53-8cc3-68ae75d90604, 595.91.07, P2, 55, 297.87 W, 100 %, 100 %, 21532 MiB, 24564 MiB, 2640 MHz, 10251 MHz
2026/09/13 12:42:11.651, NVIDIA GeForce RTX 4090, GPU-457328ff-6f8e-1f53-8cc3-68ae75d90604, 595.91.07, P2, 55, 297.48 W, 100 %, 100 %, 21532 MiB, 24564 MiB, 2640 MHz, 10251 MHz
2026/09/13 12:42:12.653, NVIDIA GeForce RTX 4090, GPU-457328ff-6f8e-1f53-8cc3-68ae75d90604, 595.91.07, P2, 55, 297.64 W, 100 %, 100 %, 21532 MiB, 24564 MiB, 2640 MHz, 10251 MHz
2026/09/13 12:42:13.655, NVIDIA GeForce RTX 4090, GPU-457328ff-6f8e-1f53-8cc3-68ae75d90604, 595.91.07, P2, 55, 297.74 W, 100 %, 100 %, 21532 MiB, 24564 MiB, 2640 MHz, 10251 MHz
2026/09/13 12:42:14.658, NVIDIA GeForce RTX 4090, GPU-457328ff-6f8e-1f53-8cc3-68ae75d90604, 595.91.07, P2, 55, 297.76 W, 100 %, 100 %, 21532 MiB, 24564 MiB, 2640 MHz, 10251 MHz
2026/09/13 12:42:15.659, NVIDIA GeForce RTX 4090, GPU-457328ff-6f8e-1f53-8cc3-68ae75d90604, 595.91.07, P2, 55, 297.89 W, 100 %, 100 %, 21532 MiB, 24564 MiB, 2640 MHz, 10251 MHz
2026/09/13 12:42:16.661, NVIDIA GeForce RTX 4090, GPU-457328ff-6f8e-1f53-8cc3-68ae75d90604, 595.91.07, P2, 55, 298.03 W, 100 %, 100 %, 21532 MiB, 24564 MiB, 2640 MHz, 10251 MHz
2026/09/13 12:42:17.663, NVIDIA GeForce RTX 4090, GPU-457328ff-6f8e-1f53-8cc3-68ae75d90604, 595.91.07, P2, 55, 297.59 W, 100 %, 100 %, 21532 MiB, 24564 MiB, 2640 MHz, 10251 MHz
2026/09/13 12:42:18.665, NVIDIA GeForce RTX 4090, GPU-457328ff-6f8e-1f53-8cc3-68ae75d90604, 595.91.07, P2, 55, 297.34 W, 100 %, 100 %, 21532 MiB, 24564 MiB, 2640 MHz, 10251 MHz
2026/09/13 12:42:19.667, NVIDIA GeForce RTX 4090, GPU-457328ff-6f8e-1f53-8cc3-68ae75d90604, 595.91.07, P2, 55, 297.23 W, 100 %, 100 %, 21532 MiB, 24564 MiB, 2640 MHz, 10251 MHz
2026/09/13 12:42:20.669, NVIDIA GeForce RTX 4090, GPU-457328ff-6f8e-1f53-8cc3-68ae75d90604, 595.91.07, P2, 55, 297.47 W, 100 %, 100 %, 21532 MiB, 24564 MiB, 2640 MHz, 10251 MHz
2026/09/13 12:42:21.672, NVIDIA GeForce RTX 4090, GPU-457328ff-6f8e-1f53-8cc3-68ae75d90604, 595.91.07, P2, 55, 297.36 W, 100 %, 100 %, 21532 MiB, 24564 MiB, 2640 MHz, 10251 MHz
2026/09/13 12:42:22.674, NVIDIA GeForce RTX 4090, GPU-457328ff-6f8e-1f53-8cc3-68ae75d90604, 595.91.07, P2, 55, 297.48 W, 100 %, 100 %, 21532 MiB, 24564 MiB, 2640 MHz, 10251 MHz
2026/09/13 12:42:23.676, NVIDIA GeForce RTX 4090, GPU-457328ff-6f8e-1f53-8cc3-68ae75d90604, 595.91.07, P2, 55, 297.82 W, 100 %, 100 %, 21532 MiB, 24564 MiB, 2640 MHz, 10251 MHz
2026/09/13 12:42:24.678, NVIDIA GeForce RTX 4090, GPU-457328ff-6f8e-1f53-8cc3-68ae75d90604, 595.91.07, P2, 55, 298.06 W, 100 %, 100 %, 21532 MiB, 24564 MiB, 2640 MHz, 10251 MHz
2026/09/13 12:42:25.681, NVIDIA GeForce RTX 4090, GPU-457328ff-6f8e-1f53-8cc3-68ae75d90604, 595.91.07, P2, 55, 290.28 W, 100 %, 100 %, 21532 MiB, 24564 MiB, 2640 MHz, 10251 MHz
2026/09/13 12:42:26.683, NVIDIA GeForce RTX 4090, GPU-457328ff-6f8e-1f53-8cc3-68ae75d90604, 595.91.07, P2, 56, 299.73 W, 100 %, 100 %, 21532 MiB, 24564 MiB, 2640 MHz, 10251 MHz
2026/09/13 12:42:27.685, NVIDIA GeForce RTX 4090, GPU-457328ff-6f8e-1f53-8cc3-68ae75d90604, 595.91.07, P2, 55, 299.93 W, 100 %, 100 %, 21532 MiB, 24564 MiB, 2640 MHz, 10251 MHz
2026/09/13 12:42:28.687, NVIDIA GeForce RTX 4090, GPU-457328ff-6f8e-1f53-8cc3-68ae75d90604, 595.91.07, P2, 55, 299.43 W, 100 %, 100 %, 21532 MiB, 24564 MiB, 2640 MHz, 10251 MHz
2026/09/13 12:42:29.688, NVIDIA GeForce RTX 4090, GPU-457328ff-6f8e-1f53-8cc3-68ae75d90604, 595.91.07, P2, 55, 299.09 W, 100 %, 100 %, 21532 MiB, 24564 MiB, 2640 MHz, 10251 MHz
2026/09/13 12:42:30.691, NVIDIA GeForce RTX 4090, GPU-457328ff-6f8e-1f53-8cc3-68ae75d90604, 595.91.07, P2, 56, 299.00 W, 100 %, 100 %, 21532 MiB, 24564 MiB, 2640 MHz, 10251 MHz
2026/09/13 12:42:31.693, NVIDIA GeForce RTX 4090, GPU-457328ff-6f8e-1f53-8cc3-68ae75d90604, 595.91.07, P2, 56, 299.05 W, 100 %, 100 %, 21532 MiB, 24564 MiB, 2640 MHz, 10251 MHz
2026/09/13 12:42:32.694, NVIDIA GeForce RTX 4090, GPU-457328ff-6f8e-1f53-8cc3-68ae75d90604, 595.91.07, P2, 56, 298.67 W, 100 %, 100 %, 21532 MiB, 24564 MiB, 2640 MHz, 10251 MHz
2026/09/13 12:42:33.696, NVIDIA GeForce RTX 4090, GPU-457328ff-6f8e-1f53-8cc3-68ae75d90604, 595.91.07, P2, 56, 298.69 W, 100 %, 100 %, 21532 MiB, 24564 MiB, 2640 MHz, 10251 MHz
2026/09/13 12:42:34.698, NVIDIA GeForce RTX 4090, GPU-457328ff-6f8e-1f53-8cc3-68ae75d90604, 595.91.07, P2, 55, 298.52 W, 100 %, 100 %, 21532 MiB, 24564 MiB, 2640 MHz, 10251 MHz
2026/09/13 12:42:35.701, NVIDIA GeForce RTX 4090, GPU-457328ff-6f8e-1f53-8cc3-68ae75d90604, 595.91.07, P2, 56, 298.77 W, 100 %, 100 %, 21532 MiB, 24564 MiB, 2640 MHz, 10251 MHz
2026/09/13 12:42:36.702, NVIDIA GeForce RTX 4090, GPU-457328ff-6f8e-1f53-8cc3-68ae75d90604, 595.91.07, P2, 56, 298.56 W, 100 %, 100 %, 21532 MiB, 24564 MiB, 2640 MHz, 10251 MHz
2026/09/13 12:42:37.703, NVIDIA GeForce RTX 4090, GPU-457328ff-6f8e-1f53-8cc3-68ae75d90604, 595.91.07, P2, 56, 298.01 W, 100 %, 100 %, 21532 MiB, 24564 MiB, 2640 MHz, 10251 MHz
2026/09/13 12:42:38.706, NVIDIA GeForce RTX 4090, GPU-457328ff-6f8e-1f53-8cc3-68ae75d90604, 595.91.07, P2, 56, 297.96 W, 100 %, 100 %, 21532 MiB, 24564 MiB, 2640 MHz, 10251 MHz
2026/09/13 12:42:39.708, NVIDIA GeForce RTX 4090, GPU-457328ff-6f8e-1f53-8cc3-68ae75d90604, 595.91.07, P2, 56, 288.88 W, 100 %, 100 %, 21532 MiB, 24564 MiB, 2640 MHz, 10251 MHz
2026/09/13 12:42:40.710, NVIDIA GeForce RTX 4090, GPU-457328ff-6f8e-1f53-8cc3-68ae75d90604, 595.91.07, P2, 56, 299.78 W, 100 %, 100 %, 21532 MiB, 24564 MiB, 2640 MHz, 10251 MHz
2026/09/13 12:42:41.712, NVIDIA GeForce RTX 4090, GPU-457328ff-6f8e-1f53-8cc3-68ae75d90604, 595.91.07, P2, 56, 300.08 W, 100 %, 100 %, 21532 MiB, 24564 MiB, 2640 MHz, 10251 MHz
2026/09/13 12:42:42.714, NVIDIA GeForce RTX 4090, GPU-457328ff-6f8e-1f53-8cc3-68ae75d90604, 595.91.07, P2, 56, 299.97 W, 100 %, 100 %, 21532 MiB, 24564 MiB, 2640 MHz, 10251 MHz
2026/09/13 12:42:43.717, NVIDIA GeForce RTX 4090, GPU-457328ff-6f8e-1f53-8cc3-68ae75d90604, 595.91.07, P2, 56, 299.71 W, 100 %, 100 %, 21532 MiB, 24564 MiB, 2640 MHz, 10251 MHz
2026/09/13 12:42:44.719, NVIDIA GeForce RTX 4090, GPU-457328ff-6f8e-1f53-8cc3-68ae75d90604, 595.91.07, P2, 56, 299.54 W, 100 %, 100 %, 21532 MiB, 24564 MiB, 2640 MHz, 10251 MHz
2026/09/13 12:42:45.721, NVIDIA GeForce RTX 4090, GPU-457328ff-6f8e-1f53-8cc3-68ae75d90604, 595.91.07, P2, 56, 299.48 W, 100 %, 100 %, 21532 MiB, 24564 MiB, 2640 MHz, 10251 MHz
2026/09/13 12:42:46.738, NVIDIA GeForce RTX 4090, GPU-457328ff-6f8e-1f53-8cc3-68ae75d90604, 595.91.07, P2, 56, 299.48 W, 100 %, 100 %, 21532 MiB, 24564 MiB, 2640 MHz, 10251 MHz
2026/09/13 12:42:47.740, NVIDIA GeForce RTX 4090, GPU-457328ff-6f8e-1f53-8cc3-68ae75d90604, 595.91.07, P2, 56, 298.91 W, 100 %, 100 %, 21532 MiB, 24564 MiB, 2640 MHz, 10251 MHz
2026/09/13 12:42:48.742, NVIDIA GeForce RTX 4090, GPU-457328ff-6f8e-1f53-8cc3-68ae75d90604, 595.91.07, P2, 56, 298.44 W, 100 %, 100 %, 21532 MiB, 24564 MiB, 2640 MHz, 10251 MHz
2026/09/13 12:42:49.745, NVIDIA GeForce RTX 4090, GPU-457328ff-6f8e-1f53-8cc3-68ae75d90604, 595.91.07, P2, 56, 298.23 W, 100 %, 100 %, 21532 MiB, 24564 MiB, 2640 MHz, 10251 MHz
2026/09/13 12:42:50.748, NVIDIA GeForce RTX 4090, GPU-457328ff-6f8e-1f53-8cc3-68ae75d90604, 595.91.07, P2, 56, 297.93 W, 100 %, 100 %, 21532 MiB, 24564 MiB, 2640 MHz, 10251 MHz
2026/09/13 12:42:51.750, NVIDIA GeForce RTX 4090, GPU-457328ff-6f8e-1f53-8cc3-68ae75d90604, 595.91.07, P2, 56, 297.54 W, 100 %, 100 %, 21532 MiB, 24564 MiB, 2640 MHz, 10251 MHz
2026/09/13 12:42:52.752, NVIDIA GeForce RTX 4090, GPU-457328ff-6f8e-1f53-8cc3-68ae75d90604, 595.91.07, P2, 56, 297.75 W, 100 %, 100 %, 21532 MiB, 24564 MiB, 2640 MHz, 10251 MHz
2026/09/13 12:42:53.755, NVIDIA GeForce RTX 4090, GPU-457328ff-6f8e-1f53-8cc3-68ae75d90604, 595.91.07, P2, 56, 297.84 W, 100 %, 100 %, 21532 MiB, 24564 MiB, 2640 MHz, 10251 MHz
2026/09/13 12:42:54.757, NVIDIA GeForce RTX 4090, GPU-457328ff-6f8e-1f53-8cc3-68ae75d90604, 595.91.07, P2, 56, 297.80 W, 100 %, 100 %, 21532 MiB, 24564 MiB, 2640 MHz, 10251 MHz
2026/09/13 12:42:55.760, NVIDIA GeForce RTX 4090, GPU-457328ff-6f8e-1f53-8cc3-68ae75d90604, 595.91.07, P2, 56, 298.10 W, 100 %, 100 %, 21532 MiB, 24564 MiB, 2640 MHz, 10251 MHz
2026/09/13 12:42:56.762, NVIDIA GeForce RTX 4090, GPU-457328ff-6f8e-1f53-8cc3-68ae75d90604, 595.91.07, P2, 56, 297.65 W, 100 %, 100 %, 21532 MiB, 24564 MiB, 2640 MHz, 10251 MHz
2026/09/13 12:42:57.764, NVIDIA GeForce RTX 4090, GPU-457328ff-6f8e-1f53-8cc3-68ae75d90604, 595.91.07, P2, 56, 288.81 W, 100 %, 100 %, 21532 MiB, 24564 MiB, 2640 MHz, 10251 MHz
2026/09/13 12:42:58.765, NVIDIA GeForce RTX 4090, GPU-457328ff-6f8e-1f53-8cc3-68ae75d90604, 595.91.07, P2, 56, 299.57 W, 100 %, 100 %, 21532 MiB, 24564 MiB, 2640 MHz, 10251 MHz
2026/09/13 12:42:59.768, NVIDIA GeForce RTX 4090, GPU-457328ff-6f8e-1f53-8cc3-68ae75d90604, 595.91.07, P2, 56, 299.37 W, 100 %, 100 %, 21532 MiB, 24564 MiB, 2640 MHz, 10251 MHz
2026/09/13 12:43:00.771, NVIDIA GeForce RTX 4090, GPU-457328ff-6f8e-1f53-8cc3-68ae75d90604, 595.91.07, P2, 56, 299.30 W, 100 %, 100 %, 21532 MiB, 24564 MiB, 2640 MHz, 10251 MHz
2026/09/13 12:43:01.773, NVIDIA GeForce RTX 4090, GPU-457328ff-6f8e-1f53-8cc3-68ae75d90604, 595.91.07, P2, 56, 299.24 W, 100 %, 100 %, 21532 MiB, 24564 MiB, 2640 MHz, 10251 MHz
2026/09/13 12:43:02.775, NVIDIA GeForce RTX 4090, GPU-457328ff-6f8e-1f53-8cc3-68ae75d90604, 595.91.07, P2, 56, 298.85 W, 100 %, 100 %, 21532 MiB, 24564 MiB, 2640 MHz, 10251 MHz
2026/09/13 12:43:03.777, NVIDIA GeForce RTX 4090, GPU-457328ff-6f8e-1f53-8cc3-68ae75d90604, 595.91.07, P2, 56, 298.81 W, 100 %, 100 %, 21532 MiB, 24564 MiB, 2640 MHz, 10251 MHz
2026/09/13 12:43:04.780, NVIDIA GeForce RTX 4090, GPU-457328ff-6f8e-1f53-8cc3-68ae75d90604, 595.91.07, P2, 56, 298.52 W, 100 %, 100 %, 21532 MiB, 24564 MiB, 2640 MHz, 10251 MHz
2026/09/13 12:43:05.781, NVIDIA GeForce RTX 4090, GPU-457328ff-6f8e-1f53-8cc3-68ae75d90604, 595.91.07, P2, 56, 298.52 W, 100 %, 100 %, 21532 MiB, 24564 MiB, 2640 MHz, 10251 MHz
2026/09/13 12:43:06.783, NVIDIA GeForce RTX 4090, GPU-457328ff-6f8e-1f53-8cc3-68ae75d90604, 595.91.07, P2, 56, 298.22 W, 100 %, 100 %, 21532 MiB, 24564 MiB, 2640 MHz, 10251 MHz
2026/09/13 12:43:07.785, NVIDIA GeForce RTX 4090, GPU-457328ff-6f8e-1f53-8cc3-68ae75d90604, 595.91.07, P2, 56, 298.30 W, 100 %, 100 %, 21532 MiB, 24564 MiB, 2640 MHz, 10251 MHz
2026/09/13 12:43:08.787, NVIDIA GeForce RTX 4090, GPU-457328ff-6f8e-1f53-8cc3-68ae75d90604, 595.91.07, P2, 56, 297.87 W, 100 %, 100 %, 21532 MiB, 24564 MiB, 2640 MHz, 10251 MHz
2026/09/13 12:43:09.790, NVIDIA GeForce RTX 4090, GPU-457328ff-6f8e-1f53-8cc3-68ae75d90604, 595.91.07, P2, 56, 297.89 W, 100 %, 100 %, 21532 MiB, 24564 MiB, 2640 MHz, 10251 MHz
2026/09/13 12:43:10.792, NVIDIA GeForce RTX 4090, GPU-457328ff-6f8e-1f53-8cc3-68ae75d90604, 595.91.07, P2, 56, 297.54 W, 100 %, 100 %, 21532 MiB, 24564 MiB, 2640 MHz, 10251 MHz
2026/09/13 12:43:11.795, NVIDIA GeForce RTX 4090, GPU-457328ff-6f8e-1f53-8cc3-68ae75d90604, 595.91.07, P2, 56, 297.56 W, 100 %, 100 %, 21532 MiB, 24564 MiB, 2640 MHz, 10251 MHz
2026/09/13 12:43:12.798, NVIDIA GeForce RTX 4090, GPU-457328ff-6f8e-1f53-8cc3-68ae75d90604, 595.91.07, P2, 56, 297.40 W, 100 %, 100 %, 21532 MiB, 24564 MiB, 2640 MHz, 10251 MHz
2026/09/13 12:43:13.800, NVIDIA GeForce RTX 4090, GPU-457328ff-6f8e-1f53-8cc3-68ae75d90604, 595.91.07, P2, 56, 297.58 W, 100 %, 100 %, 21532 MiB, 24564 MiB, 2640 MHz, 10251 MHz
2026/09/13 12:43:14.803, NVIDIA GeForce RTX 4090, GPU-457328ff-6f8e-1f53-8cc3-68ae75d90604, 595.91.07, P2, 56, 297.46 W, 100 %, 100 %, 21532 MiB, 24564 MiB, 2640 MHz, 10251 MHz
2026/09/13 12:43:15.805, NVIDIA GeForce RTX 4090, GPU-457328ff-6f8e-1f53-8cc3-68ae75d90604, 595.91.07, P2, 56, 297.45 W, 100 %, 100 %, 21532 MiB, 24564 MiB, 2640 MHz, 10251 MHz
2026/09/13 12:43:16.809, NVIDIA GeForce RTX 4090, GPU-457328ff-6f8e-1f53-8cc3-68ae75d90604, 595.91.07, P2, 56, 297.34 W, 100 %, 100 %, 21532 MiB, 24564 MiB, 2640 MHz, 10251 MHz
2026/09/13 12:43:17.811, NVIDIA GeForce RTX 4090, GPU-457328ff-6f8e-1f53-8cc3-68ae75d90604, 595.91.07, P2, 56, 297.32 W, 100 %, 100 %, 21532 MiB, 24564 MiB, 2640 MHz, 10251 MHz
2026/09/13 12:43:18.814, NVIDIA GeForce RTX 4090, GPU-457328ff-6f8e-1f53-8cc3-68ae75d90604, 595.91.07, P2, 56, 297.31 W, 100 %, 100 %, 21532 MiB, 24564 MiB, 2640 MHz, 10251 MHz
2026/09/13 12:43:19.817, NVIDIA GeForce RTX 4090, GPU-457328ff-6f8e-1f53-8cc3-68ae75d90604, 595.91.07, P2, 56, 297.61 W, 100 %, 100 %, 21532 MiB, 24564 MiB, 2640 MHz, 10251 MHz
2026/09/13 12:43:20.819, NVIDIA GeForce RTX 4090, GPU-457328ff-6f8e-1f53-8cc3-68ae75d90604, 595.91.07, P2, 56, 297.21 W, 100 %, 100 %, 21532 MiB, 24564 MiB, 2640 MHz, 10251 MHz
2026/09/13 12:43:21.822, NVIDIA GeForce RTX 4090, GPU-457328ff-6f8e-1f53-8cc3-68ae75d90604, 595.91.07, P2, 56, 297.45 W, 100 %, 100 %, 21532 MiB, 24564 MiB, 2640 MHz, 10251 MHz
2026/09/13 12:43:22.825, NVIDIA GeForce RTX 4090, GPU-457328ff-6f8e-1f53-8cc3-68ae75d90604, 595.91.07, P2, 56, 297.35 W, 100 %, 100 %, 21532 MiB, 24564 MiB, 2640 MHz, 10251 MHz
2026/09/13 12:43:23.828, NVIDIA GeForce RTX 4090, GPU-457328ff-6f8e-1f53-8cc3-68ae75d90604, 595.91.07, P2, 56, 297.57 W, 100 %, 100 %, 21532 MiB, 24564 MiB, 2640 MHz, 10251 MHz
2026/09/13 12:43:24.831, NVIDIA GeForce RTX 4090, GPU-457328ff-6f8e-1f53-8cc3-68ae75d90604, 595.91.07, P2, 56, 297.54 W, 100 %, 100 %, 21532 MiB, 24564 MiB, 2640 MHz, 10251 MHz
2026/09/13 12:43:25.835, NVIDIA GeForce RTX 4090, GPU-457328ff-6f8e-1f53-8cc3-68ae75d90604, 595.91.07, P2, 56, 297.43 W, 100 %, 100 %, 21532 MiB, 24564 MiB, 2640 MHz, 10251 MHz
2026/09/13 12:43:26.837, NVIDIA GeForce RTX 4090, GPU-457328ff-6f8e-1f53-8cc3-68ae75d90604, 595.91.07, P2, 56, 286.03 W, 100 %, 100 %, 21532 MiB, 24564 MiB, 2640 MHz, 10251 MHz
2026/09/13 12:43:27.839, NVIDIA GeForce RTX 4090, GPU-457328ff-6f8e-1f53-8cc3-68ae75d90604, 595.91.07, P2, 56, 299.11 W, 100 %, 100 %, 21532 MiB, 24564 MiB, 2640 MHz, 10251 MHz
2026/09/13 12:43:28.841, NVIDIA GeForce RTX 4090, GPU-457328ff-6f8e-1f53-8cc3-68ae75d90604, 595.91.07, P2, 56, 299.07 W, 100 %, 100 %, 21532 MiB, 24564 MiB, 2640 MHz, 10251 MHz
2026/09/13 12:43:29.843, NVIDIA GeForce RTX 4090, GPU-457328ff-6f8e-1f53-8cc3-68ae75d90604, 595.91.07, P2, 56, 299.25 W, 100 %, 100 %, 21532 MiB, 24564 MiB, 2640 MHz, 10251 MHz
2026/09/13 12:43:30.846, NVIDIA GeForce RTX 4090, GPU-457328ff-6f8e-1f53-8cc3-68ae75d90604, 595.91.07, P2, 56, 298.76 W, 100 %, 100 %, 21532 MiB, 24564 MiB, 2640 MHz, 10251 MHz
2026/09/13 12:43:31.848, NVIDIA GeForce RTX 4090, GPU-457328ff-6f8e-1f53-8cc3-68ae75d90604, 595.91.07, P2, 56, 298.77 W, 100 %, 100 %, 21532 MiB, 24564 MiB, 2640 MHz, 10251 MHz
2026/09/13 12:43:32.851, NVIDIA GeForce RTX 4090, GPU-457328ff-6f8e-1f53-8cc3-68ae75d90604, 595.91.07, P2, 56, 298.92 W, 100 %, 100 %, 21532 MiB, 24564 MiB, 2640 MHz, 10251 MHz
2026/09/13 12:43:33.854, NVIDIA GeForce RTX 4090, GPU-457328ff-6f8e-1f53-8cc3-68ae75d90604, 595.91.07, P2, 56, 298.83 W, 100 %, 100 %, 21532 MiB, 24564 MiB, 2640 MHz, 10251 MHz
2026/09/13 12:43:34.857, NVIDIA GeForce RTX 4090, GPU-457328ff-6f8e-1f53-8cc3-68ae75d90604, 595.91.07, P2, 56, 298.82 W, 100 %, 100 %, 21532 MiB, 24564 MiB, 2640 MHz, 10251 MHz
2026/09/13 12:43:35.859, NVIDIA GeForce RTX 4090, GPU-457328ff-6f8e-1f53-8cc3-68ae75d90604, 595.91.07, P2, 56, 298.47 W, 100 %, 100 %, 21532 MiB, 24564 MiB, 2640 MHz, 10251 MHz
2026/09/13 12:43:36.862, NVIDIA GeForce RTX 4090, GPU-457328ff-6f8e-1f53-8cc3-68ae75d90604, 595.91.07, P2, 56, 298.33 W, 100 %, 100 %, 21532 MiB, 24564 MiB, 2640 MHz, 10251 MHz
2026/09/13 12:43:37.865, NVIDIA GeForce RTX 4090, GPU-457328ff-6f8e-1f53-8cc3-68ae75d90604, 595.91.07, P2, 56, 298.41 W, 100 %, 100 %, 21532 MiB, 24564 MiB, 2640 MHz, 10251 MHz
2026/09/13 12:43:38.867, NVIDIA GeForce RTX 4090, GPU-457328ff-6f8e-1f53-8cc3-68ae75d90604, 595.91.07, P2, 56, 298.27 W, 100 %, 100 %, 21532 MiB, 24564 MiB, 2640 MHz, 10251 MHz
2026/09/13 12:43:39.870, NVIDIA GeForce RTX 4090, GPU-457328ff-6f8e-1f53-8cc3-68ae75d90604, 595.91.07, P2, 56, 297.97 W, 100 %, 100 %, 21532 MiB, 24564 MiB, 2640 MHz, 10251 MHz
2026/09/13 12:43:40.872, NVIDIA GeForce RTX 4090, GPU-457328ff-6f8e-1f53-8cc3-68ae75d90604, 595.91.07, P2, 56, 297.88 W, 100 %, 100 %, 21532 MiB, 24564 MiB, 2640 MHz, 10251 MHz
2026/09/13 12:43:41.875, NVIDIA GeForce RTX 4090, GPU-457328ff-6f8e-1f53-8cc3-68ae75d90604, 595.91.07, P2, 56, 297.64 W, 100 %, 100 %, 21532 MiB, 24564 MiB, 2640 MHz, 10251 MHz
2026/09/13 12:43:42.877, NVIDIA GeForce RTX 4090, GPU-457328ff-6f8e-1f53-8cc3-68ae75d90604, 595.91.07, P2, 56, 298.14 W, 100 %, 100 %, 21532 MiB, 24564 MiB, 2640 MHz, 10251 MHz
2026/09/13 12:43:43.880, NVIDIA GeForce RTX 4090, GPU-457328ff-6f8e-1f53-8cc3-68ae75d90604, 595.91.07, P2, 56, 298.29 W, 100 %, 100 %, 21532 MiB, 24564 MiB, 2640 MHz, 10251 MHz
2026/09/13 12:43:44.882, NVIDIA GeForce RTX 4090, GPU-457328ff-6f8e-1f53-8cc3-68ae75d90604, 595.91.07, P2, 56, 297.69 W, 100 %, 100 %, 21532 MiB, 24564 MiB, 2640 MHz, 10251 MHz
2026/09/13 12:43:45.884, NVIDIA GeForce RTX 4090, GPU-457328ff-6f8e-1f53-8cc3-68ae75d90604, 595.91.07, P2, 56, 297.63 W, 100 %, 100 %, 21532 MiB, 24564 MiB, 2640 MHz, 10251 MHz
2026/09/13 12:43:46.887, NVIDIA GeForce RTX 4090, GPU-457328ff-6f8e-1f53-8cc3-68ae75d90604, 595.91.07, P2, 56, 297.74 W, 100 %, 100 %, 21532 MiB, 24564 MiB, 2640 MHz, 10251 MHz
2026/09/13 12:43:47.890, NVIDIA GeForce RTX 4090, GPU-457328ff-6f8e-1f53-8cc3-68ae75d90604, 595.91.07, P2, 56, 297.39 W, 100 %, 100 %, 21532 MiB, 24564 MiB, 2640 MHz, 10251 MHz
2026/09/13 12:43:48.892, NVIDIA GeForce RTX 4090, GPU-457328ff-6f8e-1f53-8cc3-68ae75d90604, 595.91.07, P2, 56, 297.07 W, 100 %, 100 %, 21532 MiB, 24564 MiB, 2640 MHz, 10251 MHz
2026/09/13 12:43:49.894, NVIDIA GeForce RTX 4090, GPU-457328ff-6f8e-1f53-8cc3-68ae75d90604, 595.91.07, P2, 56, 287.70 W, 100 %, 100 %, 21532 MiB, 24564 MiB, 2640 MHz, 10251 MHz
2026/09/13 12:43:50.897, NVIDIA GeForce RTX 4090, GPU-457328ff-6f8e-1f53-8cc3-68ae75d90604, 595.91.07, P2, 56, 299.25 W, 100 %, 100 %, 21532 MiB, 24564 MiB, 2640 MHz, 10251 MHz
2026/09/13 12:43:51.899, NVIDIA GeForce RTX 4090, GPU-457328ff-6f8e-1f53-8cc3-68ae75d90604, 595.91.07, P2, 56, 299.66 W, 100 %, 100 %, 21532 MiB, 24564 MiB, 2640 MHz, 10251 MHz
2026/09/13 12:43:52.900, NVIDIA GeForce RTX 4090, GPU-457328ff-6f8e-1f53-8cc3-68ae75d90604, 595.91.07, P2, 56, 299.12 W, 100 %, 100 %, 21532 MiB, 24564 MiB, 2640 MHz, 10251 MHz
2026/09/13 12:43:53.902, NVIDIA GeForce RTX 4090, GPU-457328ff-6f8e-1f53-8cc3-68ae75d90604, 595.91.07, P2, 56, 298.87 W, 100 %, 100 %, 21532 MiB, 24564 MiB, 2640 MHz, 10251 MHz
2026/09/13 12:43:54.904, NVIDIA GeForce RTX 4090, GPU-457328ff-6f8e-1f53-8cc3-68ae75d90604, 595.91.07, P2, 56, 298.33 W, 100 %, 100 %, 21532 MiB, 24564 MiB, 2640 MHz, 10251 MHz
2026/09/13 12:43:55.907, NVIDIA GeForce RTX 4090, GPU-457328ff-6f8e-1f53-8cc3-68ae75d90604, 595.91.07, P2, 56, 298.43 W, 100 %, 100 %, 21532 MiB, 24564 MiB, 2640 MHz, 10251 MHz
2026/09/13 12:43:56.909, NVIDIA GeForce RTX 4090, GPU-457328ff-6f8e-1f53-8cc3-68ae75d90604, 595.91.07, P2, 56, 298.47 W, 100 %, 100 %, 21532 MiB, 24564 MiB, 2640 MHz, 10251 MHz
2026/09/13 12:43:57.911, NVIDIA GeForce RTX 4090, GPU-457328ff-6f8e-1f53-8cc3-68ae75d90604, 595.91.07, P2, 56, 298.50 W, 100 %, 100 %, 21532 MiB, 24564 MiB, 2640 MHz, 10251 MHz
2026/09/13 12:43:58.913, NVIDIA GeForce RTX 4090, GPU-457328ff-6f8e-1f53-8cc3-68ae75d90604, 595.91.07, P2, 56, 298.38 W, 100 %, 100 %, 21532 MiB, 24564 MiB, 2640 MHz, 10251 MHz
2026/09/13 12:43:59.914, NVIDIA GeForce RTX 4090, GPU-457328ff-6f8e-1f53-8cc3-68ae75d90604, 595.91.07, P2, 56, 298.17 W, 100 %, 100 %, 21532 MiB, 24564 MiB, 2640 MHz, 10251 MHz
2026/09/13 12:44:00.915, NVIDIA GeForce RTX 4090, GPU-457328ff-6f8e-1f53-8cc3-68ae75d90604, 595.91.07, P2, 56, 298.15 W, 100 %, 100 %, 21532 MiB, 24564 MiB, 2640 MHz, 10251 MHz
2026/09/13 12:44:01.917, NVIDIA GeForce RTX 4090, GPU-457328ff-6f8e-1f53-8cc3-68ae75d90604, 595.91.07, P2, 56, 298.33 W, 100 %, 100 %, 21532 MiB, 24564 MiB, 2640 MHz, 10251 MHz
2026/09/13 12:44:02.919, NVIDIA GeForce RTX 4090, GPU-457328ff-6f8e-1f53-8cc3-68ae75d90604, 595.91.07, P2, 56, 298.00 W, 100 %, 100 %, 21532 MiB, 24564 MiB, 2640 MHz, 10251 MHz
2026/09/13 12:44:03.920, NVIDIA GeForce RTX 4090, GPU-457328ff-6f8e-1f53-8cc3-68ae75d90604, 595.91.07, P2, 56, 297.98 W, 100 %, 100 %, 21532 MiB, 24564 MiB, 2640 MHz, 10251 MHz
2026/09/13 12:44:04.921, NVIDIA GeForce RTX 4090, GPU-457328ff-6f8e-1f53-8cc3-68ae75d90604, 595.91.07, P2, 56, 297.93 W, 100 %, 100 %, 21532 MiB, 24564 MiB, 2640 MHz, 10251 MHz
2026/09/13 12:44:05.923, NVIDIA GeForce RTX 4090, GPU-457328ff-6f8e-1f53-8cc3-68ae75d90604, 595.91.07, P2, 56, 297.99 W, 100 %, 100 %, 21532 MiB, 24564 MiB, 2640 MHz, 10251 MHz
2026/09/13 12:44:06.924, NVIDIA GeForce RTX 4090, GPU-457328ff-6f8e-1f53-8cc3-68ae75d90604, 595.91.07, P2, 56, 297.87 W, 100 %, 100 %, 21532 MiB, 24564 MiB, 2640 MHz, 10251 MHz
2026/09/13 12:44:07.926, NVIDIA GeForce RTX 4090, GPU-457328ff-6f8e-1f53-8cc3-68ae75d90604, 595.91.07, P2, 56, 297.75 W, 100 %, 100 %, 21532 MiB, 24564 MiB, 2640 MHz, 10251 MHz
2026/09/13 12:44:08.927, NVIDIA GeForce RTX 4090, GPU-457328ff-6f8e-1f53-8cc3-68ae75d90604, 595.91.07, P2, 56, 297.52 W, 100 %, 100 %, 21532 MiB, 24564 MiB, 2640 MHz, 10251 MHz
2026/09/13 12:44:09.928, NVIDIA GeForce RTX 4090, GPU-457328ff-6f8e-1f53-8cc3-68ae75d90604, 595.91.07, P2, 56, 297.68 W, 100 %, 100 %, 21532 MiB, 24564 MiB, 2640 MHz, 10251 MHz
2026/09/13 12:44:10.929, NVIDIA GeForce RTX 4090, GPU-457328ff-6f8e-1f53-8cc3-68ae75d90604, 595.91.07, P2, 56, 297.84 W, 100 %, 100 %, 21532 MiB, 24564 MiB, 2640 MHz, 10251 MHz
2026/09/13 12:44:11.931, NVIDIA GeForce RTX 4090, GPU-457328ff-6f8e-1f53-8cc3-68ae75d90604, 595.91.07, P2, 56, 297.46 W, 100 %, 100 %, 21532 MiB, 24564 MiB, 2640 MHz, 10251 MHz
2026/09/13 12:44:12.932, NVIDIA GeForce RTX 4090, GPU-457328ff-6f8e-1f53-8cc3-68ae75d90604, 595.91.07, P2, 56, 297.47 W, 100 %, 100 %, 21532 MiB, 24564 MiB, 2640 MHz, 10251 MHz
2026/09/13 12:44:13.933, NVIDIA GeForce RTX 4090, GPU-457328ff-6f8e-1f53-8cc3-68ae75d90604, 595.91.07, P2, 56, 297.91 W, 100 %, 100 %, 21532 MiB, 24564 MiB, 2640 MHz, 10251 MHz
2026/09/13 12:44:14.934, NVIDIA GeForce RTX 4090, GPU-457328ff-6f8e-1f53-8cc3-68ae75d90604, 595.91.07, P2, 56, 297.81 W, 100 %, 100 %, 21532 MiB, 24564 MiB, 2640 MHz, 10251 MHz
2026/09/13 12:44:15.935, NVIDIA GeForce RTX 4090, GPU-457328ff-6f8e-1f53-8cc3-68ae75d90604, 595.91.07, P2, 56, 298.01 W, 100 %, 100 %, 21532 MiB, 24564 MiB, 2640 MHz, 10251 MHz
2026/09/13 12:44:16.937, NVIDIA GeForce RTX 4090, GPU-457328ff-6f8e-1f53-8cc3-68ae75d90604, 595.91.07, P2, 56, 297.75 W, 100 %, 100 %, 21532 MiB, 24564 MiB, 2640 MHz, 10251 MHz
2026/09/13 12:44:17.938, NVIDIA GeForce RTX 4090, GPU-457328ff-6f8e-1f53-8cc3-68ae75d90604, 595.91.07, P2, 56, 297.69 W, 100 %, 100 %, 21532 MiB, 24564 MiB, 2640 MHz, 10251 MHz
2026/09/13 12:44:18.939, NVIDIA GeForce RTX 4090, GPU-457328ff-6f8e-1f53-8cc3-68ae75d90604, 595.91.07, P2, 56, 297.65 W, 100 %, 100 %, 21532 MiB, 24564 MiB, 2640 MHz, 10251 MHz
2026/09/13 12:44:19.940, NVIDIA GeForce RTX 4090, GPU-457328ff-6f8e-1f53-8cc3-68ae75d90604, 595.91.07, P2, 56, 297.89 W, 100 %, 100 %, 21532 MiB, 24564 MiB, 2640 MHz, 10251 MHz
2026/09/13 12:44:20.941, NVIDIA GeForce RTX 4090, GPU-457328ff-6f8e-1f53-8cc3-68ae75d90604, 595.91.07, P2, 56, 298.03 W, 100 %, 100 %, 21532 MiB, 24564 MiB, 2640 MHz, 10251 MHz
2026/09/13 12:44:21.943, NVIDIA GeForce RTX 4090, GPU-457328ff-6f8e-1f53-8cc3-68ae75d90604, 595.91.07, P2, 56, 298.19 W, 100 %, 100 %, 21532 MiB, 24564 MiB, 2640 MHz, 10251 MHz
2026/09/13 12:44:22.944, NVIDIA GeForce RTX 4090, GPU-457328ff-6f8e-1f53-8cc3-68ae75d90604, 595.91.07, P2, 56, 298.20 W, 100 %, 100 %, 21532 MiB, 24564 MiB, 2640 MHz, 10251 MHz
2026/09/13 12:44:23.946, NVIDIA GeForce RTX 4090, GPU-457328ff-6f8e-1f53-8cc3-68ae75d90604, 595.91.07, P2, 56, 298.04 W, 100 %, 100 %, 21532 MiB, 24564 MiB, 2640 MHz, 10251 MHz
2026/09/13 12:44:24.947, NVIDIA GeForce RTX 4090, GPU-457328ff-6f8e-1f53-8cc3-68ae75d90604, 595.91.07, P2, 56, 298.11 W, 100 %, 100 %, 21532 MiB, 24564 MiB, 2640 MHz, 10251 MHz
2026/09/13 12:44:25.949, NVIDIA GeForce RTX 4090, GPU-457328ff-6f8e-1f53-8cc3-68ae75d90604, 595.91.07, P2, 56, 297.88 W, 100 %, 100 %, 21532 MiB, 24564 MiB, 2640 MHz, 10251 MHz
2026/09/13 12:44:26.950, NVIDIA GeForce RTX 4090, GPU-457328ff-6f8e-1f53-8cc3-68ae75d90604, 595.91.07, P2, 56, 297.87 W, 100 %, 100 %, 21532 MiB, 24564 MiB, 2640 MHz, 10251 MHz
2026/09/13 12:44:27.951, NVIDIA GeForce RTX 4090, GPU-457328ff-6f8e-1f53-8cc3-68ae75d90604, 595.91.07, P2, 56, 297.64 W, 100 %, 100 %, 21532 MiB, 24564 MiB, 2640 MHz, 10251 MHz
2026/09/13 12:44:28.953, NVIDIA GeForce RTX 4090, GPU-457328ff-6f8e-1f53-8cc3-68ae75d90604, 595.91.07, P2, 56, 296.89 W, 100 %, 100 %, 21532 MiB, 24564 MiB, 2640 MHz, 10251 MHz
2026/09/13 12:44:29.954, NVIDIA GeForce RTX 4090, GPU-457328ff-6f8e-1f53-8cc3-68ae75d90604, 595.91.07, P2, 56, 297.11 W, 100 %, 100 %, 21532 MiB, 24564 MiB, 2640 MHz, 10251 MHz
2026/09/13 12:44:30.956, NVIDIA GeForce RTX 4090, GPU-457328ff-6f8e-1f53-8cc3-68ae75d90604, 595.91.07, P2, 56, 283.22 W, 64 %, 59 %, 21532 MiB, 24564 MiB, 2640 MHz, 10251 MHz
2026/09/13 12:44:31.958, NVIDIA GeForce RTX 4090, GPU-457328ff-6f8e-1f53-8cc3-68ae75d90604, 595.91.07, P2, 56, 293.85 W, 100 %, 100 %, 21532 MiB, 24564 MiB, 2640 MHz, 10251 MHz
2026/09/13 12:44:32.960, NVIDIA GeForce RTX 4090, GPU-457328ff-6f8e-1f53-8cc3-68ae75d90604, 595.91.07, P2, 56, 298.85 W, 100 %, 100 %, 21532 MiB, 24564 MiB, 2640 MHz, 10251 MHz
2026/09/13 12:44:33.961, NVIDIA GeForce RTX 4090, GPU-457328ff-6f8e-1f53-8cc3-68ae75d90604, 595.91.07, P2, 56, 298.90 W, 100 %, 100 %, 21532 MiB, 24564 MiB, 2640 MHz, 10251 MHz
2026/09/13 12:44:34.963, NVIDIA GeForce RTX 4090, GPU-457328ff-6f8e-1f53-8cc3-68ae75d90604, 595.91.07, P2, 56, 298.54 W, 100 %, 100 %, 21532 MiB, 24564 MiB, 2640 MHz, 10251 MHz
2026/09/13 12:44:35.965, NVIDIA GeForce RTX 4090, GPU-457328ff-6f8e-1f53-8cc3-68ae75d90604, 595.91.07, P2, 56, 298.02 W, 100 %, 100 %, 21532 MiB, 24564 MiB, 2640 MHz, 10251 MHz
2026/09/13 12:44:36.967, NVIDIA GeForce RTX 4090, GPU-457328ff-6f8e-1f53-8cc3-68ae75d90604, 595.91.07, P2, 56, 298.07 W, 100 %, 100 %, 21532 MiB, 24564 MiB, 2640 MHz, 10251 MHz
2026/09/13 12:44:37.969, NVIDIA GeForce RTX 4090, GPU-457328ff-6f8e-1f53-8cc3-68ae75d90604, 595.91.07, P2, 56, 298.16 W, 100 %, 100 %, 21532 MiB, 24564 MiB, 2640 MHz, 10251 MHz
2026/09/13 12:44:38.971, NVIDIA GeForce RTX 4090, GPU-457328ff-6f8e-1f53-8cc3-68ae75d90604, 595.91.07, P2, 56, 297.91 W, 100 %, 100 %, 21532 MiB, 24564 MiB, 2640 MHz, 10251 MHz
2026/09/13 12:44:39.973, NVIDIA GeForce RTX 4090, GPU-457328ff-6f8e-1f53-8cc3-68ae75d90604, 595.91.07, P2, 56, 298.19 W, 100 %, 100 %, 21532 MiB, 24564 MiB, 2640 MHz, 10251 MHz
2026/09/13 12:44:40.975, NVIDIA GeForce RTX 4090, GPU-457328ff-6f8e-1f53-8cc3-68ae75d90604, 595.91.07, P2, 56, 298.18 W, 100 %, 100 %, 21532 MiB, 24564 MiB, 2640 MHz, 10251 MHz
2026/09/13 12:44:41.977, NVIDIA GeForce RTX 4090, GPU-457328ff-6f8e-1f53-8cc3-68ae75d90604, 595.91.07, P2, 56, 297.86 W, 100 %, 100 %, 21532 MiB, 24564 MiB, 2640 MHz, 10251 MHz
2026/09/13 12:44:42.979, NVIDIA GeForce RTX 4090, GPU-457328ff-6f8e-1f53-8cc3-68ae75d90604, 595.91.07, P2, 56, 297.76 W, 100 %, 100 %, 21532 MiB, 24564 MiB, 2640 MHz, 10251 MHz
2026/09/13 12:44:43.981, NVIDIA GeForce RTX 4090, GPU-457328ff-6f8e-1f53-8cc3-68ae75d90604, 595.91.07, P2, 56, 297.70 W, 100 %, 100 %, 21532 MiB, 24564 MiB, 2640 MHz, 10251 MHz
2026/09/13 12:44:44.983, NVIDIA GeForce RTX 4090, GPU-457328ff-6f8e-1f53-8cc3-68ae75d90604, 595.91.07, P2, 56, 297.61 W, 100 %, 100 %, 21532 MiB, 24564 MiB, 2640 MHz, 10251 MHz
2026/09/13 12:44:45.985, NVIDIA GeForce RTX 4090, GPU-457328ff-6f8e-1f53-8cc3-68ae75d90604, 595.91.07, P2, 56, 297.61 W, 100 %, 100 %, 21532 MiB, 24564 MiB, 2640 MHz, 10251 MHz
2026/09/13 12:44:46.988, NVIDIA GeForce RTX 4090, GPU-457328ff-6f8e-1f53-8cc3-68ae75d90604, 595.91.07, P2, 56, 290.14 W, 57 %, 59 %, 21532 MiB, 24564 MiB, 2640 MHz, 10251 MHz
2026/09/13 12:44:47.990, NVIDIA GeForce RTX 4090, GPU-457328ff-6f8e-1f53-8cc3-68ae75d90604, 595.91.07, P2, 56, 291.25 W, 100 %, 100 %, 21532 MiB, 24564 MiB, 2640 MHz, 10251 MHz
2026/09/13 12:44:48.992, NVIDIA GeForce RTX 4090, GPU-457328ff-6f8e-1f53-8cc3-68ae75d90604, 595.91.07, P2, 56, 299.41 W, 100 %, 100 %, 21532 MiB, 24564 MiB, 2640 MHz, 10251 MHz
2026/09/13 12:44:49.994, NVIDIA GeForce RTX 4090, GPU-457328ff-6f8e-1f53-8cc3-68ae75d90604, 595.91.07, P2, 56, 299.18 W, 100 %, 100 %, 21532 MiB, 24564 MiB, 2640 MHz, 10251 MHz
2026/09/13 12:44:50.997, NVIDIA GeForce RTX 4090, GPU-457328ff-6f8e-1f53-8cc3-68ae75d90604, 595.91.07, P2, 56, 298.85 W, 100 %, 100 %, 21532 MiB, 24564 MiB, 2640 MHz, 10251 MHz
2026/09/13 12:44:51.999, NVIDIA GeForce RTX 4090, GPU-457328ff-6f8e-1f53-8cc3-68ae75d90604, 595.91.07, P2, 56, 298.61 W, 100 %, 100 %, 21532 MiB, 24564 MiB, 2640 MHz, 10251 MHz
2026/09/13 12:44:53.001, NVIDIA GeForce RTX 4090, GPU-457328ff-6f8e-1f53-8cc3-68ae75d90604, 595.91.07, P2, 56, 298.54 W, 100 %, 100 %, 21532 MiB, 24564 MiB, 2640 MHz, 10251 MHz
2026/09/13 12:44:54.004, NVIDIA GeForce RTX 4090, GPU-457328ff-6f8e-1f53-8cc3-68ae75d90604, 595.91.07, P2, 56, 298.34 W, 100 %, 100 %, 21532 MiB, 24564 MiB, 2640 MHz, 10251 MHz
2026/09/13 12:44:55.006, NVIDIA GeForce RTX 4090, GPU-457328ff-6f8e-1f53-8cc3-68ae75d90604, 595.91.07, P2, 56, 298.02 W, 100 %, 100 %, 21532 MiB, 24564 MiB, 2640 MHz, 10251 MHz
2026/09/13 12:44:56.009, NVIDIA GeForce RTX 4090, GPU-457328ff-6f8e-1f53-8cc3-68ae75d90604, 595.91.07, P2, 56, 298.30 W, 100 %, 100 %, 21532 MiB, 24564 MiB, 2640 MHz, 10251 MHz
2026/09/13 12:44:57.011, NVIDIA GeForce RTX 4090, GPU-457328ff-6f8e-1f53-8cc3-68ae75d90604, 595.91.07, P2, 56, 298.24 W, 100 %, 100 %, 21532 MiB, 24564 MiB, 2640 MHz, 10251 MHz
2026/09/13 12:44:58.013, NVIDIA GeForce RTX 4090, GPU-457328ff-6f8e-1f53-8cc3-68ae75d90604, 595.91.07, P2, 56, 297.97 W, 100 %, 100 %, 21532 MiB, 24564 MiB, 2640 MHz, 10251 MHz
2026/09/13 12:44:59.015, NVIDIA GeForce RTX 4090, GPU-457328ff-6f8e-1f53-8cc3-68ae75d90604, 595.91.07, P2, 56, 298.03 W, 100 %, 100 %, 21532 MiB, 24564 MiB, 2640 MHz, 10251 MHz
2026/09/13 12:45:00.017, NVIDIA GeForce RTX 4090, GPU-457328ff-6f8e-1f53-8cc3-68ae75d90604, 595.91.07, P2, 56, 297.73 W, 100 %, 100 %, 21532 MiB, 24564 MiB, 2640 MHz, 10251 MHz
2026/09/13 12:45:01.019, NVIDIA GeForce RTX 4090, GPU-457328ff-6f8e-1f53-8cc3-68ae75d90604, 595.91.07, P2, 56, 297.66 W, 100 %, 100 %, 21532 MiB, 24564 MiB, 2640 MHz, 10251 MHz
2026/09/13 12:45:02.021, NVIDIA GeForce RTX 4090, GPU-457328ff-6f8e-1f53-8cc3-68ae75d90604, 595.91.07, P2, 56, 297.98 W, 100 %, 100 %, 21532 MiB, 24564 MiB, 2640 MHz, 10251 MHz
2026/09/13 12:45:03.023, NVIDIA GeForce RTX 4090, GPU-457328ff-6f8e-1f53-8cc3-68ae75d90604, 595.91.07, P2, 56, 298.33 W, 100 %, 100 %, 21532 MiB, 24564 MiB, 2640 MHz, 10251 MHz
2026/09/13 12:45:04.025, NVIDIA GeForce RTX 4090, GPU-457328ff-6f8e-1f53-8cc3-68ae75d90604, 595.91.07, P2, 56, 298.04 W, 100 %, 100 %, 21532 MiB, 24564 MiB, 2640 MHz, 10251 MHz
2026/09/13 12:45:05.027, NVIDIA GeForce RTX 4090, GPU-457328ff-6f8e-1f53-8cc3-68ae75d90604, 595.91.07, P2, 56, 297.95 W, 100 %, 100 %, 21532 MiB, 24564 MiB, 2640 MHz, 10251 MHz
2026/09/13 12:45:06.030, NVIDIA GeForce RTX 4090, GPU-457328ff-6f8e-1f53-8cc3-68ae75d90604, 595.91.07, P2, 56, 297.01 W, 100 %, 100 %, 21532 MiB, 24564 MiB, 2640 MHz, 10251 MHz
2026/09/13 12:45:07.265, NVIDIA GeForce RTX 4090, GPU-457328ff-6f8e-1f53-8cc3-68ae75d90604, 595.91.07, P2, 56, 297.91 W, 100 %, 100 %, 21532 MiB, 24564 MiB, 2640 MHz, 10251 MHz
2026/09/13 12:45:08.266, NVIDIA GeForce RTX 4090, GPU-457328ff-6f8e-1f53-8cc3-68ae75d90604, 595.91.07, P2, 56, 297.96 W, 100 %, 100 %, 21532 MiB, 24564 MiB, 2640 MHz, 10251 MHz
2026/09/13 12:45:09.268, NVIDIA GeForce RTX 4090, GPU-457328ff-6f8e-1f53-8cc3-68ae75d90604, 595.91.07, P2, 56, 297.85 W, 100 %, 100 %, 21532 MiB, 24564 MiB, 2640 MHz, 10251 MHz
2026/09/13 12:45:10.270, NVIDIA GeForce RTX 4090, GPU-457328ff-6f8e-1f53-8cc3-68ae75d90604, 595.91.07, P2, 56, 297.69 W, 100 %, 100 %, 21532 MiB, 24564 MiB, 2640 MHz, 10251 MHz
2026/09/13 12:45:11.273, NVIDIA GeForce RTX 4090, GPU-457328ff-6f8e-1f53-8cc3-68ae75d90604, 595.91.07, P2, 56, 297.33 W, 100 %, 100 %, 21532 MiB, 24564 MiB, 2640 MHz, 10251 MHz
2026/09/13 12:45:12.275, NVIDIA GeForce RTX 4090, GPU-457328ff-6f8e-1f53-8cc3-68ae75d90604, 595.91.07, P2, 56, 297.62 W, 100 %, 100 %, 21532 MiB, 24564 MiB, 2640 MHz, 10251 MHz
2026/09/13 12:45:13.276, NVIDIA GeForce RTX 4090, GPU-457328ff-6f8e-1f53-8cc3-68ae75d90604, 595.91.07, P2, 56, 297.41 W, 100 %, 100 %, 21532 MiB, 24564 MiB, 2640 MHz, 10251 MHz
2026/09/13 12:45:14.278, NVIDIA GeForce RTX 4090, GPU-457328ff-6f8e-1f53-8cc3-68ae75d90604, 595.91.07, P2, 56, 297.60 W, 100 %, 100 %, 21532 MiB, 24564 MiB, 2640 MHz, 10251 MHz
2026/09/13 12:45:15.280, NVIDIA GeForce RTX 4090, GPU-457328ff-6f8e-1f53-8cc3-68ae75d90604, 595.91.07, P2, 56, 297.56 W, 100 %, 100 %, 21532 MiB, 24564 MiB, 2640 MHz, 10251 MHz
2026/09/13 12:45:16.281, NVIDIA GeForce RTX 4090, GPU-457328ff-6f8e-1f53-8cc3-68ae75d90604, 595.91.07, P2, 56, 297.74 W, 100 %, 100 %, 21532 MiB, 24564 MiB, 2640 MHz, 10251 MHz
2026/09/13 12:45:17.283, NVIDIA GeForce RTX 4090, GPU-457328ff-6f8e-1f53-8cc3-68ae75d90604, 595.91.07, P2, 56, 298.18 W, 100 %, 100 %, 21532 MiB, 24564 MiB, 2640 MHz, 10251 MHz
2026/09/13 12:45:18.285, NVIDIA GeForce RTX 4090, GPU-457328ff-6f8e-1f53-8cc3-68ae75d90604, 595.91.07, P2, 56, 298.26 W, 100 %, 100 %, 21532 MiB, 24564 MiB, 2640 MHz, 10251 MHz
2026/09/13 12:45:19.287, NVIDIA GeForce RTX 4090, GPU-457328ff-6f8e-1f53-8cc3-68ae75d90604, 595.91.07, P2, 56, 297.99 W, 100 %, 100 %, 21532 MiB, 24564 MiB, 2640 MHz, 10251 MHz
2026/09/13 12:45:20.288, NVIDIA GeForce RTX 4090, GPU-457328ff-6f8e-1f53-8cc3-68ae75d90604, 595.91.07, P2, 56, 298.14 W, 100 %, 100 %, 21532 MiB, 24564 MiB, 2640 MHz, 10251 MHz
2026/09/13 12:45:21.291, NVIDIA GeForce RTX 4090, GPU-457328ff-6f8e-1f53-8cc3-68ae75d90604, 595.91.07, P2, 56, 298.07 W, 100 %, 100 %, 21532 MiB, 24564 MiB, 2640 MHz, 10251 MHz
2026/09/13 12:45:22.294, NVIDIA GeForce RTX 4090, GPU-457328ff-6f8e-1f53-8cc3-68ae75d90604, 595.91.07, P2, 56, 297.95 W, 100 %, 100 %, 21532 MiB, 24564 MiB, 2640 MHz, 10251 MHz
2026/09/13 12:45:23.296, NVIDIA GeForce RTX 4090, GPU-457328ff-6f8e-1f53-8cc3-68ae75d90604, 595.91.07, P2, 56, 298.26 W, 100 %, 100 %, 21532 MiB, 24564 MiB, 2640 MHz, 10251 MHz
2026/09/13 12:45:24.298, NVIDIA GeForce RTX 4090, GPU-457328ff-6f8e-1f53-8cc3-68ae75d90604, 595.91.07, P2, 56, 298.49 W, 100 %, 100 %, 21532 MiB, 24564 MiB, 2640 MHz, 10251 MHz
2026/09/13 12:45:25.301, NVIDIA GeForce RTX 4090, GPU-457328ff-6f8e-1f53-8cc3-68ae75d90604, 595.91.07, P2, 56, 298.59 W, 100 %, 100 %, 21532 MiB, 24564 MiB, 2640 MHz, 10251 MHz
2026/09/13 12:45:26.303, NVIDIA GeForce RTX 4090, GPU-457328ff-6f8e-1f53-8cc3-68ae75d90604, 595.91.07, P2, 56, 298.01 W, 100 %, 100 %, 21532 MiB, 24564 MiB, 2640 MHz, 10251 MHz
2026/09/13 12:45:27.305, NVIDIA GeForce RTX 4090, GPU-457328ff-6f8e-1f53-8cc3-68ae75d90604, 595.91.07, P2, 56, 297.63 W, 100 %, 100 %, 21532 MiB, 24564 MiB, 2640 MHz, 10251 MHz
2026/09/13 12:45:28.307, NVIDIA GeForce RTX 4090, GPU-457328ff-6f8e-1f53-8cc3-68ae75d90604, 595.91.07, P2, 54, 285.70 W, 33 %, 31 %, 21532 MiB, 24564 MiB, 2640 MHz, 10251 MHz
2026/09/13 12:45:29.310, NVIDIA GeForce RTX 4090, GPU-457328ff-6f8e-1f53-8cc3-68ae75d90604, 595.91.07, P2, 56, 287.08 W, 100 %, 100 %, 21532 MiB, 24564 MiB, 2640 MHz, 10251 MHz
2026/09/13 12:45:30.311, NVIDIA GeForce RTX 4090, GPU-457328ff-6f8e-1f53-8cc3-68ae75d90604, 595.91.07, P2, 56, 299.58 W, 100 %, 100 %, 21532 MiB, 24564 MiB, 2640 MHz, 10251 MHz
2026/09/13 12:45:31.313, NVIDIA GeForce RTX 4090, GPU-457328ff-6f8e-1f53-8cc3-68ae75d90604, 595.91.07, P2, 56, 299.42 W, 100 %, 100 %, 21532 MiB, 24564 MiB, 2640 MHz, 10251 MHz
2026/09/13 12:45:32.315, NVIDIA GeForce RTX 4090, GPU-457328ff-6f8e-1f53-8cc3-68ae75d90604, 595.91.07, P2, 56, 300.02 W, 100 %, 100 %, 21532 MiB, 24564 MiB, 2640 MHz, 10251 MHz
2026/09/13 12:45:33.318, NVIDIA GeForce RTX 4090, GPU-457328ff-6f8e-1f53-8cc3-68ae75d90604, 595.91.07, P2, 56, 299.54 W, 100 %, 100 %, 21532 MiB, 24564 MiB, 2640 MHz, 10251 MHz
2026/09/13 12:45:34.320, NVIDIA GeForce RTX 4090, GPU-457328ff-6f8e-1f53-8cc3-68ae75d90604, 595.91.07, P2, 56, 299.10 W, 100 %, 100 %, 21532 MiB, 24564 MiB, 2640 MHz, 10251 MHz
2026/09/13 12:45:35.322, NVIDIA GeForce RTX 4090, GPU-457328ff-6f8e-1f53-8cc3-68ae75d90604, 595.91.07, P2, 56, 299.14 W, 100 %, 100 %, 21532 MiB, 24564 MiB, 2640 MHz, 10251 MHz
2026/09/13 12:45:36.325, NVIDIA GeForce RTX 4090, GPU-457328ff-6f8e-1f53-8cc3-68ae75d90604, 595.91.07, P2, 56, 298.79 W, 100 %, 100 %, 21532 MiB, 24564 MiB, 2640 MHz, 10251 MHz
2026/09/13 12:45:37.326, NVIDIA GeForce RTX 4090, GPU-457328ff-6f8e-1f53-8cc3-68ae75d90604, 595.91.07, P2, 56, 298.33 W, 100 %, 100 %, 21532 MiB, 24564 MiB, 2640 MHz, 10251 MHz
2026/09/13 12:45:38.328, NVIDIA GeForce RTX 4090, GPU-457328ff-6f8e-1f53-8cc3-68ae75d90604, 595.91.07, P2, 56, 298.17 W, 100 %, 100 %, 21532 MiB, 24564 MiB, 2640 MHz, 10251 MHz
2026/09/13 12:45:39.331, NVIDIA GeForce RTX 4090, GPU-457328ff-6f8e-1f53-8cc3-68ae75d90604, 595.91.07, P2, 56, 298.33 W, 100 %, 100 %, 21532 MiB, 24564 MiB, 2640 MHz, 10251 MHz
2026/09/13 12:45:40.332, NVIDIA GeForce RTX 4090, GPU-457328ff-6f8e-1f53-8cc3-68ae75d90604, 595.91.07, P2, 56, 298.46 W, 100 %, 100 %, 21532 MiB, 24564 MiB, 2640 MHz, 10251 MHz
2026/09/13 12:45:41.334, NVIDIA GeForce RTX 4090, GPU-457328ff-6f8e-1f53-8cc3-68ae75d90604, 595.91.07, P2, 56, 298.55 W, 100 %, 100 %, 21532 MiB, 24564 MiB, 2640 MHz, 10251 MHz
2026/09/13 12:45:42.336, NVIDIA GeForce RTX 4090, GPU-457328ff-6f8e-1f53-8cc3-68ae75d90604, 595.91.07, P2, 56, 298.30 W, 100 %, 100 %, 21532 MiB, 24564 MiB, 2640 MHz, 10251 MHz
2026/09/13 12:45:43.338, NVIDIA GeForce RTX 4090, GPU-457328ff-6f8e-1f53-8cc3-68ae75d90604, 595.91.07, P2, 56, 297.99 W, 100 %, 100 %, 21532 MiB, 24564 MiB, 2640 MHz, 10251 MHz
2026/09/13 12:45:44.340, NVIDIA GeForce RTX 4090, GPU-457328ff-6f8e-1f53-8cc3-68ae75d90604, 595.91.07, P2, 56, 298.38 W, 100 %, 100 %, 21532 MiB, 24564 MiB, 2640 MHz, 10251 MHz
2026/09/13 12:45:45.342, NVIDIA GeForce RTX 4090, GPU-457328ff-6f8e-1f53-8cc3-68ae75d90604, 595.91.07, P2, 56, 298.53 W, 100 %, 100 %, 21532 MiB, 24564 MiB, 2640 MHz, 10251 MHz
2026/09/13 12:45:46.345, NVIDIA GeForce RTX 4090, GPU-457328ff-6f8e-1f53-8cc3-68ae75d90604, 595.91.07, P2, 56, 289.18 W, 100 %, 100 %, 21532 MiB, 24564 MiB, 2640 MHz, 10251 MHz
2026/09/13 12:45:47.347, NVIDIA GeForce RTX 4090, GPU-457328ff-6f8e-1f53-8cc3-68ae75d90604, 595.91.07, P2, 56, 300.28 W, 100 %, 100 %, 21532 MiB, 24564 MiB, 2640 MHz, 10251 MHz
2026/09/13 12:45:48.349, NVIDIA GeForce RTX 4090, GPU-457328ff-6f8e-1f53-8cc3-68ae75d90604, 595.91.07, P2, 56, 300.43 W, 100 %, 100 %, 21532 MiB, 24564 MiB, 2640 MHz, 10251 MHz
2026/09/13 12:45:49.352, NVIDIA GeForce RTX 4090, GPU-457328ff-6f8e-1f53-8cc3-68ae75d90604, 595.91.07, P2, 56, 300.38 W, 100 %, 100 %, 21532 MiB, 24564 MiB, 2640 MHz, 10251 MHz
2026/09/13 12:45:50.354, NVIDIA GeForce RTX 4090, GPU-457328ff-6f8e-1f53-8cc3-68ae75d90604, 595.91.07, P2, 56, 300.36 W, 100 %, 100 %, 21532 MiB, 24564 MiB, 2640 MHz, 10251 MHz
2026/09/13 12:45:51.356, NVIDIA GeForce RTX 4090, GPU-457328ff-6f8e-1f53-8cc3-68ae75d90604, 595.91.07, P2, 56, 300.06 W, 100 %, 100 %, 21532 MiB, 24564 MiB, 2640 MHz, 10251 MHz
2026/09/13 12:45:52.359, NVIDIA GeForce RTX 4090, GPU-457328ff-6f8e-1f53-8cc3-68ae75d90604, 595.91.07, P2, 56, 299.77 W, 100 %, 100 %, 21532 MiB, 24564 MiB, 2640 MHz, 10251 MHz
2026/09/13 12:45:53.361, NVIDIA GeForce RTX 4090, GPU-457328ff-6f8e-1f53-8cc3-68ae75d90604, 595.91.07, P2, 56, 299.34 W, 100 %, 100 %, 21532 MiB, 24564 MiB, 2640 MHz, 10251 MHz
2026/09/13 12:45:54.363, NVIDIA GeForce RTX 4090, GPU-457328ff-6f8e-1f53-8cc3-68ae75d90604, 595.91.07, P2, 56, 299.25 W, 100 %, 100 %, 21532 MiB, 24564 MiB, 2640 MHz, 10251 MHz
2026/09/13 12:45:55.365, NVIDIA GeForce RTX 4090, GPU-457328ff-6f8e-1f53-8cc3-68ae75d90604, 595.91.07, P2, 56, 298.90 W, 100 %, 100 %, 21532 MiB, 24564 MiB, 2640 MHz, 10251 MHz
2026/09/13 12:45:56.368, NVIDIA GeForce RTX 4090, GPU-457328ff-6f8e-1f53-8cc3-68ae75d90604, 595.91.07, P2, 56, 298.88 W, 100 %, 100 %, 21532 MiB, 24564 MiB, 2640 MHz, 10251 MHz
2026/09/13 12:45:57.370, NVIDIA GeForce RTX 4090, GPU-457328ff-6f8e-1f53-8cc3-68ae75d90604, 595.91.07, P2, 56, 298.81 W, 100 %, 100 %, 21532 MiB, 24564 MiB, 2640 MHz, 10251 MHz
2026/09/13 12:45:58.372, NVIDIA GeForce RTX 4090, GPU-457328ff-6f8e-1f53-8cc3-68ae75d90604, 595.91.07, P2, 56, 298.71 W, 100 %, 100 %, 21532 MiB, 24564 MiB, 2640 MHz, 10251 MHz
2026/09/13 12:45:59.373, NVIDIA GeForce RTX 4090, GPU-457328ff-6f8e-1f53-8cc3-68ae75d90604, 595.91.07, P2, 56, 298.54 W, 100 %, 100 %, 21532 MiB, 24564 MiB, 2640 MHz, 10251 MHz
2026/09/13 12:46:00.375, NVIDIA GeForce RTX 4090, GPU-457328ff-6f8e-1f53-8cc3-68ae75d90604, 595.91.07, P2, 56, 298.49 W, 100 %, 100 %, 21532 MiB, 24564 MiB, 2640 MHz, 10251 MHz
2026/09/13 12:46:01.378, NVIDIA GeForce RTX 4090, GPU-457328ff-6f8e-1f53-8cc3-68ae75d90604, 595.91.07, P2, 56, 298.52 W, 100 %, 100 %, 21532 MiB, 24564 MiB, 2640 MHz, 10251 MHz
2026/09/13 12:46:02.380, NVIDIA GeForce RTX 4090, GPU-457328ff-6f8e-1f53-8cc3-68ae75d90604, 595.91.07, P2, 56, 298.61 W, 100 %, 100 %, 21532 MiB, 24564 MiB, 2640 MHz, 10251 MHz
2026/09/13 12:46:03.382, NVIDIA GeForce RTX 4090, GPU-457328ff-6f8e-1f53-8cc3-68ae75d90604, 595.91.07, P2, 56, 289.78 W, 100 %, 100 %, 21532 MiB, 24564 MiB, 2640 MHz, 10251 MHz
2026/09/13 12:46:04.383, NVIDIA GeForce RTX 4090, GPU-457328ff-6f8e-1f53-8cc3-68ae75d90604, 595.91.07, P2, 56, 300.63 W, 100 %, 100 %, 21532 MiB, 24564 MiB, 2640 MHz, 10251 MHz
2026/09/13 12:46:05.386, NVIDIA GeForce RTX 4090, GPU-457328ff-6f8e-1f53-8cc3-68ae75d90604, 595.91.07, P2, 56, 300.56 W, 100 %, 100 %, 21532 MiB, 24564 MiB, 2640 MHz, 10251 MHz
2026/09/13 12:46:06.389, NVIDIA GeForce RTX 4090, GPU-457328ff-6f8e-1f53-8cc3-68ae75d90604, 595.91.07, P2, 56, 300.24 W, 100 %, 100 %, 21532 MiB, 24564 MiB, 2640 MHz, 10251 MHz
2026/09/13 12:46:07.391, NVIDIA GeForce RTX 4090, GPU-457328ff-6f8e-1f53-8cc3-68ae75d90604, 595.91.07, P2, 56, 300.43 W, 100 %, 100 %, 21532 MiB, 24564 MiB, 2640 MHz, 10251 MHz
2026/09/13 12:46:08.394, NVIDIA GeForce RTX 4090, GPU-457328ff-6f8e-1f53-8cc3-68ae75d90604, 595.91.07, P2, 56, 300.16 W, 100 %, 100 %, 21532 MiB, 24564 MiB, 2640 MHz, 10251 MHz
2026/09/13 12:46:09.396, NVIDIA GeForce RTX 4090, GPU-457328ff-6f8e-1f53-8cc3-68ae75d90604, 595.91.07, P2, 56, 299.96 W, 100 %, 100 %, 21532 MiB, 24564 MiB, 2640 MHz, 10251 MHz
2026/09/13 12:46:10.399, NVIDIA GeForce RTX 4090, GPU-457328ff-6f8e-1f53-8cc3-68ae75d90604, 595.91.07, P2, 56, 299.62 W, 100 %, 100 %, 21532 MiB, 24564 MiB, 2640 MHz, 10251 MHz
2026/09/13 12:46:11.401, NVIDIA GeForce RTX 4090, GPU-457328ff-6f8e-1f53-8cc3-68ae75d90604, 595.91.07, P2, 56, 299.40 W, 100 %, 100 %, 21532 MiB, 24564 MiB, 2640 MHz, 10251 MHz
2026/09/13 12:46:12.404, NVIDIA GeForce RTX 4090, GPU-457328ff-6f8e-1f53-8cc3-68ae75d90604, 595.91.07, P2, 56, 299.41 W, 100 %, 100 %, 21532 MiB, 24564 MiB, 2640 MHz, 10251 MHz
2026/09/13 12:46:13.405, NVIDIA GeForce RTX 4090, GPU-457328ff-6f8e-1f53-8cc3-68ae75d90604, 595.91.07, P2, 56, 299.00 W, 100 %, 100 %, 21532 MiB, 24564 MiB, 2640 MHz, 10251 MHz
2026/09/13 12:46:14.406, NVIDIA GeForce RTX 4090, GPU-457328ff-6f8e-1f53-8cc3-68ae75d90604, 595.91.07, P2, 56, 298.74 W, 100 %, 100 %, 21532 MiB, 24564 MiB, 2640 MHz, 10251 MHz
2026/09/13 12:46:15.407, NVIDIA GeForce RTX 4090, GPU-457328ff-6f8e-1f53-8cc3-68ae75d90604, 595.91.07, P2, 56, 298.58 W, 100 %, 100 %, 21532 MiB, 24564 MiB, 2640 MHz, 10251 MHz
2026/09/13 12:46:16.410, NVIDIA GeForce RTX 4090, GPU-457328ff-6f8e-1f53-8cc3-68ae75d90604, 595.91.07, P2, 56, 298.22 W, 100 %, 100 %, 21532 MiB, 24564 MiB, 2640 MHz, 10251 MHz
2026/09/13 12:46:17.413, NVIDIA GeForce RTX 4090, GPU-457328ff-6f8e-1f53-8cc3-68ae75d90604, 595.91.07, P2, 56, 298.36 W, 100 %, 100 %, 21532 MiB, 24564 MiB, 2640 MHz, 10251 MHz
2026/09/13 12:46:18.415, NVIDIA GeForce RTX 4090, GPU-457328ff-6f8e-1f53-8cc3-68ae75d90604, 595.91.07, P2, 56, 298.51 W, 100 %, 100 %, 21532 MiB, 24564 MiB, 2640 MHz, 10251 MHz
2026/09/13 12:46:19.417, NVIDIA GeForce RTX 4090, GPU-457328ff-6f8e-1f53-8cc3-68ae75d90604, 595.91.07, P2, 56, 298.72 W, 100 %, 100 %, 21532 MiB, 24564 MiB, 2640 MHz, 10251 MHz
2026/09/13 12:46:20.419, NVIDIA GeForce RTX 4090, GPU-457328ff-6f8e-1f53-8cc3-68ae75d90604, 595.91.07, P2, 56, 298.64 W, 100 %, 100 %, 21532 MiB, 24564 MiB, 2640 MHz, 10251 MHz
2026/09/13 12:46:21.421, NVIDIA GeForce RTX 4090, GPU-457328ff-6f8e-1f53-8cc3-68ae75d90604, 595.91.07, P2, 56, 298.33 W, 100 %, 100 %, 21532 MiB, 24564 MiB, 2640 MHz, 10251 MHz
2026/09/13 12:46:22.423, NVIDIA GeForce RTX 4090, GPU-457328ff-6f8e-1f53-8cc3-68ae75d90604, 595.91.07, P2, 56, 298.15 W, 100 %, 100 %, 21532 MiB, 24564 MiB, 2640 MHz, 10251 MHz
2026/09/13 12:46:23.426, NVIDIA GeForce RTX 4090, GPU-457328ff-6f8e-1f53-8cc3-68ae75d90604, 595.91.07, P2, 56, 298.31 W, 100 %, 100 %, 21532 MiB, 24564 MiB, 2640 MHz, 10251 MHz
2026/09/13 12:46:24.428, NVIDIA GeForce RTX 4090, GPU-457328ff-6f8e-1f53-8cc3-68ae75d90604, 595.91.07, P2, 56, 298.09 W, 100 %, 100 %, 21532 MiB, 24564 MiB, 2640 MHz, 10251 MHz
2026/09/13 12:46:25.430, NVIDIA GeForce RTX 4090, GPU-457328ff-6f8e-1f53-8cc3-68ae75d90604, 595.91.07, P2, 56, 297.92 W, 100 %, 100 %, 21532 MiB, 24564 MiB, 2640 MHz, 10251 MHz
2026/09/13 12:46:26.432, NVIDIA GeForce RTX 4090, GPU-457328ff-6f8e-1f53-8cc3-68ae75d90604, 595.91.07, P2, 56, 298.02 W, 100 %, 100 %, 21532 MiB, 24564 MiB, 2640 MHz, 10251 MHz
2026/09/13 12:46:27.435, NVIDIA GeForce RTX 4090, GPU-457328ff-6f8e-1f53-8cc3-68ae75d90604, 595.91.07, P2, 56, 298.13 W, 100 %, 100 %, 21532 MiB, 24564 MiB, 2640 MHz, 10251 MHz
2026/09/13 12:46:28.436, NVIDIA GeForce RTX 4090, GPU-457328ff-6f8e-1f53-8cc3-68ae75d90604, 595.91.07, P2, 56, 298.08 W, 100 %, 100 %, 21532 MiB, 24564 MiB, 2640 MHz, 10251 MHz
2026/09/13 12:46:29.438, NVIDIA GeForce RTX 4090, GPU-457328ff-6f8e-1f53-8cc3-68ae75d90604, 595.91.07, P2, 56, 298.26 W, 100 %, 100 %, 21532 MiB, 24564 MiB, 2640 MHz, 10251 MHz
2026/09/13 12:46:30.440, NVIDIA GeForce RTX 4090, GPU-457328ff-6f8e-1f53-8cc3-68ae75d90604, 595.91.07, P2, 56, 298.06 W, 100 %, 100 %, 21532 MiB, 24564 MiB, 2640 MHz, 10251 MHz
2026/09/13 12:46:31.443, NVIDIA GeForce RTX 4090, GPU-457328ff-6f8e-1f53-8cc3-68ae75d90604, 595.91.07, P2, 56, 298.45 W, 100 %, 100 %, 21532 MiB, 24564 MiB, 2640 MHz, 10251 MHz
2026/09/13 12:46:32.445, NVIDIA GeForce RTX 4090, GPU-457328ff-6f8e-1f53-8cc3-68ae75d90604, 595.91.07, P2, 56, 298.31 W, 100 %, 100 %, 21532 MiB, 24564 MiB, 2640 MHz, 10251 MHz
2026/09/13 12:46:33.447, NVIDIA GeForce RTX 4090, GPU-457328ff-6f8e-1f53-8cc3-68ae75d90604, 595.91.07, P2, 56, 290.12 W, 100 %, 100 %, 21532 MiB, 24564 MiB, 2640 MHz, 10251 MHz
2026/09/13 12:46:34.449, NVIDIA GeForce RTX 4090, GPU-457328ff-6f8e-1f53-8cc3-68ae75d90604, 595.91.07, P2, 56, 299.77 W, 100 %, 100 %, 21532 MiB, 24564 MiB, 2640 MHz, 10251 MHz
2026/09/13 12:46:35.451, NVIDIA GeForce RTX 4090, GPU-457328ff-6f8e-1f53-8cc3-68ae75d90604, 595.91.07, P2, 56, 300.09 W, 100 %, 100 %, 21532 MiB, 24564 MiB, 2640 MHz, 10251 MHz
2026/09/13 12:46:36.453, NVIDIA GeForce RTX 4090, GPU-457328ff-6f8e-1f53-8cc3-68ae75d90604, 595.91.07, P2, 56, 300.47 W, 100 %, 100 %, 21532 MiB, 24564 MiB, 2640 MHz, 10251 MHz
2026/09/13 12:46:37.455, NVIDIA GeForce RTX 4090, GPU-457328ff-6f8e-1f53-8cc3-68ae75d90604, 595.91.07, P2, 56, 300.00 W, 100 %, 100 %, 21532 MiB, 24564 MiB, 2640 MHz, 10251 MHz
2026/09/13 12:46:38.457, NVIDIA GeForce RTX 4090, GPU-457328ff-6f8e-1f53-8cc3-68ae75d90604, 595.91.07, P2, 56, 299.93 W, 100 %, 100 %, 21532 MiB, 24564 MiB, 2640 MHz, 10251 MHz
2026/09/13 12:46:39.459, NVIDIA GeForce RTX 4090, GPU-457328ff-6f8e-1f53-8cc3-68ae75d90604, 595.91.07, P2, 56, 299.18 W, 100 %, 100 %, 21532 MiB, 24564 MiB, 2640 MHz, 10251 MHz
2026/09/13 12:46:40.462, NVIDIA GeForce RTX 4090, GPU-457328ff-6f8e-1f53-8cc3-68ae75d90604, 595.91.07, P2, 56, 298.82 W, 100 %, 100 %, 21532 MiB, 24564 MiB, 2640 MHz, 10251 MHz
2026/09/13 12:46:41.464, NVIDIA GeForce RTX 4090, GPU-457328ff-6f8e-1f53-8cc3-68ae75d90604, 595.91.07, P2, 56, 298.43 W, 100 %, 100 %, 21532 MiB, 24564 MiB, 2640 MHz, 10251 MHz
2026/09/13 12:46:42.466, NVIDIA GeForce RTX 4090, GPU-457328ff-6f8e-1f53-8cc3-68ae75d90604, 595.91.07, P2, 56, 298.70 W, 100 %, 100 %, 21532 MiB, 24564 MiB, 2640 MHz, 10251 MHz
2026/09/13 12:46:43.468, NVIDIA GeForce RTX 4090, GPU-457328ff-6f8e-1f53-8cc3-68ae75d90604, 595.91.07, P2, 56, 298.66 W, 100 %, 100 %, 21532 MiB, 24564 MiB, 2640 MHz, 10251 MHz
2026/09/13 12:46:44.470, NVIDIA GeForce RTX 4090, GPU-457328ff-6f8e-1f53-8cc3-68ae75d90604, 595.91.07, P2, 56, 298.50 W, 100 %, 100 %, 21532 MiB, 24564 MiB, 2640 MHz, 10251 MHz
2026/09/13 12:46:45.471, NVIDIA GeForce RTX 4090, GPU-457328ff-6f8e-1f53-8cc3-68ae75d90604, 595.91.07, P2, 56, 298.30 W, 100 %, 100 %, 21532 MiB, 24564 MiB, 2640 MHz, 10251 MHz
2026/09/13 12:46:46.474, NVIDIA GeForce RTX 4090, GPU-457328ff-6f8e-1f53-8cc3-68ae75d90604, 595.91.07, P2, 56, 298.09 W, 100 %, 100 %, 21532 MiB, 24564 MiB, 2640 MHz, 10251 MHz
2026/09/13 12:46:47.477, NVIDIA GeForce RTX 4090, GPU-457328ff-6f8e-1f53-8cc3-68ae75d90604, 595.91.07, P2, 56, 298.00 W, 100 %, 100 %, 21532 MiB, 24564 MiB, 2640 MHz, 10251 MHz
2026/09/13 12:46:48.478, NVIDIA GeForce RTX 4090, GPU-457328ff-6f8e-1f53-8cc3-68ae75d90604, 595.91.07, P2, 56, 298.11 W, 100 %, 100 %, 21532 MiB, 24564 MiB, 2640 MHz, 10251 MHz
2026/09/13 12:46:49.481, NVIDIA GeForce RTX 4090, GPU-457328ff-6f8e-1f53-8cc3-68ae75d90604, 595.91.07, P2, 56, 298.11 W, 100 %, 100 %, 21532 MiB, 24564 MiB, 2640 MHz, 10251 MHz
2026/09/13 12:46:50.484, NVIDIA GeForce RTX 4090, GPU-457328ff-6f8e-1f53-8cc3-68ae75d90604, 595.91.07, P2, 56, 297.95 W, 100 %, 100 %, 21532 MiB, 24564 MiB, 2640 MHz, 10251 MHz
2026/09/13 12:46:51.486, NVIDIA GeForce RTX 4090, GPU-457328ff-6f8e-1f53-8cc3-68ae75d90604, 595.91.07, P2, 56, 298.24 W, 100 %, 100 %, 21532 MiB, 24564 MiB, 2640 MHz, 10251 MHz
2026/09/13 12:46:52.489, NVIDIA GeForce RTX 4090, GPU-457328ff-6f8e-1f53-8cc3-68ae75d90604, 595.91.07, P2, 56, 298.13 W, 100 %, 100 %, 21532 MiB, 24564 MiB, 2640 MHz, 10251 MHz
2026/09/13 12:46:53.491, NVIDIA GeForce RTX 4090, GPU-457328ff-6f8e-1f53-8cc3-68ae75d90604, 595.91.07, P2, 56, 297.90 W, 100 %, 100 %, 21532 MiB, 24564 MiB, 2640 MHz, 10251 MHz
2026/09/13 12:46:54.493, NVIDIA GeForce RTX 4090, GPU-457328ff-6f8e-1f53-8cc3-68ae75d90604, 595.91.07, P2, 56, 298.15 W, 100 %, 100 %, 21532 MiB, 24564 MiB, 2640 MHz, 10251 MHz
2026/09/13 12:46:55.494, NVIDIA GeForce RTX 4090, GPU-457328ff-6f8e-1f53-8cc3-68ae75d90604, 595.91.07, P2, 56, 290.69 W, 100 %, 100 %, 21532 MiB, 24564 MiB, 2640 MHz, 10251 MHz
2026/09/13 12:46:56.496, NVIDIA GeForce RTX 4090, GPU-457328ff-6f8e-1f53-8cc3-68ae75d90604, 595.91.07, P2, 56, 300.77 W, 100 %, 100 %, 21532 MiB, 24564 MiB, 2640 MHz, 10251 MHz
2026/09/13 12:46:57.498, NVIDIA GeForce RTX 4090, GPU-457328ff-6f8e-1f53-8cc3-68ae75d90604, 595.91.07, P2, 56, 300.72 W, 100 %, 100 %, 21532 MiB, 24564 MiB, 2640 MHz, 10251 MHz
2026/09/13 12:46:58.501, NVIDIA GeForce RTX 4090, GPU-457328ff-6f8e-1f53-8cc3-68ae75d90604, 595.91.07, P2, 56, 300.20 W, 100 %, 100 %, 21532 MiB, 24564 MiB, 2640 MHz, 10251 MHz
2026/09/13 12:46:59.503, NVIDIA GeForce RTX 4090, GPU-457328ff-6f8e-1f53-8cc3-68ae75d90604, 595.91.07, P2, 56, 299.83 W, 100 %, 100 %, 21532 MiB, 24564 MiB, 2640 MHz, 10251 MHz
2026/09/13 12:47:00.505, NVIDIA GeForce RTX 4090, GPU-457328ff-6f8e-1f53-8cc3-68ae75d90604, 595.91.07, P2, 56, 299.81 W, 100 %, 100 %, 21532 MiB, 24564 MiB, 2640 MHz, 10251 MHz
2026/09/13 12:47:01.507, NVIDIA GeForce RTX 4090, GPU-457328ff-6f8e-1f53-8cc3-68ae75d90604, 595.91.07, P2, 56, 299.47 W, 100 %, 100 %, 21532 MiB, 24564 MiB, 2640 MHz, 10251 MHz
2026/09/13 12:47:02.509, NVIDIA GeForce RTX 4090, GPU-457328ff-6f8e-1f53-8cc3-68ae75d90604, 595.91.07, P2, 56, 299.15 W, 100 %, 100 %, 21532 MiB, 24564 MiB, 2640 MHz, 10251 MHz
2026/09/13 12:47:03.511, NVIDIA GeForce RTX 4090, GPU-457328ff-6f8e-1f53-8cc3-68ae75d90604, 595.91.07, P2, 56, 298.82 W, 100 %, 100 %, 21532 MiB, 24564 MiB, 2640 MHz, 10251 MHz
2026/09/13 12:47:04.513, NVIDIA GeForce RTX 4090, GPU-457328ff-6f8e-1f53-8cc3-68ae75d90604, 595.91.07, P2, 56, 298.66 W, 100 %, 100 %, 21532 MiB, 24564 MiB, 2640 MHz, 10251 MHz
2026/09/13 12:47:05.516, NVIDIA GeForce RTX 4090, GPU-457328ff-6f8e-1f53-8cc3-68ae75d90604, 595.91.07, P2, 56, 298.46 W, 100 %, 100 %, 21532 MiB, 24564 MiB, 2640 MHz, 10251 MHz
2026/09/13 12:47:06.518, NVIDIA GeForce RTX 4090, GPU-457328ff-6f8e-1f53-8cc3-68ae75d90604, 595.91.07, P2, 56, 298.12 W, 100 %, 100 %, 21532 MiB, 24564 MiB, 2640 MHz, 10251 MHz
2026/09/13 12:47:07.520, NVIDIA GeForce RTX 4090, GPU-457328ff-6f8e-1f53-8cc3-68ae75d90604, 595.91.07, P2, 56, 298.31 W, 100 %, 100 %, 21532 MiB, 24564 MiB, 2640 MHz, 10251 MHz
2026/09/13 12:47:08.521, NVIDIA GeForce RTX 4090, GPU-457328ff-6f8e-1f53-8cc3-68ae75d90604, 595.91.07, P2, 56, 298.43 W, 100 %, 100 %, 21532 MiB, 24564 MiB, 2640 MHz, 10251 MHz
2026/09/13 12:47:09.524, NVIDIA GeForce RTX 4090, GPU-457328ff-6f8e-1f53-8cc3-68ae75d90604, 595.91.07, P2, 56, 298.47 W, 100 %, 100 %, 21532 MiB, 24564 MiB, 2640 MHz, 10251 MHz
2026/09/13 12:47:10.525, NVIDIA GeForce RTX 4090, GPU-457328ff-6f8e-1f53-8cc3-68ae75d90604, 595.91.07, P2, 56, 298.49 W, 100 %, 100 %, 21532 MiB, 24564 MiB, 2640 MHz, 10251 MHz
2026/09/13 12:47:11.527, NVIDIA GeForce RTX 4090, GPU-457328ff-6f8e-1f53-8cc3-68ae75d90604, 595.91.07, P2, 56, 298.67 W, 100 %, 100 %, 21532 MiB, 24564 MiB, 2640 MHz, 10251 MHz
2026/09/13 12:47:12.529, NVIDIA GeForce RTX 4090, GPU-457328ff-6f8e-1f53-8cc3-68ae75d90604, 595.91.07, P2, 56, 298.71 W, 100 %, 100 %, 21532 MiB, 24564 MiB, 2640 MHz, 10251 MHz
2026/09/13 12:47:13.531, NVIDIA GeForce RTX 4090, GPU-457328ff-6f8e-1f53-8cc3-68ae75d90604, 595.91.07, P2, 56, 298.73 W, 100 %, 100 %, 21532 MiB, 24564 MiB, 2640 MHz, 10251 MHz
2026/09/13 12:47:14.533, NVIDIA GeForce RTX 4090, GPU-457328ff-6f8e-1f53-8cc3-68ae75d90604, 595.91.07, P2, 56, 298.70 W, 100 %, 100 %, 21532 MiB, 24564 MiB, 2640 MHz, 10251 MHz
2026/09/13 12:47:15.534, NVIDIA GeForce RTX 4090, GPU-457328ff-6f8e-1f53-8cc3-68ae75d90604, 595.91.07, P2, 56, 298.83 W, 100 %, 100 %, 21532 MiB, 24564 MiB, 2640 MHz, 10251 MHz
2026/09/13 12:47:16.535, NVIDIA GeForce RTX 4090, GPU-457328ff-6f8e-1f53-8cc3-68ae75d90604, 595.91.07, P2, 56, 299.06 W, 100 %, 100 %, 21532 MiB, 24564 MiB, 2640 MHz, 10251 MHz
2026/09/13 12:47:17.537, NVIDIA GeForce RTX 4090, GPU-457328ff-6f8e-1f53-8cc3-68ae75d90604, 595.91.07, P2, 56, 298.83 W, 100 %, 100 %, 21532 MiB, 24564 MiB, 2640 MHz, 10251 MHz
2026/09/13 12:47:18.540, NVIDIA GeForce RTX 4090, GPU-457328ff-6f8e-1f53-8cc3-68ae75d90604, 595.91.07, P2, 56, 298.80 W, 100 %, 100 %, 21532 MiB, 24564 MiB, 2640 MHz, 10251 MHz
2026/09/13 12:47:19.542, NVIDIA GeForce RTX 4090, GPU-457328ff-6f8e-1f53-8cc3-68ae75d90604, 595.91.07, P2, 56, 299.19 W, 100 %, 100 %, 21532 MiB, 24564 MiB, 2640 MHz, 10251 MHz
2026/09/13 12:47:20.544, NVIDIA GeForce RTX 4090, GPU-457328ff-6f8e-1f53-8cc3-68ae75d90604, 595.91.07, P2, 56, 299.12 W, 100 %, 100 %, 21532 MiB, 24564 MiB, 2640 MHz, 10251 MHz
2026/09/13 12:47:21.546, NVIDIA GeForce RTX 4090, GPU-457328ff-6f8e-1f53-8cc3-68ae75d90604, 595.91.07, P2, 56, 298.92 W, 100 %, 100 %, 21532 MiB, 24564 MiB, 2640 MHz, 10251 MHz
2026/09/13 12:47:22.548, NVIDIA GeForce RTX 4090, GPU-457328ff-6f8e-1f53-8cc3-68ae75d90604, 595.91.07, P2, 56, 298.77 W, 100 %, 100 %, 21532 MiB, 24564 MiB, 2640 MHz, 10251 MHz
2026/09/13 12:47:23.550, NVIDIA GeForce RTX 4090, GPU-457328ff-6f8e-1f53-8cc3-68ae75d90604, 595.91.07, P2, 56, 298.95 W, 100 %, 100 %, 21532 MiB, 24564 MiB, 2640 MHz, 10251 MHz
2026/09/13 12:47:24.552, NVIDIA GeForce RTX 4090, GPU-457328ff-6f8e-1f53-8cc3-68ae75d90604, 595.91.07, P2, 56, 298.90 W, 100 %, 100 %, 21532 MiB, 24564 MiB, 2640 MHz, 10251 MHz
2026/09/13 12:47:25.555, NVIDIA GeForce RTX 4090, GPU-457328ff-6f8e-1f53-8cc3-68ae75d90604, 595.91.07, P2, 56, 298.76 W, 100 %, 100 %, 21532 MiB, 24564 MiB, 2640 MHz, 10251 MHz
2026/09/13 12:47:26.556, NVIDIA GeForce RTX 4090, GPU-457328ff-6f8e-1f53-8cc3-68ae75d90604, 595.91.07, P2, 56, 298.55 W, 100 %, 100 %, 21532 MiB, 24564 MiB, 2640 MHz, 10251 MHz
2026/09/13 12:47:27.558, NVIDIA GeForce RTX 4090, GPU-457328ff-6f8e-1f53-8cc3-68ae75d90604, 595.91.07, P2, 56, 298.81 W, 100 %, 100 %, 21532 MiB, 24564 MiB, 2640 MHz, 10251 MHz
2026/09/13 12:47:28.560, NVIDIA GeForce RTX 4090, GPU-457328ff-6f8e-1f53-8cc3-68ae75d90604, 595.91.07, P2, 56, 298.73 W, 100 %, 100 %, 21532 MiB, 24564 MiB, 2640 MHz, 10251 MHz
2026/09/13 12:47:29.563, NVIDIA GeForce RTX 4090, GPU-457328ff-6f8e-1f53-8cc3-68ae75d90604, 595.91.07, P2, 56, 298.97 W, 100 %, 100 %, 21532 MiB, 24564 MiB, 2640 MHz, 10251 MHz
2026/09/13 12:47:30.564, NVIDIA GeForce RTX 4090, GPU-457328ff-6f8e-1f53-8cc3-68ae75d90604, 595.91.07, P2, 56, 299.16 W, 100 %, 100 %, 21532 MiB, 24564 MiB, 2640 MHz, 10251 MHz
2026/09/13 12:47:31.567, NVIDIA GeForce RTX 4090, GPU-457328ff-6f8e-1f53-8cc3-68ae75d90604, 595.91.07, P2, 53, 207.29 W, 1 %, 0 %, 21532 MiB, 24564 MiB, 2640 MHz, 10251 MHz
2026/09/13 12:47:32.569, NVIDIA GeForce RTX 4090, GPU-457328ff-6f8e-1f53-8cc3-68ae75d90604, 595.91.07, P2, 56, 272.77 W, 100 %, 100 %, 21532 MiB, 24564 MiB, 2640 MHz, 10251 MHz
2026/09/13 12:47:33.571, NVIDIA GeForce RTX 4090, GPU-457328ff-6f8e-1f53-8cc3-68ae75d90604, 595.91.07, P2, 56, 300.03 W, 100 %, 100 %, 21532 MiB, 24564 MiB, 2640 MHz, 10251 MHz
2026/09/13 12:47:34.573, NVIDIA GeForce RTX 4090, GPU-457328ff-6f8e-1f53-8cc3-68ae75d90604, 595.91.07, P2, 56, 300.26 W, 100 %, 100 %, 21532 MiB, 24564 MiB, 2640 MHz, 10251 MHz
2026/09/13 12:47:35.575, NVIDIA GeForce RTX 4090, GPU-457328ff-6f8e-1f53-8cc3-68ae75d90604, 595.91.07, P2, 56, 300.17 W, 100 %, 100 %, 21532 MiB, 24564 MiB, 2640 MHz, 10251 MHz
2026/09/13 12:47:36.578, NVIDIA GeForce RTX 4090, GPU-457328ff-6f8e-1f53-8cc3-68ae75d90604, 595.91.07, P2, 56, 299.98 W, 100 %, 100 %, 21532 MiB, 24564 MiB, 2640 MHz, 10251 MHz
2026/09/13 12:47:37.580, NVIDIA GeForce RTX 4090, GPU-457328ff-6f8e-1f53-8cc3-68ae75d90604, 595.91.07, P2, 56, 299.97 W, 100 %, 100 %, 21532 MiB, 24564 MiB, 2640 MHz, 10251 MHz
2026/09/13 12:47:38.582, NVIDIA GeForce RTX 4090, GPU-457328ff-6f8e-1f53-8cc3-68ae75d90604, 595.91.07, P2, 56, 299.64 W, 100 %, 100 %, 21532 MiB, 24564 MiB, 2640 MHz, 10251 MHz
2026/09/13 12:47:39.585, NVIDIA GeForce RTX 4090, GPU-457328ff-6f8e-1f53-8cc3-68ae75d90604, 595.91.07, P2, 56, 299.67 W, 100 %, 100 %, 21532 MiB, 24564 MiB, 2640 MHz, 10251 MHz
2026/09/13 12:47:40.588, NVIDIA GeForce RTX 4090, GPU-457328ff-6f8e-1f53-8cc3-68ae75d90604, 595.91.07, P2, 56, 299.45 W, 100 %, 100 %, 21532 MiB, 24564 MiB, 2640 MHz, 10251 MHz
2026/09/13 12:47:41.590, NVIDIA GeForce RTX 4090, GPU-457328ff-6f8e-1f53-8cc3-68ae75d90604, 595.91.07, P2, 56, 298.98 W, 100 %, 100 %, 21532 MiB, 24564 MiB, 2640 MHz, 10251 MHz
2026/09/13 12:47:42.592, NVIDIA GeForce RTX 4090, GPU-457328ff-6f8e-1f53-8cc3-68ae75d90604, 595.91.07, P2, 56, 298.82 W, 100 %, 100 %, 21532 MiB, 24564 MiB, 2640 MHz, 10251 MHz
2026/09/13 12:47:43.594, NVIDIA GeForce RTX 4090, GPU-457328ff-6f8e-1f53-8cc3-68ae75d90604, 595.91.07, P2, 56, 299.02 W, 100 %, 100 %, 21532 MiB, 24564 MiB, 2640 MHz, 10251 MHz
2026/09/13 12:47:44.597, NVIDIA GeForce RTX 4090, GPU-457328ff-6f8e-1f53-8cc3-68ae75d90604, 595.91.07, P2, 56, 299.11 W, 100 %, 100 %, 21532 MiB, 24564 MiB, 2640 MHz, 10251 MHz
2026/09/13 12:47:45.598, NVIDIA GeForce RTX 4090, GPU-457328ff-6f8e-1f53-8cc3-68ae75d90604, 595.91.07, P2, 56, 293.19 W, 100 %, 100 %, 21532 MiB, 24564 MiB, 2640 MHz, 10251 MHz
2026/09/13 12:47:46.600, NVIDIA GeForce RTX 4090, GPU-457328ff-6f8e-1f53-8cc3-68ae75d90604, 595.91.07, P2, 56, 299.92 W, 100 %, 100 %, 21532 MiB, 24564 MiB, 2640 MHz, 10251 MHz
2026/09/13 12:47:47.606, NVIDIA GeForce RTX 4090, GPU-457328ff-6f8e-1f53-8cc3-68ae75d90604, 595.91.07, P2, 56, 300.00 W, 100 %, 100 %, 21532 MiB, 24564 MiB, 2640 MHz, 10251 MHz
2026/09/13 12:47:48.609, NVIDIA GeForce RTX 4090, GPU-457328ff-6f8e-1f53-8cc3-68ae75d90604, 595.91.07, P2, 56, 300.30 W, 100 %, 100 %, 21532 MiB, 24564 MiB, 2640 MHz, 10251 MHz
2026/09/13 12:47:49.611, NVIDIA GeForce RTX 4090, GPU-457328ff-6f8e-1f53-8cc3-68ae75d90604, 595.91.07, P2, 56, 300.10 W, 100 %, 100 %, 21532 MiB, 24564 MiB, 2640 MHz, 10251 MHz
2026/09/13 12:47:50.613, NVIDIA GeForce RTX 4090, GPU-457328ff-6f8e-1f53-8cc3-68ae75d90604, 595.91.07, P2, 56, 299.83 W, 100 %, 100 %, 21532 MiB, 24564 MiB, 2640 MHz, 10251 MHz
2026/09/13 12:47:51.616, NVIDIA GeForce RTX 4090, GPU-457328ff-6f8e-1f53-8cc3-68ae75d90604, 595.91.07, P2, 56, 300.05 W, 100 %, 100 %, 21532 MiB, 24564 MiB, 2640 MHz, 10251 MHz
2026/09/13 12:47:52.618, NVIDIA GeForce RTX 4090, GPU-457328ff-6f8e-1f53-8cc3-68ae75d90604, 595.91.07, P2, 56, 299.57 W, 100 %, 100 %, 21532 MiB, 24564 MiB, 2640 MHz, 10251 MHz
2026/09/13 12:47:53.621, NVIDIA GeForce RTX 4090, GPU-457328ff-6f8e-1f53-8cc3-68ae75d90604, 595.91.07, P2, 56, 299.24 W, 100 %, 100 %, 21532 MiB, 24564 MiB, 2640 MHz, 10251 MHz
2026/09/13 12:47:54.622, NVIDIA GeForce RTX 4090, GPU-457328ff-6f8e-1f53-8cc3-68ae75d90604, 595.91.07, P2, 56, 298.98 W, 100 %, 100 %, 21532 MiB, 24564 MiB, 2640 MHz, 10251 MHz
2026/09/13 12:47:55.623, NVIDIA GeForce RTX 4090, GPU-457328ff-6f8e-1f53-8cc3-68ae75d90604, 595.91.07, P2, 56, 298.79 W, 100 %, 100 %, 21532 MiB, 24564 MiB, 2640 MHz, 10251 MHz
2026/09/13 12:47:56.625, NVIDIA GeForce RTX 4090, GPU-457328ff-6f8e-1f53-8cc3-68ae75d90604, 595.91.07, P2, 56, 298.42 W, 100 %, 100 %, 21532 MiB, 24564 MiB, 2640 MHz, 10251 MHz
2026/09/13 12:47:57.628, NVIDIA GeForce RTX 4090, GPU-457328ff-6f8e-1f53-8cc3-68ae75d90604, 595.91.07, P2, 56, 298.29 W, 100 %, 100 %, 21532 MiB, 24564 MiB, 2640 MHz, 10251 MHz
2026/09/13 12:47:58.631, NVIDIA GeForce RTX 4090, GPU-457328ff-6f8e-1f53-8cc3-68ae75d90604, 595.91.07, P2, 56, 298.28 W, 100 %, 100 %, 21532 MiB, 24564 MiB, 2640 MHz, 10251 MHz
2026/09/13 12:47:59.633, NVIDIA GeForce RTX 4090, GPU-457328ff-6f8e-1f53-8cc3-68ae75d90604, 595.91.07, P2, 56, 297.97 W, 100 %, 100 %, 21532 MiB, 24564 MiB, 2640 MHz, 10251 MHz
2026/09/13 12:48:00.636, NVIDIA GeForce RTX 4090, GPU-457328ff-6f8e-1f53-8cc3-68ae75d90604, 595.91.07, P2, 56, 298.00 W, 100 %, 100 %, 21532 MiB, 24564 MiB, 2640 MHz, 10251 MHz
2026/09/13 12:48:01.638, NVIDIA GeForce RTX 4090, GPU-457328ff-6f8e-1f53-8cc3-68ae75d90604, 595.91.07, P2, 56, 297.85 W, 100 %, 100 %, 21532 MiB, 24564 MiB, 2640 MHz, 10251 MHz
2026/09/13 12:48:02.641, NVIDIA GeForce RTX 4090, GPU-457328ff-6f8e-1f53-8cc3-68ae75d90604, 595.91.07, P2, 56, 298.01 W, 100 %, 100 %, 21532 MiB, 24564 MiB, 2640 MHz, 10251 MHz
2026/09/13 12:48:03.643, NVIDIA GeForce RTX 4090, GPU-457328ff-6f8e-1f53-8cc3-68ae75d90604, 595.91.07, P2, 56, 297.86 W, 100 %, 100 %, 21532 MiB, 24564 MiB, 2640 MHz, 10251 MHz
2026/09/13 12:48:04.645, NVIDIA GeForce RTX 4090, GPU-457328ff-6f8e-1f53-8cc3-68ae75d90604, 595.91.07, P2, 56, 287.79 W, 100 %, 100 %, 21532 MiB, 24564 MiB, 2640 MHz, 10251 MHz
2026/09/13 12:48:05.647, NVIDIA GeForce RTX 4090, GPU-457328ff-6f8e-1f53-8cc3-68ae75d90604, 595.91.07, P2, 56, 299.83 W, 100 %, 100 %, 21532 MiB, 24564 MiB, 2640 MHz, 10251 MHz
2026/09/13 12:48:06.650, NVIDIA GeForce RTX 4090, GPU-457328ff-6f8e-1f53-8cc3-68ae75d90604, 595.91.07, P2, 56, 299.69 W, 100 %, 100 %, 21532 MiB, 24564 MiB, 2640 MHz, 10251 MHz
2026/09/13 12:48:07.652, NVIDIA GeForce RTX 4090, GPU-457328ff-6f8e-1f53-8cc3-68ae75d90604, 595.91.07, P2, 56, 299.48 W, 100 %, 100 %, 21532 MiB, 24564 MiB, 2640 MHz, 10251 MHz
2026/09/13 12:48:08.655, NVIDIA GeForce RTX 4090, GPU-457328ff-6f8e-1f53-8cc3-68ae75d90604, 595.91.07, P2, 56, 299.55 W, 100 %, 100 %, 21532 MiB, 24564 MiB, 2640 MHz, 10251 MHz
2026/09/13 12:48:09.657, NVIDIA GeForce RTX 4090, GPU-457328ff-6f8e-1f53-8cc3-68ae75d90604, 595.91.07, P2, 56, 299.57 W, 100 %, 100 %, 21532 MiB, 24564 MiB, 2640 MHz, 10251 MHz
2026/09/13 12:48:10.659, NVIDIA GeForce RTX 4090, GPU-457328ff-6f8e-1f53-8cc3-68ae75d90604, 595.91.07, P2, 56, 299.58 W, 100 %, 100 %, 21532 MiB, 24564 MiB, 2640 MHz, 10251 MHz
2026/09/13 12:48:11.661, NVIDIA GeForce RTX 4090, GPU-457328ff-6f8e-1f53-8cc3-68ae75d90604, 595.91.07, P2, 56, 299.46 W, 100 %, 100 %, 21532 MiB, 24564 MiB, 2640 MHz, 10251 MHz
2026/09/13 12:48:12.664, NVIDIA GeForce RTX 4090, GPU-457328ff-6f8e-1f53-8cc3-68ae75d90604, 595.91.07, P2, 56, 299.10 W, 100 %, 100 %, 21532 MiB, 24564 MiB, 2640 MHz, 10251 MHz
2026/09/13 12:48:13.667, NVIDIA GeForce RTX 4090, GPU-457328ff-6f8e-1f53-8cc3-68ae75d90604, 595.91.07, P2, 56, 298.92 W, 100 %, 100 %, 21532 MiB, 24564 MiB, 2640 MHz, 10251 MHz
2026/09/13 12:48:14.667, NVIDIA GeForce RTX 4090, GPU-457328ff-6f8e-1f53-8cc3-68ae75d90604, 595.91.07, P2, 56, 298.90 W, 100 %, 100 %, 21532 MiB, 24564 MiB, 2640 MHz, 10251 MHz
2026/09/13 12:48:15.669, NVIDIA GeForce RTX 4090, GPU-457328ff-6f8e-1f53-8cc3-68ae75d90604, 595.91.07, P2, 56, 298.72 W, 100 %, 100 %, 21532 MiB, 24564 MiB, 2640 MHz, 10251 MHz
2026/09/13 12:48:16.671, NVIDIA GeForce RTX 4090, GPU-457328ff-6f8e-1f53-8cc3-68ae75d90604, 595.91.07, P2, 56, 298.91 W, 100 %, 100 %, 21532 MiB, 24564 MiB, 2640 MHz, 10251 MHz
2026/09/13 12:48:17.674, NVIDIA GeForce RTX 4090, GPU-457328ff-6f8e-1f53-8cc3-68ae75d90604, 595.91.07, P2, 56, 298.60 W, 100 %, 100 %, 21532 MiB, 24564 MiB, 2640 MHz, 10251 MHz
2026/09/13 12:48:18.677, NVIDIA GeForce RTX 4090, GPU-457328ff-6f8e-1f53-8cc3-68ae75d90604, 595.91.07, P2, 57, 298.80 W, 100 %, 100 %, 21532 MiB, 24564 MiB, 2640 MHz, 10251 MHz
2026/09/13 12:48:19.680, NVIDIA GeForce RTX 4090, GPU-457328ff-6f8e-1f53-8cc3-68ae75d90604, 595.91.07, P2, 56, 289.34 W, 100 %, 100 %, 21532 MiB, 24564 MiB, 2640 MHz, 10251 MHz
2026/09/13 12:48:20.682, NVIDIA GeForce RTX 4090, GPU-457328ff-6f8e-1f53-8cc3-68ae75d90604, 595.91.07, P2, 57, 300.06 W, 100 %, 100 %, 21532 MiB, 24564 MiB, 2640 MHz, 10251 MHz
2026/09/13 12:48:21.685, NVIDIA GeForce RTX 4090, GPU-457328ff-6f8e-1f53-8cc3-68ae75d90604, 595.91.07, P2, 57, 300.42 W, 100 %, 100 %, 21532 MiB, 24564 MiB, 2640 MHz, 10251 MHz
2026/09/13 12:48:22.687, NVIDIA GeForce RTX 4090, GPU-457328ff-6f8e-1f53-8cc3-68ae75d90604, 595.91.07, P2, 57, 300.55 W, 100 %, 100 %, 21532 MiB, 24564 MiB, 2640 MHz, 10251 MHz
2026/09/13 12:48:23.689, NVIDIA GeForce RTX 4090, GPU-457328ff-6f8e-1f53-8cc3-68ae75d90604, 595.91.07, P2, 57, 300.18 W, 100 %, 100 %, 21532 MiB, 24564 MiB, 2640 MHz, 10251 MHz
2026/09/13 12:48:24.691, NVIDIA GeForce RTX 4090, GPU-457328ff-6f8e-1f53-8cc3-68ae75d90604, 595.91.07, P2, 57, 299.86 W, 100 %, 100 %, 21532 MiB, 24564 MiB, 2640 MHz, 10251 MHz
2026/09/13 12:48:25.694, NVIDIA GeForce RTX 4090, GPU-457328ff-6f8e-1f53-8cc3-68ae75d90604, 595.91.07, P2, 57, 299.68 W, 100 %, 100 %, 21532 MiB, 24564 MiB, 2640 MHz, 10251 MHz
2026/09/13 12:48:26.696, NVIDIA GeForce RTX 4090, GPU-457328ff-6f8e-1f53-8cc3-68ae75d90604, 595.91.07, P2, 57, 299.71 W, 100 %, 100 %, 21532 MiB, 24564 MiB, 2640 MHz, 10251 MHz
2026/09/13 12:48:27.699, NVIDIA GeForce RTX 4090, GPU-457328ff-6f8e-1f53-8cc3-68ae75d90604, 595.91.07, P2, 57, 299.23 W, 100 %, 100 %, 21532 MiB, 24564 MiB, 2640 MHz, 10251 MHz
2026/09/13 12:48:28.702, NVIDIA GeForce RTX 4090, GPU-457328ff-6f8e-1f53-8cc3-68ae75d90604, 595.91.07, P2, 57, 298.93 W, 100 %, 100 %, 21532 MiB, 24564 MiB, 2640 MHz, 10251 MHz
2026/09/13 12:48:29.704, NVIDIA GeForce RTX 4090, GPU-457328ff-6f8e-1f53-8cc3-68ae75d90604, 595.91.07, P2, 57, 299.00 W, 100 %, 100 %, 21532 MiB, 24564 MiB, 2640 MHz, 10251 MHz
2026/09/13 12:48:30.707, NVIDIA GeForce RTX 4090, GPU-457328ff-6f8e-1f53-8cc3-68ae75d90604, 595.91.07, P2, 57, 298.91 W, 100 %, 100 %, 21532 MiB, 24564 MiB, 2640 MHz, 10251 MHz
2026/09/13 12:48:31.710, NVIDIA GeForce RTX 4090, GPU-457328ff-6f8e-1f53-8cc3-68ae75d90604, 595.91.07, P2, 57, 295.43 W, 100 %, 100 %, 21532 MiB, 24564 MiB, 2640 MHz, 10251 MHz
2026/09/13 12:48:32.712, NVIDIA GeForce RTX 4090, GPU-457328ff-6f8e-1f53-8cc3-68ae75d90604, 595.91.07, P2, 57, 300.17 W, 100 %, 100 %, 21532 MiB, 24564 MiB, 2640 MHz, 10251 MHz
2026/09/13 12:48:33.715, NVIDIA GeForce RTX 4090, GPU-457328ff-6f8e-1f53-8cc3-68ae75d90604, 595.91.07, P2, 57, 300.43 W, 100 %, 100 %, 21532 MiB, 24564 MiB, 2640 MHz, 10251 MHz
2026/09/13 12:48:34.717, NVIDIA GeForce RTX 4090, GPU-457328ff-6f8e-1f53-8cc3-68ae75d90604, 595.91.07, P2, 57, 300.22 W, 100 %, 100 %, 21532 MiB, 24564 MiB, 2640 MHz, 10251 MHz
2026/09/13 12:48:35.720, NVIDIA GeForce RTX 4090, GPU-457328ff-6f8e-1f53-8cc3-68ae75d90604, 595.91.07, P2, 57, 300.09 W, 100 %, 100 %, 21532 MiB, 24564 MiB, 2640 MHz, 10251 MHz
2026/09/13 12:48:36.723, NVIDIA GeForce RTX 4090, GPU-457328ff-6f8e-1f53-8cc3-68ae75d90604, 595.91.07, P2, 57, 300.25 W, 100 %, 100 %, 21532 MiB, 24564 MiB, 2640 MHz, 10251 MHz
2026/09/13 12:48:37.725, NVIDIA GeForce RTX 4090, GPU-457328ff-6f8e-1f53-8cc3-68ae75d90604, 595.91.07, P2, 57, 300.05 W, 100 %, 100 %, 21532 MiB, 24564 MiB, 2640 MHz, 10251 MHz
2026/09/13 12:48:38.728, NVIDIA GeForce RTX 4090, GPU-457328ff-6f8e-1f53-8cc3-68ae75d90604, 595.91.07, P2, 57, 299.58 W, 100 %, 100 %, 21532 MiB, 24564 MiB, 2640 MHz, 10251 MHz
2026/09/13 12:48:39.730, NVIDIA GeForce RTX 4090, GPU-457328ff-6f8e-1f53-8cc3-68ae75d90604, 595.91.07, P2, 57, 299.50 W, 100 %, 100 %, 21532 MiB, 24564 MiB, 2640 MHz, 10251 MHz
2026/09/13 12:48:40.733, NVIDIA GeForce RTX 4090, GPU-457328ff-6f8e-1f53-8cc3-68ae75d90604, 595.91.07, P2, 57, 299.33 W, 100 %, 100 %, 21532 MiB, 24564 MiB, 2640 MHz, 10251 MHz
2026/09/13 12:48:41.736, NVIDIA GeForce RTX 4090, GPU-457328ff-6f8e-1f53-8cc3-68ae75d90604, 595.91.07, P2, 57, 299.00 W, 100 %, 100 %, 21532 MiB, 24564 MiB, 2640 MHz, 10251 MHz
2026/09/13 12:48:42.738, NVIDIA GeForce RTX 4090, GPU-457328ff-6f8e-1f53-8cc3-68ae75d90604, 595.91.07, P2, 57, 299.12 W, 100 %, 100 %, 21532 MiB, 24564 MiB, 2640 MHz, 10251 MHz
2026/09/13 12:48:43.740, NVIDIA GeForce RTX 4090, GPU-457328ff-6f8e-1f53-8cc3-68ae75d90604, 595.91.07, P2, 57, 298.90 W, 100 %, 100 %, 21532 MiB, 24564 MiB, 2640 MHz, 10251 MHz
2026/09/13 12:48:44.743, NVIDIA GeForce RTX 4090, GPU-457328ff-6f8e-1f53-8cc3-68ae75d90604, 595.91.07, P2, 57, 298.76 W, 100 %, 100 %, 21532 MiB, 24564 MiB, 2640 MHz, 10251 MHz
2026/09/13 12:48:45.744, NVIDIA GeForce RTX 4090, GPU-457328ff-6f8e-1f53-8cc3-68ae75d90604, 595.91.07, P2, 57, 298.49 W, 100 %, 100 %, 21532 MiB, 24564 MiB, 2640 MHz, 10251 MHz
2026/09/13 12:48:46.747, NVIDIA GeForce RTX 4090, GPU-457328ff-6f8e-1f53-8cc3-68ae75d90604, 595.91.07, P2, 57, 298.67 W, 100 %, 100 %, 21532 MiB, 24564 MiB, 2640 MHz, 10251 MHz
2026/09/13 12:48:47.750, NVIDIA GeForce RTX 4090, GPU-457328ff-6f8e-1f53-8cc3-68ae75d90604, 595.91.07, P2, 57, 298.94 W, 100 %, 100 %, 21532 MiB, 24564 MiB, 2640 MHz, 10251 MHz
2026/09/13 12:48:48.753, NVIDIA GeForce RTX 4090, GPU-457328ff-6f8e-1f53-8cc3-68ae75d90604, 595.91.07, P2, 57, 298.54 W, 100 %, 100 %, 21532 MiB, 24564 MiB, 2640 MHz, 10251 MHz
2026/09/13 12:48:49.755, NVIDIA GeForce RTX 4090, GPU-457328ff-6f8e-1f53-8cc3-68ae75d90604, 595.91.07, P2, 57, 298.49 W, 100 %, 100 %, 21532 MiB, 24564 MiB, 2640 MHz, 10251 MHz
2026/09/13 12:48:50.758, NVIDIA GeForce RTX 4090, GPU-457328ff-6f8e-1f53-8cc3-68ae75d90604, 595.91.07, P2, 57, 298.13 W, 100 %, 100 %, 21532 MiB, 24564 MiB, 2640 MHz, 10251 MHz
2026/09/13 12:48:51.760, NVIDIA GeForce RTX 4090, GPU-457328ff-6f8e-1f53-8cc3-68ae75d90604, 595.91.07, P2, 57, 298.49 W, 100 %, 100 %, 21532 MiB, 24564 MiB, 2640 MHz, 10251 MHz
2026/09/13 12:48:52.762, NVIDIA GeForce RTX 4090, GPU-457328ff-6f8e-1f53-8cc3-68ae75d90604, 595.91.07, P2, 57, 290.37 W, 100 %, 100 %, 21532 MiB, 24564 MiB, 2640 MHz, 10251 MHz
2026/09/13 12:48:53.765, NVIDIA GeForce RTX 4090, GPU-457328ff-6f8e-1f53-8cc3-68ae75d90604, 595.91.07, P2, 57, 300.48 W, 100 %, 100 %, 21532 MiB, 24564 MiB, 2640 MHz, 10251 MHz
2026/09/13 12:48:54.767, NVIDIA GeForce RTX 4090, GPU-457328ff-6f8e-1f53-8cc3-68ae75d90604, 595.91.07, P2, 57, 300.28 W, 100 %, 100 %, 21532 MiB, 24564 MiB, 2640 MHz, 10251 MHz
2026/09/13 12:48:55.770, NVIDIA GeForce RTX 4090, GPU-457328ff-6f8e-1f53-8cc3-68ae75d90604, 595.91.07, P2, 57, 300.14 W, 100 %, 100 %, 21532 MiB, 24564 MiB, 2640 MHz, 10251 MHz
2026/09/13 12:48:56.772, NVIDIA GeForce RTX 4090, GPU-457328ff-6f8e-1f53-8cc3-68ae75d90604, 595.91.07, P2, 57, 299.82 W, 100 %, 100 %, 21532 MiB, 24564 MiB, 2640 MHz, 10251 MHz
2026/09/13 12:48:57.775, NVIDIA GeForce RTX 4090, GPU-457328ff-6f8e-1f53-8cc3-68ae75d90604, 595.91.07, P2, 57, 300.02 W, 100 %, 100 %, 21532 MiB, 24564 MiB, 2640 MHz, 10251 MHz
2026/09/13 12:48:58.778, NVIDIA GeForce RTX 4090, GPU-457328ff-6f8e-1f53-8cc3-68ae75d90604, 595.91.07, P2, 57, 299.73 W, 100 %, 100 %, 21532 MiB, 24564 MiB, 2640 MHz, 10251 MHz
2026/09/13 12:48:59.780, NVIDIA GeForce RTX 4090, GPU-457328ff-6f8e-1f53-8cc3-68ae75d90604, 595.91.07, P2, 57, 299.60 W, 100 %, 100 %, 21532 MiB, 24564 MiB, 2640 MHz, 10251 MHz
2026/09/13 12:49:00.782, NVIDIA GeForce RTX 4090, GPU-457328ff-6f8e-1f53-8cc3-68ae75d90604, 595.91.07, P2, 57, 299.59 W, 100 %, 100 %, 21532 MiB, 24564 MiB, 2640 MHz, 10251 MHz
2026/09/13 12:49:01.784, NVIDIA GeForce RTX 4090, GPU-457328ff-6f8e-1f53-8cc3-68ae75d90604, 595.91.07, P2, 57, 299.76 W, 100 %, 100 %, 21532 MiB, 24564 MiB, 2640 MHz, 10251 MHz
2026/09/13 12:49:02.787, NVIDIA GeForce RTX 4090, GPU-457328ff-6f8e-1f53-8cc3-68ae75d90604, 595.91.07, P2, 57, 299.44 W, 100 %, 100 %, 21532 MiB, 24564 MiB, 2640 MHz, 10251 MHz
2026/09/13 12:49:03.790, NVIDIA GeForce RTX 4090, GPU-457328ff-6f8e-1f53-8cc3-68ae75d90604, 595.91.07, P2, 57, 299.34 W, 100 %, 100 %, 21532 MiB, 24564 MiB, 2640 MHz, 10251 MHz
2026/09/13 12:49:04.792, NVIDIA GeForce RTX 4090, GPU-457328ff-6f8e-1f53-8cc3-68ae75d90604, 595.91.07, P2, 57, 299.06 W, 100 %, 100 %, 21532 MiB, 24564 MiB, 2640 MHz, 10251 MHz
2026/09/13 12:49:05.794, NVIDIA GeForce RTX 4090, GPU-457328ff-6f8e-1f53-8cc3-68ae75d90604, 595.91.07, P2, 57, 298.94 W, 100 %, 100 %, 21532 MiB, 24564 MiB, 2640 MHz, 10251 MHz
2026/09/13 12:49:06.796, NVIDIA GeForce RTX 4090, GPU-457328ff-6f8e-1f53-8cc3-68ae75d90604, 595.91.07, P2, 57, 298.96 W, 100 %, 100 %, 21532 MiB, 24564 MiB, 2640 MHz, 10251 MHz
2026/09/13 12:49:07.799, NVIDIA GeForce RTX 4090, GPU-457328ff-6f8e-1f53-8cc3-68ae75d90604, 595.91.07, P2, 57, 298.94 W, 100 %, 100 %, 21532 MiB, 24564 MiB, 2640 MHz, 10251 MHz
2026/09/13 12:49:08.801, NVIDIA GeForce RTX 4090, GPU-457328ff-6f8e-1f53-8cc3-68ae75d90604, 595.91.07, P2, 57, 298.58 W, 100 %, 100 %, 21532 MiB, 24564 MiB, 2640 MHz, 10251 MHz
2026/09/13 12:49:09.803, NVIDIA GeForce RTX 4090, GPU-457328ff-6f8e-1f53-8cc3-68ae75d90604, 595.91.07, P2, 57, 291.11 W, 100 %, 100 %, 21532 MiB, 24564 MiB, 2640 MHz, 10251 MHz
2026/09/13 12:49:10.806, NVIDIA GeForce RTX 4090, GPU-457328ff-6f8e-1f53-8cc3-68ae75d90604, 595.91.07, P2, 57, 300.15 W, 100 %, 100 %, 21532 MiB, 24564 MiB, 2640 MHz, 10251 MHz
2026/09/13 12:49:11.808, NVIDIA GeForce RTX 4090, GPU-457328ff-6f8e-1f53-8cc3-68ae75d90604, 595.91.07, P2, 57, 300.21 W, 100 %, 100 %, 21532 MiB, 24564 MiB, 2640 MHz, 10251 MHz
2026/09/13 12:49:12.810, NVIDIA GeForce RTX 4090, GPU-457328ff-6f8e-1f53-8cc3-68ae75d90604, 595.91.07, P2, 57, 299.97 W, 100 %, 100 %, 21532 MiB, 24564 MiB, 2640 MHz, 10251 MHz
2026/09/13 12:49:13.813, NVIDIA GeForce RTX 4090, GPU-457328ff-6f8e-1f53-8cc3-68ae75d90604, 595.91.07, P2, 57, 299.91 W, 100 %, 100 %, 21532 MiB, 24564 MiB, 2640 MHz, 10251 MHz
2026/09/13 12:49:14.816, NVIDIA GeForce RTX 4090, GPU-457328ff-6f8e-1f53-8cc3-68ae75d90604, 595.91.07, P2, 57, 299.46 W, 100 %, 100 %, 21532 MiB, 24564 MiB, 2640 MHz, 10251 MHz
2026/09/13 12:49:15.817, NVIDIA GeForce RTX 4090, GPU-457328ff-6f8e-1f53-8cc3-68ae75d90604, 595.91.07, P2, 57, 299.80 W, 100 %, 100 %, 21532 MiB, 24564 MiB, 2640 MHz, 10251 MHz
2026/09/13 12:49:16.820, NVIDIA GeForce RTX 4090, GPU-457328ff-6f8e-1f53-8cc3-68ae75d90604, 595.91.07, P2, 57, 299.60 W, 100 %, 100 %, 21532 MiB, 24564 MiB, 2640 MHz, 10251 MHz
2026/09/13 12:49:17.822, NVIDIA GeForce RTX 4090, GPU-457328ff-6f8e-1f53-8cc3-68ae75d90604, 595.91.07, P2, 57, 299.40 W, 100 %, 100 %, 21532 MiB, 24564 MiB, 2640 MHz, 10251 MHz
2026/09/13 12:49:18.825, NVIDIA GeForce RTX 4090, GPU-457328ff-6f8e-1f53-8cc3-68ae75d90604, 595.91.07, P2, 57, 299.29 W, 100 %, 100 %, 21532 MiB, 24564 MiB, 2640 MHz, 10251 MHz
2026/09/13 12:49:19.827, NVIDIA GeForce RTX 4090, GPU-457328ff-6f8e-1f53-8cc3-68ae75d90604, 595.91.07, P2, 57, 299.08 W, 100 %, 100 %, 21532 MiB, 24564 MiB, 2640 MHz, 10251 MHz
2026/09/13 12:49:20.830, NVIDIA GeForce RTX 4090, GPU-457328ff-6f8e-1f53-8cc3-68ae75d90604, 595.91.07, P2, 55, 291.45 W, 64 %, 61 %, 21532 MiB, 24564 MiB, 2640 MHz, 10251 MHz
2026/09/13 12:49:21.832, NVIDIA GeForce RTX 4090, GPU-457328ff-6f8e-1f53-8cc3-68ae75d90604, 595.91.07, P2, 57, 295.76 W, 100 %, 100 %, 21532 MiB, 24564 MiB, 2640 MHz, 10251 MHz
2026/09/13 12:49:22.835, NVIDIA GeForce RTX 4090, GPU-457328ff-6f8e-1f53-8cc3-68ae75d90604, 595.91.07, P2, 57, 300.97 W, 100 %, 100 %, 21532 MiB, 24564 MiB, 2640 MHz, 10251 MHz
2026/09/13 12:49:23.837, NVIDIA GeForce RTX 4090, GPU-457328ff-6f8e-1f53-8cc3-68ae75d90604, 595.91.07, P2, 57, 300.95 W, 100 %, 100 %, 21532 MiB, 24564 MiB, 2640 MHz, 10251 MHz
2026/09/13 12:49:24.840, NVIDIA GeForce RTX 4090, GPU-457328ff-6f8e-1f53-8cc3-68ae75d90604, 595.91.07, P2, 57, 300.79 W, 100 %, 100 %, 21532 MiB, 24564 MiB, 2640 MHz, 10251 MHz
2026/09/13 12:49:25.843, NVIDIA GeForce RTX 4090, GPU-457328ff-6f8e-1f53-8cc3-68ae75d90604, 595.91.07, P2, 57, 300.64 W, 100 %, 100 %, 21532 MiB, 24564 MiB, 2640 MHz, 10251 MHz
2026/09/13 12:49:26.846, NVIDIA GeForce RTX 4090, GPU-457328ff-6f8e-1f53-8cc3-68ae75d90604, 595.91.07, P2, 57, 300.53 W, 100 %, 100 %, 21532 MiB, 24564 MiB, 2640 MHz, 10251 MHz
2026/09/13 12:49:27.848, NVIDIA GeForce RTX 4090, GPU-457328ff-6f8e-1f53-8cc3-68ae75d90604, 595.91.07, P2, 57, 300.39 W, 100 %, 100 %, 21532 MiB, 24564 MiB, 2640 MHz, 10251 MHz
2026/09/13 12:49:28.851, NVIDIA GeForce RTX 4090, GPU-457328ff-6f8e-1f53-8cc3-68ae75d90604, 595.91.07, P2, 57, 300.08 W, 100 %, 100 %, 21532 MiB, 24564 MiB, 2640 MHz, 10251 MHz
2026/09/13 12:49:29.854, NVIDIA GeForce RTX 4090, GPU-457328ff-6f8e-1f53-8cc3-68ae75d90604, 595.91.07, P2, 57, 299.77 W, 100 %, 100 %, 21532 MiB, 24564 MiB, 2640 MHz, 10251 MHz
2026/09/13 12:49:30.856, NVIDIA GeForce RTX 4090, GPU-457328ff-6f8e-1f53-8cc3-68ae75d90604, 595.91.07, P2, 57, 299.08 W, 100 %, 100 %, 21532 MiB, 24564 MiB, 2640 MHz, 10251 MHz
2026/09/13 12:49:31.859, NVIDIA GeForce RTX 4090, GPU-457328ff-6f8e-1f53-8cc3-68ae75d90604, 595.91.07, P2, 57, 299.12 W, 100 %, 100 %, 21532 MiB, 24564 MiB, 2640 MHz, 10251 MHz
2026/09/13 12:49:32.861, NVIDIA GeForce RTX 4090, GPU-457328ff-6f8e-1f53-8cc3-68ae75d90604, 595.91.07, P2, 57, 298.97 W, 100 %, 100 %, 21532 MiB, 24564 MiB, 2640 MHz, 10251 MHz
2026/09/13 12:49:33.864, NVIDIA GeForce RTX 4090, GPU-457328ff-6f8e-1f53-8cc3-68ae75d90604, 595.91.07, P2, 57, 298.85 W, 100 %, 100 %, 21532 MiB, 24564 MiB, 2640 MHz, 10251 MHz
2026/09/13 12:49:34.866, NVIDIA GeForce RTX 4090, GPU-457328ff-6f8e-1f53-8cc3-68ae75d90604, 595.91.07, P2, 57, 298.48 W, 100 %, 100 %, 21532 MiB, 24564 MiB, 2640 MHz, 10251 MHz
2026/09/13 12:49:35.869, NVIDIA GeForce RTX 4090, GPU-457328ff-6f8e-1f53-8cc3-68ae75d90604, 595.91.07, P2, 57, 298.39 W, 100 %, 100 %, 21532 MiB, 24564 MiB, 2640 MHz, 10251 MHz
2026/09/13 12:49:36.872, NVIDIA GeForce RTX 4090, GPU-457328ff-6f8e-1f53-8cc3-68ae75d90604, 595.91.07, P2, 57, 298.18 W, 100 %, 100 %, 21532 MiB, 24564 MiB, 2640 MHz, 10251 MHz
2026/09/13 12:49:37.873, NVIDIA GeForce RTX 4090, GPU-457328ff-6f8e-1f53-8cc3-68ae75d90604, 595.91.07, P2, 57, 298.35 W, 100 %, 100 %, 21532 MiB, 24564 MiB, 2640 MHz, 10251 MHz
2026/09/13 12:49:38.876, NVIDIA GeForce RTX 4090, GPU-457328ff-6f8e-1f53-8cc3-68ae75d90604, 595.91.07, P2, 57, 289.24 W, 100 %, 100 %, 21532 MiB, 24564 MiB, 2640 MHz, 10251 MHz
2026/09/13 12:49:39.878, NVIDIA GeForce RTX 4090, GPU-457328ff-6f8e-1f53-8cc3-68ae75d90604, 595.91.07, P2, 57, 300.22 W, 100 %, 100 %, 21532 MiB, 24564 MiB, 2640 MHz, 10251 MHz
2026/09/13 12:49:40.881, NVIDIA GeForce RTX 4090, GPU-457328ff-6f8e-1f53-8cc3-68ae75d90604, 595.91.07, P2, 57, 300.27 W, 100 %, 100 %, 21532 MiB, 24564 MiB, 2640 MHz, 10251 MHz
2026/09/13 12:49:41.883, NVIDIA GeForce RTX 4090, GPU-457328ff-6f8e-1f53-8cc3-68ae75d90604, 595.91.07, P2, 57, 300.22 W, 100 %, 100 %, 21532 MiB, 24564 MiB, 2640 MHz, 10251 MHz
2026/09/13 12:49:42.886, NVIDIA GeForce RTX 4090, GPU-457328ff-6f8e-1f53-8cc3-68ae75d90604, 595.91.07, P2, 57, 299.72 W, 100 %, 100 %, 21532 MiB, 24564 MiB, 2640 MHz, 10251 MHz
2026/09/13 12:49:43.888, NVIDIA GeForce RTX 4090, GPU-457328ff-6f8e-1f53-8cc3-68ae75d90604, 595.91.07, P2, 57, 299.74 W, 100 %, 100 %, 21532 MiB, 24564 MiB, 2640 MHz, 10251 MHz
2026/09/13 12:49:44.890, NVIDIA GeForce RTX 4090, GPU-457328ff-6f8e-1f53-8cc3-68ae75d90604, 595.91.07, P2, 57, 299.67 W, 100 %, 100 %, 21532 MiB, 24564 MiB, 2640 MHz, 10251 MHz
2026/09/13 12:49:45.891, NVIDIA GeForce RTX 4090, GPU-457328ff-6f8e-1f53-8cc3-68ae75d90604, 595.91.07, P2, 57, 299.16 W, 100 %, 100 %, 21532 MiB, 24564 MiB, 2640 MHz, 10251 MHz
2026/09/13 12:49:46.894, NVIDIA GeForce RTX 4090, GPU-457328ff-6f8e-1f53-8cc3-68ae75d90604, 595.91.07, P2, 57, 298.98 W, 100 %, 100 %, 21532 MiB, 24564 MiB, 2640 MHz, 10251 MHz
2026/09/13 12:49:47.896, NVIDIA GeForce RTX 4090, GPU-457328ff-6f8e-1f53-8cc3-68ae75d90604, 595.91.07, P2, 57, 298.77 W, 100 %, 100 %, 21532 MiB, 24564 MiB, 2640 MHz, 10251 MHz
2026/09/13 12:49:48.899, NVIDIA GeForce RTX 4090, GPU-457328ff-6f8e-1f53-8cc3-68ae75d90604, 595.91.07, P2, 57, 298.55 W, 100 %, 100 %, 21532 MiB, 24564 MiB, 2640 MHz, 10251 MHz
2026/09/13 12:49:49.902, NVIDIA GeForce RTX 4090, GPU-457328ff-6f8e-1f53-8cc3-68ae75d90604, 595.91.07, P2, 57, 298.56 W, 100 %, 100 %, 21532 MiB, 24564 MiB, 2640 MHz, 10251 MHz
2026/09/13 12:49:50.904, NVIDIA GeForce RTX 4090, GPU-457328ff-6f8e-1f53-8cc3-68ae75d90604, 595.91.07, P2, 57, 298.36 W, 100 %, 100 %, 21532 MiB, 24564 MiB, 2640 MHz, 10251 MHz
2026/09/13 12:49:51.907, NVIDIA GeForce RTX 4090, GPU-457328ff-6f8e-1f53-8cc3-68ae75d90604, 595.91.07, P2, 57, 298.45 W, 100 %, 100 %, 21532 MiB, 24564 MiB, 2640 MHz, 10251 MHz
2026/09/13 12:49:52.909, NVIDIA GeForce RTX 4090, GPU-457328ff-6f8e-1f53-8cc3-68ae75d90604, 595.91.07, P2, 57, 298.37 W, 100 %, 100 %, 21532 MiB, 24564 MiB, 2640 MHz, 10251 MHz
2026/09/13 12:49:53.911, NVIDIA GeForce RTX 4090, GPU-457328ff-6f8e-1f53-8cc3-68ae75d90604, 595.91.07, P2, 57, 298.19 W, 100 %, 100 %, 21532 MiB, 24564 MiB, 2640 MHz, 10251 MHz
2026/09/13 12:49:54.914, NVIDIA GeForce RTX 4090, GPU-457328ff-6f8e-1f53-8cc3-68ae75d90604, 595.91.07, P2, 57, 298.51 W, 100 %, 100 %, 21532 MiB, 24564 MiB, 2640 MHz, 10251 MHz
2026/09/13 12:49:55.916, NVIDIA GeForce RTX 4090, GPU-457328ff-6f8e-1f53-8cc3-68ae75d90604, 595.91.07, P2, 57, 298.49 W, 100 %, 100 %, 21532 MiB, 24564 MiB, 2640 MHz, 10251 MHz
2026/09/13 12:49:56.919, NVIDIA GeForce RTX 4090, GPU-457328ff-6f8e-1f53-8cc3-68ae75d90604, 595.91.07, P2, 57, 298.37 W, 100 %, 100 %, 21532 MiB, 24564 MiB, 2640 MHz, 10251 MHz
2026/09/13 12:49:57.921, NVIDIA GeForce RTX 4090, GPU-457328ff-6f8e-1f53-8cc3-68ae75d90604, 595.91.07, P2, 57, 298.03 W, 100 %, 100 %, 21532 MiB, 24564 MiB, 2640 MHz, 10251 MHz
2026/09/13 12:49:58.924, NVIDIA GeForce RTX 4090, GPU-457328ff-6f8e-1f53-8cc3-68ae75d90604, 595.91.07, P2, 57, 298.25 W, 100 %, 100 %, 21532 MiB, 24564 MiB, 2640 MHz, 10251 MHz
2026/09/13 12:49:59.925, NVIDIA GeForce RTX 4090, GPU-457328ff-6f8e-1f53-8cc3-68ae75d90604, 595.91.07, P2, 57, 298.27 W, 100 %, 100 %, 21532 MiB, 24564 MiB, 2640 MHz, 10251 MHz
2026/09/13 12:50:00.928, NVIDIA GeForce RTX 4090, GPU-457328ff-6f8e-1f53-8cc3-68ae75d90604, 595.91.07, P2, 57, 298.26 W, 100 %, 100 %, 21532 MiB, 24564 MiB, 2640 MHz, 10251 MHz
2026/09/13 12:50:01.930, NVIDIA GeForce RTX 4090, GPU-457328ff-6f8e-1f53-8cc3-68ae75d90604, 595.91.07, P2, 57, 298.19 W, 100 %, 100 %, 21532 MiB, 24564 MiB, 2640 MHz, 10251 MHz
2026/09/13 12:50:02.933, NVIDIA GeForce RTX 4090, GPU-457328ff-6f8e-1f53-8cc3-68ae75d90604, 595.91.07, P2, 57, 298.42 W, 100 %, 100 %, 21532 MiB, 24564 MiB, 2640 MHz, 10251 MHz
2026/09/13 12:50:03.935, NVIDIA GeForce RTX 4090, GPU-457328ff-6f8e-1f53-8cc3-68ae75d90604, 595.91.07, P2, 57, 298.04 W, 100 %, 100 %, 21532 MiB, 24564 MiB, 2640 MHz, 10251 MHz
2026/09/13 12:50:04.938, NVIDIA GeForce RTX 4090, GPU-457328ff-6f8e-1f53-8cc3-68ae75d90604, 595.91.07, P2, 57, 298.57 W, 100 %, 100 %, 21532 MiB, 24564 MiB, 2640 MHz, 10251 MHz
2026/09/13 12:50:05.940, NVIDIA GeForce RTX 4090, GPU-457328ff-6f8e-1f53-8cc3-68ae75d90604, 595.91.07, P2, 57, 298.79 W, 100 %, 100 %, 21532 MiB, 24564 MiB, 2640 MHz, 10251 MHz
2026/09/13 12:50:06.942, NVIDIA GeForce RTX 4090, GPU-457328ff-6f8e-1f53-8cc3-68ae75d90604, 595.91.07, P2, 57, 298.64 W, 100 %, 100 %, 21532 MiB, 24564 MiB, 2640 MHz, 10251 MHz
2026/09/13 12:50:07.944, NVIDIA GeForce RTX 4090, GPU-457328ff-6f8e-1f53-8cc3-68ae75d90604, 595.91.07, P2, 57, 298.56 W, 100 %, 100 %, 21532 MiB, 24564 MiB, 2640 MHz, 10251 MHz
2026/09/13 12:50:08.946, NVIDIA GeForce RTX 4090, GPU-457328ff-6f8e-1f53-8cc3-68ae75d90604, 595.91.07, P2, 57, 298.64 W, 100 %, 100 %, 21532 MiB, 24564 MiB, 2640 MHz, 10251 MHz
2026/09/13 12:50:09.949, NVIDIA GeForce RTX 4090, GPU-457328ff-6f8e-1f53-8cc3-68ae75d90604, 595.91.07, P2, 57, 298.68 W, 100 %, 100 %, 21532 MiB, 24564 MiB, 2640 MHz, 10251 MHz
2026/09/13 12:50:10.951, NVIDIA GeForce RTX 4090, GPU-457328ff-6f8e-1f53-8cc3-68ae75d90604, 595.91.07, P2, 57, 298.74 W, 100 %, 100 %, 21532 MiB, 24564 MiB, 2640 MHz, 10251 MHz
2026/09/13 12:50:11.954, NVIDIA GeForce RTX 4090, GPU-457328ff-6f8e-1f53-8cc3-68ae75d90604, 595.91.07, P2, 57, 298.84 W, 100 %, 100 %, 21532 MiB, 24564 MiB, 2640 MHz, 10251 MHz
2026/09/13 12:50:12.956, NVIDIA GeForce RTX 4090, GPU-457328ff-6f8e-1f53-8cc3-68ae75d90604, 595.91.07, P2, 57, 299.02 W, 100 %, 100 %, 21532 MiB, 24564 MiB, 2640 MHz, 10251 MHz
2026/09/13 12:50:13.959, NVIDIA GeForce RTX 4090, GPU-457328ff-6f8e-1f53-8cc3-68ae75d90604, 595.91.07, P2, 57, 298.83 W, 100 %, 100 %, 21532 MiB, 24564 MiB, 2640 MHz, 10251 MHz
2026/09/13 12:50:14.961, NVIDIA GeForce RTX 4090, GPU-457328ff-6f8e-1f53-8cc3-68ae75d90604, 595.91.07, P2, 57, 298.97 W, 100 %, 100 %, 21532 MiB, 24564 MiB, 2640 MHz, 10251 MHz
2026/09/13 12:50:15.962, NVIDIA GeForce RTX 4090, GPU-457328ff-6f8e-1f53-8cc3-68ae75d90604, 595.91.07, P2, 57, 298.65 W, 100 %, 100 %, 21532 MiB, 24564 MiB, 2640 MHz, 10251 MHz
2026/09/13 12:50:16.965, NVIDIA GeForce RTX 4090, GPU-457328ff-6f8e-1f53-8cc3-68ae75d90604, 595.91.07, P2, 57, 298.08 W, 100 %, 100 %, 21532 MiB, 24564 MiB, 2640 MHz, 10251 MHz
2026/09/13 12:50:17.980, NVIDIA GeForce RTX 4090, GPU-457328ff-6f8e-1f53-8cc3-68ae75d90604, 595.91.07, P2, 57, 298.03 W, 100 %, 100 %, 21532 MiB, 24564 MiB, 2640 MHz, 10251 MHz
2026/09/13 12:50:18.983, NVIDIA GeForce RTX 4090, GPU-457328ff-6f8e-1f53-8cc3-68ae75d90604, 595.91.07, P2, 57, 287.41 W, 100 %, 100 %, 21532 MiB, 24564 MiB, 2640 MHz, 10251 MHz
2026/09/13 12:50:19.986, NVIDIA GeForce RTX 4090, GPU-457328ff-6f8e-1f53-8cc3-68ae75d90604, 595.91.07, P2, 57, 300.19 W, 100 %, 100 %, 21532 MiB, 24564 MiB, 2640 MHz, 10251 MHz
2026/09/13 12:50:20.988, NVIDIA GeForce RTX 4090, GPU-457328ff-6f8e-1f53-8cc3-68ae75d90604, 595.91.07, P2, 57, 300.37 W, 100 %, 100 %, 21532 MiB, 24564 MiB, 2640 MHz, 10251 MHz
2026/09/13 12:50:21.990, NVIDIA GeForce RTX 4090, GPU-457328ff-6f8e-1f53-8cc3-68ae75d90604, 595.91.07, P2, 57, 300.44 W, 100 %, 100 %, 21532 MiB, 24564 MiB, 2640 MHz, 10251 MHz
2026/09/13 12:50:22.992, NVIDIA GeForce RTX 4090, GPU-457328ff-6f8e-1f53-8cc3-68ae75d90604, 595.91.07, P2, 57, 300.56 W, 100 %, 100 %, 21532 MiB, 24564 MiB, 2640 MHz, 10251 MHz
2026/09/13 12:50:23.994, NVIDIA GeForce RTX 4090, GPU-457328ff-6f8e-1f53-8cc3-68ae75d90604, 595.91.07, P2, 57, 299.87 W, 100 %, 100 %, 21532 MiB, 24564 MiB, 2640 MHz, 10251 MHz
2026/09/13 12:50:24.997, NVIDIA GeForce RTX 4090, GPU-457328ff-6f8e-1f53-8cc3-68ae75d90604, 595.91.07, P2, 57, 299.67 W, 100 %, 100 %, 21532 MiB, 24564 MiB, 2640 MHz, 10251 MHz
2026/09/13 12:50:25.999, NVIDIA GeForce RTX 4090, GPU-457328ff-6f8e-1f53-8cc3-68ae75d90604, 595.91.07, P2, 57, 299.54 W, 100 %, 100 %, 21532 MiB, 24564 MiB, 2640 MHz, 10251 MHz
2026/09/13 12:50:27.002, NVIDIA GeForce RTX 4090, GPU-457328ff-6f8e-1f53-8cc3-68ae75d90604, 595.91.07, P2, 57, 298.91 W, 100 %, 100 %, 21532 MiB, 24564 MiB, 2640 MHz, 10251 MHz
2026/09/13 12:50:28.004, NVIDIA GeForce RTX 4090, GPU-457328ff-6f8e-1f53-8cc3-68ae75d90604, 595.91.07, P2, 57, 299.10 W, 100 %, 100 %, 21532 MiB, 24564 MiB, 2640 MHz, 10251 MHz
2026/09/13 12:50:29.007, NVIDIA GeForce RTX 4090, GPU-457328ff-6f8e-1f53-8cc3-68ae75d90604, 595.91.07, P2, 57, 299.31 W, 100 %, 100 %, 21532 MiB, 24564 MiB, 2640 MHz, 10251 MHz
2026/09/13 12:50:30.009, NVIDIA GeForce RTX 4090, GPU-457328ff-6f8e-1f53-8cc3-68ae75d90604, 595.91.07, P2, 57, 299.02 W, 100 %, 100 %, 21532 MiB, 24564 MiB, 2640 MHz, 10251 MHz
2026/09/13 12:50:31.011, NVIDIA GeForce RTX 4090, GPU-457328ff-6f8e-1f53-8cc3-68ae75d90604, 595.91.07, P2, 57, 298.58 W, 100 %, 100 %, 21532 MiB, 24564 MiB, 2640 MHz, 10251 MHz
2026/09/13 12:50:32.014, NVIDIA GeForce RTX 4090, GPU-457328ff-6f8e-1f53-8cc3-68ae75d90604, 595.91.07, P2, 57, 298.57 W, 100 %, 100 %, 21532 MiB, 24564 MiB, 2640 MHz, 10251 MHz
2026/09/13 12:50:33.016, NVIDIA GeForce RTX 4090, GPU-457328ff-6f8e-1f53-8cc3-68ae75d90604, 595.91.07, P2, 57, 298.58 W, 100 %, 100 %, 21532 MiB, 24564 MiB, 2640 MHz, 10251 MHz
2026/09/13 12:50:34.019, NVIDIA GeForce RTX 4090, GPU-457328ff-6f8e-1f53-8cc3-68ae75d90604, 595.91.07, P2, 57, 298.49 W, 100 %, 100 %, 21532 MiB, 24564 MiB, 2640 MHz, 10251 MHz
2026/09/13 12:50:35.021, NVIDIA GeForce RTX 4090, GPU-457328ff-6f8e-1f53-8cc3-68ae75d90604, 595.91.07, P2, 57, 298.74 W, 100 %, 100 %, 21532 MiB, 24564 MiB, 2640 MHz, 10251 MHz
2026/09/13 12:50:36.024, NVIDIA GeForce RTX 4090, GPU-457328ff-6f8e-1f53-8cc3-68ae75d90604, 595.91.07, P2, 57, 298.71 W, 100 %, 100 %, 21532 MiB, 24564 MiB, 2640 MHz, 10251 MHz
2026/09/13 12:50:37.026, NVIDIA GeForce RTX 4090, GPU-457328ff-6f8e-1f53-8cc3-68ae75d90604, 595.91.07, P2, 57, 298.35 W, 100 %, 100 %, 21532 MiB, 24564 MiB, 2640 MHz, 10251 MHz
2026/09/13 12:50:38.029, NVIDIA GeForce RTX 4090, GPU-457328ff-6f8e-1f53-8cc3-68ae75d90604, 595.91.07, P2, 57, 289.04 W, 100 %, 100 %, 21532 MiB, 24564 MiB, 2640 MHz, 10251 MHz
2026/09/13 12:50:39.030, NVIDIA GeForce RTX 4090, GPU-457328ff-6f8e-1f53-8cc3-68ae75d90604, 595.91.07, P2, 57, 300.22 W, 100 %, 100 %, 21532 MiB, 24564 MiB, 2640 MHz, 10251 MHz
2026/09/13 12:50:40.033, NVIDIA GeForce RTX 4090, GPU-457328ff-6f8e-1f53-8cc3-68ae75d90604, 595.91.07, P2, 57, 299.92 W, 100 %, 100 %, 21532 MiB, 24564 MiB, 2640 MHz, 10251 MHz
2026/09/13 12:50:41.036, NVIDIA GeForce RTX 4090, GPU-457328ff-6f8e-1f53-8cc3-68ae75d90604, 595.91.07, P2, 57, 299.85 W, 100 %, 100 %, 21532 MiB, 24564 MiB, 2640 MHz, 10251 MHz
2026/09/13 12:50:42.038, NVIDIA GeForce RTX 4090, GPU-457328ff-6f8e-1f53-8cc3-68ae75d90604, 595.91.07, P2, 57, 299.61 W, 100 %, 100 %, 21532 MiB, 24564 MiB, 2640 MHz, 10251 MHz
2026/09/13 12:50:43.040, NVIDIA GeForce RTX 4090, GPU-457328ff-6f8e-1f53-8cc3-68ae75d90604, 595.91.07, P2, 57, 299.43 W, 100 %, 100 %, 21532 MiB, 24564 MiB, 2640 MHz, 10251 MHz
2026/09/13 12:50:44.043, NVIDIA GeForce RTX 4090, GPU-457328ff-6f8e-1f53-8cc3-68ae75d90604, 595.91.07, P2, 57, 299.24 W, 100 %, 100 %, 21532 MiB, 24564 MiB, 2640 MHz, 10251 MHz
2026/09/13 12:50:45.045, NVIDIA GeForce RTX 4090, GPU-457328ff-6f8e-1f53-8cc3-68ae75d90604, 595.91.07, P2, 57, 298.87 W, 100 %, 100 %, 21532 MiB, 24564 MiB, 2640 MHz, 10251 MHz
2026/09/13 12:50:46.047, NVIDIA GeForce RTX 4090, GPU-457328ff-6f8e-1f53-8cc3-68ae75d90604, 595.91.07, P2, 57, 298.98 W, 100 %, 100 %, 21532 MiB, 24564 MiB, 2640 MHz, 10251 MHz
2026/09/13 12:50:47.049, NVIDIA GeForce RTX 4090, GPU-457328ff-6f8e-1f53-8cc3-68ae75d90604, 595.91.07, P2, 57, 293.32 W, 100 %, 100 %, 21532 MiB, 24564 MiB, 2640 MHz, 10251 MHz
2026/09/13 12:50:48.052, NVIDIA GeForce RTX 4090, GPU-457328ff-6f8e-1f53-8cc3-68ae75d90604, 595.91.07, P2, 57, 299.99 W, 100 %, 100 %, 21532 MiB, 24564 MiB, 2640 MHz, 10251 MHz
2026/09/13 12:50:49.055, NVIDIA GeForce RTX 4090, GPU-457328ff-6f8e-1f53-8cc3-68ae75d90604, 595.91.07, P2, 57, 300.51 W, 100 %, 100 %, 21532 MiB, 24564 MiB, 2640 MHz, 10251 MHz
2026/09/13 12:50:50.057, NVIDIA GeForce RTX 4090, GPU-457328ff-6f8e-1f53-8cc3-68ae75d90604, 595.91.07, P2, 57, 300.66 W, 100 %, 100 %, 21532 MiB, 24564 MiB, 2640 MHz, 10251 MHz
2026/09/13 12:50:51.060, NVIDIA GeForce RTX 4090, GPU-457328ff-6f8e-1f53-8cc3-68ae75d90604, 595.91.07, P2, 57, 300.21 W, 100 %, 100 %, 21532 MiB, 24564 MiB, 2640 MHz, 10251 MHz
2026/09/13 12:50:52.061, NVIDIA GeForce RTX 4090, GPU-457328ff-6f8e-1f53-8cc3-68ae75d90604, 595.91.07, P2, 57, 299.74 W, 100 %, 100 %, 21532 MiB, 24564 MiB, 2640 MHz, 10251 MHz
2026/09/13 12:50:53.064, NVIDIA GeForce RTX 4090, GPU-457328ff-6f8e-1f53-8cc3-68ae75d90604, 595.91.07, P2, 57, 299.81 W, 100 %, 100 %, 21532 MiB, 24564 MiB, 2640 MHz, 10251 MHz
2026/09/13 12:50:54.066, NVIDIA GeForce RTX 4090, GPU-457328ff-6f8e-1f53-8cc3-68ae75d90604, 595.91.07, P2, 57, 299.37 W, 100 %, 100 %, 21532 MiB, 24564 MiB, 2640 MHz, 10251 MHz
2026/09/13 12:50:55.069, NVIDIA GeForce RTX 4090, GPU-457328ff-6f8e-1f53-8cc3-68ae75d90604, 595.91.07, P2, 57, 299.14 W, 100 %, 100 %, 21532 MiB, 24564 MiB, 2640 MHz, 10251 MHz
2026/09/13 12:50:56.071, NVIDIA GeForce RTX 4090, GPU-457328ff-6f8e-1f53-8cc3-68ae75d90604, 595.91.07, P2, 57, 299.35 W, 100 %, 100 %, 21532 MiB, 24564 MiB, 2640 MHz, 10251 MHz
2026/09/13 12:50:57.074, NVIDIA GeForce RTX 4090, GPU-457328ff-6f8e-1f53-8cc3-68ae75d90604, 595.91.07, P2, 57, 299.31 W, 100 %, 100 %, 21532 MiB, 24564 MiB, 2640 MHz, 10251 MHz
2026/09/13 12:50:58.077, NVIDIA GeForce RTX 4090, GPU-457328ff-6f8e-1f53-8cc3-68ae75d90604, 595.91.07, P2, 57, 299.40 W, 100 %, 100 %, 21532 MiB, 24564 MiB, 2640 MHz, 10251 MHz
2026/09/13 12:50:59.079, NVIDIA GeForce RTX 4090, GPU-457328ff-6f8e-1f53-8cc3-68ae75d90604, 595.91.07, P2, 57, 299.37 W, 100 %, 100 %, 21532 MiB, 24564 MiB, 2640 MHz, 10251 MHz
2026/09/13 12:51:00.082, NVIDIA GeForce RTX 4090, GPU-457328ff-6f8e-1f53-8cc3-68ae75d90604, 595.91.07, P2, 57, 299.11 W, 100 %, 100 %, 21532 MiB, 24564 MiB, 2640 MHz, 10251 MHz
2026/09/13 12:51:01.084, NVIDIA GeForce RTX 4090, GPU-457328ff-6f8e-1f53-8cc3-68ae75d90604, 595.91.07, P2, 57, 298.76 W, 100 %, 100 %, 21532 MiB, 24564 MiB, 2640 MHz, 10251 MHz
2026/09/13 12:51:02.087, NVIDIA GeForce RTX 4090, GPU-457328ff-6f8e-1f53-8cc3-68ae75d90604, 595.91.07, P2, 57, 293.27 W, 100 %, 100 %, 21532 MiB, 24564 MiB, 2640 MHz, 10251 MHz
2026/09/13 12:51:03.089, NVIDIA GeForce RTX 4090, GPU-457328ff-6f8e-1f53-8cc3-68ae75d90604, 595.91.07, P2, 57, 300.26 W, 100 %, 100 %, 21532 MiB, 24564 MiB, 2640 MHz, 10251 MHz
2026/09/13 12:51:04.092, NVIDIA GeForce RTX 4090, GPU-457328ff-6f8e-1f53-8cc3-68ae75d90604, 595.91.07, P2, 57, 300.10 W, 100 %, 100 %, 21532 MiB, 24564 MiB, 2640 MHz, 10251 MHz
2026/09/13 12:51:05.094, NVIDIA GeForce RTX 4090, GPU-457328ff-6f8e-1f53-8cc3-68ae75d90604, 595.91.07, P2, 57, 300.31 W, 100 %, 100 %, 21532 MiB, 24564 MiB, 2640 MHz, 10251 MHz
2026/09/13 12:51:06.096, NVIDIA GeForce RTX 4090, GPU-457328ff-6f8e-1f53-8cc3-68ae75d90604, 595.91.07, P2, 57, 300.21 W, 100 %, 100 %, 21532 MiB, 24564 MiB, 2640 MHz, 10251 MHz
2026/09/13 12:51:07.098, NVIDIA GeForce RTX 4090, GPU-457328ff-6f8e-1f53-8cc3-68ae75d90604, 595.91.07, P2, 57, 300.33 W, 100 %, 100 %, 21532 MiB, 24564 MiB, 2640 MHz, 10251 MHz
2026/09/13 12:51:08.101, NVIDIA GeForce RTX 4090, GPU-457328ff-6f8e-1f53-8cc3-68ae75d90604, 595.91.07, P2, 57, 299.90 W, 100 %, 100 %, 21532 MiB, 24564 MiB, 2640 MHz, 10251 MHz
2026/09/13 12:51:09.103, NVIDIA GeForce RTX 4090, GPU-457328ff-6f8e-1f53-8cc3-68ae75d90604, 595.91.07, P2, 57, 299.46 W, 100 %, 100 %, 21532 MiB, 24564 MiB, 2640 MHz, 10251 MHz
2026/09/13 12:51:10.105, NVIDIA GeForce RTX 4090, GPU-457328ff-6f8e-1f53-8cc3-68ae75d90604, 595.91.07, P2, 57, 299.32 W, 100 %, 100 %, 21532 MiB, 24564 MiB, 2640 MHz, 10251 MHz
2026/09/13 12:51:11.108, NVIDIA GeForce RTX 4090, GPU-457328ff-6f8e-1f53-8cc3-68ae75d90604, 595.91.07, P2, 57, 299.07 W, 100 %, 100 %, 21532 MiB, 24564 MiB, 2640 MHz, 10251 MHz
2026/09/13 12:51:12.109, NVIDIA GeForce RTX 4090, GPU-457328ff-6f8e-1f53-8cc3-68ae75d90604, 595.91.07, P2, 57, 298.74 W, 100 %, 100 %, 21532 MiB, 24564 MiB, 2640 MHz, 10251 MHz
2026/09/13 12:51:13.112, NVIDIA GeForce RTX 4090, GPU-457328ff-6f8e-1f53-8cc3-68ae75d90604, 595.91.07, P2, 57, 298.97 W, 100 %, 100 %, 21532 MiB, 24564 MiB, 2640 MHz, 10251 MHz
2026/09/13 12:51:14.115, NVIDIA GeForce RTX 4090, GPU-457328ff-6f8e-1f53-8cc3-68ae75d90604, 595.91.07, P2, 57, 298.63 W, 100 %, 100 %, 21532 MiB, 24564 MiB, 2640 MHz, 10251 MHz
2026/09/13 12:51:15.116, NVIDIA GeForce RTX 4090, GPU-457328ff-6f8e-1f53-8cc3-68ae75d90604, 595.91.07, P2, 57, 298.35 W, 100 %, 100 %, 21532 MiB, 24564 MiB, 2640 MHz, 10251 MHz
2026/09/13 12:51:16.118, NVIDIA GeForce RTX 4090, GPU-457328ff-6f8e-1f53-8cc3-68ae75d90604, 595.91.07, P2, 57, 298.53 W, 100 %, 100 %, 21532 MiB, 24564 MiB, 2640 MHz, 10251 MHz
2026/09/13 12:51:17.121, NVIDIA GeForce RTX 4090, GPU-457328ff-6f8e-1f53-8cc3-68ae75d90604, 595.91.07, P2, 57, 298.24 W, 100 %, 100 %, 21532 MiB, 24564 MiB, 2640 MHz, 10251 MHz
2026/09/13 12:51:18.123, NVIDIA GeForce RTX 4090, GPU-457328ff-6f8e-1f53-8cc3-68ae75d90604, 595.91.07, P2, 57, 298.55 W, 100 %, 100 %, 21532 MiB, 24564 MiB, 2640 MHz, 10251 MHz
2026/09/13 12:51:19.125, NVIDIA GeForce RTX 4090, GPU-457328ff-6f8e-1f53-8cc3-68ae75d90604, 595.91.07, P2, 57, 291.77 W, 100 %, 100 %, 21532 MiB, 24564 MiB, 2640 MHz, 10251 MHz
2026/09/13 12:51:20.128, NVIDIA GeForce RTX 4090, GPU-457328ff-6f8e-1f53-8cc3-68ae75d90604, 595.91.07, P2, 57, 299.90 W, 100 %, 100 %, 21532 MiB, 24564 MiB, 2640 MHz, 10251 MHz
2026/09/13 12:51:21.130, NVIDIA GeForce RTX 4090, GPU-457328ff-6f8e-1f53-8cc3-68ae75d90604, 595.91.07, P2, 57, 299.56 W, 100 %, 100 %, 21532 MiB, 24564 MiB, 2640 MHz, 10251 MHz
2026/09/13 12:51:22.133, NVIDIA GeForce RTX 4090, GPU-457328ff-6f8e-1f53-8cc3-68ae75d90604, 595.91.07, P2, 57, 299.49 W, 100 %, 100 %, 21532 MiB, 24564 MiB, 2640 MHz, 10251 MHz
2026/09/13 12:51:23.135, NVIDIA GeForce RTX 4090, GPU-457328ff-6f8e-1f53-8cc3-68ae75d90604, 595.91.07, P2, 57, 299.68 W, 100 %, 100 %, 21532 MiB, 24564 MiB, 2640 MHz, 10251 MHz
2026/09/13 12:51:24.137, NVIDIA GeForce RTX 4090, GPU-457328ff-6f8e-1f53-8cc3-68ae75d90604, 595.91.07, P2, 57, 299.59 W, 100 %, 100 %, 21532 MiB, 24564 MiB, 2640 MHz, 10251 MHz
2026/09/13 12:51:25.140, NVIDIA GeForce RTX 4090, GPU-457328ff-6f8e-1f53-8cc3-68ae75d90604, 595.91.07, P2, 57, 299.40 W, 100 %, 100 %, 21532 MiB, 24564 MiB, 2640 MHz, 10251 MHz
2026/09/13 12:51:26.141, NVIDIA GeForce RTX 4090, GPU-457328ff-6f8e-1f53-8cc3-68ae75d90604, 595.91.07, P2, 57, 299.26 W, 100 %, 100 %, 21532 MiB, 24564 MiB, 2640 MHz, 10251 MHz
2026/09/13 12:51:27.143, NVIDIA GeForce RTX 4090, GPU-457328ff-6f8e-1f53-8cc3-68ae75d90604, 595.91.07, P2, 57, 298.97 W, 100 %, 100 %, 21532 MiB, 24564 MiB, 2640 MHz, 10251 MHz
2026/09/13 12:51:28.145, NVIDIA GeForce RTX 4090, GPU-457328ff-6f8e-1f53-8cc3-68ae75d90604, 595.91.07, P2, 57, 298.86 W, 100 %, 100 %, 21532 MiB, 24564 MiB, 2640 MHz, 10251 MHz
2026/09/13 12:51:29.148, NVIDIA GeForce RTX 4090, GPU-457328ff-6f8e-1f53-8cc3-68ae75d90604, 595.91.07, P2, 57, 298.84 W, 100 %, 100 %, 21532 MiB, 24564 MiB, 2640 MHz, 10251 MHz
2026/09/13 12:51:30.149, NVIDIA GeForce RTX 4090, GPU-457328ff-6f8e-1f53-8cc3-68ae75d90604, 595.91.07, P2, 57, 299.04 W, 100 %, 100 %, 21532 MiB, 24564 MiB, 2640 MHz, 10251 MHz
2026/09/13 12:51:31.151, NVIDIA GeForce RTX 4090, GPU-457328ff-6f8e-1f53-8cc3-68ae75d90604, 595.91.07, P2, 57, 298.97 W, 100 %, 100 %, 21532 MiB, 24564 MiB, 2640 MHz, 10251 MHz
2026/09/13 12:51:32.153, NVIDIA GeForce RTX 4090, GPU-457328ff-6f8e-1f53-8cc3-68ae75d90604, 595.91.07, P2, 57, 299.02 W, 100 %, 100 %, 21532 MiB, 24564 MiB, 2640 MHz, 10251 MHz
2026/09/13 12:51:33.156, NVIDIA GeForce RTX 4090, GPU-457328ff-6f8e-1f53-8cc3-68ae75d90604, 595.91.07, P2, 57, 299.17 W, 100 %, 100 %, 21532 MiB, 24564 MiB, 2640 MHz, 10251 MHz
2026/09/13 12:51:34.158, NVIDIA GeForce RTX 4090, GPU-457328ff-6f8e-1f53-8cc3-68ae75d90604, 595.91.07, P2, 57, 299.06 W, 100 %, 100 %, 21532 MiB, 24564 MiB, 2640 MHz, 10251 MHz
2026/09/13 12:51:35.161, NVIDIA GeForce RTX 4090, GPU-457328ff-6f8e-1f53-8cc3-68ae75d90604, 595.91.07, P2, 57, 298.75 W, 100 %, 100 %, 21532 MiB, 24564 MiB, 2640 MHz, 10251 MHz
2026/09/13 12:51:36.163, NVIDIA GeForce RTX 4090, GPU-457328ff-6f8e-1f53-8cc3-68ae75d90604, 595.91.07, P2, 57, 299.00 W, 100 %, 100 %, 21532 MiB, 24564 MiB, 2640 MHz, 10251 MHz
2026/09/13 12:51:37.165, NVIDIA GeForce RTX 4090, GPU-457328ff-6f8e-1f53-8cc3-68ae75d90604, 595.91.07, P2, 57, 298.97 W, 100 %, 100 %, 21532 MiB, 24564 MiB, 2640 MHz, 10251 MHz
2026/09/13 12:51:38.167, NVIDIA GeForce RTX 4090, GPU-457328ff-6f8e-1f53-8cc3-68ae75d90604, 595.91.07, P2, 57, 298.85 W, 100 %, 100 %, 21532 MiB, 24564 MiB, 2640 MHz, 10251 MHz
2026/09/13 12:51:39.170, NVIDIA GeForce RTX 4090, GPU-457328ff-6f8e-1f53-8cc3-68ae75d90604, 595.91.07, P2, 57, 298.85 W, 100 %, 100 %, 21532 MiB, 24564 MiB, 2640 MHz, 10251 MHz
2026/09/13 12:51:40.172, NVIDIA GeForce RTX 4090, GPU-457328ff-6f8e-1f53-8cc3-68ae75d90604, 595.91.07, P2, 57, 299.12 W, 100 %, 100 %, 21532 MiB, 24564 MiB, 2640 MHz, 10251 MHz
2026/09/13 12:51:41.174, NVIDIA GeForce RTX 4090, GPU-457328ff-6f8e-1f53-8cc3-68ae75d90604, 595.91.07, P2, 57, 299.09 W, 100 %, 100 %, 21532 MiB, 24564 MiB, 2640 MHz, 10251 MHz
2026/09/13 12:51:42.176, NVIDIA GeForce RTX 4090, GPU-457328ff-6f8e-1f53-8cc3-68ae75d90604, 595.91.07, P2, 57, 298.64 W, 100 %, 100 %, 21532 MiB, 24564 MiB, 2640 MHz, 10251 MHz
2026/09/13 12:51:43.178, NVIDIA GeForce RTX 4090, GPU-457328ff-6f8e-1f53-8cc3-68ae75d90604, 595.91.07, P2, 57, 298.39 W, 100 %, 100 %, 21532 MiB, 24564 MiB, 2640 MHz, 10251 MHz
2026/09/13 12:51:44.181, NVIDIA GeForce RTX 4090, GPU-457328ff-6f8e-1f53-8cc3-68ae75d90604, 595.91.07, P2, 57, 289.03 W, 100 %, 100 %, 21532 MiB, 24564 MiB, 2640 MHz, 10251 MHz
2026/09/13 12:51:45.183, NVIDIA GeForce RTX 4090, GPU-457328ff-6f8e-1f53-8cc3-68ae75d90604, 595.91.07, P2, 57, 300.69 W, 100 %, 100 %, 21532 MiB, 24564 MiB, 2640 MHz, 10251 MHz
2026/09/13 12:51:46.185, NVIDIA GeForce RTX 4090, GPU-457328ff-6f8e-1f53-8cc3-68ae75d90604, 595.91.07, P2, 57, 300.40 W, 100 %, 100 %, 21532 MiB, 24564 MiB, 2640 MHz, 10251 MHz
2026/09/13 12:51:47.186, NVIDIA GeForce RTX 4090, GPU-457328ff-6f8e-1f53-8cc3-68ae75d90604, 595.91.07, P2, 57, 300.23 W, 100 %, 100 %, 21532 MiB, 24564 MiB, 2640 MHz, 10251 MHz
2026/09/13 12:51:48.189, NVIDIA GeForce RTX 4090, GPU-457328ff-6f8e-1f53-8cc3-68ae75d90604, 595.91.07, P2, 57, 300.07 W, 100 %, 100 %, 21532 MiB, 24564 MiB, 2640 MHz, 10251 MHz
2026/09/13 12:51:49.191, NVIDIA GeForce RTX 4090, GPU-457328ff-6f8e-1f53-8cc3-68ae75d90604, 595.91.07, P2, 57, 299.54 W, 100 %, 100 %, 21532 MiB, 24564 MiB, 2640 MHz, 10251 MHz
2026/09/13 12:51:50.194, NVIDIA GeForce RTX 4090, GPU-457328ff-6f8e-1f53-8cc3-68ae75d90604, 595.91.07, P2, 57, 299.27 W, 100 %, 100 %, 21532 MiB, 24564 MiB, 2640 MHz, 10251 MHz
2026/09/13 12:51:51.196, NVIDIA GeForce RTX 4090, GPU-457328ff-6f8e-1f53-8cc3-68ae75d90604, 595.91.07, P2, 57, 299.30 W, 100 %, 100 %, 21532 MiB, 24564 MiB, 2640 MHz, 10251 MHz
2026/09/13 12:51:52.198, NVIDIA GeForce RTX 4090, GPU-457328ff-6f8e-1f53-8cc3-68ae75d90604, 595.91.07, P2, 57, 299.30 W, 100 %, 100 %, 21532 MiB, 24564 MiB, 2640 MHz, 10251 MHz
2026/09/13 12:51:53.200, NVIDIA GeForce RTX 4090, GPU-457328ff-6f8e-1f53-8cc3-68ae75d90604, 595.91.07, P2, 57, 299.14 W, 100 %, 100 %, 21532 MiB, 24564 MiB, 2640 MHz, 10251 MHz
2026/09/13 12:51:54.202, NVIDIA GeForce RTX 4090, GPU-457328ff-6f8e-1f53-8cc3-68ae75d90604, 595.91.07, P2, 57, 298.92 W, 100 %, 100 %, 21532 MiB, 24564 MiB, 2640 MHz, 10251 MHz
2026/09/13 12:51:55.203, NVIDIA GeForce RTX 4090, GPU-457328ff-6f8e-1f53-8cc3-68ae75d90604, 595.91.07, P2, 57, 293.22 W, 100 %, 100 %, 21532 MiB, 24564 MiB, 2640 MHz, 10251 MHz
2026/09/13 12:51:56.206, NVIDIA GeForce RTX 4090, GPU-457328ff-6f8e-1f53-8cc3-68ae75d90604, 595.91.07, P2, 57, 300.72 W, 100 %, 100 %, 21532 MiB, 24564 MiB, 2640 MHz, 10251 MHz
2026/09/13 12:51:57.208, NVIDIA GeForce RTX 4090, GPU-457328ff-6f8e-1f53-8cc3-68ae75d90604, 595.91.07, P2, 57, 300.35 W, 100 %, 100 %, 21532 MiB, 24564 MiB, 2640 MHz, 10251 MHz
2026/09/13 12:51:58.210, NVIDIA GeForce RTX 4090, GPU-457328ff-6f8e-1f53-8cc3-68ae75d90604, 595.91.07, P2, 57, 300.42 W, 100 %, 100 %, 21532 MiB, 24564 MiB, 2640 MHz, 10251 MHz
2026/09/13 12:51:59.213, NVIDIA GeForce RTX 4090, GPU-457328ff-6f8e-1f53-8cc3-68ae75d90604, 595.91.07, P2, 57, 300.00 W, 100 %, 100 %, 21532 MiB, 24564 MiB, 2640 MHz, 10251 MHz
2026/09/13 12:52:00.215, NVIDIA GeForce RTX 4090, GPU-457328ff-6f8e-1f53-8cc3-68ae75d90604, 595.91.07, P2, 57, 299.62 W, 100 %, 100 %, 21532 MiB, 24564 MiB, 2640 MHz, 10251 MHz
2026/09/13 12:52:01.217, NVIDIA GeForce RTX 4090, GPU-457328ff-6f8e-1f53-8cc3-68ae75d90604, 595.91.07, P2, 57, 299.35 W, 100 %, 100 %, 21532 MiB, 24564 MiB, 2640 MHz, 10251 MHz
2026/09/13 12:52:02.220, NVIDIA GeForce RTX 4090, GPU-457328ff-6f8e-1f53-8cc3-68ae75d90604, 595.91.07, P2, 57, 299.17 W, 100 %, 100 %, 21532 MiB, 24564 MiB, 2640 MHz, 10251 MHz
2026/09/13 12:52:03.223, NVIDIA GeForce RTX 4090, GPU-457328ff-6f8e-1f53-8cc3-68ae75d90604, 595.91.07, P2, 57, 299.06 W, 100 %, 100 %, 21532 MiB, 24564 MiB, 2640 MHz, 10251 MHz
2026/09/13 12:52:04.225, NVIDIA GeForce RTX 4090, GPU-457328ff-6f8e-1f53-8cc3-68ae75d90604, 595.91.07, P2, 57, 298.90 W, 100 %, 100 %, 21532 MiB, 24564 MiB, 2640 MHz, 10251 MHz
2026/09/13 12:52:05.228, NVIDIA GeForce RTX 4090, GPU-457328ff-6f8e-1f53-8cc3-68ae75d90604, 595.91.07, P2, 57, 299.06 W, 100 %, 100 %, 21532 MiB, 24564 MiB, 2640 MHz, 10251 MHz
2026/09/13 12:52:06.230, NVIDIA GeForce RTX 4090, GPU-457328ff-6f8e-1f53-8cc3-68ae75d90604, 595.91.07, P2, 57, 298.89 W, 100 %, 100 %, 21532 MiB, 24564 MiB, 2640 MHz, 10251 MHz
2026/09/13 12:52:07.233, NVIDIA GeForce RTX 4090, GPU-457328ff-6f8e-1f53-8cc3-68ae75d90604, 595.91.07, P2, 57, 299.04 W, 100 %, 100 %, 21532 MiB, 24564 MiB, 2640 MHz, 10251 MHz
2026/09/13 12:52:08.236, NVIDIA GeForce RTX 4090, GPU-457328ff-6f8e-1f53-8cc3-68ae75d90604, 595.91.07, P2, 57, 298.94 W, 100 %, 100 %, 21532 MiB, 24564 MiB, 2640 MHz, 10251 MHz
2026/09/13 12:52:09.238, NVIDIA GeForce RTX 4090, GPU-457328ff-6f8e-1f53-8cc3-68ae75d90604, 595.91.07, P2, 57, 298.83 W, 100 %, 100 %, 21532 MiB, 24564 MiB, 2640 MHz, 10251 MHz
2026/09/13 12:52:10.240, NVIDIA GeForce RTX 4090, GPU-457328ff-6f8e-1f53-8cc3-68ae75d90604, 595.91.07, P2, 57, 298.71 W, 100 %, 100 %, 21532 MiB, 24564 MiB, 2640 MHz, 10251 MHz
2026/09/13 12:52:11.242, NVIDIA GeForce RTX 4090, GPU-457328ff-6f8e-1f53-8cc3-68ae75d90604, 595.91.07, P2, 57, 298.57 W, 100 %, 100 %, 21532 MiB, 24564 MiB, 2640 MHz, 10251 MHz
2026/09/13 12:52:12.244, NVIDIA GeForce RTX 4090, GPU-457328ff-6f8e-1f53-8cc3-68ae75d90604, 595.91.07, P2, 57, 298.61 W, 100 %, 100 %, 21532 MiB, 24564 MiB, 2640 MHz, 10251 MHz
2026/09/13 12:52:13.246, NVIDIA GeForce RTX 4090, GPU-457328ff-6f8e-1f53-8cc3-68ae75d90604, 595.91.07, P2, 57, 298.44 W, 100 %, 100 %, 21532 MiB, 24564 MiB, 2640 MHz, 10251 MHz
2026/09/13 12:52:14.248, NVIDIA GeForce RTX 4090, GPU-457328ff-6f8e-1f53-8cc3-68ae75d90604, 595.91.07, P2, 57, 298.55 W, 100 %, 100 %, 21532 MiB, 24564 MiB, 2640 MHz, 10251 MHz
2026/09/13 12:52:15.251, NVIDIA GeForce RTX 4090, GPU-457328ff-6f8e-1f53-8cc3-68ae75d90604, 595.91.07, P2, 57, 298.49 W, 100 %, 100 %, 21532 MiB, 24564 MiB, 2640 MHz, 10251 MHz
2026/09/13 12:52:16.252, NVIDIA GeForce RTX 4090, GPU-457328ff-6f8e-1f53-8cc3-68ae75d90604, 595.91.07, P2, 57, 289.13 W, 100 %, 100 %, 21532 MiB, 24564 MiB, 2640 MHz, 10251 MHz
2026/09/13 12:52:17.254, NVIDIA GeForce RTX 4090, GPU-457328ff-6f8e-1f53-8cc3-68ae75d90604, 595.91.07, P2, 57, 300.42 W, 100 %, 100 %, 21532 MiB, 24564 MiB, 2640 MHz, 10251 MHz
2026/09/13 12:52:18.288, NVIDIA GeForce RTX 4090, GPU-457328ff-6f8e-1f53-8cc3-68ae75d90604, 595.91.07, P2, 57, 300.30 W, 100 %, 100 %, 21532 MiB, 24564 MiB, 2640 MHz, 10251 MHz
2026/09/13 12:52:19.291, NVIDIA GeForce RTX 4090, GPU-457328ff-6f8e-1f53-8cc3-68ae75d90604, 595.91.07, P2, 57, 300.26 W, 100 %, 100 %, 21532 MiB, 24564 MiB, 2640 MHz, 10251 MHz
2026/09/13 12:52:20.292, NVIDIA GeForce RTX 4090, GPU-457328ff-6f8e-1f53-8cc3-68ae75d90604, 595.91.07, P2, 57, 300.14 W, 100 %, 100 %, 21532 MiB, 24564 MiB, 2640 MHz, 10251 MHz
2026/09/13 12:52:21.295, NVIDIA GeForce RTX 4090, GPU-457328ff-6f8e-1f53-8cc3-68ae75d90604, 595.91.07, P2, 57, 299.62 W, 100 %, 100 %, 21532 MiB, 24564 MiB, 2640 MHz, 10251 MHz
2026/09/13 12:52:22.297, NVIDIA GeForce RTX 4090, GPU-457328ff-6f8e-1f53-8cc3-68ae75d90604, 595.91.07, P2, 57, 299.24 W, 100 %, 100 %, 21532 MiB, 24564 MiB, 2640 MHz, 10251 MHz
2026/09/13 12:52:23.299, NVIDIA GeForce RTX 4090, GPU-457328ff-6f8e-1f53-8cc3-68ae75d90604, 595.91.07, P2, 57, 298.87 W, 100 %, 100 %, 21532 MiB, 24564 MiB, 2640 MHz, 10251 MHz
2026/09/13 12:52:24.302, NVIDIA GeForce RTX 4090, GPU-457328ff-6f8e-1f53-8cc3-68ae75d90604, 595.91.07, P2, 57, 299.08 W, 100 %, 100 %, 21532 MiB, 24564 MiB, 2640 MHz, 10251 MHz
2026/09/13 12:52:25.305, NVIDIA GeForce RTX 4090, GPU-457328ff-6f8e-1f53-8cc3-68ae75d90604, 595.91.07, P2, 57, 298.97 W, 100 %, 100 %, 21532 MiB, 24564 MiB, 2640 MHz, 10251 MHz
2026/09/13 12:52:26.307, NVIDIA GeForce RTX 4090, GPU-457328ff-6f8e-1f53-8cc3-68ae75d90604, 595.91.07, P2, 57, 299.05 W, 100 %, 100 %, 21532 MiB, 24564 MiB, 2640 MHz, 10251 MHz
2026/09/13 12:52:27.309, NVIDIA GeForce RTX 4090, GPU-457328ff-6f8e-1f53-8cc3-68ae75d90604, 595.91.07, P2, 57, 298.68 W, 100 %, 100 %, 21532 MiB, 24564 MiB, 2640 MHz, 10251 MHz
2026/09/13 12:52:28.310, NVIDIA GeForce RTX 4090, GPU-457328ff-6f8e-1f53-8cc3-68ae75d90604, 595.91.07, P2, 56, 298.26 W, 100 %, 100 %, 21532 MiB, 24564 MiB, 2640 MHz, 10251 MHz
2026/09/13 12:52:29.312, NVIDIA GeForce RTX 4090, GPU-457328ff-6f8e-1f53-8cc3-68ae75d90604, 595.91.07, P2, 57, 298.26 W, 100 %, 100 %, 21532 MiB, 24564 MiB, 2640 MHz, 10251 MHz
2026/09/13 12:52:30.314, NVIDIA GeForce RTX 4090, GPU-457328ff-6f8e-1f53-8cc3-68ae75d90604, 595.91.07, P2, 56, 298.43 W, 100 %, 100 %, 21532 MiB, 24564 MiB, 2640 MHz, 10251 MHz
2026/09/13 12:52:31.317, NVIDIA GeForce RTX 4090, GPU-457328ff-6f8e-1f53-8cc3-68ae75d90604, 595.91.07, P2, 56, 298.06 W, 100 %, 100 %, 21532 MiB, 24564 MiB, 2640 MHz, 10251 MHz
2026/09/13 12:52:32.319, NVIDIA GeForce RTX 4090, GPU-457328ff-6f8e-1f53-8cc3-68ae75d90604, 595.91.07, P2, 56, 297.99 W, 100 %, 100 %, 21532 MiB, 24564 MiB, 2640 MHz, 10251 MHz
2026/09/13 12:52:33.321, NVIDIA GeForce RTX 4090, GPU-457328ff-6f8e-1f53-8cc3-68ae75d90604, 595.91.07, P2, 56, 297.73 W, 100 %, 100 %, 21532 MiB, 24564 MiB, 2640 MHz, 10251 MHz
2026/09/13 12:52:34.323, NVIDIA GeForce RTX 4090, GPU-457328ff-6f8e-1f53-8cc3-68ae75d90604, 595.91.07, P2, 56, 298.05 W, 100 %, 100 %, 21532 MiB, 24564 MiB, 2640 MHz, 10251 MHz
2026/09/13 12:52:35.326, NVIDIA GeForce RTX 4090, GPU-457328ff-6f8e-1f53-8cc3-68ae75d90604, 595.91.07, P2, 56, 289.36 W, 100 %, 100 %, 21532 MiB, 24564 MiB, 2640 MHz, 10251 MHz
2026/09/13 12:52:36.327, NVIDIA GeForce RTX 4090, GPU-457328ff-6f8e-1f53-8cc3-68ae75d90604, 595.91.07, P2, 56, 300.02 W, 100 %, 100 %, 21532 MiB, 24564 MiB, 2640 MHz, 10251 MHz
2026/09/13 12:52:37.330, NVIDIA GeForce RTX 4090, GPU-457328ff-6f8e-1f53-8cc3-68ae75d90604, 595.91.07, P2, 56, 299.94 W, 100 %, 100 %, 21532 MiB, 24564 MiB, 2640 MHz, 10251 MHz
2026/09/13 12:52:38.332, NVIDIA GeForce RTX 4090, GPU-457328ff-6f8e-1f53-8cc3-68ae75d90604, 595.91.07, P2, 56, 299.87 W, 100 %, 100 %, 21532 MiB, 24564 MiB, 2640 MHz, 10251 MHz
2026/09/13 12:52:39.336, NVIDIA GeForce RTX 4090, GPU-457328ff-6f8e-1f53-8cc3-68ae75d90604, 595.91.07, P2, 56, 299.76 W, 100 %, 100 %, 21532 MiB, 24564 MiB, 2640 MHz, 10251 MHz
2026/09/13 12:52:40.339, NVIDIA GeForce RTX 4090, GPU-457328ff-6f8e-1f53-8cc3-68ae75d90604, 595.91.07, P2, 56, 300.02 W, 100 %, 100 %, 21532 MiB, 24564 MiB, 2640 MHz, 10251 MHz
2026/09/13 12:52:41.341, NVIDIA GeForce RTX 4090, GPU-457328ff-6f8e-1f53-8cc3-68ae75d90604, 595.91.07, P2, 56, 299.91 W, 100 %, 100 %, 21532 MiB, 24564 MiB, 2640 MHz, 10251 MHz
2026/09/13 12:52:42.343, NVIDIA GeForce RTX 4090, GPU-457328ff-6f8e-1f53-8cc3-68ae75d90604, 595.91.07, P2, 56, 299.55 W, 100 %, 100 %, 21532 MiB, 24564 MiB, 2640 MHz, 10251 MHz
2026/09/13 12:52:43.345, NVIDIA GeForce RTX 4090, GPU-457328ff-6f8e-1f53-8cc3-68ae75d90604, 595.91.07, P2, 56, 299.06 W, 100 %, 100 %, 21532 MiB, 24564 MiB, 2640 MHz, 10251 MHz
2026/09/13 12:52:44.347, NVIDIA GeForce RTX 4090, GPU-457328ff-6f8e-1f53-8cc3-68ae75d90604, 595.91.07, P2, 56, 298.85 W, 100 %, 100 %, 21532 MiB, 24564 MiB, 2640 MHz, 10251 MHz
2026/09/13 12:52:45.350, NVIDIA GeForce RTX 4090, GPU-457328ff-6f8e-1f53-8cc3-68ae75d90604, 595.91.07, P2, 56, 298.62 W, 100 %, 100 %, 21532 MiB, 24564 MiB, 2640 MHz, 10251 MHz
2026/09/13 12:52:46.353, NVIDIA GeForce RTX 4090, GPU-457328ff-6f8e-1f53-8cc3-68ae75d90604, 595.91.07, P2, 56, 298.26 W, 100 %, 100 %, 21532 MiB, 24564 MiB, 2640 MHz, 10251 MHz
2026/09/13 12:52:47.356, NVIDIA GeForce RTX 4090, GPU-457328ff-6f8e-1f53-8cc3-68ae75d90604, 595.91.07, P2, 56, 298.06 W, 100 %, 100 %, 21532 MiB, 24564 MiB, 2640 MHz, 10251 MHz
2026/09/13 12:52:48.359, NVIDIA GeForce RTX 4090, GPU-457328ff-6f8e-1f53-8cc3-68ae75d90604, 595.91.07, P2, 56, 298.22 W, 100 %, 100 %, 21532 MiB, 24564 MiB, 2640 MHz, 10251 MHz
2026/09/13 12:52:49.362, NVIDIA GeForce RTX 4090, GPU-457328ff-6f8e-1f53-8cc3-68ae75d90604, 595.91.07, P2, 56, 298.04 W, 100 %, 100 %, 21532 MiB, 24564 MiB, 2640 MHz, 10251 MHz
2026/09/13 12:52:50.365, NVIDIA GeForce RTX 4090, GPU-457328ff-6f8e-1f53-8cc3-68ae75d90604, 595.91.07, P2, 56, 297.96 W, 100 %, 100 %, 21532 MiB, 24564 MiB, 2640 MHz, 10251 MHz
2026/09/13 12:52:51.368, NVIDIA GeForce RTX 4090, GPU-457328ff-6f8e-1f53-8cc3-68ae75d90604, 595.91.07, P2, 56, 298.17 W, 100 %, 100 %, 21532 MiB, 24564 MiB, 2640 MHz, 10251 MHz
2026/09/13 12:52:52.370, NVIDIA GeForce RTX 4090, GPU-457328ff-6f8e-1f53-8cc3-68ae75d90604, 595.91.07, P2, 56, 298.15 W, 100 %, 100 %, 21532 MiB, 24564 MiB, 2640 MHz, 10251 MHz
2026/09/13 12:52:53.373, NVIDIA GeForce RTX 4090, GPU-457328ff-6f8e-1f53-8cc3-68ae75d90604, 595.91.07, P2, 56, 297.97 W, 100 %, 100 %, 21532 MiB, 24564 MiB, 2640 MHz, 10251 MHz
2026/09/13 12:52:54.376, NVIDIA GeForce RTX 4090, GPU-457328ff-6f8e-1f53-8cc3-68ae75d90604, 595.91.07, P2, 56, 298.07 W, 100 %, 100 %, 21532 MiB, 24564 MiB, 2640 MHz, 10251 MHz
2026/09/13 12:52:55.379, NVIDIA GeForce RTX 4090, GPU-457328ff-6f8e-1f53-8cc3-68ae75d90604, 595.91.07, P2, 56, 297.73 W, 100 %, 100 %, 21532 MiB, 24564 MiB, 2640 MHz, 10251 MHz
2026/09/13 12:52:56.381, NVIDIA GeForce RTX 4090, GPU-457328ff-6f8e-1f53-8cc3-68ae75d90604, 595.91.07, P2, 56, 297.97 W, 100 %, 100 %, 21532 MiB, 24564 MiB, 2640 MHz, 10251 MHz
2026/09/13 12:52:57.384, NVIDIA GeForce RTX 4090, GPU-457328ff-6f8e-1f53-8cc3-68ae75d90604, 595.91.07, P2, 56, 297.99 W, 100 %, 100 %, 21532 MiB, 24564 MiB, 2640 MHz, 10251 MHz
2026/09/13 12:52:58.386, NVIDIA GeForce RTX 4090, GPU-457328ff-6f8e-1f53-8cc3-68ae75d90604, 595.91.07, P2, 56, 298.15 W, 100 %, 100 %, 21532 MiB, 24564 MiB, 2640 MHz, 10251 MHz
2026/09/13 12:52:59.389, NVIDIA GeForce RTX 4090, GPU-457328ff-6f8e-1f53-8cc3-68ae75d90604, 595.91.07, P2, 56, 298.46 W, 100 %, 100 %, 21532 MiB, 24564 MiB, 2640 MHz, 10251 MHz
2026/09/13 12:53:00.391, NVIDIA GeForce RTX 4090, GPU-457328ff-6f8e-1f53-8cc3-68ae75d90604, 595.91.07, P2, 56, 298.53 W, 100 %, 100 %, 21532 MiB, 24564 MiB, 2640 MHz, 10251 MHz
2026/09/13 12:53:01.394, NVIDIA GeForce RTX 4090, GPU-457328ff-6f8e-1f53-8cc3-68ae75d90604, 595.91.07, P2, 56, 298.71 W, 100 %, 100 %, 21532 MiB, 24564 MiB, 2640 MHz, 10251 MHz
2026/09/13 12:53:02.396, NVIDIA GeForce RTX 4090, GPU-457328ff-6f8e-1f53-8cc3-68ae75d90604, 595.91.07, P2, 56, 298.59 W, 100 %, 100 %, 21532 MiB, 24564 MiB, 2640 MHz, 10251 MHz
2026/09/13 12:53:03.399, NVIDIA GeForce RTX 4090, GPU-457328ff-6f8e-1f53-8cc3-68ae75d90604, 595.91.07, P2, 56, 298.59 W, 100 %, 100 %, 21532 MiB, 24564 MiB, 2640 MHz, 10251 MHz
2026/09/13 12:53:04.401, NVIDIA GeForce RTX 4090, GPU-457328ff-6f8e-1f53-8cc3-68ae75d90604, 595.91.07, P2, 56, 298.25 W, 100 %, 100 %, 21532 MiB, 24564 MiB, 2640 MHz, 10251 MHz
2026/09/13 12:53:05.403, NVIDIA GeForce RTX 4090, GPU-457328ff-6f8e-1f53-8cc3-68ae75d90604, 595.91.07, P2, 56, 298.40 W, 100 %, 100 %, 21532 MiB, 24564 MiB, 2640 MHz, 10251 MHz
2026/09/13 12:53:06.406, NVIDIA GeForce RTX 4090, GPU-457328ff-6f8e-1f53-8cc3-68ae75d90604, 595.91.07, P2, 56, 298.42 W, 100 %, 100 %, 21532 MiB, 24564 MiB, 2640 MHz, 10251 MHz
2026/09/13 12:53:07.408, NVIDIA GeForce RTX 4090, GPU-457328ff-6f8e-1f53-8cc3-68ae75d90604, 595.91.07, P2, 56, 298.25 W, 100 %, 100 %, 21532 MiB, 24564 MiB, 2640 MHz, 10251 MHz
2026/09/13 12:53:08.411, NVIDIA GeForce RTX 4090, GPU-457328ff-6f8e-1f53-8cc3-68ae75d90604, 595.91.07, P2, 56, 298.47 W, 100 %, 100 %, 21532 MiB, 24564 MiB, 2640 MHz, 10251 MHz
2026/09/13 12:53:09.413, NVIDIA GeForce RTX 4090, GPU-457328ff-6f8e-1f53-8cc3-68ae75d90604, 595.91.07, P2, 56, 298.45 W, 100 %, 100 %, 21532 MiB, 24564 MiB, 2640 MHz, 10251 MHz
2026/09/13 12:53:10.416, NVIDIA GeForce RTX 4090, GPU-457328ff-6f8e-1f53-8cc3-68ae75d90604, 595.91.07, P2, 56, 298.58 W, 100 %, 100 %, 21532 MiB, 24564 MiB, 2640 MHz, 10251 MHz
2026/09/13 12:53:11.419, NVIDIA GeForce RTX 4090, GPU-457328ff-6f8e-1f53-8cc3-68ae75d90604, 595.91.07, P2, 56, 298.67 W, 100 %, 100 %, 21532 MiB, 24564 MiB, 2640 MHz, 10251 MHz
2026/09/13 12:53:12.421, NVIDIA GeForce RTX 4090, GPU-457328ff-6f8e-1f53-8cc3-68ae75d90604, 595.91.07, P2, 56, 298.62 W, 100 %, 100 %, 21532 MiB, 24564 MiB, 2640 MHz, 10251 MHz
2026/09/13 12:53:13.424, NVIDIA GeForce RTX 4090, GPU-457328ff-6f8e-1f53-8cc3-68ae75d90604, 595.91.07, P2, 56, 298.34 W, 100 %, 100 %, 21532 MiB, 24564 MiB, 2640 MHz, 10251 MHz
2026/09/13 12:53:14.426, NVIDIA GeForce RTX 4090, GPU-457328ff-6f8e-1f53-8cc3-68ae75d90604, 595.91.07, P2, 56, 297.78 W, 100 %, 100 %, 21532 MiB, 24564 MiB, 2640 MHz, 10251 MHz
2026/09/13 12:53:15.428, NVIDIA GeForce RTX 4090, GPU-457328ff-6f8e-1f53-8cc3-68ae75d90604, 595.91.07, P2, 56, 297.89 W, 100 %, 100 %, 21532 MiB, 24564 MiB, 2640 MHz, 10251 MHz
2026/09/13 12:53:16.430, NVIDIA GeForce RTX 4090, GPU-457328ff-6f8e-1f53-8cc3-68ae75d90604, 595.91.07, P2, 56, 282.57 W, 58 %, 54 %, 21532 MiB, 24564 MiB, 2640 MHz, 10251 MHz
2026/09/13 12:53:17.432, NVIDIA GeForce RTX 4090, GPU-457328ff-6f8e-1f53-8cc3-68ae75d90604, 595.91.07, P2, 56, 293.28 W, 100 %, 100 %, 21532 MiB, 24564 MiB, 2640 MHz, 10251 MHz
2026/09/13 12:53:18.434, NVIDIA GeForce RTX 4090, GPU-457328ff-6f8e-1f53-8cc3-68ae75d90604, 595.91.07, P2, 56, 299.81 W, 100 %, 100 %, 21532 MiB, 24564 MiB, 2640 MHz, 10251 MHz
2026/09/13 12:53:19.437, NVIDIA GeForce RTX 4090, GPU-457328ff-6f8e-1f53-8cc3-68ae75d90604, 595.91.07, P2, 56, 299.81 W, 100 %, 100 %, 21532 MiB, 24564 MiB, 2640 MHz, 10251 MHz
2026/09/13 12:53:20.439, NVIDIA GeForce RTX 4090, GPU-457328ff-6f8e-1f53-8cc3-68ae75d90604, 595.91.07, P2, 56, 299.46 W, 100 %, 100 %, 21532 MiB, 24564 MiB, 2640 MHz, 10251 MHz
2026/09/13 12:53:21.441, NVIDIA GeForce RTX 4090, GPU-457328ff-6f8e-1f53-8cc3-68ae75d90604, 595.91.07, P2, 56, 299.46 W, 100 %, 100 %, 21532 MiB, 24564 MiB, 2640 MHz, 10251 MHz
2026/09/13 12:53:22.444, NVIDIA GeForce RTX 4090, GPU-457328ff-6f8e-1f53-8cc3-68ae75d90604, 595.91.07, P2, 56, 299.10 W, 100 %, 100 %, 21532 MiB, 24564 MiB, 2640 MHz, 10251 MHz
2026/09/13 12:53:23.446, NVIDIA GeForce RTX 4090, GPU-457328ff-6f8e-1f53-8cc3-68ae75d90604, 595.91.07, P2, 56, 298.45 W, 100 %, 100 %, 21532 MiB, 24564 MiB, 2640 MHz, 10251 MHz
2026/09/13 12:53:24.449, NVIDIA GeForce RTX 4090, GPU-457328ff-6f8e-1f53-8cc3-68ae75d90604, 595.91.07, P2, 56, 298.27 W, 100 %, 100 %, 21532 MiB, 24564 MiB, 2640 MHz, 10251 MHz
2026/09/13 12:53:25.451, NVIDIA GeForce RTX 4090, GPU-457328ff-6f8e-1f53-8cc3-68ae75d90604, 595.91.07, P2, 56, 298.32 W, 100 %, 100 %, 21532 MiB, 24564 MiB, 2640 MHz, 10251 MHz
2026/09/13 12:53:26.454, NVIDIA GeForce RTX 4090, GPU-457328ff-6f8e-1f53-8cc3-68ae75d90604, 595.91.07, P2, 56, 298.28 W, 100 %, 100 %, 21532 MiB, 24564 MiB, 2640 MHz, 10251 MHz
2026/09/13 12:53:27.457, NVIDIA GeForce RTX 4090, GPU-457328ff-6f8e-1f53-8cc3-68ae75d90604, 595.91.07, P2, 56, 298.46 W, 100 %, 100 %, 21532 MiB, 24564 MiB, 2640 MHz, 10251 MHz
2026/09/13 12:53:28.459, NVIDIA GeForce RTX 4090, GPU-457328ff-6f8e-1f53-8cc3-68ae75d90604, 595.91.07, P2, 56, 298.27 W, 100 %, 100 %, 21532 MiB, 24564 MiB, 2640 MHz, 10251 MHz
2026/09/13 12:53:29.462, NVIDIA GeForce RTX 4090, GPU-457328ff-6f8e-1f53-8cc3-68ae75d90604, 595.91.07, P2, 56, 298.01 W, 100 %, 100 %, 21532 MiB, 24564 MiB, 2640 MHz, 10251 MHz
2026/09/13 12:53:30.464, NVIDIA GeForce RTX 4090, GPU-457328ff-6f8e-1f53-8cc3-68ae75d90604, 595.91.07, P2, 56, 297.49 W, 100 %, 100 %, 21532 MiB, 24564 MiB, 2640 MHz, 10251 MHz
2026/09/13 12:53:31.467, NVIDIA GeForce RTX 4090, GPU-457328ff-6f8e-1f53-8cc3-68ae75d90604, 595.91.07, P2, 56, 297.77 W, 100 %, 100 %, 21532 MiB, 24564 MiB, 2640 MHz, 10251 MHz
2026/09/13 12:53:32.470, NVIDIA GeForce RTX 4090, GPU-457328ff-6f8e-1f53-8cc3-68ae75d90604, 595.91.07, P2, 56, 297.82 W, 100 %, 100 %, 21532 MiB, 24564 MiB, 2640 MHz, 10251 MHz
2026/09/13 12:53:33.472, NVIDIA GeForce RTX 4090, GPU-457328ff-6f8e-1f53-8cc3-68ae75d90604, 595.91.07, P2, 56, 298.13 W, 100 %, 100 %, 21532 MiB, 24564 MiB, 2640 MHz, 10251 MHz
2026/09/13 12:53:34.474, NVIDIA GeForce RTX 4090, GPU-457328ff-6f8e-1f53-8cc3-68ae75d90604, 595.91.07, P2, 56, 297.80 W, 100 %, 100 %, 21532 MiB, 24564 MiB, 2640 MHz, 10251 MHz
2026/09/13 12:53:35.476, NVIDIA GeForce RTX 4090, GPU-457328ff-6f8e-1f53-8cc3-68ae75d90604, 595.91.07, P2, 56, 297.37 W, 100 %, 100 %, 21532 MiB, 24564 MiB, 2640 MHz, 10251 MHz
2026/09/13 12:53:36.479, NVIDIA GeForce RTX 4090, GPU-457328ff-6f8e-1f53-8cc3-68ae75d90604, 595.91.07, P2, 56, 297.46 W, 100 %, 100 %, 21532 MiB, 24564 MiB, 2640 MHz, 10251 MHz
2026/09/13 12:53:37.481, NVIDIA GeForce RTX 4090, GPU-457328ff-6f8e-1f53-8cc3-68ae75d90604, 595.91.07, P2, 56, 297.49 W, 100 %, 100 %, 21532 MiB, 24564 MiB, 2640 MHz, 10251 MHz
2026/09/13 12:53:38.483, NVIDIA GeForce RTX 4090, GPU-457328ff-6f8e-1f53-8cc3-68ae75d90604, 595.91.07, P2, 56, 297.81 W, 100 %, 100 %, 21532 MiB, 24564 MiB, 2640 MHz, 10251 MHz
2026/09/13 12:53:39.486, NVIDIA GeForce RTX 4090, GPU-457328ff-6f8e-1f53-8cc3-68ae75d90604, 595.91.07, P2, 56, 290.26 W, 100 %, 100 %, 21532 MiB, 24564 MiB, 2640 MHz, 10251 MHz
2026/09/13 12:53:40.488, NVIDIA GeForce RTX 4090, GPU-457328ff-6f8e-1f53-8cc3-68ae75d90604, 595.91.07, P2, 56, 300.14 W, 100 %, 100 %, 21532 MiB, 24564 MiB, 2640 MHz, 10251 MHz
2026/09/13 12:53:41.490, NVIDIA GeForce RTX 4090, GPU-457328ff-6f8e-1f53-8cc3-68ae75d90604, 595.91.07, P2, 56, 299.79 W, 100 %, 100 %, 21532 MiB, 24564 MiB, 2640 MHz, 10251 MHz
2026/09/13 12:53:42.492, NVIDIA GeForce RTX 4090, GPU-457328ff-6f8e-1f53-8cc3-68ae75d90604, 595.91.07, P2, 56, 299.48 W, 100 %, 100 %, 21532 MiB, 24564 MiB, 2640 MHz, 10251 MHz
2026/09/13 12:53:43.495, NVIDIA GeForce RTX 4090, GPU-457328ff-6f8e-1f53-8cc3-68ae75d90604, 595.91.07, P2, 56, 299.35 W, 100 %, 100 %, 21532 MiB, 24564 MiB, 2640 MHz, 10251 MHz
2026/09/13 12:53:44.497, NVIDIA GeForce RTX 4090, GPU-457328ff-6f8e-1f53-8cc3-68ae75d90604, 595.91.07, P2, 56, 299.23 W, 100 %, 100 %, 21532 MiB, 24564 MiB, 2640 MHz, 10251 MHz
2026/09/13 12:53:45.498, NVIDIA GeForce RTX 4090, GPU-457328ff-6f8e-1f53-8cc3-68ae75d90604, 595.91.07, P2, 56, 299.45 W, 100 %, 100 %, 21532 MiB, 24564 MiB, 2640 MHz, 10251 MHz
2026/09/13 12:53:46.500, NVIDIA GeForce RTX 4090, GPU-457328ff-6f8e-1f53-8cc3-68ae75d90604, 595.91.07, P2, 56, 298.94 W, 100 %, 100 %, 21532 MiB, 24564 MiB, 2640 MHz, 10251 MHz
2026/09/13 12:53:47.502, NVIDIA GeForce RTX 4090, GPU-457328ff-6f8e-1f53-8cc3-68ae75d90604, 595.91.07, P2, 56, 298.63 W, 100 %, 100 %, 21532 MiB, 24564 MiB, 2640 MHz, 10251 MHz
2026/09/13 12:53:48.506, NVIDIA GeForce RTX 4090, GPU-457328ff-6f8e-1f53-8cc3-68ae75d90604, 595.91.07, P2, 56, 298.51 W, 100 %, 100 %, 21532 MiB, 24564 MiB, 2640 MHz, 10251 MHz
2026/09/13 12:53:49.508, NVIDIA GeForce RTX 4090, GPU-457328ff-6f8e-1f53-8cc3-68ae75d90604, 595.91.07, P2, 56, 298.43 W, 100 %, 100 %, 21532 MiB, 24564 MiB, 2640 MHz, 10251 MHz
2026/09/13 12:53:50.510, NVIDIA GeForce RTX 4090, GPU-457328ff-6f8e-1f53-8cc3-68ae75d90604, 595.91.07, P2, 56, 297.92 W, 100 %, 100 %, 21532 MiB, 24564 MiB, 2640 MHz, 10251 MHz
2026/09/13 12:53:51.512, NVIDIA GeForce RTX 4090, GPU-457328ff-6f8e-1f53-8cc3-68ae75d90604, 595.91.07, P2, 56, 298.12 W, 100 %, 100 %, 21532 MiB, 24564 MiB, 2640 MHz, 10251 MHz
2026/09/13 12:53:52.513, NVIDIA GeForce RTX 4090, GPU-457328ff-6f8e-1f53-8cc3-68ae75d90604, 595.91.07, P2, 56, 298.11 W, 100 %, 100 %, 21532 MiB, 24564 MiB, 2640 MHz, 10251 MHz
2026/09/13 12:53:53.514, NVIDIA GeForce RTX 4090, GPU-457328ff-6f8e-1f53-8cc3-68ae75d90604, 595.91.07, P2, 56, 298.12 W, 100 %, 100 %, 21532 MiB, 24564 MiB, 2640 MHz, 10251 MHz
2026/09/13 12:53:54.516, NVIDIA GeForce RTX 4090, GPU-457328ff-6f8e-1f53-8cc3-68ae75d90604, 595.91.07, P2, 56, 298.24 W, 100 %, 100 %, 21532 MiB, 24564 MiB, 2640 MHz, 10251 MHz
2026/09/13 12:53:55.518, NVIDIA GeForce RTX 4090, GPU-457328ff-6f8e-1f53-8cc3-68ae75d90604, 595.91.07, P2, 56, 298.35 W, 100 %, 100 %, 21532 MiB, 24564 MiB, 2640 MHz, 10251 MHz
2026/09/13 12:53:56.519, NVIDIA GeForce RTX 4090, GPU-457328ff-6f8e-1f53-8cc3-68ae75d90604, 595.91.07, P2, 56, 297.94 W, 100 %, 100 %, 21532 MiB, 24564 MiB, 2640 MHz, 10251 MHz
2026/09/13 12:53:57.521, NVIDIA GeForce RTX 4090, GPU-457328ff-6f8e-1f53-8cc3-68ae75d90604, 595.91.07, P2, 56, 287.68 W, 100 %, 100 %, 21532 MiB, 24564 MiB, 2640 MHz, 10251 MHz
2026/09/13 12:53:58.523, NVIDIA GeForce RTX 4090, GPU-457328ff-6f8e-1f53-8cc3-68ae75d90604, 595.91.07, P2, 56, 299.97 W, 100 %, 100 %, 21532 MiB, 24564 MiB, 2640 MHz, 10251 MHz
2026/09/13 12:53:59.524, NVIDIA GeForce RTX 4090, GPU-457328ff-6f8e-1f53-8cc3-68ae75d90604, 595.91.07, P2, 56, 299.27 W, 100 %, 100 %, 21532 MiB, 24564 MiB, 2640 MHz, 10251 MHz
2026/09/13 12:54:00.525, NVIDIA GeForce RTX 4090, GPU-457328ff-6f8e-1f53-8cc3-68ae75d90604, 595.91.07, P2, 56, 299.21 W, 100 %, 100 %, 21532 MiB, 24564 MiB, 2640 MHz, 10251 MHz
2026/09/13 12:54:01.527, NVIDIA GeForce RTX 4090, GPU-457328ff-6f8e-1f53-8cc3-68ae75d90604, 595.91.07, P2, 56, 298.91 W, 100 %, 100 %, 21532 MiB, 24564 MiB, 2640 MHz, 10251 MHz
2026/09/13 12:54:02.530, NVIDIA GeForce RTX 4090, GPU-457328ff-6f8e-1f53-8cc3-68ae75d90604, 595.91.07, P2, 56, 298.77 W, 100 %, 100 %, 21532 MiB, 24564 MiB, 2640 MHz, 10251 MHz
2026/09/13 12:54:03.533, NVIDIA GeForce RTX 4090, GPU-457328ff-6f8e-1f53-8cc3-68ae75d90604, 595.91.07, P2, 56, 298.47 W, 100 %, 100 %, 21532 MiB, 24564 MiB, 2640 MHz, 10251 MHz
2026/09/13 12:54:04.536, NVIDIA GeForce RTX 4090, GPU-457328ff-6f8e-1f53-8cc3-68ae75d90604, 595.91.07, P2, 56, 298.15 W, 100 %, 100 %, 21532 MiB, 24564 MiB, 2640 MHz, 10251 MHz
2026/09/13 12:54:05.538, NVIDIA GeForce RTX 4090, GPU-457328ff-6f8e-1f53-8cc3-68ae75d90604, 595.91.07, P2, 56, 298.03 W, 100 %, 100 %, 21532 MiB, 24564 MiB, 2640 MHz, 10251 MHz
2026/09/13 12:54:06.541, NVIDIA GeForce RTX 4090, GPU-457328ff-6f8e-1f53-8cc3-68ae75d90604, 595.91.07, P2, 56, 298.06 W, 100 %, 100 %, 21532 MiB, 24564 MiB, 2640 MHz, 10251 MHz
2026/09/13 12:54:07.544, NVIDIA GeForce RTX 4090, GPU-457328ff-6f8e-1f53-8cc3-68ae75d90604, 595.91.07, P2, 56, 298.01 W, 100 %, 100 %, 21532 MiB, 24564 MiB, 2640 MHz, 10251 MHz
2026/09/13 12:54:08.546, NVIDIA GeForce RTX 4090, GPU-457328ff-6f8e-1f53-8cc3-68ae75d90604, 595.91.07, P2, 56, 298.06 W, 100 %, 100 %, 21532 MiB, 24564 MiB, 2640 MHz, 10251 MHz
2026/09/13 12:54:09.550, NVIDIA GeForce RTX 4090, GPU-457328ff-6f8e-1f53-8cc3-68ae75d90604, 595.91.07, P2, 56, 298.14 W, 100 %, 100 %, 21532 MiB, 24564 MiB, 2640 MHz, 10251 MHz
2026/09/13 12:54:10.552, NVIDIA GeForce RTX 4090, GPU-457328ff-6f8e-1f53-8cc3-68ae75d90604, 595.91.07, P2, 56, 297.86 W, 100 %, 100 %, 21532 MiB, 24564 MiB, 2640 MHz, 10251 MHz
2026/09/13 12:54:11.554, NVIDIA GeForce RTX 4090, GPU-457328ff-6f8e-1f53-8cc3-68ae75d90604, 595.91.07, P2, 56, 297.91 W, 100 %, 100 %, 21532 MiB, 24564 MiB, 2640 MHz, 10251 MHz
2026/09/13 12:54:12.557, NVIDIA GeForce RTX 4090, GPU-457328ff-6f8e-1f53-8cc3-68ae75d90604, 595.91.07, P2, 56, 297.70 W, 100 %, 100 %, 21532 MiB, 24564 MiB, 2640 MHz, 10251 MHz
2026/09/13 12:54:13.559, NVIDIA GeForce RTX 4090, GPU-457328ff-6f8e-1f53-8cc3-68ae75d90604, 595.91.07, P2, 56, 297.88 W, 100 %, 100 %, 21532 MiB, 24564 MiB, 2640 MHz, 10251 MHz
2026/09/13 12:54:14.562, NVIDIA GeForce RTX 4090, GPU-457328ff-6f8e-1f53-8cc3-68ae75d90604, 595.91.07, P2, 56, 297.71 W, 100 %, 100 %, 21532 MiB, 24564 MiB, 2640 MHz, 10251 MHz
2026/09/13 12:54:15.565, NVIDIA GeForce RTX 4090, GPU-457328ff-6f8e-1f53-8cc3-68ae75d90604, 595.91.07, P2, 56, 297.51 W, 100 %, 100 %, 21532 MiB, 24564 MiB, 2640 MHz, 10251 MHz
2026/09/13 12:54:16.567, NVIDIA GeForce RTX 4090, GPU-457328ff-6f8e-1f53-8cc3-68ae75d90604, 595.91.07, P2, 56, 297.49 W, 100 %, 100 %, 21532 MiB, 24564 MiB, 2640 MHz, 10251 MHz
2026/09/13 12:54:17.569, NVIDIA GeForce RTX 4090, GPU-457328ff-6f8e-1f53-8cc3-68ae75d90604, 595.91.07, P2, 56, 297.37 W, 100 %, 100 %, 21532 MiB, 24564 MiB, 2640 MHz, 10251 MHz
2026/09/13 12:54:18.572, NVIDIA GeForce RTX 4090, GPU-457328ff-6f8e-1f53-8cc3-68ae75d90604, 595.91.07, P2, 56, 297.41 W, 100 %, 100 %, 21532 MiB, 24564 MiB, 2640 MHz, 10251 MHz
2026/09/13 12:54:19.575, NVIDIA GeForce RTX 4090, GPU-457328ff-6f8e-1f53-8cc3-68ae75d90604, 595.91.07, P2, 56, 297.60 W, 100 %, 100 %, 21532 MiB, 24564 MiB, 2640 MHz, 10251 MHz
2026/09/13 12:54:20.578, NVIDIA GeForce RTX 4090, GPU-457328ff-6f8e-1f53-8cc3-68ae75d90604, 595.91.07, P2, 56, 291.27 W, 100 %, 100 %, 21532 MiB, 24564 MiB, 2640 MHz, 10251 MHz
2026/09/13 12:54:21.581, NVIDIA GeForce RTX 4090, GPU-457328ff-6f8e-1f53-8cc3-68ae75d90604, 595.91.07, P2, 56, 299.43 W, 100 %, 100 %, 21532 MiB, 24564 MiB, 2640 MHz, 10251 MHz
2026/09/13 12:54:22.583, NVIDIA GeForce RTX 4090, GPU-457328ff-6f8e-1f53-8cc3-68ae75d90604, 595.91.07, P2, 56, 299.50 W, 100 %, 100 %, 21532 MiB, 24564 MiB, 2640 MHz, 10251 MHz
2026/09/13 12:54:23.586, NVIDIA GeForce RTX 4090, GPU-457328ff-6f8e-1f53-8cc3-68ae75d90604, 595.91.07, P2, 56, 299.14 W, 100 %, 100 %, 21532 MiB, 24564 MiB, 2640 MHz, 10251 MHz
2026/09/13 12:54:24.589, NVIDIA GeForce RTX 4090, GPU-457328ff-6f8e-1f53-8cc3-68ae75d90604, 595.91.07, P2, 56, 298.94 W, 100 %, 100 %, 21532 MiB, 24564 MiB, 2640 MHz, 10251 MHz
2026/09/13 12:54:25.591, NVIDIA GeForce RTX 4090, GPU-457328ff-6f8e-1f53-8cc3-68ae75d90604, 595.91.07, P2, 56, 298.63 W, 100 %, 100 %, 21532 MiB, 24564 MiB, 2640 MHz, 10251 MHz
2026/09/13 12:54:26.594, NVIDIA GeForce RTX 4090, GPU-457328ff-6f8e-1f53-8cc3-68ae75d90604, 595.91.07, P2, 56, 298.47 W, 100 %, 100 %, 21532 MiB, 24564 MiB, 2640 MHz, 10251 MHz
2026/09/13 12:54:27.597, NVIDIA GeForce RTX 4090, GPU-457328ff-6f8e-1f53-8cc3-68ae75d90604, 595.91.07, P2, 56, 298.31 W, 100 %, 100 %, 21532 MiB, 24564 MiB, 2640 MHz, 10251 MHz
2026/09/13 12:54:28.600, NVIDIA GeForce RTX 4090, GPU-457328ff-6f8e-1f53-8cc3-68ae75d90604, 595.91.07, P2, 56, 298.40 W, 100 %, 100 %, 21532 MiB, 24564 MiB, 2640 MHz, 10251 MHz
2026/09/13 12:54:29.603, NVIDIA GeForce RTX 4090, GPU-457328ff-6f8e-1f53-8cc3-68ae75d90604, 595.91.07, P2, 56, 298.10 W, 100 %, 100 %, 21532 MiB, 24564 MiB, 2640 MHz, 10251 MHz
2026/09/13 12:54:30.606, NVIDIA GeForce RTX 4090, GPU-457328ff-6f8e-1f53-8cc3-68ae75d90604, 595.91.07, P2, 56, 298.02 W, 100 %, 100 %, 21532 MiB, 24564 MiB, 2640 MHz, 10251 MHz
2026/09/13 12:54:31.609, NVIDIA GeForce RTX 4090, GPU-457328ff-6f8e-1f53-8cc3-68ae75d90604, 595.91.07, P2, 56, 297.81 W, 100 %, 100 %, 21532 MiB, 24564 MiB, 2640 MHz, 10251 MHz
2026/09/13 12:54:32.611, NVIDIA GeForce RTX 4090, GPU-457328ff-6f8e-1f53-8cc3-68ae75d90604, 595.91.07, P2, 56, 297.88 W, 100 %, 100 %, 21532 MiB, 24564 MiB, 2640 MHz, 10251 MHz
2026/09/13 12:54:33.614, NVIDIA GeForce RTX 4090, GPU-457328ff-6f8e-1f53-8cc3-68ae75d90604, 595.91.07, P2, 56, 297.79 W, 100 %, 100 %, 21532 MiB, 24564 MiB, 2640 MHz, 10251 MHz
2026/09/13 12:54:34.617, NVIDIA GeForce RTX 4090, GPU-457328ff-6f8e-1f53-8cc3-68ae75d90604, 595.91.07, P2, 56, 297.62 W, 100 %, 100 %, 21532 MiB, 24564 MiB, 2640 MHz, 10251 MHz
2026/09/13 12:54:35.620, NVIDIA GeForce RTX 4090, GPU-457328ff-6f8e-1f53-8cc3-68ae75d90604, 595.91.07, P2, 56, 297.53 W, 100 %, 100 %, 21532 MiB, 24564 MiB, 2640 MHz, 10251 MHz
2026/09/13 12:54:36.623, NVIDIA GeForce RTX 4090, GPU-457328ff-6f8e-1f53-8cc3-68ae75d90604, 595.91.07, P2, 56, 297.36 W, 100 %, 100 %, 21532 MiB, 24564 MiB, 2640 MHz, 10251 MHz
2026/09/13 12:54:37.626, NVIDIA GeForce RTX 4090, GPU-457328ff-6f8e-1f53-8cc3-68ae75d90604, 595.91.07, P2, 56, 297.44 W, 100 %, 100 %, 21532 MiB, 24564 MiB, 2640 MHz, 10251 MHz
2026/09/13 12:54:38.628, NVIDIA GeForce RTX 4090, GPU-457328ff-6f8e-1f53-8cc3-68ae75d90604, 595.91.07, P2, 56, 297.69 W, 100 %, 100 %, 21532 MiB, 24564 MiB, 2640 MHz, 10251 MHz
2026/09/13 12:54:39.631, NVIDIA GeForce RTX 4090, GPU-457328ff-6f8e-1f53-8cc3-68ae75d90604, 595.91.07, P2, 56, 297.68 W, 100 %, 100 %, 21532 MiB, 24564 MiB, 2640 MHz, 10251 MHz
2026/09/13 12:54:40.633, NVIDIA GeForce RTX 4090, GPU-457328ff-6f8e-1f53-8cc3-68ae75d90604, 595.91.07, P2, 56, 297.43 W, 100 %, 100 %, 21532 MiB, 24564 MiB, 2640 MHz, 10251 MHz
2026/09/13 12:54:41.635, NVIDIA GeForce RTX 4090, GPU-457328ff-6f8e-1f53-8cc3-68ae75d90604, 595.91.07, P2, 56, 297.35 W, 100 %, 100 %, 21532 MiB, 24564 MiB, 2640 MHz, 10251 MHz
2026/09/13 12:54:42.638, NVIDIA GeForce RTX 4090, GPU-457328ff-6f8e-1f53-8cc3-68ae75d90604, 595.91.07, P2, 56, 297.57 W, 100 %, 100 %, 21532 MiB, 24564 MiB, 2640 MHz, 10251 MHz
2026/09/13 12:54:43.640, NVIDIA GeForce RTX 4090, GPU-457328ff-6f8e-1f53-8cc3-68ae75d90604, 595.91.07, P2, 56, 297.32 W, 100 %, 100 %, 21532 MiB, 24564 MiB, 2640 MHz, 10251 MHz
2026/09/13 12:54:44.642, NVIDIA GeForce RTX 4090, GPU-457328ff-6f8e-1f53-8cc3-68ae75d90604, 595.91.07, P2, 56, 297.39 W, 100 %, 100 %, 21532 MiB, 24564 MiB, 2640 MHz, 10251 MHz
2026/09/13 12:54:45.645, NVIDIA GeForce RTX 4090, GPU-457328ff-6f8e-1f53-8cc3-68ae75d90604, 595.91.07, P2, 56, 287.67 W, 100 %, 100 %, 21532 MiB, 24564 MiB, 2640 MHz, 10251 MHz
2026/09/13 12:54:46.647, NVIDIA GeForce RTX 4090, GPU-457328ff-6f8e-1f53-8cc3-68ae75d90604, 595.91.07, P2, 56, 299.04 W, 100 %, 100 %, 21532 MiB, 24564 MiB, 2640 MHz, 10251 MHz
2026/09/13 12:54:47.650, NVIDIA GeForce RTX 4090, GPU-457328ff-6f8e-1f53-8cc3-68ae75d90604, 595.91.07, P2, 56, 299.40 W, 100 %, 100 %, 21532 MiB, 24564 MiB, 2640 MHz, 10251 MHz
2026/09/13 12:54:48.652, NVIDIA GeForce RTX 4090, GPU-457328ff-6f8e-1f53-8cc3-68ae75d90604, 595.91.07, P2, 56, 298.97 W, 100 %, 100 %, 21532 MiB, 24564 MiB, 2640 MHz, 10251 MHz
2026/09/13 12:54:49.655, NVIDIA GeForce RTX 4090, GPU-457328ff-6f8e-1f53-8cc3-68ae75d90604, 595.91.07, P2, 56, 298.70 W, 100 %, 100 %, 21532 MiB, 24564 MiB, 2640 MHz, 10251 MHz
2026/09/13 12:54:50.658, NVIDIA GeForce RTX 4090, GPU-457328ff-6f8e-1f53-8cc3-68ae75d90604, 595.91.07, P2, 56, 298.70 W, 100 %, 100 %, 21532 MiB, 24564 MiB, 2640 MHz, 10251 MHz
2026/09/13 12:54:51.660, NVIDIA GeForce RTX 4090, GPU-457328ff-6f8e-1f53-8cc3-68ae75d90604, 595.91.07, P2, 56, 298.48 W, 100 %, 100 %, 21532 MiB, 24564 MiB, 2640 MHz, 10251 MHz
2026/09/13 12:54:52.663, NVIDIA GeForce RTX 4090, GPU-457328ff-6f8e-1f53-8cc3-68ae75d90604, 595.91.07, P2, 56, 298.54 W, 100 %, 100 %, 21532 MiB, 24564 MiB, 2640 MHz, 10251 MHz
2026/09/13 12:54:53.665, NVIDIA GeForce RTX 4090, GPU-457328ff-6f8e-1f53-8cc3-68ae75d90604, 595.91.07, P2, 56, 298.54 W, 100 %, 100 %, 21532 MiB, 24564 MiB, 2640 MHz, 10251 MHz
2026/09/13 12:54:54.667, NVIDIA GeForce RTX 4090, GPU-457328ff-6f8e-1f53-8cc3-68ae75d90604, 595.91.07, P2, 56, 298.40 W, 100 %, 100 %, 21532 MiB, 24564 MiB, 2640 MHz, 10251 MHz
2026/09/13 12:54:55.670, NVIDIA GeForce RTX 4090, GPU-457328ff-6f8e-1f53-8cc3-68ae75d90604, 595.91.07, P2, 56, 297.79 W, 100 %, 100 %, 21532 MiB, 24564 MiB, 2640 MHz, 10251 MHz
2026/09/13 12:54:56.672, NVIDIA GeForce RTX 4090, GPU-457328ff-6f8e-1f53-8cc3-68ae75d90604, 595.91.07, P2, 56, 297.65 W, 100 %, 100 %, 21532 MiB, 24564 MiB, 2640 MHz, 10251 MHz
2026/09/13 12:54:57.675, NVIDIA GeForce RTX 4090, GPU-457328ff-6f8e-1f53-8cc3-68ae75d90604, 595.91.07, P2, 56, 297.45 W, 100 %, 100 %, 21532 MiB, 24564 MiB, 2640 MHz, 10251 MHz
2026/09/13 12:54:58.678, NVIDIA GeForce RTX 4090, GPU-457328ff-6f8e-1f53-8cc3-68ae75d90604, 595.91.07, P2, 56, 297.42 W, 100 %, 100 %, 21532 MiB, 24564 MiB, 2640 MHz, 10251 MHz
2026/09/13 12:54:59.680, NVIDIA GeForce RTX 4090, GPU-457328ff-6f8e-1f53-8cc3-68ae75d90604, 595.91.07, P2, 56, 297.78 W, 100 %, 100 %, 21532 MiB, 24564 MiB, 2640 MHz, 10251 MHz
2026/09/13 12:55:00.683, NVIDIA GeForce RTX 4090, GPU-457328ff-6f8e-1f53-8cc3-68ae75d90604, 595.91.07, P2, 56, 297.69 W, 100 %, 100 %, 21532 MiB, 24564 MiB, 2640 MHz, 10251 MHz
2026/09/13 12:55:01.685, NVIDIA GeForce RTX 4090, GPU-457328ff-6f8e-1f53-8cc3-68ae75d90604, 595.91.07, P2, 56, 297.74 W, 100 %, 100 %, 21532 MiB, 24564 MiB, 2640 MHz, 10251 MHz
2026/09/13 12:55:02.687, NVIDIA GeForce RTX 4090, GPU-457328ff-6f8e-1f53-8cc3-68ae75d90604, 595.91.07, P2, 56, 289.96 W, 100 %, 100 %, 21532 MiB, 24564 MiB, 2640 MHz, 10251 MHz
2026/09/13 12:55:03.690, NVIDIA GeForce RTX 4090, GPU-457328ff-6f8e-1f53-8cc3-68ae75d90604, 595.91.07, P2, 56, 299.97 W, 100 %, 100 %, 21532 MiB, 24564 MiB, 2640 MHz, 10251 MHz
2026/09/13 12:55:04.692, NVIDIA GeForce RTX 4090, GPU-457328ff-6f8e-1f53-8cc3-68ae75d90604, 595.91.07, P2, 56, 299.85 W, 100 %, 100 %, 21532 MiB, 24564 MiB, 2640 MHz, 10251 MHz
2026/09/13 12:55:05.694, NVIDIA GeForce RTX 4090, GPU-457328ff-6f8e-1f53-8cc3-68ae75d90604, 595.91.07, P2, 56, 299.54 W, 100 %, 100 %, 21532 MiB, 24564 MiB, 2640 MHz, 10251 MHz
2026/09/13 12:55:06.697, NVIDIA GeForce RTX 4090, GPU-457328ff-6f8e-1f53-8cc3-68ae75d90604, 595.91.07, P2, 56, 299.40 W, 100 %, 100 %, 21532 MiB, 24564 MiB, 2640 MHz, 10251 MHz
2026/09/13 12:55:07.701, NVIDIA GeForce RTX 4090, GPU-457328ff-6f8e-1f53-8cc3-68ae75d90604, 595.91.07, P2, 56, 299.14 W, 100 %, 100 %, 21532 MiB, 24564 MiB, 2640 MHz, 10251 MHz
2026/09/13 12:55:08.703, NVIDIA GeForce RTX 4090, GPU-457328ff-6f8e-1f53-8cc3-68ae75d90604, 595.91.07, P2, 56, 299.19 W, 100 %, 100 %, 21532 MiB, 24564 MiB, 2640 MHz, 10251 MHz
2026/09/13 12:55:09.705, NVIDIA GeForce RTX 4090, GPU-457328ff-6f8e-1f53-8cc3-68ae75d90604, 595.91.07, P2, 56, 299.16 W, 100 %, 100 %, 21532 MiB, 24564 MiB, 2640 MHz, 10251 MHz
2026/09/13 12:55:10.708, NVIDIA GeForce RTX 4090, GPU-457328ff-6f8e-1f53-8cc3-68ae75d90604, 595.91.07, P2, 56, 299.07 W, 100 %, 100 %, 21532 MiB, 24564 MiB, 2640 MHz, 10251 MHz
2026/09/13 12:55:11.710, NVIDIA GeForce RTX 4090, GPU-457328ff-6f8e-1f53-8cc3-68ae75d90604, 595.91.07, P2, 56, 298.75 W, 100 %, 100 %, 21532 MiB, 24564 MiB, 2640 MHz, 10251 MHz
2026/09/13 12:55:12.713, NVIDIA GeForce RTX 4090, GPU-457328ff-6f8e-1f53-8cc3-68ae75d90604, 595.91.07, P2, 56, 298.67 W, 100 %, 100 %, 21532 MiB, 24564 MiB, 2640 MHz, 10251 MHz
2026/09/13 12:55:13.714, NVIDIA GeForce RTX 4090, GPU-457328ff-6f8e-1f53-8cc3-68ae75d90604, 595.91.07, P2, 56, 298.53 W, 100 %, 100 %, 21532 MiB, 24564 MiB, 2640 MHz, 10251 MHz
2026/09/13 12:55:14.717, NVIDIA GeForce RTX 4090, GPU-457328ff-6f8e-1f53-8cc3-68ae75d90604, 595.91.07, P2, 56, 298.37 W, 100 %, 100 %, 21532 MiB, 24564 MiB, 2640 MHz, 10251 MHz
2026/09/13 12:55:15.719, NVIDIA GeForce RTX 4090, GPU-457328ff-6f8e-1f53-8cc3-68ae75d90604, 595.91.07, P2, 56, 297.97 W, 100 %, 100 %, 21532 MiB, 24564 MiB, 2640 MHz, 10251 MHz
2026/09/13 12:55:16.721, NVIDIA GeForce RTX 4090, GPU-457328ff-6f8e-1f53-8cc3-68ae75d90604, 595.91.07, P2, 56, 298.05 W, 100 %, 100 %, 21532 MiB, 24564 MiB, 2640 MHz, 10251 MHz
2026/09/13 12:55:17.724, NVIDIA GeForce RTX 4090, GPU-457328ff-6f8e-1f53-8cc3-68ae75d90604, 595.91.07, P2, 56, 298.21 W, 100 %, 100 %, 21532 MiB, 24564 MiB, 2640 MHz, 10251 MHz
2026/09/13 12:55:18.726, NVIDIA GeForce RTX 4090, GPU-457328ff-6f8e-1f53-8cc3-68ae75d90604, 595.91.07, P2, 56, 298.20 W, 100 %, 100 %, 21532 MiB, 24564 MiB, 2640 MHz, 10251 MHz
2026/09/13 12:55:19.729, NVIDIA GeForce RTX 4090, GPU-457328ff-6f8e-1f53-8cc3-68ae75d90604, 595.91.07, P2, 56, 290.73 W, 100 %, 100 %, 21532 MiB, 24564 MiB, 2640 MHz, 10251 MHz
2026/09/13 12:55:20.732, NVIDIA GeForce RTX 4090, GPU-457328ff-6f8e-1f53-8cc3-68ae75d90604, 595.91.07, P2, 56, 300.12 W, 100 %, 100 %, 21532 MiB, 24564 MiB, 2640 MHz, 10251 MHz
2026/09/13 12:55:21.735, NVIDIA GeForce RTX 4090, GPU-457328ff-6f8e-1f53-8cc3-68ae75d90604, 595.91.07, P2, 56, 300.20 W, 100 %, 100 %, 21532 MiB, 24564 MiB, 2640 MHz, 10251 MHz
2026/09/13 12:55:22.737, NVIDIA GeForce RTX 4090, GPU-457328ff-6f8e-1f53-8cc3-68ae75d90604, 595.91.07, P2, 56, 299.71 W, 100 %, 100 %, 21532 MiB, 24564 MiB, 2640 MHz, 10251 MHz
2026/09/13 12:55:23.739, NVIDIA GeForce RTX 4090, GPU-457328ff-6f8e-1f53-8cc3-68ae75d90604, 595.91.07, P2, 56, 299.67 W, 100 %, 100 %, 21532 MiB, 24564 MiB, 2640 MHz, 10251 MHz
2026/09/13 12:55:24.742, NVIDIA GeForce RTX 4090, GPU-457328ff-6f8e-1f53-8cc3-68ae75d90604, 595.91.07, P2, 56, 299.25 W, 100 %, 100 %, 21532 MiB, 24564 MiB, 2640 MHz, 10251 MHz
2026/09/13 12:55:25.745, NVIDIA GeForce RTX 4090, GPU-457328ff-6f8e-1f53-8cc3-68ae75d90604, 595.91.07, P2, 56, 298.87 W, 100 %, 100 %, 21532 MiB, 24564 MiB, 2640 MHz, 10251 MHz
2026/09/13 12:55:26.747, NVIDIA GeForce RTX 4090, GPU-457328ff-6f8e-1f53-8cc3-68ae75d90604, 595.91.07, P2, 56, 298.87 W, 100 %, 100 %, 21532 MiB, 24564 MiB, 2640 MHz, 10251 MHz
2026/09/13 12:55:27.749, NVIDIA GeForce RTX 4090, GPU-457328ff-6f8e-1f53-8cc3-68ae75d90604, 595.91.07, P2, 56, 298.67 W, 100 %, 100 %, 21532 MiB, 24564 MiB, 2640 MHz, 10251 MHz
2026/09/13 12:55:28.751, NVIDIA GeForce RTX 4090, GPU-457328ff-6f8e-1f53-8cc3-68ae75d90604, 595.91.07, P2, 56, 298.43 W, 100 %, 100 %, 21532 MiB, 24564 MiB, 2640 MHz, 10251 MHz
2026/09/13 12:55:29.753, NVIDIA GeForce RTX 4090, GPU-457328ff-6f8e-1f53-8cc3-68ae75d90604, 595.91.07, P2, 56, 298.39 W, 100 %, 100 %, 21532 MiB, 24564 MiB, 2640 MHz, 10251 MHz
2026/09/13 12:55:30.755, NVIDIA GeForce RTX 4090, GPU-457328ff-6f8e-1f53-8cc3-68ae75d90604, 595.91.07, P2, 56, 298.24 W, 100 %, 100 %, 21532 MiB, 24564 MiB, 2640 MHz, 10251 MHz
2026/09/13 12:55:31.758, NVIDIA GeForce RTX 4090, GPU-457328ff-6f8e-1f53-8cc3-68ae75d90604, 595.91.07, P2, 56, 297.87 W, 100 %, 100 %, 21532 MiB, 24564 MiB, 2640 MHz, 10251 MHz
2026/09/13 12:55:32.759, NVIDIA GeForce RTX 4090, GPU-457328ff-6f8e-1f53-8cc3-68ae75d90604, 595.91.07, P2, 56, 297.99 W, 100 %, 100 %, 21532 MiB, 24564 MiB, 2640 MHz, 10251 MHz
2026/09/13 12:55:33.762, NVIDIA GeForce RTX 4090, GPU-457328ff-6f8e-1f53-8cc3-68ae75d90604, 595.91.07, P2, 56, 298.14 W, 100 %, 100 %, 21532 MiB, 24564 MiB, 2640 MHz, 10251 MHz
2026/09/13 12:55:34.764, NVIDIA GeForce RTX 4090, GPU-457328ff-6f8e-1f53-8cc3-68ae75d90604, 595.91.07, P2, 56, 297.93 W, 100 %, 100 %, 21532 MiB, 24564 MiB, 2640 MHz, 10251 MHz
2026/09/13 12:55:35.766, NVIDIA GeForce RTX 4090, GPU-457328ff-6f8e-1f53-8cc3-68ae75d90604, 595.91.07, P2, 56, 297.84 W, 100 %, 100 %, 21532 MiB, 24564 MiB, 2640 MHz, 10251 MHz
2026/09/13 12:55:36.769, NVIDIA GeForce RTX 4090, GPU-457328ff-6f8e-1f53-8cc3-68ae75d90604, 595.91.07, P2, 56, 297.77 W, 100 %, 100 %, 21532 MiB, 24564 MiB, 2640 MHz, 10251 MHz
2026/09/13 12:55:37.771, NVIDIA GeForce RTX 4090, GPU-457328ff-6f8e-1f53-8cc3-68ae75d90604, 595.91.07, P2, 56, 297.58 W, 100 %, 100 %, 21532 MiB, 24564 MiB, 2640 MHz, 10251 MHz
2026/09/13 12:55:38.773, NVIDIA GeForce RTX 4090, GPU-457328ff-6f8e-1f53-8cc3-68ae75d90604, 595.91.07, P2, 56, 297.47 W, 100 %, 100 %, 21532 MiB, 24564 MiB, 2640 MHz, 10251 MHz
2026/09/13 12:55:39.776, NVIDIA GeForce RTX 4090, GPU-457328ff-6f8e-1f53-8cc3-68ae75d90604, 595.91.07, P2, 56, 297.76 W, 100 %, 100 %, 21532 MiB, 24564 MiB, 2640 MHz, 10251 MHz
2026/09/13 12:55:40.779, NVIDIA GeForce RTX 4090, GPU-457328ff-6f8e-1f53-8cc3-68ae75d90604, 595.91.07, P2, 56, 298.05 W, 100 %, 100 %, 21532 MiB, 24564 MiB, 2640 MHz, 10251 MHz
2026/09/13 12:55:41.781, NVIDIA GeForce RTX 4090, GPU-457328ff-6f8e-1f53-8cc3-68ae75d90604, 595.91.07, P2, 56, 297.93 W, 100 %, 100 %, 21532 MiB, 24564 MiB, 2640 MHz, 10251 MHz
2026/09/13 12:55:42.783, NVIDIA GeForce RTX 4090, GPU-457328ff-6f8e-1f53-8cc3-68ae75d90604, 595.91.07, P2, 56, 297.94 W, 100 %, 100 %, 21532 MiB, 24564 MiB, 2640 MHz, 10251 MHz
2026/09/13 12:55:43.786, NVIDIA GeForce RTX 4090, GPU-457328ff-6f8e-1f53-8cc3-68ae75d90604, 595.91.07, P2, 56, 297.93 W, 100 %, 100 %, 21532 MiB, 24564 MiB, 2640 MHz, 10251 MHz
2026/09/13 12:55:44.788, NVIDIA GeForce RTX 4090, GPU-457328ff-6f8e-1f53-8cc3-68ae75d90604, 595.91.07, P2, 56, 297.51 W, 100 %, 100 %, 21532 MiB, 24564 MiB, 2640 MHz, 10251 MHz
2026/09/13 12:55:45.791, NVIDIA GeForce RTX 4090, GPU-457328ff-6f8e-1f53-8cc3-68ae75d90604, 595.91.07, P2, 56, 297.51 W, 100 %, 100 %, 21532 MiB, 24564 MiB, 2640 MHz, 10251 MHz
2026/09/13 12:55:46.793, NVIDIA GeForce RTX 4090, GPU-457328ff-6f8e-1f53-8cc3-68ae75d90604, 595.91.07, P2, 56, 297.69 W, 100 %, 100 %, 21532 MiB, 24564 MiB, 2640 MHz, 10251 MHz
2026/09/13 12:55:47.796, NVIDIA GeForce RTX 4090, GPU-457328ff-6f8e-1f53-8cc3-68ae75d90604, 595.91.07, P2, 56, 297.61 W, 100 %, 100 %, 21532 MiB, 24564 MiB, 2640 MHz, 10251 MHz
2026/09/13 12:55:48.799, NVIDIA GeForce RTX 4090, GPU-457328ff-6f8e-1f53-8cc3-68ae75d90604, 595.91.07, P2, 56, 297.56 W, 100 %, 100 %, 21532 MiB, 24564 MiB, 2640 MHz, 10251 MHz
2026/09/13 12:55:49.802, NVIDIA GeForce RTX 4090, GPU-457328ff-6f8e-1f53-8cc3-68ae75d90604, 595.91.07, P2, 56, 297.78 W, 100 %, 100 %, 21532 MiB, 24564 MiB, 2640 MHz, 10251 MHz
2026/09/13 12:55:50.805, NVIDIA GeForce RTX 4090, GPU-457328ff-6f8e-1f53-8cc3-68ae75d90604, 595.91.07, P2, 56, 298.25 W, 100 %, 100 %, 21532 MiB, 24564 MiB, 2640 MHz, 10251 MHz
2026/09/13 12:55:51.807, NVIDIA GeForce RTX 4090, GPU-457328ff-6f8e-1f53-8cc3-68ae75d90604, 595.91.07, P2, 56, 298.10 W, 100 %, 100 %, 21532 MiB, 24564 MiB, 2640 MHz, 10251 MHz
2026/09/13 12:55:52.810, NVIDIA GeForce RTX 4090, GPU-457328ff-6f8e-1f53-8cc3-68ae75d90604, 595.91.07, P2, 56, 298.54 W, 100 %, 100 %, 21532 MiB, 24564 MiB, 2640 MHz, 10251 MHz
2026/09/13 12:55:53.813, NVIDIA GeForce RTX 4090, GPU-457328ff-6f8e-1f53-8cc3-68ae75d90604, 595.91.07, P2, 56, 298.27 W, 100 %, 100 %, 21532 MiB, 24564 MiB, 2640 MHz, 10251 MHz
2026/09/13 12:55:54.816, NVIDIA GeForce RTX 4090, GPU-457328ff-6f8e-1f53-8cc3-68ae75d90604, 595.91.07, P2, 56, 297.92 W, 100 %, 100 %, 21532 MiB, 24564 MiB, 2640 MHz, 10251 MHz
2026/09/13 12:55:55.819, NVIDIA GeForce RTX 4090, GPU-457328ff-6f8e-1f53-8cc3-68ae75d90604, 595.91.07, P2, 56, 297.99 W, 100 %, 100 %, 21532 MiB, 24564 MiB, 2640 MHz, 10251 MHz
2026/09/13 12:55:56.821, NVIDIA GeForce RTX 4090, GPU-457328ff-6f8e-1f53-8cc3-68ae75d90604, 595.91.07, P2, 56, 297.91 W, 100 %, 100 %, 21532 MiB, 24564 MiB, 2640 MHz, 10251 MHz
2026/09/13 12:55:57.824, NVIDIA GeForce RTX 4090, GPU-457328ff-6f8e-1f53-8cc3-68ae75d90604, 595.91.07, P2, 56, 297.86 W, 100 %, 100 %, 21532 MiB, 24564 MiB, 2640 MHz, 10251 MHz
2026/09/13 12:55:58.826, NVIDIA GeForce RTX 4090, GPU-457328ff-6f8e-1f53-8cc3-68ae75d90604, 595.91.07, P2, 56, 297.39 W, 100 %, 100 %, 21532 MiB, 24564 MiB, 2640 MHz, 10251 MHz
2026/09/13 12:55:59.828, NVIDIA GeForce RTX 4090, GPU-457328ff-6f8e-1f53-8cc3-68ae75d90604, 595.91.07, P2, 56, 297.40 W, 100 %, 100 %, 21532 MiB, 24564 MiB, 2640 MHz, 10251 MHz
2026/09/13 12:56:00.830, NVIDIA GeForce RTX 4090, GPU-457328ff-6f8e-1f53-8cc3-68ae75d90604, 595.91.07, P2, 56, 284.86 W, 100 %, 100 %, 21532 MiB, 24564 MiB, 2640 MHz, 10251 MHz
2026/09/13 12:56:01.833, NVIDIA GeForce RTX 4090, GPU-457328ff-6f8e-1f53-8cc3-68ae75d90604, 595.91.07, P2, 56, 299.71 W, 100 %, 100 %, 21532 MiB, 24564 MiB, 2640 MHz, 10251 MHz
2026/09/13 12:56:02.835, NVIDIA GeForce RTX 4090, GPU-457328ff-6f8e-1f53-8cc3-68ae75d90604, 595.91.07, P2, 56, 299.73 W, 100 %, 100 %, 21532 MiB, 24564 MiB, 2640 MHz, 10251 MHz
2026/09/13 12:56:03.838, NVIDIA GeForce RTX 4090, GPU-457328ff-6f8e-1f53-8cc3-68ae75d90604, 595.91.07, P2, 56, 299.36 W, 100 %, 100 %, 21532 MiB, 24564 MiB, 2640 MHz, 10251 MHz
2026/09/13 12:56:04.841, NVIDIA GeForce RTX 4090, GPU-457328ff-6f8e-1f53-8cc3-68ae75d90604, 595.91.07, P2, 56, 299.31 W, 100 %, 100 %, 21532 MiB, 24564 MiB, 2640 MHz, 10251 MHz
2026/09/13 12:56:05.843, NVIDIA GeForce RTX 4090, GPU-457328ff-6f8e-1f53-8cc3-68ae75d90604, 595.91.07, P2, 56, 299.25 W, 100 %, 100 %, 21532 MiB, 24564 MiB, 2640 MHz, 10251 MHz
2026/09/13 12:56:06.846, NVIDIA GeForce RTX 4090, GPU-457328ff-6f8e-1f53-8cc3-68ae75d90604, 595.91.07, P2, 56, 299.49 W, 100 %, 100 %, 21532 MiB, 24564 MiB, 2640 MHz, 10251 MHz
2026/09/13 12:56:07.849, NVIDIA GeForce RTX 4090, GPU-457328ff-6f8e-1f53-8cc3-68ae75d90604, 595.91.07, P2, 56, 299.10 W, 100 %, 100 %, 21532 MiB, 24564 MiB, 2640 MHz, 10251 MHz
2026/09/13 12:56:08.852, NVIDIA GeForce RTX 4090, GPU-457328ff-6f8e-1f53-8cc3-68ae75d90604, 595.91.07, P2, 56, 298.97 W, 100 %, 100 %, 21532 MiB, 24564 MiB, 2640 MHz, 10251 MHz
2026/09/13 12:56:09.853, NVIDIA GeForce RTX 4090, GPU-457328ff-6f8e-1f53-8cc3-68ae75d90604, 595.91.07, P2, 56, 298.90 W, 100 %, 100 %, 21532 MiB, 24564 MiB, 2640 MHz, 10251 MHz
2026/09/13 12:56:10.856, NVIDIA GeForce RTX 4090, GPU-457328ff-6f8e-1f53-8cc3-68ae75d90604, 595.91.07, P2, 56, 298.35 W, 100 %, 100 %, 21532 MiB, 24564 MiB, 2640 MHz, 10251 MHz
2026/09/13 12:56:11.859, NVIDIA GeForce RTX 4090, GPU-457328ff-6f8e-1f53-8cc3-68ae75d90604, 595.91.07, P2, 56, 298.45 W, 100 %, 100 %, 21532 MiB, 24564 MiB, 2640 MHz, 10251 MHz
2026/09/13 12:56:12.862, NVIDIA GeForce RTX 4090, GPU-457328ff-6f8e-1f53-8cc3-68ae75d90604, 595.91.07, P2, 56, 298.40 W, 100 %, 100 %, 21532 MiB, 24564 MiB, 2640 MHz, 10251 MHz
2026/09/13 12:56:13.865, NVIDIA GeForce RTX 4090, GPU-457328ff-6f8e-1f53-8cc3-68ae75d90604, 595.91.07, P2, 56, 298.41 W, 100 %, 100 %, 21532 MiB, 24564 MiB, 2640 MHz, 10251 MHz
2026/09/13 12:56:14.867, NVIDIA GeForce RTX 4090, GPU-457328ff-6f8e-1f53-8cc3-68ae75d90604, 595.91.07, P2, 56, 298.48 W, 100 %, 100 %, 21532 MiB, 24564 MiB, 2640 MHz, 10251 MHz
2026/09/13 12:56:15.870, NVIDIA GeForce RTX 4090, GPU-457328ff-6f8e-1f53-8cc3-68ae75d90604, 595.91.07, P2, 56, 298.47 W, 100 %, 100 %, 21532 MiB, 24564 MiB, 2640 MHz, 10251 MHz
2026/09/13 12:56:16.873, NVIDIA GeForce RTX 4090, GPU-457328ff-6f8e-1f53-8cc3-68ae75d90604, 595.91.07, P2, 56, 298.37 W, 100 %, 100 %, 21532 MiB, 24564 MiB, 2640 MHz, 10251 MHz
2026/09/13 12:56:17.875, NVIDIA GeForce RTX 4090, GPU-457328ff-6f8e-1f53-8cc3-68ae75d90604, 595.91.07, P2, 56, 298.14 W, 100 %, 100 %, 21532 MiB, 24564 MiB, 2640 MHz, 10251 MHz
2026/09/13 12:56:18.878, NVIDIA GeForce RTX 4090, GPU-457328ff-6f8e-1f53-8cc3-68ae75d90604, 595.91.07, P2, 56, 298.01 W, 100 %, 100 %, 21532 MiB, 24564 MiB, 2640 MHz, 10251 MHz
2026/09/13 12:56:19.880, NVIDIA GeForce RTX 4090, GPU-457328ff-6f8e-1f53-8cc3-68ae75d90604, 595.91.07, P2, 56, 298.22 W, 100 %, 100 %, 21532 MiB, 24564 MiB, 2640 MHz, 10251 MHz
2026/09/13 12:56:20.882, NVIDIA GeForce RTX 4090, GPU-457328ff-6f8e-1f53-8cc3-68ae75d90604, 595.91.07, P2, 56, 297.91 W, 100 %, 100 %, 21532 MiB, 24564 MiB, 2640 MHz, 10251 MHz
2026/09/13 12:56:21.885, NVIDIA GeForce RTX 4090, GPU-457328ff-6f8e-1f53-8cc3-68ae75d90604, 595.91.07, P2, 56, 297.74 W, 100 %, 100 %, 21532 MiB, 24564 MiB, 2640 MHz, 10251 MHz
2026/09/13 12:56:22.886, NVIDIA GeForce RTX 4090, GPU-457328ff-6f8e-1f53-8cc3-68ae75d90604, 595.91.07, P2, 56, 297.87 W, 100 %, 100 %, 21532 MiB, 24564 MiB, 2640 MHz, 10251 MHz
2026/09/13 12:56:23.888, NVIDIA GeForce RTX 4090, GPU-457328ff-6f8e-1f53-8cc3-68ae75d90604, 595.91.07, P2, 56, 291.18 W, 100 %, 100 %, 21532 MiB, 24564 MiB, 2640 MHz, 10251 MHz
2026/09/13 12:56:24.890, NVIDIA GeForce RTX 4090, GPU-457328ff-6f8e-1f53-8cc3-68ae75d90604, 595.91.07, P2, 56, 299.73 W, 100 %, 100 %, 21532 MiB, 24564 MiB, 2640 MHz, 10251 MHz
2026/09/13 12:56:25.893, NVIDIA GeForce RTX 4090, GPU-457328ff-6f8e-1f53-8cc3-68ae75d90604, 595.91.07, P2, 56, 299.84 W, 100 %, 100 %, 21532 MiB, 24564 MiB, 2640 MHz, 10251 MHz
2026/09/13 12:56:26.895, NVIDIA GeForce RTX 4090, GPU-457328ff-6f8e-1f53-8cc3-68ae75d90604, 595.91.07, P2, 56, 299.75 W, 100 %, 100 %, 21532 MiB, 24564 MiB, 2640 MHz, 10251 MHz
2026/09/13 12:56:27.897, NVIDIA GeForce RTX 4090, GPU-457328ff-6f8e-1f53-8cc3-68ae75d90604, 595.91.07, P2, 56, 299.57 W, 100 %, 100 %, 21532 MiB, 24564 MiB, 2640 MHz, 10251 MHz
2026/09/13 12:56:28.900, NVIDIA GeForce RTX 4090, GPU-457328ff-6f8e-1f53-8cc3-68ae75d90604, 595.91.07, P2, 56, 299.42 W, 100 %, 100 %, 21532 MiB, 24564 MiB, 2640 MHz, 10251 MHz
2026/09/13 12:56:29.902, NVIDIA GeForce RTX 4090, GPU-457328ff-6f8e-1f53-8cc3-68ae75d90604, 595.91.07, P2, 56, 299.04 W, 100 %, 100 %, 21532 MiB, 24564 MiB, 2640 MHz, 10251 MHz
2026/09/13 12:56:30.903, NVIDIA GeForce RTX 4090, GPU-457328ff-6f8e-1f53-8cc3-68ae75d90604, 595.91.07, P2, 56, 299.06 W, 100 %, 100 %, 21532 MiB, 24564 MiB, 2640 MHz, 10251 MHz
2026/09/13 12:56:31.906, NVIDIA GeForce RTX 4090, GPU-457328ff-6f8e-1f53-8cc3-68ae75d90604, 595.91.07, P2, 56, 298.95 W, 100 %, 100 %, 21532 MiB, 24564 MiB, 2640 MHz, 10251 MHz
2026/09/13 12:56:32.908, NVIDIA GeForce RTX 4090, GPU-457328ff-6f8e-1f53-8cc3-68ae75d90604, 595.91.07, P2, 56, 298.88 W, 100 %, 100 %, 21532 MiB, 24564 MiB, 2640 MHz, 10251 MHz
2026/09/13 12:56:33.911, NVIDIA GeForce RTX 4090, GPU-457328ff-6f8e-1f53-8cc3-68ae75d90604, 595.91.07, P2, 56, 298.65 W, 100 %, 100 %, 21532 MiB, 24564 MiB, 2640 MHz, 10251 MHz
2026/09/13 12:56:34.913, NVIDIA GeForce RTX 4090, GPU-457328ff-6f8e-1f53-8cc3-68ae75d90604, 595.91.07, P2, 56, 298.31 W, 100 %, 100 %, 21532 MiB, 24564 MiB, 2640 MHz, 10251 MHz
2026/09/13 12:56:35.916, NVIDIA GeForce RTX 4090, GPU-457328ff-6f8e-1f53-8cc3-68ae75d90604, 595.91.07, P2, 56, 298.41 W, 100 %, 100 %, 21532 MiB, 24564 MiB, 2640 MHz, 10251 MHz
2026/09/13 12:56:36.919, NVIDIA GeForce RTX 4090, GPU-457328ff-6f8e-1f53-8cc3-68ae75d90604, 595.91.07, P2, 56, 287.51 W, 100 %, 100 %, 21532 MiB, 24564 MiB, 2640 MHz, 10251 MHz
2026/09/13 12:56:37.921, NVIDIA GeForce RTX 4090, GPU-457328ff-6f8e-1f53-8cc3-68ae75d90604, 595.91.07, P2, 56, 300.09 W, 100 %, 100 %, 21532 MiB, 24564 MiB, 2640 MHz, 10251 MHz
2026/09/13 12:56:38.923, NVIDIA GeForce RTX 4090, GPU-457328ff-6f8e-1f53-8cc3-68ae75d90604, 595.91.07, P2, 56, 299.60 W, 100 %, 100 %, 21532 MiB, 24564 MiB, 2640 MHz, 10251 MHz
2026/09/13 12:56:39.926, NVIDIA GeForce RTX 4090, GPU-457328ff-6f8e-1f53-8cc3-68ae75d90604, 595.91.07, P2, 56, 299.17 W, 100 %, 100 %, 21532 MiB, 24564 MiB, 2640 MHz, 10251 MHz
2026/09/13 12:56:40.928, NVIDIA GeForce RTX 4090, GPU-457328ff-6f8e-1f53-8cc3-68ae75d90604, 595.91.07, P2, 56, 299.07 W, 100 %, 100 %, 21532 MiB, 24564 MiB, 2640 MHz, 10251 MHz
2026/09/13 12:56:41.931, NVIDIA GeForce RTX 4090, GPU-457328ff-6f8e-1f53-8cc3-68ae75d90604, 595.91.07, P2, 56, 298.82 W, 100 %, 100 %, 21532 MiB, 24564 MiB, 2640 MHz, 10251 MHz
2026/09/13 12:56:42.934, NVIDIA GeForce RTX 4090, GPU-457328ff-6f8e-1f53-8cc3-68ae75d90604, 595.91.07, P2, 56, 298.50 W, 100 %, 100 %, 21532 MiB, 24564 MiB, 2640 MHz, 10251 MHz
2026/09/13 12:56:43.937, NVIDIA GeForce RTX 4090, GPU-457328ff-6f8e-1f53-8cc3-68ae75d90604, 595.91.07, P2, 56, 298.75 W, 100 %, 100 %, 21532 MiB, 24564 MiB, 2640 MHz, 10251 MHz
2026/09/13 12:56:44.939, NVIDIA GeForce RTX 4090, GPU-457328ff-6f8e-1f53-8cc3-68ae75d90604, 595.91.07, P2, 55, 291.46 W, 52 %, 48 %, 21532 MiB, 24564 MiB, 2640 MHz, 10251 MHz
2026/09/13 12:56:45.942, NVIDIA GeForce RTX 4090, GPU-457328ff-6f8e-1f53-8cc3-68ae75d90604, 595.91.07, P2, 56, 292.25 W, 100 %, 100 %, 21532 MiB, 24564 MiB, 2640 MHz, 10251 MHz
2026/09/13 12:56:46.945, NVIDIA GeForce RTX 4090, GPU-457328ff-6f8e-1f53-8cc3-68ae75d90604, 595.91.07, P2, 55, 299.10 W, 100 %, 100 %, 21532 MiB, 24564 MiB, 2640 MHz, 10251 MHz
2026/09/13 12:56:47.948, NVIDIA GeForce RTX 4090, GPU-457328ff-6f8e-1f53-8cc3-68ae75d90604, 595.91.07, P2, 55, 299.34 W, 100 %, 100 %, 21532 MiB, 24564 MiB, 2640 MHz, 10251 MHz
2026/09/13 12:56:48.951, NVIDIA GeForce RTX 4090, GPU-457328ff-6f8e-1f53-8cc3-68ae75d90604, 595.91.07, P2, 55, 299.17 W, 100 %, 100 %, 21532 MiB, 24564 MiB, 2640 MHz, 10251 MHz
2026/09/13 12:56:49.953, NVIDIA GeForce RTX 4090, GPU-457328ff-6f8e-1f53-8cc3-68ae75d90604, 595.91.07, P2, 55, 298.80 W, 100 %, 100 %, 21532 MiB, 24564 MiB, 2640 MHz, 10251 MHz
2026/09/13 12:56:50.956, NVIDIA GeForce RTX 4090, GPU-457328ff-6f8e-1f53-8cc3-68ae75d90604, 595.91.07, P2, 55, 298.50 W, 100 %, 100 %, 21532 MiB, 24564 MiB, 2640 MHz, 10251 MHz
2026/09/13 12:56:51.958, NVIDIA GeForce RTX 4090, GPU-457328ff-6f8e-1f53-8cc3-68ae75d90604, 595.91.07, P2, 55, 298.70 W, 100 %, 100 %, 21532 MiB, 24564 MiB, 2640 MHz, 10251 MHz
2026/09/13 12:56:52.961, NVIDIA GeForce RTX 4090, GPU-457328ff-6f8e-1f53-8cc3-68ae75d90604, 595.91.07, P2, 55, 298.38 W, 100 %, 100 %, 21532 MiB, 24564 MiB, 2640 MHz, 10251 MHz
2026/09/13 12:56:53.963, NVIDIA GeForce RTX 4090, GPU-457328ff-6f8e-1f53-8cc3-68ae75d90604, 595.91.07, P2, 55, 297.87 W, 100 %, 100 %, 21532 MiB, 24564 MiB, 2640 MHz, 10251 MHz
2026/09/13 12:56:54.966, NVIDIA GeForce RTX 4090, GPU-457328ff-6f8e-1f53-8cc3-68ae75d90604, 595.91.07, P2, 55, 298.01 W, 100 %, 100 %, 21532 MiB, 24564 MiB, 2640 MHz, 10251 MHz
2026/09/13 12:56:55.968, NVIDIA GeForce RTX 4090, GPU-457328ff-6f8e-1f53-8cc3-68ae75d90604, 595.91.07, P2, 55, 297.81 W, 100 %, 100 %, 21532 MiB, 24564 MiB, 2640 MHz, 10251 MHz
2026/09/13 12:56:56.971, NVIDIA GeForce RTX 4090, GPU-457328ff-6f8e-1f53-8cc3-68ae75d90604, 595.91.07, P2, 55, 297.33 W, 100 %, 100 %, 21532 MiB, 24564 MiB, 2640 MHz, 10251 MHz
2026/09/13 12:56:57.974, NVIDIA GeForce RTX 4090, GPU-457328ff-6f8e-1f53-8cc3-68ae75d90604, 595.91.07, P2, 55, 297.31 W, 100 %, 100 %, 21532 MiB, 24564 MiB, 2640 MHz, 10251 MHz
2026/09/13 12:56:58.976, NVIDIA GeForce RTX 4090, GPU-457328ff-6f8e-1f53-8cc3-68ae75d90604, 595.91.07, P2, 55, 297.37 W, 100 %, 100 %, 21532 MiB, 24564 MiB, 2640 MHz, 10251 MHz
2026/09/13 12:56:59.978, NVIDIA GeForce RTX 4090, GPU-457328ff-6f8e-1f53-8cc3-68ae75d90604, 595.91.07, P2, 55, 297.30 W, 100 %, 100 %, 21532 MiB, 24564 MiB, 2640 MHz, 10251 MHz
2026/09/13 12:57:00.981, NVIDIA GeForce RTX 4090, GPU-457328ff-6f8e-1f53-8cc3-68ae75d90604, 595.91.07, P2, 55, 296.92 W, 100 %, 100 %, 21532 MiB, 24564 MiB, 2640 MHz, 10251 MHz
2026/09/13 12:57:01.983, NVIDIA GeForce RTX 4090, GPU-457328ff-6f8e-1f53-8cc3-68ae75d90604, 595.91.07, P2, 55, 296.78 W, 100 %, 100 %, 21532 MiB, 24564 MiB, 2640 MHz, 10251 MHz
2026/09/13 12:57:02.986, NVIDIA GeForce RTX 4090, GPU-457328ff-6f8e-1f53-8cc3-68ae75d90604, 595.91.07, P2, 55, 296.54 W, 100 %, 100 %, 21532 MiB, 24564 MiB, 2640 MHz, 10251 MHz
2026/09/13 12:57:03.989, NVIDIA GeForce RTX 4090, GPU-457328ff-6f8e-1f53-8cc3-68ae75d90604, 595.91.07, P2, 55, 296.64 W, 100 %, 100 %, 21532 MiB, 24564 MiB, 2640 MHz, 10251 MHz
2026/09/13 12:57:04.991, NVIDIA GeForce RTX 4090, GPU-457328ff-6f8e-1f53-8cc3-68ae75d90604, 595.91.07, P2, 55, 296.90 W, 100 %, 100 %, 21532 MiB, 24564 MiB, 2640 MHz, 10251 MHz
2026/09/13 12:57:05.994, NVIDIA GeForce RTX 4090, GPU-457328ff-6f8e-1f53-8cc3-68ae75d90604, 595.91.07, P2, 54, 296.77 W, 100 %, 100 %, 21532 MiB, 24564 MiB, 2640 MHz, 10251 MHz
2026/09/13 12:57:06.996, NVIDIA GeForce RTX 4090, GPU-457328ff-6f8e-1f53-8cc3-68ae75d90604, 595.91.07, P2, 54, 296.63 W, 100 %, 100 %, 21532 MiB, 24564 MiB, 2640 MHz, 10251 MHz
2026/09/13 12:57:07.999, NVIDIA GeForce RTX 4090, GPU-457328ff-6f8e-1f53-8cc3-68ae75d90604, 595.91.07, P2, 54, 296.28 W, 100 %, 100 %, 21532 MiB, 24564 MiB, 2640 MHz, 10251 MHz
2026/09/13 12:57:09.000, NVIDIA GeForce RTX 4090, GPU-457328ff-6f8e-1f53-8cc3-68ae75d90604, 595.91.07, P2, 54, 296.36 W, 100 %, 100 %, 21532 MiB, 24564 MiB, 2640 MHz, 10251 MHz
2026/09/13 12:57:10.003, NVIDIA GeForce RTX 4090, GPU-457328ff-6f8e-1f53-8cc3-68ae75d90604, 595.91.07, P2, 54, 296.57 W, 100 %, 100 %, 21532 MiB, 24564 MiB, 2640 MHz, 10251 MHz
2026/09/13 12:57:11.005, NVIDIA GeForce RTX 4090, GPU-457328ff-6f8e-1f53-8cc3-68ae75d90604, 595.91.07, P2, 54, 296.28 W, 100 %, 100 %, 21532 MiB, 24564 MiB, 2640 MHz, 10251 MHz
2026/09/13 12:57:12.007, NVIDIA GeForce RTX 4090, GPU-457328ff-6f8e-1f53-8cc3-68ae75d90604, 595.91.07, P2, 54, 296.51 W, 100 %, 100 %, 21532 MiB, 24564 MiB, 2640 MHz, 10251 MHz
2026/09/13 12:57:13.010, NVIDIA GeForce RTX 4090, GPU-457328ff-6f8e-1f53-8cc3-68ae75d90604, 595.91.07, P2, 54, 296.57 W, 100 %, 100 %, 21532 MiB, 24564 MiB, 2640 MHz, 10251 MHz
2026/09/13 12:57:14.013, NVIDIA GeForce RTX 4090, GPU-457328ff-6f8e-1f53-8cc3-68ae75d90604, 595.91.07, P2, 54, 296.14 W, 100 %, 100 %, 21532 MiB, 24564 MiB, 2640 MHz, 10251 MHz
2026/09/13 12:57:15.014, NVIDIA GeForce RTX 4090, GPU-457328ff-6f8e-1f53-8cc3-68ae75d90604, 595.91.07, P2, 54, 296.29 W, 100 %, 100 %, 21532 MiB, 24564 MiB, 2640 MHz, 10251 MHz
2026/09/13 12:57:16.017, NVIDIA GeForce RTX 4090, GPU-457328ff-6f8e-1f53-8cc3-68ae75d90604, 595.91.07, P2, 54, 296.38 W, 100 %, 100 %, 21532 MiB, 24564 MiB, 2640 MHz, 10251 MHz
2026/09/13 12:57:17.019, NVIDIA GeForce RTX 4090, GPU-457328ff-6f8e-1f53-8cc3-68ae75d90604, 595.91.07, P2, 54, 296.98 W, 100 %, 100 %, 21532 MiB, 24564 MiB, 2640 MHz, 10251 MHz
2026/09/13 12:57:18.021, NVIDIA GeForce RTX 4090, GPU-457328ff-6f8e-1f53-8cc3-68ae75d90604, 595.91.07, P2, 54, 297.16 W, 100 %, 100 %, 21532 MiB, 24564 MiB, 2640 MHz, 10251 MHz
2026/09/13 12:57:19.023, NVIDIA GeForce RTX 4090, GPU-457328ff-6f8e-1f53-8cc3-68ae75d90604, 595.91.07, P2, 54, 296.99 W, 100 %, 100 %, 21532 MiB, 24564 MiB, 2640 MHz, 10251 MHz
2026/09/13 12:57:20.025, NVIDIA GeForce RTX 4090, GPU-457328ff-6f8e-1f53-8cc3-68ae75d90604, 595.91.07, P2, 54, 296.41 W, 100 %, 100 %, 21532 MiB, 24564 MiB, 2640 MHz, 10251 MHz
2026/09/13 12:57:21.027, NVIDIA GeForce RTX 4090, GPU-457328ff-6f8e-1f53-8cc3-68ae75d90604, 595.91.07, P2, 54, 296.37 W, 100 %, 100 %, 21532 MiB, 24564 MiB, 2640 MHz, 10251 MHz
2026/09/13 12:57:22.029, NVIDIA GeForce RTX 4090, GPU-457328ff-6f8e-1f53-8cc3-68ae75d90604, 595.91.07, P2, 54, 296.55 W, 100 %, 100 %, 21532 MiB, 24564 MiB, 2640 MHz, 10251 MHz
2026/09/13 12:57:23.031, NVIDIA GeForce RTX 4090, GPU-457328ff-6f8e-1f53-8cc3-68ae75d90604, 595.91.07, P2, 54, 296.77 W, 100 %, 100 %, 21532 MiB, 24564 MiB, 2640 MHz, 10251 MHz
2026/09/13 12:57:24.033, NVIDIA GeForce RTX 4090, GPU-457328ff-6f8e-1f53-8cc3-68ae75d90604, 595.91.07, P2, 54, 296.12 W, 100 %, 100 %, 21532 MiB, 24564 MiB, 2640 MHz, 10251 MHz
2026/09/13 12:57:25.035, NVIDIA GeForce RTX 4090, GPU-457328ff-6f8e-1f53-8cc3-68ae75d90604, 595.91.07, P2, 54, 295.86 W, 100 %, 100 %, 21532 MiB, 24564 MiB, 2640 MHz, 10251 MHz
2026/09/13 12:57:26.037, NVIDIA GeForce RTX 4090, GPU-457328ff-6f8e-1f53-8cc3-68ae75d90604, 595.91.07, P2, 53, 283.78 W, 70 %, 68 %, 21532 MiB, 24564 MiB, 2640 MHz, 10251 MHz
2026/09/13 12:57:27.039, NVIDIA GeForce RTX 4090, GPU-457328ff-6f8e-1f53-8cc3-68ae75d90604, 595.91.07, P2, 54, 295.79 W, 100 %, 100 %, 21532 MiB, 24564 MiB, 2640 MHz, 10251 MHz
2026/09/13 12:57:28.041, NVIDIA GeForce RTX 4090, GPU-457328ff-6f8e-1f53-8cc3-68ae75d90604, 595.91.07, P2, 54, 297.75 W, 100 %, 100 %, 21532 MiB, 24564 MiB, 2640 MHz, 10251 MHz
2026/09/13 12:57:29.043, NVIDIA GeForce RTX 4090, GPU-457328ff-6f8e-1f53-8cc3-68ae75d90604, 595.91.07, P2, 54, 297.47 W, 100 %, 100 %, 21532 MiB, 24564 MiB, 2640 MHz, 10251 MHz
2026/09/13 12:57:30.045, NVIDIA GeForce RTX 4090, GPU-457328ff-6f8e-1f53-8cc3-68ae75d90604, 595.91.07, P2, 54, 297.41 W, 100 %, 100 %, 21532 MiB, 24564 MiB, 2640 MHz, 10251 MHz
2026/09/13 12:57:31.047, NVIDIA GeForce RTX 4090, GPU-457328ff-6f8e-1f53-8cc3-68ae75d90604, 595.91.07, P2, 54, 297.64 W, 100 %, 100 %, 21532 MiB, 24564 MiB, 2640 MHz, 10251 MHz
2026/09/13 12:57:32.050, NVIDIA GeForce RTX 4090, GPU-457328ff-6f8e-1f53-8cc3-68ae75d90604, 595.91.07, P2, 54, 296.95 W, 100 %, 100 %, 21532 MiB, 24564 MiB, 2640 MHz, 10251 MHz
2026/09/13 12:57:33.052, NVIDIA GeForce RTX 4090, GPU-457328ff-6f8e-1f53-8cc3-68ae75d90604, 595.91.07, P2, 54, 297.08 W, 100 %, 100 %, 21532 MiB, 24564 MiB, 2640 MHz, 10251 MHz
2026/09/13 12:57:34.054, NVIDIA GeForce RTX 4090, GPU-457328ff-6f8e-1f53-8cc3-68ae75d90604, 595.91.07, P2, 54, 296.51 W, 100 %, 100 %, 21532 MiB, 24564 MiB, 2640 MHz, 10251 MHz
2026/09/13 12:57:35.057, NVIDIA GeForce RTX 4090, GPU-457328ff-6f8e-1f53-8cc3-68ae75d90604, 595.91.07, P2, 54, 296.37 W, 100 %, 100 %, 21532 MiB, 24564 MiB, 2640 MHz, 10251 MHz
2026/09/13 12:57:36.059, NVIDIA GeForce RTX 4090, GPU-457328ff-6f8e-1f53-8cc3-68ae75d90604, 595.91.07, P2, 54, 296.58 W, 100 %, 100 %, 21532 MiB, 24564 MiB, 2640 MHz, 10251 MHz
2026/09/13 12:57:37.062, NVIDIA GeForce RTX 4090, GPU-457328ff-6f8e-1f53-8cc3-68ae75d90604, 595.91.07, P2, 52, 289.41 W, 50 %, 45 %, 21532 MiB, 24564 MiB, 2640 MHz, 10251 MHz
2026/09/13 12:57:38.064, NVIDIA GeForce RTX 4090, GPU-457328ff-6f8e-1f53-8cc3-68ae75d90604, 595.91.07, P2, 54, 290.31 W, 100 %, 100 %, 21532 MiB, 24564 MiB, 2640 MHz, 10251 MHz
2026/09/13 12:57:39.067, NVIDIA GeForce RTX 4090, GPU-457328ff-6f8e-1f53-8cc3-68ae75d90604, 595.91.07, P2, 54, 297.61 W, 100 %, 100 %, 21532 MiB, 24564 MiB, 2640 MHz, 10251 MHz
2026/09/13 12:57:40.069, NVIDIA GeForce RTX 4090, GPU-457328ff-6f8e-1f53-8cc3-68ae75d90604, 595.91.07, P2, 54, 297.84 W, 100 %, 100 %, 21532 MiB, 24564 MiB, 2640 MHz, 10251 MHz
2026/09/13 12:57:41.071, NVIDIA GeForce RTX 4090, GPU-457328ff-6f8e-1f53-8cc3-68ae75d90604, 595.91.07, P2, 54, 297.40 W, 100 %, 100 %, 21532 MiB, 24564 MiB, 2640 MHz, 10251 MHz
2026/09/13 12:57:42.074, NVIDIA GeForce RTX 4090, GPU-457328ff-6f8e-1f53-8cc3-68ae75d90604, 595.91.07, P2, 54, 297.40 W, 100 %, 100 %, 21532 MiB, 24564 MiB, 2640 MHz, 10251 MHz
2026/09/13 12:57:43.076, NVIDIA GeForce RTX 4090, GPU-457328ff-6f8e-1f53-8cc3-68ae75d90604, 595.91.07, P2, 54, 297.28 W, 100 %, 100 %, 21532 MiB, 24564 MiB, 2640 MHz, 10251 MHz
2026/09/13 12:57:44.078, NVIDIA GeForce RTX 4090, GPU-457328ff-6f8e-1f53-8cc3-68ae75d90604, 595.91.07, P2, 54, 296.86 W, 100 %, 100 %, 21532 MiB, 24564 MiB, 2640 MHz, 10251 MHz
2026/09/13 12:57:45.081, NVIDIA GeForce RTX 4090, GPU-457328ff-6f8e-1f53-8cc3-68ae75d90604, 595.91.07, P2, 54, 296.66 W, 100 %, 100 %, 21532 MiB, 24564 MiB, 2640 MHz, 10251 MHz
2026/09/13 12:57:46.083, NVIDIA GeForce RTX 4090, GPU-457328ff-6f8e-1f53-8cc3-68ae75d90604, 595.91.07, P2, 54, 296.51 W, 100 %, 100 %, 21532 MiB, 24564 MiB, 2640 MHz, 10251 MHz
2026/09/13 12:57:47.086, NVIDIA GeForce RTX 4090, GPU-457328ff-6f8e-1f53-8cc3-68ae75d90604, 595.91.07, P2, 54, 296.64 W, 100 %, 100 %, 21532 MiB, 24564 MiB, 2640 MHz, 10251 MHz
2026/09/13 12:57:48.088, NVIDIA GeForce RTX 4090, GPU-457328ff-6f8e-1f53-8cc3-68ae75d90604, 595.91.07, P2, 54, 296.62 W, 100 %, 100 %, 21532 MiB, 24564 MiB, 2640 MHz, 10251 MHz
2026/09/13 12:57:49.090, NVIDIA GeForce RTX 4090, GPU-457328ff-6f8e-1f53-8cc3-68ae75d90604, 595.91.07, P2, 54, 296.60 W, 100 %, 100 %, 21532 MiB, 24564 MiB, 2640 MHz, 10251 MHz
2026/09/13 12:57:50.093, NVIDIA GeForce RTX 4090, GPU-457328ff-6f8e-1f53-8cc3-68ae75d90604, 595.91.07, P2, 54, 296.38 W, 100 %, 100 %, 21532 MiB, 24564 MiB, 2640 MHz, 10251 MHz
2026/09/13 12:57:51.096, NVIDIA GeForce RTX 4090, GPU-457328ff-6f8e-1f53-8cc3-68ae75d90604, 595.91.07, P2, 54, 296.24 W, 100 %, 100 %, 21532 MiB, 24564 MiB, 2640 MHz, 10251 MHz
2026/09/13 12:57:52.097, NVIDIA GeForce RTX 4090, GPU-457328ff-6f8e-1f53-8cc3-68ae75d90604, 595.91.07, P2, 54, 296.10 W, 100 %, 100 %, 21532 MiB, 24564 MiB, 2640 MHz, 10251 MHz
2026/09/13 12:57:53.100, NVIDIA GeForce RTX 4090, GPU-457328ff-6f8e-1f53-8cc3-68ae75d90604, 595.91.07, P2, 54, 296.07 W, 100 %, 100 %, 21532 MiB, 24564 MiB, 2640 MHz, 10251 MHz
2026/09/13 12:57:54.101, NVIDIA GeForce RTX 4090, GPU-457328ff-6f8e-1f53-8cc3-68ae75d90604, 595.91.07, P2, 54, 296.27 W, 100 %, 100 %, 21532 MiB, 24564 MiB, 2640 MHz, 10251 MHz
2026/09/13 12:57:55.104, NVIDIA GeForce RTX 4090, GPU-457328ff-6f8e-1f53-8cc3-68ae75d90604, 595.91.07, P2, 54, 296.03 W, 100 %, 100 %, 21532 MiB, 24564 MiB, 2640 MHz, 10251 MHz
2026/09/13 12:57:56.106, NVIDIA GeForce RTX 4090, GPU-457328ff-6f8e-1f53-8cc3-68ae75d90604, 595.91.07, P2, 54, 295.71 W, 100 %, 100 %, 21532 MiB, 24564 MiB, 2640 MHz, 10251 MHz
2026/09/13 12:57:57.108, NVIDIA GeForce RTX 4090, GPU-457328ff-6f8e-1f53-8cc3-68ae75d90604, 595.91.07, P2, 54, 296.02 W, 100 %, 100 %, 21532 MiB, 24564 MiB, 2640 MHz, 10251 MHz
2026/09/13 12:57:58.110, NVIDIA GeForce RTX 4090, GPU-457328ff-6f8e-1f53-8cc3-68ae75d90604, 595.91.07, P2, 54, 295.86 W, 100 %, 100 %, 21532 MiB, 24564 MiB, 2640 MHz, 10251 MHz
2026/09/13 12:57:59.113, NVIDIA GeForce RTX 4090, GPU-457328ff-6f8e-1f53-8cc3-68ae75d90604, 595.91.07, P2, 53, 295.95 W, 100 %, 100 %, 21532 MiB, 24564 MiB, 2640 MHz, 10251 MHz
2026/09/13 12:58:00.115, NVIDIA GeForce RTX 4090, GPU-457328ff-6f8e-1f53-8cc3-68ae75d90604, 595.91.07, P2, 53, 295.36 W, 100 %, 100 %, 21532 MiB, 24564 MiB, 2640 MHz, 10251 MHz
2026/09/13 12:58:01.117, NVIDIA GeForce RTX 4090, GPU-457328ff-6f8e-1f53-8cc3-68ae75d90604, 595.91.07, P2, 53, 295.34 W, 100 %, 100 %, 21532 MiB, 24564 MiB, 2640 MHz, 10251 MHz
2026/09/13 12:58:02.119, NVIDIA GeForce RTX 4090, GPU-457328ff-6f8e-1f53-8cc3-68ae75d90604, 595.91.07, P2, 53, 295.45 W, 100 %, 100 %, 21532 MiB, 24564 MiB, 2640 MHz, 10251 MHz
2026/09/13 12:58:03.122, NVIDIA GeForce RTX 4090, GPU-457328ff-6f8e-1f53-8cc3-68ae75d90604, 595.91.07, P2, 53, 295.61 W, 100 %, 100 %, 21532 MiB, 24564 MiB, 2640 MHz, 10251 MHz
2026/09/13 12:58:04.124, NVIDIA GeForce RTX 4090, GPU-457328ff-6f8e-1f53-8cc3-68ae75d90604, 595.91.07, P2, 53, 295.41 W, 100 %, 100 %, 21532 MiB, 24564 MiB, 2640 MHz, 10251 MHz
2026/09/13 12:58:05.127, NVIDIA GeForce RTX 4090, GPU-457328ff-6f8e-1f53-8cc3-68ae75d90604, 595.91.07, P2, 53, 295.39 W, 100 %, 100 %, 21532 MiB, 24564 MiB, 2640 MHz, 10251 MHz
2026/09/13 12:58:06.129, NVIDIA GeForce RTX 4090, GPU-457328ff-6f8e-1f53-8cc3-68ae75d90604, 595.91.07, P2, 53, 295.63 W, 100 %, 100 %, 21532 MiB, 24564 MiB, 2640 MHz, 10251 MHz
2026/09/13 12:58:07.131, NVIDIA GeForce RTX 4090, GPU-457328ff-6f8e-1f53-8cc3-68ae75d90604, 595.91.07, P2, 53, 286.39 W, 100 %, 100 %, 21532 MiB, 24564 MiB, 2640 MHz, 10251 MHz
2026/09/13 12:58:08.133, NVIDIA GeForce RTX 4090, GPU-457328ff-6f8e-1f53-8cc3-68ae75d90604, 595.91.07, P2, 53, 297.05 W, 100 %, 100 %, 21532 MiB, 24564 MiB, 2640 MHz, 10251 MHz
2026/09/13 12:58:09.136, NVIDIA GeForce RTX 4090, GPU-457328ff-6f8e-1f53-8cc3-68ae75d90604, 595.91.07, P2, 53, 297.29 W, 100 %, 100 %, 21532 MiB, 24564 MiB, 2640 MHz, 10251 MHz
2026/09/13 12:58:10.138, NVIDIA GeForce RTX 4090, GPU-457328ff-6f8e-1f53-8cc3-68ae75d90604, 595.91.07, P2, 53, 297.05 W, 100 %, 100 %, 21532 MiB, 24564 MiB, 2640 MHz, 10251 MHz
2026/09/13 12:58:11.141, NVIDIA GeForce RTX 4090, GPU-457328ff-6f8e-1f53-8cc3-68ae75d90604, 595.91.07, P2, 53, 296.77 W, 100 %, 100 %, 21532 MiB, 24564 MiB, 2640 MHz, 10251 MHz
2026/09/13 12:58:12.143, NVIDIA GeForce RTX 4090, GPU-457328ff-6f8e-1f53-8cc3-68ae75d90604, 595.91.07, P2, 53, 296.77 W, 100 %, 100 %, 21532 MiB, 24564 MiB, 2640 MHz, 10251 MHz
2026/09/13 12:58:13.145, NVIDIA GeForce RTX 4090, GPU-457328ff-6f8e-1f53-8cc3-68ae75d90604, 595.91.07, P2, 53, 296.64 W, 100 %, 100 %, 21532 MiB, 24564 MiB, 2640 MHz, 10251 MHz
2026/09/13 12:58:14.148, NVIDIA GeForce RTX 4090, GPU-457328ff-6f8e-1f53-8cc3-68ae75d90604, 595.91.07, P2, 53, 296.45 W, 100 %, 100 %, 21532 MiB, 24564 MiB, 2640 MHz, 10251 MHz
2026/09/13 12:58:15.150, NVIDIA GeForce RTX 4090, GPU-457328ff-6f8e-1f53-8cc3-68ae75d90604, 595.91.07, P2, 53, 296.29 W, 100 %, 100 %, 21532 MiB, 24564 MiB, 2640 MHz, 10251 MHz
2026/09/13 12:58:16.153, NVIDIA GeForce RTX 4090, GPU-457328ff-6f8e-1f53-8cc3-68ae75d90604, 595.91.07, P2, 53, 295.95 W, 100 %, 100 %, 21532 MiB, 24564 MiB, 2640 MHz, 10251 MHz
2026/09/13 12:58:17.155, NVIDIA GeForce RTX 4090, GPU-457328ff-6f8e-1f53-8cc3-68ae75d90604, 595.91.07, P2, 53, 295.83 W, 100 %, 100 %, 21532 MiB, 24564 MiB, 2640 MHz, 10251 MHz
2026/09/13 12:58:18.157, NVIDIA GeForce RTX 4090, GPU-457328ff-6f8e-1f53-8cc3-68ae75d90604, 595.91.07, P2, 53, 295.82 W, 100 %, 100 %, 21532 MiB, 24564 MiB, 2640 MHz, 10251 MHz
2026/09/13 12:58:19.160, NVIDIA GeForce RTX 4090, GPU-457328ff-6f8e-1f53-8cc3-68ae75d90604, 595.91.07, P2, 53, 295.84 W, 100 %, 100 %, 21532 MiB, 24564 MiB, 2640 MHz, 10251 MHz
2026/09/13 12:58:20.162, NVIDIA GeForce RTX 4090, GPU-457328ff-6f8e-1f53-8cc3-68ae75d90604, 595.91.07, P2, 53, 295.64 W, 100 %, 100 %, 21532 MiB, 24564 MiB, 2640 MHz, 10251 MHz
2026/09/13 12:58:21.165, NVIDIA GeForce RTX 4090, GPU-457328ff-6f8e-1f53-8cc3-68ae75d90604, 595.91.07, P2, 53, 295.69 W, 100 %, 100 %, 21532 MiB, 24564 MiB, 2640 MHz, 10251 MHz
2026/09/13 12:58:22.167, NVIDIA GeForce RTX 4090, GPU-457328ff-6f8e-1f53-8cc3-68ae75d90604, 595.91.07, P2, 53, 295.60 W, 100 %, 100 %, 21532 MiB, 24564 MiB, 2640 MHz, 10251 MHz
2026/09/13 12:58:23.170, NVIDIA GeForce RTX 4090, GPU-457328ff-6f8e-1f53-8cc3-68ae75d90604, 595.91.07, P2, 53, 295.78 W, 100 %, 100 %, 21532 MiB, 24564 MiB, 2640 MHz, 10251 MHz
2026/09/13 12:58:24.172, NVIDIA GeForce RTX 4090, GPU-457328ff-6f8e-1f53-8cc3-68ae75d90604, 595.91.07, P2, 53, 295.50 W, 100 %, 100 %, 21532 MiB, 24564 MiB, 2640 MHz, 10251 MHz
2026/09/13 12:58:25.173, NVIDIA GeForce RTX 4090, GPU-457328ff-6f8e-1f53-8cc3-68ae75d90604, 595.91.07, P2, 53, 295.22 W, 100 %, 100 %, 21532 MiB, 24564 MiB, 2640 MHz, 10251 MHz
2026/09/13 12:58:26.176, NVIDIA GeForce RTX 4090, GPU-457328ff-6f8e-1f53-8cc3-68ae75d90604, 595.91.07, P2, 53, 295.23 W, 100 %, 100 %, 21532 MiB, 24564 MiB, 2640 MHz, 10251 MHz
2026/09/13 12:58:27.177, NVIDIA GeForce RTX 4090, GPU-457328ff-6f8e-1f53-8cc3-68ae75d90604, 595.91.07, P2, 53, 295.09 W, 100 %, 100 %, 21532 MiB, 24564 MiB, 2640 MHz, 10251 MHz
2026/09/13 12:58:28.180, NVIDIA GeForce RTX 4090, GPU-457328ff-6f8e-1f53-8cc3-68ae75d90604, 595.91.07, P2, 53, 295.23 W, 100 %, 100 %, 21532 MiB, 24564 MiB, 2640 MHz, 10251 MHz
2026/09/13 12:58:29.182, NVIDIA GeForce RTX 4090, GPU-457328ff-6f8e-1f53-8cc3-68ae75d90604, 595.91.07, P2, 53, 295.14 W, 100 %, 100 %, 21532 MiB, 24564 MiB, 2640 MHz, 10251 MHz
2026/09/13 12:58:30.184, NVIDIA GeForce RTX 4090, GPU-457328ff-6f8e-1f53-8cc3-68ae75d90604, 595.91.07, P2, 53, 295.13 W, 100 %, 100 %, 21532 MiB, 24564 MiB, 2640 MHz, 10251 MHz
2026/09/13 12:58:31.187, NVIDIA GeForce RTX 4090, GPU-457328ff-6f8e-1f53-8cc3-68ae75d90604, 595.91.07, P2, 53, 295.11 W, 100 %, 100 %, 21532 MiB, 24564 MiB, 2640 MHz, 10251 MHz
2026/09/13 12:58:32.189, NVIDIA GeForce RTX 4090, GPU-457328ff-6f8e-1f53-8cc3-68ae75d90604, 595.91.07, P2, 53, 295.32 W, 100 %, 100 %, 21532 MiB, 24564 MiB, 2640 MHz, 10251 MHz
2026/09/13 12:58:33.192, NVIDIA GeForce RTX 4090, GPU-457328ff-6f8e-1f53-8cc3-68ae75d90604, 595.91.07, P2, 53, 295.36 W, 100 %, 100 %, 21532 MiB, 24564 MiB, 2640 MHz, 10251 MHz
2026/09/13 12:58:34.194, NVIDIA GeForce RTX 4090, GPU-457328ff-6f8e-1f53-8cc3-68ae75d90604, 595.91.07, P2, 53, 295.43 W, 100 %, 100 %, 21532 MiB, 24564 MiB, 2640 MHz, 10251 MHz
2026/09/13 12:58:35.195, NVIDIA GeForce RTX 4090, GPU-457328ff-6f8e-1f53-8cc3-68ae75d90604, 595.91.07, P2, 53, 295.38 W, 100 %, 100 %, 21532 MiB, 24564 MiB, 2640 MHz, 10251 MHz
2026/09/13 12:58:36.197, NVIDIA GeForce RTX 4090, GPU-457328ff-6f8e-1f53-8cc3-68ae75d90604, 595.91.07, P2, 53, 295.45 W, 100 %, 100 %, 21532 MiB, 24564 MiB, 2640 MHz, 10251 MHz
2026/09/13 12:58:37.199, NVIDIA GeForce RTX 4090, GPU-457328ff-6f8e-1f53-8cc3-68ae75d90604, 595.91.07, P2, 53, 295.57 W, 100 %, 100 %, 21532 MiB, 24564 MiB, 2640 MHz, 10251 MHz
2026/09/13 12:58:38.202, NVIDIA GeForce RTX 4090, GPU-457328ff-6f8e-1f53-8cc3-68ae75d90604, 595.91.07, P2, 53, 295.98 W, 100 %, 100 %, 21532 MiB, 24564 MiB, 2640 MHz, 10251 MHz
2026/09/13 12:58:39.204, NVIDIA GeForce RTX 4090, GPU-457328ff-6f8e-1f53-8cc3-68ae75d90604, 595.91.07, P2, 53, 295.68 W, 100 %, 100 %, 21532 MiB, 24564 MiB, 2640 MHz, 10251 MHz
2026/09/13 12:58:40.206, NVIDIA GeForce RTX 4090, GPU-457328ff-6f8e-1f53-8cc3-68ae75d90604, 595.91.07, P2, 53, 295.25 W, 100 %, 100 %, 21532 MiB, 24564 MiB, 2640 MHz, 10251 MHz
2026/09/13 12:58:41.208, NVIDIA GeForce RTX 4090, GPU-457328ff-6f8e-1f53-8cc3-68ae75d90604, 595.91.07, P2, 53, 295.57 W, 100 %, 100 %, 21532 MiB, 24564 MiB, 2640 MHz, 10251 MHz
2026/09/13 12:58:42.210, NVIDIA GeForce RTX 4090, GPU-457328ff-6f8e-1f53-8cc3-68ae75d90604, 595.91.07, P2, 53, 295.64 W, 100 %, 100 %, 21532 MiB, 24564 MiB, 2640 MHz, 10251 MHz
2026/09/13 12:58:43.211, NVIDIA GeForce RTX 4090, GPU-457328ff-6f8e-1f53-8cc3-68ae75d90604, 595.91.07, P2, 52, 288.81 W, 62 %, 67 %, 21532 MiB, 24564 MiB, 2640 MHz, 10251 MHz
2026/09/13 12:58:44.213, NVIDIA GeForce RTX 4090, GPU-457328ff-6f8e-1f53-8cc3-68ae75d90604, 595.91.07, P2, 53, 286.78 W, 100 %, 100 %, 21532 MiB, 24564 MiB, 2640 MHz, 10251 MHz
2026/09/13 12:58:45.215, NVIDIA GeForce RTX 4090, GPU-457328ff-6f8e-1f53-8cc3-68ae75d90604, 595.91.07, P2, 53, 297.41 W, 100 %, 100 %, 21532 MiB, 24564 MiB, 2640 MHz, 10251 MHz
2026/09/13 12:58:46.216, NVIDIA GeForce RTX 4090, GPU-457328ff-6f8e-1f53-8cc3-68ae75d90604, 595.91.07, P2, 53, 297.91 W, 100 %, 100 %, 21532 MiB, 24564 MiB, 2640 MHz, 10251 MHz
2026/09/13 12:58:47.218, NVIDIA GeForce RTX 4090, GPU-457328ff-6f8e-1f53-8cc3-68ae75d90604, 595.91.07, P2, 53, 297.60 W, 100 %, 100 %, 21532 MiB, 24564 MiB, 2640 MHz, 10251 MHz
2026/09/13 12:58:48.220, NVIDIA GeForce RTX 4090, GPU-457328ff-6f8e-1f53-8cc3-68ae75d90604, 595.91.07, P2, 53, 297.12 W, 100 %, 100 %, 21532 MiB, 24564 MiB, 2640 MHz, 10251 MHz
2026/09/13 12:58:49.222, NVIDIA GeForce RTX 4090, GPU-457328ff-6f8e-1f53-8cc3-68ae75d90604, 595.91.07, P2, 53, 296.96 W, 100 %, 100 %, 21532 MiB, 24564 MiB, 2640 MHz, 10251 MHz
2026/09/13 12:58:50.224, NVIDIA GeForce RTX 4090, GPU-457328ff-6f8e-1f53-8cc3-68ae75d90604, 595.91.07, P2, 53, 296.89 W, 100 %, 100 %, 21532 MiB, 24564 MiB, 2640 MHz, 10251 MHz
2026/09/13 12:58:51.226, NVIDIA GeForce RTX 4090, GPU-457328ff-6f8e-1f53-8cc3-68ae75d90604, 595.91.07, P2, 53, 296.85 W, 100 %, 100 %, 21532 MiB, 24564 MiB, 2640 MHz, 10251 MHz
2026/09/13 12:58:52.228, NVIDIA GeForce RTX 4090, GPU-457328ff-6f8e-1f53-8cc3-68ae75d90604, 595.91.07, P2, 53, 296.53 W, 100 %, 100 %, 21532 MiB, 24564 MiB, 2640 MHz, 10251 MHz
2026/09/13 12:58:53.230, NVIDIA GeForce RTX 4090, GPU-457328ff-6f8e-1f53-8cc3-68ae75d90604, 595.91.07, P2, 53, 296.22 W, 100 %, 100 %, 21532 MiB, 24564 MiB, 2640 MHz, 10251 MHz
2026/09/13 12:58:54.232, NVIDIA GeForce RTX 4090, GPU-457328ff-6f8e-1f53-8cc3-68ae75d90604, 595.91.07, P2, 53, 296.22 W, 100 %, 100 %, 21532 MiB, 24564 MiB, 2640 MHz, 10251 MHz
2026/09/13 12:58:55.233, NVIDIA GeForce RTX 4090, GPU-457328ff-6f8e-1f53-8cc3-68ae75d90604, 595.91.07, P2, 53, 295.92 W, 100 %, 100 %, 21532 MiB, 24564 MiB, 2640 MHz, 10251 MHz
2026/09/13 12:58:56.236, NVIDIA GeForce RTX 4090, GPU-457328ff-6f8e-1f53-8cc3-68ae75d90604, 595.91.07, P2, 53, 295.68 W, 100 %, 100 %, 21532 MiB, 24564 MiB, 2640 MHz, 10251 MHz
2026/09/13 12:58:57.238, NVIDIA GeForce RTX 4090, GPU-457328ff-6f8e-1f53-8cc3-68ae75d90604, 595.91.07, P2, 53, 295.51 W, 100 %, 100 %, 21532 MiB, 24564 MiB, 2640 MHz, 10251 MHz
2026/09/13 12:58:58.240, NVIDIA GeForce RTX 4090, GPU-457328ff-6f8e-1f53-8cc3-68ae75d90604, 595.91.07, P2, 53, 295.46 W, 100 %, 100 %, 21532 MiB, 24564 MiB, 2640 MHz, 10251 MHz
2026/09/13 12:58:59.242, NVIDIA GeForce RTX 4090, GPU-457328ff-6f8e-1f53-8cc3-68ae75d90604, 595.91.07, P2, 53, 295.67 W, 100 %, 100 %, 21532 MiB, 24564 MiB, 2640 MHz, 10251 MHz
2026/09/13 12:59:00.244, NVIDIA GeForce RTX 4090, GPU-457328ff-6f8e-1f53-8cc3-68ae75d90604, 595.91.07, P2, 53, 296.07 W, 100 %, 100 %, 21532 MiB, 24564 MiB, 2640 MHz, 10251 MHz
2026/09/13 12:59:01.245, NVIDIA GeForce RTX 4090, GPU-457328ff-6f8e-1f53-8cc3-68ae75d90604, 595.91.07, P2, 53, 296.07 W, 100 %, 100 %, 21532 MiB, 24564 MiB, 2640 MHz, 10251 MHz
2026/09/13 12:59:02.247, NVIDIA GeForce RTX 4090, GPU-457328ff-6f8e-1f53-8cc3-68ae75d90604, 595.91.07, P2, 53, 295.62 W, 100 %, 100 %, 21532 MiB, 24564 MiB, 2640 MHz, 10251 MHz
2026/09/13 12:59:03.248, NVIDIA GeForce RTX 4090, GPU-457328ff-6f8e-1f53-8cc3-68ae75d90604, 595.91.07, P2, 53, 295.76 W, 100 %, 100 %, 21532 MiB, 24564 MiB, 2640 MHz, 10251 MHz
2026/09/13 12:59:04.250, NVIDIA GeForce RTX 4090, GPU-457328ff-6f8e-1f53-8cc3-68ae75d90604, 595.91.07, P2, 53, 295.70 W, 100 %, 100 %, 21532 MiB, 24564 MiB, 2640 MHz, 10251 MHz
2026/09/13 12:59:05.251, NVIDIA GeForce RTX 4090, GPU-457328ff-6f8e-1f53-8cc3-68ae75d90604, 595.91.07, P2, 53, 295.77 W, 100 %, 100 %, 21532 MiB, 24564 MiB, 2640 MHz, 10251 MHz
2026/09/13 12:59:06.253, NVIDIA GeForce RTX 4090, GPU-457328ff-6f8e-1f53-8cc3-68ae75d90604, 595.91.07, P2, 53, 295.42 W, 100 %, 100 %, 21532 MiB, 24564 MiB, 2640 MHz, 10251 MHz
2026/09/13 12:59:07.255, NVIDIA GeForce RTX 4090, GPU-457328ff-6f8e-1f53-8cc3-68ae75d90604, 595.91.07, P2, 53, 295.16 W, 100 %, 100 %, 21532 MiB, 24564 MiB, 2640 MHz, 10251 MHz
2026/09/13 12:59:08.256, NVIDIA GeForce RTX 4090, GPU-457328ff-6f8e-1f53-8cc3-68ae75d90604, 595.91.07, P2, 53, 295.56 W, 100 %, 100 %, 21532 MiB, 24564 MiB, 2640 MHz, 10251 MHz
2026/09/13 12:59:09.258, NVIDIA GeForce RTX 4090, GPU-457328ff-6f8e-1f53-8cc3-68ae75d90604, 595.91.07, P2, 53, 295.64 W, 100 %, 100 %, 21532 MiB, 24564 MiB, 2640 MHz, 10251 MHz
2026/09/13 12:59:10.260, NVIDIA GeForce RTX 4090, GPU-457328ff-6f8e-1f53-8cc3-68ae75d90604, 595.91.07, P2, 53, 296.07 W, 100 %, 100 %, 21532 MiB, 24564 MiB, 2640 MHz, 10251 MHz
2026/09/13 12:59:11.262, NVIDIA GeForce RTX 4090, GPU-457328ff-6f8e-1f53-8cc3-68ae75d90604, 595.91.07, P2, 53, 296.23 W, 100 %, 100 %, 21532 MiB, 24564 MiB, 2640 MHz, 10251 MHz
2026/09/13 12:59:12.264, NVIDIA GeForce RTX 4090, GPU-457328ff-6f8e-1f53-8cc3-68ae75d90604, 595.91.07, P2, 53, 296.30 W, 100 %, 100 %, 21532 MiB, 24564 MiB, 2640 MHz, 10251 MHz
2026/09/13 12:59:13.266, NVIDIA GeForce RTX 4090, GPU-457328ff-6f8e-1f53-8cc3-68ae75d90604, 595.91.07, P2, 53, 295.79 W, 100 %, 100 %, 21532 MiB, 24564 MiB, 2640 MHz, 10251 MHz
2026/09/13 12:59:14.268, NVIDIA GeForce RTX 4090, GPU-457328ff-6f8e-1f53-8cc3-68ae75d90604, 595.91.07, P2, 53, 295.85 W, 100 %, 100 %, 21532 MiB, 24564 MiB, 2640 MHz, 10251 MHz
2026/09/13 12:59:15.270, NVIDIA GeForce RTX 4090, GPU-457328ff-6f8e-1f53-8cc3-68ae75d90604, 595.91.07, P2, 53, 295.85 W, 100 %, 100 %, 21532 MiB, 24564 MiB, 2640 MHz, 10251 MHz
2026/09/13 12:59:16.271, NVIDIA GeForce RTX 4090, GPU-457328ff-6f8e-1f53-8cc3-68ae75d90604, 595.91.07, P2, 53, 285.94 W, 100 %, 100 %, 21532 MiB, 24564 MiB, 2640 MHz, 10251 MHz
2026/09/13 12:59:17.273, NVIDIA GeForce RTX 4090, GPU-457328ff-6f8e-1f53-8cc3-68ae75d90604, 595.91.07, P2, 53, 297.66 W, 100 %, 100 %, 21532 MiB, 24564 MiB, 2640 MHz, 10251 MHz
2026/09/13 12:59:18.275, NVIDIA GeForce RTX 4090, GPU-457328ff-6f8e-1f53-8cc3-68ae75d90604, 595.91.07, P2, 53, 297.57 W, 100 %, 100 %, 21532 MiB, 24564 MiB, 2640 MHz, 10251 MHz
2026/09/13 12:59:19.277, NVIDIA GeForce RTX 4090, GPU-457328ff-6f8e-1f53-8cc3-68ae75d90604, 595.91.07, P2, 53, 297.45 W, 100 %, 100 %, 21532 MiB, 24564 MiB, 2640 MHz, 10251 MHz
2026/09/13 12:59:20.280, NVIDIA GeForce RTX 4090, GPU-457328ff-6f8e-1f53-8cc3-68ae75d90604, 595.91.07, P2, 54, 297.73 W, 100 %, 100 %, 21532 MiB, 24564 MiB, 2640 MHz, 10251 MHz
2026/09/13 12:59:21.281, NVIDIA GeForce RTX 4090, GPU-457328ff-6f8e-1f53-8cc3-68ae75d90604, 595.91.07, P2, 54, 297.79 W, 100 %, 100 %, 21532 MiB, 24564 MiB, 2640 MHz, 10251 MHz
2026/09/13 12:59:22.283, NVIDIA GeForce RTX 4090, GPU-457328ff-6f8e-1f53-8cc3-68ae75d90604, 595.91.07, P2, 54, 297.99 W, 100 %, 100 %, 21532 MiB, 24564 MiB, 2640 MHz, 10251 MHz
2026/09/13 12:59:23.285, NVIDIA GeForce RTX 4090, GPU-457328ff-6f8e-1f53-8cc3-68ae75d90604, 595.91.07, P2, 54, 297.49 W, 100 %, 100 %, 21532 MiB, 24564 MiB, 2640 MHz, 10251 MHz
2026/09/13 12:59:24.287, NVIDIA GeForce RTX 4090, GPU-457328ff-6f8e-1f53-8cc3-68ae75d90604, 595.91.07, P2, 54, 297.08 W, 100 %, 100 %, 21532 MiB, 24564 MiB, 2640 MHz, 10251 MHz
2026/09/13 12:59:25.289, NVIDIA GeForce RTX 4090, GPU-457328ff-6f8e-1f53-8cc3-68ae75d90604, 595.91.07, P2, 54, 297.05 W, 100 %, 100 %, 21532 MiB, 24564 MiB, 2640 MHz, 10251 MHz
2026/09/13 12:59:26.290, NVIDIA GeForce RTX 4090, GPU-457328ff-6f8e-1f53-8cc3-68ae75d90604, 595.91.07, P2, 54, 297.11 W, 100 %, 100 %, 21532 MiB, 24564 MiB, 2640 MHz, 10251 MHz
2026/09/13 12:59:27.292, NVIDIA GeForce RTX 4090, GPU-457328ff-6f8e-1f53-8cc3-68ae75d90604, 595.91.07, P2, 54, 296.80 W, 100 %, 100 %, 21532 MiB, 24564 MiB, 2640 MHz, 10251 MHz
2026/09/13 12:59:28.295, NVIDIA GeForce RTX 4090, GPU-457328ff-6f8e-1f53-8cc3-68ae75d90604, 595.91.07, P2, 54, 296.78 W, 100 %, 100 %, 21532 MiB, 24564 MiB, 2640 MHz, 10251 MHz
2026/09/13 12:59:29.297, NVIDIA GeForce RTX 4090, GPU-457328ff-6f8e-1f53-8cc3-68ae75d90604, 595.91.07, P2, 54, 297.08 W, 100 %, 100 %, 21532 MiB, 24564 MiB, 2640 MHz, 10251 MHz
2026/09/13 12:59:30.298, NVIDIA GeForce RTX 4090, GPU-457328ff-6f8e-1f53-8cc3-68ae75d90604, 595.91.07, P2, 54, 296.77 W, 100 %, 100 %, 21532 MiB, 24564 MiB, 2640 MHz, 10251 MHz
2026/09/13 12:59:31.299, NVIDIA GeForce RTX 4090, GPU-457328ff-6f8e-1f53-8cc3-68ae75d90604, 595.91.07, P2, 54, 287.90 W, 100 %, 100 %, 21532 MiB, 24564 MiB, 2640 MHz, 10251 MHz
2026/09/13 12:59:32.301, NVIDIA GeForce RTX 4090, GPU-457328ff-6f8e-1f53-8cc3-68ae75d90604, 595.91.07, P2, 54, 298.98 W, 100 %, 100 %, 21532 MiB, 24564 MiB, 2640 MHz, 10251 MHz
2026/09/13 12:59:33.303, NVIDIA GeForce RTX 4090, GPU-457328ff-6f8e-1f53-8cc3-68ae75d90604, 595.91.07, P2, 54, 298.70 W, 100 %, 100 %, 21532 MiB, 24564 MiB, 2640 MHz, 10251 MHz
2026/09/13 12:59:34.305, NVIDIA GeForce RTX 4090, GPU-457328ff-6f8e-1f53-8cc3-68ae75d90604, 595.91.07, P2, 54, 298.38 W, 100 %, 100 %, 21532 MiB, 24564 MiB, 2640 MHz, 10251 MHz
2026/09/13 12:59:35.307, NVIDIA GeForce RTX 4090, GPU-457328ff-6f8e-1f53-8cc3-68ae75d90604, 595.91.07, P2, 54, 297.98 W, 100 %, 100 %, 21532 MiB, 24564 MiB, 2640 MHz, 10251 MHz
2026/09/13 12:59:36.309, NVIDIA GeForce RTX 4090, GPU-457328ff-6f8e-1f53-8cc3-68ae75d90604, 595.91.07, P2, 54, 297.68 W, 100 %, 100 %, 21532 MiB, 24564 MiB, 2640 MHz, 10251 MHz
2026/09/13 12:59:37.311, NVIDIA GeForce RTX 4090, GPU-457328ff-6f8e-1f53-8cc3-68ae75d90604, 595.91.07, P2, 54, 297.06 W, 100 %, 100 %, 21532 MiB, 24564 MiB, 2640 MHz, 10251 MHz
2026/09/13 12:59:38.313, NVIDIA GeForce RTX 4090, GPU-457328ff-6f8e-1f53-8cc3-68ae75d90604, 595.91.07, P2, 54, 296.80 W, 100 %, 100 %, 21532 MiB, 24564 MiB, 2640 MHz, 10251 MHz
2026/09/13 12:59:39.315, NVIDIA GeForce RTX 4090, GPU-457328ff-6f8e-1f53-8cc3-68ae75d90604, 595.91.07, P2, 54, 297.16 W, 100 %, 100 %, 21532 MiB, 24564 MiB, 2640 MHz, 10251 MHz
2026/09/13 12:59:40.317, NVIDIA GeForce RTX 4090, GPU-457328ff-6f8e-1f53-8cc3-68ae75d90604, 595.91.07, P2, 54, 297.47 W, 100 %, 100 %, 21532 MiB, 24564 MiB, 2640 MHz, 10251 MHz
2026/09/13 12:59:41.320, NVIDIA GeForce RTX 4090, GPU-457328ff-6f8e-1f53-8cc3-68ae75d90604, 595.91.07, P2, 54, 297.15 W, 100 %, 100 %, 21532 MiB, 24564 MiB, 2640 MHz, 10251 MHz
2026/09/13 12:59:42.321, NVIDIA GeForce RTX 4090, GPU-457328ff-6f8e-1f53-8cc3-68ae75d90604, 595.91.07, P2, 54, 296.58 W, 100 %, 100 %, 21532 MiB, 24564 MiB, 2640 MHz, 10251 MHz
2026/09/13 12:59:43.323, NVIDIA GeForce RTX 4090, GPU-457328ff-6f8e-1f53-8cc3-68ae75d90604, 595.91.07, P2, 54, 296.26 W, 100 %, 100 %, 21532 MiB, 24564 MiB, 2640 MHz, 10251 MHz
2026/09/13 12:59:44.325, NVIDIA GeForce RTX 4090, GPU-457328ff-6f8e-1f53-8cc3-68ae75d90604, 595.91.07, P2, 54, 296.58 W, 100 %, 100 %, 21532 MiB, 24564 MiB, 2640 MHz, 10251 MHz
2026/09/13 12:59:45.327, NVIDIA GeForce RTX 4090, GPU-457328ff-6f8e-1f53-8cc3-68ae75d90604, 595.91.07, P2, 54, 296.82 W, 100 %, 100 %, 21532 MiB, 24564 MiB, 2640 MHz, 10251 MHz
2026/09/13 12:59:46.329, NVIDIA GeForce RTX 4090, GPU-457328ff-6f8e-1f53-8cc3-68ae75d90604, 595.91.07, P2, 54, 296.64 W, 100 %, 100 %, 21532 MiB, 24564 MiB, 2640 MHz, 10251 MHz
2026/09/13 12:59:47.331, NVIDIA GeForce RTX 4090, GPU-457328ff-6f8e-1f53-8cc3-68ae75d90604, 595.91.07, P2, 54, 297.03 W, 100 %, 100 %, 21532 MiB, 24564 MiB, 2640 MHz, 10251 MHz
2026/09/13 12:59:48.333, NVIDIA GeForce RTX 4090, GPU-457328ff-6f8e-1f53-8cc3-68ae75d90604, 595.91.07, P2, 54, 297.05 W, 100 %, 100 %, 21532 MiB, 24564 MiB, 2640 MHz, 10251 MHz
2026/09/13 12:59:49.335, NVIDIA GeForce RTX 4090, GPU-457328ff-6f8e-1f53-8cc3-68ae75d90604, 595.91.07, P2, 54, 296.78 W, 100 %, 100 %, 21532 MiB, 24564 MiB, 2640 MHz, 10251 MHz
2026/09/13 12:59:50.337, NVIDIA GeForce RTX 4090, GPU-457328ff-6f8e-1f53-8cc3-68ae75d90604, 595.91.07, P2, 54, 296.82 W, 100 %, 100 %, 21532 MiB, 24564 MiB, 2640 MHz, 10251 MHz
2026/09/13 12:59:51.340, NVIDIA GeForce RTX 4090, GPU-457328ff-6f8e-1f53-8cc3-68ae75d90604, 595.91.07, P2, 54, 296.12 W, 100 %, 100 %, 21532 MiB, 24564 MiB, 2640 MHz, 10251 MHz
2026/09/13 12:59:52.342, NVIDIA GeForce RTX 4090, GPU-457328ff-6f8e-1f53-8cc3-68ae75d90604, 595.91.07, P2, 54, 288.38 W, 100 %, 100 %, 21532 MiB, 24564 MiB, 2640 MHz, 10251 MHz
2026/09/13 12:59:53.344, NVIDIA GeForce RTX 4090, GPU-457328ff-6f8e-1f53-8cc3-68ae75d90604, 595.91.07, P2, 54, 297.80 W, 100 %, 100 %, 21532 MiB, 24564 MiB, 2640 MHz, 10251 MHz
2026/09/13 12:59:54.346, NVIDIA GeForce RTX 4090, GPU-457328ff-6f8e-1f53-8cc3-68ae75d90604, 595.91.07, P2, 54, 298.01 W, 100 %, 100 %, 21532 MiB, 24564 MiB, 2640 MHz, 10251 MHz
2026/09/13 12:59:55.348, NVIDIA GeForce RTX 4090, GPU-457328ff-6f8e-1f53-8cc3-68ae75d90604, 595.91.07, P2, 54, 298.11 W, 100 %, 100 %, 21532 MiB, 24564 MiB, 2640 MHz, 10251 MHz
2026/09/13 12:59:56.351, NVIDIA GeForce RTX 4090, GPU-457328ff-6f8e-1f53-8cc3-68ae75d90604, 595.91.07, P2, 55, 298.27 W, 100 %, 100 %, 21532 MiB, 24564 MiB, 2640 MHz, 10251 MHz
2026/09/13 12:59:57.354, NVIDIA GeForce RTX 4090, GPU-457328ff-6f8e-1f53-8cc3-68ae75d90604, 595.91.07, P2, 55, 298.21 W, 100 %, 100 %, 21532 MiB, 24564 MiB, 2640 MHz, 10251 MHz
2026/09/13 12:59:58.356, NVIDIA GeForce RTX 4090, GPU-457328ff-6f8e-1f53-8cc3-68ae75d90604, 595.91.07, P2, 55, 298.02 W, 100 %, 100 %, 21532 MiB, 24564 MiB, 2640 MHz, 10251 MHz
2026/09/13 12:59:59.359, NVIDIA GeForce RTX 4090, GPU-457328ff-6f8e-1f53-8cc3-68ae75d90604, 595.91.07, P2, 55, 298.31 W, 100 %, 100 %, 21532 MiB, 24564 MiB, 2640 MHz, 10251 MHz
2026/09/13 13:00:00.361, NVIDIA GeForce RTX 4090, GPU-457328ff-6f8e-1f53-8cc3-68ae75d90604, 595.91.07, P2, 55, 297.77 W, 100 %, 100 %, 21532 MiB, 24564 MiB, 2640 MHz, 10251 MHz
2026/09/13 13:00:01.363, NVIDIA GeForce RTX 4090, GPU-457328ff-6f8e-1f53-8cc3-68ae75d90604, 595.91.07, P2, 55, 297.65 W, 100 %, 100 %, 21532 MiB, 24564 MiB, 2640 MHz, 10251 MHz
2026/09/13 13:00:02.365, NVIDIA GeForce RTX 4090, GPU-457328ff-6f8e-1f53-8cc3-68ae75d90604, 595.91.07, P2, 55, 297.61 W, 100 %, 100 %, 21532 MiB, 24564 MiB, 2640 MHz, 10251 MHz
2026/09/13 13:00:03.367, NVIDIA GeForce RTX 4090, GPU-457328ff-6f8e-1f53-8cc3-68ae75d90604, 595.91.07, P2, 55, 297.08 W, 100 %, 100 %, 21532 MiB, 24564 MiB, 2640 MHz, 10251 MHz
2026/09/13 13:00:04.369, NVIDIA GeForce RTX 4090, GPU-457328ff-6f8e-1f53-8cc3-68ae75d90604, 595.91.07, P2, 55, 296.87 W, 100 %, 100 %, 21923 MiB, 24564 MiB, 2640 MHz, 10251 MHz
2026/09/13 13:00:05.372, NVIDIA GeForce RTX 4090, GPU-457328ff-6f8e-1f53-8cc3-68ae75d90604, 595.91.07, P2, 55, 296.02 W, 100 %, 100 %, 21532 MiB, 24564 MiB, 2640 MHz, 10251 MHz
2026/09/13 13:00:06.373, NVIDIA GeForce RTX 4090, GPU-457328ff-6f8e-1f53-8cc3-68ae75d90604, 595.91.07, P2, 55, 296.84 W, 100 %, 100 %, 21532 MiB, 24564 MiB, 2640 MHz, 10251 MHz
2026/09/13 13:00:07.376, NVIDIA GeForce RTX 4090, GPU-457328ff-6f8e-1f53-8cc3-68ae75d90604, 595.91.07, P2, 55, 296.62 W, 100 %, 100 %, 21532 MiB, 24564 MiB, 2640 MHz, 10251 MHz
2026/09/13 13:00:08.377, NVIDIA GeForce RTX 4090, GPU-457328ff-6f8e-1f53-8cc3-68ae75d90604, 595.91.07, P2, 55, 287.32 W, 100 %, 100 %, 21532 MiB, 24564 MiB, 2640 MHz, 10251 MHz
2026/09/13 13:00:09.378, NVIDIA GeForce RTX 4090, GPU-457328ff-6f8e-1f53-8cc3-68ae75d90604, 595.91.07, P2, 55, 298.33 W, 100 %, 100 %, 21532 MiB, 24564 MiB, 2640 MHz, 10251 MHz
2026/09/13 13:00:10.381, NVIDIA GeForce RTX 4090, GPU-457328ff-6f8e-1f53-8cc3-68ae75d90604, 595.91.07, P2, 55, 298.45 W, 100 %, 100 %, 21532 MiB, 24564 MiB, 2640 MHz, 10251 MHz
2026/09/13 13:00:11.384, NVIDIA GeForce RTX 4090, GPU-457328ff-6f8e-1f53-8cc3-68ae75d90604, 595.91.07, P2, 55, 298.69 W, 100 %, 100 %, 21532 MiB, 24564 MiB, 2640 MHz, 10251 MHz
2026/09/13 13:00:12.386, NVIDIA GeForce RTX 4090, GPU-457328ff-6f8e-1f53-8cc3-68ae75d90604, 595.91.07, P2, 54, 298.77 W, 100 %, 100 %, 21532 MiB, 24564 MiB, 2640 MHz, 10251 MHz
2026/09/13 13:00:13.389, NVIDIA GeForce RTX 4090, GPU-457328ff-6f8e-1f53-8cc3-68ae75d90604, 595.91.07, P2, 54, 298.22 W, 100 %, 100 %, 21532 MiB, 24564 MiB, 2640 MHz, 10251 MHz
2026/09/13 13:00:14.392, NVIDIA GeForce RTX 4090, GPU-457328ff-6f8e-1f53-8cc3-68ae75d90604, 595.91.07, P2, 54, 297.94 W, 100 %, 100 %, 21532 MiB, 24564 MiB, 2640 MHz, 10251 MHz
2026/09/13 13:00:15.395, NVIDIA GeForce RTX 4090, GPU-457328ff-6f8e-1f53-8cc3-68ae75d90604, 595.91.07, P2, 54, 297.62 W, 100 %, 100 %, 21532 MiB, 24564 MiB, 2640 MHz, 10251 MHz
2026/09/13 13:00:16.398, NVIDIA GeForce RTX 4090, GPU-457328ff-6f8e-1f53-8cc3-68ae75d90604, 595.91.07, P2, 54, 297.48 W, 100 %, 100 %, 21532 MiB, 24564 MiB, 2640 MHz, 10251 MHz
2026/09/13 13:00:17.399, NVIDIA GeForce RTX 4090, GPU-457328ff-6f8e-1f53-8cc3-68ae75d90604, 595.91.07, P2, 54, 297.48 W, 100 %, 100 %, 21532 MiB, 24564 MiB, 2640 MHz, 10251 MHz
2026/09/13 13:00:18.402, NVIDIA GeForce RTX 4090, GPU-457328ff-6f8e-1f53-8cc3-68ae75d90604, 595.91.07, P2, 54, 289.31 W, 100 %, 100 %, 21532 MiB, 24564 MiB, 2640 MHz, 10251 MHz
2026/09/13 13:00:19.407, NVIDIA GeForce RTX 4090, GPU-457328ff-6f8e-1f53-8cc3-68ae75d90604, 595.91.07, P2, 54, 298.44 W, 100 %, 100 %, 21532 MiB, 24564 MiB, 2640 MHz, 10251 MHz
2026/09/13 13:00:20.410, NVIDIA GeForce RTX 4090, GPU-457328ff-6f8e-1f53-8cc3-68ae75d90604, 595.91.07, P2, 54, 298.57 W, 100 %, 100 %, 21532 MiB, 24564 MiB, 2640 MHz, 10251 MHz
2026/09/13 13:00:21.413, NVIDIA GeForce RTX 4090, GPU-457328ff-6f8e-1f53-8cc3-68ae75d90604, 595.91.07, P2, 54, 298.34 W, 100 %, 100 %, 21532 MiB, 24564 MiB, 2640 MHz, 10251 MHz
2026/09/13 13:00:22.416, NVIDIA GeForce RTX 4090, GPU-457328ff-6f8e-1f53-8cc3-68ae75d90604, 595.91.07, P2, 54, 297.93 W, 100 %, 100 %, 21532 MiB, 24564 MiB, 2640 MHz, 10251 MHz
2026/09/13 13:00:23.418, NVIDIA GeForce RTX 4090, GPU-457328ff-6f8e-1f53-8cc3-68ae75d90604, 595.91.07, P2, 54, 297.70 W, 100 %, 100 %, 21532 MiB, 24564 MiB, 2640 MHz, 10251 MHz
2026/09/13 13:00:24.420, NVIDIA GeForce RTX 4090, GPU-457328ff-6f8e-1f53-8cc3-68ae75d90604, 595.91.07, P2, 54, 297.97 W, 100 %, 100 %, 21532 MiB, 24564 MiB, 2640 MHz, 10251 MHz
2026/09/13 13:00:25.423, NVIDIA GeForce RTX 4090, GPU-457328ff-6f8e-1f53-8cc3-68ae75d90604, 595.91.07, P2, 54, 297.99 W, 100 %, 100 %, 21532 MiB, 24564 MiB, 2640 MHz, 10251 MHz
2026/09/13 13:00:26.425, NVIDIA GeForce RTX 4090, GPU-457328ff-6f8e-1f53-8cc3-68ae75d90604, 595.91.07, P2, 54, 297.65 W, 100 %, 100 %, 21532 MiB, 24564 MiB, 2640 MHz, 10251 MHz
2026/09/13 13:00:27.428, NVIDIA GeForce RTX 4090, GPU-457328ff-6f8e-1f53-8cc3-68ae75d90604, 595.91.07, P2, 54, 297.14 W, 100 %, 100 %, 21532 MiB, 24564 MiB, 2640 MHz, 10251 MHz
2026/09/13 13:00:28.430, NVIDIA GeForce RTX 4090, GPU-457328ff-6f8e-1f53-8cc3-68ae75d90604, 595.91.07, P2, 54, 296.93 W, 100 %, 100 %, 21532 MiB, 24564 MiB, 2640 MHz, 10251 MHz
2026/09/13 13:00:29.432, NVIDIA GeForce RTX 4090, GPU-457328ff-6f8e-1f53-8cc3-68ae75d90604, 595.91.07, P2, 54, 297.04 W, 100 %, 100 %, 21532 MiB, 24564 MiB, 2640 MHz, 10251 MHz
2026/09/13 13:00:30.435, NVIDIA GeForce RTX 4090, GPU-457328ff-6f8e-1f53-8cc3-68ae75d90604, 595.91.07, P2, 54, 296.77 W, 100 %, 100 %, 21532 MiB, 24564 MiB, 2640 MHz, 10251 MHz
2026/09/13 13:00:31.437, NVIDIA GeForce RTX 4090, GPU-457328ff-6f8e-1f53-8cc3-68ae75d90604, 595.91.07, P2, 54, 296.65 W, 100 %, 100 %, 21532 MiB, 24564 MiB, 2640 MHz, 10251 MHz
2026/09/13 13:00:32.440, NVIDIA GeForce RTX 4090, GPU-457328ff-6f8e-1f53-8cc3-68ae75d90604, 595.91.07, P2, 54, 296.70 W, 100 %, 100 %, 21532 MiB, 24564 MiB, 2640 MHz, 10251 MHz
2026/09/13 13:00:33.442, NVIDIA GeForce RTX 4090, GPU-457328ff-6f8e-1f53-8cc3-68ae75d90604, 595.91.07, P2, 54, 296.64 W, 100 %, 100 %, 21532 MiB, 24564 MiB, 2640 MHz, 10251 MHz
2026/09/13 13:00:34.444, NVIDIA GeForce RTX 4090, GPU-457328ff-6f8e-1f53-8cc3-68ae75d90604, 595.91.07, P2, 54, 297.03 W, 100 %, 100 %, 21532 MiB, 24564 MiB, 2640 MHz, 10251 MHz
2026/09/13 13:00:35.447, NVIDIA GeForce RTX 4090, GPU-457328ff-6f8e-1f53-8cc3-68ae75d90604, 595.91.07, P2, 54, 296.34 W, 100 %, 100 %, 21532 MiB, 24564 MiB, 2640 MHz, 10251 MHz
2026/09/13 13:00:36.450, NVIDIA GeForce RTX 4090, GPU-457328ff-6f8e-1f53-8cc3-68ae75d90604, 595.91.07, P2, 54, 296.30 W, 100 %, 100 %, 21532 MiB, 24564 MiB, 2640 MHz, 10251 MHz
2026/09/13 13:00:37.452, NVIDIA GeForce RTX 4090, GPU-457328ff-6f8e-1f53-8cc3-68ae75d90604, 595.91.07, P2, 54, 295.95 W, 100 %, 100 %, 21532 MiB, 24564 MiB, 2640 MHz, 10251 MHz
2026/09/13 13:00:38.455, NVIDIA GeForce RTX 4090, GPU-457328ff-6f8e-1f53-8cc3-68ae75d90604, 595.91.07, P2, 54, 296.06 W, 100 %, 100 %, 21532 MiB, 24564 MiB, 2640 MHz, 10251 MHz
2026/09/13 13:00:39.457, NVIDIA GeForce RTX 4090, GPU-457328ff-6f8e-1f53-8cc3-68ae75d90604, 595.91.07, P2, 54, 296.41 W, 100 %, 100 %, 21532 MiB, 24564 MiB, 2640 MHz, 10251 MHz
2026/09/13 13:00:40.460, NVIDIA GeForce RTX 4090, GPU-457328ff-6f8e-1f53-8cc3-68ae75d90604, 595.91.07, P2, 54, 296.04 W, 100 %, 100 %, 21532 MiB, 24564 MiB, 2640 MHz, 10251 MHz
2026/09/13 13:00:41.462, NVIDIA GeForce RTX 4090, GPU-457328ff-6f8e-1f53-8cc3-68ae75d90604, 595.91.07, P2, 54, 295.80 W, 100 %, 100 %, 21532 MiB, 24564 MiB, 2640 MHz, 10251 MHz
2026/09/13 13:00:42.465, NVIDIA GeForce RTX 4090, GPU-457328ff-6f8e-1f53-8cc3-68ae75d90604, 595.91.07, P2, 54, 295.68 W, 100 %, 100 %, 21532 MiB, 24564 MiB, 2640 MHz, 10251 MHz
2026/09/13 13:00:43.467, NVIDIA GeForce RTX 4090, GPU-457328ff-6f8e-1f53-8cc3-68ae75d90604, 595.91.07, P2, 54, 291.48 W, 100 %, 100 %, 21532 MiB, 24564 MiB, 2640 MHz, 10251 MHz
2026/09/13 13:00:44.469, NVIDIA GeForce RTX 4090, GPU-457328ff-6f8e-1f53-8cc3-68ae75d90604, 595.91.07, P2, 54, 297.64 W, 100 %, 100 %, 21532 MiB, 24564 MiB, 2640 MHz, 10251 MHz
2026/09/13 13:00:45.471, NVIDIA GeForce RTX 4090, GPU-457328ff-6f8e-1f53-8cc3-68ae75d90604, 595.91.07, P2, 54, 297.67 W, 100 %, 100 %, 21532 MiB, 24564 MiB, 2640 MHz, 10251 MHz
2026/09/13 13:00:46.473, NVIDIA GeForce RTX 4090, GPU-457328ff-6f8e-1f53-8cc3-68ae75d90604, 595.91.07, P2, 54, 297.36 W, 100 %, 100 %, 21532 MiB, 24564 MiB, 2640 MHz, 10251 MHz
2026/09/13 13:00:47.476, NVIDIA GeForce RTX 4090, GPU-457328ff-6f8e-1f53-8cc3-68ae75d90604, 595.91.07, P2, 54, 297.28 W, 100 %, 100 %, 21532 MiB, 24564 MiB, 2640 MHz, 10251 MHz
2026/09/13 13:00:48.478, NVIDIA GeForce RTX 4090, GPU-457328ff-6f8e-1f53-8cc3-68ae75d90604, 595.91.07, P2, 54, 296.99 W, 100 %, 100 %, 21532 MiB, 24564 MiB, 2640 MHz, 10251 MHz
2026/09/13 13:00:49.481, NVIDIA GeForce RTX 4090, GPU-457328ff-6f8e-1f53-8cc3-68ae75d90604, 595.91.07, P2, 54, 297.06 W, 100 %, 100 %, 21532 MiB, 24564 MiB, 2640 MHz, 10251 MHz
2026/09/13 13:00:50.483, NVIDIA GeForce RTX 4090, GPU-457328ff-6f8e-1f53-8cc3-68ae75d90604, 595.91.07, P2, 54, 297.11 W, 100 %, 100 %, 21532 MiB, 24564 MiB, 2640 MHz, 10251 MHz
2026/09/13 13:00:51.486, NVIDIA GeForce RTX 4090, GPU-457328ff-6f8e-1f53-8cc3-68ae75d90604, 595.91.07, P2, 54, 296.79 W, 100 %, 100 %, 21532 MiB, 24564 MiB, 2640 MHz, 10251 MHz
2026/09/13 13:00:52.488, NVIDIA GeForce RTX 4090, GPU-457328ff-6f8e-1f53-8cc3-68ae75d90604, 595.91.07, P2, 54, 296.56 W, 100 %, 100 %, 21532 MiB, 24564 MiB, 2640 MHz, 10251 MHz
2026/09/13 13:00:53.491, NVIDIA GeForce RTX 4090, GPU-457328ff-6f8e-1f53-8cc3-68ae75d90604, 595.91.07, P2, 53, 296.44 W, 100 %, 100 %, 21532 MiB, 24564 MiB, 2640 MHz, 10251 MHz
2026/09/13 13:00:54.493, NVIDIA GeForce RTX 4090, GPU-457328ff-6f8e-1f53-8cc3-68ae75d90604, 595.91.07, P2, 53, 296.33 W, 100 %, 100 %, 21532 MiB, 24564 MiB, 2640 MHz, 10251 MHz
2026/09/13 13:00:55.496, NVIDIA GeForce RTX 4090, GPU-457328ff-6f8e-1f53-8cc3-68ae75d90604, 595.91.07, P2, 54, 295.97 W, 100 %, 100 %, 21532 MiB, 24564 MiB, 2640 MHz, 10251 MHz
2026/09/13 13:00:56.499, NVIDIA GeForce RTX 4090, GPU-457328ff-6f8e-1f53-8cc3-68ae75d90604, 595.91.07, P2, 53, 295.99 W, 100 %, 100 %, 21532 MiB, 24564 MiB, 2640 MHz, 10251 MHz
2026/09/13 13:00:57.502, NVIDIA GeForce RTX 4090, GPU-457328ff-6f8e-1f53-8cc3-68ae75d90604, 595.91.07, P2, 53, 296.20 W, 100 %, 100 %, 21532 MiB, 24564 MiB, 2640 MHz, 10251 MHz
2026/09/13 13:00:58.504, NVIDIA GeForce RTX 4090, GPU-457328ff-6f8e-1f53-8cc3-68ae75d90604, 595.91.07, P2, 53, 296.21 W, 100 %, 100 %, 21532 MiB, 24564 MiB, 2640 MHz, 10251 MHz
2026/09/13 13:00:59.507, NVIDIA GeForce RTX 4090, GPU-457328ff-6f8e-1f53-8cc3-68ae75d90604, 595.91.07, P2, 53, 295.95 W, 100 %, 100 %, 21532 MiB, 24564 MiB, 2640 MHz, 10251 MHz
2026/09/13 13:01:00.510, NVIDIA GeForce RTX 4090, GPU-457328ff-6f8e-1f53-8cc3-68ae75d90604, 595.91.07, P2, 53, 295.65 W, 100 %, 100 %, 21532 MiB, 24564 MiB, 2640 MHz, 10251 MHz
2026/09/13 13:01:01.512, NVIDIA GeForce RTX 4090, GPU-457328ff-6f8e-1f53-8cc3-68ae75d90604, 595.91.07, P2, 53, 295.29 W, 100 %, 100 %, 21532 MiB, 24564 MiB, 2640 MHz, 10251 MHz
2026/09/13 13:01:02.515, NVIDIA GeForce RTX 4090, GPU-457328ff-6f8e-1f53-8cc3-68ae75d90604, 595.91.07, P2, 53, 295.44 W, 100 %, 100 %, 21532 MiB, 24564 MiB, 2640 MHz, 10251 MHz
2026/09/13 13:01:03.517, NVIDIA GeForce RTX 4090, GPU-457328ff-6f8e-1f53-8cc3-68ae75d90604, 595.91.07, P2, 53, 295.83 W, 100 %, 100 %, 21532 MiB, 24564 MiB, 2640 MHz, 10251 MHz
2026/09/13 13:01:04.520, NVIDIA GeForce RTX 4090, GPU-457328ff-6f8e-1f53-8cc3-68ae75d90604, 595.91.07, P2, 53, 295.55 W, 100 %, 100 %, 21532 MiB, 24564 MiB, 2640 MHz, 10251 MHz
2026/09/13 13:01:05.523, NVIDIA GeForce RTX 4090, GPU-457328ff-6f8e-1f53-8cc3-68ae75d90604, 595.91.07, P2, 53, 295.55 W, 100 %, 100 %, 21532 MiB, 24564 MiB, 2640 MHz, 10251 MHz
2026/09/13 13:01:06.525, NVIDIA GeForce RTX 4090, GPU-457328ff-6f8e-1f53-8cc3-68ae75d90604, 595.91.07, P2, 54, 295.70 W, 100 %, 100 %, 21532 MiB, 24564 MiB, 2640 MHz, 10251 MHz
2026/09/13 13:01:07.528, NVIDIA GeForce RTX 4090, GPU-457328ff-6f8e-1f53-8cc3-68ae75d90604, 595.91.07, P2, 53, 295.45 W, 100 %, 100 %, 21532 MiB, 24564 MiB, 2640 MHz, 10251 MHz
2026/09/13 13:01:08.531, NVIDIA GeForce RTX 4090, GPU-457328ff-6f8e-1f53-8cc3-68ae75d90604, 595.91.07, P2, 53, 295.35 W, 100 %, 100 %, 21532 MiB, 24564 MiB, 2640 MHz, 10251 MHz
2026/09/13 13:01:09.534, NVIDIA GeForce RTX 4090, GPU-457328ff-6f8e-1f53-8cc3-68ae75d90604, 595.91.07, P2, 53, 295.35 W, 100 %, 100 %, 21532 MiB, 24564 MiB, 2640 MHz, 10251 MHz
2026/09/13 13:01:10.537, NVIDIA GeForce RTX 4090, GPU-457328ff-6f8e-1f53-8cc3-68ae75d90604, 595.91.07, P2, 54, 295.68 W, 100 %, 100 %, 21532 MiB, 24564 MiB, 2640 MHz, 10251 MHz
2026/09/13 13:01:11.540, NVIDIA GeForce RTX 4090, GPU-457328ff-6f8e-1f53-8cc3-68ae75d90604, 595.91.07, P2, 54, 295.68 W, 100 %, 100 %, 21532 MiB, 24564 MiB, 2640 MHz, 10251 MHz
2026/09/13 13:01:12.543, NVIDIA GeForce RTX 4090, GPU-457328ff-6f8e-1f53-8cc3-68ae75d90604, 595.91.07, P2, 54, 295.85 W, 100 %, 100 %, 21532 MiB, 24564 MiB, 2640 MHz, 10251 MHz
2026/09/13 13:01:13.546, NVIDIA GeForce RTX 4090, GPU-457328ff-6f8e-1f53-8cc3-68ae75d90604, 595.91.07, P2, 54, 295.21 W, 100 %, 100 %, 21532 MiB, 24564 MiB, 2640 MHz, 10251 MHz
2026/09/13 13:01:14.549, NVIDIA GeForce RTX 4090, GPU-457328ff-6f8e-1f53-8cc3-68ae75d90604, 595.91.07, P2, 54, 295.39 W, 100 %, 100 %, 21532 MiB, 24564 MiB, 2640 MHz, 10251 MHz
2026/09/13 13:01:15.551, NVIDIA GeForce RTX 4090, GPU-457328ff-6f8e-1f53-8cc3-68ae75d90604, 595.91.07, P2, 54, 296.00 W, 100 %, 100 %, 21532 MiB, 24564 MiB, 2640 MHz, 10251 MHz
2026/09/13 13:01:16.554, NVIDIA GeForce RTX 4090, GPU-457328ff-6f8e-1f53-8cc3-68ae75d90604, 595.91.07, P2, 54, 295.89 W, 100 %, 100 %, 21532 MiB, 24564 MiB, 2640 MHz, 10251 MHz
2026/09/13 13:01:17.557, NVIDIA GeForce RTX 4090, GPU-457328ff-6f8e-1f53-8cc3-68ae75d90604, 595.91.07, P2, 54, 295.96 W, 100 %, 100 %, 21532 MiB, 24564 MiB, 2640 MHz, 10251 MHz
2026/09/13 13:01:18.560, NVIDIA GeForce RTX 4090, GPU-457328ff-6f8e-1f53-8cc3-68ae75d90604, 595.91.07, P2, 54, 295.99 W, 100 %, 100 %, 21532 MiB, 24564 MiB, 2640 MHz, 10251 MHz
2026/09/13 13:01:19.561, NVIDIA GeForce RTX 4090, GPU-457328ff-6f8e-1f53-8cc3-68ae75d90604, 595.91.07, P2, 54, 295.86 W, 100 %, 100 %, 21532 MiB, 24564 MiB, 2640 MHz, 10251 MHz
2026/09/13 13:01:20.564, NVIDIA GeForce RTX 4090, GPU-457328ff-6f8e-1f53-8cc3-68ae75d90604, 595.91.07, P2, 54, 295.59 W, 100 %, 100 %, 21532 MiB, 24564 MiB, 2640 MHz, 10251 MHz
2026/09/13 13:01:21.567, NVIDIA GeForce RTX 4090, GPU-457328ff-6f8e-1f53-8cc3-68ae75d90604, 595.91.07, P2, 54, 295.10 W, 100 %, 100 %, 21532 MiB, 24564 MiB, 2640 MHz, 10251 MHz
2026/09/13 13:01:22.570, NVIDIA GeForce RTX 4090, GPU-457328ff-6f8e-1f53-8cc3-68ae75d90604, 595.91.07, P2, 54, 295.18 W, 100 %, 100 %, 21532 MiB, 24564 MiB, 2640 MHz, 10251 MHz
2026/09/13 13:01:23.573, NVIDIA GeForce RTX 4090, GPU-457328ff-6f8e-1f53-8cc3-68ae75d90604, 595.91.07, P2, 54, 295.10 W, 100 %, 100 %, 21532 MiB, 24564 MiB, 2640 MHz, 10251 MHz
2026/09/13 13:01:24.574, NVIDIA GeForce RTX 4090, GPU-457328ff-6f8e-1f53-8cc3-68ae75d90604, 595.91.07, P2, 54, 288.35 W, 61 %, 52 %, 21532 MiB, 24564 MiB, 2640 MHz, 10251 MHz
2026/09/13 13:01:25.577, NVIDIA GeForce RTX 4090, GPU-457328ff-6f8e-1f53-8cc3-68ae75d90604, 595.91.07, P2, 54, 292.97 W, 100 %, 100 %, 21532 MiB, 24564 MiB, 2640 MHz, 10251 MHz
2026/09/13 13:01:26.580, NVIDIA GeForce RTX 4090, GPU-457328ff-6f8e-1f53-8cc3-68ae75d90604, 595.91.07, P2, 54, 297.14 W, 100 %, 100 %, 21532 MiB, 24564 MiB, 2640 MHz, 10251 MHz
2026/09/13 13:01:27.582, NVIDIA GeForce RTX 4090, GPU-457328ff-6f8e-1f53-8cc3-68ae75d90604, 595.91.07, P2, 54, 297.45 W, 100 %, 100 %, 21532 MiB, 24564 MiB, 2640 MHz, 10251 MHz
2026/09/13 13:01:28.585, NVIDIA GeForce RTX 4090, GPU-457328ff-6f8e-1f53-8cc3-68ae75d90604, 595.91.07, P2, 54, 297.26 W, 100 %, 100 %, 21532 MiB, 24564 MiB, 2640 MHz, 10251 MHz
2026/09/13 13:01:29.588, NVIDIA GeForce RTX 4090, GPU-457328ff-6f8e-1f53-8cc3-68ae75d90604, 595.91.07, P2, 54, 296.98 W, 100 %, 100 %, 21532 MiB, 24564 MiB, 2640 MHz, 10251 MHz
2026/09/13 13:01:30.591, NVIDIA GeForce RTX 4090, GPU-457328ff-6f8e-1f53-8cc3-68ae75d90604, 595.91.07, P2, 54, 296.44 W, 100 %, 100 %, 21532 MiB, 24564 MiB, 2640 MHz, 10251 MHz
2026/09/13 13:01:31.594, NVIDIA GeForce RTX 4090, GPU-457328ff-6f8e-1f53-8cc3-68ae75d90604, 595.91.07, P2, 54, 296.61 W, 100 %, 100 %, 21532 MiB, 24564 MiB, 2640 MHz, 10251 MHz
2026/09/13 13:01:32.596, NVIDIA GeForce RTX 4090, GPU-457328ff-6f8e-1f53-8cc3-68ae75d90604, 595.91.07, P2, 54, 296.19 W, 100 %, 100 %, 21532 MiB, 24564 MiB, 2640 MHz, 10251 MHz
2026/09/13 13:01:33.599, NVIDIA GeForce RTX 4090, GPU-457328ff-6f8e-1f53-8cc3-68ae75d90604, 595.91.07, P2, 54, 296.12 W, 100 %, 100 %, 21532 MiB, 24564 MiB, 2640 MHz, 10251 MHz
2026/09/13 13:01:34.601, NVIDIA GeForce RTX 4090, GPU-457328ff-6f8e-1f53-8cc3-68ae75d90604, 595.91.07, P2, 54, 296.30 W, 100 %, 100 %, 21532 MiB, 24564 MiB, 2640 MHz, 10251 MHz
2026/09/13 13:01:35.604, NVIDIA GeForce RTX 4090, GPU-457328ff-6f8e-1f53-8cc3-68ae75d90604, 595.91.07, P2, 54, 296.02 W, 100 %, 100 %, 21532 MiB, 24564 MiB, 2640 MHz, 10251 MHz
2026/09/13 13:01:36.607, NVIDIA GeForce RTX 4090, GPU-457328ff-6f8e-1f53-8cc3-68ae75d90604, 595.91.07, P2, 54, 295.86 W, 100 %, 100 %, 21532 MiB, 24564 MiB, 2640 MHz, 10251 MHz
2026/09/13 13:01:37.609, NVIDIA GeForce RTX 4090, GPU-457328ff-6f8e-1f53-8cc3-68ae75d90604, 595.91.07, P2, 54, 296.02 W, 100 %, 100 %, 21532 MiB, 24564 MiB, 2640 MHz, 10251 MHz
2026/09/13 13:01:38.612, NVIDIA GeForce RTX 4090, GPU-457328ff-6f8e-1f53-8cc3-68ae75d90604, 595.91.07, P2, 54, 295.91 W, 100 %, 100 %, 21532 MiB, 24564 MiB, 2640 MHz, 10251 MHz
2026/09/13 13:01:39.615, NVIDIA GeForce RTX 4090, GPU-457328ff-6f8e-1f53-8cc3-68ae75d90604, 595.91.07, P2, 54, 296.07 W, 100 %, 100 %, 21532 MiB, 24564 MiB, 2640 MHz, 10251 MHz
2026/09/13 13:01:40.618, NVIDIA GeForce RTX 4090, GPU-457328ff-6f8e-1f53-8cc3-68ae75d90604, 595.91.07, P2, 54, 296.29 W, 100 %, 100 %, 21532 MiB, 24564 MiB, 2640 MHz, 10251 MHz
2026/09/13 13:01:41.621, NVIDIA GeForce RTX 4090, GPU-457328ff-6f8e-1f53-8cc3-68ae75d90604, 595.91.07, P2, 54, 286.41 W, 100 %, 100 %, 21532 MiB, 24564 MiB, 2640 MHz, 10251 MHz
2026/09/13 13:01:42.623, NVIDIA GeForce RTX 4090, GPU-457328ff-6f8e-1f53-8cc3-68ae75d90604, 595.91.07, P2, 54, 297.80 W, 100 %, 100 %, 21532 MiB, 24564 MiB, 2640 MHz, 10251 MHz
2026/09/13 13:01:43.626, NVIDIA GeForce RTX 4090, GPU-457328ff-6f8e-1f53-8cc3-68ae75d90604, 595.91.07, P2, 54, 297.89 W, 100 %, 100 %, 21532 MiB, 24564 MiB, 2640 MHz, 10251 MHz
2026/09/13 13:01:44.628, NVIDIA GeForce RTX 4090, GPU-457328ff-6f8e-1f53-8cc3-68ae75d90604, 595.91.07, P2, 54, 298.24 W, 100 %, 100 %, 21532 MiB, 24564 MiB, 2640 MHz, 10251 MHz
2026/09/13 13:01:45.631, NVIDIA GeForce RTX 4090, GPU-457328ff-6f8e-1f53-8cc3-68ae75d90604, 595.91.07, P2, 54, 297.89 W, 100 %, 100 %, 21532 MiB, 24564 MiB, 2640 MHz, 10251 MHz
2026/09/13 13:01:46.634, NVIDIA GeForce RTX 4090, GPU-457328ff-6f8e-1f53-8cc3-68ae75d90604, 595.91.07, P2, 54, 297.68 W, 100 %, 100 %, 21532 MiB, 24564 MiB, 2640 MHz, 10251 MHz
2026/09/13 13:01:47.636, NVIDIA GeForce RTX 4090, GPU-457328ff-6f8e-1f53-8cc3-68ae75d90604, 595.91.07, P2, 54, 297.28 W, 100 %, 100 %, 21532 MiB, 24564 MiB, 2640 MHz, 10251 MHz
2026/09/13 13:01:48.640, NVIDIA GeForce RTX 4090, GPU-457328ff-6f8e-1f53-8cc3-68ae75d90604, 595.91.07, P2, 54, 297.05 W, 100 %, 100 %, 21532 MiB, 24564 MiB, 2640 MHz, 10251 MHz
2026/09/13 13:01:49.643, NVIDIA GeForce RTX 4090, GPU-457328ff-6f8e-1f53-8cc3-68ae75d90604, 595.91.07, P2, 54, 296.84 W, 100 %, 100 %, 21532 MiB, 24564 MiB, 2640 MHz, 10251 MHz
2026/09/13 13:01:50.645, NVIDIA GeForce RTX 4090, GPU-457328ff-6f8e-1f53-8cc3-68ae75d90604, 595.91.07, P2, 54, 296.38 W, 100 %, 100 %, 21532 MiB, 24564 MiB, 2640 MHz, 10251 MHz
2026/09/13 13:01:51.648, NVIDIA GeForce RTX 4090, GPU-457328ff-6f8e-1f53-8cc3-68ae75d90604, 595.91.07, P2, 54, 296.39 W, 100 %, 100 %, 21532 MiB, 24564 MiB, 2640 MHz, 10251 MHz
2026/09/13 13:01:52.650, NVIDIA GeForce RTX 4090, GPU-457328ff-6f8e-1f53-8cc3-68ae75d90604, 595.91.07, P2, 54, 296.37 W, 100 %, 100 %, 21532 MiB, 24564 MiB, 2640 MHz, 10251 MHz
2026/09/13 13:01:53.652, NVIDIA GeForce RTX 4090, GPU-457328ff-6f8e-1f53-8cc3-68ae75d90604, 595.91.07, P2, 54, 296.34 W, 100 %, 100 %, 21532 MiB, 24564 MiB, 2640 MHz, 10251 MHz
2026/09/13 13:01:54.654, NVIDIA GeForce RTX 4090, GPU-457328ff-6f8e-1f53-8cc3-68ae75d90604, 595.91.07, P2, 54, 296.26 W, 100 %, 100 %, 21532 MiB, 24564 MiB, 2640 MHz, 10251 MHz
2026/09/13 13:01:55.656, NVIDIA GeForce RTX 4090, GPU-457328ff-6f8e-1f53-8cc3-68ae75d90604, 595.91.07, P2, 54, 295.99 W, 100 %, 100 %, 21532 MiB, 24564 MiB, 2640 MHz, 10251 MHz
2026/09/13 13:01:56.659, NVIDIA GeForce RTX 4090, GPU-457328ff-6f8e-1f53-8cc3-68ae75d90604, 595.91.07, P2, 54, 295.95 W, 100 %, 100 %, 21532 MiB, 24564 MiB, 2640 MHz, 10251 MHz
2026/09/13 13:01:57.661, NVIDIA GeForce RTX 4090, GPU-457328ff-6f8e-1f53-8cc3-68ae75d90604, 595.91.07, P2, 54, 296.22 W, 100 %, 100 %, 21532 MiB, 24564 MiB, 2640 MHz, 10251 MHz
2026/09/13 13:01:58.663, NVIDIA GeForce RTX 4090, GPU-457328ff-6f8e-1f53-8cc3-68ae75d90604, 595.91.07, P2, 54, 296.21 W, 100 %, 100 %, 21532 MiB, 24564 MiB, 2640 MHz, 10251 MHz
2026/09/13 13:01:59.666, NVIDIA GeForce RTX 4090, GPU-457328ff-6f8e-1f53-8cc3-68ae75d90604, 595.91.07, P2, 54, 296.39 W, 100 %, 100 %, 21532 MiB, 24564 MiB, 2640 MHz, 10251 MHz
2026/09/13 13:02:00.668, NVIDIA GeForce RTX 4090, GPU-457328ff-6f8e-1f53-8cc3-68ae75d90604, 595.91.07, P2, 54, 285.70 W, 100 %, 100 %, 21532 MiB, 24564 MiB, 2640 MHz, 10251 MHz
2026/09/13 13:02:01.671, NVIDIA GeForce RTX 4090, GPU-457328ff-6f8e-1f53-8cc3-68ae75d90604, 595.91.07, P2, 54, 298.32 W, 100 %, 100 %, 21532 MiB, 24564 MiB, 2640 MHz, 10251 MHz
2026/09/13 13:02:02.673, NVIDIA GeForce RTX 4090, GPU-457328ff-6f8e-1f53-8cc3-68ae75d90604, 595.91.07, P2, 54, 298.20 W, 100 %, 100 %, 21532 MiB, 24564 MiB, 2640 MHz, 10251 MHz
2026/09/13 13:02:03.676, NVIDIA GeForce RTX 4090, GPU-457328ff-6f8e-1f53-8cc3-68ae75d90604, 595.91.07, P2, 55, 298.41 W, 100 %, 100 %, 21532 MiB, 24564 MiB, 2640 MHz, 10251 MHz
2026/09/13 13:02:04.679, NVIDIA GeForce RTX 4090, GPU-457328ff-6f8e-1f53-8cc3-68ae75d90604, 595.91.07, P2, 55, 298.31 W, 100 %, 100 %, 21532 MiB, 24564 MiB, 2640 MHz, 10251 MHz
2026/09/13 13:02:05.681, NVIDIA GeForce RTX 4090, GPU-457328ff-6f8e-1f53-8cc3-68ae75d90604, 595.91.07, P2, 55, 297.82 W, 100 %, 100 %, 21532 MiB, 24564 MiB, 2640 MHz, 10251 MHz
2026/09/13 13:02:06.683, NVIDIA GeForce RTX 4090, GPU-457328ff-6f8e-1f53-8cc3-68ae75d90604, 595.91.07, P2, 55, 297.94 W, 100 %, 100 %, 21532 MiB, 24564 MiB, 2640 MHz, 10251 MHz
2026/09/13 13:02:07.685, NVIDIA GeForce RTX 4090, GPU-457328ff-6f8e-1f53-8cc3-68ae75d90604, 595.91.07, P2, 55, 297.83 W, 100 %, 100 %, 21532 MiB, 24564 MiB, 2640 MHz, 10251 MHz
2026/09/13 13:02:08.687, NVIDIA GeForce RTX 4090, GPU-457328ff-6f8e-1f53-8cc3-68ae75d90604, 595.91.07, P2, 55, 298.04 W, 100 %, 100 %, 21532 MiB, 24564 MiB, 2640 MHz, 10251 MHz
2026/09/13 13:02:09.690, NVIDIA GeForce RTX 4090, GPU-457328ff-6f8e-1f53-8cc3-68ae75d90604, 595.91.07, P2, 55, 297.76 W, 100 %, 100 %, 21532 MiB, 24564 MiB, 2640 MHz, 10251 MHz
2026/09/13 13:02:10.693, NVIDIA GeForce RTX 4090, GPU-457328ff-6f8e-1f53-8cc3-68ae75d90604, 595.91.07, P2, 55, 297.65 W, 100 %, 100 %, 21532 MiB, 24564 MiB, 2640 MHz, 10251 MHz
2026/09/13 13:02:11.696, NVIDIA GeForce RTX 4090, GPU-457328ff-6f8e-1f53-8cc3-68ae75d90604, 595.91.07, P2, 55, 297.53 W, 100 %, 100 %, 21532 MiB, 24564 MiB, 2640 MHz, 10251 MHz
2026/09/13 13:02:12.699, NVIDIA GeForce RTX 4090, GPU-457328ff-6f8e-1f53-8cc3-68ae75d90604, 595.91.07, P2, 55, 297.15 W, 100 %, 100 %, 21532 MiB, 24564 MiB, 2640 MHz, 10251 MHz
2026/09/13 13:02:13.701, NVIDIA GeForce RTX 4090, GPU-457328ff-6f8e-1f53-8cc3-68ae75d90604, 595.91.07, P2, 55, 290.31 W, 100 %, 100 %, 21532 MiB, 24564 MiB, 2640 MHz, 10251 MHz
2026/09/13 13:02:14.703, NVIDIA GeForce RTX 4090, GPU-457328ff-6f8e-1f53-8cc3-68ae75d90604, 595.91.07, P2, 55, 298.73 W, 100 %, 100 %, 21532 MiB, 24564 MiB, 2640 MHz, 10251 MHz
2026/09/13 13:02:15.706, NVIDIA GeForce RTX 4090, GPU-457328ff-6f8e-1f53-8cc3-68ae75d90604, 595.91.07, P2, 55, 298.93 W, 100 %, 100 %, 21532 MiB, 24564 MiB, 2640 MHz, 10251 MHz
2026/09/13 13:02:16.708, NVIDIA GeForce RTX 4090, GPU-457328ff-6f8e-1f53-8cc3-68ae75d90604, 595.91.07, P2, 55, 298.77 W, 100 %, 100 %, 21532 MiB, 24564 MiB, 2640 MHz, 10251 MHz
2026/09/13 13:02:17.711, NVIDIA GeForce RTX 4090, GPU-457328ff-6f8e-1f53-8cc3-68ae75d90604, 595.91.07, P2, 55, 298.64 W, 100 %, 100 %, 21532 MiB, 24564 MiB, 2640 MHz, 10251 MHz
2026/09/13 13:02:18.713, NVIDIA GeForce RTX 4090, GPU-457328ff-6f8e-1f53-8cc3-68ae75d90604, 595.91.07, P2, 55, 298.46 W, 100 %, 100 %, 21532 MiB, 24564 MiB, 2640 MHz, 10251 MHz
2026/09/13 13:02:19.716, NVIDIA GeForce RTX 4090, GPU-457328ff-6f8e-1f53-8cc3-68ae75d90604, 595.91.07, P2, 55, 298.39 W, 100 %, 100 %, 21532 MiB, 24564 MiB, 2640 MHz, 10251 MHz
2026/09/13 13:02:20.719, NVIDIA GeForce RTX 4090, GPU-457328ff-6f8e-1f53-8cc3-68ae75d90604, 595.91.07, P2, 55, 298.29 W, 100 %, 100 %, 21532 MiB, 24564 MiB, 2640 MHz, 10251 MHz
2026/09/13 13:02:21.720, NVIDIA GeForce RTX 4090, GPU-457328ff-6f8e-1f53-8cc3-68ae75d90604, 595.91.07, P2, 55, 298.02 W, 100 %, 100 %, 21532 MiB, 24564 MiB, 2640 MHz, 10251 MHz
2026/09/13 13:02:22.723, NVIDIA GeForce RTX 4090, GPU-457328ff-6f8e-1f53-8cc3-68ae75d90604, 595.91.07, P2, 55, 298.11 W, 100 %, 100 %, 21532 MiB, 24564 MiB, 2640 MHz, 10251 MHz
2026/09/13 13:02:23.725, NVIDIA GeForce RTX 4090, GPU-457328ff-6f8e-1f53-8cc3-68ae75d90604, 595.91.07, P2, 55, 297.76 W, 100 %, 100 %, 21532 MiB, 24564 MiB, 2640 MHz, 10251 MHz
2026/09/13 13:02:24.728, NVIDIA GeForce RTX 4090, GPU-457328ff-6f8e-1f53-8cc3-68ae75d90604, 595.91.07, P2, 55, 297.63 W, 100 %, 100 %, 21532 MiB, 24564 MiB, 2640 MHz, 10251 MHz
2026/09/13 13:02:25.730, NVIDIA GeForce RTX 4090, GPU-457328ff-6f8e-1f53-8cc3-68ae75d90604, 595.91.07, P2, 55, 297.42 W, 100 %, 100 %, 21532 MiB, 24564 MiB, 2640 MHz, 10251 MHz
2026/09/13 13:02:26.732, NVIDIA GeForce RTX 4090, GPU-457328ff-6f8e-1f53-8cc3-68ae75d90604, 595.91.07, P2, 55, 296.93 W, 100 %, 100 %, 21532 MiB, 24564 MiB, 2640 MHz, 10251 MHz
2026/09/13 13:02:27.734, NVIDIA GeForce RTX 4090, GPU-457328ff-6f8e-1f53-8cc3-68ae75d90604, 595.91.07, P2, 55, 297.32 W, 100 %, 100 %, 21532 MiB, 24564 MiB, 2640 MHz, 10251 MHz
2026/09/13 13:02:28.737, NVIDIA GeForce RTX 4090, GPU-457328ff-6f8e-1f53-8cc3-68ae75d90604, 595.91.07, P2, 55, 297.51 W, 100 %, 100 %, 21532 MiB, 24564 MiB, 2640 MHz, 10251 MHz
2026/09/13 13:02:29.739, NVIDIA GeForce RTX 4090, GPU-457328ff-6f8e-1f53-8cc3-68ae75d90604, 595.91.07, P2, 55, 289.87 W, 100 %, 100 %, 21532 MiB, 24564 MiB, 2640 MHz, 10251 MHz
2026/09/13 13:02:30.741, NVIDIA GeForce RTX 4090, GPU-457328ff-6f8e-1f53-8cc3-68ae75d90604, 595.91.07, P2, 55, 299.14 W, 100 %, 100 %, 21532 MiB, 24564 MiB, 2640 MHz, 10251 MHz
2026/09/13 13:02:31.744, NVIDIA GeForce RTX 4090, GPU-457328ff-6f8e-1f53-8cc3-68ae75d90604, 595.91.07, P2, 55, 299.03 W, 100 %, 100 %, 21532 MiB, 24564 MiB, 2640 MHz, 10251 MHz
2026/09/13 13:02:32.746, NVIDIA GeForce RTX 4090, GPU-457328ff-6f8e-1f53-8cc3-68ae75d90604, 595.91.07, P2, 55, 299.35 W, 100 %, 100 %, 21532 MiB, 24564 MiB, 2640 MHz, 10251 MHz
2026/09/13 13:02:33.749, NVIDIA GeForce RTX 4090, GPU-457328ff-6f8e-1f53-8cc3-68ae75d90604, 595.91.07, P2, 55, 299.26 W, 100 %, 100 %, 21532 MiB, 24564 MiB, 2640 MHz, 10251 MHz
2026/09/13 13:02:34.751, NVIDIA GeForce RTX 4090, GPU-457328ff-6f8e-1f53-8cc3-68ae75d90604, 595.91.07, P2, 55, 299.20 W, 100 %, 100 %, 21532 MiB, 24564 MiB, 2640 MHz, 10251 MHz
2026/09/13 13:02:35.754, NVIDIA GeForce RTX 4090, GPU-457328ff-6f8e-1f53-8cc3-68ae75d90604, 595.91.07, P2, 55, 298.74 W, 100 %, 100 %, 21532 MiB, 24564 MiB, 2640 MHz, 10251 MHz
2026/09/13 13:02:36.756, NVIDIA GeForce RTX 4090, GPU-457328ff-6f8e-1f53-8cc3-68ae75d90604, 595.91.07, P2, 55, 298.30 W, 100 %, 100 %, 21532 MiB, 24564 MiB, 2640 MHz, 10251 MHz
2026/09/13 13:02:37.759, NVIDIA GeForce RTX 4090, GPU-457328ff-6f8e-1f53-8cc3-68ae75d90604, 595.91.07, P2, 55, 298.13 W, 100 %, 100 %, 21532 MiB, 24564 MiB, 2640 MHz, 10251 MHz
2026/09/13 13:02:38.761, NVIDIA GeForce RTX 4090, GPU-457328ff-6f8e-1f53-8cc3-68ae75d90604, 595.91.07, P2, 55, 298.02 W, 100 %, 100 %, 21532 MiB, 24564 MiB, 2640 MHz, 10251 MHz
2026/09/13 13:02:39.763, NVIDIA GeForce RTX 4090, GPU-457328ff-6f8e-1f53-8cc3-68ae75d90604, 595.91.07, P2, 55, 297.77 W, 100 %, 100 %, 21532 MiB, 24564 MiB, 2640 MHz, 10251 MHz
2026/09/13 13:02:40.765, NVIDIA GeForce RTX 4090, GPU-457328ff-6f8e-1f53-8cc3-68ae75d90604, 595.91.07, P2, 55, 297.80 W, 100 %, 100 %, 21532 MiB, 24564 MiB, 2640 MHz, 10251 MHz
2026/09/13 13:02:41.767, NVIDIA GeForce RTX 4090, GPU-457328ff-6f8e-1f53-8cc3-68ae75d90604, 595.91.07, P2, 55, 297.21 W, 100 %, 100 %, 21532 MiB, 24564 MiB, 2640 MHz, 10251 MHz
2026/09/13 13:02:42.769, NVIDIA GeForce RTX 4090, GPU-457328ff-6f8e-1f53-8cc3-68ae75d90604, 595.91.07, P2, 55, 297.18 W, 100 %, 100 %, 21532 MiB, 24564 MiB, 2640 MHz, 10251 MHz
2026/09/13 13:02:43.772, NVIDIA GeForce RTX 4090, GPU-457328ff-6f8e-1f53-8cc3-68ae75d90604, 595.91.07, P2, 55, 297.80 W, 100 %, 100 %, 21532 MiB, 24564 MiB, 2640 MHz, 10251 MHz
2026/09/13 13:02:44.775, NVIDIA GeForce RTX 4090, GPU-457328ff-6f8e-1f53-8cc3-68ae75d90604, 595.91.07, P2, 55, 298.03 W, 100 %, 100 %, 21532 MiB, 24564 MiB, 2640 MHz, 10251 MHz
2026/09/13 13:02:45.777, NVIDIA GeForce RTX 4090, GPU-457328ff-6f8e-1f53-8cc3-68ae75d90604, 595.91.07, P2, 55, 297.51 W, 100 %, 100 %, 21532 MiB, 24564 MiB, 2640 MHz, 10251 MHz
2026/09/13 13:02:46.780, NVIDIA GeForce RTX 4090, GPU-457328ff-6f8e-1f53-8cc3-68ae75d90604, 595.91.07, P2, 55, 297.72 W, 100 %, 100 %, 21532 MiB, 24564 MiB, 2640 MHz, 10251 MHz
2026/09/13 13:02:47.782, NVIDIA GeForce RTX 4090, GPU-457328ff-6f8e-1f53-8cc3-68ae75d90604, 595.91.07, P2, 55, 297.47 W, 100 %, 100 %, 21532 MiB, 24564 MiB, 2640 MHz, 10251 MHz
2026/09/13 13:02:48.785, NVIDIA GeForce RTX 4090, GPU-457328ff-6f8e-1f53-8cc3-68ae75d90604, 595.91.07, P2, 55, 288.47 W, 100 %, 100 %, 21532 MiB, 24564 MiB, 2640 MHz, 10251 MHz
2026/09/13 13:02:49.788, NVIDIA GeForce RTX 4090, GPU-457328ff-6f8e-1f53-8cc3-68ae75d90604, 595.91.07, P2, 55, 299.15 W, 100 %, 100 %, 21532 MiB, 24564 MiB, 2640 MHz, 10251 MHz
2026/09/13 13:02:50.790, NVIDIA GeForce RTX 4090, GPU-457328ff-6f8e-1f53-8cc3-68ae75d90604, 595.91.07, P2, 55, 299.19 W, 100 %, 100 %, 21532 MiB, 24564 MiB, 2640 MHz, 10251 MHz
2026/09/13 13:02:51.793, NVIDIA GeForce RTX 4090, GPU-457328ff-6f8e-1f53-8cc3-68ae75d90604, 595.91.07, P2, 55, 299.50 W, 100 %, 100 %, 21532 MiB, 24564 MiB, 2640 MHz, 10251 MHz
2026/09/13 13:02:52.795, NVIDIA GeForce RTX 4090, GPU-457328ff-6f8e-1f53-8cc3-68ae75d90604, 595.91.07, P2, 55, 299.21 W, 100 %, 100 %, 21532 MiB, 24564 MiB, 2640 MHz, 10251 MHz
2026/09/13 13:02:53.798, NVIDIA GeForce RTX 4090, GPU-457328ff-6f8e-1f53-8cc3-68ae75d90604, 595.91.07, P2, 55, 299.34 W, 100 %, 100 %, 21532 MiB, 24564 MiB, 2640 MHz, 10251 MHz
2026/09/13 13:02:54.800, NVIDIA GeForce RTX 4090, GPU-457328ff-6f8e-1f53-8cc3-68ae75d90604, 595.91.07, P2, 56, 299.43 W, 100 %, 100 %, 21532 MiB, 24564 MiB, 2640 MHz, 10251 MHz
2026/09/13 13:02:55.802, NVIDIA GeForce RTX 4090, GPU-457328ff-6f8e-1f53-8cc3-68ae75d90604, 595.91.07, P2, 56, 298.96 W, 100 %, 100 %, 21532 MiB, 24564 MiB, 2640 MHz, 10251 MHz
2026/09/13 13:02:56.804, NVIDIA GeForce RTX 4090, GPU-457328ff-6f8e-1f53-8cc3-68ae75d90604, 595.91.07, P2, 56, 298.73 W, 100 %, 100 %, 21532 MiB, 24564 MiB, 2640 MHz, 10251 MHz
2026/09/13 13:03:04.698, NVIDIA GeForce RTX 4090, GPU-457328ff-6f8e-1f53-8cc3-68ae75d90604, 595.91.07, P2, 56, 297.32 W, 100 %, 100 %, 21532 MiB, 24564 MiB, 2640 MHz, 10251 MHz
2026/09/13 13:03:05.701, NVIDIA GeForce RTX 4090, GPU-457328ff-6f8e-1f53-8cc3-68ae75d90604, 595.91.07, P2, 56, 297.44 W, 100 %, 100 %, 21532 MiB, 24564 MiB, 2640 MHz, 10251 MHz
2026/09/13 13:03:06.703, NVIDIA GeForce RTX 4090, GPU-457328ff-6f8e-1f53-8cc3-68ae75d90604, 595.91.07, P2, 56, 297.72 W, 100 %, 100 %, 21532 MiB, 24564 MiB, 2640 MHz, 10251 MHz
2026/09/13 13:03:07.705, NVIDIA GeForce RTX 4090, GPU-457328ff-6f8e-1f53-8cc3-68ae75d90604, 595.91.07, P2, 56, 297.42 W, 100 %, 100 %, 21532 MiB, 24564 MiB, 2640 MHz, 10251 MHz
2026/09/13 13:03:08.707, NVIDIA GeForce RTX 4090, GPU-457328ff-6f8e-1f53-8cc3-68ae75d90604, 595.91.07, P2, 56, 297.49 W, 100 %, 100 %, 21532 MiB, 24564 MiB, 2640 MHz, 10251 MHz
2026/09/13 13:03:09.709, NVIDIA GeForce RTX 4090, GPU-457328ff-6f8e-1f53-8cc3-68ae75d90604, 595.91.07, P2, 56, 297.61 W, 100 %, 100 %, 21532 MiB, 24564 MiB, 2640 MHz, 10251 MHz
2026/09/13 13:03:10.711, NVIDIA GeForce RTX 4090, GPU-457328ff-6f8e-1f53-8cc3-68ae75d90604, 595.91.07, P2, 56, 297.77 W, 100 %, 100 %, 21532 MiB, 24564 MiB, 2640 MHz, 10251 MHz
2026/09/13 13:03:11.712, NVIDIA GeForce RTX 4090, GPU-457328ff-6f8e-1f53-8cc3-68ae75d90604, 595.91.07, P2, 56, 297.43 W, 100 %, 100 %, 21532 MiB, 24564 MiB, 2640 MHz, 10251 MHz
2026/09/13 13:03:12.714, NVIDIA GeForce RTX 4090, GPU-457328ff-6f8e-1f53-8cc3-68ae75d90604, 595.91.07, P2, 56, 297.43 W, 100 %, 100 %, 21532 MiB, 24564 MiB, 2640 MHz, 10251 MHz
2026/09/13 13:03:13.716, NVIDIA GeForce RTX 4090, GPU-457328ff-6f8e-1f53-8cc3-68ae75d90604, 595.91.07, P2, 56, 297.35 W, 100 %, 100 %, 21532 MiB, 24564 MiB, 2640 MHz, 10251 MHz
2026/09/13 13:03:14.717, NVIDIA GeForce RTX 4090, GPU-457328ff-6f8e-1f53-8cc3-68ae75d90604, 595.91.07, P2, 56, 297.91 W, 100 %, 100 %, 21532 MiB, 24564 MiB, 2640 MHz, 10251 MHz
2026/09/13 13:03:15.719, NVIDIA GeForce RTX 4090, GPU-457328ff-6f8e-1f53-8cc3-68ae75d90604, 595.91.07, P2, 56, 298.11 W, 100 %, 100 %, 21532 MiB, 24564 MiB, 2640 MHz, 10251 MHz
2026/09/13 13:03:16.721, NVIDIA GeForce RTX 4090, GPU-457328ff-6f8e-1f53-8cc3-68ae75d90604, 595.91.07, P2, 56, 297.75 W, 100 %, 100 %, 21532 MiB, 24564 MiB, 2640 MHz, 10251 MHz
2026/09/13 13:03:17.722, NVIDIA GeForce RTX 4090, GPU-457328ff-6f8e-1f53-8cc3-68ae75d90604, 595.91.07, P2, 56, 298.05 W, 100 %, 100 %, 21532 MiB, 24564 MiB, 2640 MHz, 10251 MHz
2026/09/13 13:03:18.724, NVIDIA GeForce RTX 4090, GPU-457328ff-6f8e-1f53-8cc3-68ae75d90604, 595.91.07, P2, 56, 298.13 W, 100 %, 100 %, 21532 MiB, 24564 MiB, 2640 MHz, 10251 MHz
2026/09/13 13:03:19.726, NVIDIA GeForce RTX 4090, GPU-457328ff-6f8e-1f53-8cc3-68ae75d90604, 595.91.07, P2, 56, 298.40 W, 100 %, 100 %, 21532 MiB, 24564 MiB, 2640 MHz, 10251 MHz
2026/09/13 13:03:20.728, NVIDIA GeForce RTX 4090, GPU-457328ff-6f8e-1f53-8cc3-68ae75d90604, 595.91.07, P2, 56, 298.07 W, 100 %, 100 %, 21532 MiB, 24564 MiB, 2640 MHz, 10251 MHz
2026/09/13 13:03:21.730, NVIDIA GeForce RTX 4090, GPU-457328ff-6f8e-1f53-8cc3-68ae75d90604, 595.91.07, P2, 56, 298.57 W, 100 %, 100 %, 21532 MiB, 24564 MiB, 2640 MHz, 10251 MHz
2026/09/13 13:03:22.732, NVIDIA GeForce RTX 4090, GPU-457328ff-6f8e-1f53-8cc3-68ae75d90604, 595.91.07, P2, 56, 298.50 W, 100 %, 100 %, 21532 MiB, 24564 MiB, 2640 MHz, 10251 MHz
2026/09/13 13:03:23.734, NVIDIA GeForce RTX 4090, GPU-457328ff-6f8e-1f53-8cc3-68ae75d90604, 595.91.07, P2, 56, 298.10 W, 100 %, 100 %, 21532 MiB, 24564 MiB, 2640 MHz, 10251 MHz
2026/09/13 13:03:24.735, NVIDIA GeForce RTX 4090, GPU-457328ff-6f8e-1f53-8cc3-68ae75d90604, 595.91.07, P2, 56, 298.14 W, 100 %, 100 %, 21532 MiB, 24564 MiB, 2640 MHz, 10251 MHz
2026/09/13 13:03:25.737, NVIDIA GeForce RTX 4090, GPU-457328ff-6f8e-1f53-8cc3-68ae75d90604, 595.91.07, P2, 56, 285.61 W, 100 %, 100 %, 21532 MiB, 24564 MiB, 2640 MHz, 10251 MHz
2026/09/13 13:03:26.739, NVIDIA GeForce RTX 4090, GPU-457328ff-6f8e-1f53-8cc3-68ae75d90604, 595.91.07, P2, 56, 299.26 W, 100 %, 100 %, 21532 MiB, 24564 MiB, 2640 MHz, 10251 MHz
2026/09/13 13:03:27.741, NVIDIA GeForce RTX 4090, GPU-457328ff-6f8e-1f53-8cc3-68ae75d90604, 595.91.07, P2, 56, 299.49 W, 100 %, 100 %, 21532 MiB, 24564 MiB, 2640 MHz, 10251 MHz
2026/09/13 13:03:28.744, NVIDIA GeForce RTX 4090, GPU-457328ff-6f8e-1f53-8cc3-68ae75d90604, 595.91.07, P2, 56, 299.24 W, 100 %, 100 %, 21532 MiB, 24564 MiB, 2640 MHz, 10251 MHz
2026/09/13 13:03:29.747, NVIDIA GeForce RTX 4090, GPU-457328ff-6f8e-1f53-8cc3-68ae75d90604, 595.91.07, P2, 56, 299.36 W, 100 %, 100 %, 21532 MiB, 24564 MiB, 2640 MHz, 10251 MHz
2026/09/13 13:03:30.749, NVIDIA GeForce RTX 4090, GPU-457328ff-6f8e-1f53-8cc3-68ae75d90604, 595.91.07, P2, 56, 299.54 W, 100 %, 100 %, 21532 MiB, 24564 MiB, 2640 MHz, 10251 MHz
2026/09/13 13:03:31.751, NVIDIA GeForce RTX 4090, GPU-457328ff-6f8e-1f53-8cc3-68ae75d90604, 595.91.07, P2, 56, 299.07 W, 100 %, 100 %, 21532 MiB, 24564 MiB, 2640 MHz, 10251 MHz
2026/09/13 13:03:32.753, NVIDIA GeForce RTX 4090, GPU-457328ff-6f8e-1f53-8cc3-68ae75d90604, 595.91.07, P2, 56, 298.76 W, 100 %, 100 %, 21532 MiB, 24564 MiB, 2640 MHz, 10251 MHz
2026/09/13 13:03:33.755, NVIDIA GeForce RTX 4090, GPU-457328ff-6f8e-1f53-8cc3-68ae75d90604, 595.91.07, P2, 56, 298.74 W, 100 %, 100 %, 21532 MiB, 24564 MiB, 2640 MHz, 10251 MHz
2026/09/13 13:03:34.757, NVIDIA GeForce RTX 4090, GPU-457328ff-6f8e-1f53-8cc3-68ae75d90604, 595.91.07, P2, 56, 298.64 W, 100 %, 100 %, 21532 MiB, 24564 MiB, 2640 MHz, 10251 MHz
2026/09/13 13:03:35.759, NVIDIA GeForce RTX 4090, GPU-457328ff-6f8e-1f53-8cc3-68ae75d90604, 595.91.07, P2, 56, 297.92 W, 100 %, 100 %, 21532 MiB, 24564 MiB, 2640 MHz, 10251 MHz
2026/09/13 13:03:36.761, NVIDIA GeForce RTX 4090, GPU-457328ff-6f8e-1f53-8cc3-68ae75d90604, 595.91.07, P2, 56, 298.20 W, 100 %, 100 %, 21532 MiB, 24564 MiB, 2640 MHz, 10251 MHz
2026/09/13 13:03:37.764, NVIDIA GeForce RTX 4090, GPU-457328ff-6f8e-1f53-8cc3-68ae75d90604, 595.91.07, P2, 56, 297.92 W, 100 %, 100 %, 21532 MiB, 24564 MiB, 2640 MHz, 10251 MHz
2026/09/13 13:03:38.766, NVIDIA GeForce RTX 4090, GPU-457328ff-6f8e-1f53-8cc3-68ae75d90604, 595.91.07, P2, 56, 297.91 W, 100 %, 100 %, 21532 MiB, 24564 MiB, 2640 MHz, 10251 MHz
2026/09/13 13:03:39.768, NVIDIA GeForce RTX 4090, GPU-457328ff-6f8e-1f53-8cc3-68ae75d90604, 595.91.07, P2, 56, 290.86 W, 92 %, 95 %, 21532 MiB, 24564 MiB, 2640 MHz, 10251 MHz
2026/09/13 13:03:40.769, NVIDIA GeForce RTX 4090, GPU-457328ff-6f8e-1f53-8cc3-68ae75d90604, 595.91.07, P2, 56, 299.15 W, 100 %, 100 %, 21532 MiB, 24564 MiB, 2640 MHz, 10251 MHz
2026/09/13 13:03:41.771, NVIDIA GeForce RTX 4090, GPU-457328ff-6f8e-1f53-8cc3-68ae75d90604, 595.91.07, P2, 56, 299.69 W, 100 %, 100 %, 21532 MiB, 24564 MiB, 2640 MHz, 10251 MHz
2026/09/13 13:03:42.773, NVIDIA GeForce RTX 4090, GPU-457328ff-6f8e-1f53-8cc3-68ae75d90604, 595.91.07, P2, 56, 299.71 W, 100 %, 100 %, 21532 MiB, 24564 MiB, 2640 MHz, 10251 MHz
2026/09/13 13:03:43.775, NVIDIA GeForce RTX 4090, GPU-457328ff-6f8e-1f53-8cc3-68ae75d90604, 595.91.07, P2, 56, 299.14 W, 100 %, 100 %, 21532 MiB, 24564 MiB, 2640 MHz, 10251 MHz
2026/09/13 13:03:44.777, NVIDIA GeForce RTX 4090, GPU-457328ff-6f8e-1f53-8cc3-68ae75d90604, 595.91.07, P2, 56, 298.90 W, 100 %, 100 %, 21532 MiB, 24564 MiB, 2640 MHz, 10251 MHz
2026/09/13 13:03:45.780, NVIDIA GeForce RTX 4090, GPU-457328ff-6f8e-1f53-8cc3-68ae75d90604, 595.91.07, P2, 56, 298.96 W, 100 %, 100 %, 21532 MiB, 24564 MiB, 2640 MHz, 10251 MHz
2026/09/13 13:03:46.782, NVIDIA GeForce RTX 4090, GPU-457328ff-6f8e-1f53-8cc3-68ae75d90604, 595.91.07, P2, 56, 298.89 W, 100 %, 100 %, 21532 MiB, 24564 MiB, 2640 MHz, 10251 MHz
2026/09/13 13:03:47.785, NVIDIA GeForce RTX 4090, GPU-457328ff-6f8e-1f53-8cc3-68ae75d90604, 595.91.07, P2, 56, 298.83 W, 100 %, 100 %, 21532 MiB, 24564 MiB, 2640 MHz, 10251 MHz
2026/09/13 13:03:48.787, NVIDIA GeForce RTX 4090, GPU-457328ff-6f8e-1f53-8cc3-68ae75d90604, 595.91.07, P2, 56, 298.78 W, 100 %, 100 %, 21532 MiB, 24564 MiB, 2640 MHz, 10251 MHz
2026/09/13 13:03:49.790, NVIDIA GeForce RTX 4090, GPU-457328ff-6f8e-1f53-8cc3-68ae75d90604, 595.91.07, P2, 56, 298.41 W, 100 %, 100 %, 21532 MiB, 24564 MiB, 2640 MHz, 10251 MHz
2026/09/13 13:03:50.792, NVIDIA GeForce RTX 4090, GPU-457328ff-6f8e-1f53-8cc3-68ae75d90604, 595.91.07, P2, 56, 298.26 W, 100 %, 100 %, 21532 MiB, 24564 MiB, 2640 MHz, 10251 MHz
2026/09/13 13:03:51.794, NVIDIA GeForce RTX 4090, GPU-457328ff-6f8e-1f53-8cc3-68ae75d90604, 595.91.07, P2, 56, 298.23 W, 100 %, 100 %, 21532 MiB, 24564 MiB, 2640 MHz, 10251 MHz
2026/09/13 13:03:52.795, NVIDIA GeForce RTX 4090, GPU-457328ff-6f8e-1f53-8cc3-68ae75d90604, 595.91.07, P2, 56, 298.13 W, 100 %, 100 %, 21532 MiB, 24564 MiB, 2640 MHz, 10251 MHz
2026/09/13 13:03:53.797, NVIDIA GeForce RTX 4090, GPU-457328ff-6f8e-1f53-8cc3-68ae75d90604, 595.91.07, P2, 56, 298.14 W, 100 %, 100 %, 21532 MiB, 24564 MiB, 2640 MHz, 10251 MHz
2026/09/13 13:03:54.800, NVIDIA GeForce RTX 4090, GPU-457328ff-6f8e-1f53-8cc3-68ae75d90604, 595.91.07, P2, 56, 297.92 W, 100 %, 100 %, 21532 MiB, 24564 MiB, 2640 MHz, 10251 MHz
2026/09/13 13:03:55.802, NVIDIA GeForce RTX 4090, GPU-457328ff-6f8e-1f53-8cc3-68ae75d90604, 595.91.07, P2, 56, 297.70 W, 100 %, 100 %, 21532 MiB, 24564 MiB, 2640 MHz, 10251 MHz
2026/09/13 13:03:56.804, NVIDIA GeForce RTX 4090, GPU-457328ff-6f8e-1f53-8cc3-68ae75d90604, 595.91.07, P2, 56, 297.58 W, 100 %, 100 %, 21532 MiB, 24564 MiB, 2640 MHz, 10251 MHz
2026/09/13 13:03:57.806, NVIDIA GeForce RTX 4090, GPU-457328ff-6f8e-1f53-8cc3-68ae75d90604, 595.91.07, P2, 56, 296.99 W, 100 %, 100 %, 21532 MiB, 24564 MiB, 2640 MHz, 10251 MHz
2026/09/13 13:03:58.809, NVIDIA GeForce RTX 4090, GPU-457328ff-6f8e-1f53-8cc3-68ae75d90604, 595.91.07, P2, 56, 297.32 W, 100 %, 100 %, 21532 MiB, 24564 MiB, 2640 MHz, 10251 MHz
2026/09/13 13:03:59.811, NVIDIA GeForce RTX 4090, GPU-457328ff-6f8e-1f53-8cc3-68ae75d90604, 595.91.07, P2, 56, 297.49 W, 100 %, 100 %, 21532 MiB, 24564 MiB, 2640 MHz, 10251 MHz
2026/09/13 13:04:00.813, NVIDIA GeForce RTX 4090, GPU-457328ff-6f8e-1f53-8cc3-68ae75d90604, 595.91.07, P2, 56, 297.60 W, 100 %, 100 %, 21532 MiB, 24564 MiB, 2640 MHz, 10251 MHz
2026/09/13 13:04:01.814, NVIDIA GeForce RTX 4090, GPU-457328ff-6f8e-1f53-8cc3-68ae75d90604, 595.91.07, P2, 56, 297.69 W, 100 %, 100 %, 21532 MiB, 24564 MiB, 2640 MHz, 10251 MHz
2026/09/13 13:04:02.816, NVIDIA GeForce RTX 4090, GPU-457328ff-6f8e-1f53-8cc3-68ae75d90604, 595.91.07, P2, 56, 297.48 W, 100 %, 100 %, 21532 MiB, 24564 MiB, 2640 MHz, 10251 MHz
2026/09/13 13:04:03.818, NVIDIA GeForce RTX 4090, GPU-457328ff-6f8e-1f53-8cc3-68ae75d90604, 595.91.07, P2, 56, 297.64 W, 100 %, 100 %, 21532 MiB, 24564 MiB, 2640 MHz, 10251 MHz
2026/09/13 13:04:04.819, NVIDIA GeForce RTX 4090, GPU-457328ff-6f8e-1f53-8cc3-68ae75d90604, 595.91.07, P2, 56, 297.63 W, 100 %, 100 %, 21532 MiB, 24564 MiB, 2640 MHz, 10251 MHz
2026/09/13 13:04:05.821, NVIDIA GeForce RTX 4090, GPU-457328ff-6f8e-1f53-8cc3-68ae75d90604, 595.91.07, P2, 56, 297.45 W, 100 %, 100 %, 21532 MiB, 24564 MiB, 2640 MHz, 10251 MHz
2026/09/13 13:04:06.822, NVIDIA GeForce RTX 4090, GPU-457328ff-6f8e-1f53-8cc3-68ae75d90604, 595.91.07, P2, 56, 288.31 W, 98 %, 100 %, 21532 MiB, 24564 MiB, 2640 MHz, 10251 MHz
2026/09/13 13:04:07.824, NVIDIA GeForce RTX 4090, GPU-457328ff-6f8e-1f53-8cc3-68ae75d90604, 595.91.07, P2, 56, 299.37 W, 100 %, 100 %, 21532 MiB, 24564 MiB, 2640 MHz, 10251 MHz
2026/09/13 13:04:08.825, NVIDIA GeForce RTX 4090, GPU-457328ff-6f8e-1f53-8cc3-68ae75d90604, 595.91.07, P2, 56, 299.24 W, 100 %, 100 %, 21532 MiB, 24564 MiB, 2640 MHz, 10251 MHz
2026/09/13 13:04:09.827, NVIDIA GeForce RTX 4090, GPU-457328ff-6f8e-1f53-8cc3-68ae75d90604, 595.91.07, P2, 56, 299.30 W, 100 %, 100 %, 21532 MiB, 24564 MiB, 2640 MHz, 10251 MHz
2026/09/13 13:04:10.829, NVIDIA GeForce RTX 4090, GPU-457328ff-6f8e-1f53-8cc3-68ae75d90604, 595.91.07, P2, 56, 298.85 W, 100 %, 100 %, 21532 MiB, 24564 MiB, 2640 MHz, 10251 MHz
2026/09/13 13:04:11.830, NVIDIA GeForce RTX 4090, GPU-457328ff-6f8e-1f53-8cc3-68ae75d90604, 595.91.07, P2, 56, 299.04 W, 100 %, 100 %, 21532 MiB, 24564 MiB, 2640 MHz, 10251 MHz
2026/09/13 13:04:12.832, NVIDIA GeForce RTX 4090, GPU-457328ff-6f8e-1f53-8cc3-68ae75d90604, 595.91.07, P2, 56, 298.75 W, 100 %, 100 %, 21532 MiB, 24564 MiB, 2640 MHz, 10251 MHz
2026/09/13 13:04:13.833, NVIDIA GeForce RTX 4090, GPU-457328ff-6f8e-1f53-8cc3-68ae75d90604, 595.91.07, P2, 56, 298.62 W, 100 %, 100 %, 21532 MiB, 24564 MiB, 2640 MHz, 10251 MHz
2026/09/13 13:04:14.835, NVIDIA GeForce RTX 4090, GPU-457328ff-6f8e-1f53-8cc3-68ae75d90604, 595.91.07, P2, 56, 298.39 W, 100 %, 100 %, 21532 MiB, 24564 MiB, 2640 MHz, 10251 MHz
2026/09/13 13:04:15.836, NVIDIA GeForce RTX 4090, GPU-457328ff-6f8e-1f53-8cc3-68ae75d90604, 595.91.07, P2, 56, 298.08 W, 100 %, 100 %, 21532 MiB, 24564 MiB, 2640 MHz, 10251 MHz
2026/09/13 13:04:16.837, NVIDIA GeForce RTX 4090, GPU-457328ff-6f8e-1f53-8cc3-68ae75d90604, 595.91.07, P2, 56, 298.23 W, 100 %, 100 %, 21532 MiB, 24564 MiB, 2640 MHz, 10251 MHz
2026/09/13 13:04:17.839, NVIDIA GeForce RTX 4090, GPU-457328ff-6f8e-1f53-8cc3-68ae75d90604, 595.91.07, P2, 56, 298.24 W, 100 %, 100 %, 21532 MiB, 24564 MiB, 2640 MHz, 10251 MHz
2026/09/13 13:04:18.840, NVIDIA GeForce RTX 4090, GPU-457328ff-6f8e-1f53-8cc3-68ae75d90604, 595.91.07, P2, 56, 297.80 W, 100 %, 100 %, 21532 MiB, 24564 MiB, 2640 MHz, 10251 MHz
2026/09/13 13:04:19.841, NVIDIA GeForce RTX 4090, GPU-457328ff-6f8e-1f53-8cc3-68ae75d90604, 595.91.07, P2, 56, 297.77 W, 100 %, 100 %, 21532 MiB, 24564 MiB, 2640 MHz, 10251 MHz
2026/09/13 13:04:20.843, NVIDIA GeForce RTX 4090, GPU-457328ff-6f8e-1f53-8cc3-68ae75d90604, 595.91.07, P2, 56, 297.53 W, 100 %, 100 %, 21532 MiB, 24564 MiB, 2640 MHz, 10251 MHz
2026/09/13 13:04:21.845, NVIDIA GeForce RTX 4090, GPU-457328ff-6f8e-1f53-8cc3-68ae75d90604, 595.91.07, P2, 56, 297.56 W, 100 %, 100 %, 21532 MiB, 24564 MiB, 2640 MHz, 10251 MHz
2026/09/13 13:04:22.848, NVIDIA GeForce RTX 4090, GPU-457328ff-6f8e-1f53-8cc3-68ae75d90604, 595.91.07, P2, 56, 297.41 W, 100 %, 100 %, 21532 MiB, 24564 MiB, 2640 MHz, 10251 MHz
2026/09/13 13:04:23.849, NVIDIA GeForce RTX 4090, GPU-457328ff-6f8e-1f53-8cc3-68ae75d90604, 595.91.07, P2, 55, 292.12 W, 72 %, 78 %, 21532 MiB, 24564 MiB, 2640 MHz, 10251 MHz
2026/09/13 13:04:24.851, NVIDIA GeForce RTX 4090, GPU-457328ff-6f8e-1f53-8cc3-68ae75d90604, 595.91.07, P2, 56, 290.72 W, 100 %, 100 %, 21532 MiB, 24564 MiB, 2640 MHz, 10251 MHz
2026/09/13 13:04:25.853, NVIDIA GeForce RTX 4090, GPU-457328ff-6f8e-1f53-8cc3-68ae75d90604, 595.91.07, P2, 56, 299.02 W, 100 %, 100 %, 21532 MiB, 24564 MiB, 2640 MHz, 10251 MHz
2026/09/13 13:04:26.855, NVIDIA GeForce RTX 4090, GPU-457328ff-6f8e-1f53-8cc3-68ae75d90604, 595.91.07, P2, 56, 298.67 W, 100 %, 100 %, 21532 MiB, 24564 MiB, 2640 MHz, 10251 MHz
2026/09/13 13:04:27.857, NVIDIA GeForce RTX 4090, GPU-457328ff-6f8e-1f53-8cc3-68ae75d90604, 595.91.07, P2, 56, 298.97 W, 100 %, 100 %, 21532 MiB, 24564 MiB, 2640 MHz, 10251 MHz
2026/09/13 13:04:28.858, NVIDIA GeForce RTX 4090, GPU-457328ff-6f8e-1f53-8cc3-68ae75d90604, 595.91.07, P2, 56, 298.76 W, 100 %, 100 %, 21532 MiB, 24564 MiB, 2640 MHz, 10251 MHz
2026/09/13 13:04:29.860, NVIDIA GeForce RTX 4090, GPU-457328ff-6f8e-1f53-8cc3-68ae75d90604, 595.91.07, P2, 55, 298.56 W, 100 %, 100 %, 21532 MiB, 24564 MiB, 2640 MHz, 10251 MHz
2026/09/13 13:04:30.861, NVIDIA GeForce RTX 4090, GPU-457328ff-6f8e-1f53-8cc3-68ae75d90604, 595.91.07, P2, 55, 298.35 W, 100 %, 100 %, 21532 MiB, 24564 MiB, 2640 MHz, 10251 MHz
2026/09/13 13:04:31.863, NVIDIA GeForce RTX 4090, GPU-457328ff-6f8e-1f53-8cc3-68ae75d90604, 595.91.07, P2, 55, 298.33 W, 100 %, 100 %, 21532 MiB, 24564 MiB, 2640 MHz, 10251 MHz
2026/09/13 13:04:32.865, NVIDIA GeForce RTX 4090, GPU-457328ff-6f8e-1f53-8cc3-68ae75d90604, 595.91.07, P2, 55, 298.03 W, 100 %, 100 %, 21532 MiB, 24564 MiB, 2640 MHz, 10251 MHz
2026/09/13 13:04:33.868, NVIDIA GeForce RTX 4090, GPU-457328ff-6f8e-1f53-8cc3-68ae75d90604, 595.91.07, P2, 55, 297.81 W, 100 %, 100 %, 21532 MiB, 24564 MiB, 2640 MHz, 10251 MHz
2026/09/13 13:04:34.870, NVIDIA GeForce RTX 4090, GPU-457328ff-6f8e-1f53-8cc3-68ae75d90604, 595.91.07, P2, 55, 297.55 W, 100 %, 100 %, 21532 MiB, 24564 MiB, 2640 MHz, 10251 MHz
2026/09/13 13:04:35.871, NVIDIA GeForce RTX 4090, GPU-457328ff-6f8e-1f53-8cc3-68ae75d90604, 595.91.07, P2, 55, 297.41 W, 100 %, 100 %, 21532 MiB, 24564 MiB, 2640 MHz, 10251 MHz
2026/09/13 13:04:36.874, NVIDIA GeForce RTX 4090, GPU-457328ff-6f8e-1f53-8cc3-68ae75d90604, 595.91.07, P2, 55, 297.39 W, 100 %, 100 %, 21532 MiB, 24564 MiB, 2640 MHz, 10251 MHz
2026/09/13 13:04:37.876, NVIDIA GeForce RTX 4090, GPU-457328ff-6f8e-1f53-8cc3-68ae75d90604, 595.91.07, P2, 55, 297.04 W, 100 %, 100 %, 21532 MiB, 24564 MiB, 2640 MHz, 10251 MHz
2026/09/13 13:04:38.879, NVIDIA GeForce RTX 4090, GPU-457328ff-6f8e-1f53-8cc3-68ae75d90604, 595.91.07, P2, 55, 297.32 W, 100 %, 100 %, 21532 MiB, 24564 MiB, 2640 MHz, 10251 MHz
2026/09/13 13:04:39.881, NVIDIA GeForce RTX 4090, GPU-457328ff-6f8e-1f53-8cc3-68ae75d90604, 595.91.07, P2, 55, 297.10 W, 100 %, 100 %, 21532 MiB, 24564 MiB, 2640 MHz, 10251 MHz
2026/09/13 13:04:40.883, NVIDIA GeForce RTX 4090, GPU-457328ff-6f8e-1f53-8cc3-68ae75d90604, 595.91.07, P2, 55, 297.08 W, 100 %, 100 %, 21532 MiB, 24564 MiB, 2640 MHz, 10251 MHz
2026/09/13 13:04:41.886, NVIDIA GeForce RTX 4090, GPU-457328ff-6f8e-1f53-8cc3-68ae75d90604, 595.91.07, P2, 55, 289.26 W, 100 %, 100 %, 21532 MiB, 24564 MiB, 2640 MHz, 10251 MHz
2026/09/13 13:04:42.888, NVIDIA GeForce RTX 4090, GPU-457328ff-6f8e-1f53-8cc3-68ae75d90604, 595.91.07, P2, 55, 298.42 W, 100 %, 100 %, 21532 MiB, 24564 MiB, 2640 MHz, 10251 MHz
2026/09/13 13:04:43.890, NVIDIA GeForce RTX 4090, GPU-457328ff-6f8e-1f53-8cc3-68ae75d90604, 595.91.07, P2, 55, 298.37 W, 100 %, 100 %, 21532 MiB, 24564 MiB, 2640 MHz, 10251 MHz
2026/09/13 13:04:44.893, NVIDIA GeForce RTX 4090, GPU-457328ff-6f8e-1f53-8cc3-68ae75d90604, 595.91.07, P2, 55, 298.37 W, 100 %, 100 %, 21532 MiB, 24564 MiB, 2640 MHz, 10251 MHz
2026/09/13 13:04:45.896, NVIDIA GeForce RTX 4090, GPU-457328ff-6f8e-1f53-8cc3-68ae75d90604, 595.91.07, P2, 55, 298.18 W, 100 %, 100 %, 21532 MiB, 24564 MiB, 2640 MHz, 10251 MHz
2026/09/13 13:04:46.898, NVIDIA GeForce RTX 4090, GPU-457328ff-6f8e-1f53-8cc3-68ae75d90604, 595.91.07, P2, 55, 298.11 W, 100 %, 100 %, 21532 MiB, 24564 MiB, 2640 MHz, 10251 MHz
2026/09/13 13:04:47.901, NVIDIA GeForce RTX 4090, GPU-457328ff-6f8e-1f53-8cc3-68ae75d90604, 595.91.07, P2, 55, 297.48 W, 100 %, 100 %, 21532 MiB, 24564 MiB, 2640 MHz, 10251 MHz
2026/09/13 13:04:48.902, NVIDIA GeForce RTX 4090, GPU-457328ff-6f8e-1f53-8cc3-68ae75d90604, 595.91.07, P2, 55, 297.29 W, 100 %, 100 %, 21532 MiB, 24564 MiB, 2640 MHz, 10251 MHz
2026/09/13 13:04:49.905, NVIDIA GeForce RTX 4090, GPU-457328ff-6f8e-1f53-8cc3-68ae75d90604, 595.91.07, P2, 54, 297.16 W, 100 %, 100 %, 21532 MiB, 24564 MiB, 2640 MHz, 10251 MHz
2026/09/13 13:04:50.907, NVIDIA GeForce RTX 4090, GPU-457328ff-6f8e-1f53-8cc3-68ae75d90604, 595.91.07, P2, 54, 297.05 W, 100 %, 100 %, 21532 MiB, 24564 MiB, 2640 MHz, 10251 MHz
2026/09/13 13:04:51.909, NVIDIA GeForce RTX 4090, GPU-457328ff-6f8e-1f53-8cc3-68ae75d90604, 595.91.07, P2, 54, 296.73 W, 100 %, 100 %, 21532 MiB, 24564 MiB, 2640 MHz, 10251 MHz
2026/09/13 13:04:52.912, NVIDIA GeForce RTX 4090, GPU-457328ff-6f8e-1f53-8cc3-68ae75d90604, 595.91.07, P2, 54, 296.67 W, 100 %, 100 %, 21532 MiB, 24564 MiB, 2640 MHz, 10251 MHz
2026/09/13 13:04:53.915, NVIDIA GeForce RTX 4090, GPU-457328ff-6f8e-1f53-8cc3-68ae75d90604, 595.91.07, P2, 54, 288.83 W, 100 %, 100 %, 21532 MiB, 24564 MiB, 2640 MHz, 10251 MHz
2026/09/13 13:04:54.917, NVIDIA GeForce RTX 4090, GPU-457328ff-6f8e-1f53-8cc3-68ae75d90604, 595.91.07, P2, 54, 298.05 W, 100 %, 100 %, 21532 MiB, 24564 MiB, 2640 MHz, 10251 MHz
2026/09/13 13:04:55.919, NVIDIA GeForce RTX 4090, GPU-457328ff-6f8e-1f53-8cc3-68ae75d90604, 595.91.07, P2, 54, 298.04 W, 100 %, 100 %, 21532 MiB, 24564 MiB, 2640 MHz, 10251 MHz
2026/09/13 13:04:56.920, NVIDIA GeForce RTX 4090, GPU-457328ff-6f8e-1f53-8cc3-68ae75d90604, 595.91.07, P2, 54, 296.90 W, 100 %, 100 %, 21532 MiB, 24564 MiB, 2640 MHz, 10251 MHz
2026/09/13 13:04:57.922, NVIDIA GeForce RTX 4090, GPU-457328ff-6f8e-1f53-8cc3-68ae75d90604, 595.91.07, P2, 54, 296.85 W, 100 %, 100 %, 21532 MiB, 24564 MiB, 2640 MHz, 10251 MHz
2026/09/13 13:04:58.924, NVIDIA GeForce RTX 4090, GPU-457328ff-6f8e-1f53-8cc3-68ae75d90604, 595.91.07, P2, 54, 297.12 W, 100 %, 100 %, 21532 MiB, 24564 MiB, 2640 MHz, 10251 MHz
2026/09/13 13:04:59.926, NVIDIA GeForce RTX 4090, GPU-457328ff-6f8e-1f53-8cc3-68ae75d90604, 595.91.07, P2, 54, 296.94 W, 100 %, 100 %, 21532 MiB, 24564 MiB, 2640 MHz, 10251 MHz
2026/09/13 13:05:00.928, NVIDIA GeForce RTX 4090, GPU-457328ff-6f8e-1f53-8cc3-68ae75d90604, 595.91.07, P2, 54, 296.71 W, 100 %, 100 %, 21532 MiB, 24564 MiB, 2640 MHz, 10251 MHz
2026/09/13 13:05:01.930, NVIDIA GeForce RTX 4090, GPU-457328ff-6f8e-1f53-8cc3-68ae75d90604, 595.91.07, P2, 54, 296.72 W, 100 %, 100 %, 21532 MiB, 24564 MiB, 2640 MHz, 10251 MHz
2026/09/13 13:05:02.932, NVIDIA GeForce RTX 4090, GPU-457328ff-6f8e-1f53-8cc3-68ae75d90604, 595.91.07, P2, 54, 296.36 W, 100 %, 100 %, 21532 MiB, 24564 MiB, 2640 MHz, 10251 MHz
2026/09/13 13:05:03.933, NVIDIA GeForce RTX 4090, GPU-457328ff-6f8e-1f53-8cc3-68ae75d90604, 595.91.07, P2, 54, 296.41 W, 100 %, 100 %, 21532 MiB, 24564 MiB, 2640 MHz, 10251 MHz
2026/09/13 13:05:04.935, NVIDIA GeForce RTX 4090, GPU-457328ff-6f8e-1f53-8cc3-68ae75d90604, 595.91.07, P2, 54, 296.33 W, 100 %, 100 %, 21532 MiB, 24564 MiB, 2640 MHz, 10251 MHz
2026/09/13 13:05:05.937, NVIDIA GeForce RTX 4090, GPU-457328ff-6f8e-1f53-8cc3-68ae75d90604, 595.91.07, P2, 54, 296.30 W, 100 %, 100 %, 21532 MiB, 24564 MiB, 2640 MHz, 10251 MHz
2026/09/13 13:05:06.939, NVIDIA GeForce RTX 4090, GPU-457328ff-6f8e-1f53-8cc3-68ae75d90604, 595.91.07, P2, 54, 296.15 W, 100 %, 100 %, 21532 MiB, 24564 MiB, 2640 MHz, 10251 MHz
2026/09/13 13:05:07.940, NVIDIA GeForce RTX 4090, GPU-457328ff-6f8e-1f53-8cc3-68ae75d90604, 595.91.07, P2, 54, 296.01 W, 100 %, 100 %, 21532 MiB, 24564 MiB, 2640 MHz, 10251 MHz
2026/09/13 13:05:08.942, NVIDIA GeForce RTX 4090, GPU-457328ff-6f8e-1f53-8cc3-68ae75d90604, 595.91.07, P2, 54, 296.21 W, 100 %, 100 %, 21532 MiB, 24564 MiB, 2640 MHz, 10251 MHz
2026/09/13 13:05:09.943, NVIDIA GeForce RTX 4090, GPU-457328ff-6f8e-1f53-8cc3-68ae75d90604, 595.91.07, P2, 54, 296.53 W, 100 %, 100 %, 21532 MiB, 24564 MiB, 2640 MHz, 10251 MHz
2026/09/13 13:05:10.944, NVIDIA GeForce RTX 4090, GPU-457328ff-6f8e-1f53-8cc3-68ae75d90604, 595.91.07, P2, 54, 296.34 W, 100 %, 100 %, 21532 MiB, 24564 MiB, 2640 MHz, 10251 MHz
2026/09/13 13:05:11.946, NVIDIA GeForce RTX 4090, GPU-457328ff-6f8e-1f53-8cc3-68ae75d90604, 595.91.07, P2, 54, 288.34 W, 100 %, 100 %, 21532 MiB, 24564 MiB, 2640 MHz, 10251 MHz
2026/09/13 13:05:12.947, NVIDIA GeForce RTX 4090, GPU-457328ff-6f8e-1f53-8cc3-68ae75d90604, 595.91.07, P2, 54, 298.26 W, 100 %, 100 %, 21532 MiB, 24564 MiB, 2640 MHz, 10251 MHz
2026/09/13 13:05:13.948, NVIDIA GeForce RTX 4090, GPU-457328ff-6f8e-1f53-8cc3-68ae75d90604, 595.91.07, P2, 54, 297.74 W, 100 %, 100 %, 21532 MiB, 24564 MiB, 2640 MHz, 10251 MHz
2026/09/13 13:05:14.950, NVIDIA GeForce RTX 4090, GPU-457328ff-6f8e-1f53-8cc3-68ae75d90604, 595.91.07, P2, 54, 297.45 W, 100 %, 100 %, 21532 MiB, 24564 MiB, 2640 MHz, 10251 MHz
2026/09/13 13:05:15.951, NVIDIA GeForce RTX 4090, GPU-457328ff-6f8e-1f53-8cc3-68ae75d90604, 595.91.07, P2, 54, 297.13 W, 100 %, 100 %, 21532 MiB, 24564 MiB, 2640 MHz, 10251 MHz
2026/09/13 13:05:16.952, NVIDIA GeForce RTX 4090, GPU-457328ff-6f8e-1f53-8cc3-68ae75d90604, 595.91.07, P2, 54, 296.73 W, 100 %, 100 %, 21532 MiB, 24564 MiB, 2640 MHz, 10251 MHz
2026/09/13 13:05:17.953, NVIDIA GeForce RTX 4090, GPU-457328ff-6f8e-1f53-8cc3-68ae75d90604, 595.91.07, P2, 54, 296.27 W, 100 %, 100 %, 21532 MiB, 24564 MiB, 2640 MHz, 10251 MHz
2026/09/13 13:05:18.954, NVIDIA GeForce RTX 4090, GPU-457328ff-6f8e-1f53-8cc3-68ae75d90604, 595.91.07, P2, 54, 296.16 W, 100 %, 100 %, 21532 MiB, 24564 MiB, 2640 MHz, 10251 MHz
2026/09/13 13:05:19.956, NVIDIA GeForce RTX 4090, GPU-457328ff-6f8e-1f53-8cc3-68ae75d90604, 595.91.07, P2, 54, 296.14 W, 100 %, 100 %, 21532 MiB, 24564 MiB, 2640 MHz, 10251 MHz
2026/09/13 13:05:20.958, NVIDIA GeForce RTX 4090, GPU-457328ff-6f8e-1f53-8cc3-68ae75d90604, 595.91.07, P2, 54, 295.77 W, 100 %, 100 %, 21532 MiB, 24564 MiB, 2640 MHz, 10251 MHz
2026/09/13 13:05:21.960, NVIDIA GeForce RTX 4090, GPU-457328ff-6f8e-1f53-8cc3-68ae75d90604, 595.91.07, P2, 54, 295.87 W, 100 %, 100 %, 21532 MiB, 24564 MiB, 2640 MHz, 10251 MHz
2026/09/13 13:05:22.962, NVIDIA GeForce RTX 4090, GPU-457328ff-6f8e-1f53-8cc3-68ae75d90604, 595.91.07, P2, 53, 295.83 W, 100 %, 100 %, 21532 MiB, 24564 MiB, 2640 MHz, 10251 MHz
2026/09/13 13:05:23.964, NVIDIA GeForce RTX 4090, GPU-457328ff-6f8e-1f53-8cc3-68ae75d90604, 595.91.07, P2, 54, 295.93 W, 100 %, 100 %, 21532 MiB, 24564 MiB, 2640 MHz, 10251 MHz
2026/09/13 13:05:24.966, NVIDIA GeForce RTX 4090, GPU-457328ff-6f8e-1f53-8cc3-68ae75d90604, 595.91.07, P2, 53, 296.03 W, 100 %, 100 %, 21532 MiB, 24564 MiB, 2640 MHz, 10251 MHz
2026/09/13 13:05:25.968, NVIDIA GeForce RTX 4090, GPU-457328ff-6f8e-1f53-8cc3-68ae75d90604, 595.91.07, P2, 53, 296.00 W, 100 %, 100 %, 21532 MiB, 24564 MiB, 2640 MHz, 10251 MHz
2026/09/13 13:05:26.970, NVIDIA GeForce RTX 4090, GPU-457328ff-6f8e-1f53-8cc3-68ae75d90604, 595.91.07, P2, 53, 296.12 W, 100 %, 100 %, 21532 MiB, 24564 MiB, 2640 MHz, 10251 MHz
2026/09/13 13:05:27.971, NVIDIA GeForce RTX 4090, GPU-457328ff-6f8e-1f53-8cc3-68ae75d90604, 595.91.07, P2, 53, 295.71 W, 100 %, 100 %, 21532 MiB, 24564 MiB, 2640 MHz, 10251 MHz
2026/09/13 13:05:28.973, NVIDIA GeForce RTX 4090, GPU-457328ff-6f8e-1f53-8cc3-68ae75d90604, 595.91.07, P2, 53, 295.46 W, 100 %, 100 %, 21532 MiB, 24564 MiB, 2640 MHz, 10251 MHz
2026/09/13 13:05:29.974, NVIDIA GeForce RTX 4090, GPU-457328ff-6f8e-1f53-8cc3-68ae75d90604, 595.91.07, P2, 53, 295.41 W, 100 %, 100 %, 21532 MiB, 24564 MiB, 2640 MHz, 10251 MHz
2026/09/13 13:05:30.976, NVIDIA GeForce RTX 4090, GPU-457328ff-6f8e-1f53-8cc3-68ae75d90604, 595.91.07, P2, 53, 288.27 W, 100 %, 100 %, 21532 MiB, 24564 MiB, 2640 MHz, 10251 MHz
2026/09/13 13:05:31.978, NVIDIA GeForce RTX 4090, GPU-457328ff-6f8e-1f53-8cc3-68ae75d90604, 595.91.07, P2, 53, 297.23 W, 100 %, 100 %, 21532 MiB, 24564 MiB, 2640 MHz, 10251 MHz
2026/09/13 13:05:32.980, NVIDIA GeForce RTX 4090, GPU-457328ff-6f8e-1f53-8cc3-68ae75d90604, 595.91.07, P2, 53, 297.53 W, 100 %, 100 %, 21532 MiB, 24564 MiB, 2640 MHz, 10251 MHz
2026/09/13 13:05:33.982, NVIDIA GeForce RTX 4090, GPU-457328ff-6f8e-1f53-8cc3-68ae75d90604, 595.91.07, P2, 53, 297.57 W, 100 %, 100 %, 21532 MiB, 24564 MiB, 2640 MHz, 10251 MHz
2026/09/13 13:05:34.984, NVIDIA GeForce RTX 4090, GPU-457328ff-6f8e-1f53-8cc3-68ae75d90604, 595.91.07, P2, 53, 297.29 W, 100 %, 100 %, 21532 MiB, 24564 MiB, 2640 MHz, 10251 MHz
2026/09/13 13:05:35.987, NVIDIA GeForce RTX 4090, GPU-457328ff-6f8e-1f53-8cc3-68ae75d90604, 595.91.07, P2, 53, 296.91 W, 100 %, 100 %, 21532 MiB, 24564 MiB, 2640 MHz, 10251 MHz
2026/09/13 13:05:36.989, NVIDIA GeForce RTX 4090, GPU-457328ff-6f8e-1f53-8cc3-68ae75d90604, 595.91.07, P2, 53, 296.97 W, 100 %, 100 %, 21532 MiB, 24564 MiB, 2640 MHz, 10251 MHz
2026/09/13 13:05:37.991, NVIDIA GeForce RTX 4090, GPU-457328ff-6f8e-1f53-8cc3-68ae75d90604, 595.91.07, P2, 53, 296.60 W, 100 %, 100 %, 21532 MiB, 24564 MiB, 2640 MHz, 10251 MHz
2026/09/13 13:05:38.993, NVIDIA GeForce RTX 4090, GPU-457328ff-6f8e-1f53-8cc3-68ae75d90604, 595.91.07, P2, 53, 296.53 W, 100 %, 100 %, 21532 MiB, 24564 MiB, 2640 MHz, 10251 MHz
2026/09/13 13:05:39.995, NVIDIA GeForce RTX 4090, GPU-457328ff-6f8e-1f53-8cc3-68ae75d90604, 595.91.07, P2, 53, 296.26 W, 100 %, 100 %, 21532 MiB, 24564 MiB, 2640 MHz, 10251 MHz
2026/09/13 13:05:40.998, NVIDIA GeForce RTX 4090, GPU-457328ff-6f8e-1f53-8cc3-68ae75d90604, 595.91.07, P2, 53, 296.59 W, 100 %, 100 %, 21532 MiB, 24564 MiB, 2640 MHz, 10251 MHz
2026/09/13 13:05:41.999, NVIDIA GeForce RTX 4090, GPU-457328ff-6f8e-1f53-8cc3-68ae75d90604, 595.91.07, P2, 53, 296.17 W, 100 %, 100 %, 21532 MiB, 24564 MiB, 2640 MHz, 10251 MHz
2026/09/13 13:05:43.001, NVIDIA GeForce RTX 4090, GPU-457328ff-6f8e-1f53-8cc3-68ae75d90604, 595.91.07, P2, 53, 295.99 W, 100 %, 100 %, 21532 MiB, 24564 MiB, 2640 MHz, 10251 MHz
2026/09/13 13:05:44.003, NVIDIA GeForce RTX 4090, GPU-457328ff-6f8e-1f53-8cc3-68ae75d90604, 595.91.07, P2, 53, 295.83 W, 100 %, 100 %, 21532 MiB, 24564 MiB, 2640 MHz, 10251 MHz
2026/09/13 13:05:45.004, NVIDIA GeForce RTX 4090, GPU-457328ff-6f8e-1f53-8cc3-68ae75d90604, 595.91.07, P2, 53, 295.64 W, 100 %, 100 %, 21532 MiB, 24564 MiB, 2640 MHz, 10251 MHz
2026/09/13 13:05:46.006, NVIDIA GeForce RTX 4090, GPU-457328ff-6f8e-1f53-8cc3-68ae75d90604, 595.91.07, P2, 53, 295.82 W, 100 %, 100 %, 21532 MiB, 24564 MiB, 2640 MHz, 10251 MHz
2026/09/13 13:05:47.009, NVIDIA GeForce RTX 4090, GPU-457328ff-6f8e-1f53-8cc3-68ae75d90604, 595.91.07, P2, 53, 295.83 W, 100 %, 100 %, 21532 MiB, 24564 MiB, 2640 MHz, 10251 MHz
2026/09/13 13:05:48.011, NVIDIA GeForce RTX 4090, GPU-457328ff-6f8e-1f53-8cc3-68ae75d90604, 595.91.07, P2, 53, 295.69 W, 100 %, 100 %, 21532 MiB, 24564 MiB, 2640 MHz, 10251 MHz
2026/09/13 13:05:49.012, NVIDIA GeForce RTX 4090, GPU-457328ff-6f8e-1f53-8cc3-68ae75d90604, 595.91.07, P2, 53, 295.29 W, 100 %, 100 %, 21532 MiB, 24564 MiB, 2640 MHz, 10251 MHz
2026/09/13 13:05:50.015, NVIDIA GeForce RTX 4090, GPU-457328ff-6f8e-1f53-8cc3-68ae75d90604, 595.91.07, P2, 53, 295.08 W, 100 %, 100 %, 21532 MiB, 24564 MiB, 2640 MHz, 10251 MHz
2026/09/13 13:05:51.017, NVIDIA GeForce RTX 4090, GPU-457328ff-6f8e-1f53-8cc3-68ae75d90604, 595.91.07, P2, 53, 295.23 W, 100 %, 100 %, 21532 MiB, 24564 MiB, 2640 MHz, 10251 MHz
2026/09/13 13:05:52.019, NVIDIA GeForce RTX 4090, GPU-457328ff-6f8e-1f53-8cc3-68ae75d90604, 595.91.07, P2, 53, 295.31 W, 100 %, 100 %, 21532 MiB, 24564 MiB, 2640 MHz, 10251 MHz
2026/09/13 13:05:53.021, NVIDIA GeForce RTX 4090, GPU-457328ff-6f8e-1f53-8cc3-68ae75d90604, 595.91.07, P2, 53, 295.58 W, 100 %, 100 %, 21532 MiB, 24564 MiB, 2640 MHz, 10251 MHz
2026/09/13 13:05:54.023, NVIDIA GeForce RTX 4090, GPU-457328ff-6f8e-1f53-8cc3-68ae75d90604, 595.91.07, P2, 53, 295.42 W, 100 %, 100 %, 21532 MiB, 24564 MiB, 2640 MHz, 10251 MHz
2026/09/13 13:05:55.026, NVIDIA GeForce RTX 4090, GPU-457328ff-6f8e-1f53-8cc3-68ae75d90604, 595.91.07, P2, 53, 295.14 W, 100 %, 100 %, 21532 MiB, 24564 MiB, 2640 MHz, 10251 MHz
2026/09/13 13:05:56.028, NVIDIA GeForce RTX 4090, GPU-457328ff-6f8e-1f53-8cc3-68ae75d90604, 595.91.07, P2, 53, 295.53 W, 100 %, 100 %, 21532 MiB, 24564 MiB, 2640 MHz, 10251 MHz
2026/09/13 13:05:57.030, NVIDIA GeForce RTX 4090, GPU-457328ff-6f8e-1f53-8cc3-68ae75d90604, 595.91.07, P2, 53, 295.43 W, 100 %, 100 %, 21532 MiB, 24564 MiB, 2640 MHz, 10251 MHz
2026/09/13 13:05:58.032, NVIDIA GeForce RTX 4090, GPU-457328ff-6f8e-1f53-8cc3-68ae75d90604, 595.91.07, P2, 53, 295.69 W, 100 %, 100 %, 21532 MiB, 24564 MiB, 2640 MHz, 10251 MHz
2026/09/13 13:05:59.033, NVIDIA GeForce RTX 4090, GPU-457328ff-6f8e-1f53-8cc3-68ae75d90604, 595.91.07, P2, 53, 296.03 W, 100 %, 100 %, 21532 MiB, 24564 MiB, 2640 MHz, 10251 MHz
2026/09/13 13:06:00.035, NVIDIA GeForce RTX 4090, GPU-457328ff-6f8e-1f53-8cc3-68ae75d90604, 595.91.07, P2, 53, 296.28 W, 100 %, 100 %, 21532 MiB, 24564 MiB, 2640 MHz, 10251 MHz
2026/09/13 13:06:01.037, NVIDIA GeForce RTX 4090, GPU-457328ff-6f8e-1f53-8cc3-68ae75d90604, 595.91.07, P2, 53, 295.66 W, 100 %, 100 %, 21532 MiB, 24564 MiB, 2640 MHz, 10251 MHz
2026/09/13 13:06:02.039, NVIDIA GeForce RTX 4090, GPU-457328ff-6f8e-1f53-8cc3-68ae75d90604, 595.91.07, P2, 53, 295.73 W, 100 %, 100 %, 21532 MiB, 24564 MiB, 2640 MHz, 10251 MHz
2026/09/13 13:06:03.042, NVIDIA GeForce RTX 4090, GPU-457328ff-6f8e-1f53-8cc3-68ae75d90604, 595.91.07, P2, 53, 295.29 W, 100 %, 100 %, 21532 MiB, 24564 MiB, 2640 MHz, 10251 MHz
2026/09/13 13:06:04.044, NVIDIA GeForce RTX 4090, GPU-457328ff-6f8e-1f53-8cc3-68ae75d90604, 595.91.07, P2, 53, 295.37 W, 100 %, 100 %, 21532 MiB, 24564 MiB, 2640 MHz, 10251 MHz
2026/09/13 13:06:05.046, NVIDIA GeForce RTX 4090, GPU-457328ff-6f8e-1f53-8cc3-68ae75d90604, 595.91.07, P2, 54, 295.56 W, 100 %, 100 %, 21532 MiB, 24564 MiB, 2640 MHz, 10251 MHz
2026/09/13 13:06:06.049, NVIDIA GeForce RTX 4090, GPU-457328ff-6f8e-1f53-8cc3-68ae75d90604, 595.91.07, P2, 54, 295.85 W, 100 %, 100 %, 21532 MiB, 24564 MiB, 2640 MHz, 10251 MHz
2026/09/13 13:06:07.052, NVIDIA GeForce RTX 4090, GPU-457328ff-6f8e-1f53-8cc3-68ae75d90604, 595.91.07, P2, 54, 281.83 W, 100 %, 100 %, 21532 MiB, 24564 MiB, 2640 MHz, 10251 MHz
2026/09/13 13:06:08.054, NVIDIA GeForce RTX 4090, GPU-457328ff-6f8e-1f53-8cc3-68ae75d90604, 595.91.07, P2, 54, 297.65 W, 100 %, 100 %, 21532 MiB, 24564 MiB, 2640 MHz, 10251 MHz
2026/09/13 13:06:09.056, NVIDIA GeForce RTX 4090, GPU-457328ff-6f8e-1f53-8cc3-68ae75d90604, 595.91.07, P2, 54, 297.76 W, 100 %, 100 %, 21532 MiB, 24564 MiB, 2640 MHz, 10251 MHz
2026/09/13 13:06:10.057, NVIDIA GeForce RTX 4090, GPU-457328ff-6f8e-1f53-8cc3-68ae75d90604, 595.91.07, P2, 54, 297.58 W, 100 %, 100 %, 21532 MiB, 24564 MiB, 2640 MHz, 10251 MHz
2026/09/13 13:06:11.059, NVIDIA GeForce RTX 4090, GPU-457328ff-6f8e-1f53-8cc3-68ae75d90604, 595.91.07, P2, 54, 297.47 W, 100 %, 100 %, 21532 MiB, 24564 MiB, 2640 MHz, 10251 MHz
2026/09/13 13:06:12.061, NVIDIA GeForce RTX 4090, GPU-457328ff-6f8e-1f53-8cc3-68ae75d90604, 595.91.07, P2, 54, 297.28 W, 100 %, 100 %, 21532 MiB, 24564 MiB, 2640 MHz, 10251 MHz
2026/09/13 13:06:13.063, NVIDIA GeForce RTX 4090, GPU-457328ff-6f8e-1f53-8cc3-68ae75d90604, 595.91.07, P2, 54, 297.00 W, 100 %, 100 %, 21532 MiB, 24564 MiB, 2640 MHz, 10251 MHz
2026/09/13 13:06:14.066, NVIDIA GeForce RTX 4090, GPU-457328ff-6f8e-1f53-8cc3-68ae75d90604, 595.91.07, P2, 54, 296.83 W, 100 %, 100 %, 21532 MiB, 24564 MiB, 2640 MHz, 10251 MHz
2026/09/13 13:06:15.067, NVIDIA GeForce RTX 4090, GPU-457328ff-6f8e-1f53-8cc3-68ae75d90604, 595.91.07, P2, 54, 296.81 W, 100 %, 100 %, 21532 MiB, 24564 MiB, 2640 MHz, 10251 MHz
2026/09/13 13:06:16.068, NVIDIA GeForce RTX 4090, GPU-457328ff-6f8e-1f53-8cc3-68ae75d90604, 595.91.07, P2, 54, 296.75 W, 100 %, 100 %, 21532 MiB, 24564 MiB, 2640 MHz, 10251 MHz
2026/09/13 13:06:17.070, NVIDIA GeForce RTX 4090, GPU-457328ff-6f8e-1f53-8cc3-68ae75d90604, 595.91.07, P2, 54, 296.95 W, 100 %, 100 %, 21532 MiB, 24564 MiB, 2640 MHz, 10251 MHz
2026/09/13 13:06:18.072, NVIDIA GeForce RTX 4090, GPU-457328ff-6f8e-1f53-8cc3-68ae75d90604, 595.91.07, P2, 54, 296.19 W, 100 %, 100 %, 21532 MiB, 24564 MiB, 2640 MHz, 10251 MHz
2026/09/13 13:06:19.075, NVIDIA GeForce RTX 4090, GPU-457328ff-6f8e-1f53-8cc3-68ae75d90604, 595.91.07, P2, 54, 296.33 W, 100 %, 100 %, 21532 MiB, 24564 MiB, 2640 MHz, 10251 MHz
2026/09/13 13:06:20.078, NVIDIA GeForce RTX 4090, GPU-457328ff-6f8e-1f53-8cc3-68ae75d90604, 595.91.07, P2, 54, 295.92 W, 100 %, 100 %, 21532 MiB, 24564 MiB, 2640 MHz, 10251 MHz
2026/09/13 13:06:21.080, NVIDIA GeForce RTX 4090, GPU-457328ff-6f8e-1f53-8cc3-68ae75d90604, 595.91.07, P2, 54, 296.03 W, 100 %, 100 %, 21532 MiB, 24564 MiB, 2640 MHz, 10251 MHz
2026/09/13 13:06:22.082, NVIDIA GeForce RTX 4090, GPU-457328ff-6f8e-1f53-8cc3-68ae75d90604, 595.91.07, P2, 54, 295.97 W, 100 %, 100 %, 21532 MiB, 24564 MiB, 2640 MHz, 10251 MHz
2026/09/13 13:06:23.085, NVIDIA GeForce RTX 4090, GPU-457328ff-6f8e-1f53-8cc3-68ae75d90604, 595.91.07, P2, 54, 295.70 W, 100 %, 100 %, 21532 MiB, 24564 MiB, 2640 MHz, 10251 MHz
2026/09/13 13:06:24.087, NVIDIA GeForce RTX 4090, GPU-457328ff-6f8e-1f53-8cc3-68ae75d90604, 595.91.07, P2, 54, 295.63 W, 100 %, 100 %, 21532 MiB, 24564 MiB, 2640 MHz, 10251 MHz
2026/09/13 13:06:25.090, NVIDIA GeForce RTX 4090, GPU-457328ff-6f8e-1f53-8cc3-68ae75d90604, 595.91.07, P2, 54, 296.19 W, 100 %, 100 %, 21532 MiB, 24564 MiB, 2640 MHz, 10251 MHz
2026/09/13 13:06:26.093, NVIDIA GeForce RTX 4090, GPU-457328ff-6f8e-1f53-8cc3-68ae75d90604, 595.91.07, P2, 54, 296.20 W, 100 %, 100 %, 21532 MiB, 24564 MiB, 2640 MHz, 10251 MHz
2026/09/13 13:06:27.096, NVIDIA GeForce RTX 4090, GPU-457328ff-6f8e-1f53-8cc3-68ae75d90604, 595.91.07, P2, 54, 296.48 W, 100 %, 100 %, 21532 MiB, 24564 MiB, 2640 MHz, 10251 MHz
2026/09/13 13:06:28.099, NVIDIA GeForce RTX 4090, GPU-457328ff-6f8e-1f53-8cc3-68ae75d90604, 595.91.07, P2, 54, 296.41 W, 100 %, 100 %, 21532 MiB, 24564 MiB, 2640 MHz, 10251 MHz
2026/09/13 13:06:29.100, NVIDIA GeForce RTX 4090, GPU-457328ff-6f8e-1f53-8cc3-68ae75d90604, 595.91.07, P2, 54, 296.24 W, 100 %, 100 %, 21532 MiB, 24564 MiB, 2640 MHz, 10251 MHz
2026/09/13 13:06:30.103, NVIDIA GeForce RTX 4090, GPU-457328ff-6f8e-1f53-8cc3-68ae75d90604, 595.91.07, P2, 54, 296.37 W, 100 %, 100 %, 21532 MiB, 24564 MiB, 2640 MHz, 10251 MHz
2026/09/13 13:06:31.106, NVIDIA GeForce RTX 4090, GPU-457328ff-6f8e-1f53-8cc3-68ae75d90604, 595.91.07, P2, 54, 296.49 W, 100 %, 100 %, 21532 MiB, 24564 MiB, 2640 MHz, 10251 MHz
2026/09/13 13:06:32.108, NVIDIA GeForce RTX 4090, GPU-457328ff-6f8e-1f53-8cc3-68ae75d90604, 595.91.07, P2, 54, 296.21 W, 100 %, 100 %, 21532 MiB, 24564 MiB, 2640 MHz, 10251 MHz
2026/09/13 13:06:33.111, NVIDIA GeForce RTX 4090, GPU-457328ff-6f8e-1f53-8cc3-68ae75d90604, 595.91.07, P2, 54, 296.21 W, 100 %, 100 %, 21532 MiB, 24564 MiB, 2640 MHz, 10251 MHz
2026/09/13 13:06:34.114, NVIDIA GeForce RTX 4090, GPU-457328ff-6f8e-1f53-8cc3-68ae75d90604, 595.91.07, P2, 54, 296.34 W, 100 %, 100 %, 21532 MiB, 24564 MiB, 2640 MHz, 10251 MHz
2026/09/13 13:06:35.118, NVIDIA GeForce RTX 4090, GPU-457328ff-6f8e-1f53-8cc3-68ae75d90604, 595.91.07, P2, 54, 296.15 W, 100 %, 100 %, 21532 MiB, 24564 MiB, 2640 MHz, 10251 MHz
2026/09/13 13:06:36.120, NVIDIA GeForce RTX 4090, GPU-457328ff-6f8e-1f53-8cc3-68ae75d90604, 595.91.07, P2, 54, 296.52 W, 100 %, 100 %, 21532 MiB, 24564 MiB, 2640 MHz, 10251 MHz
2026/09/13 13:06:37.123, NVIDIA GeForce RTX 4090, GPU-457328ff-6f8e-1f53-8cc3-68ae75d90604, 595.91.07, P2, 54, 296.49 W, 100 %, 100 %, 21532 MiB, 24564 MiB, 2640 MHz, 10251 MHz
2026/09/13 13:06:38.126, NVIDIA GeForce RTX 4090, GPU-457328ff-6f8e-1f53-8cc3-68ae75d90604, 595.91.07, P2, 54, 296.31 W, 100 %, 100 %, 21532 MiB, 24564 MiB, 2640 MHz, 10251 MHz
2026/09/13 13:06:39.130, NVIDIA GeForce RTX 4090, GPU-457328ff-6f8e-1f53-8cc3-68ae75d90604, 595.91.07, P2, 54, 296.62 W, 100 %, 100 %, 21532 MiB, 24564 MiB, 2640 MHz, 10251 MHz
2026/09/13 13:06:40.132, NVIDIA GeForce RTX 4090, GPU-457328ff-6f8e-1f53-8cc3-68ae75d90604, 595.91.07, P2, 54, 296.45 W, 100 %, 100 %, 21532 MiB, 24564 MiB, 2640 MHz, 10251 MHz
2026/09/13 13:06:41.135, NVIDIA GeForce RTX 4090, GPU-457328ff-6f8e-1f53-8cc3-68ae75d90604, 595.91.07, P2, 54, 296.33 W, 100 %, 100 %, 21532 MiB, 24564 MiB, 2640 MHz, 10251 MHz
2026/09/13 13:06:42.139, NVIDIA GeForce RTX 4090, GPU-457328ff-6f8e-1f53-8cc3-68ae75d90604, 595.91.07, P2, 54, 296.37 W, 100 %, 100 %, 21532 MiB, 24564 MiB, 2640 MHz, 10251 MHz
2026/09/13 13:06:43.141, NVIDIA GeForce RTX 4090, GPU-457328ff-6f8e-1f53-8cc3-68ae75d90604, 595.91.07, P2, 54, 295.81 W, 100 %, 100 %, 21532 MiB, 24564 MiB, 2640 MHz, 10251 MHz
2026/09/13 13:06:44.144, NVIDIA GeForce RTX 4090, GPU-457328ff-6f8e-1f53-8cc3-68ae75d90604, 595.91.07, P2, 54, 295.93 W, 100 %, 100 %, 21532 MiB, 24564 MiB, 2640 MHz, 10251 MHz
2026/09/13 13:06:45.146, NVIDIA GeForce RTX 4090, GPU-457328ff-6f8e-1f53-8cc3-68ae75d90604, 595.91.07, P2, 54, 295.59 W, 100 %, 100 %, 21532 MiB, 24564 MiB, 2640 MHz, 10251 MHz
2026/09/13 13:06:46.149, NVIDIA GeForce RTX 4090, GPU-457328ff-6f8e-1f53-8cc3-68ae75d90604, 595.91.07, P2, 54, 296.14 W, 100 %, 100 %, 21532 MiB, 24564 MiB, 2640 MHz, 10251 MHz
2026/09/13 13:06:47.152, NVIDIA GeForce RTX 4090, GPU-457328ff-6f8e-1f53-8cc3-68ae75d90604, 595.91.07, P2, 54, 283.78 W, 100 %, 100 %, 21532 MiB, 24564 MiB, 2640 MHz, 10251 MHz
2026/09/13 13:06:48.155, NVIDIA GeForce RTX 4090, GPU-457328ff-6f8e-1f53-8cc3-68ae75d90604, 595.91.07, P2, 54, 297.88 W, 100 %, 100 %, 21532 MiB, 24564 MiB, 2640 MHz, 10251 MHz
2026/09/13 13:06:49.157, NVIDIA GeForce RTX 4090, GPU-457328ff-6f8e-1f53-8cc3-68ae75d90604, 595.91.07, P2, 54, 297.89 W, 100 %, 100 %, 21532 MiB, 24564 MiB, 2640 MHz, 10251 MHz
2026/09/13 13:06:50.160, NVIDIA GeForce RTX 4090, GPU-457328ff-6f8e-1f53-8cc3-68ae75d90604, 595.91.07, P2, 54, 297.58 W, 100 %, 100 %, 21532 MiB, 24564 MiB, 2640 MHz, 10251 MHz
2026/09/13 13:06:51.162, NVIDIA GeForce RTX 4090, GPU-457328ff-6f8e-1f53-8cc3-68ae75d90604, 595.91.07, P2, 54, 297.39 W, 100 %, 100 %, 21532 MiB, 24564 MiB, 2640 MHz, 10251 MHz
2026/09/13 13:06:52.165, NVIDIA GeForce RTX 4090, GPU-457328ff-6f8e-1f53-8cc3-68ae75d90604, 595.91.07, P2, 54, 297.18 W, 100 %, 100 %, 21532 MiB, 24564 MiB, 2640 MHz, 10251 MHz
2026/09/13 13:06:53.166, NVIDIA GeForce RTX 4090, GPU-457328ff-6f8e-1f53-8cc3-68ae75d90604, 595.91.07, P2, 54, 297.10 W, 100 %, 100 %, 21532 MiB, 24564 MiB, 2640 MHz, 10251 MHz
2026/09/13 13:06:54.168, NVIDIA GeForce RTX 4090, GPU-457328ff-6f8e-1f53-8cc3-68ae75d90604, 595.91.07, P2, 54, 296.67 W, 100 %, 100 %, 21532 MiB, 24564 MiB, 2640 MHz, 10251 MHz
2026/09/13 13:06:55.171, NVIDIA GeForce RTX 4090, GPU-457328ff-6f8e-1f53-8cc3-68ae75d90604, 595.91.07, P2, 54, 296.73 W, 100 %, 100 %, 21532 MiB, 24564 MiB, 2640 MHz, 10251 MHz
2026/09/13 13:06:56.173, NVIDIA GeForce RTX 4090, GPU-457328ff-6f8e-1f53-8cc3-68ae75d90604, 595.91.07, P2, 54, 296.52 W, 100 %, 100 %, 21532 MiB, 24564 MiB, 2640 MHz, 10251 MHz
2026/09/13 13:06:57.176, NVIDIA GeForce RTX 4090, GPU-457328ff-6f8e-1f53-8cc3-68ae75d90604, 595.91.07, P2, 54, 296.08 W, 100 %, 100 %, 21532 MiB, 24564 MiB, 2640 MHz, 10251 MHz
2026/09/13 13:06:58.179, NVIDIA GeForce RTX 4090, GPU-457328ff-6f8e-1f53-8cc3-68ae75d90604, 595.91.07, P2, 54, 288.77 W, 100 %, 100 %, 21532 MiB, 24564 MiB, 2640 MHz, 10251 MHz
2026/09/13 13:06:59.181, NVIDIA GeForce RTX 4090, GPU-457328ff-6f8e-1f53-8cc3-68ae75d90604, 595.91.07, P2, 54, 297.45 W, 100 %, 100 %, 21532 MiB, 24564 MiB, 2640 MHz, 10251 MHz
2026/09/13 13:07:00.183, NVIDIA GeForce RTX 4090, GPU-457328ff-6f8e-1f53-8cc3-68ae75d90604, 595.91.07, P2, 54, 297.65 W, 100 %, 100 %, 21532 MiB, 24564 MiB, 2640 MHz, 10251 MHz
2026/09/13 13:07:01.186, NVIDIA GeForce RTX 4090, GPU-457328ff-6f8e-1f53-8cc3-68ae75d90604, 595.91.07, P2, 54, 297.51 W, 100 %, 100 %, 21532 MiB, 24564 MiB, 2640 MHz, 10251 MHz
2026/09/13 13:07:02.188, NVIDIA GeForce RTX 4090, GPU-457328ff-6f8e-1f53-8cc3-68ae75d90604, 595.91.07, P2, 54, 297.38 W, 100 %, 100 %, 21532 MiB, 24564 MiB, 2640 MHz, 10251 MHz
2026/09/13 13:07:03.190, NVIDIA GeForce RTX 4090, GPU-457328ff-6f8e-1f53-8cc3-68ae75d90604, 595.91.07, P2, 54, 297.48 W, 100 %, 100 %, 21532 MiB, 24564 MiB, 2640 MHz, 10251 MHz
2026/09/13 13:07:04.191, NVIDIA GeForce RTX 4090, GPU-457328ff-6f8e-1f53-8cc3-68ae75d90604, 595.91.07, P2, 54, 297.49 W, 100 %, 100 %, 21532 MiB, 24564 MiB, 2640 MHz, 10251 MHz
2026/09/13 13:07:05.192, NVIDIA GeForce RTX 4090, GPU-457328ff-6f8e-1f53-8cc3-68ae75d90604, 595.91.07, P2, 54, 297.33 W, 100 %, 100 %, 21532 MiB, 24564 MiB, 2640 MHz, 10251 MHz
2026/09/13 13:07:06.194, NVIDIA GeForce RTX 4090, GPU-457328ff-6f8e-1f53-8cc3-68ae75d90604, 595.91.07, P2, 54, 296.98 W, 100 %, 100 %, 21532 MiB, 24564 MiB, 2640 MHz, 10251 MHz
2026/09/13 13:07:07.197, NVIDIA GeForce RTX 4090, GPU-457328ff-6f8e-1f53-8cc3-68ae75d90604, 595.91.07, P2, 54, 296.55 W, 100 %, 100 %, 21532 MiB, 24564 MiB, 2640 MHz, 10251 MHz
2026/09/13 13:07:08.199, NVIDIA GeForce RTX 4090, GPU-457328ff-6f8e-1f53-8cc3-68ae75d90604, 595.91.07, P2, 54, 296.39 W, 100 %, 100 %, 21532 MiB, 24564 MiB, 2640 MHz, 10251 MHz
2026/09/13 13:07:09.202, NVIDIA GeForce RTX 4090, GPU-457328ff-6f8e-1f53-8cc3-68ae75d90604, 595.91.07, P2, 54, 296.07 W, 100 %, 100 %, 21532 MiB, 24564 MiB, 2640 MHz, 10251 MHz
2026/09/13 13:07:10.203, NVIDIA GeForce RTX 4090, GPU-457328ff-6f8e-1f53-8cc3-68ae75d90604, 595.91.07, P2, 54, 296.23 W, 100 %, 100 %, 21532 MiB, 24564 MiB, 2640 MHz, 10251 MHz
2026/09/13 13:07:11.204, NVIDIA GeForce RTX 4090, GPU-457328ff-6f8e-1f53-8cc3-68ae75d90604, 595.91.07, P2, 54, 295.75 W, 100 %, 100 %, 21532 MiB, 24564 MiB, 2640 MHz, 10251 MHz
2026/09/13 13:07:12.205, NVIDIA GeForce RTX 4090, GPU-457328ff-6f8e-1f53-8cc3-68ae75d90604, 595.91.07, P2, 54, 293.65 W, 100 %, 100 %, 21532 MiB, 24564 MiB, 2640 MHz, 10251 MHz
2026/09/13 13:07:13.207, NVIDIA GeForce RTX 4090, GPU-457328ff-6f8e-1f53-8cc3-68ae75d90604, 595.91.07, P2, 54, 297.83 W, 100 %, 100 %, 21532 MiB, 24564 MiB, 2640 MHz, 10251 MHz
2026/09/13 13:07:14.208, NVIDIA GeForce RTX 4090, GPU-457328ff-6f8e-1f53-8cc3-68ae75d90604, 595.91.07, P2, 54, 297.55 W, 100 %, 100 %, 21532 MiB, 24564 MiB, 2640 MHz, 10251 MHz
2026/09/13 13:07:15.209, NVIDIA GeForce RTX 4090, GPU-457328ff-6f8e-1f53-8cc3-68ae75d90604, 595.91.07, P2, 54, 297.66 W, 100 %, 100 %, 21532 MiB, 24564 MiB, 2640 MHz, 10251 MHz
2026/09/13 13:07:16.211, NVIDIA GeForce RTX 4090, GPU-457328ff-6f8e-1f53-8cc3-68ae75d90604, 595.91.07, P2, 54, 297.71 W, 100 %, 100 %, 21532 MiB, 24564 MiB, 2640 MHz, 10251 MHz
2026/09/13 13:07:17.212, NVIDIA GeForce RTX 4090, GPU-457328ff-6f8e-1f53-8cc3-68ae75d90604, 595.91.07, P2, 53, 297.73 W, 100 %, 100 %, 21532 MiB, 24564 MiB, 2640 MHz, 10251 MHz
2026/09/13 13:07:18.213, NVIDIA GeForce RTX 4090, GPU-457328ff-6f8e-1f53-8cc3-68ae75d90604, 595.91.07, P2, 53, 297.31 W, 100 %, 100 %, 21532 MiB, 24564 MiB, 2640 MHz, 10251 MHz
2026/09/13 13:07:19.215, NVIDIA GeForce RTX 4090, GPU-457328ff-6f8e-1f53-8cc3-68ae75d90604, 595.91.07, P2, 53, 296.74 W, 100 %, 100 %, 21532 MiB, 24564 MiB, 2640 MHz, 10251 MHz
2026/09/13 13:07:20.216, NVIDIA GeForce RTX 4090, GPU-457328ff-6f8e-1f53-8cc3-68ae75d90604, 595.91.07, P2, 53, 296.51 W, 100 %, 100 %, 21532 MiB, 24564 MiB, 2640 MHz, 10251 MHz
2026/09/13 13:07:21.217, NVIDIA GeForce RTX 4090, GPU-457328ff-6f8e-1f53-8cc3-68ae75d90604, 595.91.07, P2, 53, 296.11 W, 100 %, 100 %, 21532 MiB, 24564 MiB, 2640 MHz, 10251 MHz
2026/09/13 13:07:22.219, NVIDIA GeForce RTX 4090, GPU-457328ff-6f8e-1f53-8cc3-68ae75d90604, 595.91.07, P2, 53, 293.21 W, 77 %, 76 %, 21532 MiB, 24564 MiB, 2640 MHz, 10251 MHz
2026/09/13 13:07:23.220, NVIDIA GeForce RTX 4090, GPU-457328ff-6f8e-1f53-8cc3-68ae75d90604, 595.91.07, P2, 53, 294.54 W, 100 %, 100 %, 21532 MiB, 24564 MiB, 2640 MHz, 10251 MHz
2026/09/13 13:07:24.222, NVIDIA GeForce RTX 4090, GPU-457328ff-6f8e-1f53-8cc3-68ae75d90604, 595.91.07, P2, 53, 296.98 W, 100 %, 100 %, 21532 MiB, 24564 MiB, 2640 MHz, 10251 MHz
2026/09/13 13:07:25.223, NVIDIA GeForce RTX 4090, GPU-457328ff-6f8e-1f53-8cc3-68ae75d90604, 595.91.07, P2, 53, 296.87 W, 100 %, 100 %, 21532 MiB, 24564 MiB, 2640 MHz, 10251 MHz
2026/09/13 13:07:26.226, NVIDIA GeForce RTX 4090, GPU-457328ff-6f8e-1f53-8cc3-68ae75d90604, 595.91.07, P2, 53, 296.79 W, 100 %, 100 %, 21532 MiB, 24564 MiB, 2640 MHz, 10251 MHz
2026/09/13 13:07:27.227, NVIDIA GeForce RTX 4090, GPU-457328ff-6f8e-1f53-8cc3-68ae75d90604, 595.91.07, P2, 53, 296.95 W, 100 %, 100 %, 21532 MiB, 24564 MiB, 2640 MHz, 10251 MHz
2026/09/13 13:07:28.229, NVIDIA GeForce RTX 4090, GPU-457328ff-6f8e-1f53-8cc3-68ae75d90604, 595.91.07, P2, 53, 296.54 W, 100 %, 100 %, 21532 MiB, 24564 MiB, 2640 MHz, 10251 MHz
2026/09/13 13:07:29.231, NVIDIA GeForce RTX 4090, GPU-457328ff-6f8e-1f53-8cc3-68ae75d90604, 595.91.07, P2, 53, 296.35 W, 100 %, 100 %, 21532 MiB, 24564 MiB, 2640 MHz, 10251 MHz
2026/09/13 13:07:30.233, NVIDIA GeForce RTX 4090, GPU-457328ff-6f8e-1f53-8cc3-68ae75d90604, 595.91.07, P2, 53, 296.43 W, 100 %, 100 %, 21532 MiB, 24564 MiB, 2640 MHz, 10251 MHz
2026/09/13 13:07:31.234, NVIDIA GeForce RTX 4090, GPU-457328ff-6f8e-1f53-8cc3-68ae75d90604, 595.91.07, P2, 53, 296.37 W, 100 %, 100 %, 21532 MiB, 24564 MiB, 2640 MHz, 10251 MHz
2026/09/13 13:07:32.237, NVIDIA GeForce RTX 4090, GPU-457328ff-6f8e-1f53-8cc3-68ae75d90604, 595.91.07, P2, 53, 296.09 W, 100 %, 100 %, 21532 MiB, 24564 MiB, 2640 MHz, 10251 MHz
2026/09/13 13:07:33.240, NVIDIA GeForce RTX 4090, GPU-457328ff-6f8e-1f53-8cc3-68ae75d90604, 595.91.07, P2, 53, 295.96 W, 100 %, 100 %, 21532 MiB, 24564 MiB, 2640 MHz, 10251 MHz
2026/09/13 13:07:34.242, NVIDIA GeForce RTX 4090, GPU-457328ff-6f8e-1f53-8cc3-68ae75d90604, 595.91.07, P2, 53, 296.08 W, 100 %, 100 %, 21532 MiB, 24564 MiB, 2640 MHz, 10251 MHz
2026/09/13 13:07:35.245, NVIDIA GeForce RTX 4090, GPU-457328ff-6f8e-1f53-8cc3-68ae75d90604, 595.91.07, P2, 53, 295.96 W, 100 %, 100 %, 21532 MiB, 24564 MiB, 2640 MHz, 10251 MHz
2026/09/13 13:07:36.248, NVIDIA GeForce RTX 4090, GPU-457328ff-6f8e-1f53-8cc3-68ae75d90604, 595.91.07, P2, 53, 295.78 W, 100 %, 100 %, 21532 MiB, 24564 MiB, 2640 MHz, 10251 MHz
2026/09/13 13:07:37.250, NVIDIA GeForce RTX 4090, GPU-457328ff-6f8e-1f53-8cc3-68ae75d90604, 595.91.07, P2, 53, 288.35 W, 100 %, 100 %, 21532 MiB, 24564 MiB, 2640 MHz, 10251 MHz
2026/09/13 13:07:38.251, NVIDIA GeForce RTX 4090, GPU-457328ff-6f8e-1f53-8cc3-68ae75d90604, 595.91.07, P2, 53, 298.11 W, 100 %, 100 %, 21532 MiB, 24564 MiB, 2640 MHz, 10251 MHz
2026/09/13 13:07:39.254, NVIDIA GeForce RTX 4090, GPU-457328ff-6f8e-1f53-8cc3-68ae75d90604, 595.91.07, P2, 53, 297.66 W, 100 %, 100 %, 21532 MiB, 24564 MiB, 2640 MHz, 10251 MHz
2026/09/13 13:07:40.256, NVIDIA GeForce RTX 4090, GPU-457328ff-6f8e-1f53-8cc3-68ae75d90604, 595.91.07, P2, 53, 297.11 W, 100 %, 100 %, 21532 MiB, 24564 MiB, 2640 MHz, 10251 MHz
2026/09/13 13:07:41.259, NVIDIA GeForce RTX 4090, GPU-457328ff-6f8e-1f53-8cc3-68ae75d90604, 595.91.07, P2, 53, 296.80 W, 100 %, 100 %, 21532 MiB, 24564 MiB, 2640 MHz, 10251 MHz
2026/09/13 13:07:42.261, NVIDIA GeForce RTX 4090, GPU-457328ff-6f8e-1f53-8cc3-68ae75d90604, 595.91.07, P2, 53, 296.35 W, 100 %, 100 %, 21532 MiB, 24564 MiB, 2640 MHz, 10251 MHz
2026/09/13 13:07:43.264, NVIDIA GeForce RTX 4090, GPU-457328ff-6f8e-1f53-8cc3-68ae75d90604, 595.91.07, P2, 53, 296.62 W, 100 %, 100 %, 21532 MiB, 24564 MiB, 2640 MHz, 10251 MHz
2026/09/13 13:07:44.266, NVIDIA GeForce RTX 4090, GPU-457328ff-6f8e-1f53-8cc3-68ae75d90604, 595.91.07, P2, 53, 296.36 W, 100 %, 100 %, 21532 MiB, 24564 MiB, 2640 MHz, 10251 MHz
2026/09/13 13:07:45.269, NVIDIA GeForce RTX 4090, GPU-457328ff-6f8e-1f53-8cc3-68ae75d90604, 595.91.07, P2, 53, 296.35 W, 100 %, 100 %, 21532 MiB, 24564 MiB, 2640 MHz, 10251 MHz
2026/09/13 13:07:46.272, NVIDIA GeForce RTX 4090, GPU-457328ff-6f8e-1f53-8cc3-68ae75d90604, 595.91.07, P2, 53, 296.24 W, 100 %, 100 %, 21532 MiB, 24564 MiB, 2640 MHz, 10251 MHz
2026/09/13 13:07:47.274, NVIDIA GeForce RTX 4090, GPU-457328ff-6f8e-1f53-8cc3-68ae75d90604, 595.91.07, P2, 53, 296.17 W, 100 %, 100 %, 21532 MiB, 24564 MiB, 2640 MHz, 10251 MHz
2026/09/13 13:07:48.277, NVIDIA GeForce RTX 4090, GPU-457328ff-6f8e-1f53-8cc3-68ae75d90604, 595.91.07, P2, 53, 295.90 W, 100 %, 100 %, 21532 MiB, 24564 MiB, 2640 MHz, 10251 MHz
2026/09/13 13:07:49.279, NVIDIA GeForce RTX 4090, GPU-457328ff-6f8e-1f53-8cc3-68ae75d90604, 595.91.07, P2, 54, 295.87 W, 100 %, 100 %, 21532 MiB, 24564 MiB, 2640 MHz, 10251 MHz
2026/09/13 13:07:50.281, NVIDIA GeForce RTX 4090, GPU-457328ff-6f8e-1f53-8cc3-68ae75d90604, 595.91.07, P2, 53, 296.16 W, 100 %, 100 %, 21532 MiB, 24564 MiB, 2640 MHz, 10251 MHz
2026/09/13 13:07:51.283, NVIDIA GeForce RTX 4090, GPU-457328ff-6f8e-1f53-8cc3-68ae75d90604, 595.91.07, P2, 54, 295.96 W, 100 %, 100 %, 21532 MiB, 24564 MiB, 2640 MHz, 10251 MHz
2026/09/13 13:07:52.286, NVIDIA GeForce RTX 4090, GPU-457328ff-6f8e-1f53-8cc3-68ae75d90604, 595.91.07, P2, 54, 295.93 W, 100 %, 100 %, 21532 MiB, 24564 MiB, 2640 MHz, 10251 MHz
2026/09/13 13:07:53.288, NVIDIA GeForce RTX 4090, GPU-457328ff-6f8e-1f53-8cc3-68ae75d90604, 595.91.07, P2, 54, 296.25 W, 100 %, 100 %, 21532 MiB, 24564 MiB, 2640 MHz, 10251 MHz
2026/09/13 13:07:54.290, NVIDIA GeForce RTX 4090, GPU-457328ff-6f8e-1f53-8cc3-68ae75d90604, 595.91.07, P2, 54, 295.96 W, 100 %, 100 %, 21532 MiB, 24564 MiB, 2640 MHz, 10251 MHz
2026/09/13 13:07:55.292, NVIDIA GeForce RTX 4090, GPU-457328ff-6f8e-1f53-8cc3-68ae75d90604, 595.91.07, P2, 54, 295.64 W, 100 %, 100 %, 21532 MiB, 24564 MiB, 2640 MHz, 10251 MHz
2026/09/13 13:07:56.295, NVIDIA GeForce RTX 4090, GPU-457328ff-6f8e-1f53-8cc3-68ae75d90604, 595.91.07, P2, 54, 295.71 W, 100 %, 100 %, 21532 MiB, 24564 MiB, 2640 MHz, 10251 MHz
2026/09/13 13:07:57.297, NVIDIA GeForce RTX 4090, GPU-457328ff-6f8e-1f53-8cc3-68ae75d90604, 595.91.07, P2, 54, 296.00 W, 100 %, 100 %, 21532 MiB, 24564 MiB, 2640 MHz, 10251 MHz
2026/09/13 13:07:58.300, NVIDIA GeForce RTX 4090, GPU-457328ff-6f8e-1f53-8cc3-68ae75d90604, 595.91.07, P2, 54, 285.35 W, 100 %, 100 %, 21532 MiB, 24564 MiB, 2640 MHz, 10251 MHz
2026/09/13 13:07:59.303, NVIDIA GeForce RTX 4090, GPU-457328ff-6f8e-1f53-8cc3-68ae75d90604, 595.91.07, P2, 54, 297.60 W, 100 %, 100 %, 21532 MiB, 24564 MiB, 2640 MHz, 10251 MHz
2026/09/13 13:08:00.306, NVIDIA GeForce RTX 4090, GPU-457328ff-6f8e-1f53-8cc3-68ae75d90604, 595.91.07, P2, 54, 297.37 W, 100 %, 100 %, 21532 MiB, 24564 MiB, 2640 MHz, 10251 MHz
2026/09/13 13:08:01.309, NVIDIA GeForce RTX 4090, GPU-457328ff-6f8e-1f53-8cc3-68ae75d90604, 595.91.07, P2, 54, 297.09 W, 100 %, 100 %, 21532 MiB, 24564 MiB, 2640 MHz, 10251 MHz
2026/09/13 13:08:02.310, NVIDIA GeForce RTX 4090, GPU-457328ff-6f8e-1f53-8cc3-68ae75d90604, 595.91.07, P2, 54, 296.95 W, 100 %, 100 %, 21532 MiB, 24564 MiB, 2640 MHz, 10251 MHz
2026/09/13 13:08:03.312, NVIDIA GeForce RTX 4090, GPU-457328ff-6f8e-1f53-8cc3-68ae75d90604, 595.91.07, P2, 54, 296.90 W, 100 %, 100 %, 21532 MiB, 24564 MiB, 2640 MHz, 10251 MHz
2026/09/13 13:08:04.314, NVIDIA GeForce RTX 4090, GPU-457328ff-6f8e-1f53-8cc3-68ae75d90604, 595.91.07, P2, 54, 296.68 W, 100 %, 100 %, 21532 MiB, 24564 MiB, 2640 MHz, 10251 MHz
2026/09/13 13:08:05.316, NVIDIA GeForce RTX 4090, GPU-457328ff-6f8e-1f53-8cc3-68ae75d90604, 595.91.07, P2, 54, 296.14 W, 100 %, 100 %, 21532 MiB, 24564 MiB, 2640 MHz, 10251 MHz
2026/09/13 13:08:06.318, NVIDIA GeForce RTX 4090, GPU-457328ff-6f8e-1f53-8cc3-68ae75d90604, 595.91.07, P2, 54, 295.95 W, 100 %, 100 %, 21532 MiB, 24564 MiB, 2640 MHz, 10251 MHz
2026/09/13 13:08:07.319, NVIDIA GeForce RTX 4090, GPU-457328ff-6f8e-1f53-8cc3-68ae75d90604, 595.91.07, P2, 54, 295.66 W, 100 %, 100 %, 21532 MiB, 24564 MiB, 2640 MHz, 10251 MHz
2026/09/13 13:08:08.320, NVIDIA GeForce RTX 4090, GPU-457328ff-6f8e-1f53-8cc3-68ae75d90604, 595.91.07, P2, 54, 295.55 W, 100 %, 100 %, 21532 MiB, 24564 MiB, 2640 MHz, 10251 MHz
2026/09/13 13:08:09.322, NVIDIA GeForce RTX 4090, GPU-457328ff-6f8e-1f53-8cc3-68ae75d90604, 595.91.07, P2, 54, 287.91 W, 82 %, 83 %, 21532 MiB, 24564 MiB, 2640 MHz, 10251 MHz
2026/09/13 13:08:10.324, NVIDIA GeForce RTX 4090, GPU-457328ff-6f8e-1f53-8cc3-68ae75d90604, 595.91.07, P2, 54, 295.21 W, 100 %, 100 %, 21532 MiB, 24564 MiB, 2640 MHz, 10251 MHz
2026/09/13 13:08:11.326, NVIDIA GeForce RTX 4090, GPU-457328ff-6f8e-1f53-8cc3-68ae75d90604, 595.91.07, P2, 54, 297.31 W, 100 %, 100 %, 21532 MiB, 24564 MiB, 2640 MHz, 10251 MHz
2026/09/13 13:08:12.328, NVIDIA GeForce RTX 4090, GPU-457328ff-6f8e-1f53-8cc3-68ae75d90604, 595.91.07, P2, 54, 297.40 W, 100 %, 100 %, 21532 MiB, 24564 MiB, 2640 MHz, 10251 MHz
2026/09/13 13:08:13.329, NVIDIA GeForce RTX 4090, GPU-457328ff-6f8e-1f53-8cc3-68ae75d90604, 595.91.07, P2, 54, 297.20 W, 100 %, 100 %, 21532 MiB, 24564 MiB, 2640 MHz, 10251 MHz
2026/09/13 13:08:14.331, NVIDIA GeForce RTX 4090, GPU-457328ff-6f8e-1f53-8cc3-68ae75d90604, 595.91.07, P2, 54, 296.73 W, 100 %, 100 %, 21532 MiB, 24564 MiB, 2640 MHz, 10251 MHz
2026/09/13 13:08:15.333, NVIDIA GeForce RTX 4090, GPU-457328ff-6f8e-1f53-8cc3-68ae75d90604, 595.91.07, P2, 54, 296.54 W, 100 %, 100 %, 21532 MiB, 24564 MiB, 2640 MHz, 10251 MHz
2026/09/13 13:08:16.335, NVIDIA GeForce RTX 4090, GPU-457328ff-6f8e-1f53-8cc3-68ae75d90604, 595.91.07, P2, 54, 296.13 W, 100 %, 100 %, 21532 MiB, 24564 MiB, 2640 MHz, 10251 MHz
2026/09/13 13:08:17.337, NVIDIA GeForce RTX 4090, GPU-457328ff-6f8e-1f53-8cc3-68ae75d90604, 595.91.07, P2, 54, 296.23 W, 100 %, 100 %, 21532 MiB, 24564 MiB, 2640 MHz, 10251 MHz
2026/09/13 13:08:18.339, NVIDIA GeForce RTX 4090, GPU-457328ff-6f8e-1f53-8cc3-68ae75d90604, 595.91.07, P2, 54, 296.37 W, 100 %, 100 %, 21532 MiB, 24564 MiB, 2640 MHz, 10251 MHz
2026/09/13 13:08:19.341, NVIDIA GeForce RTX 4090, GPU-457328ff-6f8e-1f53-8cc3-68ae75d90604, 595.91.07, P2, 54, 295.93 W, 100 %, 100 %, 21532 MiB, 24564 MiB, 2640 MHz, 10251 MHz
2026/09/13 13:08:20.344, NVIDIA GeForce RTX 4090, GPU-457328ff-6f8e-1f53-8cc3-68ae75d90604, 595.91.07, P2, 54, 295.79 W, 100 %, 100 %, 21532 MiB, 24564 MiB, 2640 MHz, 10251 MHz
2026/09/13 13:08:21.346, NVIDIA GeForce RTX 4090, GPU-457328ff-6f8e-1f53-8cc3-68ae75d90604, 595.91.07, P2, 54, 295.92 W, 100 %, 100 %, 21532 MiB, 24564 MiB, 2640 MHz, 10251 MHz
2026/09/13 13:08:22.354, NVIDIA GeForce RTX 4090, GPU-457328ff-6f8e-1f53-8cc3-68ae75d90604, 595.91.07, P2, 54, 295.95 W, 100 %, 100 %, 21532 MiB, 24564 MiB, 2640 MHz, 10251 MHz
2026/09/13 13:08:23.357, NVIDIA GeForce RTX 4090, GPU-457328ff-6f8e-1f53-8cc3-68ae75d90604, 595.91.07, P2, 54, 295.60 W, 100 %, 100 %, 21532 MiB, 24564 MiB, 2640 MHz, 10251 MHz
2026/09/13 13:08:24.361, NVIDIA GeForce RTX 4090, GPU-457328ff-6f8e-1f53-8cc3-68ae75d90604, 595.91.07, P2, 54, 296.05 W, 100 %, 100 %, 21532 MiB, 24564 MiB, 2640 MHz, 10251 MHz
2026/09/13 13:08:25.363, NVIDIA GeForce RTX 4090, GPU-457328ff-6f8e-1f53-8cc3-68ae75d90604, 595.91.07, P2, 54, 295.84 W, 100 %, 100 %, 21532 MiB, 24564 MiB, 2640 MHz, 10251 MHz
2026/09/13 13:08:26.365, NVIDIA GeForce RTX 4090, GPU-457328ff-6f8e-1f53-8cc3-68ae75d90604, 595.91.07, P2, 54, 295.86 W, 100 %, 100 %, 21532 MiB, 24564 MiB, 2640 MHz, 10251 MHz
2026/09/13 13:08:27.368, NVIDIA GeForce RTX 4090, GPU-457328ff-6f8e-1f53-8cc3-68ae75d90604, 595.91.07, P2, 54, 295.78 W, 100 %, 100 %, 21532 MiB, 24564 MiB, 2640 MHz, 10251 MHz
2026/09/13 13:08:28.370, NVIDIA GeForce RTX 4090, GPU-457328ff-6f8e-1f53-8cc3-68ae75d90604, 595.91.07, P2, 54, 289.11 W, 100 %, 100 %, 21532 MiB, 24564 MiB, 2640 MHz, 10251 MHz
2026/09/13 13:08:29.372, NVIDIA GeForce RTX 4090, GPU-457328ff-6f8e-1f53-8cc3-68ae75d90604, 595.91.07, P2, 54, 297.46 W, 100 %, 100 %, 21532 MiB, 24564 MiB, 2640 MHz, 10251 MHz
2026/09/13 13:08:30.374, NVIDIA GeForce RTX 4090, GPU-457328ff-6f8e-1f53-8cc3-68ae75d90604, 595.91.07, P2, 54, 297.46 W, 100 %, 100 %, 21532 MiB, 24564 MiB, 2640 MHz, 10251 MHz
2026/09/13 13:08:31.376, NVIDIA GeForce RTX 4090, GPU-457328ff-6f8e-1f53-8cc3-68ae75d90604, 595.91.07, P2, 54, 297.14 W, 100 %, 100 %, 21532 MiB, 24564 MiB, 2640 MHz, 10251 MHz
2026/09/13 13:08:32.378, NVIDIA GeForce RTX 4090, GPU-457328ff-6f8e-1f53-8cc3-68ae75d90604, 595.91.07, P2, 54, 296.87 W, 100 %, 100 %, 21532 MiB, 24564 MiB, 2640 MHz, 10251 MHz
2026/09/13 13:08:33.381, NVIDIA GeForce RTX 4090, GPU-457328ff-6f8e-1f53-8cc3-68ae75d90604, 595.91.07, P2, 54, 296.85 W, 100 %, 100 %, 21532 MiB, 24564 MiB, 2640 MHz, 10251 MHz
2026/09/13 13:08:34.383, NVIDIA GeForce RTX 4090, GPU-457328ff-6f8e-1f53-8cc3-68ae75d90604, 595.91.07, P2, 54, 296.90 W, 100 %, 100 %, 21532 MiB, 24564 MiB, 2640 MHz, 10251 MHz
2026/09/13 13:08:35.385, NVIDIA GeForce RTX 4090, GPU-457328ff-6f8e-1f53-8cc3-68ae75d90604, 595.91.07, P2, 54, 296.76 W, 100 %, 100 %, 21532 MiB, 24564 MiB, 2640 MHz, 10251 MHz
2026/09/13 13:08:36.387, NVIDIA GeForce RTX 4090, GPU-457328ff-6f8e-1f53-8cc3-68ae75d90604, 595.91.07, P2, 54, 296.43 W, 100 %, 100 %, 21532 MiB, 24564 MiB, 2640 MHz, 10251 MHz
2026/09/13 13:08:37.389, NVIDIA GeForce RTX 4090, GPU-457328ff-6f8e-1f53-8cc3-68ae75d90604, 595.91.07, P2, 54, 296.24 W, 100 %, 100 %, 21532 MiB, 24564 MiB, 2640 MHz, 10251 MHz
2026/09/13 13:08:38.392, NVIDIA GeForce RTX 4090, GPU-457328ff-6f8e-1f53-8cc3-68ae75d90604, 595.91.07, P2, 54, 296.23 W, 100 %, 100 %, 21532 MiB, 24564 MiB, 2640 MHz, 10251 MHz
2026/09/13 13:08:39.394, NVIDIA GeForce RTX 4090, GPU-457328ff-6f8e-1f53-8cc3-68ae75d90604, 595.91.07, P2, 54, 296.47 W, 100 %, 100 %, 21532 MiB, 24564 MiB, 2640 MHz, 10251 MHz
2026/09/13 13:08:40.396, NVIDIA GeForce RTX 4090, GPU-457328ff-6f8e-1f53-8cc3-68ae75d90604, 595.91.07, P2, 54, 296.21 W, 100 %, 100 %, 21532 MiB, 24564 MiB, 2640 MHz, 10251 MHz
2026/09/13 13:08:41.398, NVIDIA GeForce RTX 4090, GPU-457328ff-6f8e-1f53-8cc3-68ae75d90604, 595.91.07, P2, 54, 296.18 W, 100 %, 100 %, 21532 MiB, 24564 MiB, 2640 MHz, 10251 MHz
2026/09/13 13:08:42.401, NVIDIA GeForce RTX 4090, GPU-457328ff-6f8e-1f53-8cc3-68ae75d90604, 595.91.07, P2, 54, 296.15 W, 100 %, 100 %, 21532 MiB, 24564 MiB, 2640 MHz, 10251 MHz
2026/09/13 13:08:43.402, NVIDIA GeForce RTX 4090, GPU-457328ff-6f8e-1f53-8cc3-68ae75d90604, 595.91.07, P2, 54, 296.25 W, 100 %, 100 %, 21532 MiB, 24564 MiB, 2640 MHz, 10251 MHz
2026/09/13 13:08:44.405, NVIDIA GeForce RTX 4090, GPU-457328ff-6f8e-1f53-8cc3-68ae75d90604, 595.91.07, P2, 54, 296.32 W, 100 %, 100 %, 21532 MiB, 24564 MiB, 2640 MHz, 10251 MHz
2026/09/13 13:08:45.407, NVIDIA GeForce RTX 4090, GPU-457328ff-6f8e-1f53-8cc3-68ae75d90604, 595.91.07, P2, 54, 296.20 W, 100 %, 100 %, 21532 MiB, 24564 MiB, 2640 MHz, 10251 MHz
2026/09/13 13:08:46.409, NVIDIA GeForce RTX 4090, GPU-457328ff-6f8e-1f53-8cc3-68ae75d90604, 595.91.07, P2, 54, 296.23 W, 100 %, 100 %, 21532 MiB, 24564 MiB, 2640 MHz, 10251 MHz
2026/09/13 13:08:47.411, NVIDIA GeForce RTX 4090, GPU-457328ff-6f8e-1f53-8cc3-68ae75d90604, 595.91.07, P2, 54, 296.21 W, 100 %, 100 %, 21532 MiB, 24564 MiB, 2640 MHz, 10251 MHz
2026/09/13 13:08:48.413, NVIDIA GeForce RTX 4090, GPU-457328ff-6f8e-1f53-8cc3-68ae75d90604, 595.91.07, P2, 54, 296.06 W, 100 %, 100 %, 21532 MiB, 24564 MiB, 2640 MHz, 10251 MHz
2026/09/13 13:08:49.416, NVIDIA GeForce RTX 4090, GPU-457328ff-6f8e-1f53-8cc3-68ae75d90604, 595.91.07, P2, 54, 296.05 W, 100 %, 100 %, 21532 MiB, 24564 MiB, 2640 MHz, 10251 MHz
2026/09/13 13:08:50.417, NVIDIA GeForce RTX 4090, GPU-457328ff-6f8e-1f53-8cc3-68ae75d90604, 595.91.07, P2, 54, 296.11 W, 100 %, 100 %, 21532 MiB, 24564 MiB, 2640 MHz, 10251 MHz
2026/09/13 13:08:51.418, NVIDIA GeForce RTX 4090, GPU-457328ff-6f8e-1f53-8cc3-68ae75d90604, 595.91.07, P2, 54, 296.11 W, 100 %, 100 %, 21532 MiB, 24564 MiB, 2640 MHz, 10251 MHz
2026/09/13 13:08:52.420, NVIDIA GeForce RTX 4090, GPU-457328ff-6f8e-1f53-8cc3-68ae75d90604, 595.91.07, P2, 54, 295.98 W, 100 %, 100 %, 21532 MiB, 24564 MiB, 2640 MHz, 10251 MHz
2026/09/13 13:08:53.421, NVIDIA GeForce RTX 4090, GPU-457328ff-6f8e-1f53-8cc3-68ae75d90604, 595.91.07, P2, 54, 296.17 W, 100 %, 100 %, 21532 MiB, 24564 MiB, 2640 MHz, 10251 MHz
2026/09/13 13:08:54.423, NVIDIA GeForce RTX 4090, GPU-457328ff-6f8e-1f53-8cc3-68ae75d90604, 595.91.07, P2, 55, 296.11 W, 100 %, 100 %, 21532 MiB, 24564 MiB, 2640 MHz, 10251 MHz
2026/09/13 13:08:55.424, NVIDIA GeForce RTX 4090, GPU-457328ff-6f8e-1f53-8cc3-68ae75d90604, 595.91.07, P2, 52, 285.36 W, 34 %, 28 %, 21532 MiB, 24564 MiB, 2640 MHz, 10251 MHz
2026/09/13 13:08:56.426, NVIDIA GeForce RTX 4090, GPU-457328ff-6f8e-1f53-8cc3-68ae75d90604, 595.91.07, P2, 55, 287.64 W, 100 %, 100 %, 21532 MiB, 24564 MiB, 2640 MHz, 10251 MHz
2026/09/13 13:08:57.428, NVIDIA GeForce RTX 4090, GPU-457328ff-6f8e-1f53-8cc3-68ae75d90604, 595.91.07, P2, 55, 298.76 W, 100 %, 100 %, 21532 MiB, 24564 MiB, 2640 MHz, 10251 MHz
2026/09/13 13:08:58.429, NVIDIA GeForce RTX 4090, GPU-457328ff-6f8e-1f53-8cc3-68ae75d90604, 595.91.07, P2, 55, 298.46 W, 100 %, 100 %, 21532 MiB, 24564 MiB, 2640 MHz, 10251 MHz
2026/09/13 13:08:59.430, NVIDIA GeForce RTX 4090, GPU-457328ff-6f8e-1f53-8cc3-68ae75d90604, 595.91.07, P2, 55, 298.06 W, 100 %, 100 %, 21532 MiB, 24564 MiB, 2640 MHz, 10251 MHz
2026/09/13 13:09:00.432, NVIDIA GeForce RTX 4090, GPU-457328ff-6f8e-1f53-8cc3-68ae75d90604, 595.91.07, P2, 55, 297.89 W, 100 %, 100 %, 21532 MiB, 24564 MiB, 2640 MHz, 10251 MHz
2026/09/13 13:09:01.433, NVIDIA GeForce RTX 4090, GPU-457328ff-6f8e-1f53-8cc3-68ae75d90604, 595.91.07, P2, 55, 297.90 W, 100 %, 100 %, 21532 MiB, 24564 MiB, 2640 MHz, 10251 MHz
2026/09/13 13:09:02.435, NVIDIA GeForce RTX 4090, GPU-457328ff-6f8e-1f53-8cc3-68ae75d90604, 595.91.07, P2, 55, 297.28 W, 100 %, 100 %, 21532 MiB, 24564 MiB, 2640 MHz, 10251 MHz
2026/09/13 13:09:03.437, NVIDIA GeForce RTX 4090, GPU-457328ff-6f8e-1f53-8cc3-68ae75d90604, 595.91.07, P2, 55, 297.11 W, 100 %, 100 %, 21532 MiB, 24564 MiB, 2640 MHz, 10251 MHz
2026/09/13 13:09:04.439, NVIDIA GeForce RTX 4090, GPU-457328ff-6f8e-1f53-8cc3-68ae75d90604, 595.91.07, P2, 55, 296.87 W, 100 %, 100 %, 21532 MiB, 24564 MiB, 2640 MHz, 10251 MHz
2026/09/13 13:09:05.439, NVIDIA GeForce RTX 4090, GPU-457328ff-6f8e-1f53-8cc3-68ae75d90604, 595.91.07, P2, 55, 296.98 W, 100 %, 100 %, 21532 MiB, 24564 MiB, 2640 MHz, 10251 MHz
2026/09/13 13:09:06.441, NVIDIA GeForce RTX 4090, GPU-457328ff-6f8e-1f53-8cc3-68ae75d90604, 595.91.07, P2, 55, 297.00 W, 100 %, 100 %, 21532 MiB, 24564 MiB, 2640 MHz, 10251 MHz
2026/09/13 13:09:07.442, NVIDIA GeForce RTX 4090, GPU-457328ff-6f8e-1f53-8cc3-68ae75d90604, 595.91.07, P2, 55, 297.23 W, 100 %, 100 %, 21532 MiB, 24564 MiB, 2640 MHz, 10251 MHz
2026/09/13 13:09:08.444, NVIDIA GeForce RTX 4090, GPU-457328ff-6f8e-1f53-8cc3-68ae75d90604, 595.91.07, P2, 55, 296.80 W, 100 %, 100 %, 21532 MiB, 24564 MiB, 2640 MHz, 10251 MHz
2026/09/13 13:09:09.445, NVIDIA GeForce RTX 4090, GPU-457328ff-6f8e-1f53-8cc3-68ae75d90604, 595.91.07, P2, 55, 296.47 W, 100 %, 100 %, 21532 MiB, 24564 MiB, 2640 MHz, 10251 MHz
2026/09/13 13:09:10.447, NVIDIA GeForce RTX 4090, GPU-457328ff-6f8e-1f53-8cc3-68ae75d90604, 595.91.07, P2, 55, 296.23 W, 100 %, 100 %, 21532 MiB, 24564 MiB, 2640 MHz, 10251 MHz
2026/09/13 13:09:11.449, NVIDIA GeForce RTX 4090, GPU-457328ff-6f8e-1f53-8cc3-68ae75d90604, 595.91.07, P2, 55, 296.04 W, 100 %, 100 %, 21532 MiB, 24564 MiB, 2640 MHz, 10251 MHz
2026/09/13 13:09:12.450, NVIDIA GeForce RTX 4090, GPU-457328ff-6f8e-1f53-8cc3-68ae75d90604, 595.91.07, P2, 55, 296.11 W, 100 %, 100 %, 21532 MiB, 24564 MiB, 2640 MHz, 10251 MHz
2026/09/13 13:09:13.452, NVIDIA GeForce RTX 4090, GPU-457328ff-6f8e-1f53-8cc3-68ae75d90604, 595.91.07, P2, 55, 296.15 W, 100 %, 100 %, 21532 MiB, 24564 MiB, 2640 MHz, 10251 MHz
2026/09/13 13:09:14.453, NVIDIA GeForce RTX 4090, GPU-457328ff-6f8e-1f53-8cc3-68ae75d90604, 595.91.07, P2, 55, 295.91 W, 100 %, 100 %, 21532 MiB, 24564 MiB, 2640 MHz, 10251 MHz
2026/09/13 13:09:15.455, NVIDIA GeForce RTX 4090, GPU-457328ff-6f8e-1f53-8cc3-68ae75d90604, 595.91.07, P2, 55, 296.19 W, 100 %, 100 %, 21532 MiB, 24564 MiB, 2640 MHz, 10251 MHz
2026/09/13 13:09:16.457, NVIDIA GeForce RTX 4090, GPU-457328ff-6f8e-1f53-8cc3-68ae75d90604, 595.91.07, P2, 55, 296.42 W, 100 %, 100 %, 21532 MiB, 24564 MiB, 2640 MHz, 10251 MHz
2026/09/13 13:09:17.459, NVIDIA GeForce RTX 4090, GPU-457328ff-6f8e-1f53-8cc3-68ae75d90604, 595.91.07, P2, 55, 296.30 W, 100 %, 100 %, 21532 MiB, 24564 MiB, 2640 MHz, 10251 MHz
2026/09/13 13:09:18.460, NVIDIA GeForce RTX 4090, GPU-457328ff-6f8e-1f53-8cc3-68ae75d90604, 595.91.07, P2, 55, 296.08 W, 100 %, 100 %, 21532 MiB, 24564 MiB, 2640 MHz, 10251 MHz
2026/09/13 13:09:19.463, NVIDIA GeForce RTX 4090, GPU-457328ff-6f8e-1f53-8cc3-68ae75d90604, 595.91.07, P2, 55, 296.18 W, 100 %, 100 %, 21532 MiB, 24564 MiB, 2640 MHz, 10251 MHz
2026/09/13 13:09:20.464, NVIDIA GeForce RTX 4090, GPU-457328ff-6f8e-1f53-8cc3-68ae75d90604, 595.91.07, P2, 55, 292.50 W, 100 %, 100 %, 21532 MiB, 24564 MiB, 2640 MHz, 10251 MHz
2026/09/13 13:09:21.466, NVIDIA GeForce RTX 4090, GPU-457328ff-6f8e-1f53-8cc3-68ae75d90604, 595.91.07, P2, 55, 297.73 W, 100 %, 100 %, 21532 MiB, 24564 MiB, 2640 MHz, 10251 MHz
2026/09/13 13:09:22.466, NVIDIA GeForce RTX 4090, GPU-457328ff-6f8e-1f53-8cc3-68ae75d90604, 595.91.07, P2, 55, 297.87 W, 100 %, 100 %, 21532 MiB, 24564 MiB, 2640 MHz, 10251 MHz
2026/09/13 13:09:23.468, NVIDIA GeForce RTX 4090, GPU-457328ff-6f8e-1f53-8cc3-68ae75d90604, 595.91.07, P2, 55, 298.43 W, 100 %, 100 %, 21532 MiB, 24564 MiB, 2640 MHz, 10251 MHz
2026/09/13 13:09:24.469, NVIDIA GeForce RTX 4090, GPU-457328ff-6f8e-1f53-8cc3-68ae75d90604, 595.91.07, P2, 55, 298.19 W, 100 %, 100 %, 21532 MiB, 24564 MiB, 2640 MHz, 10251 MHz
2026/09/13 13:09:25.470, NVIDIA GeForce RTX 4090, GPU-457328ff-6f8e-1f53-8cc3-68ae75d90604, 595.91.07, P2, 55, 298.11 W, 100 %, 100 %, 21532 MiB, 24564 MiB, 2640 MHz, 10251 MHz
2026/09/13 13:09:26.472, NVIDIA GeForce RTX 4090, GPU-457328ff-6f8e-1f53-8cc3-68ae75d90604, 595.91.07, P2, 55, 298.04 W, 100 %, 100 %, 21532 MiB, 24564 MiB, 2640 MHz, 10251 MHz
2026/09/13 13:09:27.474, NVIDIA GeForce RTX 4090, GPU-457328ff-6f8e-1f53-8cc3-68ae75d90604, 595.91.07, P2, 55, 297.79 W, 100 %, 100 %, 21532 MiB, 24564 MiB, 2640 MHz, 10251 MHz
2026/09/13 13:09:28.476, NVIDIA GeForce RTX 4090, GPU-457328ff-6f8e-1f53-8cc3-68ae75d90604, 595.91.07, P2, 55, 297.56 W, 100 %, 100 %, 21532 MiB, 24564 MiB, 2640 MHz, 10251 MHz
2026/09/13 13:09:29.478, NVIDIA GeForce RTX 4090, GPU-457328ff-6f8e-1f53-8cc3-68ae75d90604, 595.91.07, P2, 55, 297.12 W, 100 %, 100 %, 21532 MiB, 24564 MiB, 2640 MHz, 10251 MHz
2026/09/13 13:09:30.480, NVIDIA GeForce RTX 4090, GPU-457328ff-6f8e-1f53-8cc3-68ae75d90604, 595.91.07, P2, 55, 296.72 W, 100 %, 100 %, 21532 MiB, 24564 MiB, 2640 MHz, 10251 MHz
2026/09/13 13:09:31.483, NVIDIA GeForce RTX 4090, GPU-457328ff-6f8e-1f53-8cc3-68ae75d90604, 595.91.07, P2, 55, 296.65 W, 100 %, 100 %, 21532 MiB, 24564 MiB, 2640 MHz, 10251 MHz
2026/09/13 13:09:32.484, NVIDIA GeForce RTX 4090, GPU-457328ff-6f8e-1f53-8cc3-68ae75d90604, 595.91.07, P2, 55, 296.82 W, 100 %, 100 %, 21532 MiB, 24564 MiB, 2640 MHz, 10251 MHz
2026/09/13 13:09:33.486, NVIDIA GeForce RTX 4090, GPU-457328ff-6f8e-1f53-8cc3-68ae75d90604, 595.91.07, P2, 55, 296.68 W, 100 %, 100 %, 21532 MiB, 24564 MiB, 2640 MHz, 10251 MHz
2026/09/13 13:09:34.487, NVIDIA GeForce RTX 4090, GPU-457328ff-6f8e-1f53-8cc3-68ae75d90604, 595.91.07, P2, 55, 296.46 W, 100 %, 100 %, 21532 MiB, 24564 MiB, 2640 MHz, 10251 MHz
2026/09/13 13:09:35.489, NVIDIA GeForce RTX 4090, GPU-457328ff-6f8e-1f53-8cc3-68ae75d90604, 595.91.07, P2, 55, 296.32 W, 100 %, 100 %, 21532 MiB, 24564 MiB, 2640 MHz, 10251 MHz
2026/09/13 13:09:36.490, NVIDIA GeForce RTX 4090, GPU-457328ff-6f8e-1f53-8cc3-68ae75d90604, 595.91.07, P2, 55, 287.08 W, 100 %, 100 %, 21532 MiB, 24564 MiB, 2640 MHz, 10251 MHz
2026/09/13 13:09:37.492, NVIDIA GeForce RTX 4090, GPU-457328ff-6f8e-1f53-8cc3-68ae75d90604, 595.91.07, P2, 55, 298.07 W, 100 %, 100 %, 21532 MiB, 24564 MiB, 2640 MHz, 10251 MHz
2026/09/13 13:09:38.494, NVIDIA GeForce RTX 4090, GPU-457328ff-6f8e-1f53-8cc3-68ae75d90604, 595.91.07, P2, 55, 298.11 W, 100 %, 100 %, 21532 MiB, 24564 MiB, 2640 MHz, 10251 MHz
2026/09/13 13:09:39.495, NVIDIA GeForce RTX 4090, GPU-457328ff-6f8e-1f53-8cc3-68ae75d90604, 595.91.07, P2, 55, 298.16 W, 100 %, 100 %, 21532 MiB, 24564 MiB, 2640 MHz, 10251 MHz
2026/09/13 13:09:40.497, NVIDIA GeForce RTX 4090, GPU-457328ff-6f8e-1f53-8cc3-68ae75d90604, 595.91.07, P2, 55, 298.11 W, 100 %, 100 %, 21532 MiB, 24564 MiB, 2640 MHz, 10251 MHz
2026/09/13 13:09:41.499, NVIDIA GeForce RTX 4090, GPU-457328ff-6f8e-1f53-8cc3-68ae75d90604, 595.91.07, P2, 55, 298.13 W, 100 %, 100 %, 21532 MiB, 24564 MiB, 2640 MHz, 10251 MHz
2026/09/13 13:09:42.501, NVIDIA GeForce RTX 4090, GPU-457328ff-6f8e-1f53-8cc3-68ae75d90604, 595.91.07, P2, 55, 297.87 W, 100 %, 100 %, 21532 MiB, 24564 MiB, 2640 MHz, 10251 MHz
2026/09/13 13:09:43.504, NVIDIA GeForce RTX 4090, GPU-457328ff-6f8e-1f53-8cc3-68ae75d90604, 595.91.07, P2, 55, 297.79 W, 100 %, 100 %, 21532 MiB, 24564 MiB, 2640 MHz, 10251 MHz
2026/09/13 13:09:44.505, NVIDIA GeForce RTX 4090, GPU-457328ff-6f8e-1f53-8cc3-68ae75d90604, 595.91.07, P2, 55, 297.28 W, 100 %, 100 %, 21532 MiB, 24564 MiB, 2640 MHz, 10251 MHz
2026/09/13 13:09:45.507, NVIDIA GeForce RTX 4090, GPU-457328ff-6f8e-1f53-8cc3-68ae75d90604, 595.91.07, P2, 55, 297.33 W, 100 %, 100 %, 21532 MiB, 24564 MiB, 2640 MHz, 10251 MHz
2026/09/13 13:09:46.509, NVIDIA GeForce RTX 4090, GPU-457328ff-6f8e-1f53-8cc3-68ae75d90604, 595.91.07, P2, 55, 287.99 W, 100 %, 100 %, 21532 MiB, 24564 MiB, 2640 MHz, 10251 MHz
2026/09/13 13:09:47.510, NVIDIA GeForce RTX 4090, GPU-457328ff-6f8e-1f53-8cc3-68ae75d90604, 595.91.07, P2, 55, 298.65 W, 100 %, 100 %, 21532 MiB, 24564 MiB, 2640 MHz, 10251 MHz
2026/09/13 13:09:48.512, NVIDIA GeForce RTX 4090, GPU-457328ff-6f8e-1f53-8cc3-68ae75d90604, 595.91.07, P2, 55, 298.71 W, 100 %, 100 %, 21532 MiB, 24564 MiB, 2640 MHz, 10251 MHz
2026/09/13 13:09:49.514, NVIDIA GeForce RTX 4090, GPU-457328ff-6f8e-1f53-8cc3-68ae75d90604, 595.91.07, P2, 55, 298.77 W, 100 %, 100 %, 21532 MiB, 24564 MiB, 2640 MHz, 10251 MHz
2026/09/13 13:09:50.516, NVIDIA GeForce RTX 4090, GPU-457328ff-6f8e-1f53-8cc3-68ae75d90604, 595.91.07, P2, 55, 298.63 W, 100 %, 100 %, 21532 MiB, 24564 MiB, 2640 MHz, 10251 MHz
2026/09/13 13:09:51.518, NVIDIA GeForce RTX 4090, GPU-457328ff-6f8e-1f53-8cc3-68ae75d90604, 595.91.07, P2, 55, 298.23 W, 100 %, 100 %, 21532 MiB, 24564 MiB, 2640 MHz, 10251 MHz
2026/09/13 13:09:52.520, NVIDIA GeForce RTX 4090, GPU-457328ff-6f8e-1f53-8cc3-68ae75d90604, 595.91.07, P2, 55, 298.41 W, 100 %, 100 %, 21532 MiB, 24564 MiB, 2640 MHz, 10251 MHz
2026/09/13 13:09:53.522, NVIDIA GeForce RTX 4090, GPU-457328ff-6f8e-1f53-8cc3-68ae75d90604, 595.91.07, P2, 55, 298.05 W, 100 %, 100 %, 21532 MiB, 24564 MiB, 2640 MHz, 10251 MHz
2026/09/13 13:09:54.524, NVIDIA GeForce RTX 4090, GPU-457328ff-6f8e-1f53-8cc3-68ae75d90604, 595.91.07, P2, 55, 297.68 W, 100 %, 100 %, 21532 MiB, 24564 MiB, 2640 MHz, 10251 MHz
2026/09/13 13:09:55.526, NVIDIA GeForce RTX 4090, GPU-457328ff-6f8e-1f53-8cc3-68ae75d90604, 595.91.07, P2, 55, 297.81 W, 100 %, 100 %, 21532 MiB, 24564 MiB, 2640 MHz, 10251 MHz
2026/09/13 13:09:56.528, NVIDIA GeForce RTX 4090, GPU-457328ff-6f8e-1f53-8cc3-68ae75d90604, 595.91.07, P2, 55, 297.78 W, 100 %, 100 %, 21532 MiB, 24564 MiB, 2640 MHz, 10251 MHz
2026/09/13 13:09:57.530, NVIDIA GeForce RTX 4090, GPU-457328ff-6f8e-1f53-8cc3-68ae75d90604, 595.91.07, P2, 55, 297.67 W, 100 %, 100 %, 21532 MiB, 24564 MiB, 2640 MHz, 10251 MHz
2026/09/13 13:09:58.533, NVIDIA GeForce RTX 4090, GPU-457328ff-6f8e-1f53-8cc3-68ae75d90604, 595.91.07, P2, 55, 297.53 W, 100 %, 100 %, 21532 MiB, 24564 MiB, 2640 MHz, 10251 MHz
2026/09/13 13:09:59.535, NVIDIA GeForce RTX 4090, GPU-457328ff-6f8e-1f53-8cc3-68ae75d90604, 595.91.07, P2, 55, 297.20 W, 100 %, 100 %, 21532 MiB, 24564 MiB, 2640 MHz, 10251 MHz
2026/09/13 13:10:00.538, NVIDIA GeForce RTX 4090, GPU-457328ff-6f8e-1f53-8cc3-68ae75d90604, 595.91.07, P2, 55, 297.44 W, 100 %, 100 %, 21532 MiB, 24564 MiB, 2640 MHz, 10251 MHz
2026/09/13 13:10:01.540, NVIDIA GeForce RTX 4090, GPU-457328ff-6f8e-1f53-8cc3-68ae75d90604, 595.91.07, P2, 55, 297.23 W, 100 %, 100 %, 21532 MiB, 24564 MiB, 2640 MHz, 10251 MHz
2026/09/13 13:10:02.543, NVIDIA GeForce RTX 4090, GPU-457328ff-6f8e-1f53-8cc3-68ae75d90604, 595.91.07, P2, 55, 297.38 W, 100 %, 100 %, 21532 MiB, 24564 MiB, 2640 MHz, 10251 MHz
2026/09/13 13:10:03.545, NVIDIA GeForce RTX 4090, GPU-457328ff-6f8e-1f53-8cc3-68ae75d90604, 595.91.07, P2, 55, 297.21 W, 100 %, 100 %, 21532 MiB, 24564 MiB, 2640 MHz, 10251 MHz
2026/09/13 13:10:04.547, NVIDIA GeForce RTX 4090, GPU-457328ff-6f8e-1f53-8cc3-68ae75d90604, 595.91.07, P2, 55, 297.30 W, 100 %, 100 %, 21532 MiB, 24564 MiB, 2640 MHz, 10251 MHz
2026/09/13 13:10:05.549, NVIDIA GeForce RTX 4090, GPU-457328ff-6f8e-1f53-8cc3-68ae75d90604, 595.91.07, P2, 55, 297.23 W, 100 %, 100 %, 21532 MiB, 24564 MiB, 2640 MHz, 10251 MHz
2026/09/13 13:10:06.551, NVIDIA GeForce RTX 4090, GPU-457328ff-6f8e-1f53-8cc3-68ae75d90604, 595.91.07, P2, 55, 297.13 W, 100 %, 100 %, 21532 MiB, 24564 MiB, 2640 MHz, 10251 MHz
2026/09/13 13:10:07.553, NVIDIA GeForce RTX 4090, GPU-457328ff-6f8e-1f53-8cc3-68ae75d90604, 595.91.07, P2, 55, 297.12 W, 100 %, 100 %, 21532 MiB, 24564 MiB, 2640 MHz, 10251 MHz
2026/09/13 13:10:08.555, NVIDIA GeForce RTX 4090, GPU-457328ff-6f8e-1f53-8cc3-68ae75d90604, 595.91.07, P2, 55, 297.02 W, 100 %, 100 %, 21532 MiB, 24564 MiB, 2640 MHz, 10251 MHz
2026/09/13 13:10:09.558, NVIDIA GeForce RTX 4090, GPU-457328ff-6f8e-1f53-8cc3-68ae75d90604, 595.91.07, P2, 55, 297.05 W, 100 %, 100 %, 21532 MiB, 24564 MiB, 2640 MHz, 10251 MHz
2026/09/13 13:10:10.560, NVIDIA GeForce RTX 4090, GPU-457328ff-6f8e-1f53-8cc3-68ae75d90604, 595.91.07, P2, 55, 296.75 W, 100 %, 100 %, 21532 MiB, 24564 MiB, 2640 MHz, 10251 MHz
2026/09/13 13:10:11.562, NVIDIA GeForce RTX 4090, GPU-457328ff-6f8e-1f53-8cc3-68ae75d90604, 595.91.07, P2, 55, 296.99 W, 100 %, 100 %, 21532 MiB, 24564 MiB, 2640 MHz, 10251 MHz
2026/09/13 13:10:12.565, NVIDIA GeForce RTX 4090, GPU-457328ff-6f8e-1f53-8cc3-68ae75d90604, 595.91.07, P2, 55, 296.93 W, 100 %, 100 %, 21532 MiB, 24564 MiB, 2640 MHz, 10251 MHz
2026/09/13 13:10:13.567, NVIDIA GeForce RTX 4090, GPU-457328ff-6f8e-1f53-8cc3-68ae75d90604, 595.91.07, P2, 56, 296.94 W, 100 %, 100 %, 21532 MiB, 24564 MiB, 2640 MHz, 10251 MHz
2026/09/13 13:10:14.569, NVIDIA GeForce RTX 4090, GPU-457328ff-6f8e-1f53-8cc3-68ae75d90604, 595.91.07, P2, 56, 297.00 W, 100 %, 100 %, 21532 MiB, 24564 MiB, 2640 MHz, 10251 MHz
2026/09/13 13:10:15.571, NVIDIA GeForce RTX 4090, GPU-457328ff-6f8e-1f53-8cc3-68ae75d90604, 595.91.07, P2, 56, 296.89 W, 100 %, 100 %, 21532 MiB, 24564 MiB, 2640 MHz, 10251 MHz
2026/09/13 13:10:16.573, NVIDIA GeForce RTX 4090, GPU-457328ff-6f8e-1f53-8cc3-68ae75d90604, 595.91.07, P2, 56, 296.87 W, 100 %, 100 %, 21532 MiB, 24564 MiB, 2640 MHz, 10251 MHz
2026/09/13 13:10:17.576, NVIDIA GeForce RTX 4090, GPU-457328ff-6f8e-1f53-8cc3-68ae75d90604, 595.91.07, P2, 56, 297.12 W, 100 %, 100 %, 21532 MiB, 24564 MiB, 2640 MHz, 10251 MHz
2026/09/13 13:10:18.577, NVIDIA GeForce RTX 4090, GPU-457328ff-6f8e-1f53-8cc3-68ae75d90604, 595.91.07, P2, 56, 297.21 W, 100 %, 100 %, 21532 MiB, 24564 MiB, 2640 MHz, 10251 MHz
2026/09/13 13:10:19.579, NVIDIA GeForce RTX 4090, GPU-457328ff-6f8e-1f53-8cc3-68ae75d90604, 595.91.07, P2, 56, 297.20 W, 100 %, 100 %, 21532 MiB, 24564 MiB, 2640 MHz, 10251 MHz
2026/09/13 13:10:20.582, NVIDIA GeForce RTX 4090, GPU-457328ff-6f8e-1f53-8cc3-68ae75d90604, 595.91.07, P2, 56, 296.77 W, 100 %, 100 %, 21532 MiB, 24564 MiB, 2640 MHz, 10251 MHz
2026/09/13 13:10:21.585, NVIDIA GeForce RTX 4090, GPU-457328ff-6f8e-1f53-8cc3-68ae75d90604, 595.91.07, P2, 56, 283.91 W, 100 %, 100 %, 21532 MiB, 24564 MiB, 2640 MHz, 10251 MHz
2026/09/13 13:10:22.587, NVIDIA GeForce RTX 4090, GPU-457328ff-6f8e-1f53-8cc3-68ae75d90604, 595.91.07, P2, 56, 298.73 W, 100 %, 100 %, 21532 MiB, 24564 MiB, 2640 MHz, 10251 MHz
2026/09/13 13:10:23.589, NVIDIA GeForce RTX 4090, GPU-457328ff-6f8e-1f53-8cc3-68ae75d90604, 595.91.07, P2, 56, 298.70 W, 100 %, 100 %, 21532 MiB, 24564 MiB, 2640 MHz, 10251 MHz
2026/09/13 13:10:24.591, NVIDIA GeForce RTX 4090, GPU-457328ff-6f8e-1f53-8cc3-68ae75d90604, 595.91.07, P2, 56, 298.66 W, 100 %, 100 %, 21532 MiB, 24564 MiB, 2640 MHz, 10251 MHz
2026/09/13 13:10:25.593, NVIDIA GeForce RTX 4090, GPU-457328ff-6f8e-1f53-8cc3-68ae75d90604, 595.91.07, P2, 56, 298.80 W, 100 %, 100 %, 21532 MiB, 24564 MiB, 2640 MHz, 10251 MHz
2026/09/13 13:10:26.595, NVIDIA GeForce RTX 4090, GPU-457328ff-6f8e-1f53-8cc3-68ae75d90604, 595.91.07, P2, 56, 298.48 W, 100 %, 100 %, 21532 MiB, 24564 MiB, 2640 MHz, 10251 MHz
2026/09/13 13:10:27.597, NVIDIA GeForce RTX 4090, GPU-457328ff-6f8e-1f53-8cc3-68ae75d90604, 595.91.07, P2, 56, 298.17 W, 100 %, 100 %, 21532 MiB, 24564 MiB, 2640 MHz, 10251 MHz
2026/09/13 13:10:28.599, NVIDIA GeForce RTX 4090, GPU-457328ff-6f8e-1f53-8cc3-68ae75d90604, 595.91.07, P2, 56, 297.85 W, 100 %, 100 %, 21532 MiB, 24564 MiB, 2640 MHz, 10251 MHz
2026/09/13 13:10:29.601, NVIDIA GeForce RTX 4090, GPU-457328ff-6f8e-1f53-8cc3-68ae75d90604, 595.91.07, P2, 56, 297.77 W, 100 %, 100 %, 21532 MiB, 24564 MiB, 2640 MHz, 10251 MHz
2026/09/13 13:10:30.604, NVIDIA GeForce RTX 4090, GPU-457328ff-6f8e-1f53-8cc3-68ae75d90604, 595.91.07, P2, 56, 297.86 W, 100 %, 100 %, 21532 MiB, 24564 MiB, 2640 MHz, 10251 MHz
2026/09/13 13:10:31.606, NVIDIA GeForce RTX 4090, GPU-457328ff-6f8e-1f53-8cc3-68ae75d90604, 595.91.07, P2, 56, 297.67 W, 100 %, 100 %, 21532 MiB, 24564 MiB, 2640 MHz, 10251 MHz
2026/09/13 13:10:32.608, NVIDIA GeForce RTX 4090, GPU-457328ff-6f8e-1f53-8cc3-68ae75d90604, 595.91.07, P2, 56, 297.46 W, 100 %, 100 %, 21532 MiB, 24564 MiB, 2640 MHz, 10251 MHz
2026/09/13 13:10:33.610, NVIDIA GeForce RTX 4090, GPU-457328ff-6f8e-1f53-8cc3-68ae75d90604, 595.91.07, P2, 56, 297.31 W, 100 %, 100 %, 21532 MiB, 24564 MiB, 2640 MHz, 10251 MHz
2026/09/13 13:10:34.613, NVIDIA GeForce RTX 4090, GPU-457328ff-6f8e-1f53-8cc3-68ae75d90604, 595.91.07, P2, 55, 296.67 W, 100 %, 100 %, 21532 MiB, 24564 MiB, 2640 MHz, 10251 MHz
2026/09/13 13:10:35.615, NVIDIA GeForce RTX 4090, GPU-457328ff-6f8e-1f53-8cc3-68ae75d90604, 595.91.07, P2, 55, 296.59 W, 100 %, 100 %, 21532 MiB, 24564 MiB, 2640 MHz, 10251 MHz
2026/09/13 13:10:36.617, NVIDIA GeForce RTX 4090, GPU-457328ff-6f8e-1f53-8cc3-68ae75d90604, 595.91.07, P2, 55, 296.75 W, 100 %, 100 %, 21532 MiB, 24564 MiB, 2640 MHz, 10251 MHz
2026/09/13 13:10:37.619, NVIDIA GeForce RTX 4090, GPU-457328ff-6f8e-1f53-8cc3-68ae75d90604, 595.91.07, P2, 55, 296.65 W, 100 %, 100 %, 21532 MiB, 24564 MiB, 2640 MHz, 10251 MHz
2026/09/13 13:10:38.621, NVIDIA GeForce RTX 4090, GPU-457328ff-6f8e-1f53-8cc3-68ae75d90604, 595.91.07, P2, 55, 297.12 W, 100 %, 100 %, 21532 MiB, 24564 MiB, 2640 MHz, 10251 MHz
2026/09/13 13:10:39.622, NVIDIA GeForce RTX 4090, GPU-457328ff-6f8e-1f53-8cc3-68ae75d90604, 595.91.07, P2, 55, 297.28 W, 100 %, 100 %, 21532 MiB, 24564 MiB, 2640 MHz, 10251 MHz
2026/09/13 13:10:40.624, NVIDIA GeForce RTX 4090, GPU-457328ff-6f8e-1f53-8cc3-68ae75d90604, 595.91.07, P2, 55, 287.50 W, 100 %, 100 %, 21532 MiB, 24564 MiB, 2640 MHz, 10251 MHz
2026/09/13 13:10:41.626, NVIDIA GeForce RTX 4090, GPU-457328ff-6f8e-1f53-8cc3-68ae75d90604, 595.91.07, P2, 55, 298.81 W, 100 %, 100 %, 21532 MiB, 24564 MiB, 2640 MHz, 10251 MHz
2026/09/13 13:10:42.628, NVIDIA GeForce RTX 4090, GPU-457328ff-6f8e-1f53-8cc3-68ae75d90604, 595.91.07, P2, 55, 298.65 W, 100 %, 100 %, 21532 MiB, 24564 MiB, 2640 MHz, 10251 MHz
2026/09/13 13:10:43.631, NVIDIA GeForce RTX 4090, GPU-457328ff-6f8e-1f53-8cc3-68ae75d90604, 595.91.07, P2, 55, 298.25 W, 100 %, 100 %, 21532 MiB, 24564 MiB, 2640 MHz, 10251 MHz
2026/09/13 13:10:44.633, NVIDIA GeForce RTX 4090, GPU-457328ff-6f8e-1f53-8cc3-68ae75d90604, 595.91.07, P2, 55, 297.88 W, 100 %, 100 %, 21532 MiB, 24564 MiB, 2640 MHz, 10251 MHz
2026/09/13 13:10:45.635, NVIDIA GeForce RTX 4090, GPU-457328ff-6f8e-1f53-8cc3-68ae75d90604, 595.91.07, P2, 55, 297.73 W, 100 %, 100 %, 21532 MiB, 24564 MiB, 2640 MHz, 10251 MHz
2026/09/13 13:10:46.637, NVIDIA GeForce RTX 4090, GPU-457328ff-6f8e-1f53-8cc3-68ae75d90604, 595.91.07, P2, 55, 297.45 W, 100 %, 100 %, 21532 MiB, 24564 MiB, 2640 MHz, 10251 MHz
2026/09/13 13:10:47.640, NVIDIA GeForce RTX 4090, GPU-457328ff-6f8e-1f53-8cc3-68ae75d90604, 595.91.07, P2, 55, 297.45 W, 100 %, 100 %, 21532 MiB, 24564 MiB, 2640 MHz, 10251 MHz
2026/09/13 13:10:48.642, NVIDIA GeForce RTX 4090, GPU-457328ff-6f8e-1f53-8cc3-68ae75d90604, 595.91.07, P2, 55, 297.02 W, 100 %, 100 %, 21532 MiB, 24564 MiB, 2640 MHz, 10251 MHz
2026/09/13 13:10:49.644, NVIDIA GeForce RTX 4090, GPU-457328ff-6f8e-1f53-8cc3-68ae75d90604, 595.91.07, P2, 55, 297.05 W, 100 %, 100 %, 21532 MiB, 24564 MiB, 2640 MHz, 10251 MHz
2026/09/13 13:10:50.646, NVIDIA GeForce RTX 4090, GPU-457328ff-6f8e-1f53-8cc3-68ae75d90604, 595.91.07, P2, 55, 296.62 W, 100 %, 100 %, 21532 MiB, 24564 MiB, 2640 MHz, 10251 MHz
2026/09/13 13:10:51.649, NVIDIA GeForce RTX 4090, GPU-457328ff-6f8e-1f53-8cc3-68ae75d90604, 595.91.07, P2, 55, 296.33 W, 100 %, 100 %, 21532 MiB, 24564 MiB, 2640 MHz, 10251 MHz
2026/09/13 13:10:52.651, NVIDIA GeForce RTX 4090, GPU-457328ff-6f8e-1f53-8cc3-68ae75d90604, 595.91.07, P2, 55, 296.54 W, 100 %, 100 %, 21532 MiB, 24564 MiB, 2640 MHz, 10251 MHz
2026/09/13 13:10:53.653, NVIDIA GeForce RTX 4090, GPU-457328ff-6f8e-1f53-8cc3-68ae75d90604, 595.91.07, P2, 55, 296.99 W, 100 %, 100 %, 21532 MiB, 24564 MiB, 2640 MHz, 10251 MHz
2026/09/13 13:10:54.655, NVIDIA GeForce RTX 4090, GPU-457328ff-6f8e-1f53-8cc3-68ae75d90604, 595.91.07, P2, 54, 287.60 W, 97 %, 100 %, 21532 MiB, 24564 MiB, 2640 MHz, 10251 MHz
2026/09/13 13:10:55.657, NVIDIA GeForce RTX 4090, GPU-457328ff-6f8e-1f53-8cc3-68ae75d90604, 595.91.07, P2, 54, 298.14 W, 100 %, 100 %, 21532 MiB, 24564 MiB, 2640 MHz, 10251 MHz
2026/09/13 13:10:56.659, NVIDIA GeForce RTX 4090, GPU-457328ff-6f8e-1f53-8cc3-68ae75d90604, 595.91.07, P2, 54, 297.87 W, 100 %, 100 %, 21532 MiB, 24564 MiB, 2640 MHz, 10251 MHz
2026/09/13 13:10:57.662, NVIDIA GeForce RTX 4090, GPU-457328ff-6f8e-1f53-8cc3-68ae75d90604, 595.91.07, P2, 54, 298.03 W, 100 %, 100 %, 21532 MiB, 24564 MiB, 2640 MHz, 10251 MHz
2026/09/13 13:10:58.664, NVIDIA GeForce RTX 4090, GPU-457328ff-6f8e-1f53-8cc3-68ae75d90604, 595.91.07, P2, 54, 298.05 W, 100 %, 100 %, 21532 MiB, 24564 MiB, 2640 MHz, 10251 MHz
2026/09/13 13:10:59.666, NVIDIA GeForce RTX 4090, GPU-457328ff-6f8e-1f53-8cc3-68ae75d90604, 595.91.07, P2, 54, 297.35 W, 100 %, 100 %, 21532 MiB, 24564 MiB, 2640 MHz, 10251 MHz
2026/09/13 13:11:00.668, NVIDIA GeForce RTX 4090, GPU-457328ff-6f8e-1f53-8cc3-68ae75d90604, 595.91.07, P2, 54, 297.43 W, 100 %, 100 %, 21532 MiB, 24564 MiB, 2640 MHz, 10251 MHz
2026/09/13 13:11:01.670, NVIDIA GeForce RTX 4090, GPU-457328ff-6f8e-1f53-8cc3-68ae75d90604, 595.91.07, P2, 54, 297.21 W, 100 %, 100 %, 21532 MiB, 24564 MiB, 2640 MHz, 10251 MHz
2026/09/13 13:11:02.671, NVIDIA GeForce RTX 4090, GPU-457328ff-6f8e-1f53-8cc3-68ae75d90604, 595.91.07, P2, 54, 296.89 W, 100 %, 100 %, 21532 MiB, 24564 MiB, 2640 MHz, 10251 MHz
2026/09/13 13:11:03.674, NVIDIA GeForce RTX 4090, GPU-457328ff-6f8e-1f53-8cc3-68ae75d90604, 595.91.07, P2, 54, 296.89 W, 100 %, 100 %, 21532 MiB, 24564 MiB, 2640 MHz, 10251 MHz
2026/09/13 13:11:04.677, NVIDIA GeForce RTX 4090, GPU-457328ff-6f8e-1f53-8cc3-68ae75d90604, 595.91.07, P2, 54, 296.62 W, 100 %, 100 %, 21532 MiB, 24564 MiB, 2640 MHz, 10251 MHz
2026/09/13 13:11:05.680, NVIDIA GeForce RTX 4090, GPU-457328ff-6f8e-1f53-8cc3-68ae75d90604, 595.91.07, P2, 54, 296.75 W, 100 %, 100 %, 21532 MiB, 24564 MiB, 2640 MHz, 10251 MHz
2026/09/13 13:11:06.681, NVIDIA GeForce RTX 4090, GPU-457328ff-6f8e-1f53-8cc3-68ae75d90604, 595.91.07, P2, 54, 296.69 W, 100 %, 100 %, 21532 MiB, 24564 MiB, 2640 MHz, 10251 MHz
2026/09/13 13:11:07.683, NVIDIA GeForce RTX 4090, GPU-457328ff-6f8e-1f53-8cc3-68ae75d90604, 595.91.07, P2, 54, 296.45 W, 100 %, 100 %, 21532 MiB, 24564 MiB, 2640 MHz, 10251 MHz
2026/09/13 13:11:08.685, NVIDIA GeForce RTX 4090, GPU-457328ff-6f8e-1f53-8cc3-68ae75d90604, 595.91.07, P2, 54, 288.22 W, 100 %, 100 %, 21532 MiB, 24564 MiB, 2640 MHz, 10251 MHz
2026/09/13 13:11:09.687, NVIDIA GeForce RTX 4090, GPU-457328ff-6f8e-1f53-8cc3-68ae75d90604, 595.91.07, P2, 54, 297.86 W, 100 %, 100 %, 21532 MiB, 24564 MiB, 2640 MHz, 10251 MHz
2026/09/13 13:11:10.689, NVIDIA GeForce RTX 4090, GPU-457328ff-6f8e-1f53-8cc3-68ae75d90604, 595.91.07, P2, 54, 298.20 W, 100 %, 100 %, 21532 MiB, 24564 MiB, 2640 MHz, 10251 MHz
2026/09/13 13:11:11.691, NVIDIA GeForce RTX 4090, GPU-457328ff-6f8e-1f53-8cc3-68ae75d90604, 595.91.07, P2, 54, 298.11 W, 100 %, 100 %, 21532 MiB, 24564 MiB, 2640 MHz, 10251 MHz
2026/09/13 13:11:12.694, NVIDIA GeForce RTX 4090, GPU-457328ff-6f8e-1f53-8cc3-68ae75d90604, 595.91.07, P2, 54, 297.64 W, 100 %, 100 %, 21532 MiB, 24564 MiB, 2640 MHz, 10251 MHz
2026/09/13 13:11:13.696, NVIDIA GeForce RTX 4090, GPU-457328ff-6f8e-1f53-8cc3-68ae75d90604, 595.91.07, P2, 54, 297.18 W, 100 %, 100 %, 21532 MiB, 24564 MiB, 2640 MHz, 10251 MHz
2026/09/13 13:11:14.699, NVIDIA GeForce RTX 4090, GPU-457328ff-6f8e-1f53-8cc3-68ae75d90604, 595.91.07, P2, 54, 297.03 W, 100 %, 100 %, 21532 MiB, 24564 MiB, 2640 MHz, 10251 MHz
2026/09/13 13:11:15.701, NVIDIA GeForce RTX 4090, GPU-457328ff-6f8e-1f53-8cc3-68ae75d90604, 595.91.07, P2, 54, 296.97 W, 100 %, 100 %, 21532 MiB, 24564 MiB, 2640 MHz, 10251 MHz
2026/09/13 13:11:16.704, NVIDIA GeForce RTX 4090, GPU-457328ff-6f8e-1f53-8cc3-68ae75d90604, 595.91.07, P2, 54, 296.33 W, 100 %, 100 %, 21532 MiB, 24564 MiB, 2640 MHz, 10251 MHz
2026/09/13 13:11:17.706, NVIDIA GeForce RTX 4090, GPU-457328ff-6f8e-1f53-8cc3-68ae75d90604, 595.91.07, P2, 54, 296.33 W, 100 %, 100 %, 21532 MiB, 24564 MiB, 2640 MHz, 10251 MHz
2026/09/13 13:11:18.708, NVIDIA GeForce RTX 4090, GPU-457328ff-6f8e-1f53-8cc3-68ae75d90604, 595.91.07, P2, 54, 296.41 W, 100 %, 100 %, 21532 MiB, 24564 MiB, 2640 MHz, 10251 MHz
2026/09/13 13:11:19.710, NVIDIA GeForce RTX 4090, GPU-457328ff-6f8e-1f53-8cc3-68ae75d90604, 595.91.07, P2, 54, 296.07 W, 100 %, 100 %, 21532 MiB, 24564 MiB, 2640 MHz, 10251 MHz
2026/09/13 13:11:20.712, NVIDIA GeForce RTX 4090, GPU-457328ff-6f8e-1f53-8cc3-68ae75d90604, 595.91.07, P2, 54, 295.88 W, 100 %, 100 %, 21532 MiB, 24564 MiB, 2640 MHz, 10251 MHz
2026/09/13 13:11:21.715, NVIDIA GeForce RTX 4090, GPU-457328ff-6f8e-1f53-8cc3-68ae75d90604, 595.91.07, P2, 54, 295.85 W, 100 %, 100 %, 21532 MiB, 24564 MiB, 2640 MHz, 10251 MHz
2026/09/13 13:11:22.717, NVIDIA GeForce RTX 4090, GPU-457328ff-6f8e-1f53-8cc3-68ae75d90604, 595.91.07, P2, 54, 295.91 W, 100 %, 100 %, 21532 MiB, 24564 MiB, 2640 MHz, 10251 MHz
2026/09/13 13:11:23.719, NVIDIA GeForce RTX 4090, GPU-457328ff-6f8e-1f53-8cc3-68ae75d90604, 595.91.07, P2, 54, 295.60 W, 100 %, 100 %, 21532 MiB, 24564 MiB, 2640 MHz, 10251 MHz
2026/09/13 13:11:24.721, NVIDIA GeForce RTX 4090, GPU-457328ff-6f8e-1f53-8cc3-68ae75d90604, 595.91.07, P2, 54, 295.30 W, 100 %, 100 %, 21532 MiB, 24564 MiB, 2640 MHz, 10251 MHz
2026/09/13 13:11:25.723, NVIDIA GeForce RTX 4090, GPU-457328ff-6f8e-1f53-8cc3-68ae75d90604, 595.91.07, P2, 54, 295.37 W, 100 %, 100 %, 21532 MiB, 24564 MiB, 2640 MHz, 10251 MHz
2026/09/13 13:11:26.725, NVIDIA GeForce RTX 4090, GPU-457328ff-6f8e-1f53-8cc3-68ae75d90604, 595.91.07, P2, 54, 295.50 W, 100 %, 100 %, 21532 MiB, 24564 MiB, 2640 MHz, 10251 MHz
2026/09/13 13:11:27.727, NVIDIA GeForce RTX 4090, GPU-457328ff-6f8e-1f53-8cc3-68ae75d90604, 595.91.07, P2, 54, 295.40 W, 100 %, 100 %, 21532 MiB, 24564 MiB, 2640 MHz, 10251 MHz
2026/09/13 13:11:28.730, NVIDIA GeForce RTX 4090, GPU-457328ff-6f8e-1f53-8cc3-68ae75d90604, 595.91.07, P2, 54, 295.41 W, 100 %, 100 %, 21532 MiB, 24564 MiB, 2640 MHz, 10251 MHz
2026/09/13 13:11:29.732, NVIDIA GeForce RTX 4090, GPU-457328ff-6f8e-1f53-8cc3-68ae75d90604, 595.91.07, P2, 54, 295.30 W, 100 %, 100 %, 21532 MiB, 24564 MiB, 2640 MHz, 10251 MHz
2026/09/13 13:11:30.733, NVIDIA GeForce RTX 4090, GPU-457328ff-6f8e-1f53-8cc3-68ae75d90604, 595.91.07, P2, 54, 295.11 W, 100 %, 100 %, 21532 MiB, 24564 MiB, 2640 MHz, 10251 MHz
2026/09/13 13:11:31.735, NVIDIA GeForce RTX 4090, GPU-457328ff-6f8e-1f53-8cc3-68ae75d90604, 595.91.07, P2, 54, 295.47 W, 100 %, 100 %, 21532 MiB, 24564 MiB, 2640 MHz, 10251 MHz
2026/09/13 13:11:32.738, NVIDIA GeForce RTX 4090, GPU-457328ff-6f8e-1f53-8cc3-68ae75d90604, 595.91.07, P2, 54, 295.05 W, 100 %, 100 %, 21532 MiB, 24564 MiB, 2640 MHz, 10251 MHz
2026/09/13 13:11:33.739, NVIDIA GeForce RTX 4090, GPU-457328ff-6f8e-1f53-8cc3-68ae75d90604, 595.91.07, P2, 54, 294.96 W, 100 %, 100 %, 21532 MiB, 24564 MiB, 2640 MHz, 10251 MHz
2026/09/13 13:11:34.741, NVIDIA GeForce RTX 4090, GPU-457328ff-6f8e-1f53-8cc3-68ae75d90604, 595.91.07, P2, 54, 295.30 W, 100 %, 100 %, 21532 MiB, 24564 MiB, 2640 MHz, 10251 MHz
2026/09/13 13:11:35.744, NVIDIA GeForce RTX 4090, GPU-457328ff-6f8e-1f53-8cc3-68ae75d90604, 595.91.07, P2, 54, 295.20 W, 100 %, 100 %, 21532 MiB, 24564 MiB, 2640 MHz, 10251 MHz
2026/09/13 13:11:36.745, NVIDIA GeForce RTX 4090, GPU-457328ff-6f8e-1f53-8cc3-68ae75d90604, 595.91.07, P2, 54, 295.52 W, 100 %, 100 %, 21532 MiB, 24564 MiB, 2640 MHz, 10251 MHz
2026/09/13 13:11:37.747, NVIDIA GeForce RTX 4090, GPU-457328ff-6f8e-1f53-8cc3-68ae75d90604, 595.91.07, P2, 54, 295.71 W, 100 %, 100 %, 21532 MiB, 24564 MiB, 2640 MHz, 10251 MHz
2026/09/13 13:11:38.749, NVIDIA GeForce RTX 4090, GPU-457328ff-6f8e-1f53-8cc3-68ae75d90604, 595.91.07, P2, 54, 296.00 W, 100 %, 100 %, 21532 MiB, 24564 MiB, 2640 MHz, 10251 MHz
2026/09/13 13:11:39.751, NVIDIA GeForce RTX 4090, GPU-457328ff-6f8e-1f53-8cc3-68ae75d90604, 595.91.07, P2, 54, 296.01 W, 100 %, 100 %, 21532 MiB, 24564 MiB, 2640 MHz, 10251 MHz
2026/09/13 13:11:40.752, NVIDIA GeForce RTX 4090, GPU-457328ff-6f8e-1f53-8cc3-68ae75d90604, 595.91.07, P2, 54, 296.28 W, 100 %, 100 %, 21532 MiB, 24564 MiB, 2640 MHz, 10251 MHz
2026/09/13 13:11:41.754, NVIDIA GeForce RTX 4090, GPU-457328ff-6f8e-1f53-8cc3-68ae75d90604, 595.91.07, P2, 54, 296.27 W, 100 %, 100 %, 21532 MiB, 24564 MiB, 2640 MHz, 10251 MHz
2026/09/13 13:11:42.757, NVIDIA GeForce RTX 4090, GPU-457328ff-6f8e-1f53-8cc3-68ae75d90604, 595.91.07, P2, 54, 296.45 W, 100 %, 100 %, 21532 MiB, 24564 MiB, 2640 MHz, 10251 MHz
2026/09/13 13:11:43.759, NVIDIA GeForce RTX 4090, GPU-457328ff-6f8e-1f53-8cc3-68ae75d90604, 595.91.07, P2, 54, 296.22 W, 100 %, 100 %, 21532 MiB, 24564 MiB, 2640 MHz, 10251 MHz
2026/09/13 13:11:44.761, NVIDIA GeForce RTX 4090, GPU-457328ff-6f8e-1f53-8cc3-68ae75d90604, 595.91.07, P2, 54, 296.05 W, 100 %, 100 %, 21532 MiB, 24564 MiB, 2640 MHz, 10251 MHz
2026/09/13 13:11:45.763, NVIDIA GeForce RTX 4090, GPU-457328ff-6f8e-1f53-8cc3-68ae75d90604, 595.91.07, P2, 54, 296.21 W, 100 %, 100 %, 21532 MiB, 24564 MiB, 2640 MHz, 10251 MHz
2026/09/13 13:11:46.765, NVIDIA GeForce RTX 4090, GPU-457328ff-6f8e-1f53-8cc3-68ae75d90604, 595.91.07, P2, 54, 296.26 W, 100 %, 100 %, 21532 MiB, 24564 MiB, 2640 MHz, 10251 MHz
2026/09/13 13:11:47.767, NVIDIA GeForce RTX 4090, GPU-457328ff-6f8e-1f53-8cc3-68ae75d90604, 595.91.07, P2, 54, 295.91 W, 100 %, 100 %, 21532 MiB, 24564 MiB, 2640 MHz, 10251 MHz
2026/09/13 13:11:48.769, NVIDIA GeForce RTX 4090, GPU-457328ff-6f8e-1f53-8cc3-68ae75d90604, 595.91.07, P2, 54, 295.81 W, 100 %, 100 %, 21532 MiB, 24564 MiB, 2640 MHz, 10251 MHz
2026/09/13 13:11:49.771, NVIDIA GeForce RTX 4090, GPU-457328ff-6f8e-1f53-8cc3-68ae75d90604, 595.91.07, P2, 54, 281.15 W, 100 %, 100 %, 21532 MiB, 24564 MiB, 2640 MHz, 10251 MHz
2026/09/13 13:11:50.773, NVIDIA GeForce RTX 4090, GPU-457328ff-6f8e-1f53-8cc3-68ae75d90604, 595.91.07, P2, 54, 297.62 W, 100 %, 100 %, 21532 MiB, 24564 MiB, 2640 MHz, 10251 MHz
2026/09/13 13:11:51.776, NVIDIA GeForce RTX 4090, GPU-457328ff-6f8e-1f53-8cc3-68ae75d90604, 595.91.07, P2, 54, 298.01 W, 100 %, 100 %, 21532 MiB, 24564 MiB, 2640 MHz, 10251 MHz
2026/09/13 13:11:52.778, NVIDIA GeForce RTX 4090, GPU-457328ff-6f8e-1f53-8cc3-68ae75d90604, 595.91.07, P2, 54, 297.60 W, 100 %, 100 %, 21532 MiB, 24564 MiB, 2640 MHz, 10251 MHz
2026/09/13 13:11:53.780, NVIDIA GeForce RTX 4090, GPU-457328ff-6f8e-1f53-8cc3-68ae75d90604, 595.91.07, P2, 54, 297.56 W, 100 %, 100 %, 21532 MiB, 24564 MiB, 2640 MHz, 10251 MHz
2026/09/13 13:11:54.782, NVIDIA GeForce RTX 4090, GPU-457328ff-6f8e-1f53-8cc3-68ae75d90604, 595.91.07, P2, 54, 296.60 W, 100 %, 100 %, 21532 MiB, 24564 MiB, 2640 MHz, 10251 MHz
2026/09/13 13:11:55.784, NVIDIA GeForce RTX 4090, GPU-457328ff-6f8e-1f53-8cc3-68ae75d90604, 595.91.07, P2, 54, 296.61 W, 100 %, 100 %, 21532 MiB, 24564 MiB, 2640 MHz, 10251 MHz
2026/09/13 13:11:56.786, NVIDIA GeForce RTX 4090, GPU-457328ff-6f8e-1f53-8cc3-68ae75d90604, 595.91.07, P2, 54, 297.50 W, 100 %, 100 %, 21532 MiB, 24564 MiB, 2640 MHz, 10251 MHz
2026/09/13 13:11:57.788, NVIDIA GeForce RTX 4090, GPU-457328ff-6f8e-1f53-8cc3-68ae75d90604, 595.91.07, P2, 54, 297.48 W, 100 %, 100 %, 21532 MiB, 24564 MiB, 2640 MHz, 10251 MHz
2026/09/13 13:11:58.790, NVIDIA GeForce RTX 4090, GPU-457328ff-6f8e-1f53-8cc3-68ae75d90604, 595.91.07, P2, 54, 297.45 W, 100 %, 100 %, 21532 MiB, 24564 MiB, 2640 MHz, 10251 MHz
2026/09/13 13:11:59.793, NVIDIA GeForce RTX 4090, GPU-457328ff-6f8e-1f53-8cc3-68ae75d90604, 595.91.07, P2, 54, 297.14 W, 100 %, 100 %, 21532 MiB, 24564 MiB, 2640 MHz, 10251 MHz
2026/09/13 13:12:00.795, NVIDIA GeForce RTX 4090, GPU-457328ff-6f8e-1f53-8cc3-68ae75d90604, 595.91.07, P2, 54, 297.15 W, 100 %, 100 %, 21532 MiB, 24564 MiB, 2640 MHz, 10251 MHz
2026/09/13 13:12:01.796, NVIDIA GeForce RTX 4090, GPU-457328ff-6f8e-1f53-8cc3-68ae75d90604, 595.91.07, P2, 54, 297.01 W, 100 %, 100 %, 21532 MiB, 24564 MiB, 2640 MHz, 10251 MHz
2026/09/13 13:12:02.798, NVIDIA GeForce RTX 4090, GPU-457328ff-6f8e-1f53-8cc3-68ae75d90604, 595.91.07, P2, 54, 296.67 W, 100 %, 100 %, 21532 MiB, 24564 MiB, 2640 MHz, 10251 MHz
2026/09/13 13:12:03.800, NVIDIA GeForce RTX 4090, GPU-457328ff-6f8e-1f53-8cc3-68ae75d90604, 595.91.07, P2, 54, 296.45 W, 100 %, 100 %, 21532 MiB, 24564 MiB, 2640 MHz, 10251 MHz
2026/09/13 13:12:04.802, NVIDIA GeForce RTX 4090, GPU-457328ff-6f8e-1f53-8cc3-68ae75d90604, 595.91.07, P2, 54, 295.95 W, 100 %, 100 %, 21532 MiB, 24564 MiB, 2640 MHz, 10251 MHz
2026/09/13 13:12:05.803, NVIDIA GeForce RTX 4090, GPU-457328ff-6f8e-1f53-8cc3-68ae75d90604, 595.91.07, P2, 54, 296.33 W, 100 %, 100 %, 21532 MiB, 24564 MiB, 2640 MHz, 10251 MHz
2026/09/13 13:12:06.805, NVIDIA GeForce RTX 4090, GPU-457328ff-6f8e-1f53-8cc3-68ae75d90604, 595.91.07, P2, 54, 296.51 W, 100 %, 100 %, 21532 MiB, 24564 MiB, 2640 MHz, 10251 MHz
2026/09/13 13:12:07.807, NVIDIA GeForce RTX 4090, GPU-457328ff-6f8e-1f53-8cc3-68ae75d90604, 595.91.07, P2, 54, 296.23 W, 100 %, 100 %, 21532 MiB, 24564 MiB, 2640 MHz, 10251 MHz
2026/09/13 13:12:08.809, NVIDIA GeForce RTX 4090, GPU-457328ff-6f8e-1f53-8cc3-68ae75d90604, 595.91.07, P2, 54, 295.89 W, 100 %, 100 %, 21532 MiB, 24564 MiB, 2640 MHz, 10251 MHz
2026/09/13 13:12:09.811, NVIDIA GeForce RTX 4090, GPU-457328ff-6f8e-1f53-8cc3-68ae75d90604, 595.91.07, P2, 54, 295.94 W, 100 %, 100 %, 21532 MiB, 24564 MiB, 2640 MHz, 10251 MHz
2026/09/13 13:12:10.813, NVIDIA GeForce RTX 4090, GPU-457328ff-6f8e-1f53-8cc3-68ae75d90604, 595.91.07, P2, 54, 296.12 W, 100 %, 100 %, 21532 MiB, 24564 MiB, 2640 MHz, 10251 MHz
2026/09/13 13:12:11.815, NVIDIA GeForce RTX 4090, GPU-457328ff-6f8e-1f53-8cc3-68ae75d90604, 595.91.07, P2, 54, 296.11 W, 100 %, 100 %, 21532 MiB, 24564 MiB, 2640 MHz, 10251 MHz
2026/09/13 13:12:12.817, NVIDIA GeForce RTX 4090, GPU-457328ff-6f8e-1f53-8cc3-68ae75d90604, 595.91.07, P2, 54, 295.82 W, 100 %, 100 %, 21532 MiB, 24564 MiB, 2640 MHz, 10251 MHz
2026/09/13 13:12:13.819, NVIDIA GeForce RTX 4090, GPU-457328ff-6f8e-1f53-8cc3-68ae75d90604, 595.91.07, P2, 54, 295.87 W, 100 %, 100 %, 21532 MiB, 24564 MiB, 2640 MHz, 10251 MHz
2026/09/13 13:12:14.822, NVIDIA GeForce RTX 4090, GPU-457328ff-6f8e-1f53-8cc3-68ae75d90604, 595.91.07, P2, 54, 293.94 W, 100 %, 100 %, 21532 MiB, 24564 MiB, 2640 MHz, 10251 MHz
2026/09/13 13:12:15.824, NVIDIA GeForce RTX 4090, GPU-457328ff-6f8e-1f53-8cc3-68ae75d90604, 595.91.07, P2, 55, 298.05 W, 100 %, 100 %, 21532 MiB, 24564 MiB, 2640 MHz, 10251 MHz
2026/09/13 13:12:16.826, NVIDIA GeForce RTX 4090, GPU-457328ff-6f8e-1f53-8cc3-68ae75d90604, 595.91.07, P2, 55, 297.80 W, 100 %, 100 %, 21532 MiB, 24564 MiB, 2640 MHz, 10251 MHz
2026/09/13 13:12:17.828, NVIDIA GeForce RTX 4090, GPU-457328ff-6f8e-1f53-8cc3-68ae75d90604, 595.91.07, P2, 55, 297.59 W, 100 %, 100 %, 21532 MiB, 24564 MiB, 2640 MHz, 10251 MHz
2026/09/13 13:12:18.829, NVIDIA GeForce RTX 4090, GPU-457328ff-6f8e-1f53-8cc3-68ae75d90604, 595.91.07, P2, 55, 297.24 W, 100 %, 100 %, 21532 MiB, 24564 MiB, 2640 MHz, 10251 MHz
2026/09/13 13:12:19.831, NVIDIA GeForce RTX 4090, GPU-457328ff-6f8e-1f53-8cc3-68ae75d90604, 595.91.07, P2, 55, 297.18 W, 100 %, 100 %, 21532 MiB, 24564 MiB, 2640 MHz, 10251 MHz
2026/09/13 13:12:20.834, NVIDIA GeForce RTX 4090, GPU-457328ff-6f8e-1f53-8cc3-68ae75d90604, 595.91.07, P2, 55, 297.00 W, 100 %, 100 %, 21532 MiB, 24564 MiB, 2640 MHz, 10251 MHz
2026/09/13 13:12:21.836, NVIDIA GeForce RTX 4090, GPU-457328ff-6f8e-1f53-8cc3-68ae75d90604, 595.91.07, P2, 55, 296.98 W, 100 %, 100 %, 21532 MiB, 24564 MiB, 2640 MHz, 10251 MHz
2026/09/13 13:12:22.838, NVIDIA GeForce RTX 4090, GPU-457328ff-6f8e-1f53-8cc3-68ae75d90604, 595.91.07, P2, 55, 297.11 W, 100 %, 100 %, 21532 MiB, 24564 MiB, 2640 MHz, 10251 MHz
2026/09/13 13:12:23.840, NVIDIA GeForce RTX 4090, GPU-457328ff-6f8e-1f53-8cc3-68ae75d90604, 595.91.07, P2, 54, 288.46 W, 100 %, 100 %, 21532 MiB, 24564 MiB, 2640 MHz, 10251 MHz
2026/09/13 13:12:24.842, NVIDIA GeForce RTX 4090, GPU-457328ff-6f8e-1f53-8cc3-68ae75d90604, 595.91.07, P2, 55, 297.83 W, 100 %, 100 %, 21532 MiB, 24564 MiB, 2640 MHz, 10251 MHz
2026/09/13 13:12:25.844, NVIDIA GeForce RTX 4090, GPU-457328ff-6f8e-1f53-8cc3-68ae75d90604, 595.91.07, P2, 55, 297.79 W, 100 %, 100 %, 21532 MiB, 24564 MiB, 2640 MHz, 10251 MHz
2026/09/13 13:12:26.846, NVIDIA GeForce RTX 4090, GPU-457328ff-6f8e-1f53-8cc3-68ae75d90604, 595.91.07, P2, 55, 297.98 W, 100 %, 100 %, 21532 MiB, 24564 MiB, 2640 MHz, 10251 MHz
2026/09/13 13:12:27.849, NVIDIA GeForce RTX 4090, GPU-457328ff-6f8e-1f53-8cc3-68ae75d90604, 595.91.07, P2, 55, 297.45 W, 100 %, 100 %, 21532 MiB, 24564 MiB, 2640 MHz, 10251 MHz
2026/09/13 13:12:28.851, NVIDIA GeForce RTX 4090, GPU-457328ff-6f8e-1f53-8cc3-68ae75d90604, 595.91.07, P2, 55, 297.14 W, 100 %, 100 %, 21532 MiB, 24564 MiB, 2640 MHz, 10251 MHz
2026/09/13 13:12:29.853, NVIDIA GeForce RTX 4090, GPU-457328ff-6f8e-1f53-8cc3-68ae75d90604, 595.91.07, P2, 55, 297.08 W, 100 %, 100 %, 21532 MiB, 24564 MiB, 2640 MHz, 10251 MHz
2026/09/13 13:12:30.855, NVIDIA GeForce RTX 4090, GPU-457328ff-6f8e-1f53-8cc3-68ae75d90604, 595.91.07, P2, 55, 297.11 W, 100 %, 100 %, 21532 MiB, 24564 MiB, 2640 MHz, 10251 MHz
2026/09/13 13:12:31.857, NVIDIA GeForce RTX 4090, GPU-457328ff-6f8e-1f53-8cc3-68ae75d90604, 595.91.07, P2, 55, 290.84 W, 100 %, 100 %, 21532 MiB, 24564 MiB, 2640 MHz, 10251 MHz
2026/09/13 13:12:32.860, NVIDIA GeForce RTX 4090, GPU-457328ff-6f8e-1f53-8cc3-68ae75d90604, 595.91.07, P2, 55, 297.29 W, 100 %, 100 %, 21532 MiB, 24564 MiB, 2640 MHz, 10251 MHz
2026/09/13 13:12:33.862, NVIDIA GeForce RTX 4090, GPU-457328ff-6f8e-1f53-8cc3-68ae75d90604, 595.91.07, P2, 55, 297.49 W, 100 %, 100 %, 21532 MiB, 24564 MiB, 2640 MHz, 10251 MHz
2026/09/13 13:12:34.864, NVIDIA GeForce RTX 4090, GPU-457328ff-6f8e-1f53-8cc3-68ae75d90604, 595.91.07, P2, 55, 297.74 W, 100 %, 100 %, 21532 MiB, 24564 MiB, 2640 MHz, 10251 MHz
2026/09/13 13:12:35.865, NVIDIA GeForce RTX 4090, GPU-457328ff-6f8e-1f53-8cc3-68ae75d90604, 595.91.07, P2, 55, 297.21 W, 100 %, 100 %, 21532 MiB, 24564 MiB, 2640 MHz, 10251 MHz
2026/09/13 13:12:36.867, NVIDIA GeForce RTX 4090, GPU-457328ff-6f8e-1f53-8cc3-68ae75d90604, 595.91.07, P2, 55, 297.56 W, 100 %, 100 %, 21532 MiB, 24564 MiB, 2640 MHz, 10251 MHz
2026/09/13 13:12:37.869, NVIDIA GeForce RTX 4090, GPU-457328ff-6f8e-1f53-8cc3-68ae75d90604, 595.91.07, P2, 55, 297.38 W, 100 %, 100 %, 21532 MiB, 24564 MiB, 2640 MHz, 10251 MHz
2026/09/13 13:12:38.871, NVIDIA GeForce RTX 4090, GPU-457328ff-6f8e-1f53-8cc3-68ae75d90604, 595.91.07, P2, 55, 297.08 W, 100 %, 100 %, 21532 MiB, 24564 MiB, 2640 MHz, 10251 MHz
2026/09/13 13:12:39.873, NVIDIA GeForce RTX 4090, GPU-457328ff-6f8e-1f53-8cc3-68ae75d90604, 595.91.07, P2, 55, 296.64 W, 100 %, 100 %, 21532 MiB, 24564 MiB, 2640 MHz, 10251 MHz
2026/09/13 13:12:40.875, NVIDIA GeForce RTX 4090, GPU-457328ff-6f8e-1f53-8cc3-68ae75d90604, 595.91.07, P2, 55, 296.83 W, 100 %, 100 %, 21532 MiB, 24564 MiB, 2640 MHz, 10251 MHz
2026/09/13 13:12:41.876, NVIDIA GeForce RTX 4090, GPU-457328ff-6f8e-1f53-8cc3-68ae75d90604, 595.91.07, P2, 55, 296.64 W, 100 %, 100 %, 21532 MiB, 24564 MiB, 2640 MHz, 10251 MHz
2026/09/13 13:12:42.878, NVIDIA GeForce RTX 4090, GPU-457328ff-6f8e-1f53-8cc3-68ae75d90604, 595.91.07, P2, 55, 296.57 W, 100 %, 100 %, 21532 MiB, 24564 MiB, 2640 MHz, 10251 MHz
2026/09/13 13:12:43.880, NVIDIA GeForce RTX 4090, GPU-457328ff-6f8e-1f53-8cc3-68ae75d90604, 595.91.07, P2, 55, 296.38 W, 100 %, 100 %, 21532 MiB, 24564 MiB, 2640 MHz, 10251 MHz
2026/09/13 13:12:44.882, NVIDIA GeForce RTX 4090, GPU-457328ff-6f8e-1f53-8cc3-68ae75d90604, 595.91.07, P2, 55, 288.40 W, 100 %, 100 %, 21532 MiB, 24564 MiB, 2640 MHz, 10251 MHz
2026/09/13 13:12:45.884, NVIDIA GeForce RTX 4090, GPU-457328ff-6f8e-1f53-8cc3-68ae75d90604, 595.91.07, P2, 55, 298.40 W, 100 %, 100 %, 21532 MiB, 24564 MiB, 2640 MHz, 10251 MHz
2026/09/13 13:12:46.886, NVIDIA GeForce RTX 4090, GPU-457328ff-6f8e-1f53-8cc3-68ae75d90604, 595.91.07, P2, 55, 298.47 W, 100 %, 100 %, 21532 MiB, 24564 MiB, 2640 MHz, 10251 MHz
2026/09/13 13:12:47.889, NVIDIA GeForce RTX 4090, GPU-457328ff-6f8e-1f53-8cc3-68ae75d90604, 595.91.07, P2, 55, 298.07 W, 100 %, 100 %, 21532 MiB, 24564 MiB, 2640 MHz, 10251 MHz
2026/09/13 13:12:48.890, NVIDIA GeForce RTX 4090, GPU-457328ff-6f8e-1f53-8cc3-68ae75d90604, 595.91.07, P2, 55, 297.72 W, 100 %, 100 %, 21532 MiB, 24564 MiB, 2640 MHz, 10251 MHz
2026/09/13 13:12:49.893, NVIDIA GeForce RTX 4090, GPU-457328ff-6f8e-1f53-8cc3-68ae75d90604, 595.91.07, P2, 55, 297.35 W, 100 %, 100 %, 21532 MiB, 24564 MiB, 2640 MHz, 10251 MHz
2026/09/13 13:12:50.895, NVIDIA GeForce RTX 4090, GPU-457328ff-6f8e-1f53-8cc3-68ae75d90604, 595.91.07, P2, 55, 297.39 W, 100 %, 100 %, 21532 MiB, 24564 MiB, 2640 MHz, 10251 MHz
2026/09/13 13:12:51.897, NVIDIA GeForce RTX 4090, GPU-457328ff-6f8e-1f53-8cc3-68ae75d90604, 595.91.07, P2, 55, 296.89 W, 100 %, 100 %, 21532 MiB, 24564 MiB, 2640 MHz, 10251 MHz
2026/09/13 13:12:52.900, NVIDIA GeForce RTX 4090, GPU-457328ff-6f8e-1f53-8cc3-68ae75d90604, 595.91.07, P2, 55, 297.39 W, 100 %, 100 %, 21532 MiB, 24564 MiB, 2640 MHz, 10251 MHz
2026/09/13 13:12:53.902, NVIDIA GeForce RTX 4090, GPU-457328ff-6f8e-1f53-8cc3-68ae75d90604, 595.91.07, P2, 55, 297.29 W, 100 %, 100 %, 21532 MiB, 24564 MiB, 2640 MHz, 10251 MHz
2026/09/13 13:12:54.904, NVIDIA GeForce RTX 4090, GPU-457328ff-6f8e-1f53-8cc3-68ae75d90604, 595.91.07, P2, 55, 297.34 W, 100 %, 100 %, 21532 MiB, 24564 MiB, 2640 MHz, 10251 MHz
2026/09/13 13:12:55.906, NVIDIA GeForce RTX 4090, GPU-457328ff-6f8e-1f53-8cc3-68ae75d90604, 595.91.07, P2, 55, 297.15 W, 100 %, 100 %, 21532 MiB, 24564 MiB, 2640 MHz, 10251 MHz
2026/09/13 13:12:56.908, NVIDIA GeForce RTX 4090, GPU-457328ff-6f8e-1f53-8cc3-68ae75d90604, 595.91.07, P2, 55, 296.89 W, 100 %, 100 %, 21532 MiB, 24564 MiB, 2640 MHz, 10251 MHz
2026/09/13 13:12:57.910, NVIDIA GeForce RTX 4090, GPU-457328ff-6f8e-1f53-8cc3-68ae75d90604, 595.91.07, P2, 55, 296.37 W, 100 %, 100 %, 21532 MiB, 24564 MiB, 2640 MHz, 10251 MHz
2026/09/13 13:12:58.913, NVIDIA GeForce RTX 4090, GPU-457328ff-6f8e-1f53-8cc3-68ae75d90604, 595.91.07, P2, 55, 296.47 W, 100 %, 100 %, 21532 MiB, 24564 MiB, 2640 MHz, 10251 MHz
2026/09/13 13:12:59.915, NVIDIA GeForce RTX 4090, GPU-457328ff-6f8e-1f53-8cc3-68ae75d90604, 595.91.07, P2, 55, 296.50 W, 100 %, 100 %, 21532 MiB, 24564 MiB, 2640 MHz, 10251 MHz
2026/09/13 13:13:00.917, NVIDIA GeForce RTX 4090, GPU-457328ff-6f8e-1f53-8cc3-68ae75d90604, 595.91.07, P2, 55, 296.73 W, 100 %, 100 %, 21532 MiB, 24564 MiB, 2640 MHz, 10251 MHz
2026/09/13 13:13:01.920, NVIDIA GeForce RTX 4090, GPU-457328ff-6f8e-1f53-8cc3-68ae75d90604, 595.91.07, P2, 55, 296.80 W, 100 %, 100 %, 21532 MiB, 24564 MiB, 2640 MHz, 10251 MHz
2026/09/13 13:13:02.922, NVIDIA GeForce RTX 4090, GPU-457328ff-6f8e-1f53-8cc3-68ae75d90604, 595.91.07, P2, 55, 296.78 W, 100 %, 100 %, 21532 MiB, 24564 MiB, 2640 MHz, 10251 MHz
2026/09/13 13:13:03.925, NVIDIA GeForce RTX 4090, GPU-457328ff-6f8e-1f53-8cc3-68ae75d90604, 595.91.07, P2, 55, 296.29 W, 100 %, 100 %, 21532 MiB, 24564 MiB, 2640 MHz, 10251 MHz
2026/09/13 13:13:04.927, NVIDIA GeForce RTX 4090, GPU-457328ff-6f8e-1f53-8cc3-68ae75d90604, 595.91.07, P2, 55, 296.54 W, 100 %, 100 %, 21532 MiB, 24564 MiB, 2640 MHz, 10251 MHz
2026/09/13 13:13:05.930, NVIDIA GeForce RTX 4090, GPU-457328ff-6f8e-1f53-8cc3-68ae75d90604, 595.91.07, P2, 55, 296.80 W, 100 %, 100 %, 21532 MiB, 24564 MiB, 2640 MHz, 10251 MHz
2026/09/13 13:13:06.932, NVIDIA GeForce RTX 4090, GPU-457328ff-6f8e-1f53-8cc3-68ae75d90604, 595.91.07, P2, 55, 297.01 W, 100 %, 100 %, 21532 MiB, 24564 MiB, 2640 MHz, 10251 MHz
2026/09/13 13:13:07.935, NVIDIA GeForce RTX 4090, GPU-457328ff-6f8e-1f53-8cc3-68ae75d90604, 595.91.07, P2, 55, 288.10 W, 100 %, 100 %, 21532 MiB, 24564 MiB, 2640 MHz, 10251 MHz
2026/09/13 13:13:08.936, NVIDIA GeForce RTX 4090, GPU-457328ff-6f8e-1f53-8cc3-68ae75d90604, 595.91.07, P2, 55, 298.77 W, 100 %, 100 %, 21532 MiB, 24564 MiB, 2640 MHz, 10251 MHz
2026/09/13 13:13:09.937, NVIDIA GeForce RTX 4090, GPU-457328ff-6f8e-1f53-8cc3-68ae75d90604, 595.91.07, P2, 55, 298.42 W, 100 %, 100 %, 21532 MiB, 24564 MiB, 2640 MHz, 10251 MHz
2026/09/13 13:13:10.939, NVIDIA GeForce RTX 4090, GPU-457328ff-6f8e-1f53-8cc3-68ae75d90604, 595.91.07, P2, 55, 298.36 W, 100 %, 100 %, 21532 MiB, 24564 MiB, 2640 MHz, 10251 MHz
2026/09/13 13:13:11.942, NVIDIA GeForce RTX 4090, GPU-457328ff-6f8e-1f53-8cc3-68ae75d90604, 595.91.07, P2, 55, 298.06 W, 100 %, 100 %, 21532 MiB, 24564 MiB, 2640 MHz, 10251 MHz
2026/09/13 13:13:12.944, NVIDIA GeForce RTX 4090, GPU-457328ff-6f8e-1f53-8cc3-68ae75d90604, 595.91.07, P2, 55, 297.81 W, 100 %, 100 %, 21532 MiB, 24564 MiB, 2640 MHz, 10251 MHz
2026/09/13 13:13:13.946, NVIDIA GeForce RTX 4090, GPU-457328ff-6f8e-1f53-8cc3-68ae75d90604, 595.91.07, P2, 55, 297.62 W, 100 %, 100 %, 21532 MiB, 24564 MiB, 2640 MHz, 10251 MHz
2026/09/13 13:13:14.949, NVIDIA GeForce RTX 4090, GPU-457328ff-6f8e-1f53-8cc3-68ae75d90604, 595.91.07, P2, 55, 297.13 W, 100 %, 100 %, 21532 MiB, 24564 MiB, 2640 MHz, 10251 MHz
2026/09/13 13:13:15.952, NVIDIA GeForce RTX 4090, GPU-457328ff-6f8e-1f53-8cc3-68ae75d90604, 595.91.07, P2, 55, 297.72 W, 100 %, 100 %, 21532 MiB, 24564 MiB, 2640 MHz, 10251 MHz
2026/09/13 13:13:16.954, NVIDIA GeForce RTX 4090, GPU-457328ff-6f8e-1f53-8cc3-68ae75d90604, 595.91.07, P2, 55, 297.43 W, 100 %, 100 %, 21532 MiB, 24564 MiB, 2640 MHz, 10251 MHz
2026/09/13 13:13:17.955, NVIDIA GeForce RTX 4090, GPU-457328ff-6f8e-1f53-8cc3-68ae75d90604, 595.91.07, P2, 55, 297.49 W, 100 %, 100 %, 21532 MiB, 24564 MiB, 2640 MHz, 10251 MHz
2026/09/13 13:13:18.957, NVIDIA GeForce RTX 4090, GPU-457328ff-6f8e-1f53-8cc3-68ae75d90604, 595.91.07, P2, 55, 296.91 W, 100 %, 100 %, 21532 MiB, 24564 MiB, 2640 MHz, 10251 MHz
2026/09/13 13:13:19.958, NVIDIA GeForce RTX 4090, GPU-457328ff-6f8e-1f53-8cc3-68ae75d90604, 595.91.07, P2, 55, 298.46 W, 100 %, 100 %, 21532 MiB, 24564 MiB, 2640 MHz, 10251 MHz
2026/09/13 13:13:20.959, NVIDIA GeForce RTX 4090, GPU-457328ff-6f8e-1f53-8cc3-68ae75d90604, 595.91.07, P2, 55, 298.90 W, 100 %, 100 %, 21532 MiB, 24564 MiB, 2640 MHz, 10251 MHz
2026/09/13 13:13:21.963, NVIDIA GeForce RTX 4090, GPU-457328ff-6f8e-1f53-8cc3-68ae75d90604, 595.91.07, P2, 55, 298.66 W, 100 %, 100 %, 21532 MiB, 24564 MiB, 2640 MHz, 10251 MHz
2026/09/13 13:13:22.964, NVIDIA GeForce RTX 4090, GPU-457328ff-6f8e-1f53-8cc3-68ae75d90604, 595.91.07, P2, 55, 298.12 W, 100 %, 100 %, 21532 MiB, 24564 MiB, 2640 MHz, 10251 MHz
2026/09/13 13:13:23.967, NVIDIA GeForce RTX 4090, GPU-457328ff-6f8e-1f53-8cc3-68ae75d90604, 595.91.07, P2, 55, 297.94 W, 100 %, 100 %, 21532 MiB, 24564 MiB, 2640 MHz, 10251 MHz
2026/09/13 13:13:24.969, NVIDIA GeForce RTX 4090, GPU-457328ff-6f8e-1f53-8cc3-68ae75d90604, 595.91.07, P2, 55, 297.92 W, 100 %, 100 %, 21532 MiB, 24564 MiB, 2640 MHz, 10251 MHz
2026/09/13 13:13:25.972, NVIDIA GeForce RTX 4090, GPU-457328ff-6f8e-1f53-8cc3-68ae75d90604, 595.91.07, P2, 55, 297.83 W, 100 %, 100 %, 21532 MiB, 24564 MiB, 2640 MHz, 10251 MHz
2026/09/13 13:13:26.974, NVIDIA GeForce RTX 4090, GPU-457328ff-6f8e-1f53-8cc3-68ae75d90604, 595.91.07, P2, 55, 297.85 W, 100 %, 100 %, 21532 MiB, 24564 MiB, 2640 MHz, 10251 MHz
2026/09/13 13:13:27.976, NVIDIA GeForce RTX 4090, GPU-457328ff-6f8e-1f53-8cc3-68ae75d90604, 595.91.07, P2, 55, 298.08 W, 100 %, 100 %, 21532 MiB, 24564 MiB, 2640 MHz, 10251 MHz
2026/09/13 13:13:28.978, NVIDIA GeForce RTX 4090, GPU-457328ff-6f8e-1f53-8cc3-68ae75d90604, 595.91.07, P2, 55, 297.77 W, 100 %, 100 %, 21532 MiB, 24564 MiB, 2640 MHz, 10251 MHz
2026/09/13 13:13:29.980, NVIDIA GeForce RTX 4090, GPU-457328ff-6f8e-1f53-8cc3-68ae75d90604, 595.91.07, P2, 55, 297.42 W, 100 %, 100 %, 21532 MiB, 24564 MiB, 2640 MHz, 10251 MHz
2026/09/13 13:13:30.982, NVIDIA GeForce RTX 4090, GPU-457328ff-6f8e-1f53-8cc3-68ae75d90604, 595.91.07, P2, 55, 289.68 W, 51 %, 49 %, 21532 MiB, 24564 MiB, 2640 MHz, 10251 MHz
2026/09/13 13:13:31.984, NVIDIA GeForce RTX 4090, GPU-457328ff-6f8e-1f53-8cc3-68ae75d90604, 595.91.07, P2, 55, 291.24 W, 100 %, 100 %, 21532 MiB, 24564 MiB, 2640 MHz, 10251 MHz
2026/09/13 13:13:32.986, NVIDIA GeForce RTX 4090, GPU-457328ff-6f8e-1f53-8cc3-68ae75d90604, 595.91.07, P2, 55, 299.14 W, 100 %, 100 %, 21532 MiB, 24564 MiB, 2640 MHz, 10251 MHz
2026/09/13 13:13:33.988, NVIDIA GeForce RTX 4090, GPU-457328ff-6f8e-1f53-8cc3-68ae75d90604, 595.91.07, P2, 55, 299.41 W, 100 %, 100 %, 21532 MiB, 24564 MiB, 2640 MHz, 10251 MHz
2026/09/13 13:13:34.990, NVIDIA GeForce RTX 4090, GPU-457328ff-6f8e-1f53-8cc3-68ae75d90604, 595.91.07, P2, 55, 298.87 W, 100 %, 100 %, 21532 MiB, 24564 MiB, 2640 MHz, 10251 MHz
2026/09/13 13:13:35.992, NVIDIA GeForce RTX 4090, GPU-457328ff-6f8e-1f53-8cc3-68ae75d90604, 595.91.07, P2, 55, 298.67 W, 100 %, 100 %, 21532 MiB, 24564 MiB, 2640 MHz, 10251 MHz
2026/09/13 13:13:36.994, NVIDIA GeForce RTX 4090, GPU-457328ff-6f8e-1f53-8cc3-68ae75d90604, 595.91.07, P2, 55, 298.27 W, 100 %, 100 %, 21532 MiB, 24564 MiB, 2640 MHz, 10251 MHz
2026/09/13 13:13:37.996, NVIDIA GeForce RTX 4090, GPU-457328ff-6f8e-1f53-8cc3-68ae75d90604, 595.91.07, P2, 55, 298.09 W, 100 %, 100 %, 21532 MiB, 24564 MiB, 2640 MHz, 10251 MHz
2026/09/13 13:13:38.999, NVIDIA GeForce RTX 4090, GPU-457328ff-6f8e-1f53-8cc3-68ae75d90604, 595.91.07, P2, 55, 297.61 W, 100 %, 100 %, 21532 MiB, 24564 MiB, 2640 MHz, 10251 MHz
2026/09/13 13:13:40.000, NVIDIA GeForce RTX 4090, GPU-457328ff-6f8e-1f53-8cc3-68ae75d90604, 595.91.07, P2, 55, 297.85 W, 100 %, 100 %, 21532 MiB, 24564 MiB, 2640 MHz, 10251 MHz
2026/09/13 13:13:41.002, NVIDIA GeForce RTX 4090, GPU-457328ff-6f8e-1f53-8cc3-68ae75d90604, 595.91.07, P2, 55, 298.00 W, 100 %, 100 %, 21532 MiB, 24564 MiB, 2640 MHz, 10251 MHz
2026/09/13 13:13:42.004, NVIDIA GeForce RTX 4090, GPU-457328ff-6f8e-1f53-8cc3-68ae75d90604, 595.91.07, P2, 55, 297.86 W, 100 %, 100 %, 21532 MiB, 24564 MiB, 2640 MHz, 10251 MHz
2026/09/13 13:13:43.006, NVIDIA GeForce RTX 4090, GPU-457328ff-6f8e-1f53-8cc3-68ae75d90604, 595.91.07, P2, 55, 297.50 W, 100 %, 100 %, 21532 MiB, 24564 MiB, 2640 MHz, 10251 MHz
2026/09/13 13:13:44.008, NVIDIA GeForce RTX 4090, GPU-457328ff-6f8e-1f53-8cc3-68ae75d90604, 595.91.07, P2, 55, 297.61 W, 100 %, 100 %, 21532 MiB, 24564 MiB, 2640 MHz, 10251 MHz
2026/09/13 13:13:45.010, NVIDIA GeForce RTX 4090, GPU-457328ff-6f8e-1f53-8cc3-68ae75d90604, 595.91.07, P2, 55, 297.47 W, 100 %, 100 %, 21532 MiB, 24564 MiB, 2640 MHz, 10251 MHz
2026/09/13 13:13:46.012, NVIDIA GeForce RTX 4090, GPU-457328ff-6f8e-1f53-8cc3-68ae75d90604, 595.91.07, P2, 55, 297.23 W, 100 %, 100 %, 21532 MiB, 24564 MiB, 2640 MHz, 10251 MHz
2026/09/13 13:13:47.014, NVIDIA GeForce RTX 4090, GPU-457328ff-6f8e-1f53-8cc3-68ae75d90604, 595.91.07, P2, 55, 297.34 W, 100 %, 100 %, 21532 MiB, 24564 MiB, 2640 MHz, 10251 MHz
2026/09/13 13:13:48.015, NVIDIA GeForce RTX 4090, GPU-457328ff-6f8e-1f53-8cc3-68ae75d90604, 595.91.07, P2, 55, 297.32 W, 100 %, 100 %, 21532 MiB, 24564 MiB, 2640 MHz, 10251 MHz
2026/09/13 13:13:49.017, NVIDIA GeForce RTX 4090, GPU-457328ff-6f8e-1f53-8cc3-68ae75d90604, 595.91.07, P2, 55, 297.36 W, 100 %, 100 %, 21532 MiB, 24564 MiB, 2640 MHz, 10251 MHz
2026/09/13 13:13:50.019, NVIDIA GeForce RTX 4090, GPU-457328ff-6f8e-1f53-8cc3-68ae75d90604, 595.91.07, P2, 55, 297.24 W, 100 %, 100 %, 21532 MiB, 24564 MiB, 2640 MHz, 10251 MHz
2026/09/13 13:13:51.021, NVIDIA GeForce RTX 4090, GPU-457328ff-6f8e-1f53-8cc3-68ae75d90604, 595.91.07, P2, 55, 297.49 W, 100 %, 100 %, 21532 MiB, 24564 MiB, 2640 MHz, 10251 MHz
2026/09/13 13:13:52.048, NVIDIA GeForce RTX 4090, GPU-457328ff-6f8e-1f53-8cc3-68ae75d90604, 595.91.07, P2, 55, 297.67 W, 100 %, 100 %, 21532 MiB, 24564 MiB, 2640 MHz, 10251 MHz
2026/09/13 13:13:53.050, NVIDIA GeForce RTX 4090, GPU-457328ff-6f8e-1f53-8cc3-68ae75d90604, 595.91.07, P2, 55, 297.74 W, 100 %, 100 %, 21532 MiB, 24564 MiB, 2640 MHz, 10251 MHz
2026/09/13 13:13:54.052, NVIDIA GeForce RTX 4090, GPU-457328ff-6f8e-1f53-8cc3-68ae75d90604, 595.91.07, P2, 55, 297.36 W, 100 %, 100 %, 21532 MiB, 24564 MiB, 2640 MHz, 10251 MHz
2026/09/13 13:13:55.054, NVIDIA GeForce RTX 4090, GPU-457328ff-6f8e-1f53-8cc3-68ae75d90604, 595.91.07, P2, 55, 296.99 W, 100 %, 100 %, 21532 MiB, 24564 MiB, 2640 MHz, 10251 MHz
2026/09/13 13:13:56.056, NVIDIA GeForce RTX 4090, GPU-457328ff-6f8e-1f53-8cc3-68ae75d90604, 595.91.07, P2, 55, 296.99 W, 100 %, 100 %, 21532 MiB, 24564 MiB, 2640 MHz, 10251 MHz
2026/09/13 13:13:57.057, NVIDIA GeForce RTX 4090, GPU-457328ff-6f8e-1f53-8cc3-68ae75d90604, 595.91.07, P2, 55, 297.11 W, 100 %, 100 %, 21532 MiB, 24564 MiB, 2640 MHz, 10251 MHz
2026/09/13 13:13:58.059, NVIDIA GeForce RTX 4090, GPU-457328ff-6f8e-1f53-8cc3-68ae75d90604, 595.91.07, P2, 56, 297.21 W, 100 %, 100 %, 21532 MiB, 24564 MiB, 2640 MHz, 10251 MHz
2026/09/13 13:13:59.060, NVIDIA GeForce RTX 4090, GPU-457328ff-6f8e-1f53-8cc3-68ae75d90604, 595.91.07, P2, 56, 296.94 W, 100 %, 100 %, 21532 MiB, 24564 MiB, 2640 MHz, 10251 MHz
2026/09/13 13:14:00.062, NVIDIA GeForce RTX 4090, GPU-457328ff-6f8e-1f53-8cc3-68ae75d90604, 595.91.07, P2, 56, 296.93 W, 100 %, 100 %, 21532 MiB, 24564 MiB, 2640 MHz, 10251 MHz
2026/09/13 13:14:01.063, NVIDIA GeForce RTX 4090, GPU-457328ff-6f8e-1f53-8cc3-68ae75d90604, 595.91.07, P2, 56, 296.90 W, 100 %, 100 %, 21532 MiB, 24564 MiB, 2640 MHz, 10251 MHz
2026/09/13 13:14:02.065, NVIDIA GeForce RTX 4090, GPU-457328ff-6f8e-1f53-8cc3-68ae75d90604, 595.91.07, P2, 56, 296.90 W, 100 %, 100 %, 21532 MiB, 24564 MiB, 2640 MHz, 10251 MHz
2026/09/13 13:14:03.066, NVIDIA GeForce RTX 4090, GPU-457328ff-6f8e-1f53-8cc3-68ae75d90604, 595.91.07, P2, 56, 296.70 W, 100 %, 100 %, 21532 MiB, 24564 MiB, 2640 MHz, 10251 MHz
2026/09/13 13:14:04.068, NVIDIA GeForce RTX 4090, GPU-457328ff-6f8e-1f53-8cc3-68ae75d90604, 595.91.07, P2, 56, 296.98 W, 100 %, 100 %, 21532 MiB, 24564 MiB, 2640 MHz, 10251 MHz
2026/09/13 13:14:05.070, NVIDIA GeForce RTX 4090, GPU-457328ff-6f8e-1f53-8cc3-68ae75d90604, 595.91.07, P2, 56, 296.79 W, 100 %, 100 %, 21532 MiB, 24564 MiB, 2640 MHz, 10251 MHz
2026/09/13 13:14:06.071, NVIDIA GeForce RTX 4090, GPU-457328ff-6f8e-1f53-8cc3-68ae75d90604, 595.91.07, P2, 56, 296.65 W, 100 %, 100 %, 21532 MiB, 24564 MiB, 2640 MHz, 10251 MHz
2026/09/13 13:14:07.072, NVIDIA GeForce RTX 4090, GPU-457328ff-6f8e-1f53-8cc3-68ae75d90604, 595.91.07, P2, 56, 296.76 W, 100 %, 100 %, 21532 MiB, 24564 MiB, 2640 MHz, 10251 MHz
2026/09/13 13:14:08.074, NVIDIA GeForce RTX 4090, GPU-457328ff-6f8e-1f53-8cc3-68ae75d90604, 595.91.07, P2, 56, 297.18 W, 100 %, 100 %, 21532 MiB, 24564 MiB, 2640 MHz, 10251 MHz
2026/09/13 13:14:09.075, NVIDIA GeForce RTX 4090, GPU-457328ff-6f8e-1f53-8cc3-68ae75d90604, 595.91.07, P2, 56, 297.56 W, 100 %, 100 %, 21532 MiB, 24564 MiB, 2640 MHz, 10251 MHz
2026/09/13 13:14:10.077, NVIDIA GeForce RTX 4090, GPU-457328ff-6f8e-1f53-8cc3-68ae75d90604, 595.91.07, P2, 56, 296.93 W, 100 %, 100 %, 21532 MiB, 24564 MiB, 2640 MHz, 10251 MHz
2026/09/13 13:14:11.078, NVIDIA GeForce RTX 4090, GPU-457328ff-6f8e-1f53-8cc3-68ae75d90604, 595.91.07, P2, 56, 296.66 W, 100 %, 100 %, 21532 MiB, 24564 MiB, 2640 MHz, 10251 MHz
2026/09/13 13:14:12.080, NVIDIA GeForce RTX 4090, GPU-457328ff-6f8e-1f53-8cc3-68ae75d90604, 595.91.07, P2, 52, 283.13 W, 37 %, 32 %, 21532 MiB, 24564 MiB, 2640 MHz, 10251 MHz
2026/09/13 13:14:13.081, NVIDIA GeForce RTX 4090, GPU-457328ff-6f8e-1f53-8cc3-68ae75d90604, 595.91.07, P2, 56, 287.38 W, 100 %, 100 %, 21532 MiB, 24564 MiB, 2640 MHz, 10251 MHz
2026/09/13 13:14:14.082, NVIDIA GeForce RTX 4090, GPU-457328ff-6f8e-1f53-8cc3-68ae75d90604, 595.91.07, P2, 56, 298.80 W, 100 %, 100 %, 21532 MiB, 24564 MiB, 2640 MHz, 10251 MHz
2026/09/13 13:14:15.084, NVIDIA GeForce RTX 4090, GPU-457328ff-6f8e-1f53-8cc3-68ae75d90604, 595.91.07, P2, 56, 298.60 W, 100 %, 100 %, 21532 MiB, 24564 MiB, 2640 MHz, 10251 MHz
2026/09/13 13:14:16.086, NVIDIA GeForce RTX 4090, GPU-457328ff-6f8e-1f53-8cc3-68ae75d90604, 595.91.07, P2, 56, 298.83 W, 100 %, 100 %, 21532 MiB, 24564 MiB, 2640 MHz, 10251 MHz
2026/09/13 13:14:17.088, NVIDIA GeForce RTX 4090, GPU-457328ff-6f8e-1f53-8cc3-68ae75d90604, 595.91.07, P2, 56, 298.92 W, 100 %, 100 %, 21532 MiB, 24564 MiB, 2640 MHz, 10251 MHz
2026/09/13 13:14:18.089, NVIDIA GeForce RTX 4090, GPU-457328ff-6f8e-1f53-8cc3-68ae75d90604, 595.91.07, P2, 56, 298.71 W, 100 %, 100 %, 21532 MiB, 24564 MiB, 2640 MHz, 10251 MHz
2026/09/13 13:14:19.091, NVIDIA GeForce RTX 4090, GPU-457328ff-6f8e-1f53-8cc3-68ae75d90604, 595.91.07, P2, 56, 298.74 W, 100 %, 100 %, 21532 MiB, 24564 MiB, 2640 MHz, 10251 MHz
2026/09/13 13:14:20.092, NVIDIA GeForce RTX 4090, GPU-457328ff-6f8e-1f53-8cc3-68ae75d90604, 595.91.07, P2, 56, 298.06 W, 100 %, 100 %, 21532 MiB, 24564 MiB, 2640 MHz, 10251 MHz
2026/09/13 13:14:21.094, NVIDIA GeForce RTX 4090, GPU-457328ff-6f8e-1f53-8cc3-68ae75d90604, 595.91.07, P2, 56, 297.81 W, 100 %, 100 %, 21532 MiB, 24564 MiB, 2640 MHz, 10251 MHz
2026/09/13 13:14:22.096, NVIDIA GeForce RTX 4090, GPU-457328ff-6f8e-1f53-8cc3-68ae75d90604, 595.91.07, P2, 56, 297.71 W, 100 %, 100 %, 21532 MiB, 24564 MiB, 2640 MHz, 10251 MHz
2026/09/13 13:14:23.097, NVIDIA GeForce RTX 4090, GPU-457328ff-6f8e-1f53-8cc3-68ae75d90604, 595.91.07, P2, 56, 297.51 W, 100 %, 100 %, 21532 MiB, 24564 MiB, 2640 MHz, 10251 MHz
2026/09/13 13:14:24.099, NVIDIA GeForce RTX 4090, GPU-457328ff-6f8e-1f53-8cc3-68ae75d90604, 595.91.07, P2, 56, 297.42 W, 100 %, 100 %, 21532 MiB, 24564 MiB, 2640 MHz, 10251 MHz
2026/09/13 13:14:25.101, NVIDIA GeForce RTX 4090, GPU-457328ff-6f8e-1f53-8cc3-68ae75d90604, 595.91.07, P2, 56, 297.37 W, 100 %, 100 %, 21532 MiB, 24564 MiB, 2640 MHz, 10251 MHz
2026/09/13 13:14:26.103, NVIDIA GeForce RTX 4090, GPU-457328ff-6f8e-1f53-8cc3-68ae75d90604, 595.91.07, P2, 56, 297.37 W, 100 %, 100 %, 21532 MiB, 24564 MiB, 2640 MHz, 10251 MHz
2026/09/13 13:14:27.106, NVIDIA GeForce RTX 4090, GPU-457328ff-6f8e-1f53-8cc3-68ae75d90604, 595.91.07, P2, 56, 297.38 W, 100 %, 100 %, 21532 MiB, 24564 MiB, 2640 MHz, 10251 MHz
2026/09/13 13:14:28.107, NVIDIA GeForce RTX 4090, GPU-457328ff-6f8e-1f53-8cc3-68ae75d90604, 595.91.07, P2, 56, 297.32 W, 100 %, 100 %, 21532 MiB, 24564 MiB, 2640 MHz, 10251 MHz
2026/09/13 13:14:29.109, NVIDIA GeForce RTX 4090, GPU-457328ff-6f8e-1f53-8cc3-68ae75d90604, 595.91.07, P2, 56, 297.14 W, 100 %, 100 %, 21532 MiB, 24564 MiB, 2640 MHz, 10251 MHz
2026/09/13 13:14:30.112, NVIDIA GeForce RTX 4090, GPU-457328ff-6f8e-1f53-8cc3-68ae75d90604, 595.91.07, P2, 56, 296.83 W, 100 %, 100 %, 21532 MiB, 24564 MiB, 2640 MHz, 10251 MHz
2026/09/13 13:14:31.114, NVIDIA GeForce RTX 4090, GPU-457328ff-6f8e-1f53-8cc3-68ae75d90604, 595.91.07, P2, 56, 296.86 W, 100 %, 100 %, 21532 MiB, 24564 MiB, 2640 MHz, 10251 MHz
2026/09/13 13:14:32.117, NVIDIA GeForce RTX 4090, GPU-457328ff-6f8e-1f53-8cc3-68ae75d90604, 595.91.07, P2, 56, 296.88 W, 100 %, 100 %, 21532 MiB, 24564 MiB, 2640 MHz, 10251 MHz
2026/09/13 13:14:33.118, NVIDIA GeForce RTX 4090, GPU-457328ff-6f8e-1f53-8cc3-68ae75d90604, 595.91.07, P2, 56, 297.27 W, 100 %, 100 %, 21532 MiB, 24564 MiB, 2640 MHz, 10251 MHz
2026/09/13 13:14:34.120, NVIDIA GeForce RTX 4090, GPU-457328ff-6f8e-1f53-8cc3-68ae75d90604, 595.91.07, P2, 56, 295.47 W, 76 %, 74 %, 21532 MiB, 24564 MiB, 2640 MHz, 10251 MHz
2026/09/13 13:14:35.122, NVIDIA GeForce RTX 4090, GPU-457328ff-6f8e-1f53-8cc3-68ae75d90604, 595.91.07, P2, 56, 296.56 W, 100 %, 100 %, 21532 MiB, 24564 MiB, 2640 MHz, 10251 MHz
2026/09/13 13:14:36.124, NVIDIA GeForce RTX 4090, GPU-457328ff-6f8e-1f53-8cc3-68ae75d90604, 595.91.07, P2, 56, 299.23 W, 100 %, 100 %, 21532 MiB, 24564 MiB, 2640 MHz, 10251 MHz
2026/09/13 13:14:37.126, NVIDIA GeForce RTX 4090, GPU-457328ff-6f8e-1f53-8cc3-68ae75d90604, 595.91.07, P2, 56, 298.87 W, 100 %, 100 %, 21532 MiB, 24564 MiB, 2640 MHz, 10251 MHz
2026/09/13 13:14:38.129, NVIDIA GeForce RTX 4090, GPU-457328ff-6f8e-1f53-8cc3-68ae75d90604, 595.91.07, P2, 56, 299.10 W, 100 %, 100 %, 21532 MiB, 24564 MiB, 2640 MHz, 10251 MHz
2026/09/13 13:14:39.131, NVIDIA GeForce RTX 4090, GPU-457328ff-6f8e-1f53-8cc3-68ae75d90604, 595.91.07, P2, 56, 299.01 W, 100 %, 100 %, 21532 MiB, 24564 MiB, 2640 MHz, 10251 MHz
2026/09/13 13:14:40.133, NVIDIA GeForce RTX 4090, GPU-457328ff-6f8e-1f53-8cc3-68ae75d90604, 595.91.07, P2, 56, 298.95 W, 100 %, 100 %, 21532 MiB, 24564 MiB, 2640 MHz, 10251 MHz
2026/09/13 13:14:41.136, NVIDIA GeForce RTX 4090, GPU-457328ff-6f8e-1f53-8cc3-68ae75d90604, 595.91.07, P2, 56, 298.28 W, 100 %, 100 %, 21532 MiB, 24564 MiB, 2640 MHz, 10251 MHz
2026/09/13 13:14:42.139, NVIDIA GeForce RTX 4090, GPU-457328ff-6f8e-1f53-8cc3-68ae75d90604, 595.91.07, P2, 56, 298.00 W, 100 %, 100 %, 21532 MiB, 24564 MiB, 2640 MHz, 10251 MHz
2026/09/13 13:14:43.142, NVIDIA GeForce RTX 4090, GPU-457328ff-6f8e-1f53-8cc3-68ae75d90604, 595.91.07, P2, 56, 297.73 W, 100 %, 100 %, 21532 MiB, 24564 MiB, 2640 MHz, 10251 MHz
2026/09/13 13:14:44.144, NVIDIA GeForce RTX 4090, GPU-457328ff-6f8e-1f53-8cc3-68ae75d90604, 595.91.07, P2, 56, 297.21 W, 100 %, 100 %, 21532 MiB, 24564 MiB, 2640 MHz, 10251 MHz
2026/09/13 13:14:45.146, NVIDIA GeForce RTX 4090, GPU-457328ff-6f8e-1f53-8cc3-68ae75d90604, 595.91.07, P2, 56, 297.27 W, 100 %, 100 %, 21532 MiB, 24564 MiB, 2640 MHz, 10251 MHz
2026/09/13 13:14:46.149, NVIDIA GeForce RTX 4090, GPU-457328ff-6f8e-1f53-8cc3-68ae75d90604, 595.91.07, P2, 56, 297.25 W, 100 %, 100 %, 21532 MiB, 24564 MiB, 2640 MHz, 10251 MHz
2026/09/13 13:14:47.151, NVIDIA GeForce RTX 4090, GPU-457328ff-6f8e-1f53-8cc3-68ae75d90604, 595.91.07, P2, 56, 290.48 W, 100 %, 100 %, 21532 MiB, 24564 MiB, 2640 MHz, 10251 MHz
2026/09/13 13:14:48.154, NVIDIA GeForce RTX 4090, GPU-457328ff-6f8e-1f53-8cc3-68ae75d90604, 595.91.07, P2, 56, 299.09 W, 100 %, 100 %, 21532 MiB, 24564 MiB, 2640 MHz, 10251 MHz
2026/09/13 13:14:49.157, NVIDIA GeForce RTX 4090, GPU-457328ff-6f8e-1f53-8cc3-68ae75d90604, 595.91.07, P2, 56, 299.23 W, 100 %, 100 %, 21532 MiB, 24564 MiB, 2640 MHz, 10251 MHz
2026/09/13 13:14:50.160, NVIDIA GeForce RTX 4090, GPU-457328ff-6f8e-1f53-8cc3-68ae75d90604, 595.91.07, P2, 56, 298.92 W, 100 %, 100 %, 21532 MiB, 24564 MiB, 2640 MHz, 10251 MHz
2026/09/13 13:14:51.162, NVIDIA GeForce RTX 4090, GPU-457328ff-6f8e-1f53-8cc3-68ae75d90604, 595.91.07, P2, 56, 298.66 W, 100 %, 100 %, 21532 MiB, 24564 MiB, 2640 MHz, 10251 MHz
2026/09/13 13:14:52.165, NVIDIA GeForce RTX 4090, GPU-457328ff-6f8e-1f53-8cc3-68ae75d90604, 595.91.07, P2, 56, 298.12 W, 100 %, 100 %, 21532 MiB, 24564 MiB, 2640 MHz, 10251 MHz
2026/09/13 13:14:53.168, NVIDIA GeForce RTX 4090, GPU-457328ff-6f8e-1f53-8cc3-68ae75d90604, 595.91.07, P2, 56, 297.95 W, 100 %, 100 %, 21532 MiB, 24564 MiB, 2640 MHz, 10251 MHz
2026/09/13 13:14:54.170, NVIDIA GeForce RTX 4090, GPU-457328ff-6f8e-1f53-8cc3-68ae75d90604, 595.91.07, P2, 56, 298.02 W, 100 %, 100 %, 21532 MiB, 24564 MiB, 2640 MHz, 10251 MHz
2026/09/13 13:14:55.172, NVIDIA GeForce RTX 4090, GPU-457328ff-6f8e-1f53-8cc3-68ae75d90604, 595.91.07, P2, 56, 298.08 W, 100 %, 100 %, 21532 MiB, 24564 MiB, 2640 MHz, 10251 MHz
2026/09/13 13:14:56.174, NVIDIA GeForce RTX 4090, GPU-457328ff-6f8e-1f53-8cc3-68ae75d90604, 595.91.07, P2, 56, 297.94 W, 100 %, 100 %, 21532 MiB, 24564 MiB, 2640 MHz, 10251 MHz
2026/09/13 13:14:57.176, NVIDIA GeForce RTX 4090, GPU-457328ff-6f8e-1f53-8cc3-68ae75d90604, 595.91.07, P2, 56, 297.77 W, 100 %, 100 %, 21532 MiB, 24564 MiB, 2640 MHz, 10251 MHz
2026/09/13 13:14:58.178, NVIDIA GeForce RTX 4090, GPU-457328ff-6f8e-1f53-8cc3-68ae75d90604, 595.91.07, P2, 56, 290.82 W, 100 %, 100 %, 21532 MiB, 24564 MiB, 2640 MHz, 10251 MHz
2026/09/13 13:14:59.181, NVIDIA GeForce RTX 4090, GPU-457328ff-6f8e-1f53-8cc3-68ae75d90604, 595.91.07, P2, 56, 299.29 W, 100 %, 100 %, 21532 MiB, 24564 MiB, 2640 MHz, 10251 MHz
2026/09/13 13:15:00.182, NVIDIA GeForce RTX 4090, GPU-457328ff-6f8e-1f53-8cc3-68ae75d90604, 595.91.07, P2, 56, 299.30 W, 100 %, 100 %, 21532 MiB, 24564 MiB, 2640 MHz, 10251 MHz
2026/09/13 13:15:01.185, NVIDIA GeForce RTX 4090, GPU-457328ff-6f8e-1f53-8cc3-68ae75d90604, 595.91.07, P2, 56, 298.85 W, 100 %, 100 %, 21532 MiB, 24564 MiB, 2640 MHz, 10251 MHz
2026/09/13 13:15:02.187, NVIDIA GeForce RTX 4090, GPU-457328ff-6f8e-1f53-8cc3-68ae75d90604, 595.91.07, P2, 56, 298.72 W, 100 %, 100 %, 21532 MiB, 24564 MiB, 2640 MHz, 10251 MHz
2026/09/13 13:15:03.189, NVIDIA GeForce RTX 4090, GPU-457328ff-6f8e-1f53-8cc3-68ae75d90604, 595.91.07, P2, 56, 298.39 W, 100 %, 100 %, 21532 MiB, 24564 MiB, 2640 MHz, 10251 MHz
2026/09/13 13:15:04.191, NVIDIA GeForce RTX 4090, GPU-457328ff-6f8e-1f53-8cc3-68ae75d90604, 595.91.07, P2, 56, 298.31 W, 100 %, 100 %, 21532 MiB, 24564 MiB, 2640 MHz, 10251 MHz
2026/09/13 13:15:05.193, NVIDIA GeForce RTX 4090, GPU-457328ff-6f8e-1f53-8cc3-68ae75d90604, 595.91.07, P2, 56, 298.55 W, 100 %, 100 %, 21923 MiB, 24564 MiB, 2640 MHz, 10251 MHz
2026/09/13 13:15:06.194, NVIDIA GeForce RTX 4090, GPU-457328ff-6f8e-1f53-8cc3-68ae75d90604, 595.91.07, P2, 56, 297.60 W, 100 %, 100 %, 21532 MiB, 24564 MiB, 2640 MHz, 10251 MHz
2026/09/13 13:15:07.196, NVIDIA GeForce RTX 4090, GPU-457328ff-6f8e-1f53-8cc3-68ae75d90604, 595.91.07, P2, 56, 298.30 W, 100 %, 100 %, 21532 MiB, 24564 MiB, 2640 MHz, 10251 MHz
2026/09/13 13:15:08.198, NVIDIA GeForce RTX 4090, GPU-457328ff-6f8e-1f53-8cc3-68ae75d90604, 595.91.07, P2, 56, 298.09 W, 100 %, 100 %, 21532 MiB, 24564 MiB, 2640 MHz, 10251 MHz
2026/09/13 13:15:09.200, NVIDIA GeForce RTX 4090, GPU-457328ff-6f8e-1f53-8cc3-68ae75d90604, 595.91.07, P2, 56, 297.66 W, 100 %, 100 %, 21532 MiB, 24564 MiB, 2640 MHz, 10251 MHz
2026/09/13 13:15:10.203, NVIDIA GeForce RTX 4090, GPU-457328ff-6f8e-1f53-8cc3-68ae75d90604, 595.91.07, P2, 56, 297.63 W, 100 %, 100 %, 21532 MiB, 24564 MiB, 2640 MHz, 10251 MHz
2026/09/13 13:15:11.205, NVIDIA GeForce RTX 4090, GPU-457328ff-6f8e-1f53-8cc3-68ae75d90604, 595.91.07, P2, 56, 289.10 W, 100 %, 100 %, 21532 MiB, 24564 MiB, 2640 MHz, 10251 MHz
2026/09/13 13:15:12.207, NVIDIA GeForce RTX 4090, GPU-457328ff-6f8e-1f53-8cc3-68ae75d90604, 595.91.07, P2, 56, 299.15 W, 100 %, 100 %, 21532 MiB, 24564 MiB, 2640 MHz, 10251 MHz
2026/09/13 13:15:13.210, NVIDIA GeForce RTX 4090, GPU-457328ff-6f8e-1f53-8cc3-68ae75d90604, 595.91.07, P2, 56, 299.24 W, 100 %, 100 %, 21532 MiB, 24564 MiB, 2640 MHz, 10251 MHz
2026/09/13 13:15:14.212, NVIDIA GeForce RTX 4090, GPU-457328ff-6f8e-1f53-8cc3-68ae75d90604, 595.91.07, P2, 56, 299.40 W, 100 %, 100 %, 21532 MiB, 24564 MiB, 2640 MHz, 10251 MHz
2026/09/13 13:15:15.214, NVIDIA GeForce RTX 4090, GPU-457328ff-6f8e-1f53-8cc3-68ae75d90604, 595.91.07, P2, 56, 299.24 W, 100 %, 100 %, 21532 MiB, 24564 MiB, 2640 MHz, 10251 MHz
2026/09/13 13:15:16.216, NVIDIA GeForce RTX 4090, GPU-457328ff-6f8e-1f53-8cc3-68ae75d90604, 595.91.07, P2, 56, 298.87 W, 100 %, 100 %, 21532 MiB, 24564 MiB, 2640 MHz, 10251 MHz
2026/09/13 13:15:17.218, NVIDIA GeForce RTX 4090, GPU-457328ff-6f8e-1f53-8cc3-68ae75d90604, 595.91.07, P2, 56, 298.58 W, 100 %, 100 %, 21532 MiB, 24564 MiB, 2640 MHz, 10251 MHz
2026/09/13 13:15:18.221, NVIDIA GeForce RTX 4090, GPU-457328ff-6f8e-1f53-8cc3-68ae75d90604, 595.91.07, P2, 56, 298.15 W, 100 %, 100 %, 21532 MiB, 24564 MiB, 2640 MHz, 10251 MHz
2026/09/13 13:15:19.223, NVIDIA GeForce RTX 4090, GPU-457328ff-6f8e-1f53-8cc3-68ae75d90604, 595.91.07, P2, 56, 298.06 W, 100 %, 100 %, 21532 MiB, 24564 MiB, 2640 MHz, 10251 MHz
2026/09/13 13:15:20.226, NVIDIA GeForce RTX 4090, GPU-457328ff-6f8e-1f53-8cc3-68ae75d90604, 595.91.07, P2, 56, 298.30 W, 100 %, 100 %, 21532 MiB, 24564 MiB, 2640 MHz, 10251 MHz
2026/09/13 13:15:21.228, NVIDIA GeForce RTX 4090, GPU-457328ff-6f8e-1f53-8cc3-68ae75d90604, 595.91.07, P2, 56, 298.26 W, 100 %, 100 %, 21532 MiB, 24564 MiB, 2640 MHz, 10251 MHz
2026/09/13 13:15:22.231, NVIDIA GeForce RTX 4090, GPU-457328ff-6f8e-1f53-8cc3-68ae75d90604, 595.91.07, P2, 56, 297.76 W, 100 %, 100 %, 21532 MiB, 24564 MiB, 2640 MHz, 10251 MHz
2026/09/13 13:15:23.234, NVIDIA GeForce RTX 4090, GPU-457328ff-6f8e-1f53-8cc3-68ae75d90604, 595.91.07, P2, 56, 297.99 W, 100 %, 100 %, 21532 MiB, 24564 MiB, 2640 MHz, 10251 MHz
2026/09/13 13:15:24.236, NVIDIA GeForce RTX 4090, GPU-457328ff-6f8e-1f53-8cc3-68ae75d90604, 595.91.07, P2, 56, 297.80 W, 100 %, 100 %, 21532 MiB, 24564 MiB, 2640 MHz, 10251 MHz
2026/09/13 13:15:25.238, NVIDIA GeForce RTX 4090, GPU-457328ff-6f8e-1f53-8cc3-68ae75d90604, 595.91.07, P2, 56, 297.38 W, 100 %, 100 %, 21532 MiB, 24564 MiB, 2640 MHz, 10251 MHz
2026/09/13 13:15:26.240, NVIDIA GeForce RTX 4090, GPU-457328ff-6f8e-1f53-8cc3-68ae75d90604, 595.91.07, P2, 56, 297.38 W, 100 %, 100 %, 21532 MiB, 24564 MiB, 2640 MHz, 10251 MHz
2026/09/13 13:15:27.242, NVIDIA GeForce RTX 4090, GPU-457328ff-6f8e-1f53-8cc3-68ae75d90604, 595.91.07, P2, 56, 297.47 W, 100 %, 100 %, 21532 MiB, 24564 MiB, 2640 MHz, 10251 MHz
2026/09/13 13:15:28.245, NVIDIA GeForce RTX 4090, GPU-457328ff-6f8e-1f53-8cc3-68ae75d90604, 595.91.07, P2, 56, 297.83 W, 100 %, 100 %, 21532 MiB, 24564 MiB, 2640 MHz, 10251 MHz
2026/09/13 13:15:29.247, NVIDIA GeForce RTX 4090, GPU-457328ff-6f8e-1f53-8cc3-68ae75d90604, 595.91.07, P2, 56, 297.21 W, 100 %, 100 %, 21532 MiB, 24564 MiB, 2640 MHz, 10251 MHz
2026/09/13 13:15:30.249, NVIDIA GeForce RTX 4090, GPU-457328ff-6f8e-1f53-8cc3-68ae75d90604, 595.91.07, P2, 56, 297.05 W, 100 %, 100 %, 21532 MiB, 24564 MiB, 2640 MHz, 10251 MHz
2026/09/13 13:15:31.252, NVIDIA GeForce RTX 4090, GPU-457328ff-6f8e-1f53-8cc3-68ae75d90604, 595.91.07, P2, 56, 297.32 W, 100 %, 100 %, 21532 MiB, 24564 MiB, 2640 MHz, 10251 MHz
2026/09/13 13:15:32.254, NVIDIA GeForce RTX 4090, GPU-457328ff-6f8e-1f53-8cc3-68ae75d90604, 595.91.07, P2, 56, 297.57 W, 100 %, 100 %, 21532 MiB, 24564 MiB, 2640 MHz, 10251 MHz
2026/09/13 13:15:33.256, NVIDIA GeForce RTX 4090, GPU-457328ff-6f8e-1f53-8cc3-68ae75d90604, 595.91.07, P2, 56, 297.50 W, 100 %, 100 %, 21532 MiB, 24564 MiB, 2640 MHz, 10251 MHz
2026/09/13 13:15:34.258, NVIDIA GeForce RTX 4090, GPU-457328ff-6f8e-1f53-8cc3-68ae75d90604, 595.91.07, P2, 56, 297.02 W, 100 %, 100 %, 21532 MiB, 24564 MiB, 2640 MHz, 10251 MHz
2026/09/13 13:15:35.260, NVIDIA GeForce RTX 4090, GPU-457328ff-6f8e-1f53-8cc3-68ae75d90604, 595.91.07, P2, 56, 296.83 W, 100 %, 100 %, 21532 MiB, 24564 MiB, 2640 MHz, 10251 MHz
2026/09/13 13:15:36.262, NVIDIA GeForce RTX 4090, GPU-457328ff-6f8e-1f53-8cc3-68ae75d90604, 595.91.07, P2, 56, 296.73 W, 100 %, 100 %, 21532 MiB, 24564 MiB, 2640 MHz, 10251 MHz
2026/09/13 13:15:37.264, NVIDIA GeForce RTX 4090, GPU-457328ff-6f8e-1f53-8cc3-68ae75d90604, 595.91.07, P2, 56, 296.66 W, 100 %, 100 %, 21532 MiB, 24564 MiB, 2640 MHz, 10251 MHz
2026/09/13 13:15:38.266, NVIDIA GeForce RTX 4090, GPU-457328ff-6f8e-1f53-8cc3-68ae75d90604, 595.91.07, P2, 56, 296.94 W, 100 %, 100 %, 21532 MiB, 24564 MiB, 2640 MHz, 10251 MHz
2026/09/13 13:15:39.269, NVIDIA GeForce RTX 4090, GPU-457328ff-6f8e-1f53-8cc3-68ae75d90604, 595.91.07, P2, 56, 297.19 W, 100 %, 100 %, 21532 MiB, 24564 MiB, 2640 MHz, 10251 MHz
2026/09/13 13:15:40.271, NVIDIA GeForce RTX 4090, GPU-457328ff-6f8e-1f53-8cc3-68ae75d90604, 595.91.07, P2, 56, 297.04 W, 100 %, 100 %, 21532 MiB, 24564 MiB, 2640 MHz, 10251 MHz
2026/09/13 13:15:41.273, NVIDIA GeForce RTX 4090, GPU-457328ff-6f8e-1f53-8cc3-68ae75d90604, 595.91.07, P2, 56, 296.88 W, 100 %, 100 %, 21532 MiB, 24564 MiB, 2640 MHz, 10251 MHz
2026/09/13 13:15:42.275, NVIDIA GeForce RTX 4090, GPU-457328ff-6f8e-1f53-8cc3-68ae75d90604, 595.91.07, P2, 56, 297.12 W, 100 %, 100 %, 21532 MiB, 24564 MiB, 2640 MHz, 10251 MHz
2026/09/13 13:15:43.278, NVIDIA GeForce RTX 4090, GPU-457328ff-6f8e-1f53-8cc3-68ae75d90604, 595.91.07, P2, 56, 297.27 W, 100 %, 100 %, 21532 MiB, 24564 MiB, 2640 MHz, 10251 MHz
2026/09/13 13:15:44.280, NVIDIA GeForce RTX 4090, GPU-457328ff-6f8e-1f53-8cc3-68ae75d90604, 595.91.07, P2, 56, 297.75 W, 100 %, 100 %, 21532 MiB, 24564 MiB, 2640 MHz, 10251 MHz
2026/09/13 13:15:45.282, NVIDIA GeForce RTX 4090, GPU-457328ff-6f8e-1f53-8cc3-68ae75d90604, 595.91.07, P2, 56, 297.26 W, 100 %, 100 %, 21532 MiB, 24564 MiB, 2640 MHz, 10251 MHz
2026/09/13 13:15:46.284, NVIDIA GeForce RTX 4090, GPU-457328ff-6f8e-1f53-8cc3-68ae75d90604, 595.91.07, P2, 56, 297.17 W, 100 %, 100 %, 21532 MiB, 24564 MiB, 2640 MHz, 10251 MHz
2026/09/13 13:15:47.286, NVIDIA GeForce RTX 4090, GPU-457328ff-6f8e-1f53-8cc3-68ae75d90604, 595.91.07, P2, 56, 297.32 W, 100 %, 100 %, 21532 MiB, 24564 MiB, 2640 MHz, 10251 MHz
2026/09/13 13:15:48.288, NVIDIA GeForce RTX 4090, GPU-457328ff-6f8e-1f53-8cc3-68ae75d90604, 595.91.07, P2, 56, 297.25 W, 100 %, 100 %, 21532 MiB, 24564 MiB, 2640 MHz, 10251 MHz
2026/09/13 13:15:49.291, NVIDIA GeForce RTX 4090, GPU-457328ff-6f8e-1f53-8cc3-68ae75d90604, 595.91.07, P2, 56, 297.39 W, 100 %, 100 %, 21532 MiB, 24564 MiB, 2640 MHz, 10251 MHz
2026/09/13 13:15:50.293, NVIDIA GeForce RTX 4090, GPU-457328ff-6f8e-1f53-8cc3-68ae75d90604, 595.91.07, P2, 56, 296.77 W, 100 %, 100 %, 21532 MiB, 24564 MiB, 2640 MHz, 10251 MHz
2026/09/13 13:15:51.294, NVIDIA GeForce RTX 4090, GPU-457328ff-6f8e-1f53-8cc3-68ae75d90604, 595.91.07, P2, 56, 297.03 W, 100 %, 100 %, 21532 MiB, 24564 MiB, 2640 MHz, 10251 MHz
2026/09/13 13:15:52.297, NVIDIA GeForce RTX 4090, GPU-457328ff-6f8e-1f53-8cc3-68ae75d90604, 595.91.07, P2, 56, 283.55 W, 100 %, 100 %, 21532 MiB, 24564 MiB, 2640 MHz, 10251 MHz
2026/09/13 13:15:53.299, NVIDIA GeForce RTX 4090, GPU-457328ff-6f8e-1f53-8cc3-68ae75d90604, 595.91.07, P2, 56, 299.12 W, 100 %, 100 %, 21532 MiB, 24564 MiB, 2640 MHz, 10251 MHz
2026/09/13 13:15:54.301, NVIDIA GeForce RTX 4090, GPU-457328ff-6f8e-1f53-8cc3-68ae75d90604, 595.91.07, P2, 56, 299.00 W, 100 %, 100 %, 21532 MiB, 24564 MiB, 2640 MHz, 10251 MHz
2026/09/13 13:15:55.303, NVIDIA GeForce RTX 4090, GPU-457328ff-6f8e-1f53-8cc3-68ae75d90604, 595.91.07, P2, 56, 298.90 W, 100 %, 100 %, 21532 MiB, 24564 MiB, 2640 MHz, 10251 MHz
2026/09/13 13:15:56.306, NVIDIA GeForce RTX 4090, GPU-457328ff-6f8e-1f53-8cc3-68ae75d90604, 595.91.07, P2, 56, 298.97 W, 100 %, 100 %, 21532 MiB, 24564 MiB, 2640 MHz, 10251 MHz
2026/09/13 13:15:57.308, NVIDIA GeForce RTX 4090, GPU-457328ff-6f8e-1f53-8cc3-68ae75d90604, 595.91.07, P2, 56, 299.18 W, 100 %, 100 %, 21532 MiB, 24564 MiB, 2640 MHz, 10251 MHz
2026/09/13 13:15:58.310, NVIDIA GeForce RTX 4090, GPU-457328ff-6f8e-1f53-8cc3-68ae75d90604, 595.91.07, P2, 56, 299.11 W, 100 %, 100 %, 21532 MiB, 24564 MiB, 2640 MHz, 10251 MHz
2026/09/13 13:15:59.312, NVIDIA GeForce RTX 4090, GPU-457328ff-6f8e-1f53-8cc3-68ae75d90604, 595.91.07, P2, 56, 299.07 W, 100 %, 100 %, 21532 MiB, 24564 MiB, 2640 MHz, 10251 MHz
2026/09/13 13:16:00.314, NVIDIA GeForce RTX 4090, GPU-457328ff-6f8e-1f53-8cc3-68ae75d90604, 595.91.07, P2, 56, 298.82 W, 100 %, 100 %, 21532 MiB, 24564 MiB, 2640 MHz, 10251 MHz
2026/09/13 13:16:01.316, NVIDIA GeForce RTX 4090, GPU-457328ff-6f8e-1f53-8cc3-68ae75d90604, 595.91.07, P2, 56, 298.51 W, 100 %, 100 %, 21532 MiB, 24564 MiB, 2640 MHz, 10251 MHz
2026/09/13 13:16:02.318, NVIDIA GeForce RTX 4090, GPU-457328ff-6f8e-1f53-8cc3-68ae75d90604, 595.91.07, P2, 56, 297.71 W, 100 %, 100 %, 21532 MiB, 24564 MiB, 2640 MHz, 10251 MHz
2026/09/13 13:16:03.320, NVIDIA GeForce RTX 4090, GPU-457328ff-6f8e-1f53-8cc3-68ae75d90604, 595.91.07, P2, 56, 297.73 W, 100 %, 100 %, 21532 MiB, 24564 MiB, 2640 MHz, 10251 MHz
2026/09/13 13:16:04.322, NVIDIA GeForce RTX 4090, GPU-457328ff-6f8e-1f53-8cc3-68ae75d90604, 595.91.07, P2, 56, 297.89 W, 100 %, 100 %, 21532 MiB, 24564 MiB, 2640 MHz, 10251 MHz
2026/09/13 13:16:05.324, NVIDIA GeForce RTX 4090, GPU-457328ff-6f8e-1f53-8cc3-68ae75d90604, 595.91.07, P2, 56, 298.11 W, 100 %, 100 %, 21532 MiB, 24564 MiB, 2640 MHz, 10251 MHz
2026/09/13 13:16:06.325, NVIDIA GeForce RTX 4090, GPU-457328ff-6f8e-1f53-8cc3-68ae75d90604, 595.91.07, P2, 56, 297.84 W, 100 %, 100 %, 21532 MiB, 24564 MiB, 2640 MHz, 10251 MHz
2026/09/13 13:16:07.327, NVIDIA GeForce RTX 4090, GPU-457328ff-6f8e-1f53-8cc3-68ae75d90604, 595.91.07, P2, 56, 297.68 W, 100 %, 100 %, 21532 MiB, 24564 MiB, 2640 MHz, 10251 MHz
2026/09/13 13:16:08.329, NVIDIA GeForce RTX 4090, GPU-457328ff-6f8e-1f53-8cc3-68ae75d90604, 595.91.07, P2, 56, 297.40 W, 100 %, 100 %, 21532 MiB, 24564 MiB, 2640 MHz, 10251 MHz
2026/09/13 13:16:09.331, NVIDIA GeForce RTX 4090, GPU-457328ff-6f8e-1f53-8cc3-68ae75d90604, 595.91.07, P2, 56, 297.38 W, 100 %, 100 %, 21532 MiB, 24564 MiB, 2640 MHz, 10251 MHz
2026/09/13 13:16:10.332, NVIDIA GeForce RTX 4090, GPU-457328ff-6f8e-1f53-8cc3-68ae75d90604, 595.91.07, P2, 56, 297.27 W, 100 %, 100 %, 21532 MiB, 24564 MiB, 2640 MHz, 10251 MHz
2026/09/13 13:16:11.334, NVIDIA GeForce RTX 4090, GPU-457328ff-6f8e-1f53-8cc3-68ae75d90604, 595.91.07, P2, 56, 297.30 W, 100 %, 100 %, 21532 MiB, 24564 MiB, 2640 MHz, 10251 MHz
2026/09/13 13:16:12.335, NVIDIA GeForce RTX 4090, GPU-457328ff-6f8e-1f53-8cc3-68ae75d90604, 595.91.07, P2, 56, 297.86 W, 100 %, 100 %, 21532 MiB, 24564 MiB, 2640 MHz, 10251 MHz
2026/09/13 13:16:13.337, NVIDIA GeForce RTX 4090, GPU-457328ff-6f8e-1f53-8cc3-68ae75d90604, 595.91.07, P2, 56, 297.98 W, 100 %, 100 %, 21532 MiB, 24564 MiB, 2640 MHz, 10251 MHz
2026/09/13 13:16:14.339, NVIDIA GeForce RTX 4090, GPU-457328ff-6f8e-1f53-8cc3-68ae75d90604, 595.91.07, P2, 56, 297.88 W, 100 %, 100 %, 21532 MiB, 24564 MiB, 2640 MHz, 10251 MHz
2026/09/13 13:16:15.340, NVIDIA GeForce RTX 4090, GPU-457328ff-6f8e-1f53-8cc3-68ae75d90604, 595.91.07, P2, 56, 297.74 W, 100 %, 100 %, 21532 MiB, 24564 MiB, 2640 MHz, 10251 MHz
2026/09/13 13:16:16.342, NVIDIA GeForce RTX 4090, GPU-457328ff-6f8e-1f53-8cc3-68ae75d90604, 595.91.07, P2, 56, 297.93 W, 100 %, 100 %, 21532 MiB, 24564 MiB, 2640 MHz, 10251 MHz
2026/09/13 13:16:17.344, NVIDIA GeForce RTX 4090, GPU-457328ff-6f8e-1f53-8cc3-68ae75d90604, 595.91.07, P2, 56, 297.92 W, 100 %, 100 %, 21532 MiB, 24564 MiB, 2640 MHz, 10251 MHz
2026/09/13 13:16:18.346, NVIDIA GeForce RTX 4090, GPU-457328ff-6f8e-1f53-8cc3-68ae75d90604, 595.91.07, P2, 56, 297.55 W, 100 %, 100 %, 21532 MiB, 24564 MiB, 2640 MHz, 10251 MHz
2026/09/13 13:16:19.348, NVIDIA GeForce RTX 4090, GPU-457328ff-6f8e-1f53-8cc3-68ae75d90604, 595.91.07, P2, 56, 297.82 W, 100 %, 100 %, 21532 MiB, 24564 MiB, 2640 MHz, 10251 MHz
2026/09/13 13:16:20.350, NVIDIA GeForce RTX 4090, GPU-457328ff-6f8e-1f53-8cc3-68ae75d90604, 595.91.07, P2, 56, 297.59 W, 100 %, 100 %, 21532 MiB, 24564 MiB, 2640 MHz, 10251 MHz
2026/09/13 13:16:21.351, NVIDIA GeForce RTX 4090, GPU-457328ff-6f8e-1f53-8cc3-68ae75d90604, 595.91.07, P2, 56, 297.60 W, 100 %, 100 %, 21532 MiB, 24564 MiB, 2640 MHz, 10251 MHz
2026/09/13 13:16:22.353, NVIDIA GeForce RTX 4090, GPU-457328ff-6f8e-1f53-8cc3-68ae75d90604, 595.91.07, P2, 56, 297.60 W, 100 %, 100 %, 21532 MiB, 24564 MiB, 2640 MHz, 10251 MHz
2026/09/13 13:16:23.355, NVIDIA GeForce RTX 4090, GPU-457328ff-6f8e-1f53-8cc3-68ae75d90604, 595.91.07, P2, 56, 297.79 W, 100 %, 100 %, 21532 MiB, 24564 MiB, 2640 MHz, 10251 MHz
2026/09/13 13:16:24.356, NVIDIA GeForce RTX 4090, GPU-457328ff-6f8e-1f53-8cc3-68ae75d90604, 595.91.07, P2, 56, 297.96 W, 100 %, 100 %, 21532 MiB, 24564 MiB, 2640 MHz, 10251 MHz
2026/09/13 13:16:25.358, NVIDIA GeForce RTX 4090, GPU-457328ff-6f8e-1f53-8cc3-68ae75d90604, 595.91.07, P2, 56, 298.01 W, 100 %, 100 %, 21532 MiB, 24564 MiB, 2640 MHz, 10251 MHz
2026/09/13 13:16:26.360, NVIDIA GeForce RTX 4090, GPU-457328ff-6f8e-1f53-8cc3-68ae75d90604, 595.91.07, P2, 56, 297.85 W, 100 %, 100 %, 21532 MiB, 24564 MiB, 2640 MHz, 10251 MHz
2026/09/13 13:16:27.362, NVIDIA GeForce RTX 4090, GPU-457328ff-6f8e-1f53-8cc3-68ae75d90604, 595.91.07, P2, 56, 297.80 W, 100 %, 100 %, 21532 MiB, 24564 MiB, 2640 MHz, 10251 MHz
2026/09/13 13:16:28.363, NVIDIA GeForce RTX 4090, GPU-457328ff-6f8e-1f53-8cc3-68ae75d90604, 595.91.07, P2, 56, 297.78 W, 100 %, 100 %, 21532 MiB, 24564 MiB, 2640 MHz, 10251 MHz
2026/09/13 13:16:29.364, NVIDIA GeForce RTX 4090, GPU-457328ff-6f8e-1f53-8cc3-68ae75d90604, 595.91.07, P2, 56, 297.83 W, 100 %, 100 %, 21532 MiB, 24564 MiB, 2640 MHz, 10251 MHz
2026/09/13 13:16:30.366, NVIDIA GeForce RTX 4090, GPU-457328ff-6f8e-1f53-8cc3-68ae75d90604, 595.91.07, P2, 56, 297.84 W, 100 %, 100 %, 21532 MiB, 24564 MiB, 2640 MHz, 10251 MHz
2026/09/13 13:16:31.368, NVIDIA GeForce RTX 4090, GPU-457328ff-6f8e-1f53-8cc3-68ae75d90604, 595.91.07, P2, 56, 297.27 W, 100 %, 100 %, 21532 MiB, 24564 MiB, 2640 MHz, 10251 MHz
2026/09/13 13:16:32.370, NVIDIA GeForce RTX 4090, GPU-457328ff-6f8e-1f53-8cc3-68ae75d90604, 595.91.07, P2, 56, 296.94 W, 100 %, 100 %, 21532 MiB, 24564 MiB, 2640 MHz, 10251 MHz
2026/09/13 13:16:33.371, NVIDIA GeForce RTX 4090, GPU-457328ff-6f8e-1f53-8cc3-68ae75d90604, 595.91.07, P2, 56, 284.80 W, 100 %, 100 %, 21532 MiB, 24564 MiB, 2640 MHz, 10251 MHz
2026/09/13 13:16:34.373, NVIDIA GeForce RTX 4090, GPU-457328ff-6f8e-1f53-8cc3-68ae75d90604, 595.91.07, P2, 56, 299.07 W, 100 %, 100 %, 21532 MiB, 24564 MiB, 2640 MHz, 10251 MHz
2026/09/13 13:16:35.375, NVIDIA GeForce RTX 4090, GPU-457328ff-6f8e-1f53-8cc3-68ae75d90604, 595.91.07, P2, 56, 298.72 W, 100 %, 100 %, 21532 MiB, 24564 MiB, 2640 MHz, 10251 MHz
2026/09/13 13:16:36.376, NVIDIA GeForce RTX 4090, GPU-457328ff-6f8e-1f53-8cc3-68ae75d90604, 595.91.07, P2, 56, 298.78 W, 100 %, 100 %, 21532 MiB, 24564 MiB, 2640 MHz, 10251 MHz
2026/09/13 13:16:37.378, NVIDIA GeForce RTX 4090, GPU-457328ff-6f8e-1f53-8cc3-68ae75d90604, 595.91.07, P2, 56, 298.74 W, 100 %, 100 %, 21532 MiB, 24564 MiB, 2640 MHz, 10251 MHz
2026/09/13 13:16:38.379, NVIDIA GeForce RTX 4090, GPU-457328ff-6f8e-1f53-8cc3-68ae75d90604, 595.91.07, P2, 56, 298.71 W, 100 %, 100 %, 21532 MiB, 24564 MiB, 2640 MHz, 10251 MHz
2026/09/13 13:16:39.381, NVIDIA GeForce RTX 4090, GPU-457328ff-6f8e-1f53-8cc3-68ae75d90604, 595.91.07, P2, 56, 298.58 W, 100 %, 100 %, 21532 MiB, 24564 MiB, 2640 MHz, 10251 MHz
2026/09/13 13:16:40.383, NVIDIA GeForce RTX 4090, GPU-457328ff-6f8e-1f53-8cc3-68ae75d90604, 595.91.07, P2, 56, 298.41 W, 100 %, 100 %, 21532 MiB, 24564 MiB, 2640 MHz, 10251 MHz
2026/09/13 13:16:41.384, NVIDIA GeForce RTX 4090, GPU-457328ff-6f8e-1f53-8cc3-68ae75d90604, 595.91.07, P2, 56, 298.37 W, 100 %, 100 %, 21532 MiB, 24564 MiB, 2640 MHz, 10251 MHz
2026/09/13 13:16:42.386, NVIDIA GeForce RTX 4090, GPU-457328ff-6f8e-1f53-8cc3-68ae75d90604, 595.91.07, P2, 56, 289.27 W, 100 %, 100 %, 21532 MiB, 24564 MiB, 2640 MHz, 10251 MHz
2026/09/13 13:16:43.387, NVIDIA GeForce RTX 4090, GPU-457328ff-6f8e-1f53-8cc3-68ae75d90604, 595.91.07, P2, 56, 299.33 W, 100 %, 100 %, 21532 MiB, 24564 MiB, 2640 MHz, 10251 MHz
2026/09/13 13:16:44.388, NVIDIA GeForce RTX 4090, GPU-457328ff-6f8e-1f53-8cc3-68ae75d90604, 595.91.07, P2, 56, 299.51 W, 100 %, 100 %, 21532 MiB, 24564 MiB, 2640 MHz, 10251 MHz
2026/09/13 13:16:45.390, NVIDIA GeForce RTX 4090, GPU-457328ff-6f8e-1f53-8cc3-68ae75d90604, 595.91.07, P2, 56, 299.65 W, 100 %, 100 %, 21532 MiB, 24564 MiB, 2640 MHz, 10251 MHz
2026/09/13 13:16:46.392, NVIDIA GeForce RTX 4090, GPU-457328ff-6f8e-1f53-8cc3-68ae75d90604, 595.91.07, P2, 56, 299.72 W, 100 %, 100 %, 21532 MiB, 24564 MiB, 2640 MHz, 10251 MHz
2026/09/13 13:16:47.394, NVIDIA GeForce RTX 4090, GPU-457328ff-6f8e-1f53-8cc3-68ae75d90604, 595.91.07, P2, 56, 299.39 W, 100 %, 100 %, 21532 MiB, 24564 MiB, 2640 MHz, 10251 MHz
2026/09/13 13:16:48.395, NVIDIA GeForce RTX 4090, GPU-457328ff-6f8e-1f53-8cc3-68ae75d90604, 595.91.07, P2, 56, 299.06 W, 100 %, 100 %, 21532 MiB, 24564 MiB, 2640 MHz, 10251 MHz
2026/09/13 13:16:49.396, NVIDIA GeForce RTX 4090, GPU-457328ff-6f8e-1f53-8cc3-68ae75d90604, 595.91.07, P2, 56, 298.55 W, 100 %, 100 %, 21532 MiB, 24564 MiB, 2640 MHz, 10251 MHz
2026/09/13 13:16:50.398, NVIDIA GeForce RTX 4090, GPU-457328ff-6f8e-1f53-8cc3-68ae75d90604, 595.91.07, P2, 56, 298.21 W, 100 %, 100 %, 21532 MiB, 24564 MiB, 2640 MHz, 10251 MHz
2026/09/13 13:16:51.400, NVIDIA GeForce RTX 4090, GPU-457328ff-6f8e-1f53-8cc3-68ae75d90604, 595.91.07, P2, 56, 297.96 W, 100 %, 100 %, 21532 MiB, 24564 MiB, 2640 MHz, 10251 MHz
2026/09/13 13:16:52.407, NVIDIA GeForce RTX 4090, GPU-457328ff-6f8e-1f53-8cc3-68ae75d90604, 595.91.07, P2, 56, 297.87 W, 100 %, 100 %, 21532 MiB, 24564 MiB, 2640 MHz, 10251 MHz
2026/09/13 13:16:53.408, NVIDIA GeForce RTX 4090, GPU-457328ff-6f8e-1f53-8cc3-68ae75d90604, 595.91.07, P2, 56, 297.91 W, 100 %, 100 %, 21532 MiB, 24564 MiB, 2640 MHz, 10251 MHz
2026/09/13 13:16:54.410, NVIDIA GeForce RTX 4090, GPU-457328ff-6f8e-1f53-8cc3-68ae75d90604, 595.91.07, P2, 56, 297.89 W, 100 %, 100 %, 21532 MiB, 24564 MiB, 2640 MHz, 10251 MHz
2026/09/13 13:16:55.412, NVIDIA GeForce RTX 4090, GPU-457328ff-6f8e-1f53-8cc3-68ae75d90604, 595.91.07, P2, 56, 297.55 W, 100 %, 100 %, 21532 MiB, 24564 MiB, 2640 MHz, 10251 MHz
2026/09/13 13:16:56.414, NVIDIA GeForce RTX 4090, GPU-457328ff-6f8e-1f53-8cc3-68ae75d90604, 595.91.07, P2, 56, 297.15 W, 100 %, 100 %, 21532 MiB, 24564 MiB, 2640 MHz, 10251 MHz
2026/09/13 13:16:57.416, NVIDIA GeForce RTX 4090, GPU-457328ff-6f8e-1f53-8cc3-68ae75d90604, 595.91.07, P2, 56, 297.37 W, 100 %, 100 %, 21532 MiB, 24564 MiB, 2640 MHz, 10251 MHz
2026/09/13 13:16:58.418, NVIDIA GeForce RTX 4090, GPU-457328ff-6f8e-1f53-8cc3-68ae75d90604, 595.91.07, P2, 56, 297.35 W, 100 %, 100 %, 21532 MiB, 24564 MiB, 2640 MHz, 10251 MHz
2026/09/13 13:16:59.420, NVIDIA GeForce RTX 4090, GPU-457328ff-6f8e-1f53-8cc3-68ae75d90604, 595.91.07, P2, 56, 297.24 W, 100 %, 100 %, 21532 MiB, 24564 MiB, 2640 MHz, 10251 MHz
2026/09/13 13:17:00.422, NVIDIA GeForce RTX 4090, GPU-457328ff-6f8e-1f53-8cc3-68ae75d90604, 595.91.07, P2, 56, 297.50 W, 100 %, 100 %, 21532 MiB, 24564 MiB, 2640 MHz, 10251 MHz
2026/09/13 13:17:01.423, NVIDIA GeForce RTX 4090, GPU-457328ff-6f8e-1f53-8cc3-68ae75d90604, 595.91.07, P2, 56, 297.27 W, 100 %, 100 %, 21532 MiB, 24564 MiB, 2640 MHz, 10251 MHz
2026/09/13 13:17:02.425, NVIDIA GeForce RTX 4090, GPU-457328ff-6f8e-1f53-8cc3-68ae75d90604, 595.91.07, P2, 56, 297.35 W, 100 %, 100 %, 21532 MiB, 24564 MiB, 2640 MHz, 10251 MHz
2026/09/13 13:17:03.427, NVIDIA GeForce RTX 4090, GPU-457328ff-6f8e-1f53-8cc3-68ae75d90604, 595.91.07, P2, 56, 289.01 W, 100 %, 100 %, 21532 MiB, 24564 MiB, 2640 MHz, 10251 MHz
2026/09/13 13:17:04.429, NVIDIA GeForce RTX 4090, GPU-457328ff-6f8e-1f53-8cc3-68ae75d90604, 595.91.07, P2, 56, 299.18 W, 100 %, 100 %, 21532 MiB, 24564 MiB, 2640 MHz, 10251 MHz
2026/09/13 13:17:05.430, NVIDIA GeForce RTX 4090, GPU-457328ff-6f8e-1f53-8cc3-68ae75d90604, 595.91.07, P2, 56, 299.22 W, 100 %, 100 %, 21532 MiB, 24564 MiB, 2640 MHz, 10251 MHz
2026/09/13 13:17:06.431, NVIDIA GeForce RTX 4090, GPU-457328ff-6f8e-1f53-8cc3-68ae75d90604, 595.91.07, P2, 56, 299.02 W, 100 %, 100 %, 21532 MiB, 24564 MiB, 2640 MHz, 10251 MHz
2026/09/13 13:17:07.433, NVIDIA GeForce RTX 4090, GPU-457328ff-6f8e-1f53-8cc3-68ae75d90604, 595.91.07, P2, 56, 299.17 W, 100 %, 100 %, 21532 MiB, 24564 MiB, 2640 MHz, 10251 MHz
2026/09/13 13:17:08.435, NVIDIA GeForce RTX 4090, GPU-457328ff-6f8e-1f53-8cc3-68ae75d90604, 595.91.07, P2, 56, 299.24 W, 100 %, 100 %, 21532 MiB, 24564 MiB, 2640 MHz, 10251 MHz
2026/09/13 13:17:09.437, NVIDIA GeForce RTX 4090, GPU-457328ff-6f8e-1f53-8cc3-68ae75d90604, 595.91.07, P2, 56, 299.21 W, 100 %, 100 %, 21532 MiB, 24564 MiB, 2640 MHz, 10251 MHz
2026/09/13 13:17:10.438, NVIDIA GeForce RTX 4090, GPU-457328ff-6f8e-1f53-8cc3-68ae75d90604, 595.91.07, P2, 56, 298.65 W, 100 %, 100 %, 21532 MiB, 24564 MiB, 2640 MHz, 10251 MHz
2026/09/13 13:17:11.439, NVIDIA GeForce RTX 4090, GPU-457328ff-6f8e-1f53-8cc3-68ae75d90604, 595.91.07, P2, 56, 298.24 W, 100 %, 100 %, 21532 MiB, 24564 MiB, 2640 MHz, 10251 MHz
2026/09/13 13:17:12.442, NVIDIA GeForce RTX 4090, GPU-457328ff-6f8e-1f53-8cc3-68ae75d90604, 595.91.07, P2, 56, 298.43 W, 100 %, 100 %, 21532 MiB, 24564 MiB, 2640 MHz, 10251 MHz
2026/09/13 13:17:13.445, NVIDIA GeForce RTX 4090, GPU-457328ff-6f8e-1f53-8cc3-68ae75d90604, 595.91.07, P2, 56, 298.14 W, 100 %, 100 %, 21532 MiB, 24564 MiB, 2640 MHz, 10251 MHz
2026/09/13 13:17:14.446, NVIDIA GeForce RTX 4090, GPU-457328ff-6f8e-1f53-8cc3-68ae75d90604, 595.91.07, P2, 56, 297.76 W, 100 %, 100 %, 21532 MiB, 24564 MiB, 2640 MHz, 10251 MHz
2026/09/13 13:17:15.448, NVIDIA GeForce RTX 4090, GPU-457328ff-6f8e-1f53-8cc3-68ae75d90604, 595.91.07, P2, 56, 297.44 W, 100 %, 100 %, 21532 MiB, 24564 MiB, 2640 MHz, 10251 MHz
2026/09/13 13:17:16.451, NVIDIA GeForce RTX 4090, GPU-457328ff-6f8e-1f53-8cc3-68ae75d90604, 595.91.07, P2, 56, 297.44 W, 100 %, 100 %, 21532 MiB, 24564 MiB, 2640 MHz, 10251 MHz
2026/09/13 13:17:17.454, NVIDIA GeForce RTX 4090, GPU-457328ff-6f8e-1f53-8cc3-68ae75d90604, 595.91.07, P2, 56, 297.48 W, 100 %, 100 %, 21532 MiB, 24564 MiB, 2640 MHz, 10251 MHz
2026/09/13 13:17:18.456, NVIDIA GeForce RTX 4090, GPU-457328ff-6f8e-1f53-8cc3-68ae75d90604, 595.91.07, P2, 56, 297.67 W, 100 %, 100 %, 21532 MiB, 24564 MiB, 2640 MHz, 10251 MHz
2026/09/13 13:17:19.458, NVIDIA GeForce RTX 4090, GPU-457328ff-6f8e-1f53-8cc3-68ae75d90604, 595.91.07, P2, 56, 297.58 W, 100 %, 100 %, 21532 MiB, 24564 MiB, 2640 MHz, 10251 MHz
2026/09/13 13:17:20.460, NVIDIA GeForce RTX 4090, GPU-457328ff-6f8e-1f53-8cc3-68ae75d90604, 595.91.07, P2, 56, 297.30 W, 100 %, 100 %, 21532 MiB, 24564 MiB, 2640 MHz, 10251 MHz
2026/09/13 13:17:21.462, NVIDIA GeForce RTX 4090, GPU-457328ff-6f8e-1f53-8cc3-68ae75d90604, 595.91.07, P2, 56, 289.25 W, 100 %, 100 %, 21532 MiB, 24564 MiB, 2640 MHz, 10251 MHz
2026/09/13 13:17:22.465, NVIDIA GeForce RTX 4090, GPU-457328ff-6f8e-1f53-8cc3-68ae75d90604, 595.91.07, P2, 56, 298.90 W, 100 %, 100 %, 21532 MiB, 24564 MiB, 2640 MHz, 10251 MHz
2026/09/13 13:17:23.466, NVIDIA GeForce RTX 4090, GPU-457328ff-6f8e-1f53-8cc3-68ae75d90604, 595.91.07, P2, 56, 299.17 W, 100 %, 100 %, 21532 MiB, 24564 MiB, 2640 MHz, 10251 MHz
2026/09/13 13:17:24.469, NVIDIA GeForce RTX 4090, GPU-457328ff-6f8e-1f53-8cc3-68ae75d90604, 595.91.07, P2, 56, 299.23 W, 100 %, 100 %, 21532 MiB, 24564 MiB, 2640 MHz, 10251 MHz
2026/09/13 13:17:25.471, NVIDIA GeForce RTX 4090, GPU-457328ff-6f8e-1f53-8cc3-68ae75d90604, 595.91.07, P2, 56, 298.98 W, 100 %, 100 %, 21532 MiB, 24564 MiB, 2640 MHz, 10251 MHz
2026/09/13 13:17:26.474, NVIDIA GeForce RTX 4090, GPU-457328ff-6f8e-1f53-8cc3-68ae75d90604, 595.91.07, P2, 56, 298.64 W, 100 %, 100 %, 21532 MiB, 24564 MiB, 2640 MHz, 10251 MHz
2026/09/13 13:17:27.476, NVIDIA GeForce RTX 4090, GPU-457328ff-6f8e-1f53-8cc3-68ae75d90604, 595.91.07, P2, 56, 298.41 W, 100 %, 100 %, 21532 MiB, 24564 MiB, 2640 MHz, 10251 MHz
2026/09/13 13:17:28.478, NVIDIA GeForce RTX 4090, GPU-457328ff-6f8e-1f53-8cc3-68ae75d90604, 595.91.07, P2, 56, 298.51 W, 100 %, 100 %, 21532 MiB, 24564 MiB, 2640 MHz, 10251 MHz
2026/09/13 13:17:29.480, NVIDIA GeForce RTX 4090, GPU-457328ff-6f8e-1f53-8cc3-68ae75d90604, 595.91.07, P2, 56, 298.27 W, 100 %, 100 %, 21532 MiB, 24564 MiB, 2640 MHz, 10251 MHz
2026/09/13 13:17:30.482, NVIDIA GeForce RTX 4090, GPU-457328ff-6f8e-1f53-8cc3-68ae75d90604, 595.91.07, P2, 56, 298.37 W, 100 %, 100 %, 21532 MiB, 24564 MiB, 2640 MHz, 10251 MHz
2026/09/13 13:17:31.484, NVIDIA GeForce RTX 4090, GPU-457328ff-6f8e-1f53-8cc3-68ae75d90604, 595.91.07, P2, 56, 298.22 W, 100 %, 100 %, 21532 MiB, 24564 MiB, 2640 MHz, 10251 MHz
2026/09/13 13:17:32.487, NVIDIA GeForce RTX 4090, GPU-457328ff-6f8e-1f53-8cc3-68ae75d90604, 595.91.07, P2, 56, 297.95 W, 100 %, 100 %, 21532 MiB, 24564 MiB, 2640 MHz, 10251 MHz
2026/09/13 13:17:33.489, NVIDIA GeForce RTX 4090, GPU-457328ff-6f8e-1f53-8cc3-68ae75d90604, 595.91.07, P2, 56, 297.68 W, 100 %, 100 %, 21532 MiB, 24564 MiB, 2640 MHz, 10251 MHz
2026/09/13 13:17:34.490, NVIDIA GeForce RTX 4090, GPU-457328ff-6f8e-1f53-8cc3-68ae75d90604, 595.91.07, P2, 56, 297.19 W, 100 %, 100 %, 21532 MiB, 24564 MiB, 2640 MHz, 10251 MHz
2026/09/13 13:17:35.492, NVIDIA GeForce RTX 4090, GPU-457328ff-6f8e-1f53-8cc3-68ae75d90604, 595.91.07, P2, 56, 297.17 W, 100 %, 100 %, 21532 MiB, 24564 MiB, 2640 MHz, 10251 MHz
2026/09/13 13:17:36.494, NVIDIA GeForce RTX 4090, GPU-457328ff-6f8e-1f53-8cc3-68ae75d90604, 595.91.07, P2, 56, 297.21 W, 100 %, 100 %, 21532 MiB, 24564 MiB, 2640 MHz, 10251 MHz
2026/09/13 13:17:37.496, NVIDIA GeForce RTX 4090, GPU-457328ff-6f8e-1f53-8cc3-68ae75d90604, 595.91.07, P2, 56, 297.16 W, 100 %, 100 %, 21532 MiB, 24564 MiB, 2640 MHz, 10251 MHz
2026/09/13 13:17:38.498, NVIDIA GeForce RTX 4090, GPU-457328ff-6f8e-1f53-8cc3-68ae75d90604, 595.91.07, P2, 56, 289.66 W, 100 %, 100 %, 21532 MiB, 24564 MiB, 2640 MHz, 10251 MHz
2026/09/13 13:17:39.499, NVIDIA GeForce RTX 4090, GPU-457328ff-6f8e-1f53-8cc3-68ae75d90604, 595.91.07, P2, 56, 299.06 W, 100 %, 100 %, 21532 MiB, 24564 MiB, 2640 MHz, 10251 MHz
2026/09/13 13:17:40.501, NVIDIA GeForce RTX 4090, GPU-457328ff-6f8e-1f53-8cc3-68ae75d90604, 595.91.07, P2, 56, 298.93 W, 100 %, 100 %, 21532 MiB, 24564 MiB, 2640 MHz, 10251 MHz
2026/09/13 13:17:41.502, NVIDIA GeForce RTX 4090, GPU-457328ff-6f8e-1f53-8cc3-68ae75d90604, 595.91.07, P2, 56, 299.11 W, 100 %, 100 %, 21532 MiB, 24564 MiB, 2640 MHz, 10251 MHz
2026/09/13 13:17:42.504, NVIDIA GeForce RTX 4090, GPU-457328ff-6f8e-1f53-8cc3-68ae75d90604, 595.91.07, P2, 56, 298.77 W, 100 %, 100 %, 21532 MiB, 24564 MiB, 2640 MHz, 10251 MHz
2026/09/13 13:17:43.506, NVIDIA GeForce RTX 4090, GPU-457328ff-6f8e-1f53-8cc3-68ae75d90604, 595.91.07, P2, 56, 298.78 W, 100 %, 100 %, 21532 MiB, 24564 MiB, 2640 MHz, 10251 MHz
2026/09/13 13:17:44.508, NVIDIA GeForce RTX 4090, GPU-457328ff-6f8e-1f53-8cc3-68ae75d90604, 595.91.07, P2, 56, 298.64 W, 100 %, 100 %, 21532 MiB, 24564 MiB, 2640 MHz, 10251 MHz
2026/09/13 13:17:45.509, NVIDIA GeForce RTX 4090, GPU-457328ff-6f8e-1f53-8cc3-68ae75d90604, 595.91.07, P2, 56, 298.52 W, 100 %, 100 %, 21532 MiB, 24564 MiB, 2640 MHz, 10251 MHz
2026/09/13 13:17:46.511, NVIDIA GeForce RTX 4090, GPU-457328ff-6f8e-1f53-8cc3-68ae75d90604, 595.91.07, P2, 56, 298.04 W, 100 %, 100 %, 21532 MiB, 24564 MiB, 2640 MHz, 10251 MHz
2026/09/13 13:17:47.512, NVIDIA GeForce RTX 4090, GPU-457328ff-6f8e-1f53-8cc3-68ae75d90604, 595.91.07, P2, 56, 297.47 W, 100 %, 100 %, 21532 MiB, 24564 MiB, 2640 MHz, 10251 MHz
2026/09/13 13:17:48.514, NVIDIA GeForce RTX 4090, GPU-457328ff-6f8e-1f53-8cc3-68ae75d90604, 595.91.07, P2, 56, 297.42 W, 100 %, 100 %, 21532 MiB, 24564 MiB, 2640 MHz, 10251 MHz
2026/09/13 13:17:49.516, NVIDIA GeForce RTX 4090, GPU-457328ff-6f8e-1f53-8cc3-68ae75d90604, 595.91.07, P2, 56, 297.67 W, 100 %, 100 %, 21532 MiB, 24564 MiB, 2640 MHz, 10251 MHz
2026/09/13 13:17:50.518, NVIDIA GeForce RTX 4090, GPU-457328ff-6f8e-1f53-8cc3-68ae75d90604, 595.91.07, P2, 56, 297.31 W, 100 %, 100 %, 21532 MiB, 24564 MiB, 2640 MHz, 10251 MHz
2026/09/13 13:17:51.519, NVIDIA GeForce RTX 4090, GPU-457328ff-6f8e-1f53-8cc3-68ae75d90604, 595.91.07, P2, 56, 297.22 W, 100 %, 100 %, 21532 MiB, 24564 MiB, 2640 MHz, 10251 MHz
2026/09/13 13:17:52.522, NVIDIA GeForce RTX 4090, GPU-457328ff-6f8e-1f53-8cc3-68ae75d90604, 595.91.07, P2, 56, 296.96 W, 100 %, 100 %, 21532 MiB, 24564 MiB, 2640 MHz, 10251 MHz
2026/09/13 13:17:53.524, NVIDIA GeForce RTX 4090, GPU-457328ff-6f8e-1f53-8cc3-68ae75d90604, 595.91.07, P2, 56, 288.96 W, 100 %, 100 %, 21532 MiB, 24564 MiB, 2640 MHz, 10251 MHz
2026/09/13 13:17:54.525, NVIDIA GeForce RTX 4090, GPU-457328ff-6f8e-1f53-8cc3-68ae75d90604, 595.91.07, P2, 56, 299.32 W, 100 %, 100 %, 21532 MiB, 24564 MiB, 2640 MHz, 10251 MHz
2026/09/13 13:17:55.526, NVIDIA GeForce RTX 4090, GPU-457328ff-6f8e-1f53-8cc3-68ae75d90604, 595.91.07, P2, 56, 299.34 W, 100 %, 100 %, 21532 MiB, 24564 MiB, 2640 MHz, 10251 MHz
2026/09/13 13:17:56.528, NVIDIA GeForce RTX 4090, GPU-457328ff-6f8e-1f53-8cc3-68ae75d90604, 595.91.07, P2, 56, 299.32 W, 100 %, 100 %, 21532 MiB, 24564 MiB, 2640 MHz, 10251 MHz
2026/09/13 13:17:57.530, NVIDIA GeForce RTX 4090, GPU-457328ff-6f8e-1f53-8cc3-68ae75d90604, 595.91.07, P2, 56, 298.81 W, 100 %, 100 %, 21532 MiB, 24564 MiB, 2640 MHz, 10251 MHz
2026/09/13 13:17:58.532, NVIDIA GeForce RTX 4090, GPU-457328ff-6f8e-1f53-8cc3-68ae75d90604, 595.91.07, P2, 56, 298.58 W, 100 %, 100 %, 21532 MiB, 24564 MiB, 2640 MHz, 10251 MHz
2026/09/13 13:17:59.533, NVIDIA GeForce RTX 4090, GPU-457328ff-6f8e-1f53-8cc3-68ae75d90604, 595.91.07, P2, 56, 298.35 W, 100 %, 100 %, 21532 MiB, 24564 MiB, 2640 MHz, 10251 MHz
2026/09/13 13:18:00.535, NVIDIA GeForce RTX 4090, GPU-457328ff-6f8e-1f53-8cc3-68ae75d90604, 595.91.07, P2, 56, 298.00 W, 100 %, 100 %, 21532 MiB, 24564 MiB, 2640 MHz, 10251 MHz
2026/09/13 13:18:01.537, NVIDIA GeForce RTX 4090, GPU-457328ff-6f8e-1f53-8cc3-68ae75d90604, 595.91.07, P2, 56, 297.54 W, 100 %, 100 %, 21532 MiB, 24564 MiB, 2640 MHz, 10251 MHz
2026/09/13 13:18:02.539, NVIDIA GeForce RTX 4090, GPU-457328ff-6f8e-1f53-8cc3-68ae75d90604, 595.91.07, P2, 56, 292.37 W, 100 %, 100 %, 21532 MiB, 24564 MiB, 2640 MHz, 10251 MHz
2026/09/13 13:18:03.541, NVIDIA GeForce RTX 4090, GPU-457328ff-6f8e-1f53-8cc3-68ae75d90604, 595.91.07, P2, 56, 298.83 W, 100 %, 100 %, 21532 MiB, 24564 MiB, 2640 MHz, 10251 MHz
2026/09/13 13:18:04.543, NVIDIA GeForce RTX 4090, GPU-457328ff-6f8e-1f53-8cc3-68ae75d90604, 595.91.07, P2, 56, 299.20 W, 100 %, 100 %, 21532 MiB, 24564 MiB, 2640 MHz, 10251 MHz
2026/09/13 13:18:05.545, NVIDIA GeForce RTX 4090, GPU-457328ff-6f8e-1f53-8cc3-68ae75d90604, 595.91.07, P2, 56, 299.05 W, 100 %, 100 %, 21532 MiB, 24564 MiB, 2640 MHz, 10251 MHz
2026/09/13 13:18:06.547, NVIDIA GeForce RTX 4090, GPU-457328ff-6f8e-1f53-8cc3-68ae75d90604, 595.91.07, P2, 56, 299.16 W, 100 %, 100 %, 21532 MiB, 24564 MiB, 2640 MHz, 10251 MHz
2026/09/13 13:18:07.549, NVIDIA GeForce RTX 4090, GPU-457328ff-6f8e-1f53-8cc3-68ae75d90604, 595.91.07, P2, 56, 298.77 W, 100 %, 100 %, 21532 MiB, 24564 MiB, 2640 MHz, 10251 MHz
2026/09/13 13:18:08.551, NVIDIA GeForce RTX 4090, GPU-457328ff-6f8e-1f53-8cc3-68ae75d90604, 595.91.07, P2, 56, 298.39 W, 100 %, 100 %, 21532 MiB, 24564 MiB, 2640 MHz, 10251 MHz
2026/09/13 13:18:09.553, NVIDIA GeForce RTX 4090, GPU-457328ff-6f8e-1f53-8cc3-68ae75d90604, 595.91.07, P2, 56, 298.34 W, 100 %, 100 %, 21532 MiB, 24564 MiB, 2640 MHz, 10251 MHz
2026/09/13 13:18:10.555, NVIDIA GeForce RTX 4090, GPU-457328ff-6f8e-1f53-8cc3-68ae75d90604, 595.91.07, P2, 56, 298.25 W, 100 %, 100 %, 21532 MiB, 24564 MiB, 2640 MHz, 10251 MHz
2026/09/13 13:18:11.556, NVIDIA GeForce RTX 4090, GPU-457328ff-6f8e-1f53-8cc3-68ae75d90604, 595.91.07, P2, 56, 298.43 W, 100 %, 100 %, 21532 MiB, 24564 MiB, 2640 MHz, 10251 MHz
2026/09/13 13:18:12.559, NVIDIA GeForce RTX 4090, GPU-457328ff-6f8e-1f53-8cc3-68ae75d90604, 595.91.07, P2, 56, 298.20 W, 100 %, 100 %, 21532 MiB, 24564 MiB, 2640 MHz, 10251 MHz
2026/09/13 13:18:13.560, NVIDIA GeForce RTX 4090, GPU-457328ff-6f8e-1f53-8cc3-68ae75d90604, 595.91.07, P2, 56, 298.05 W, 100 %, 100 %, 21532 MiB, 24564 MiB, 2640 MHz, 10251 MHz
2026/09/13 13:18:14.563, NVIDIA GeForce RTX 4090, GPU-457328ff-6f8e-1f53-8cc3-68ae75d90604, 595.91.07, P2, 56, 297.56 W, 100 %, 100 %, 21532 MiB, 24564 MiB, 2640 MHz, 10251 MHz
2026/09/13 13:18:15.565, NVIDIA GeForce RTX 4090, GPU-457328ff-6f8e-1f53-8cc3-68ae75d90604, 595.91.07, P2, 56, 297.60 W, 100 %, 100 %, 21532 MiB, 24564 MiB, 2640 MHz, 10251 MHz
2026/09/13 13:18:16.566, NVIDIA GeForce RTX 4090, GPU-457328ff-6f8e-1f53-8cc3-68ae75d90604, 595.91.07, P2, 56, 297.43 W, 100 %, 100 %, 21532 MiB, 24564 MiB, 2640 MHz, 10251 MHz
2026/09/13 13:18:17.569, NVIDIA GeForce RTX 4090, GPU-457328ff-6f8e-1f53-8cc3-68ae75d90604, 595.91.07, P2, 56, 297.43 W, 100 %, 100 %, 21532 MiB, 24564 MiB, 2640 MHz, 10251 MHz
2026/09/13 13:18:18.571, NVIDIA GeForce RTX 4090, GPU-457328ff-6f8e-1f53-8cc3-68ae75d90604, 595.91.07, P2, 56, 297.54 W, 100 %, 100 %, 21532 MiB, 24564 MiB, 2640 MHz, 10251 MHz
2026/09/13 13:18:19.572, NVIDIA GeForce RTX 4090, GPU-457328ff-6f8e-1f53-8cc3-68ae75d90604, 595.91.07, P2, 56, 297.34 W, 100 %, 100 %, 21532 MiB, 24564 MiB, 2640 MHz, 10251 MHz
2026/09/13 13:18:20.573, NVIDIA GeForce RTX 4090, GPU-457328ff-6f8e-1f53-8cc3-68ae75d90604, 595.91.07, P2, 56, 297.27 W, 100 %, 100 %, 21532 MiB, 24564 MiB, 2640 MHz, 10251 MHz
2026/09/13 13:18:21.576, NVIDIA GeForce RTX 4090, GPU-457328ff-6f8e-1f53-8cc3-68ae75d90604, 595.91.07, P2, 56, 296.84 W, 100 %, 100 %, 21532 MiB, 24564 MiB, 2640 MHz, 10251 MHz
2026/09/13 13:18:22.578, NVIDIA GeForce RTX 4090, GPU-457328ff-6f8e-1f53-8cc3-68ae75d90604, 595.91.07, P2, 56, 297.24 W, 100 %, 100 %, 21532 MiB, 24564 MiB, 2640 MHz, 10251 MHz
2026/09/13 13:18:23.580, NVIDIA GeForce RTX 4090, GPU-457328ff-6f8e-1f53-8cc3-68ae75d90604, 595.91.07, P2, 56, 297.23 W, 100 %, 100 %, 21532 MiB, 24564 MiB, 2640 MHz, 10251 MHz
2026/09/13 13:18:24.582, NVIDIA GeForce RTX 4090, GPU-457328ff-6f8e-1f53-8cc3-68ae75d90604, 595.91.07, P2, 56, 287.74 W, 100 %, 100 %, 21532 MiB, 24564 MiB, 2640 MHz, 10251 MHz
2026/09/13 13:18:25.585, NVIDIA GeForce RTX 4090, GPU-457328ff-6f8e-1f53-8cc3-68ae75d90604, 595.91.07, P2, 56, 299.17 W, 100 %, 100 %, 21532 MiB, 24564 MiB, 2640 MHz, 10251 MHz
2026/09/13 13:18:26.586, NVIDIA GeForce RTX 4090, GPU-457328ff-6f8e-1f53-8cc3-68ae75d90604, 595.91.07, P2, 56, 299.08 W, 100 %, 100 %, 21532 MiB, 24564 MiB, 2640 MHz, 10251 MHz
2026/09/13 13:18:27.588, NVIDIA GeForce RTX 4090, GPU-457328ff-6f8e-1f53-8cc3-68ae75d90604, 595.91.07, P2, 56, 299.05 W, 100 %, 100 %, 21532 MiB, 24564 MiB, 2640 MHz, 10251 MHz
2026/09/13 13:18:28.590, NVIDIA GeForce RTX 4090, GPU-457328ff-6f8e-1f53-8cc3-68ae75d90604, 595.91.07, P2, 56, 299.08 W, 100 %, 100 %, 21532 MiB, 24564 MiB, 2640 MHz, 10251 MHz
2026/09/13 13:18:29.592, NVIDIA GeForce RTX 4090, GPU-457328ff-6f8e-1f53-8cc3-68ae75d90604, 595.91.07, P2, 56, 298.96 W, 100 %, 100 %, 21532 MiB, 24564 MiB, 2640 MHz, 10251 MHz
2026/09/13 13:18:30.594, NVIDIA GeForce RTX 4090, GPU-457328ff-6f8e-1f53-8cc3-68ae75d90604, 595.91.07, P2, 56, 298.37 W, 100 %, 100 %, 21532 MiB, 24564 MiB, 2640 MHz, 10251 MHz
2026/09/13 13:18:31.596, NVIDIA GeForce RTX 4090, GPU-457328ff-6f8e-1f53-8cc3-68ae75d90604, 595.91.07, P2, 56, 298.21 W, 100 %, 100 %, 21532 MiB, 24564 MiB, 2640 MHz, 10251 MHz
2026/09/13 13:18:32.598, NVIDIA GeForce RTX 4090, GPU-457328ff-6f8e-1f53-8cc3-68ae75d90604, 595.91.07, P2, 56, 298.15 W, 100 %, 100 %, 21532 MiB, 24564 MiB, 2640 MHz, 10251 MHz
2026/09/13 13:18:33.600, NVIDIA GeForce RTX 4090, GPU-457328ff-6f8e-1f53-8cc3-68ae75d90604, 595.91.07, P2, 56, 297.64 W, 100 %, 100 %, 21532 MiB, 24564 MiB, 2640 MHz, 10251 MHz
2026/09/13 13:18:34.603, NVIDIA GeForce RTX 4090, GPU-457328ff-6f8e-1f53-8cc3-68ae75d90604, 595.91.07, P2, 56, 297.76 W, 100 %, 100 %, 21532 MiB, 24564 MiB, 2640 MHz, 10251 MHz
2026/09/13 13:18:35.604, NVIDIA GeForce RTX 4090, GPU-457328ff-6f8e-1f53-8cc3-68ae75d90604, 595.91.07, P2, 56, 297.90 W, 100 %, 100 %, 21532 MiB, 24564 MiB, 2640 MHz, 10251 MHz
2026/09/13 13:18:36.607, NVIDIA GeForce RTX 4090, GPU-457328ff-6f8e-1f53-8cc3-68ae75d90604, 595.91.07, P2, 56, 297.78 W, 100 %, 100 %, 21532 MiB, 24564 MiB, 2640 MHz, 10251 MHz
2026/09/13 13:18:37.609, NVIDIA GeForce RTX 4090, GPU-457328ff-6f8e-1f53-8cc3-68ae75d90604, 595.91.07, P2, 56, 298.01 W, 100 %, 100 %, 21532 MiB, 24564 MiB, 2640 MHz, 10251 MHz
2026/09/13 13:18:38.611, NVIDIA GeForce RTX 4090, GPU-457328ff-6f8e-1f53-8cc3-68ae75d90604, 595.91.07, P2, 56, 297.62 W, 100 %, 100 %, 21532 MiB, 24564 MiB, 2640 MHz, 10251 MHz
2026/09/13 13:18:39.613, NVIDIA GeForce RTX 4090, GPU-457328ff-6f8e-1f53-8cc3-68ae75d90604, 595.91.07, P2, 56, 297.88 W, 100 %, 100 %, 21532 MiB, 24564 MiB, 2640 MHz, 10251 MHz
2026/09/13 13:18:40.615, NVIDIA GeForce RTX 4090, GPU-457328ff-6f8e-1f53-8cc3-68ae75d90604, 595.91.07, P2, 56, 297.55 W, 100 %, 100 %, 21532 MiB, 24564 MiB, 2640 MHz, 10251 MHz
2026/09/13 13:18:41.618, NVIDIA GeForce RTX 4090, GPU-457328ff-6f8e-1f53-8cc3-68ae75d90604, 595.91.07, P2, 56, 297.46 W, 100 %, 100 %, 21532 MiB, 24564 MiB, 2640 MHz, 10251 MHz
2026/09/13 13:18:42.620, NVIDIA GeForce RTX 4090, GPU-457328ff-6f8e-1f53-8cc3-68ae75d90604, 595.91.07, P2, 56, 297.56 W, 100 %, 100 %, 21532 MiB, 24564 MiB, 2640 MHz, 10251 MHz
2026/09/13 13:18:43.622, NVIDIA GeForce RTX 4090, GPU-457328ff-6f8e-1f53-8cc3-68ae75d90604, 595.91.07, P2, 56, 297.41 W, 100 %, 100 %, 21532 MiB, 24564 MiB, 2640 MHz, 10251 MHz
2026/09/13 13:18:44.624, NVIDIA GeForce RTX 4090, GPU-457328ff-6f8e-1f53-8cc3-68ae75d90604, 595.91.07, P2, 56, 297.13 W, 100 %, 100 %, 21532 MiB, 24564 MiB, 2640 MHz, 10251 MHz
2026/09/13 13:18:45.626, NVIDIA GeForce RTX 4090, GPU-457328ff-6f8e-1f53-8cc3-68ae75d90604, 595.91.07, P2, 56, 297.23 W, 100 %, 100 %, 21532 MiB, 24564 MiB, 2640 MHz, 10251 MHz
2026/09/13 13:18:46.629, NVIDIA GeForce RTX 4090, GPU-457328ff-6f8e-1f53-8cc3-68ae75d90604, 595.91.07, P2, 56, 297.45 W, 100 %, 100 %, 21532 MiB, 24564 MiB, 2640 MHz, 10251 MHz
2026/09/13 13:18:47.631, NVIDIA GeForce RTX 4090, GPU-457328ff-6f8e-1f53-8cc3-68ae75d90604, 595.91.07, P2, 56, 297.42 W, 100 %, 100 %, 21532 MiB, 24564 MiB, 2640 MHz, 10251 MHz
2026/09/13 13:18:48.633, NVIDIA GeForce RTX 4090, GPU-457328ff-6f8e-1f53-8cc3-68ae75d90604, 595.91.07, P2, 56, 297.40 W, 100 %, 100 %, 21532 MiB, 24564 MiB, 2640 MHz, 10251 MHz
2026/09/13 13:18:49.635, NVIDIA GeForce RTX 4090, GPU-457328ff-6f8e-1f53-8cc3-68ae75d90604, 595.91.07, P2, 56, 297.42 W, 100 %, 100 %, 21532 MiB, 24564 MiB, 2640 MHz, 10251 MHz
2026/09/13 13:18:50.637, NVIDIA GeForce RTX 4090, GPU-457328ff-6f8e-1f53-8cc3-68ae75d90604, 595.91.07, P2, 56, 297.59 W, 100 %, 100 %, 21532 MiB, 24564 MiB, 2640 MHz, 10251 MHz
2026/09/13 13:18:51.640, NVIDIA GeForce RTX 4090, GPU-457328ff-6f8e-1f53-8cc3-68ae75d90604, 595.91.07, P2, 56, 297.64 W, 100 %, 100 %, 21532 MiB, 24564 MiB, 2640 MHz, 10251 MHz
2026/09/13 13:18:52.643, NVIDIA GeForce RTX 4090, GPU-457328ff-6f8e-1f53-8cc3-68ae75d90604, 595.91.07, P2, 56, 297.47 W, 100 %, 100 %, 21532 MiB, 24564 MiB, 2640 MHz, 10251 MHz
2026/09/13 13:18:53.645, NVIDIA GeForce RTX 4090, GPU-457328ff-6f8e-1f53-8cc3-68ae75d90604, 595.91.07, P2, 56, 290.26 W, 100 %, 100 %, 21532 MiB, 24564 MiB, 2640 MHz, 10251 MHz
2026/09/13 13:18:54.647, NVIDIA GeForce RTX 4090, GPU-457328ff-6f8e-1f53-8cc3-68ae75d90604, 595.91.07, P2, 56, 299.56 W, 100 %, 100 %, 21532 MiB, 24564 MiB, 2640 MHz, 10251 MHz
2026/09/13 13:18:55.650, NVIDIA GeForce RTX 4090, GPU-457328ff-6f8e-1f53-8cc3-68ae75d90604, 595.91.07, P2, 56, 299.27 W, 100 %, 100 %, 21532 MiB, 24564 MiB, 2640 MHz, 10251 MHz
2026/09/13 13:18:56.652, NVIDIA GeForce RTX 4090, GPU-457328ff-6f8e-1f53-8cc3-68ae75d90604, 595.91.07, P2, 56, 299.12 W, 100 %, 100 %, 21532 MiB, 24564 MiB, 2640 MHz, 10251 MHz
2026/09/13 13:18:57.654, NVIDIA GeForce RTX 4090, GPU-457328ff-6f8e-1f53-8cc3-68ae75d90604, 595.91.07, P2, 56, 298.94 W, 100 %, 100 %, 21532 MiB, 24564 MiB, 2640 MHz, 10251 MHz
2026/09/13 13:18:58.656, NVIDIA GeForce RTX 4090, GPU-457328ff-6f8e-1f53-8cc3-68ae75d90604, 595.91.07, P2, 56, 298.51 W, 100 %, 100 %, 21532 MiB, 24564 MiB, 2640 MHz, 10251 MHz
2026/09/13 13:18:59.658, NVIDIA GeForce RTX 4090, GPU-457328ff-6f8e-1f53-8cc3-68ae75d90604, 595.91.07, P2, 56, 298.44 W, 100 %, 100 %, 21532 MiB, 24564 MiB, 2640 MHz, 10251 MHz
2026/09/13 13:19:00.660, NVIDIA GeForce RTX 4090, GPU-457328ff-6f8e-1f53-8cc3-68ae75d90604, 595.91.07, P2, 56, 298.11 W, 100 %, 100 %, 21532 MiB, 24564 MiB, 2640 MHz, 10251 MHz
2026/09/13 13:19:01.663, NVIDIA GeForce RTX 4090, GPU-457328ff-6f8e-1f53-8cc3-68ae75d90604, 595.91.07, P2, 56, 289.91 W, 100 %, 100 %, 21532 MiB, 24564 MiB, 2640 MHz, 10251 MHz
2026/09/13 13:19:02.666, NVIDIA GeForce RTX 4090, GPU-457328ff-6f8e-1f53-8cc3-68ae75d90604, 595.91.07, P2, 56, 299.18 W, 100 %, 100 %, 21532 MiB, 24564 MiB, 2640 MHz, 10251 MHz
2026/09/13 13:19:03.668, NVIDIA GeForce RTX 4090, GPU-457328ff-6f8e-1f53-8cc3-68ae75d90604, 595.91.07, P2, 56, 298.91 W, 100 %, 100 %, 21532 MiB, 24564 MiB, 2640 MHz, 10251 MHz
2026/09/13 13:19:04.670, NVIDIA GeForce RTX 4090, GPU-457328ff-6f8e-1f53-8cc3-68ae75d90604, 595.91.07, P2, 56, 299.06 W, 100 %, 100 %, 21532 MiB, 24564 MiB, 2640 MHz, 10251 MHz
2026/09/13 13:19:05.673, NVIDIA GeForce RTX 4090, GPU-457328ff-6f8e-1f53-8cc3-68ae75d90604, 595.91.07, P2, 56, 298.85 W, 100 %, 100 %, 21532 MiB, 24564 MiB, 2640 MHz, 10251 MHz
2026/09/13 13:19:06.675, NVIDIA GeForce RTX 4090, GPU-457328ff-6f8e-1f53-8cc3-68ae75d90604, 595.91.07, P2, 56, 298.60 W, 100 %, 100 %, 21532 MiB, 24564 MiB, 2640 MHz, 10251 MHz
2026/09/13 13:19:07.677, NVIDIA GeForce RTX 4090, GPU-457328ff-6f8e-1f53-8cc3-68ae75d90604, 595.91.07, P2, 56, 298.14 W, 100 %, 100 %, 21532 MiB, 24564 MiB, 2640 MHz, 10251 MHz
2026/09/13 13:19:08.679, NVIDIA GeForce RTX 4090, GPU-457328ff-6f8e-1f53-8cc3-68ae75d90604, 595.91.07, P2, 56, 298.05 W, 100 %, 100 %, 21532 MiB, 24564 MiB, 2640 MHz, 10251 MHz
2026/09/13 13:19:09.681, NVIDIA GeForce RTX 4090, GPU-457328ff-6f8e-1f53-8cc3-68ae75d90604, 595.91.07, P2, 56, 297.76 W, 100 %, 100 %, 21532 MiB, 24564 MiB, 2640 MHz, 10251 MHz
2026/09/13 13:19:10.683, NVIDIA GeForce RTX 4090, GPU-457328ff-6f8e-1f53-8cc3-68ae75d90604, 595.91.07, P2, 56, 297.68 W, 100 %, 100 %, 21532 MiB, 24564 MiB, 2640 MHz, 10251 MHz
2026/09/13 13:19:11.684, NVIDIA GeForce RTX 4090, GPU-457328ff-6f8e-1f53-8cc3-68ae75d90604, 595.91.07, P2, 56, 297.59 W, 100 %, 100 %, 21532 MiB, 24564 MiB, 2640 MHz, 10251 MHz
2026/09/13 13:19:12.686, NVIDIA GeForce RTX 4090, GPU-457328ff-6f8e-1f53-8cc3-68ae75d90604, 595.91.07, P2, 56, 297.54 W, 100 %, 100 %, 21532 MiB, 24564 MiB, 2640 MHz, 10251 MHz
2026/09/13 13:19:13.688, NVIDIA GeForce RTX 4090, GPU-457328ff-6f8e-1f53-8cc3-68ae75d90604, 595.91.07, P2, 56, 297.51 W, 100 %, 100 %, 21532 MiB, 24564 MiB, 2640 MHz, 10251 MHz
2026/09/13 13:19:14.690, NVIDIA GeForce RTX 4090, GPU-457328ff-6f8e-1f53-8cc3-68ae75d90604, 595.91.07, P2, 56, 297.15 W, 100 %, 100 %, 21532 MiB, 24564 MiB, 2640 MHz, 10251 MHz
2026/09/13 13:19:15.692, NVIDIA GeForce RTX 4090, GPU-457328ff-6f8e-1f53-8cc3-68ae75d90604, 595.91.07, P2, 56, 297.12 W, 100 %, 100 %, 21532 MiB, 24564 MiB, 2640 MHz, 10251 MHz
2026/09/13 13:19:16.694, NVIDIA GeForce RTX 4090, GPU-457328ff-6f8e-1f53-8cc3-68ae75d90604, 595.91.07, P2, 56, 297.10 W, 100 %, 100 %, 21532 MiB, 24564 MiB, 2640 MHz, 10251 MHz
2026/09/13 13:19:17.695, NVIDIA GeForce RTX 4090, GPU-457328ff-6f8e-1f53-8cc3-68ae75d90604, 595.91.07, P2, 56, 297.39 W, 100 %, 100 %, 21532 MiB, 24564 MiB, 2640 MHz, 10251 MHz
2026/09/13 13:19:18.697, NVIDIA GeForce RTX 4090, GPU-457328ff-6f8e-1f53-8cc3-68ae75d90604, 595.91.07, P2, 56, 297.73 W, 100 %, 100 %, 21532 MiB, 24564 MiB, 2640 MHz, 10251 MHz
2026/09/13 13:19:19.698, NVIDIA GeForce RTX 4090, GPU-457328ff-6f8e-1f53-8cc3-68ae75d90604, 595.91.07, P2, 56, 297.18 W, 100 %, 100 %, 21532 MiB, 24564 MiB, 2640 MHz, 10251 MHz
2026/09/13 13:19:20.700, NVIDIA GeForce RTX 4090, GPU-457328ff-6f8e-1f53-8cc3-68ae75d90604, 595.91.07, P2, 56, 297.19 W, 100 %, 100 %, 21532 MiB, 24564 MiB, 2640 MHz, 10251 MHz
2026/09/13 13:19:21.702, NVIDIA GeForce RTX 4090, GPU-457328ff-6f8e-1f53-8cc3-68ae75d90604, 595.91.07, P2, 56, 297.05 W, 100 %, 100 %, 21532 MiB, 24564 MiB, 2640 MHz, 10251 MHz
2026/09/13 13:19:22.706, NVIDIA GeForce RTX 4090, GPU-457328ff-6f8e-1f53-8cc3-68ae75d90604, 595.91.07, P2, 56, 297.12 W, 100 %, 100 %, 21532 MiB, 24564 MiB, 2640 MHz, 10251 MHz
2026/09/13 13:19:23.708, NVIDIA GeForce RTX 4090, GPU-457328ff-6f8e-1f53-8cc3-68ae75d90604, 595.91.07, P2, 56, 296.96 W, 100 %, 100 %, 21532 MiB, 24564 MiB, 2640 MHz, 10251 MHz
2026/09/13 13:19:24.710, NVIDIA GeForce RTX 4090, GPU-457328ff-6f8e-1f53-8cc3-68ae75d90604, 595.91.07, P2, 56, 296.73 W, 100 %, 100 %, 21532 MiB, 24564 MiB, 2640 MHz, 10251 MHz
2026/09/13 13:19:25.712, NVIDIA GeForce RTX 4090, GPU-457328ff-6f8e-1f53-8cc3-68ae75d90604, 595.91.07, P2, 56, 296.62 W, 100 %, 100 %, 21532 MiB, 24564 MiB, 2640 MHz, 10251 MHz
2026/09/13 13:19:26.714, NVIDIA GeForce RTX 4090, GPU-457328ff-6f8e-1f53-8cc3-68ae75d90604, 595.91.07, P2, 56, 296.84 W, 100 %, 100 %, 21532 MiB, 24564 MiB, 2640 MHz, 10251 MHz
2026/09/13 13:19:27.716, NVIDIA GeForce RTX 4090, GPU-457328ff-6f8e-1f53-8cc3-68ae75d90604, 595.91.07, P2, 56, 297.08 W, 100 %, 100 %, 21532 MiB, 24564 MiB, 2640 MHz, 10251 MHz
2026/09/13 13:19:28.718, NVIDIA GeForce RTX 4090, GPU-457328ff-6f8e-1f53-8cc3-68ae75d90604, 595.91.07, P2, 56, 297.32 W, 100 %, 100 %, 21532 MiB, 24564 MiB, 2640 MHz, 10251 MHz
2026/09/13 13:19:29.719, NVIDIA GeForce RTX 4090, GPU-457328ff-6f8e-1f53-8cc3-68ae75d90604, 595.91.07, P2, 56, 297.23 W, 100 %, 100 %, 21532 MiB, 24564 MiB, 2640 MHz, 10251 MHz
2026/09/13 13:19:30.722, NVIDIA GeForce RTX 4090, GPU-457328ff-6f8e-1f53-8cc3-68ae75d90604, 595.91.07, P2, 56, 297.55 W, 100 %, 100 %, 21532 MiB, 24564 MiB, 2640 MHz, 10251 MHz
2026/09/13 13:19:31.725, NVIDIA GeForce RTX 4090, GPU-457328ff-6f8e-1f53-8cc3-68ae75d90604, 595.91.07, P2, 56, 297.66 W, 100 %, 100 %, 21532 MiB, 24564 MiB, 2640 MHz, 10251 MHz
2026/09/13 13:19:32.726, NVIDIA GeForce RTX 4090, GPU-457328ff-6f8e-1f53-8cc3-68ae75d90604, 595.91.07, P2, 56, 297.68 W, 100 %, 100 %, 21532 MiB, 24564 MiB, 2640 MHz, 10251 MHz
2026/09/13 13:19:33.728, NVIDIA GeForce RTX 4090, GPU-457328ff-6f8e-1f53-8cc3-68ae75d90604, 595.91.07, P2, 56, 297.42 W, 100 %, 100 %, 21532 MiB, 24564 MiB, 2640 MHz, 10251 MHz
2026/09/13 13:19:34.730, NVIDIA GeForce RTX 4090, GPU-457328ff-6f8e-1f53-8cc3-68ae75d90604, 595.91.07, P2, 56, 297.80 W, 100 %, 100 %, 21532 MiB, 24564 MiB, 2640 MHz, 10251 MHz
2026/09/13 13:19:35.733, NVIDIA GeForce RTX 4090, GPU-457328ff-6f8e-1f53-8cc3-68ae75d90604, 595.91.07, P2, 56, 297.63 W, 100 %, 100 %, 21532 MiB, 24564 MiB, 2640 MHz, 10251 MHz
2026/09/13 13:19:36.735, NVIDIA GeForce RTX 4090, GPU-457328ff-6f8e-1f53-8cc3-68ae75d90604, 595.91.07, P2, 56, 297.20 W, 100 %, 100 %, 21532 MiB, 24564 MiB, 2640 MHz, 10251 MHz
2026/09/13 13:19:37.738, NVIDIA GeForce RTX 4090, GPU-457328ff-6f8e-1f53-8cc3-68ae75d90604, 595.91.07, P2, 56, 296.89 W, 100 %, 100 %, 21532 MiB, 24564 MiB, 2640 MHz, 10251 MHz
2026/09/13 13:19:38.740, NVIDIA GeForce RTX 4090, GPU-457328ff-6f8e-1f53-8cc3-68ae75d90604, 595.91.07, P2, 56, 297.07 W, 100 %, 100 %, 21532 MiB, 24564 MiB, 2640 MHz, 10251 MHz
2026/09/13 13:19:39.742, NVIDIA GeForce RTX 4090, GPU-457328ff-6f8e-1f53-8cc3-68ae75d90604, 595.91.07, P2, 56, 297.32 W, 100 %, 100 %, 21532 MiB, 24564 MiB, 2640 MHz, 10251 MHz
2026/09/13 13:19:40.744, NVIDIA GeForce RTX 4090, GPU-457328ff-6f8e-1f53-8cc3-68ae75d90604, 595.91.07, P2, 56, 297.06 W, 100 %, 100 %, 21532 MiB, 24564 MiB, 2640 MHz, 10251 MHz
2026/09/13 13:19:41.747, NVIDIA GeForce RTX 4090, GPU-457328ff-6f8e-1f53-8cc3-68ae75d90604, 595.91.07, P2, 56, 297.10 W, 100 %, 100 %, 21532 MiB, 24564 MiB, 2640 MHz, 10251 MHz
2026/09/13 13:19:42.748, NVIDIA GeForce RTX 4090, GPU-457328ff-6f8e-1f53-8cc3-68ae75d90604, 595.91.07, P2, 56, 282.48 W, 100 %, 100 %, 21532 MiB, 24564 MiB, 2640 MHz, 10251 MHz
2026/09/13 13:19:43.751, NVIDIA GeForce RTX 4090, GPU-457328ff-6f8e-1f53-8cc3-68ae75d90604, 595.91.07, P2, 56, 299.06 W, 100 %, 100 %, 21532 MiB, 24564 MiB, 2640 MHz, 10251 MHz
2026/09/13 13:19:44.753, NVIDIA GeForce RTX 4090, GPU-457328ff-6f8e-1f53-8cc3-68ae75d90604, 595.91.07, P2, 56, 299.17 W, 100 %, 100 %, 21532 MiB, 24564 MiB, 2640 MHz, 10251 MHz
2026/09/13 13:19:45.755, NVIDIA GeForce RTX 4090, GPU-457328ff-6f8e-1f53-8cc3-68ae75d90604, 595.91.07, P2, 56, 298.82 W, 100 %, 100 %, 21532 MiB, 24564 MiB, 2640 MHz, 10251 MHz
2026/09/13 13:19:46.758, NVIDIA GeForce RTX 4090, GPU-457328ff-6f8e-1f53-8cc3-68ae75d90604, 595.91.07, P2, 56, 298.93 W, 100 %, 100 %, 21532 MiB, 24564 MiB, 2640 MHz, 10251 MHz
2026/09/13 13:19:47.760, NVIDIA GeForce RTX 4090, GPU-457328ff-6f8e-1f53-8cc3-68ae75d90604, 595.91.07, P2, 56, 298.59 W, 100 %, 100 %, 21532 MiB, 24564 MiB, 2640 MHz, 10251 MHz
2026/09/13 13:19:48.763, NVIDIA GeForce RTX 4090, GPU-457328ff-6f8e-1f53-8cc3-68ae75d90604, 595.91.07, P2, 56, 298.56 W, 100 %, 100 %, 21532 MiB, 24564 MiB, 2640 MHz, 10251 MHz
2026/09/13 13:19:49.764, NVIDIA GeForce RTX 4090, GPU-457328ff-6f8e-1f53-8cc3-68ae75d90604, 595.91.07, P2, 56, 298.24 W, 100 %, 100 %, 21532 MiB, 24564 MiB, 2640 MHz, 10251 MHz
2026/09/13 13:19:50.767, NVIDIA GeForce RTX 4090, GPU-457328ff-6f8e-1f53-8cc3-68ae75d90604, 595.91.07, P2, 56, 297.92 W, 100 %, 100 %, 21532 MiB, 24564 MiB, 2640 MHz, 10251 MHz
2026/09/13 13:19:51.769, NVIDIA GeForce RTX 4090, GPU-457328ff-6f8e-1f53-8cc3-68ae75d90604, 595.91.07, P2, 56, 297.76 W, 100 %, 100 %, 21532 MiB, 24564 MiB, 2640 MHz, 10251 MHz
2026/09/13 13:19:52.771, NVIDIA GeForce RTX 4090, GPU-457328ff-6f8e-1f53-8cc3-68ae75d90604, 595.91.07, P2, 56, 297.99 W, 100 %, 100 %, 21532 MiB, 24564 MiB, 2640 MHz, 10251 MHz
2026/09/13 13:19:53.774, NVIDIA GeForce RTX 4090, GPU-457328ff-6f8e-1f53-8cc3-68ae75d90604, 595.91.07, P2, 56, 297.72 W, 100 %, 100 %, 21532 MiB, 24564 MiB, 2640 MHz, 10251 MHz
2026/09/13 13:19:54.776, NVIDIA GeForce RTX 4090, GPU-457328ff-6f8e-1f53-8cc3-68ae75d90604, 595.91.07, P2, 56, 297.77 W, 100 %, 100 %, 21532 MiB, 24564 MiB, 2640 MHz, 10251 MHz
2026/09/13 13:19:55.778, NVIDIA GeForce RTX 4090, GPU-457328ff-6f8e-1f53-8cc3-68ae75d90604, 595.91.07, P2, 56, 297.81 W, 100 %, 100 %, 21532 MiB, 24564 MiB, 2640 MHz, 10251 MHz
2026/09/13 13:19:56.780, NVIDIA GeForce RTX 4090, GPU-457328ff-6f8e-1f53-8cc3-68ae75d90604, 595.91.07, P2, 56, 297.49 W, 100 %, 100 %, 21532 MiB, 24564 MiB, 2640 MHz, 10251 MHz
2026/09/13 13:19:57.783, NVIDIA GeForce RTX 4090, GPU-457328ff-6f8e-1f53-8cc3-68ae75d90604, 595.91.07, P2, 56, 297.42 W, 100 %, 100 %, 21532 MiB, 24564 MiB, 2640 MHz, 10251 MHz
2026/09/13 13:19:58.785, NVIDIA GeForce RTX 4090, GPU-457328ff-6f8e-1f53-8cc3-68ae75d90604, 595.91.07, P2, 56, 296.79 W, 100 %, 100 %, 21532 MiB, 24564 MiB, 2640 MHz, 10251 MHz
2026/09/13 13:19:59.788, NVIDIA GeForce RTX 4090, GPU-457328ff-6f8e-1f53-8cc3-68ae75d90604, 595.91.07, P2, 56, 296.76 W, 100 %, 100 %, 21532 MiB, 24564 MiB, 2640 MHz, 10251 MHz
2026/09/13 13:20:00.790, NVIDIA GeForce RTX 4090, GPU-457328ff-6f8e-1f53-8cc3-68ae75d90604, 595.91.07, P2, 56, 297.04 W, 100 %, 100 %, 21532 MiB, 24564 MiB, 2640 MHz, 10251 MHz
2026/09/13 13:20:01.792, NVIDIA GeForce RTX 4090, GPU-457328ff-6f8e-1f53-8cc3-68ae75d90604, 595.91.07, P2, 56, 297.24 W, 100 %, 100 %, 21532 MiB, 24564 MiB, 2640 MHz, 10251 MHz
2026/09/13 13:20:02.794, NVIDIA GeForce RTX 4090, GPU-457328ff-6f8e-1f53-8cc3-68ae75d90604, 595.91.07, P2, 56, 297.39 W, 100 %, 100 %, 21532 MiB, 24564 MiB, 2640 MHz, 10251 MHz
2026/09/13 13:20:03.797, NVIDIA GeForce RTX 4090, GPU-457328ff-6f8e-1f53-8cc3-68ae75d90604, 595.91.07, P2, 56, 297.62 W, 100 %, 100 %, 21532 MiB, 24564 MiB, 2640 MHz, 10251 MHz
2026/09/13 13:20:04.799, NVIDIA GeForce RTX 4090, GPU-457328ff-6f8e-1f53-8cc3-68ae75d90604, 595.91.07, P2, 56, 297.14 W, 100 %, 100 %, 21532 MiB, 24564 MiB, 2640 MHz, 10251 MHz
2026/09/13 13:20:05.802, NVIDIA GeForce RTX 4090, GPU-457328ff-6f8e-1f53-8cc3-68ae75d90604, 595.91.07, P2, 56, 296.95 W, 100 %, 100 %, 21532 MiB, 24564 MiB, 2640 MHz, 10251 MHz
2026/09/13 13:20:06.805, NVIDIA GeForce RTX 4090, GPU-457328ff-6f8e-1f53-8cc3-68ae75d90604, 595.91.07, P2, 56, 296.71 W, 100 %, 100 %, 21532 MiB, 24564 MiB, 2640 MHz, 10251 MHz
2026/09/13 13:20:07.807, NVIDIA GeForce RTX 4090, GPU-457328ff-6f8e-1f53-8cc3-68ae75d90604, 595.91.07, P2, 56, 296.56 W, 100 %, 100 %, 21532 MiB, 24564 MiB, 2640 MHz, 10251 MHz
2026/09/13 13:20:08.809, NVIDIA GeForce RTX 4090, GPU-457328ff-6f8e-1f53-8cc3-68ae75d90604, 595.91.07, P2, 56, 296.33 W, 100 %, 100 %, 21532 MiB, 24564 MiB, 2640 MHz, 10251 MHz
2026/09/13 13:20:09.811, NVIDIA GeForce RTX 4090, GPU-457328ff-6f8e-1f53-8cc3-68ae75d90604, 595.91.07, P2, 56, 296.49 W, 100 %, 100 %, 21532 MiB, 24564 MiB, 2640 MHz, 10251 MHz
2026/09/13 13:20:10.814, NVIDIA GeForce RTX 4090, GPU-457328ff-6f8e-1f53-8cc3-68ae75d90604, 595.91.07, P2, 56, 296.54 W, 100 %, 100 %, 21532 MiB, 24564 MiB, 2640 MHz, 10251 MHz
2026/09/13 13:20:11.816, NVIDIA GeForce RTX 4090, GPU-457328ff-6f8e-1f53-8cc3-68ae75d90604, 595.91.07, P2, 56, 296.64 W, 100 %, 100 %, 21532 MiB, 24564 MiB, 2640 MHz, 10251 MHz
2026/09/13 13:20:12.819, NVIDIA GeForce RTX 4090, GPU-457328ff-6f8e-1f53-8cc3-68ae75d90604, 595.91.07, P2, 56, 297.00 W, 100 %, 100 %, 21532 MiB, 24564 MiB, 2640 MHz, 10251 MHz
2026/09/13 13:20:13.821, NVIDIA GeForce RTX 4090, GPU-457328ff-6f8e-1f53-8cc3-68ae75d90604, 595.91.07, P2, 56, 297.20 W, 100 %, 100 %, 21532 MiB, 24564 MiB, 2640 MHz, 10251 MHz
2026/09/13 13:20:14.824, NVIDIA GeForce RTX 4090, GPU-457328ff-6f8e-1f53-8cc3-68ae75d90604, 595.91.07, P2, 56, 297.03 W, 100 %, 100 %, 21532 MiB, 24564 MiB, 2640 MHz, 10251 MHz
2026/09/13 13:20:15.827, NVIDIA GeForce RTX 4090, GPU-457328ff-6f8e-1f53-8cc3-68ae75d90604, 595.91.07, P2, 56, 297.22 W, 100 %, 100 %, 21532 MiB, 24564 MiB, 2640 MHz, 10251 MHz
2026/09/13 13:20:16.829, NVIDIA GeForce RTX 4090, GPU-457328ff-6f8e-1f53-8cc3-68ae75d90604, 595.91.07, P2, 56, 297.09 W, 100 %, 100 %, 21532 MiB, 24564 MiB, 2640 MHz, 10251 MHz
2026/09/13 13:20:17.832, NVIDIA GeForce RTX 4090, GPU-457328ff-6f8e-1f53-8cc3-68ae75d90604, 595.91.07, P2, 56, 297.08 W, 100 %, 100 %, 21532 MiB, 24564 MiB, 2640 MHz, 10251 MHz
2026/09/13 13:20:18.833, NVIDIA GeForce RTX 4090, GPU-457328ff-6f8e-1f53-8cc3-68ae75d90604, 595.91.07, P2, 56, 297.07 W, 100 %, 100 %, 21532 MiB, 24564 MiB, 2640 MHz, 10251 MHz
2026/09/13 13:20:19.836, NVIDIA GeForce RTX 4090, GPU-457328ff-6f8e-1f53-8cc3-68ae75d90604, 595.91.07, P2, 56, 297.31 W, 100 %, 100 %, 21532 MiB, 24564 MiB, 2640 MHz, 10251 MHz
2026/09/13 13:20:20.838, NVIDIA GeForce RTX 4090, GPU-457328ff-6f8e-1f53-8cc3-68ae75d90604, 595.91.07, P2, 56, 297.51 W, 100 %, 100 %, 21532 MiB, 24564 MiB, 2640 MHz, 10251 MHz
2026/09/13 13:20:21.840, NVIDIA GeForce RTX 4090, GPU-457328ff-6f8e-1f53-8cc3-68ae75d90604, 595.91.07, P2, 56, 296.65 W, 100 %, 100 %, 21532 MiB, 24564 MiB, 2640 MHz, 10251 MHz
2026/09/13 13:20:22.843, NVIDIA GeForce RTX 4090, GPU-457328ff-6f8e-1f53-8cc3-68ae75d90604, 595.91.07, P2, 56, 296.26 W, 100 %, 100 %, 21532 MiB, 24564 MiB, 2640 MHz, 10251 MHz
2026/09/13 13:20:23.845, NVIDIA GeForce RTX 4090, GPU-457328ff-6f8e-1f53-8cc3-68ae75d90604, 595.91.07, P2, 56, 283.60 W, 100 %, 100 %, 21532 MiB, 24564 MiB, 2640 MHz, 10251 MHz
2026/09/13 13:20:24.848, NVIDIA GeForce RTX 4090, GPU-457328ff-6f8e-1f53-8cc3-68ae75d90604, 595.91.07, P2, 56, 298.28 W, 100 %, 100 %, 21532 MiB, 24564 MiB, 2640 MHz, 10251 MHz
2026/09/13 13:20:25.849, NVIDIA GeForce RTX 4090, GPU-457328ff-6f8e-1f53-8cc3-68ae75d90604, 595.91.07, P2, 56, 297.96 W, 100 %, 100 %, 21532 MiB, 24564 MiB, 2640 MHz, 10251 MHz
2026/09/13 13:20:26.851, NVIDIA GeForce RTX 4090, GPU-457328ff-6f8e-1f53-8cc3-68ae75d90604, 595.91.07, P2, 56, 298.23 W, 100 %, 100 %, 21532 MiB, 24564 MiB, 2640 MHz, 10251 MHz
2026/09/13 13:20:27.854, NVIDIA GeForce RTX 4090, GPU-457328ff-6f8e-1f53-8cc3-68ae75d90604, 595.91.07, P2, 56, 298.03 W, 100 %, 100 %, 21532 MiB, 24564 MiB, 2640 MHz, 10251 MHz
2026/09/13 13:20:28.857, NVIDIA GeForce RTX 4090, GPU-457328ff-6f8e-1f53-8cc3-68ae75d90604, 595.91.07, P2, 56, 298.03 W, 100 %, 100 %, 21532 MiB, 24564 MiB, 2640 MHz, 10251 MHz
2026/09/13 13:20:29.860, NVIDIA GeForce RTX 4090, GPU-457328ff-6f8e-1f53-8cc3-68ae75d90604, 595.91.07, P2, 56, 297.87 W, 100 %, 100 %, 21532 MiB, 24564 MiB, 2640 MHz, 10251 MHz
2026/09/13 13:20:30.862, NVIDIA GeForce RTX 4090, GPU-457328ff-6f8e-1f53-8cc3-68ae75d90604, 595.91.07, P2, 56, 290.44 W, 100 %, 100 %, 21532 MiB, 24564 MiB, 2640 MHz, 10251 MHz
2026/09/13 13:20:31.865, NVIDIA GeForce RTX 4090, GPU-457328ff-6f8e-1f53-8cc3-68ae75d90604, 595.91.07, P2, 56, 298.32 W, 100 %, 100 %, 21532 MiB, 24564 MiB, 2640 MHz, 10251 MHz
2026/09/13 13:20:32.867, NVIDIA GeForce RTX 4090, GPU-457328ff-6f8e-1f53-8cc3-68ae75d90604, 595.91.07, P2, 56, 298.24 W, 100 %, 100 %, 21532 MiB, 24564 MiB, 2640 MHz, 10251 MHz
2026/09/13 13:20:33.870, NVIDIA GeForce RTX 4090, GPU-457328ff-6f8e-1f53-8cc3-68ae75d90604, 595.91.07, P2, 56, 298.28 W, 100 %, 100 %, 21532 MiB, 24564 MiB, 2640 MHz, 10251 MHz
2026/09/13 13:20:34.871, NVIDIA GeForce RTX 4090, GPU-457328ff-6f8e-1f53-8cc3-68ae75d90604, 595.91.07, P2, 56, 298.33 W, 100 %, 100 %, 21532 MiB, 24564 MiB, 2640 MHz, 10251 MHz
2026/09/13 13:20:35.873, NVIDIA GeForce RTX 4090, GPU-457328ff-6f8e-1f53-8cc3-68ae75d90604, 595.91.07, P2, 56, 298.06 W, 100 %, 100 %, 21532 MiB, 24564 MiB, 2640 MHz, 10251 MHz
2026/09/13 13:20:36.875, NVIDIA GeForce RTX 4090, GPU-457328ff-6f8e-1f53-8cc3-68ae75d90604, 595.91.07, P2, 56, 297.62 W, 100 %, 100 %, 21532 MiB, 24564 MiB, 2640 MHz, 10251 MHz
2026/09/13 13:20:37.877, NVIDIA GeForce RTX 4090, GPU-457328ff-6f8e-1f53-8cc3-68ae75d90604, 595.91.07, P2, 56, 297.22 W, 100 %, 100 %, 21532 MiB, 24564 MiB, 2640 MHz, 10251 MHz
2026/09/13 13:20:38.880, NVIDIA GeForce RTX 4090, GPU-457328ff-6f8e-1f53-8cc3-68ae75d90604, 595.91.07, P2, 56, 297.09 W, 100 %, 100 %, 21532 MiB, 24564 MiB, 2640 MHz, 10251 MHz
2026/09/13 13:20:39.882, NVIDIA GeForce RTX 4090, GPU-457328ff-6f8e-1f53-8cc3-68ae75d90604, 595.91.07, P2, 56, 297.26 W, 100 %, 100 %, 21532 MiB, 24564 MiB, 2640 MHz, 10251 MHz
2026/09/13 13:20:40.885, NVIDIA GeForce RTX 4090, GPU-457328ff-6f8e-1f53-8cc3-68ae75d90604, 595.91.07, P2, 56, 297.20 W, 100 %, 100 %, 21532 MiB, 24564 MiB, 2640 MHz, 10251 MHz
2026/09/13 13:20:41.887, NVIDIA GeForce RTX 4090, GPU-457328ff-6f8e-1f53-8cc3-68ae75d90604, 595.91.07, P2, 56, 297.10 W, 100 %, 100 %, 21532 MiB, 24564 MiB, 2640 MHz, 10251 MHz
2026/09/13 13:20:42.889, NVIDIA GeForce RTX 4090, GPU-457328ff-6f8e-1f53-8cc3-68ae75d90604, 595.91.07, P2, 56, 296.87 W, 100 %, 100 %, 21532 MiB, 24564 MiB, 2640 MHz, 10251 MHz
2026/09/13 13:20:43.892, NVIDIA GeForce RTX 4090, GPU-457328ff-6f8e-1f53-8cc3-68ae75d90604, 595.91.07, P2, 56, 289.95 W, 100 %, 100 %, 21532 MiB, 24564 MiB, 2640 MHz, 10251 MHz
2026/09/13 13:20:44.894, NVIDIA GeForce RTX 4090, GPU-457328ff-6f8e-1f53-8cc3-68ae75d90604, 595.91.07, P2, 56, 298.21 W, 100 %, 100 %, 21532 MiB, 24564 MiB, 2640 MHz, 10251 MHz
2026/09/13 13:20:45.896, NVIDIA GeForce RTX 4090, GPU-457328ff-6f8e-1f53-8cc3-68ae75d90604, 595.91.07, P2, 56, 298.43 W, 100 %, 100 %, 21532 MiB, 24564 MiB, 2640 MHz, 10251 MHz
2026/09/13 13:20:46.898, NVIDIA GeForce RTX 4090, GPU-457328ff-6f8e-1f53-8cc3-68ae75d90604, 595.91.07, P2, 56, 298.33 W, 100 %, 100 %, 21532 MiB, 24564 MiB, 2640 MHz, 10251 MHz
2026/09/13 13:20:47.900, NVIDIA GeForce RTX 4090, GPU-457328ff-6f8e-1f53-8cc3-68ae75d90604, 595.91.07, P2, 56, 297.83 W, 100 %, 100 %, 21532 MiB, 24564 MiB, 2640 MHz, 10251 MHz
2026/09/13 13:20:48.902, NVIDIA GeForce RTX 4090, GPU-457328ff-6f8e-1f53-8cc3-68ae75d90604, 595.91.07, P2, 56, 297.45 W, 100 %, 100 %, 21532 MiB, 24564 MiB, 2640 MHz, 10251 MHz
2026/09/13 13:20:49.904, NVIDIA GeForce RTX 4090, GPU-457328ff-6f8e-1f53-8cc3-68ae75d90604, 595.91.07, P2, 56, 297.52 W, 100 %, 100 %, 21532 MiB, 24564 MiB, 2640 MHz, 10251 MHz
2026/09/13 13:20:50.907, NVIDIA GeForce RTX 4090, GPU-457328ff-6f8e-1f53-8cc3-68ae75d90604, 595.91.07, P2, 56, 297.14 W, 100 %, 100 %, 21532 MiB, 24564 MiB, 2640 MHz, 10251 MHz
2026/09/13 13:20:51.908, NVIDIA GeForce RTX 4090, GPU-457328ff-6f8e-1f53-8cc3-68ae75d90604, 595.91.07, P2, 56, 297.44 W, 100 %, 100 %, 21532 MiB, 24564 MiB, 2640 MHz, 10251 MHz
2026/09/13 13:20:52.911, NVIDIA GeForce RTX 4090, GPU-457328ff-6f8e-1f53-8cc3-68ae75d90604, 595.91.07, P2, 56, 297.20 W, 100 %, 100 %, 21532 MiB, 24564 MiB, 2640 MHz, 10251 MHz
2026/09/13 13:20:53.913, NVIDIA GeForce RTX 4090, GPU-457328ff-6f8e-1f53-8cc3-68ae75d90604, 595.91.07, P2, 56, 296.81 W, 100 %, 100 %, 21532 MiB, 24564 MiB, 2640 MHz, 10251 MHz
2026/09/13 13:20:54.915, NVIDIA GeForce RTX 4090, GPU-457328ff-6f8e-1f53-8cc3-68ae75d90604, 595.91.07, P2, 56, 297.14 W, 100 %, 100 %, 21532 MiB, 24564 MiB, 2640 MHz, 10251 MHz
2026/09/13 13:20:55.917, NVIDIA GeForce RTX 4090, GPU-457328ff-6f8e-1f53-8cc3-68ae75d90604, 595.91.07, P2, 56, 296.99 W, 100 %, 100 %, 21532 MiB, 24564 MiB, 2640 MHz, 10251 MHz
2026/09/13 13:20:56.919, NVIDIA GeForce RTX 4090, GPU-457328ff-6f8e-1f53-8cc3-68ae75d90604, 595.91.07, P2, 56, 297.25 W, 100 %, 100 %, 21532 MiB, 24564 MiB, 2640 MHz, 10251 MHz
2026/09/13 13:20:57.921, NVIDIA GeForce RTX 4090, GPU-457328ff-6f8e-1f53-8cc3-68ae75d90604, 595.91.07, P2, 56, 297.36 W, 100 %, 100 %, 21532 MiB, 24564 MiB, 2640 MHz, 10251 MHz
2026/09/13 13:20:58.922, NVIDIA GeForce RTX 4090, GPU-457328ff-6f8e-1f53-8cc3-68ae75d90604, 595.91.07, P2, 56, 297.21 W, 100 %, 100 %, 21532 MiB, 24564 MiB, 2640 MHz, 10251 MHz
2026/09/13 13:20:59.924, NVIDIA GeForce RTX 4090, GPU-457328ff-6f8e-1f53-8cc3-68ae75d90604, 595.91.07, P2, 56, 297.40 W, 100 %, 100 %, 21532 MiB, 24564 MiB, 2640 MHz, 10251 MHz
2026/09/13 13:21:00.925, NVIDIA GeForce RTX 4090, GPU-457328ff-6f8e-1f53-8cc3-68ae75d90604, 595.91.07, P2, 56, 297.24 W, 100 %, 100 %, 21532 MiB, 24564 MiB, 2640 MHz, 10251 MHz
2026/09/13 13:21:01.927, NVIDIA GeForce RTX 4090, GPU-457328ff-6f8e-1f53-8cc3-68ae75d90604, 595.91.07, P2, 56, 296.88 W, 100 %, 100 %, 21532 MiB, 24564 MiB, 2640 MHz, 10251 MHz
2026/09/13 13:21:02.929, NVIDIA GeForce RTX 4090, GPU-457328ff-6f8e-1f53-8cc3-68ae75d90604, 595.91.07, P2, 56, 296.86 W, 100 %, 100 %, 21532 MiB, 24564 MiB, 2640 MHz, 10251 MHz
2026/09/13 13:21:03.931, NVIDIA GeForce RTX 4090, GPU-457328ff-6f8e-1f53-8cc3-68ae75d90604, 595.91.07, P2, 56, 297.00 W, 100 %, 100 %, 21532 MiB, 24564 MiB, 2640 MHz, 10251 MHz
2026/09/13 13:21:04.933, NVIDIA GeForce RTX 4090, GPU-457328ff-6f8e-1f53-8cc3-68ae75d90604, 595.91.07, P2, 56, 297.26 W, 100 %, 100 %, 21532 MiB, 24564 MiB, 2640 MHz, 10251 MHz
2026/09/13 13:21:05.935, NVIDIA GeForce RTX 4090, GPU-457328ff-6f8e-1f53-8cc3-68ae75d90604, 595.91.07, P2, 56, 296.92 W, 100 %, 100 %, 21532 MiB, 24564 MiB, 2640 MHz, 10251 MHz
2026/09/13 13:21:06.937, NVIDIA GeForce RTX 4090, GPU-457328ff-6f8e-1f53-8cc3-68ae75d90604, 595.91.07, P2, 56, 297.23 W, 100 %, 100 %, 21532 MiB, 24564 MiB, 2640 MHz, 10251 MHz
2026/09/13 13:21:07.939, NVIDIA GeForce RTX 4090, GPU-457328ff-6f8e-1f53-8cc3-68ae75d90604, 595.91.07, P2, 56, 297.48 W, 100 %, 100 %, 21532 MiB, 24564 MiB, 2640 MHz, 10251 MHz
2026/09/13 13:21:08.941, NVIDIA GeForce RTX 4090, GPU-457328ff-6f8e-1f53-8cc3-68ae75d90604, 595.91.07, P2, 56, 297.20 W, 100 %, 100 %, 21532 MiB, 24564 MiB, 2640 MHz, 10251 MHz
2026/09/13 13:21:09.943, NVIDIA GeForce RTX 4090, GPU-457328ff-6f8e-1f53-8cc3-68ae75d90604, 595.91.07, P2, 56, 297.17 W, 100 %, 100 %, 21532 MiB, 24564 MiB, 2640 MHz, 10251 MHz
2026/09/13 13:21:10.945, NVIDIA GeForce RTX 4090, GPU-457328ff-6f8e-1f53-8cc3-68ae75d90604, 595.91.07, P2, 56, 297.21 W, 100 %, 100 %, 21532 MiB, 24564 MiB, 2640 MHz, 10251 MHz
2026/09/13 13:21:11.948, NVIDIA GeForce RTX 4090, GPU-457328ff-6f8e-1f53-8cc3-68ae75d90604, 595.91.07, P2, 56, 297.63 W, 100 %, 100 %, 21532 MiB, 24564 MiB, 2640 MHz, 10251 MHz
2026/09/13 13:21:12.950, NVIDIA GeForce RTX 4090, GPU-457328ff-6f8e-1f53-8cc3-68ae75d90604, 595.91.07, P2, 56, 297.68 W, 100 %, 100 %, 21532 MiB, 24564 MiB, 2640 MHz, 10251 MHz
2026/09/13 13:21:13.951, NVIDIA GeForce RTX 4090, GPU-457328ff-6f8e-1f53-8cc3-68ae75d90604, 595.91.07, P2, 56, 297.23 W, 100 %, 100 %, 21532 MiB, 24564 MiB, 2640 MHz, 10251 MHz
2026/09/13 13:21:14.953, NVIDIA GeForce RTX 4090, GPU-457328ff-6f8e-1f53-8cc3-68ae75d90604, 595.91.07, P2, 56, 297.24 W, 100 %, 100 %, 21532 MiB, 24564 MiB, 2640 MHz, 10251 MHz
2026/09/13 13:21:15.954, NVIDIA GeForce RTX 4090, GPU-457328ff-6f8e-1f53-8cc3-68ae75d90604, 595.91.07, P2, 56, 297.24 W, 100 %, 100 %, 21532 MiB, 24564 MiB, 2640 MHz, 10251 MHz
2026/09/13 13:21:16.956, NVIDIA GeForce RTX 4090, GPU-457328ff-6f8e-1f53-8cc3-68ae75d90604, 595.91.07, P2, 56, 296.82 W, 100 %, 100 %, 21532 MiB, 24564 MiB, 2640 MHz, 10251 MHz
2026/09/13 13:21:17.958, NVIDIA GeForce RTX 4090, GPU-457328ff-6f8e-1f53-8cc3-68ae75d90604, 595.91.07, P2, 56, 297.01 W, 100 %, 100 %, 21532 MiB, 24564 MiB, 2640 MHz, 10251 MHz
2026/09/13 13:21:18.960, NVIDIA GeForce RTX 4090, GPU-457328ff-6f8e-1f53-8cc3-68ae75d90604, 595.91.07, P2, 56, 296.92 W, 100 %, 100 %, 21532 MiB, 24564 MiB, 2640 MHz, 10251 MHz
2026/09/13 13:21:19.962, NVIDIA GeForce RTX 4090, GPU-457328ff-6f8e-1f53-8cc3-68ae75d90604, 595.91.07, P2, 56, 297.20 W, 100 %, 100 %, 21532 MiB, 24564 MiB, 2640 MHz, 10251 MHz
2026/09/13 13:21:20.965, NVIDIA GeForce RTX 4090, GPU-457328ff-6f8e-1f53-8cc3-68ae75d90604, 595.91.07, P2, 56, 297.20 W, 100 %, 100 %, 21532 MiB, 24564 MiB, 2640 MHz, 10251 MHz
2026/09/13 13:21:21.968, NVIDIA GeForce RTX 4090, GPU-457328ff-6f8e-1f53-8cc3-68ae75d90604, 595.91.07, P2, 56, 297.31 W, 100 %, 100 %, 21532 MiB, 24564 MiB, 2640 MHz, 10251 MHz
2026/09/13 13:21:22.969, NVIDIA GeForce RTX 4090, GPU-457328ff-6f8e-1f53-8cc3-68ae75d90604, 595.91.07, P2, 56, 296.72 W, 100 %, 100 %, 21532 MiB, 24564 MiB, 2640 MHz, 10251 MHz
2026/09/13 13:21:23.971, NVIDIA GeForce RTX 4090, GPU-457328ff-6f8e-1f53-8cc3-68ae75d90604, 595.91.07, P2, 56, 297.26 W, 100 %, 100 %, 21532 MiB, 24564 MiB, 2640 MHz, 10251 MHz
2026/09/13 13:21:24.973, NVIDIA GeForce RTX 4090, GPU-457328ff-6f8e-1f53-8cc3-68ae75d90604, 595.91.07, P2, 56, 287.96 W, 100 %, 100 %, 21532 MiB, 24564 MiB, 2640 MHz, 10251 MHz
2026/09/13 13:21:25.976, NVIDIA GeForce RTX 4090, GPU-457328ff-6f8e-1f53-8cc3-68ae75d90604, 595.91.07, P2, 56, 299.19 W, 100 %, 100 %, 21532 MiB, 24564 MiB, 2640 MHz, 10251 MHz
2026/09/13 13:21:26.978, NVIDIA GeForce RTX 4090, GPU-457328ff-6f8e-1f53-8cc3-68ae75d90604, 595.91.07, P2, 56, 299.12 W, 100 %, 100 %, 21532 MiB, 24564 MiB, 2640 MHz, 10251 MHz
2026/09/13 13:21:27.981, NVIDIA GeForce RTX 4090, GPU-457328ff-6f8e-1f53-8cc3-68ae75d90604, 595.91.07, P2, 56, 299.01 W, 100 %, 100 %, 21532 MiB, 24564 MiB, 2640 MHz, 10251 MHz
2026/09/13 13:21:28.984, NVIDIA GeForce RTX 4090, GPU-457328ff-6f8e-1f53-8cc3-68ae75d90604, 595.91.07, P2, 56, 298.80 W, 100 %, 100 %, 21532 MiB, 24564 MiB, 2640 MHz, 10251 MHz
2026/09/13 13:21:29.986, NVIDIA GeForce RTX 4090, GPU-457328ff-6f8e-1f53-8cc3-68ae75d90604, 595.91.07, P2, 56, 298.47 W, 100 %, 100 %, 21532 MiB, 24564 MiB, 2640 MHz, 10251 MHz
2026/09/13 13:21:30.988, NVIDIA GeForce RTX 4090, GPU-457328ff-6f8e-1f53-8cc3-68ae75d90604, 595.91.07, P2, 56, 298.40 W, 100 %, 100 %, 21532 MiB, 24564 MiB, 2640 MHz, 10251 MHz
2026/09/13 13:21:31.991, NVIDIA GeForce RTX 4090, GPU-457328ff-6f8e-1f53-8cc3-68ae75d90604, 595.91.07, P2, 56, 298.06 W, 100 %, 100 %, 21532 MiB, 24564 MiB, 2640 MHz, 10251 MHz
2026/09/13 13:21:32.993, NVIDIA GeForce RTX 4090, GPU-457328ff-6f8e-1f53-8cc3-68ae75d90604, 595.91.07, P2, 56, 297.68 W, 100 %, 100 %, 21532 MiB, 24564 MiB, 2640 MHz, 10251 MHz
2026/09/13 13:21:33.995, NVIDIA GeForce RTX 4090, GPU-457328ff-6f8e-1f53-8cc3-68ae75d90604, 595.91.07, P2, 56, 297.54 W, 100 %, 100 %, 21532 MiB, 24564 MiB, 2640 MHz, 10251 MHz
2026/09/13 13:21:34.998, NVIDIA GeForce RTX 4090, GPU-457328ff-6f8e-1f53-8cc3-68ae75d90604, 595.91.07, P2, 56, 297.75 W, 100 %, 100 %, 21532 MiB, 24564 MiB, 2640 MHz, 10251 MHz
2026/09/13 13:21:36.001, NVIDIA GeForce RTX 4090, GPU-457328ff-6f8e-1f53-8cc3-68ae75d90604, 595.91.07, P2, 56, 297.66 W, 100 %, 100 %, 21532 MiB, 24564 MiB, 2640 MHz, 10251 MHz
2026/09/13 13:21:37.003, NVIDIA GeForce RTX 4090, GPU-457328ff-6f8e-1f53-8cc3-68ae75d90604, 595.91.07, P2, 56, 297.33 W, 100 %, 100 %, 21532 MiB, 24564 MiB, 2640 MHz, 10251 MHz
2026/09/13 13:21:38.006, NVIDIA GeForce RTX 4090, GPU-457328ff-6f8e-1f53-8cc3-68ae75d90604, 595.91.07, P2, 56, 297.25 W, 100 %, 100 %, 21532 MiB, 24564 MiB, 2640 MHz, 10251 MHz
2026/09/13 13:21:39.008, NVIDIA GeForce RTX 4090, GPU-457328ff-6f8e-1f53-8cc3-68ae75d90604, 595.91.07, P2, 56, 297.27 W, 100 %, 100 %, 21532 MiB, 24564 MiB, 2640 MHz, 10251 MHz
2026/09/13 13:21:40.011, NVIDIA GeForce RTX 4090, GPU-457328ff-6f8e-1f53-8cc3-68ae75d90604, 595.91.07, P2, 56, 297.32 W, 100 %, 100 %, 21532 MiB, 24564 MiB, 2640 MHz, 10251 MHz
2026/09/13 13:21:41.013, NVIDIA GeForce RTX 4090, GPU-457328ff-6f8e-1f53-8cc3-68ae75d90604, 595.91.07, P2, 56, 297.30 W, 100 %, 100 %, 21532 MiB, 24564 MiB, 2640 MHz, 10251 MHz
2026/09/13 13:21:42.016, NVIDIA GeForce RTX 4090, GPU-457328ff-6f8e-1f53-8cc3-68ae75d90604, 595.91.07, P2, 56, 297.08 W, 100 %, 100 %, 21532 MiB, 24564 MiB, 2640 MHz, 10251 MHz
2026/09/13 13:21:43.018, NVIDIA GeForce RTX 4090, GPU-457328ff-6f8e-1f53-8cc3-68ae75d90604, 595.91.07, P2, 56, 297.22 W, 100 %, 100 %, 21532 MiB, 24564 MiB, 2640 MHz, 10251 MHz
2026/09/13 13:21:44.021, NVIDIA GeForce RTX 4090, GPU-457328ff-6f8e-1f53-8cc3-68ae75d90604, 595.91.07, P2, 56, 297.32 W, 100 %, 100 %, 21532 MiB, 24564 MiB, 2640 MHz, 10251 MHz
2026/09/13 13:21:45.023, NVIDIA GeForce RTX 4090, GPU-457328ff-6f8e-1f53-8cc3-68ae75d90604, 595.91.07, P2, 56, 296.96 W, 100 %, 100 %, 21532 MiB, 24564 MiB, 2640 MHz, 10251 MHz
2026/09/13 13:21:46.024, NVIDIA GeForce RTX 4090, GPU-457328ff-6f8e-1f53-8cc3-68ae75d90604, 595.91.07, P2, 56, 297.04 W, 100 %, 100 %, 21532 MiB, 24564 MiB, 2640 MHz, 10251 MHz
2026/09/13 13:21:47.027, NVIDIA GeForce RTX 4090, GPU-457328ff-6f8e-1f53-8cc3-68ae75d90604, 595.91.07, P2, 56, 297.13 W, 100 %, 100 %, 21532 MiB, 24564 MiB, 2640 MHz, 10251 MHz
2026/09/13 13:21:48.030, NVIDIA GeForce RTX 4090, GPU-457328ff-6f8e-1f53-8cc3-68ae75d90604, 595.91.07, P2, 56, 296.98 W, 100 %, 100 %, 21532 MiB, 24564 MiB, 2640 MHz, 10251 MHz
2026/09/13 13:21:49.032, NVIDIA GeForce RTX 4090, GPU-457328ff-6f8e-1f53-8cc3-68ae75d90604, 595.91.07, P2, 56, 296.97 W, 100 %, 100 %, 21532 MiB, 24564 MiB, 2640 MHz, 10251 MHz
2026/09/13 13:21:50.035, NVIDIA GeForce RTX 4090, GPU-457328ff-6f8e-1f53-8cc3-68ae75d90604, 595.91.07, P2, 56, 297.05 W, 100 %, 100 %, 21532 MiB, 24564 MiB, 2640 MHz, 10251 MHz
2026/09/13 13:21:51.037, NVIDIA GeForce RTX 4090, GPU-457328ff-6f8e-1f53-8cc3-68ae75d90604, 595.91.07, P2, 56, 297.03 W, 100 %, 100 %, 21532 MiB, 24564 MiB, 2640 MHz, 10251 MHz
2026/09/13 13:21:52.039, NVIDIA GeForce RTX 4090, GPU-457328ff-6f8e-1f53-8cc3-68ae75d90604, 595.91.07, P2, 56, 297.23 W, 100 %, 100 %, 21532 MiB, 24564 MiB, 2640 MHz, 10251 MHz
2026/09/13 13:21:53.041, NVIDIA GeForce RTX 4090, GPU-457328ff-6f8e-1f53-8cc3-68ae75d90604, 595.91.07, P2, 56, 297.19 W, 100 %, 100 %, 21532 MiB, 24564 MiB, 2640 MHz, 10251 MHz
2026/09/13 13:21:54.043, NVIDIA GeForce RTX 4090, GPU-457328ff-6f8e-1f53-8cc3-68ae75d90604, 595.91.07, P2, 56, 297.23 W, 100 %, 100 %, 21532 MiB, 24564 MiB, 2640 MHz, 10251 MHz
2026/09/13 13:21:55.046, NVIDIA GeForce RTX 4090, GPU-457328ff-6f8e-1f53-8cc3-68ae75d90604, 595.91.07, P2, 56, 297.25 W, 100 %, 100 %, 21532 MiB, 24564 MiB, 2640 MHz, 10251 MHz
2026/09/13 13:21:56.048, NVIDIA GeForce RTX 4090, GPU-457328ff-6f8e-1f53-8cc3-68ae75d90604, 595.91.07, P2, 56, 297.12 W, 100 %, 100 %, 21532 MiB, 24564 MiB, 2640 MHz, 10251 MHz
2026/09/13 13:21:57.051, NVIDIA GeForce RTX 4090, GPU-457328ff-6f8e-1f53-8cc3-68ae75d90604, 595.91.07, P2, 56, 297.39 W, 100 %, 100 %, 21532 MiB, 24564 MiB, 2640 MHz, 10251 MHz
2026/09/13 13:21:58.053, NVIDIA GeForce RTX 4090, GPU-457328ff-6f8e-1f53-8cc3-68ae75d90604, 595.91.07, P2, 56, 297.29 W, 100 %, 100 %, 21532 MiB, 24564 MiB, 2640 MHz, 10251 MHz
2026/09/13 13:21:59.056, NVIDIA GeForce RTX 4090, GPU-457328ff-6f8e-1f53-8cc3-68ae75d90604, 595.91.07, P2, 56, 296.94 W, 100 %, 100 %, 21532 MiB, 24564 MiB, 2640 MHz, 10251 MHz
2026/09/13 13:22:00.058, NVIDIA GeForce RTX 4090, GPU-457328ff-6f8e-1f53-8cc3-68ae75d90604, 595.91.07, P2, 56, 297.21 W, 100 %, 100 %, 21532 MiB, 24564 MiB, 2640 MHz, 10251 MHz
2026/09/13 13:22:01.060, NVIDIA GeForce RTX 4090, GPU-457328ff-6f8e-1f53-8cc3-68ae75d90604, 595.91.07, P2, 56, 297.39 W, 100 %, 100 %, 21532 MiB, 24564 MiB, 2640 MHz, 10251 MHz
2026/09/13 13:22:02.061, NVIDIA GeForce RTX 4090, GPU-457328ff-6f8e-1f53-8cc3-68ae75d90604, 595.91.07, P2, 56, 297.40 W, 100 %, 100 %, 21532 MiB, 24564 MiB, 2640 MHz, 10251 MHz
2026/09/13 13:22:03.064, NVIDIA GeForce RTX 4090, GPU-457328ff-6f8e-1f53-8cc3-68ae75d90604, 595.91.07, P2, 56, 296.24 W, 100 %, 100 %, 21532 MiB, 24564 MiB, 2640 MHz, 10251 MHz
2026/09/13 13:22:04.066, NVIDIA GeForce RTX 4090, GPU-457328ff-6f8e-1f53-8cc3-68ae75d90604, 595.91.07, P2, 56, 296.92 W, 100 %, 100 %, 21532 MiB, 24564 MiB, 2640 MHz, 10251 MHz
2026/09/13 13:22:05.068, NVIDIA GeForce RTX 4090, GPU-457328ff-6f8e-1f53-8cc3-68ae75d90604, 595.91.07, P2, 56, 297.11 W, 100 %, 100 %, 21532 MiB, 24564 MiB, 2640 MHz, 10251 MHz
2026/09/13 13:22:06.071, NVIDIA GeForce RTX 4090, GPU-457328ff-6f8e-1f53-8cc3-68ae75d90604, 595.91.07, P2, 56, 289.34 W, 100 %, 100 %, 21532 MiB, 24564 MiB, 2640 MHz, 10251 MHz
2026/09/13 13:22:07.073, NVIDIA GeForce RTX 4090, GPU-457328ff-6f8e-1f53-8cc3-68ae75d90604, 595.91.07, P2, 56, 298.78 W, 100 %, 100 %, 21532 MiB, 24564 MiB, 2640 MHz, 10251 MHz
2026/09/13 13:22:08.075, NVIDIA GeForce RTX 4090, GPU-457328ff-6f8e-1f53-8cc3-68ae75d90604, 595.91.07, P2, 56, 298.64 W, 100 %, 100 %, 21532 MiB, 24564 MiB, 2640 MHz, 10251 MHz
2026/09/13 13:22:09.077, NVIDIA GeForce RTX 4090, GPU-457328ff-6f8e-1f53-8cc3-68ae75d90604, 595.91.07, P2, 56, 298.58 W, 100 %, 100 %, 21532 MiB, 24564 MiB, 2640 MHz, 10251 MHz
2026/09/13 13:22:10.080, NVIDIA GeForce RTX 4090, GPU-457328ff-6f8e-1f53-8cc3-68ae75d90604, 595.91.07, P2, 56, 298.67 W, 100 %, 100 %, 21532 MiB, 24564 MiB, 2640 MHz, 10251 MHz
2026/09/13 13:22:11.082, NVIDIA GeForce RTX 4090, GPU-457328ff-6f8e-1f53-8cc3-68ae75d90604, 595.91.07, P2, 56, 298.35 W, 100 %, 100 %, 21532 MiB, 24564 MiB, 2640 MHz, 10251 MHz
2026/09/13 13:22:12.084, NVIDIA GeForce RTX 4090, GPU-457328ff-6f8e-1f53-8cc3-68ae75d90604, 595.91.07, P2, 56, 298.73 W, 100 %, 100 %, 21532 MiB, 24564 MiB, 2640 MHz, 10251 MHz
2026/09/13 13:22:13.087, NVIDIA GeForce RTX 4090, GPU-457328ff-6f8e-1f53-8cc3-68ae75d90604, 595.91.07, P2, 56, 298.80 W, 100 %, 100 %, 21532 MiB, 24564 MiB, 2640 MHz, 10251 MHz
2026/09/13 13:22:14.089, NVIDIA GeForce RTX 4090, GPU-457328ff-6f8e-1f53-8cc3-68ae75d90604, 595.91.07, P2, 56, 298.65 W, 100 %, 100 %, 21532 MiB, 24564 MiB, 2640 MHz, 10251 MHz
2026/09/13 13:22:15.091, NVIDIA GeForce RTX 4090, GPU-457328ff-6f8e-1f53-8cc3-68ae75d90604, 595.91.07, P2, 56, 298.52 W, 100 %, 100 %, 21532 MiB, 24564 MiB, 2640 MHz, 10251 MHz
2026/09/13 13:22:16.093, NVIDIA GeForce RTX 4090, GPU-457328ff-6f8e-1f53-8cc3-68ae75d90604, 595.91.07, P2, 56, 289.73 W, 100 %, 100 %, 21532 MiB, 24564 MiB, 2640 MHz, 10251 MHz
2026/09/13 13:22:17.095, NVIDIA GeForce RTX 4090, GPU-457328ff-6f8e-1f53-8cc3-68ae75d90604, 595.91.07, P2, 56, 299.79 W, 100 %, 100 %, 21532 MiB, 24564 MiB, 2640 MHz, 10251 MHz
2026/09/13 13:22:18.098, NVIDIA GeForce RTX 4090, GPU-457328ff-6f8e-1f53-8cc3-68ae75d90604, 595.91.07, P2, 56, 299.57 W, 100 %, 100 %, 21532 MiB, 24564 MiB, 2640 MHz, 10251 MHz
2026/09/13 13:22:19.100, NVIDIA GeForce RTX 4090, GPU-457328ff-6f8e-1f53-8cc3-68ae75d90604, 595.91.07, P2, 56, 299.46 W, 100 %, 100 %, 21532 MiB, 24564 MiB, 2640 MHz, 10251 MHz
2026/09/13 13:22:20.103, NVIDIA GeForce RTX 4090, GPU-457328ff-6f8e-1f53-8cc3-68ae75d90604, 595.91.07, P2, 56, 299.49 W, 100 %, 100 %, 21532 MiB, 24564 MiB, 2640 MHz, 10251 MHz
2026/09/13 13:22:21.105, NVIDIA GeForce RTX 4090, GPU-457328ff-6f8e-1f53-8cc3-68ae75d90604, 595.91.07, P2, 56, 299.02 W, 100 %, 100 %, 21532 MiB, 24564 MiB, 2640 MHz, 10251 MHz
2026/09/13 13:22:22.108, NVIDIA GeForce RTX 4090, GPU-457328ff-6f8e-1f53-8cc3-68ae75d90604, 595.91.07, P2, 56, 298.74 W, 100 %, 100 %, 21532 MiB, 24564 MiB, 2640 MHz, 10251 MHz
2026/09/13 13:22:23.110, NVIDIA GeForce RTX 4090, GPU-457328ff-6f8e-1f53-8cc3-68ae75d90604, 595.91.07, P2, 56, 298.61 W, 100 %, 100 %, 21532 MiB, 24564 MiB, 2640 MHz, 10251 MHz
2026/09/13 13:22:24.113, NVIDIA GeForce RTX 4090, GPU-457328ff-6f8e-1f53-8cc3-68ae75d90604, 595.91.07, P2, 56, 298.99 W, 100 %, 100 %, 21532 MiB, 24564 MiB, 2640 MHz, 10251 MHz
2026/09/13 13:22:25.115, NVIDIA GeForce RTX 4090, GPU-457328ff-6f8e-1f53-8cc3-68ae75d90604, 595.91.07, P2, 56, 298.68 W, 100 %, 100 %, 21532 MiB, 24564 MiB, 2640 MHz, 10251 MHz
2026/09/13 13:22:26.117, NVIDIA GeForce RTX 4090, GPU-457328ff-6f8e-1f53-8cc3-68ae75d90604, 595.91.07, P2, 56, 298.25 W, 100 %, 100 %, 21532 MiB, 24564 MiB, 2640 MHz, 10251 MHz
2026/09/13 13:22:27.119, NVIDIA GeForce RTX 4090, GPU-457328ff-6f8e-1f53-8cc3-68ae75d90604, 595.91.07, P2, 56, 298.31 W, 100 %, 100 %, 21532 MiB, 24564 MiB, 2640 MHz, 10251 MHz
2026/09/13 13:22:28.122, NVIDIA GeForce RTX 4090, GPU-457328ff-6f8e-1f53-8cc3-68ae75d90604, 595.91.07, P2, 56, 297.53 W, 100 %, 100 %, 21532 MiB, 24564 MiB, 2640 MHz, 10251 MHz
2026/09/13 13:22:29.124, NVIDIA GeForce RTX 4090, GPU-457328ff-6f8e-1f53-8cc3-68ae75d90604, 595.91.07, P2, 56, 297.43 W, 100 %, 100 %, 21532 MiB, 24564 MiB, 2640 MHz, 10251 MHz
2026/09/13 13:22:30.126, NVIDIA GeForce RTX 4090, GPU-457328ff-6f8e-1f53-8cc3-68ae75d90604, 595.91.07, P2, 56, 297.31 W, 100 %, 100 %, 21532 MiB, 24564 MiB, 2640 MHz, 10251 MHz
2026/09/13 13:22:31.129, NVIDIA GeForce RTX 4090, GPU-457328ff-6f8e-1f53-8cc3-68ae75d90604, 595.91.07, P2, 56, 287.78 W, 100 %, 100 %, 21532 MiB, 24564 MiB, 2640 MHz, 10251 MHz
2026/09/13 13:22:32.131, NVIDIA GeForce RTX 4090, GPU-457328ff-6f8e-1f53-8cc3-68ae75d90604, 595.91.07, P2, 56, 299.06 W, 100 %, 100 %, 21532 MiB, 24564 MiB, 2640 MHz, 10251 MHz
2026/09/13 13:22:33.134, NVIDIA GeForce RTX 4090, GPU-457328ff-6f8e-1f53-8cc3-68ae75d90604, 595.91.07, P2, 56, 299.45 W, 100 %, 100 %, 21532 MiB, 24564 MiB, 2640 MHz, 10251 MHz
2026/09/13 13:22:34.136, NVIDIA GeForce RTX 4090, GPU-457328ff-6f8e-1f53-8cc3-68ae75d90604, 595.91.07, P2, 56, 299.53 W, 100 %, 100 %, 21532 MiB, 24564 MiB, 2640 MHz, 10251 MHz
2026/09/13 13:22:35.139, NVIDIA GeForce RTX 4090, GPU-457328ff-6f8e-1f53-8cc3-68ae75d90604, 595.91.07, P2, 56, 298.93 W, 100 %, 100 %, 21532 MiB, 24564 MiB, 2640 MHz, 10251 MHz
2026/09/13 13:22:36.141, NVIDIA GeForce RTX 4090, GPU-457328ff-6f8e-1f53-8cc3-68ae75d90604, 595.91.07, P2, 56, 299.05 W, 100 %, 100 %, 21532 MiB, 24564 MiB, 2640 MHz, 10251 MHz
2026/09/13 13:22:37.143, NVIDIA GeForce RTX 4090, GPU-457328ff-6f8e-1f53-8cc3-68ae75d90604, 595.91.07, P2, 56, 298.97 W, 100 %, 100 %, 21532 MiB, 24564 MiB, 2640 MHz, 10251 MHz
2026/09/13 13:22:38.145, NVIDIA GeForce RTX 4090, GPU-457328ff-6f8e-1f53-8cc3-68ae75d90604, 595.91.07, P2, 56, 298.85 W, 100 %, 100 %, 21532 MiB, 24564 MiB, 2640 MHz, 10251 MHz
2026/09/13 13:22:39.148, NVIDIA GeForce RTX 4090, GPU-457328ff-6f8e-1f53-8cc3-68ae75d90604, 595.91.07, P2, 56, 298.27 W, 100 %, 100 %, 21532 MiB, 24564 MiB, 2640 MHz, 10251 MHz
2026/09/13 13:22:40.150, NVIDIA GeForce RTX 4090, GPU-457328ff-6f8e-1f53-8cc3-68ae75d90604, 595.91.07, P2, 56, 298.02 W, 100 %, 100 %, 21532 MiB, 24564 MiB, 2640 MHz, 10251 MHz
2026/09/13 13:22:41.152, NVIDIA GeForce RTX 4090, GPU-457328ff-6f8e-1f53-8cc3-68ae75d90604, 595.91.07, P2, 56, 298.06 W, 100 %, 100 %, 21532 MiB, 24564 MiB, 2640 MHz, 10251 MHz
2026/09/13 13:22:42.155, NVIDIA GeForce RTX 4090, GPU-457328ff-6f8e-1f53-8cc3-68ae75d90604, 595.91.07, P2, 56, 297.93 W, 100 %, 100 %, 21532 MiB, 24564 MiB, 2640 MHz, 10251 MHz
2026/09/13 13:22:43.158, NVIDIA GeForce RTX 4090, GPU-457328ff-6f8e-1f53-8cc3-68ae75d90604, 595.91.07, P2, 56, 297.84 W, 100 %, 100 %, 21532 MiB, 24564 MiB, 2640 MHz, 10251 MHz
2026/09/13 13:22:44.161, NVIDIA GeForce RTX 4090, GPU-457328ff-6f8e-1f53-8cc3-68ae75d90604, 595.91.07, P2, 56, 297.95 W, 100 %, 100 %, 21532 MiB, 24564 MiB, 2640 MHz, 10251 MHz
2026/09/13 13:22:45.163, NVIDIA GeForce RTX 4090, GPU-457328ff-6f8e-1f53-8cc3-68ae75d90604, 595.91.07, P2, 56, 297.31 W, 100 %, 100 %, 21532 MiB, 24564 MiB, 2640 MHz, 10251 MHz
2026/09/13 13:22:46.165, NVIDIA GeForce RTX 4090, GPU-457328ff-6f8e-1f53-8cc3-68ae75d90604, 595.91.07, P2, 56, 297.25 W, 100 %, 100 %, 21532 MiB, 24564 MiB, 2640 MHz, 10251 MHz
2026/09/13 13:22:47.167, NVIDIA GeForce RTX 4090, GPU-457328ff-6f8e-1f53-8cc3-68ae75d90604, 595.91.07, P2, 56, 297.21 W, 100 %, 100 %, 21532 MiB, 24564 MiB, 2640 MHz, 10251 MHz
2026/09/13 13:22:48.170, NVIDIA GeForce RTX 4090, GPU-457328ff-6f8e-1f53-8cc3-68ae75d90604, 595.91.07, P2, 56, 297.45 W, 100 %, 100 %, 21532 MiB, 24564 MiB, 2640 MHz, 10251 MHz
2026/09/13 13:22:49.172, NVIDIA GeForce RTX 4090, GPU-457328ff-6f8e-1f53-8cc3-68ae75d90604, 595.91.07, P2, 56, 297.52 W, 100 %, 100 %, 21532 MiB, 24564 MiB, 2640 MHz, 10251 MHz
2026/09/13 13:22:50.174, NVIDIA GeForce RTX 4090, GPU-457328ff-6f8e-1f53-8cc3-68ae75d90604, 595.91.07, P2, 56, 297.34 W, 100 %, 100 %, 21532 MiB, 24564 MiB, 2640 MHz, 10251 MHz
2026/09/13 13:22:51.177, NVIDIA GeForce RTX 4090, GPU-457328ff-6f8e-1f53-8cc3-68ae75d90604, 595.91.07, P2, 56, 297.11 W, 100 %, 100 %, 21532 MiB, 24564 MiB, 2640 MHz, 10251 MHz
2026/09/13 13:22:52.179, NVIDIA GeForce RTX 4090, GPU-457328ff-6f8e-1f53-8cc3-68ae75d90604, 595.91.07, P2, 56, 297.02 W, 100 %, 100 %, 21532 MiB, 24564 MiB, 2640 MHz, 10251 MHz
2026/09/13 13:22:53.182, NVIDIA GeForce RTX 4090, GPU-457328ff-6f8e-1f53-8cc3-68ae75d90604, 595.91.07, P2, 56, 287.76 W, 100 %, 100 %, 21532 MiB, 24564 MiB, 2640 MHz, 10251 MHz
2026/09/13 13:22:54.184, NVIDIA GeForce RTX 4090, GPU-457328ff-6f8e-1f53-8cc3-68ae75d90604, 595.91.07, P2, 56, 299.38 W, 100 %, 100 %, 21532 MiB, 24564 MiB, 2640 MHz, 10251 MHz
2026/09/13 13:22:55.187, NVIDIA GeForce RTX 4090, GPU-457328ff-6f8e-1f53-8cc3-68ae75d90604, 595.91.07, P2, 56, 299.52 W, 100 %, 100 %, 21532 MiB, 24564 MiB, 2640 MHz, 10251 MHz
2026/09/13 13:22:56.190, NVIDIA GeForce RTX 4090, GPU-457328ff-6f8e-1f53-8cc3-68ae75d90604, 595.91.07, P2, 56, 299.54 W, 100 %, 100 %, 21532 MiB, 24564 MiB, 2640 MHz, 10251 MHz
2026/09/13 13:22:57.192, NVIDIA GeForce RTX 4090, GPU-457328ff-6f8e-1f53-8cc3-68ae75d90604, 595.91.07, P2, 56, 299.26 W, 100 %, 100 %, 21532 MiB, 24564 MiB, 2640 MHz, 10251 MHz
2026/09/13 13:22:58.194, NVIDIA GeForce RTX 4090, GPU-457328ff-6f8e-1f53-8cc3-68ae75d90604, 595.91.07, P2, 56, 299.07 W, 100 %, 100 %, 21532 MiB, 24564 MiB, 2640 MHz, 10251 MHz
2026/09/13 13:22:59.197, NVIDIA GeForce RTX 4090, GPU-457328ff-6f8e-1f53-8cc3-68ae75d90604, 595.91.07, P2, 56, 298.79 W, 100 %, 100 %, 21532 MiB, 24564 MiB, 2640 MHz, 10251 MHz
2026/09/13 13:23:00.198, NVIDIA GeForce RTX 4090, GPU-457328ff-6f8e-1f53-8cc3-68ae75d90604, 595.91.07, P2, 56, 298.57 W, 100 %, 100 %, 21532 MiB, 24564 MiB, 2640 MHz, 10251 MHz
2026/09/13 13:23:01.200, NVIDIA GeForce RTX 4090, GPU-457328ff-6f8e-1f53-8cc3-68ae75d90604, 595.91.07, P2, 56, 298.41 W, 100 %, 100 %, 21532 MiB, 24564 MiB, 2640 MHz, 10251 MHz
2026/09/13 13:23:02.202, NVIDIA GeForce RTX 4090, GPU-457328ff-6f8e-1f53-8cc3-68ae75d90604, 595.91.07, P2, 56, 297.92 W, 100 %, 100 %, 21532 MiB, 24564 MiB, 2640 MHz, 10251 MHz
2026/09/13 13:23:03.204, NVIDIA GeForce RTX 4090, GPU-457328ff-6f8e-1f53-8cc3-68ae75d90604, 595.91.07, P2, 56, 297.76 W, 100 %, 100 %, 21532 MiB, 24564 MiB, 2640 MHz, 10251 MHz
2026/09/13 13:23:04.206, NVIDIA GeForce RTX 4090, GPU-457328ff-6f8e-1f53-8cc3-68ae75d90604, 595.91.07, P2, 56, 297.64 W, 100 %, 100 %, 21532 MiB, 24564 MiB, 2640 MHz, 10251 MHz
2026/09/13 13:23:05.208, NVIDIA GeForce RTX 4090, GPU-457328ff-6f8e-1f53-8cc3-68ae75d90604, 595.91.07, P2, 56, 297.54 W, 100 %, 100 %, 21532 MiB, 24564 MiB, 2640 MHz, 10251 MHz
2026/09/13 13:23:06.210, NVIDIA GeForce RTX 4090, GPU-457328ff-6f8e-1f53-8cc3-68ae75d90604, 595.91.07, P2, 56, 297.77 W, 100 %, 100 %, 21532 MiB, 24564 MiB, 2640 MHz, 10251 MHz
2026/09/13 13:23:07.213, NVIDIA GeForce RTX 4090, GPU-457328ff-6f8e-1f53-8cc3-68ae75d90604, 595.91.07, P2, 56, 297.34 W, 100 %, 100 %, 21532 MiB, 24564 MiB, 2640 MHz, 10251 MHz
2026/09/13 13:23:08.215, NVIDIA GeForce RTX 4090, GPU-457328ff-6f8e-1f53-8cc3-68ae75d90604, 595.91.07, P2, 56, 297.09 W, 100 %, 100 %, 21532 MiB, 24564 MiB, 2640 MHz, 10251 MHz
2026/09/13 13:23:09.217, NVIDIA GeForce RTX 4090, GPU-457328ff-6f8e-1f53-8cc3-68ae75d90604, 595.91.07, P2, 56, 297.32 W, 100 %, 100 %, 21532 MiB, 24564 MiB, 2640 MHz, 10251 MHz
2026/09/13 13:23:10.218, NVIDIA GeForce RTX 4090, GPU-457328ff-6f8e-1f53-8cc3-68ae75d90604, 595.91.07, P2, 56, 297.44 W, 100 %, 100 %, 21532 MiB, 24564 MiB, 2640 MHz, 10251 MHz
2026/09/13 13:23:11.221, NVIDIA GeForce RTX 4090, GPU-457328ff-6f8e-1f53-8cc3-68ae75d90604, 595.91.07, P2, 56, 297.87 W, 100 %, 100 %, 21532 MiB, 24564 MiB, 2640 MHz, 10251 MHz
2026/09/13 13:23:12.223, NVIDIA GeForce RTX 4090, GPU-457328ff-6f8e-1f53-8cc3-68ae75d90604, 595.91.07, P2, 56, 297.63 W, 100 %, 100 %, 21532 MiB, 24564 MiB, 2640 MHz, 10251 MHz
2026/09/13 13:23:13.226, NVIDIA GeForce RTX 4090, GPU-457328ff-6f8e-1f53-8cc3-68ae75d90604, 595.91.07, P2, 56, 297.70 W, 100 %, 100 %, 21532 MiB, 24564 MiB, 2640 MHz, 10251 MHz
2026/09/13 13:23:14.228, NVIDIA GeForce RTX 4090, GPU-457328ff-6f8e-1f53-8cc3-68ae75d90604, 595.91.07, P2, 56, 297.72 W, 100 %, 100 %, 21532 MiB, 24564 MiB, 2640 MHz, 10251 MHz
2026/09/13 13:23:15.230, NVIDIA GeForce RTX 4090, GPU-457328ff-6f8e-1f53-8cc3-68ae75d90604, 595.91.07, P2, 56, 297.79 W, 100 %, 100 %, 21532 MiB, 24564 MiB, 2640 MHz, 10251 MHz
2026/09/13 13:23:16.231, NVIDIA GeForce RTX 4090, GPU-457328ff-6f8e-1f53-8cc3-68ae75d90604, 595.91.07, P2, 56, 297.73 W, 100 %, 100 %, 21532 MiB, 24564 MiB, 2640 MHz, 10251 MHz
2026/09/13 13:23:17.233, NVIDIA GeForce RTX 4090, GPU-457328ff-6f8e-1f53-8cc3-68ae75d90604, 595.91.07, P2, 56, 297.69 W, 100 %, 100 %, 21532 MiB, 24564 MiB, 2640 MHz, 10251 MHz
2026/09/13 13:23:18.235, NVIDIA GeForce RTX 4090, GPU-457328ff-6f8e-1f53-8cc3-68ae75d90604, 595.91.07, P2, 56, 297.30 W, 100 %, 100 %, 21532 MiB, 24564 MiB, 2640 MHz, 10251 MHz
2026/09/13 13:23:19.236, NVIDIA GeForce RTX 4090, GPU-457328ff-6f8e-1f53-8cc3-68ae75d90604, 595.91.07, P2, 56, 297.69 W, 100 %, 100 %, 21532 MiB, 24564 MiB, 2640 MHz, 10251 MHz
2026/09/13 13:23:20.239, NVIDIA GeForce RTX 4090, GPU-457328ff-6f8e-1f53-8cc3-68ae75d90604, 595.91.07, P2, 56, 297.55 W, 100 %, 100 %, 21532 MiB, 24564 MiB, 2640 MHz, 10251 MHz
2026/09/13 13:23:21.240, NVIDIA GeForce RTX 4090, GPU-457328ff-6f8e-1f53-8cc3-68ae75d90604, 595.91.07, P2, 56, 297.48 W, 100 %, 100 %, 21532 MiB, 24564 MiB, 2640 MHz, 10251 MHz
2026/09/13 13:23:22.242, NVIDIA GeForce RTX 4090, GPU-457328ff-6f8e-1f53-8cc3-68ae75d90604, 595.91.07, P2, 56, 297.69 W, 100 %, 100 %, 21532 MiB, 24564 MiB, 2640 MHz, 10251 MHz
2026/09/13 13:23:23.244, NVIDIA GeForce RTX 4090, GPU-457328ff-6f8e-1f53-8cc3-68ae75d90604, 595.91.07, P2, 56, 297.97 W, 100 %, 100 %, 21532 MiB, 24564 MiB, 2640 MHz, 10251 MHz
2026/09/13 13:23:24.246, NVIDIA GeForce RTX 4090, GPU-457328ff-6f8e-1f53-8cc3-68ae75d90604, 595.91.07, P2, 56, 297.89 W, 100 %, 100 %, 21532 MiB, 24564 MiB, 2640 MHz, 10251 MHz
2026/09/13 13:23:25.247, NVIDIA GeForce RTX 4090, GPU-457328ff-6f8e-1f53-8cc3-68ae75d90604, 595.91.07, P2, 56, 298.22 W, 100 %, 100 %, 21532 MiB, 24564 MiB, 2640 MHz, 10251 MHz
2026/09/13 13:23:26.249, NVIDIA GeForce RTX 4090, GPU-457328ff-6f8e-1f53-8cc3-68ae75d90604, 595.91.07, P2, 56, 298.03 W, 100 %, 100 %, 21532 MiB, 24564 MiB, 2640 MHz, 10251 MHz
2026/09/13 13:23:27.251, NVIDIA GeForce RTX 4090, GPU-457328ff-6f8e-1f53-8cc3-68ae75d90604, 595.91.07, P2, 56, 297.89 W, 100 %, 100 %, 21532 MiB, 24564 MiB, 2640 MHz, 10251 MHz
2026/09/13 13:23:28.254, NVIDIA GeForce RTX 4090, GPU-457328ff-6f8e-1f53-8cc3-68ae75d90604, 595.91.07, P2, 56, 297.74 W, 100 %, 100 %, 21532 MiB, 24564 MiB, 2640 MHz, 10251 MHz
2026/09/13 13:23:29.256, NVIDIA GeForce RTX 4090, GPU-457328ff-6f8e-1f53-8cc3-68ae75d90604, 595.91.07, P2, 56, 297.80 W, 100 %, 100 %, 21532 MiB, 24564 MiB, 2640 MHz, 10251 MHz
2026/09/13 13:23:30.259, NVIDIA GeForce RTX 4090, GPU-457328ff-6f8e-1f53-8cc3-68ae75d90604, 595.91.07, P2, 56, 297.67 W, 100 %, 100 %, 21532 MiB, 24564 MiB, 2640 MHz, 10251 MHz
2026/09/13 13:23:31.260, NVIDIA GeForce RTX 4090, GPU-457328ff-6f8e-1f53-8cc3-68ae75d90604, 595.91.07, P2, 56, 297.52 W, 100 %, 100 %, 21532 MiB, 24564 MiB, 2640 MHz, 10251 MHz
2026/09/13 13:23:32.263, NVIDIA GeForce RTX 4090, GPU-457328ff-6f8e-1f53-8cc3-68ae75d90604, 595.91.07, P2, 56, 297.33 W, 100 %, 100 %, 21532 MiB, 24564 MiB, 2640 MHz, 10251 MHz
2026/09/13 13:23:33.265, NVIDIA GeForce RTX 4090, GPU-457328ff-6f8e-1f53-8cc3-68ae75d90604, 595.91.07, P2, 56, 297.04 W, 100 %, 100 %, 21532 MiB, 24564 MiB, 2640 MHz, 10251 MHz
2026/09/13 13:23:34.268, NVIDIA GeForce RTX 4090, GPU-457328ff-6f8e-1f53-8cc3-68ae75d90604, 595.91.07, P2, 56, 284.61 W, 100 %, 100 %, 21532 MiB, 24564 MiB, 2640 MHz, 10251 MHz
2026/09/13 13:23:35.270, NVIDIA GeForce RTX 4090, GPU-457328ff-6f8e-1f53-8cc3-68ae75d90604, 595.91.07, P2, 56, 299.29 W, 100 %, 100 %, 21532 MiB, 24564 MiB, 2640 MHz, 10251 MHz
2026/09/13 13:23:36.272, NVIDIA GeForce RTX 4090, GPU-457328ff-6f8e-1f53-8cc3-68ae75d90604, 595.91.07, P2, 56, 299.38 W, 100 %, 100 %, 21532 MiB, 24564 MiB, 2640 MHz, 10251 MHz
2026/09/13 13:23:37.274, NVIDIA GeForce RTX 4090, GPU-457328ff-6f8e-1f53-8cc3-68ae75d90604, 595.91.07, P2, 56, 298.99 W, 100 %, 100 %, 21532 MiB, 24564 MiB, 2640 MHz, 10251 MHz
2026/09/13 13:23:38.276, NVIDIA GeForce RTX 4090, GPU-457328ff-6f8e-1f53-8cc3-68ae75d90604, 595.91.07, P2, 56, 298.94 W, 100 %, 100 %, 21532 MiB, 24564 MiB, 2640 MHz, 10251 MHz
2026/09/13 13:23:39.278, NVIDIA GeForce RTX 4090, GPU-457328ff-6f8e-1f53-8cc3-68ae75d90604, 595.91.07, P2, 56, 299.00 W, 100 %, 100 %, 21532 MiB, 24564 MiB, 2640 MHz, 10251 MHz
2026/09/13 13:23:40.281, NVIDIA GeForce RTX 4090, GPU-457328ff-6f8e-1f53-8cc3-68ae75d90604, 595.91.07, P2, 56, 298.50 W, 100 %, 100 %, 21532 MiB, 24564 MiB, 2640 MHz, 10251 MHz
2026/09/13 13:23:41.283, NVIDIA GeForce RTX 4090, GPU-457328ff-6f8e-1f53-8cc3-68ae75d90604, 595.91.07, P2, 56, 298.54 W, 100 %, 100 %, 21532 MiB, 24564 MiB, 2640 MHz, 10251 MHz
2026/09/13 13:23:42.285, NVIDIA GeForce RTX 4090, GPU-457328ff-6f8e-1f53-8cc3-68ae75d90604, 595.91.07, P2, 56, 291.30 W, 100 %, 100 %, 21532 MiB, 24564 MiB, 2640 MHz, 10251 MHz
2026/09/13 13:23:43.288, NVIDIA GeForce RTX 4090, GPU-457328ff-6f8e-1f53-8cc3-68ae75d90604, 595.91.07, P2, 56, 299.68 W, 100 %, 100 %, 21532 MiB, 24564 MiB, 2640 MHz, 10251 MHz
2026/09/13 13:23:44.290, NVIDIA GeForce RTX 4090, GPU-457328ff-6f8e-1f53-8cc3-68ae75d90604, 595.91.07, P2, 56, 299.08 W, 100 %, 100 %, 21532 MiB, 24564 MiB, 2640 MHz, 10251 MHz
2026/09/13 13:23:45.292, NVIDIA GeForce RTX 4090, GPU-457328ff-6f8e-1f53-8cc3-68ae75d90604, 595.91.07, P2, 56, 299.54 W, 100 %, 100 %, 21532 MiB, 24564 MiB, 2640 MHz, 10251 MHz
2026/09/13 13:23:46.294, NVIDIA GeForce RTX 4090, GPU-457328ff-6f8e-1f53-8cc3-68ae75d90604, 595.91.07, P2, 56, 299.19 W, 100 %, 100 %, 21532 MiB, 24564 MiB, 2640 MHz, 10251 MHz
2026/09/13 13:23:47.296, NVIDIA GeForce RTX 4090, GPU-457328ff-6f8e-1f53-8cc3-68ae75d90604, 595.91.07, P2, 56, 299.41 W, 100 %, 100 %, 21532 MiB, 24564 MiB, 2640 MHz, 10251 MHz
2026/09/13 13:23:48.298, NVIDIA GeForce RTX 4090, GPU-457328ff-6f8e-1f53-8cc3-68ae75d90604, 595.91.07, P2, 56, 299.15 W, 100 %, 100 %, 21532 MiB, 24564 MiB, 2640 MHz, 10251 MHz
2026/09/13 13:23:49.301, NVIDIA GeForce RTX 4090, GPU-457328ff-6f8e-1f53-8cc3-68ae75d90604, 595.91.07, P2, 56, 299.12 W, 100 %, 100 %, 21532 MiB, 24564 MiB, 2640 MHz, 10251 MHz
2026/09/13 13:23:50.303, NVIDIA GeForce RTX 4090, GPU-457328ff-6f8e-1f53-8cc3-68ae75d90604, 595.91.07, P2, 56, 298.58 W, 100 %, 100 %, 21532 MiB, 24564 MiB, 2640 MHz, 10251 MHz
2026/09/13 13:23:51.305, NVIDIA GeForce RTX 4090, GPU-457328ff-6f8e-1f53-8cc3-68ae75d90604, 595.91.07, P2, 56, 298.35 W, 100 %, 100 %, 21532 MiB, 24564 MiB, 2640 MHz, 10251 MHz
2026/09/13 13:23:52.307, NVIDIA GeForce RTX 4090, GPU-457328ff-6f8e-1f53-8cc3-68ae75d90604, 595.91.07, P2, 56, 297.97 W, 100 %, 100 %, 21532 MiB, 24564 MiB, 2640 MHz, 10251 MHz
2026/09/13 13:23:53.309, NVIDIA GeForce RTX 4090, GPU-457328ff-6f8e-1f53-8cc3-68ae75d90604, 595.91.07, P2, 56, 297.80 W, 100 %, 100 %, 21532 MiB, 24564 MiB, 2640 MHz, 10251 MHz
2026/09/13 13:23:54.311, NVIDIA GeForce RTX 4090, GPU-457328ff-6f8e-1f53-8cc3-68ae75d90604, 595.91.07, P2, 56, 297.83 W, 100 %, 100 %, 21532 MiB, 24564 MiB, 2640 MHz, 10251 MHz
2026/09/13 13:23:55.313, NVIDIA GeForce RTX 4090, GPU-457328ff-6f8e-1f53-8cc3-68ae75d90604, 595.91.07, P2, 56, 297.41 W, 100 %, 100 %, 21532 MiB, 24564 MiB, 2640 MHz, 10251 MHz
2026/09/13 13:23:56.315, NVIDIA GeForce RTX 4090, GPU-457328ff-6f8e-1f53-8cc3-68ae75d90604, 595.91.07, P2, 56, 297.41 W, 100 %, 100 %, 21532 MiB, 24564 MiB, 2640 MHz, 10251 MHz
2026/09/13 13:23:57.318, NVIDIA GeForce RTX 4090, GPU-457328ff-6f8e-1f53-8cc3-68ae75d90604, 595.91.07, P2, 56, 297.24 W, 100 %, 100 %, 21532 MiB, 24564 MiB, 2640 MHz, 10251 MHz
2026/09/13 13:23:58.319, NVIDIA GeForce RTX 4090, GPU-457328ff-6f8e-1f53-8cc3-68ae75d90604, 595.91.07, P2, 56, 297.11 W, 100 %, 100 %, 21532 MiB, 24564 MiB, 2640 MHz, 10251 MHz
2026/09/13 13:23:59.321, NVIDIA GeForce RTX 4090, GPU-457328ff-6f8e-1f53-8cc3-68ae75d90604, 595.91.07, P2, 56, 297.11 W, 100 %, 100 %, 21532 MiB, 24564 MiB, 2640 MHz, 10251 MHz
2026/09/13 13:24:00.322, NVIDIA GeForce RTX 4090, GPU-457328ff-6f8e-1f53-8cc3-68ae75d90604, 595.91.07, P2, 56, 296.86 W, 100 %, 100 %, 21532 MiB, 24564 MiB, 2640 MHz, 10251 MHz
2026/09/13 13:24:01.324, NVIDIA GeForce RTX 4090, GPU-457328ff-6f8e-1f53-8cc3-68ae75d90604, 595.91.07, P2, 56, 296.52 W, 100 %, 100 %, 21532 MiB, 24564 MiB, 2640 MHz, 10251 MHz
2026/09/13 13:24:02.326, NVIDIA GeForce RTX 4090, GPU-457328ff-6f8e-1f53-8cc3-68ae75d90604, 595.91.07, P2, 56, 296.49 W, 100 %, 100 %, 21532 MiB, 24564 MiB, 2640 MHz, 10251 MHz
2026/09/13 13:24:03.328, NVIDIA GeForce RTX 4090, GPU-457328ff-6f8e-1f53-8cc3-68ae75d90604, 595.91.07, P2, 56, 296.35 W, 100 %, 100 %, 21532 MiB, 24564 MiB, 2640 MHz, 10251 MHz
2026/09/13 13:24:04.330, NVIDIA GeForce RTX 4090, GPU-457328ff-6f8e-1f53-8cc3-68ae75d90604, 595.91.07, P2, 56, 296.46 W, 100 %, 100 %, 21532 MiB, 24564 MiB, 2640 MHz, 10251 MHz
2026/09/13 13:24:05.332, NVIDIA GeForce RTX 4090, GPU-457328ff-6f8e-1f53-8cc3-68ae75d90604, 595.91.07, P2, 56, 296.69 W, 100 %, 100 %, 21532 MiB, 24564 MiB, 2640 MHz, 10251 MHz
2026/09/13 13:24:06.333, NVIDIA GeForce RTX 4090, GPU-457328ff-6f8e-1f53-8cc3-68ae75d90604, 595.91.07, P2, 56, 296.93 W, 100 %, 100 %, 21532 MiB, 24564 MiB, 2640 MHz, 10251 MHz
2026/09/13 13:24:07.335, NVIDIA GeForce RTX 4090, GPU-457328ff-6f8e-1f53-8cc3-68ae75d90604, 595.91.07, P2, 56, 297.08 W, 100 %, 100 %, 21532 MiB, 24564 MiB, 2640 MHz, 10251 MHz
2026/09/13 13:24:08.337, NVIDIA GeForce RTX 4090, GPU-457328ff-6f8e-1f53-8cc3-68ae75d90604, 595.91.07, P2, 56, 296.74 W, 100 %, 100 %, 21532 MiB, 24564 MiB, 2640 MHz, 10251 MHz
2026/09/13 13:24:09.338, NVIDIA GeForce RTX 4090, GPU-457328ff-6f8e-1f53-8cc3-68ae75d90604, 595.91.07, P2, 56, 297.01 W, 100 %, 100 %, 21532 MiB, 24564 MiB, 2640 MHz, 10251 MHz
2026/09/13 13:24:10.340, NVIDIA GeForce RTX 4090, GPU-457328ff-6f8e-1f53-8cc3-68ae75d90604, 595.91.07, P2, 56, 297.08 W, 100 %, 100 %, 21532 MiB, 24564 MiB, 2640 MHz, 10251 MHz
2026/09/13 13:24:11.343, NVIDIA GeForce RTX 4090, GPU-457328ff-6f8e-1f53-8cc3-68ae75d90604, 595.91.07, P2, 56, 296.86 W, 100 %, 100 %, 21532 MiB, 24564 MiB, 2640 MHz, 10251 MHz
2026/09/13 13:24:12.345, NVIDIA GeForce RTX 4090, GPU-457328ff-6f8e-1f53-8cc3-68ae75d90604, 595.91.07, P2, 56, 297.07 W, 100 %, 100 %, 21532 MiB, 24564 MiB, 2640 MHz, 10251 MHz
2026/09/13 13:24:13.347, NVIDIA GeForce RTX 4090, GPU-457328ff-6f8e-1f53-8cc3-68ae75d90604, 595.91.07, P2, 56, 297.05 W, 100 %, 100 %, 21532 MiB, 24564 MiB, 2640 MHz, 10251 MHz
2026/09/13 13:24:14.349, NVIDIA GeForce RTX 4090, GPU-457328ff-6f8e-1f53-8cc3-68ae75d90604, 595.91.07, P2, 56, 297.21 W, 100 %, 100 %, 21532 MiB, 24564 MiB, 2640 MHz, 10251 MHz
2026/09/13 13:24:15.351, NVIDIA GeForce RTX 4090, GPU-457328ff-6f8e-1f53-8cc3-68ae75d90604, 595.91.07, P2, 56, 297.30 W, 100 %, 100 %, 21532 MiB, 24564 MiB, 2640 MHz, 10251 MHz
2026/09/13 13:24:16.353, NVIDIA GeForce RTX 4090, GPU-457328ff-6f8e-1f53-8cc3-68ae75d90604, 595.91.07, P2, 56, 297.13 W, 100 %, 100 %, 21532 MiB, 24564 MiB, 2640 MHz, 10251 MHz
2026/09/13 13:24:17.355, NVIDIA GeForce RTX 4090, GPU-457328ff-6f8e-1f53-8cc3-68ae75d90604, 595.91.07, P2, 56, 297.09 W, 100 %, 100 %, 21532 MiB, 24564 MiB, 2640 MHz, 10251 MHz
2026/09/13 13:24:18.357, NVIDIA GeForce RTX 4090, GPU-457328ff-6f8e-1f53-8cc3-68ae75d90604, 595.91.07, P2, 56, 297.38 W, 100 %, 100 %, 21532 MiB, 24564 MiB, 2640 MHz, 10251 MHz
2026/09/13 13:24:19.359, NVIDIA GeForce RTX 4090, GPU-457328ff-6f8e-1f53-8cc3-68ae75d90604, 595.91.07, P2, 56, 297.31 W, 100 %, 100 %, 21532 MiB, 24564 MiB, 2640 MHz, 10251 MHz
2026/09/13 13:24:20.361, NVIDIA GeForce RTX 4090, GPU-457328ff-6f8e-1f53-8cc3-68ae75d90604, 595.91.07, P2, 56, 297.61 W, 100 %, 100 %, 21532 MiB, 24564 MiB, 2640 MHz, 10251 MHz
2026/09/13 13:24:21.363, NVIDIA GeForce RTX 4090, GPU-457328ff-6f8e-1f53-8cc3-68ae75d90604, 595.91.07, P2, 56, 296.76 W, 100 %, 100 %, 21532 MiB, 24564 MiB, 2640 MHz, 10251 MHz
2026/09/13 13:24:22.365, NVIDIA GeForce RTX 4090, GPU-457328ff-6f8e-1f53-8cc3-68ae75d90604, 595.91.07, P2, 56, 296.39 W, 100 %, 100 %, 21532 MiB, 24564 MiB, 2640 MHz, 10251 MHz
2026/09/13 13:24:23.367, NVIDIA GeForce RTX 4090, GPU-457328ff-6f8e-1f53-8cc3-68ae75d90604, 595.91.07, P2, 56, 284.49 W, 100 %, 100 %, 21532 MiB, 24564 MiB, 2640 MHz, 10251 MHz
2026/09/13 13:24:24.368, NVIDIA GeForce RTX 4090, GPU-457328ff-6f8e-1f53-8cc3-68ae75d90604, 595.91.07, P2, 56, 298.76 W, 100 %, 100 %, 21532 MiB, 24564 MiB, 2640 MHz, 10251 MHz
2026/09/13 13:24:25.370, NVIDIA GeForce RTX 4090, GPU-457328ff-6f8e-1f53-8cc3-68ae75d90604, 595.91.07, P2, 56, 298.61 W, 100 %, 100 %, 21532 MiB, 24564 MiB, 2640 MHz, 10251 MHz
2026/09/13 13:24:26.372, NVIDIA GeForce RTX 4090, GPU-457328ff-6f8e-1f53-8cc3-68ae75d90604, 595.91.07, P2, 56, 298.54 W, 100 %, 100 %, 21532 MiB, 24564 MiB, 2640 MHz, 10251 MHz
2026/09/13 13:24:27.374, NVIDIA GeForce RTX 4090, GPU-457328ff-6f8e-1f53-8cc3-68ae75d90604, 595.91.07, P2, 56, 298.25 W, 100 %, 100 %, 21532 MiB, 24564 MiB, 2640 MHz, 10251 MHz
2026/09/13 13:24:28.376, NVIDIA GeForce RTX 4090, GPU-457328ff-6f8e-1f53-8cc3-68ae75d90604, 595.91.07, P2, 56, 298.29 W, 100 %, 100 %, 21532 MiB, 24564 MiB, 2640 MHz, 10251 MHz
2026/09/13 13:24:29.378, NVIDIA GeForce RTX 4090, GPU-457328ff-6f8e-1f53-8cc3-68ae75d90604, 595.91.07, P2, 56, 298.46 W, 100 %, 100 %, 21532 MiB, 24564 MiB, 2640 MHz, 10251 MHz
2026/09/13 13:24:30.379, NVIDIA GeForce RTX 4090, GPU-457328ff-6f8e-1f53-8cc3-68ae75d90604, 595.91.07, P2, 56, 298.49 W, 100 %, 100 %, 21532 MiB, 24564 MiB, 2640 MHz, 10251 MHz
2026/09/13 13:24:31.381, NVIDIA GeForce RTX 4090, GPU-457328ff-6f8e-1f53-8cc3-68ae75d90604, 595.91.07, P2, 56, 298.27 W, 100 %, 100 %, 21532 MiB, 24564 MiB, 2640 MHz, 10251 MHz
2026/09/13 13:24:32.383, NVIDIA GeForce RTX 4090, GPU-457328ff-6f8e-1f53-8cc3-68ae75d90604, 595.91.07, P2, 56, 297.67 W, 100 %, 100 %, 21532 MiB, 24564 MiB, 2640 MHz, 10251 MHz
2026/09/13 13:24:33.385, NVIDIA GeForce RTX 4090, GPU-457328ff-6f8e-1f53-8cc3-68ae75d90604, 595.91.07, P2, 56, 297.32 W, 100 %, 100 %, 21532 MiB, 24564 MiB, 2640 MHz, 10251 MHz
2026/09/13 13:24:34.386, NVIDIA GeForce RTX 4090, GPU-457328ff-6f8e-1f53-8cc3-68ae75d90604, 595.91.07, P2, 56, 297.40 W, 100 %, 100 %, 21532 MiB, 24564 MiB, 2640 MHz, 10251 MHz
2026/09/13 13:24:35.388, NVIDIA GeForce RTX 4090, GPU-457328ff-6f8e-1f53-8cc3-68ae75d90604, 595.91.07, P2, 56, 297.34 W, 100 %, 100 %, 21532 MiB, 24564 MiB, 2640 MHz, 10251 MHz
2026/09/13 13:24:36.390, NVIDIA GeForce RTX 4090, GPU-457328ff-6f8e-1f53-8cc3-68ae75d90604, 595.91.07, P2, 56, 297.17 W, 100 %, 100 %, 21532 MiB, 24564 MiB, 2640 MHz, 10251 MHz
2026/09/13 13:24:37.392, NVIDIA GeForce RTX 4090, GPU-457328ff-6f8e-1f53-8cc3-68ae75d90604, 595.91.07, P2, 56, 297.30 W, 100 %, 100 %, 21532 MiB, 24564 MiB, 2640 MHz, 10251 MHz
2026/09/13 13:24:38.394, NVIDIA GeForce RTX 4090, GPU-457328ff-6f8e-1f53-8cc3-68ae75d90604, 595.91.07, P2, 56, 297.34 W, 100 %, 100 %, 21532 MiB, 24564 MiB, 2640 MHz, 10251 MHz
2026/09/13 13:24:39.395, NVIDIA GeForce RTX 4090, GPU-457328ff-6f8e-1f53-8cc3-68ae75d90604, 595.91.07, P2, 56, 297.03 W, 100 %, 100 %, 21532 MiB, 24564 MiB, 2640 MHz, 10251 MHz
2026/09/13 13:24:40.397, NVIDIA GeForce RTX 4090, GPU-457328ff-6f8e-1f53-8cc3-68ae75d90604, 595.91.07, P2, 56, 297.32 W, 100 %, 100 %, 21532 MiB, 24564 MiB, 2640 MHz, 10251 MHz
2026/09/13 13:24:41.399, NVIDIA GeForce RTX 4090, GPU-457328ff-6f8e-1f53-8cc3-68ae75d90604, 595.91.07, P2, 56, 297.28 W, 100 %, 100 %, 21532 MiB, 24564 MiB, 2640 MHz, 10251 MHz
2026/09/13 13:24:42.400, NVIDIA GeForce RTX 4090, GPU-457328ff-6f8e-1f53-8cc3-68ae75d90604, 595.91.07, P2, 56, 297.19 W, 100 %, 100 %, 21532 MiB, 24564 MiB, 2640 MHz, 10251 MHz
2026/09/13 13:24:43.402, NVIDIA GeForce RTX 4090, GPU-457328ff-6f8e-1f53-8cc3-68ae75d90604, 595.91.07, P2, 56, 297.24 W, 100 %, 100 %, 21532 MiB, 24564 MiB, 2640 MHz, 10251 MHz
2026/09/13 13:24:44.403, NVIDIA GeForce RTX 4090, GPU-457328ff-6f8e-1f53-8cc3-68ae75d90604, 595.91.07, P2, 57, 294.02 W, 87 %, 87 %, 21532 MiB, 24564 MiB, 2640 MHz, 10251 MHz
2026/09/13 13:24:45.405, NVIDIA GeForce RTX 4090, GPU-457328ff-6f8e-1f53-8cc3-68ae75d90604, 595.91.07, P2, 56, 298.38 W, 100 %, 100 %, 21532 MiB, 24564 MiB, 2640 MHz, 10251 MHz
2026/09/13 13:24:46.406, NVIDIA GeForce RTX 4090, GPU-457328ff-6f8e-1f53-8cc3-68ae75d90604, 595.91.07, P2, 56, 298.97 W, 100 %, 100 %, 21532 MiB, 24564 MiB, 2640 MHz, 10251 MHz
2026/09/13 13:24:47.408, NVIDIA GeForce RTX 4090, GPU-457328ff-6f8e-1f53-8cc3-68ae75d90604, 595.91.07, P2, 56, 298.86 W, 100 %, 100 %, 21532 MiB, 24564 MiB, 2640 MHz, 10251 MHz
2026/09/13 13:24:48.409, NVIDIA GeForce RTX 4090, GPU-457328ff-6f8e-1f53-8cc3-68ae75d90604, 595.91.07, P2, 56, 298.42 W, 100 %, 100 %, 21532 MiB, 24564 MiB, 2640 MHz, 10251 MHz
2026/09/13 13:24:49.410, NVIDIA GeForce RTX 4090, GPU-457328ff-6f8e-1f53-8cc3-68ae75d90604, 595.91.07, P2, 56, 298.26 W, 100 %, 100 %, 21532 MiB, 24564 MiB, 2640 MHz, 10251 MHz
2026/09/13 13:24:50.411, NVIDIA GeForce RTX 4090, GPU-457328ff-6f8e-1f53-8cc3-68ae75d90604, 595.91.07, P2, 56, 298.22 W, 100 %, 100 %, 21532 MiB, 24564 MiB, 2640 MHz, 10251 MHz
2026/09/13 13:24:51.413, NVIDIA GeForce RTX 4090, GPU-457328ff-6f8e-1f53-8cc3-68ae75d90604, 595.91.07, P2, 55, 297.96 W, 100 %, 100 %, 21532 MiB, 24564 MiB, 2640 MHz, 10251 MHz
2026/09/13 13:24:52.415, NVIDIA GeForce RTX 4090, GPU-457328ff-6f8e-1f53-8cc3-68ae75d90604, 595.91.07, P2, 55, 297.40 W, 100 %, 100 %, 21532 MiB, 24564 MiB, 2640 MHz, 10251 MHz
2026/09/13 13:24:53.417, NVIDIA GeForce RTX 4090, GPU-457328ff-6f8e-1f53-8cc3-68ae75d90604, 595.91.07, P2, 55, 297.43 W, 100 %, 100 %, 21532 MiB, 24564 MiB, 2640 MHz, 10251 MHz
2026/09/13 13:24:54.419, NVIDIA GeForce RTX 4090, GPU-457328ff-6f8e-1f53-8cc3-68ae75d90604, 595.91.07, P2, 55, 297.18 W, 100 %, 100 %, 21532 MiB, 24564 MiB, 2640 MHz, 10251 MHz
2026/09/13 13:24:55.421, NVIDIA GeForce RTX 4090, GPU-457328ff-6f8e-1f53-8cc3-68ae75d90604, 595.91.07, P2, 55, 297.05 W, 100 %, 100 %, 21532 MiB, 24564 MiB, 2640 MHz, 10251 MHz
2026/09/13 13:24:56.424, NVIDIA GeForce RTX 4090, GPU-457328ff-6f8e-1f53-8cc3-68ae75d90604, 595.91.07, P2, 55, 297.26 W, 100 %, 100 %, 21532 MiB, 24564 MiB, 2640 MHz, 10251 MHz
2026/09/13 13:24:57.426, NVIDIA GeForce RTX 4090, GPU-457328ff-6f8e-1f53-8cc3-68ae75d90604, 595.91.07, P2, 55, 297.06 W, 100 %, 100 %, 21532 MiB, 24564 MiB, 2640 MHz, 10251 MHz
2026/09/13 13:24:58.429, NVIDIA GeForce RTX 4090, GPU-457328ff-6f8e-1f53-8cc3-68ae75d90604, 595.91.07, P2, 55, 296.90 W, 100 %, 100 %, 21532 MiB, 24564 MiB, 2640 MHz, 10251 MHz
2026/09/13 13:24:59.431, NVIDIA GeForce RTX 4090, GPU-457328ff-6f8e-1f53-8cc3-68ae75d90604, 595.91.07, P2, 55, 296.93 W, 100 %, 100 %, 21532 MiB, 24564 MiB, 2640 MHz, 10251 MHz
2026/09/13 13:25:00.432, NVIDIA GeForce RTX 4090, GPU-457328ff-6f8e-1f53-8cc3-68ae75d90604, 595.91.07, P2, 55, 296.94 W, 100 %, 100 %, 21532 MiB, 24564 MiB, 2640 MHz, 10251 MHz
2026/09/13 13:25:01.434, NVIDIA GeForce RTX 4090, GPU-457328ff-6f8e-1f53-8cc3-68ae75d90604, 595.91.07, P2, 55, 296.84 W, 100 %, 100 %, 21532 MiB, 24564 MiB, 2640 MHz, 10251 MHz
2026/09/13 13:25:02.437, NVIDIA GeForce RTX 4090, GPU-457328ff-6f8e-1f53-8cc3-68ae75d90604, 595.91.07, P2, 55, 289.59 W, 63 %, 68 %, 21532 MiB, 24564 MiB, 2640 MHz, 10251 MHz
2026/09/13 13:25:03.438, NVIDIA GeForce RTX 4090, GPU-457328ff-6f8e-1f53-8cc3-68ae75d90604, 595.91.07, P2, 55, 289.23 W, 100 %, 100 %, 21532 MiB, 24564 MiB, 2640 MHz, 10251 MHz
2026/09/13 13:25:04.440, NVIDIA GeForce RTX 4090, GPU-457328ff-6f8e-1f53-8cc3-68ae75d90604, 595.91.07, P2, 55, 298.35 W, 100 %, 100 %, 21532 MiB, 24564 MiB, 2640 MHz, 10251 MHz
2026/09/13 13:25:05.442, NVIDIA GeForce RTX 4090, GPU-457328ff-6f8e-1f53-8cc3-68ae75d90604, 595.91.07, P2, 55, 298.54 W, 100 %, 100 %, 21532 MiB, 24564 MiB, 2640 MHz, 10251 MHz
2026/09/13 13:25:06.444, NVIDIA GeForce RTX 4090, GPU-457328ff-6f8e-1f53-8cc3-68ae75d90604, 595.91.07, P2, 55, 297.86 W, 100 %, 100 %, 21532 MiB, 24564 MiB, 2640 MHz, 10251 MHz
2026/09/13 13:25:07.446, NVIDIA GeForce RTX 4090, GPU-457328ff-6f8e-1f53-8cc3-68ae75d90604, 595.91.07, P2, 55, 297.78 W, 100 %, 100 %, 21532 MiB, 24564 MiB, 2640 MHz, 10251 MHz
2026/09/13 13:25:08.448, NVIDIA GeForce RTX 4090, GPU-457328ff-6f8e-1f53-8cc3-68ae75d90604, 595.91.07, P2, 55, 297.69 W, 100 %, 100 %, 21532 MiB, 24564 MiB, 2640 MHz, 10251 MHz
2026/09/13 13:25:09.449, NVIDIA GeForce RTX 4090, GPU-457328ff-6f8e-1f53-8cc3-68ae75d90604, 595.91.07, P2, 55, 297.31 W, 100 %, 100 %, 21532 MiB, 24564 MiB, 2640 MHz, 10251 MHz
2026/09/13 13:25:10.450, NVIDIA GeForce RTX 4090, GPU-457328ff-6f8e-1f53-8cc3-68ae75d90604, 595.91.07, P2, 55, 297.29 W, 100 %, 100 %, 21532 MiB, 24564 MiB, 2640 MHz, 10251 MHz
2026/09/13 13:25:11.453, NVIDIA GeForce RTX 4090, GPU-457328ff-6f8e-1f53-8cc3-68ae75d90604, 595.91.07, P2, 55, 297.25 W, 100 %, 100 %, 21532 MiB, 24564 MiB, 2640 MHz, 10251 MHz
2026/09/13 13:25:12.454, NVIDIA GeForce RTX 4090, GPU-457328ff-6f8e-1f53-8cc3-68ae75d90604, 595.91.07, P2, 55, 297.14 W, 100 %, 100 %, 21532 MiB, 24564 MiB, 2640 MHz, 10251 MHz
2026/09/13 13:25:13.456, NVIDIA GeForce RTX 4090, GPU-457328ff-6f8e-1f53-8cc3-68ae75d90604, 595.91.07, P2, 54, 297.08 W, 100 %, 100 %, 21532 MiB, 24564 MiB, 2640 MHz, 10251 MHz
2026/09/13 13:25:14.458, NVIDIA GeForce RTX 4090, GPU-457328ff-6f8e-1f53-8cc3-68ae75d90604, 595.91.07, P2, 54, 296.50 W, 100 %, 100 %, 21532 MiB, 24564 MiB, 2640 MHz, 10251 MHz
2026/09/13 13:25:15.460, NVIDIA GeForce RTX 4090, GPU-457328ff-6f8e-1f53-8cc3-68ae75d90604, 595.91.07, P2, 54, 296.30 W, 100 %, 100 %, 21532 MiB, 24564 MiB, 2640 MHz, 10251 MHz
2026/09/13 13:25:16.462, NVIDIA GeForce RTX 4090, GPU-457328ff-6f8e-1f53-8cc3-68ae75d90604, 595.91.07, P2, 54, 296.55 W, 100 %, 100 %, 21532 MiB, 24564 MiB, 2640 MHz, 10251 MHz
2026/09/13 13:25:17.464, NVIDIA GeForce RTX 4090, GPU-457328ff-6f8e-1f53-8cc3-68ae75d90604, 595.91.07, P2, 54, 296.31 W, 100 %, 100 %, 21532 MiB, 24564 MiB, 2640 MHz, 10251 MHz
2026/09/13 13:25:18.466, NVIDIA GeForce RTX 4090, GPU-457328ff-6f8e-1f53-8cc3-68ae75d90604, 595.91.07, P2, 54, 296.39 W, 100 %, 100 %, 21532 MiB, 24564 MiB, 2640 MHz, 10251 MHz
2026/09/13 13:25:19.468, NVIDIA GeForce RTX 4090, GPU-457328ff-6f8e-1f53-8cc3-68ae75d90604, 595.91.07, P2, 54, 296.56 W, 100 %, 100 %, 21532 MiB, 24564 MiB, 2640 MHz, 10251 MHz
2026/09/13 13:25:20.470, NVIDIA GeForce RTX 4090, GPU-457328ff-6f8e-1f53-8cc3-68ae75d90604, 595.91.07, P2, 54, 295.90 W, 100 %, 100 %, 21532 MiB, 24564 MiB, 2640 MHz, 10251 MHz
2026/09/13 13:25:21.471, NVIDIA GeForce RTX 4090, GPU-457328ff-6f8e-1f53-8cc3-68ae75d90604, 595.91.07, P2, 54, 295.91 W, 100 %, 100 %, 21532 MiB, 24564 MiB, 2640 MHz, 10251 MHz
2026/09/13 13:25:22.473, NVIDIA GeForce RTX 4090, GPU-457328ff-6f8e-1f53-8cc3-68ae75d90604, 595.91.07, P2, 54, 295.93 W, 100 %, 100 %, 21532 MiB, 24564 MiB, 2640 MHz, 10251 MHz
2026/09/13 13:25:23.475, NVIDIA GeForce RTX 4090, GPU-457328ff-6f8e-1f53-8cc3-68ae75d90604, 595.91.07, P2, 54, 295.90 W, 100 %, 100 %, 21532 MiB, 24564 MiB, 2640 MHz, 10251 MHz
2026/09/13 13:25:24.476, NVIDIA GeForce RTX 4090, GPU-457328ff-6f8e-1f53-8cc3-68ae75d90604, 595.91.07, P2, 54, 296.09 W, 100 %, 100 %, 21532 MiB, 24564 MiB, 2640 MHz, 10251 MHz
2026/09/13 13:25:25.478, NVIDIA GeForce RTX 4090, GPU-457328ff-6f8e-1f53-8cc3-68ae75d90604, 595.91.07, P2, 54, 296.19 W, 100 %, 100 %, 21532 MiB, 24564 MiB, 2640 MHz, 10251 MHz
2026/09/13 13:25:26.481, NVIDIA GeForce RTX 4090, GPU-457328ff-6f8e-1f53-8cc3-68ae75d90604, 595.91.07, P2, 54, 295.94 W, 100 %, 100 %, 21532 MiB, 24564 MiB, 2640 MHz, 10251 MHz
2026/09/13 13:25:27.485, NVIDIA GeForce RTX 4090, GPU-457328ff-6f8e-1f53-8cc3-68ae75d90604, 595.91.07, P2, 54, 295.52 W, 100 %, 100 %, 21532 MiB, 24564 MiB, 2640 MHz, 10251 MHz
2026/09/13 13:25:28.487, NVIDIA GeForce RTX 4090, GPU-457328ff-6f8e-1f53-8cc3-68ae75d90604, 595.91.07, P2, 54, 295.65 W, 100 %, 100 %, 21532 MiB, 24564 MiB, 2640 MHz, 10251 MHz
2026/09/13 13:25:29.489, NVIDIA GeForce RTX 4090, GPU-457328ff-6f8e-1f53-8cc3-68ae75d90604, 595.91.07, P2, 54, 295.67 W, 100 %, 100 %, 21532 MiB, 24564 MiB, 2640 MHz, 10251 MHz
2026/09/13 13:25:30.490, NVIDIA GeForce RTX 4090, GPU-457328ff-6f8e-1f53-8cc3-68ae75d90604, 595.91.07, P2, 54, 295.77 W, 100 %, 100 %, 21532 MiB, 24564 MiB, 2640 MHz, 10251 MHz
2026/09/13 13:25:31.492, NVIDIA GeForce RTX 4090, GPU-457328ff-6f8e-1f53-8cc3-68ae75d90604, 595.91.07, P2, 54, 296.25 W, 100 %, 100 %, 21532 MiB, 24564 MiB, 2640 MHz, 10251 MHz
2026/09/13 13:25:32.493, NVIDIA GeForce RTX 4090, GPU-457328ff-6f8e-1f53-8cc3-68ae75d90604, 595.91.07, P2, 54, 296.07 W, 100 %, 100 %, 21532 MiB, 24564 MiB, 2640 MHz, 10251 MHz
2026/09/13 13:25:33.494, NVIDIA GeForce RTX 4090, GPU-457328ff-6f8e-1f53-8cc3-68ae75d90604, 595.91.07, P2, 54, 295.83 W, 100 %, 100 %, 21532 MiB, 24564 MiB, 2640 MHz, 10251 MHz
2026/09/13 13:25:34.496, NVIDIA GeForce RTX 4090, GPU-457328ff-6f8e-1f53-8cc3-68ae75d90604, 595.91.07, P2, 54, 295.80 W, 100 %, 100 %, 21532 MiB, 24564 MiB, 2640 MHz, 10251 MHz
2026/09/13 13:25:35.498, NVIDIA GeForce RTX 4090, GPU-457328ff-6f8e-1f53-8cc3-68ae75d90604, 595.91.07, P2, 54, 295.83 W, 100 %, 100 %, 21532 MiB, 24564 MiB, 2640 MHz, 10251 MHz
2026/09/13 13:25:36.500, NVIDIA GeForce RTX 4090, GPU-457328ff-6f8e-1f53-8cc3-68ae75d90604, 595.91.07, P2, 54, 295.76 W, 100 %, 100 %, 21532 MiB, 24564 MiB, 2640 MHz, 10251 MHz
2026/09/13 13:25:37.501, NVIDIA GeForce RTX 4090, GPU-457328ff-6f8e-1f53-8cc3-68ae75d90604, 595.91.07, P2, 54, 282.41 W, 95 %, 100 %, 21532 MiB, 24564 MiB, 2640 MHz, 10251 MHz
2026/09/13 13:25:38.503, NVIDIA GeForce RTX 4090, GPU-457328ff-6f8e-1f53-8cc3-68ae75d90604, 595.91.07, P2, 54, 297.75 W, 100 %, 100 %, 21532 MiB, 24564 MiB, 2640 MHz, 10251 MHz
2026/09/13 13:25:39.505, NVIDIA GeForce RTX 4090, GPU-457328ff-6f8e-1f53-8cc3-68ae75d90604, 595.91.07, P2, 54, 297.01 W, 100 %, 100 %, 21532 MiB, 24564 MiB, 2640 MHz, 10251 MHz
2026/09/13 13:25:40.507, NVIDIA GeForce RTX 4090, GPU-457328ff-6f8e-1f53-8cc3-68ae75d90604, 595.91.07, P2, 54, 296.90 W, 100 %, 100 %, 21532 MiB, 24564 MiB, 2640 MHz, 10251 MHz
2026/09/13 13:25:41.509, NVIDIA GeForce RTX 4090, GPU-457328ff-6f8e-1f53-8cc3-68ae75d90604, 595.91.07, P2, 54, 296.81 W, 100 %, 100 %, 21532 MiB, 24564 MiB, 2640 MHz, 10251 MHz
2026/09/13 13:25:42.510, NVIDIA GeForce RTX 4090, GPU-457328ff-6f8e-1f53-8cc3-68ae75d90604, 595.91.07, P2, 54, 296.79 W, 100 %, 100 %, 21532 MiB, 24564 MiB, 2640 MHz, 10251 MHz
2026/09/13 13:25:43.512, NVIDIA GeForce RTX 4090, GPU-457328ff-6f8e-1f53-8cc3-68ae75d90604, 595.91.07, P2, 54, 296.88 W, 100 %, 100 %, 21532 MiB, 24564 MiB, 2640 MHz, 10251 MHz
2026/09/13 13:25:44.514, NVIDIA GeForce RTX 4090, GPU-457328ff-6f8e-1f53-8cc3-68ae75d90604, 595.91.07, P2, 54, 296.94 W, 100 %, 100 %, 21532 MiB, 24564 MiB, 2640 MHz, 10251 MHz
2026/09/13 13:25:45.516, NVIDIA GeForce RTX 4090, GPU-457328ff-6f8e-1f53-8cc3-68ae75d90604, 595.91.07, P2, 54, 296.74 W, 100 %, 100 %, 21532 MiB, 24564 MiB, 2640 MHz, 10251 MHz
2026/09/13 13:25:46.519, NVIDIA GeForce RTX 4090, GPU-457328ff-6f8e-1f53-8cc3-68ae75d90604, 595.91.07, P2, 54, 296.70 W, 100 %, 100 %, 21532 MiB, 24564 MiB, 2640 MHz, 10251 MHz
2026/09/13 13:25:47.521, NVIDIA GeForce RTX 4090, GPU-457328ff-6f8e-1f53-8cc3-68ae75d90604, 595.91.07, P2, 54, 296.29 W, 100 %, 100 %, 21532 MiB, 24564 MiB, 2640 MHz, 10251 MHz
2026/09/13 13:25:48.522, NVIDIA GeForce RTX 4090, GPU-457328ff-6f8e-1f53-8cc3-68ae75d90604, 595.91.07, P2, 54, 296.08 W, 100 %, 100 %, 21532 MiB, 24564 MiB, 2640 MHz, 10251 MHz
2026/09/13 13:25:49.525, NVIDIA GeForce RTX 4090, GPU-457328ff-6f8e-1f53-8cc3-68ae75d90604, 595.91.07, P2, 54, 296.07 W, 100 %, 100 %, 21532 MiB, 24564 MiB, 2640 MHz, 10251 MHz
2026/09/13 13:25:50.527, NVIDIA GeForce RTX 4090, GPU-457328ff-6f8e-1f53-8cc3-68ae75d90604, 595.91.07, P2, 54, 295.90 W, 100 %, 100 %, 21532 MiB, 24564 MiB, 2640 MHz, 10251 MHz
2026/09/13 13:25:51.529, NVIDIA GeForce RTX 4090, GPU-457328ff-6f8e-1f53-8cc3-68ae75d90604, 595.91.07, P2, 54, 295.87 W, 100 %, 100 %, 21532 MiB, 24564 MiB, 2640 MHz, 10251 MHz
2026/09/13 13:25:52.531, NVIDIA GeForce RTX 4090, GPU-457328ff-6f8e-1f53-8cc3-68ae75d90604, 595.91.07, P2, 54, 296.06 W, 100 %, 100 %, 21532 MiB, 24564 MiB, 2640 MHz, 10251 MHz
2026/09/13 13:25:53.532, NVIDIA GeForce RTX 4090, GPU-457328ff-6f8e-1f53-8cc3-68ae75d90604, 595.91.07, P2, 54, 288.15 W, 100 %, 100 %, 21532 MiB, 24564 MiB, 2640 MHz, 10251 MHz
2026/09/13 13:25:54.534, NVIDIA GeForce RTX 4090, GPU-457328ff-6f8e-1f53-8cc3-68ae75d90604, 595.91.07, P2, 54, 297.72 W, 100 %, 100 %, 21532 MiB, 24564 MiB, 2640 MHz, 10251 MHz
2026/09/13 13:25:55.536, NVIDIA GeForce RTX 4090, GPU-457328ff-6f8e-1f53-8cc3-68ae75d90604, 595.91.07, P2, 54, 297.88 W, 100 %, 100 %, 21532 MiB, 24564 MiB, 2640 MHz, 10251 MHz
2026/09/13 13:25:56.537, NVIDIA GeForce RTX 4090, GPU-457328ff-6f8e-1f53-8cc3-68ae75d90604, 595.91.07, P2, 54, 297.67 W, 100 %, 100 %, 21532 MiB, 24564 MiB, 2640 MHz, 10251 MHz
2026/09/13 13:25:57.539, NVIDIA GeForce RTX 4090, GPU-457328ff-6f8e-1f53-8cc3-68ae75d90604, 595.91.07, P2, 54, 297.22 W, 100 %, 100 %, 21532 MiB, 24564 MiB, 2640 MHz, 10251 MHz
2026/09/13 13:25:58.541, NVIDIA GeForce RTX 4090, GPU-457328ff-6f8e-1f53-8cc3-68ae75d90604, 595.91.07, P2, 54, 296.81 W, 100 %, 100 %, 21532 MiB, 24564 MiB, 2640 MHz, 10251 MHz
2026/09/13 13:25:59.542, NVIDIA GeForce RTX 4090, GPU-457328ff-6f8e-1f53-8cc3-68ae75d90604, 595.91.07, P2, 54, 296.94 W, 100 %, 100 %, 21532 MiB, 24564 MiB, 2640 MHz, 10251 MHz
2026/09/13 13:26:00.544, NVIDIA GeForce RTX 4090, GPU-457328ff-6f8e-1f53-8cc3-68ae75d90604, 595.91.07, P2, 54, 296.95 W, 100 %, 100 %, 21532 MiB, 24564 MiB, 2640 MHz, 10251 MHz
2026/09/13 13:26:01.545, NVIDIA GeForce RTX 4090, GPU-457328ff-6f8e-1f53-8cc3-68ae75d90604, 595.91.07, P2, 54, 296.52 W, 100 %, 100 %, 21532 MiB, 24564 MiB, 2640 MHz, 10251 MHz
2026/09/13 13:26:02.547, NVIDIA GeForce RTX 4090, GPU-457328ff-6f8e-1f53-8cc3-68ae75d90604, 595.91.07, P2, 54, 296.08 W, 100 %, 100 %, 21532 MiB, 24564 MiB, 2640 MHz, 10251 MHz
2026/09/13 13:26:03.549, NVIDIA GeForce RTX 4090, GPU-457328ff-6f8e-1f53-8cc3-68ae75d90604, 595.91.07, P2, 54, 296.00 W, 100 %, 100 %, 21532 MiB, 24564 MiB, 2640 MHz, 10251 MHz
2026/09/13 13:26:04.551, NVIDIA GeForce RTX 4090, GPU-457328ff-6f8e-1f53-8cc3-68ae75d90604, 595.91.07, P2, 54, 295.66 W, 100 %, 100 %, 21532 MiB, 24564 MiB, 2640 MHz, 10251 MHz
2026/09/13 13:26:05.553, NVIDIA GeForce RTX 4090, GPU-457328ff-6f8e-1f53-8cc3-68ae75d90604, 595.91.07, P2, 54, 295.78 W, 100 %, 100 %, 21532 MiB, 24564 MiB, 2640 MHz, 10251 MHz
2026/09/13 13:26:06.556, NVIDIA GeForce RTX 4090, GPU-457328ff-6f8e-1f53-8cc3-68ae75d90604, 595.91.07, P2, 54, 296.03 W, 100 %, 100 %, 21532 MiB, 24564 MiB, 2640 MHz, 10251 MHz
2026/09/13 13:26:07.558, NVIDIA GeForce RTX 4090, GPU-457328ff-6f8e-1f53-8cc3-68ae75d90604, 595.91.07, P2, 54, 295.95 W, 100 %, 100 %, 21532 MiB, 24564 MiB, 2640 MHz, 10251 MHz
2026/09/13 13:26:08.561, NVIDIA GeForce RTX 4090, GPU-457328ff-6f8e-1f53-8cc3-68ae75d90604, 595.91.07, P2, 54, 296.04 W, 100 %, 100 %, 21532 MiB, 24564 MiB, 2640 MHz, 10251 MHz
2026/09/13 13:26:09.563, NVIDIA GeForce RTX 4090, GPU-457328ff-6f8e-1f53-8cc3-68ae75d90604, 595.91.07, P2, 54, 296.01 W, 100 %, 100 %, 21532 MiB, 24564 MiB, 2640 MHz, 10251 MHz
2026/09/13 13:26:10.566, NVIDIA GeForce RTX 4090, GPU-457328ff-6f8e-1f53-8cc3-68ae75d90604, 595.91.07, P2, 54, 295.86 W, 100 %, 100 %, 21532 MiB, 24564 MiB, 2640 MHz, 10251 MHz
2026/09/13 13:26:11.568, NVIDIA GeForce RTX 4090, GPU-457328ff-6f8e-1f53-8cc3-68ae75d90604, 595.91.07, P2, 54, 295.68 W, 100 %, 100 %, 21532 MiB, 24564 MiB, 2640 MHz, 10251 MHz
2026/09/13 13:26:12.571, NVIDIA GeForce RTX 4090, GPU-457328ff-6f8e-1f53-8cc3-68ae75d90604, 595.91.07, P2, 54, 287.02 W, 100 %, 100 %, 21532 MiB, 24564 MiB, 2640 MHz, 10251 MHz
2026/09/13 13:26:13.572, NVIDIA GeForce RTX 4090, GPU-457328ff-6f8e-1f53-8cc3-68ae75d90604, 595.91.07, P2, 54, 297.44 W, 100 %, 100 %, 21532 MiB, 24564 MiB, 2640 MHz, 10251 MHz
2026/09/13 13:26:14.575, NVIDIA GeForce RTX 4090, GPU-457328ff-6f8e-1f53-8cc3-68ae75d90604, 595.91.07, P2, 54, 297.88 W, 100 %, 100 %, 21532 MiB, 24564 MiB, 2640 MHz, 10251 MHz
2026/09/13 13:26:15.578, NVIDIA GeForce RTX 4090, GPU-457328ff-6f8e-1f53-8cc3-68ae75d90604, 595.91.07, P2, 54, 297.40 W, 100 %, 100 %, 21532 MiB, 24564 MiB, 2640 MHz, 10251 MHz
2026/09/13 13:26:16.580, NVIDIA GeForce RTX 4090, GPU-457328ff-6f8e-1f53-8cc3-68ae75d90604, 595.91.07, P2, 54, 297.42 W, 100 %, 100 %, 21532 MiB, 24564 MiB, 2640 MHz, 10251 MHz
2026/09/13 13:26:17.583, NVIDIA GeForce RTX 4090, GPU-457328ff-6f8e-1f53-8cc3-68ae75d90604, 595.91.07, P2, 54, 297.13 W, 100 %, 100 %, 21532 MiB, 24564 MiB, 2640 MHz, 10251 MHz
2026/09/13 13:26:18.586, NVIDIA GeForce RTX 4090, GPU-457328ff-6f8e-1f53-8cc3-68ae75d90604, 595.91.07, P2, 54, 297.25 W, 100 %, 100 %, 21532 MiB, 24564 MiB, 2640 MHz, 10251 MHz
2026/09/13 13:26:19.589, NVIDIA GeForce RTX 4090, GPU-457328ff-6f8e-1f53-8cc3-68ae75d90604, 595.91.07, P2, 54, 297.19 W, 100 %, 100 %, 21532 MiB, 24564 MiB, 2640 MHz, 10251 MHz
2026/09/13 13:26:20.591, NVIDIA GeForce RTX 4090, GPU-457328ff-6f8e-1f53-8cc3-68ae75d90604, 595.91.07, P2, 54, 296.82 W, 100 %, 100 %, 21532 MiB, 24564 MiB, 2640 MHz, 10251 MHz
2026/09/13 13:26:21.594, NVIDIA GeForce RTX 4090, GPU-457328ff-6f8e-1f53-8cc3-68ae75d90604, 595.91.07, P2, 54, 296.47 W, 100 %, 100 %, 21532 MiB, 24564 MiB, 2640 MHz, 10251 MHz
2026/09/13 13:26:22.596, NVIDIA GeForce RTX 4090, GPU-457328ff-6f8e-1f53-8cc3-68ae75d90604, 595.91.07, P2, 54, 296.42 W, 100 %, 100 %, 21532 MiB, 24564 MiB, 2640 MHz, 10251 MHz
2026/09/13 13:26:23.599, NVIDIA GeForce RTX 4090, GPU-457328ff-6f8e-1f53-8cc3-68ae75d90604, 595.91.07, P2, 54, 296.69 W, 100 %, 100 %, 21532 MiB, 24564 MiB, 2640 MHz, 10251 MHz
2026/09/13 13:26:24.600, NVIDIA GeForce RTX 4090, GPU-457328ff-6f8e-1f53-8cc3-68ae75d90604, 595.91.07, P2, 54, 296.49 W, 100 %, 100 %, 21532 MiB, 24564 MiB, 2640 MHz, 10251 MHz
2026/09/13 13:26:25.603, NVIDIA GeForce RTX 4090, GPU-457328ff-6f8e-1f53-8cc3-68ae75d90604, 595.91.07, P2, 54, 295.93 W, 100 %, 100 %, 21532 MiB, 24564 MiB, 2640 MHz, 10251 MHz
2026/09/13 13:26:26.605, NVIDIA GeForce RTX 4090, GPU-457328ff-6f8e-1f53-8cc3-68ae75d90604, 595.91.07, P2, 54, 295.83 W, 100 %, 100 %, 21532 MiB, 24564 MiB, 2640 MHz, 10251 MHz
2026/09/13 13:26:27.608, NVIDIA GeForce RTX 4090, GPU-457328ff-6f8e-1f53-8cc3-68ae75d90604, 595.91.07, P2, 55, 291.07 W, 100 %, 100 %, 21532 MiB, 24564 MiB, 2640 MHz, 10251 MHz
2026/09/13 13:26:28.610, NVIDIA GeForce RTX 4090, GPU-457328ff-6f8e-1f53-8cc3-68ae75d90604, 595.91.07, P2, 55, 297.58 W, 100 %, 100 %, 21532 MiB, 24564 MiB, 2640 MHz, 10251 MHz
2026/09/13 13:26:29.611, NVIDIA GeForce RTX 4090, GPU-457328ff-6f8e-1f53-8cc3-68ae75d90604, 595.91.07, P2, 55, 297.58 W, 100 %, 100 %, 21532 MiB, 24564 MiB, 2640 MHz, 10251 MHz
2026/09/13 13:26:30.613, NVIDIA GeForce RTX 4090, GPU-457328ff-6f8e-1f53-8cc3-68ae75d90604, 595.91.07, P2, 55, 297.61 W, 100 %, 100 %, 21532 MiB, 24564 MiB, 2640 MHz, 10251 MHz
2026/09/13 13:26:31.615, NVIDIA GeForce RTX 4090, GPU-457328ff-6f8e-1f53-8cc3-68ae75d90604, 595.91.07, P2, 55, 297.52 W, 100 %, 100 %, 21532 MiB, 24564 MiB, 2640 MHz, 10251 MHz
2026/09/13 13:26:32.617, NVIDIA GeForce RTX 4090, GPU-457328ff-6f8e-1f53-8cc3-68ae75d90604, 595.91.07, P2, 55, 297.59 W, 100 %, 100 %, 21532 MiB, 24564 MiB, 2640 MHz, 10251 MHz
2026/09/13 13:26:33.618, NVIDIA GeForce RTX 4090, GPU-457328ff-6f8e-1f53-8cc3-68ae75d90604, 595.91.07, P2, 55, 297.32 W, 100 %, 100 %, 21532 MiB, 24564 MiB, 2640 MHz, 10251 MHz
2026/09/13 13:26:34.620, NVIDIA GeForce RTX 4090, GPU-457328ff-6f8e-1f53-8cc3-68ae75d90604, 595.91.07, P2, 55, 296.95 W, 100 %, 100 %, 21532 MiB, 24564 MiB, 2640 MHz, 10251 MHz
2026/09/13 13:26:35.622, NVIDIA GeForce RTX 4090, GPU-457328ff-6f8e-1f53-8cc3-68ae75d90604, 595.91.07, P2, 55, 296.45 W, 100 %, 100 %, 21532 MiB, 24564 MiB, 2640 MHz, 10251 MHz
2026/09/13 13:26:36.623, NVIDIA GeForce RTX 4090, GPU-457328ff-6f8e-1f53-8cc3-68ae75d90604, 595.91.07, P2, 55, 296.92 W, 100 %, 100 %, 21532 MiB, 24564 MiB, 2640 MHz, 10251 MHz
2026/09/13 13:26:37.625, NVIDIA GeForce RTX 4090, GPU-457328ff-6f8e-1f53-8cc3-68ae75d90604, 595.91.07, P2, 55, 296.63 W, 100 %, 100 %, 21532 MiB, 24564 MiB, 2640 MHz, 10251 MHz
2026/09/13 13:26:38.627, NVIDIA GeForce RTX 4090, GPU-457328ff-6f8e-1f53-8cc3-68ae75d90604, 595.91.07, P2, 55, 296.83 W, 100 %, 100 %, 21532 MiB, 24564 MiB, 2640 MHz, 10251 MHz
2026/09/13 13:26:39.629, NVIDIA GeForce RTX 4090, GPU-457328ff-6f8e-1f53-8cc3-68ae75d90604, 595.91.07, P2, 55, 296.87 W, 100 %, 100 %, 21532 MiB, 24564 MiB, 2640 MHz, 10251 MHz
2026/09/13 13:26:40.631, NVIDIA GeForce RTX 4090, GPU-457328ff-6f8e-1f53-8cc3-68ae75d90604, 595.91.07, P2, 55, 297.30 W, 100 %, 100 %, 21532 MiB, 24564 MiB, 2640 MHz, 10251 MHz
2026/09/13 13:26:41.633, NVIDIA GeForce RTX 4090, GPU-457328ff-6f8e-1f53-8cc3-68ae75d90604, 595.91.07, P2, 55, 297.26 W, 100 %, 100 %, 21532 MiB, 24564 MiB, 2640 MHz, 10251 MHz
2026/09/13 13:26:42.636, NVIDIA GeForce RTX 4090, GPU-457328ff-6f8e-1f53-8cc3-68ae75d90604, 595.91.07, P2, 55, 297.00 W, 100 %, 100 %, 21532 MiB, 24564 MiB, 2640 MHz, 10251 MHz
2026/09/13 13:26:43.638, NVIDIA GeForce RTX 4090, GPU-457328ff-6f8e-1f53-8cc3-68ae75d90604, 595.91.07, P2, 55, 287.85 W, 65 %, 62 %, 21532 MiB, 24564 MiB, 2640 MHz, 10251 MHz
2026/09/13 13:26:44.640, NVIDIA GeForce RTX 4090, GPU-457328ff-6f8e-1f53-8cc3-68ae75d90604, 595.91.07, P2, 55, 293.00 W, 100 %, 100 %, 21532 MiB, 24564 MiB, 2640 MHz, 10251 MHz
2026/09/13 13:26:45.642, NVIDIA GeForce RTX 4090, GPU-457328ff-6f8e-1f53-8cc3-68ae75d90604, 595.91.07, P2, 55, 297.98 W, 100 %, 100 %, 21532 MiB, 24564 MiB, 2640 MHz, 10251 MHz
2026/09/13 13:26:46.644, NVIDIA GeForce RTX 4090, GPU-457328ff-6f8e-1f53-8cc3-68ae75d90604, 595.91.07, P2, 55, 298.02 W, 100 %, 100 %, 21532 MiB, 24564 MiB, 2640 MHz, 10251 MHz
2026/09/13 13:26:47.646, NVIDIA GeForce RTX 4090, GPU-457328ff-6f8e-1f53-8cc3-68ae75d90604, 595.91.07, P2, 55, 298.05 W, 100 %, 100 %, 21532 MiB, 24564 MiB, 2640 MHz, 10251 MHz
2026/09/13 13:26:48.648, NVIDIA GeForce RTX 4090, GPU-457328ff-6f8e-1f53-8cc3-68ae75d90604, 595.91.07, P2, 55, 297.88 W, 100 %, 100 %, 21532 MiB, 24564 MiB, 2640 MHz, 10251 MHz
2026/09/13 13:26:49.650, NVIDIA GeForce RTX 4090, GPU-457328ff-6f8e-1f53-8cc3-68ae75d90604, 595.91.07, P2, 55, 297.77 W, 100 %, 100 %, 21532 MiB, 24564 MiB, 2640 MHz, 10251 MHz
2026/09/13 13:26:50.652, NVIDIA GeForce RTX 4090, GPU-457328ff-6f8e-1f53-8cc3-68ae75d90604, 595.91.07, P2, 55, 297.63 W, 100 %, 100 %, 21532 MiB, 24564 MiB, 2640 MHz, 10251 MHz
2026/09/13 13:26:51.654, NVIDIA GeForce RTX 4090, GPU-457328ff-6f8e-1f53-8cc3-68ae75d90604, 595.91.07, P2, 55, 297.63 W, 100 %, 100 %, 21532 MiB, 24564 MiB, 2640 MHz, 10251 MHz
2026/09/13 13:26:52.656, NVIDIA GeForce RTX 4090, GPU-457328ff-6f8e-1f53-8cc3-68ae75d90604, 595.91.07, P2, 55, 297.55 W, 100 %, 100 %, 21532 MiB, 24564 MiB, 2640 MHz, 10251 MHz
2026/09/13 13:26:53.658, NVIDIA GeForce RTX 4090, GPU-457328ff-6f8e-1f53-8cc3-68ae75d90604, 595.91.07, P2, 55, 297.03 W, 100 %, 100 %, 21532 MiB, 24564 MiB, 2640 MHz, 10251 MHz
2026/09/13 13:26:54.660, NVIDIA GeForce RTX 4090, GPU-457328ff-6f8e-1f53-8cc3-68ae75d90604, 595.91.07, P2, 55, 297.02 W, 100 %, 100 %, 21532 MiB, 24564 MiB, 2640 MHz, 10251 MHz
2026/09/13 13:26:55.662, NVIDIA GeForce RTX 4090, GPU-457328ff-6f8e-1f53-8cc3-68ae75d90604, 595.91.07, P2, 55, 296.88 W, 100 %, 100 %, 21532 MiB, 24564 MiB, 2640 MHz, 10251 MHz
2026/09/13 13:26:56.664, NVIDIA GeForce RTX 4090, GPU-457328ff-6f8e-1f53-8cc3-68ae75d90604, 595.91.07, P2, 55, 296.84 W, 100 %, 100 %, 21532 MiB, 24564 MiB, 2640 MHz, 10251 MHz
2026/09/13 13:26:57.666, NVIDIA GeForce RTX 4090, GPU-457328ff-6f8e-1f53-8cc3-68ae75d90604, 595.91.07, P2, 55, 290.17 W, 100 %, 100 %, 21532 MiB, 24564 MiB, 2640 MHz, 10251 MHz
2026/09/13 13:26:58.668, NVIDIA GeForce RTX 4090, GPU-457328ff-6f8e-1f53-8cc3-68ae75d90604, 595.91.07, P2, 55, 298.45 W, 100 %, 100 %, 21532 MiB, 24564 MiB, 2640 MHz, 10251 MHz
2026/09/13 13:26:59.670, NVIDIA GeForce RTX 4090, GPU-457328ff-6f8e-1f53-8cc3-68ae75d90604, 595.91.07, P2, 55, 298.59 W, 100 %, 100 %, 21532 MiB, 24564 MiB, 2640 MHz, 10251 MHz
2026/09/13 13:27:00.672, NVIDIA GeForce RTX 4090, GPU-457328ff-6f8e-1f53-8cc3-68ae75d90604, 595.91.07, P2, 55, 298.67 W, 100 %, 100 %, 21532 MiB, 24564 MiB, 2640 MHz, 10251 MHz
2026/09/13 13:27:01.674, NVIDIA GeForce RTX 4090, GPU-457328ff-6f8e-1f53-8cc3-68ae75d90604, 595.91.07, P2, 55, 298.64 W, 100 %, 100 %, 21532 MiB, 24564 MiB, 2640 MHz, 10251 MHz
2026/09/13 13:27:02.676, NVIDIA GeForce RTX 4090, GPU-457328ff-6f8e-1f53-8cc3-68ae75d90604, 595.91.07, P2, 55, 298.58 W, 100 %, 100 %, 21532 MiB, 24564 MiB, 2640 MHz, 10251 MHz
2026/09/13 13:27:03.678, NVIDIA GeForce RTX 4090, GPU-457328ff-6f8e-1f53-8cc3-68ae75d90604, 595.91.07, P2, 55, 298.31 W, 100 %, 100 %, 21532 MiB, 24564 MiB, 2640 MHz, 10251 MHz
2026/09/13 13:27:04.680, NVIDIA GeForce RTX 4090, GPU-457328ff-6f8e-1f53-8cc3-68ae75d90604, 595.91.07, P2, 55, 297.48 W, 100 %, 100 %, 21532 MiB, 24564 MiB, 2640 MHz, 10251 MHz
2026/09/13 13:27:05.682, NVIDIA GeForce RTX 4090, GPU-457328ff-6f8e-1f53-8cc3-68ae75d90604, 595.91.07, P2, 55, 297.46 W, 100 %, 100 %, 21532 MiB, 24564 MiB, 2640 MHz, 10251 MHz
2026/09/13 13:27:06.685, NVIDIA GeForce RTX 4090, GPU-457328ff-6f8e-1f53-8cc3-68ae75d90604, 595.91.07, P2, 55, 297.27 W, 100 %, 100 %, 21532 MiB, 24564 MiB, 2640 MHz, 10251 MHz
2026/09/13 13:27:07.687, NVIDIA GeForce RTX 4090, GPU-457328ff-6f8e-1f53-8cc3-68ae75d90604, 595.91.07, P2, 55, 297.31 W, 100 %, 100 %, 21532 MiB, 24564 MiB, 2640 MHz, 10251 MHz
2026/09/13 13:27:08.690, NVIDIA GeForce RTX 4090, GPU-457328ff-6f8e-1f53-8cc3-68ae75d90604, 595.91.07, P2, 55, 297.34 W, 100 %, 100 %, 21532 MiB, 24564 MiB, 2640 MHz, 10251 MHz
2026/09/13 13:27:09.692, NVIDIA GeForce RTX 4090, GPU-457328ff-6f8e-1f53-8cc3-68ae75d90604, 595.91.07, P2, 55, 296.82 W, 100 %, 100 %, 21532 MiB, 24564 MiB, 2640 MHz, 10251 MHz
2026/09/13 13:27:10.695, NVIDIA GeForce RTX 4090, GPU-457328ff-6f8e-1f53-8cc3-68ae75d90604, 595.91.07, P2, 55, 296.65 W, 100 %, 100 %, 21532 MiB, 24564 MiB, 2640 MHz, 10251 MHz
2026/09/13 13:27:11.697, NVIDIA GeForce RTX 4090, GPU-457328ff-6f8e-1f53-8cc3-68ae75d90604, 595.91.07, P2, 55, 296.77 W, 100 %, 100 %, 21532 MiB, 24564 MiB, 2640 MHz, 10251 MHz
2026/09/13 13:27:12.699, NVIDIA GeForce RTX 4090, GPU-457328ff-6f8e-1f53-8cc3-68ae75d90604, 595.91.07, P2, 55, 288.20 W, 100 %, 100 %, 21532 MiB, 24564 MiB, 2640 MHz, 10251 MHz
2026/09/13 13:27:13.701, NVIDIA GeForce RTX 4090, GPU-457328ff-6f8e-1f53-8cc3-68ae75d90604, 595.91.07, P2, 55, 298.58 W, 100 %, 100 %, 21532 MiB, 24564 MiB, 2640 MHz, 10251 MHz
2026/09/13 13:27:14.703, NVIDIA GeForce RTX 4090, GPU-457328ff-6f8e-1f53-8cc3-68ae75d90604, 595.91.07, P2, 55, 298.25 W, 100 %, 100 %, 21532 MiB, 24564 MiB, 2640 MHz, 10251 MHz
2026/09/13 13:27:15.704, NVIDIA GeForce RTX 4090, GPU-457328ff-6f8e-1f53-8cc3-68ae75d90604, 595.91.07, P2, 55, 298.13 W, 100 %, 100 %, 21532 MiB, 24564 MiB, 2640 MHz, 10251 MHz
2026/09/13 13:27:16.707, NVIDIA GeForce RTX 4090, GPU-457328ff-6f8e-1f53-8cc3-68ae75d90604, 595.91.07, P2, 55, 297.59 W, 100 %, 100 %, 21532 MiB, 24564 MiB, 2640 MHz, 10251 MHz
2026/09/13 13:27:17.709, NVIDIA GeForce RTX 4090, GPU-457328ff-6f8e-1f53-8cc3-68ae75d90604, 595.91.07, P2, 55, 297.37 W, 100 %, 100 %, 21532 MiB, 24564 MiB, 2640 MHz, 10251 MHz
2026/09/13 13:27:18.712, NVIDIA GeForce RTX 4090, GPU-457328ff-6f8e-1f53-8cc3-68ae75d90604, 595.91.07, P2, 55, 296.63 W, 100 %, 100 %, 21532 MiB, 24564 MiB, 2640 MHz, 10251 MHz
2026/09/13 13:27:19.714, NVIDIA GeForce RTX 4090, GPU-457328ff-6f8e-1f53-8cc3-68ae75d90604, 595.91.07, P2, 55, 296.97 W, 100 %, 100 %, 21532 MiB, 24564 MiB, 2640 MHz, 10251 MHz
2026/09/13 13:27:20.716, NVIDIA GeForce RTX 4090, GPU-457328ff-6f8e-1f53-8cc3-68ae75d90604, 595.91.07, P2, 55, 297.01 W, 100 %, 100 %, 21532 MiB, 24564 MiB, 2640 MHz, 10251 MHz
2026/09/13 13:27:21.717, NVIDIA GeForce RTX 4090, GPU-457328ff-6f8e-1f53-8cc3-68ae75d90604, 595.91.07, P2, 55, 297.36 W, 100 %, 100 %, 21532 MiB, 24564 MiB, 2640 MHz, 10251 MHz
2026/09/13 13:27:22.719, NVIDIA GeForce RTX 4090, GPU-457328ff-6f8e-1f53-8cc3-68ae75d90604, 595.91.07, P2, 55, 296.98 W, 100 %, 100 %, 21532 MiB, 24564 MiB, 2640 MHz, 10251 MHz
2026/09/13 13:27:23.722, NVIDIA GeForce RTX 4090, GPU-457328ff-6f8e-1f53-8cc3-68ae75d90604, 595.91.07, P2, 55, 296.94 W, 100 %, 100 %, 21532 MiB, 24564 MiB, 2640 MHz, 10251 MHz
2026/09/13 13:27:24.724, NVIDIA GeForce RTX 4090, GPU-457328ff-6f8e-1f53-8cc3-68ae75d90604, 595.91.07, P2, 55, 296.39 W, 100 %, 100 %, 21532 MiB, 24564 MiB, 2640 MHz, 10251 MHz
2026/09/13 13:27:25.726, NVIDIA GeForce RTX 4090, GPU-457328ff-6f8e-1f53-8cc3-68ae75d90604, 595.91.07, P2, 55, 296.13 W, 100 %, 100 %, 21532 MiB, 24564 MiB, 2640 MHz, 10251 MHz
2026/09/13 13:27:26.728, NVIDIA GeForce RTX 4090, GPU-457328ff-6f8e-1f53-8cc3-68ae75d90604, 595.91.07, P2, 55, 296.73 W, 100 %, 100 %, 21532 MiB, 24564 MiB, 2640 MHz, 10251 MHz
2026/09/13 13:27:27.730, NVIDIA GeForce RTX 4090, GPU-457328ff-6f8e-1f53-8cc3-68ae75d90604, 595.91.07, P2, 55, 296.69 W, 100 %, 100 %, 21532 MiB, 24564 MiB, 2640 MHz, 10251 MHz
2026/09/13 13:27:28.731, NVIDIA GeForce RTX 4090, GPU-457328ff-6f8e-1f53-8cc3-68ae75d90604, 595.91.07, P2, 55, 296.88 W, 100 %, 100 %, 21532 MiB, 24564 MiB, 2640 MHz, 10251 MHz
2026/09/13 13:27:29.733, NVIDIA GeForce RTX 4090, GPU-457328ff-6f8e-1f53-8cc3-68ae75d90604, 595.91.07, P2, 55, 296.70 W, 100 %, 100 %, 21532 MiB, 24564 MiB, 2640 MHz, 10251 MHz
2026/09/13 13:27:30.736, NVIDIA GeForce RTX 4090, GPU-457328ff-6f8e-1f53-8cc3-68ae75d90604, 595.91.07, P2, 55, 287.81 W, 100 %, 100 %, 21532 MiB, 24564 MiB, 2640 MHz, 10251 MHz
2026/09/13 13:27:31.738, NVIDIA GeForce RTX 4090, GPU-457328ff-6f8e-1f53-8cc3-68ae75d90604, 595.91.07, P2, 55, 298.29 W, 100 %, 100 %, 21532 MiB, 24564 MiB, 2640 MHz, 10251 MHz
2026/09/13 13:27:32.740, NVIDIA GeForce RTX 4090, GPU-457328ff-6f8e-1f53-8cc3-68ae75d90604, 595.91.07, P2, 55, 297.98 W, 100 %, 100 %, 21532 MiB, 24564 MiB, 2640 MHz, 10251 MHz
2026/09/13 13:27:33.742, NVIDIA GeForce RTX 4090, GPU-457328ff-6f8e-1f53-8cc3-68ae75d90604, 595.91.07, P2, 55, 297.65 W, 100 %, 100 %, 21532 MiB, 24564 MiB, 2640 MHz, 10251 MHz
2026/09/13 13:27:34.744, NVIDIA GeForce RTX 4090, GPU-457328ff-6f8e-1f53-8cc3-68ae75d90604, 595.91.07, P2, 55, 297.70 W, 100 %, 100 %, 21532 MiB, 24564 MiB, 2640 MHz, 10251 MHz
2026/09/13 13:27:35.747, NVIDIA GeForce RTX 4090, GPU-457328ff-6f8e-1f53-8cc3-68ae75d90604, 595.91.07, P2, 55, 297.42 W, 100 %, 100 %, 21532 MiB, 24564 MiB, 2640 MHz, 10251 MHz
2026/09/13 13:27:36.749, NVIDIA GeForce RTX 4090, GPU-457328ff-6f8e-1f53-8cc3-68ae75d90604, 595.91.07, P2, 55, 297.55 W, 100 %, 100 %, 21532 MiB, 24564 MiB, 2640 MHz, 10251 MHz
2026/09/13 13:27:37.751, NVIDIA GeForce RTX 4090, GPU-457328ff-6f8e-1f53-8cc3-68ae75d90604, 595.91.07, P2, 55, 297.16 W, 100 %, 100 %, 21532 MiB, 24564 MiB, 2640 MHz, 10251 MHz
2026/09/13 13:27:38.753, NVIDIA GeForce RTX 4090, GPU-457328ff-6f8e-1f53-8cc3-68ae75d90604, 595.91.07, P2, 55, 297.31 W, 100 %, 100 %, 21532 MiB, 24564 MiB, 2640 MHz, 10251 MHz
2026/09/13 13:27:39.756, NVIDIA GeForce RTX 4090, GPU-457328ff-6f8e-1f53-8cc3-68ae75d90604, 595.91.07, P2, 55, 297.33 W, 100 %, 100 %, 21532 MiB, 24564 MiB, 2640 MHz, 10251 MHz
2026/09/13 13:27:40.758, NVIDIA GeForce RTX 4090, GPU-457328ff-6f8e-1f53-8cc3-68ae75d90604, 595.91.07, P2, 55, 297.36 W, 100 %, 100 %, 21532 MiB, 24564 MiB, 2640 MHz, 10251 MHz
2026/09/13 13:27:41.760, NVIDIA GeForce RTX 4090, GPU-457328ff-6f8e-1f53-8cc3-68ae75d90604, 595.91.07, P2, 55, 297.31 W, 100 %, 100 %, 21532 MiB, 24564 MiB, 2640 MHz, 10251 MHz
2026/09/13 13:27:42.762, NVIDIA GeForce RTX 4090, GPU-457328ff-6f8e-1f53-8cc3-68ae75d90604, 595.91.07, P2, 55, 296.95 W, 100 %, 100 %, 21532 MiB, 24564 MiB, 2640 MHz, 10251 MHz
2026/09/13 13:27:43.765, NVIDIA GeForce RTX 4090, GPU-457328ff-6f8e-1f53-8cc3-68ae75d90604, 595.91.07, P2, 55, 296.82 W, 100 %, 100 %, 21532 MiB, 24564 MiB, 2640 MHz, 10251 MHz
2026/09/13 13:27:44.767, NVIDIA GeForce RTX 4090, GPU-457328ff-6f8e-1f53-8cc3-68ae75d90604, 595.91.07, P2, 55, 297.17 W, 100 %, 100 %, 21532 MiB, 24564 MiB, 2640 MHz, 10251 MHz
2026/09/13 13:27:45.770, NVIDIA GeForce RTX 4090, GPU-457328ff-6f8e-1f53-8cc3-68ae75d90604, 595.91.07, P2, 55, 296.88 W, 100 %, 100 %, 21532 MiB, 24564 MiB, 2640 MHz, 10251 MHz
2026/09/13 13:27:46.772, NVIDIA GeForce RTX 4090, GPU-457328ff-6f8e-1f53-8cc3-68ae75d90604, 595.91.07, P2, 55, 296.87 W, 100 %, 100 %, 21532 MiB, 24564 MiB, 2640 MHz, 10251 MHz
2026/09/13 13:27:47.774, NVIDIA GeForce RTX 4090, GPU-457328ff-6f8e-1f53-8cc3-68ae75d90604, 595.91.07, P2, 55, 296.89 W, 100 %, 100 %, 21532 MiB, 24564 MiB, 2640 MHz, 10251 MHz
2026/09/13 13:27:48.777, NVIDIA GeForce RTX 4090, GPU-457328ff-6f8e-1f53-8cc3-68ae75d90604, 595.91.07, P2, 55, 296.68 W, 100 %, 100 %, 21532 MiB, 24564 MiB, 2640 MHz, 10251 MHz
2026/09/13 13:27:49.778, NVIDIA GeForce RTX 4090, GPU-457328ff-6f8e-1f53-8cc3-68ae75d90604, 595.91.07, P2, 55, 296.74 W, 100 %, 100 %, 21532 MiB, 24564 MiB, 2640 MHz, 10251 MHz
2026/09/13 13:27:50.780, NVIDIA GeForce RTX 4090, GPU-457328ff-6f8e-1f53-8cc3-68ae75d90604, 595.91.07, P2, 55, 296.50 W, 100 %, 100 %, 21532 MiB, 24564 MiB, 2640 MHz, 10251 MHz
2026/09/13 13:27:51.782, NVIDIA GeForce RTX 4090, GPU-457328ff-6f8e-1f53-8cc3-68ae75d90604, 595.91.07, P2, 55, 296.45 W, 100 %, 100 %, 21532 MiB, 24564 MiB, 2640 MHz, 10251 MHz
2026/09/13 13:27:52.785, NVIDIA GeForce RTX 4090, GPU-457328ff-6f8e-1f53-8cc3-68ae75d90604, 595.91.07, P2, 55, 296.75 W, 100 %, 100 %, 21532 MiB, 24564 MiB, 2640 MHz, 10251 MHz
2026/09/13 13:27:53.787, NVIDIA GeForce RTX 4090, GPU-457328ff-6f8e-1f53-8cc3-68ae75d90604, 595.91.07, P2, 55, 296.86 W, 100 %, 100 %, 21532 MiB, 24564 MiB, 2640 MHz, 10251 MHz
2026/09/13 13:27:54.789, NVIDIA GeForce RTX 4090, GPU-457328ff-6f8e-1f53-8cc3-68ae75d90604, 595.91.07, P2, 55, 296.90 W, 100 %, 100 %, 21532 MiB, 24564 MiB, 2640 MHz, 10251 MHz
2026/09/13 13:27:55.792, NVIDIA GeForce RTX 4090, GPU-457328ff-6f8e-1f53-8cc3-68ae75d90604, 595.91.07, P2, 55, 296.84 W, 100 %, 100 %, 21532 MiB, 24564 MiB, 2640 MHz, 10251 MHz
2026/09/13 13:27:56.795, NVIDIA GeForce RTX 4090, GPU-457328ff-6f8e-1f53-8cc3-68ae75d90604, 595.91.07, P2, 55, 296.97 W, 100 %, 100 %, 21532 MiB, 24564 MiB, 2640 MHz, 10251 MHz
2026/09/13 13:27:57.797, NVIDIA GeForce RTX 4090, GPU-457328ff-6f8e-1f53-8cc3-68ae75d90604, 595.91.07, P2, 55, 296.91 W, 100 %, 100 %, 21532 MiB, 24564 MiB, 2640 MHz, 10251 MHz
2026/09/13 13:27:58.799, NVIDIA GeForce RTX 4090, GPU-457328ff-6f8e-1f53-8cc3-68ae75d90604, 595.91.07, P2, 55, 296.80 W, 100 %, 100 %, 21532 MiB, 24564 MiB, 2640 MHz, 10251 MHz
2026/09/13 13:27:59.801, NVIDIA GeForce RTX 4090, GPU-457328ff-6f8e-1f53-8cc3-68ae75d90604, 595.91.07, P2, 55, 297.13 W, 100 %, 100 %, 21532 MiB, 24564 MiB, 2640 MHz, 10251 MHz
2026/09/13 13:28:00.804, NVIDIA GeForce RTX 4090, GPU-457328ff-6f8e-1f53-8cc3-68ae75d90604, 595.91.07, P2, 54, 287.52 W, 70 %, 67 %, 21532 MiB, 24564 MiB, 2640 MHz, 10251 MHz
2026/09/13 13:28:01.807, NVIDIA GeForce RTX 4090, GPU-457328ff-6f8e-1f53-8cc3-68ae75d90604, 595.91.07, P2, 55, 294.75 W, 100 %, 100 %, 21532 MiB, 24564 MiB, 2640 MHz, 10251 MHz
2026/09/13 13:28:02.810, NVIDIA GeForce RTX 4090, GPU-457328ff-6f8e-1f53-8cc3-68ae75d90604, 595.91.07, P2, 55, 298.89 W, 100 %, 100 %, 21532 MiB, 24564 MiB, 2640 MHz, 10251 MHz
2026/09/13 13:28:03.812, NVIDIA GeForce RTX 4090, GPU-457328ff-6f8e-1f53-8cc3-68ae75d90604, 595.91.07, P2, 56, 298.58 W, 100 %, 100 %, 21532 MiB, 24564 MiB, 2640 MHz, 10251 MHz
2026/09/13 13:28:04.815, NVIDIA GeForce RTX 4090, GPU-457328ff-6f8e-1f53-8cc3-68ae75d90604, 595.91.07, P2, 56, 299.14 W, 100 %, 100 %, 21532 MiB, 24564 MiB, 2640 MHz, 10251 MHz
2026/09/13 13:28:05.817, NVIDIA GeForce RTX 4090, GPU-457328ff-6f8e-1f53-8cc3-68ae75d90604, 595.91.07, P2, 56, 299.06 W, 100 %, 100 %, 21532 MiB, 24564 MiB, 2640 MHz, 10251 MHz
2026/09/13 13:28:06.819, NVIDIA GeForce RTX 4090, GPU-457328ff-6f8e-1f53-8cc3-68ae75d90604, 595.91.07, P2, 56, 298.36 W, 100 %, 100 %, 21532 MiB, 24564 MiB, 2640 MHz, 10251 MHz
2026/09/13 13:28:07.821, NVIDIA GeForce RTX 4090, GPU-457328ff-6f8e-1f53-8cc3-68ae75d90604, 595.91.07, P2, 56, 298.45 W, 100 %, 100 %, 21532 MiB, 24564 MiB, 2640 MHz, 10251 MHz
2026/09/13 13:28:08.824, NVIDIA GeForce RTX 4090, GPU-457328ff-6f8e-1f53-8cc3-68ae75d90604, 595.91.07, P2, 56, 298.22 W, 100 %, 100 %, 21532 MiB, 24564 MiB, 2640 MHz, 10251 MHz
2026/09/13 13:28:09.826, NVIDIA GeForce RTX 4090, GPU-457328ff-6f8e-1f53-8cc3-68ae75d90604, 595.91.07, P2, 56, 298.18 W, 100 %, 100 %, 21532 MiB, 24564 MiB, 2640 MHz, 10251 MHz
2026/09/13 13:28:10.829, NVIDIA GeForce RTX 4090, GPU-457328ff-6f8e-1f53-8cc3-68ae75d90604, 595.91.07, P2, 56, 297.87 W, 100 %, 100 %, 21532 MiB, 24564 MiB, 2640 MHz, 10251 MHz
2026/09/13 13:28:11.831, NVIDIA GeForce RTX 4090, GPU-457328ff-6f8e-1f53-8cc3-68ae75d90604, 595.91.07, P2, 56, 297.79 W, 100 %, 100 %, 21532 MiB, 24564 MiB, 2640 MHz, 10251 MHz
2026/09/13 13:28:12.832, NVIDIA GeForce RTX 4090, GPU-457328ff-6f8e-1f53-8cc3-68ae75d90604, 595.91.07, P2, 55, 290.99 W, 100 %, 100 %, 21532 MiB, 24564 MiB, 2640 MHz, 10251 MHz
2026/09/13 13:28:13.834, NVIDIA GeForce RTX 4090, GPU-457328ff-6f8e-1f53-8cc3-68ae75d90604, 595.91.07, P2, 56, 298.86 W, 100 %, 100 %, 21532 MiB, 24564 MiB, 2640 MHz, 10251 MHz
2026/09/13 13:28:14.836, NVIDIA GeForce RTX 4090, GPU-457328ff-6f8e-1f53-8cc3-68ae75d90604, 595.91.07, P2, 56, 298.83 W, 100 %, 100 %, 21532 MiB, 24564 MiB, 2640 MHz, 10251 MHz
2026/09/13 13:28:15.838, NVIDIA GeForce RTX 4090, GPU-457328ff-6f8e-1f53-8cc3-68ae75d90604, 595.91.07, P2, 56, 298.66 W, 100 %, 100 %, 21532 MiB, 24564 MiB, 2640 MHz, 10251 MHz
2026/09/13 13:28:16.840, NVIDIA GeForce RTX 4090, GPU-457328ff-6f8e-1f53-8cc3-68ae75d90604, 595.91.07, P2, 56, 298.56 W, 100 %, 100 %, 21532 MiB, 24564 MiB, 2640 MHz, 10251 MHz
2026/09/13 13:28:17.843, NVIDIA GeForce RTX 4090, GPU-457328ff-6f8e-1f53-8cc3-68ae75d90604, 595.91.07, P2, 56, 297.98 W, 100 %, 100 %, 21532 MiB, 24564 MiB, 2640 MHz, 10251 MHz
2026/09/13 13:28:18.844, NVIDIA GeForce RTX 4090, GPU-457328ff-6f8e-1f53-8cc3-68ae75d90604, 595.91.07, P2, 56, 297.60 W, 100 %, 100 %, 21532 MiB, 24564 MiB, 2640 MHz, 10251 MHz
2026/09/13 13:28:19.847, NVIDIA GeForce RTX 4090, GPU-457328ff-6f8e-1f53-8cc3-68ae75d90604, 595.91.07, P2, 56, 297.42 W, 100 %, 100 %, 21532 MiB, 24564 MiB, 2640 MHz, 10251 MHz
2026/09/13 13:28:20.848, NVIDIA GeForce RTX 4090, GPU-457328ff-6f8e-1f53-8cc3-68ae75d90604, 595.91.07, P2, 56, 297.65 W, 100 %, 100 %, 21532 MiB, 24564 MiB, 2640 MHz, 10251 MHz
2026/09/13 13:28:21.850, NVIDIA GeForce RTX 4090, GPU-457328ff-6f8e-1f53-8cc3-68ae75d90604, 595.91.07, P2, 56, 297.70 W, 100 %, 100 %, 21532 MiB, 24564 MiB, 2640 MHz, 10251 MHz
2026/09/13 13:28:22.852, NVIDIA GeForce RTX 4090, GPU-457328ff-6f8e-1f53-8cc3-68ae75d90604, 595.91.07, P2, 56, 297.66 W, 100 %, 100 %, 21532 MiB, 24564 MiB, 2640 MHz, 10251 MHz
2026/09/13 13:28:23.853, NVIDIA GeForce RTX 4090, GPU-457328ff-6f8e-1f53-8cc3-68ae75d90604, 595.91.07, P2, 56, 297.45 W, 100 %, 100 %, 21532 MiB, 24564 MiB, 2640 MHz, 10251 MHz
2026/09/13 13:28:24.854, NVIDIA GeForce RTX 4090, GPU-457328ff-6f8e-1f53-8cc3-68ae75d90604, 595.91.07, P2, 56, 297.05 W, 100 %, 100 %, 21532 MiB, 24564 MiB, 2640 MHz, 10251 MHz
2026/09/13 13:28:25.856, NVIDIA GeForce RTX 4090, GPU-457328ff-6f8e-1f53-8cc3-68ae75d90604, 595.91.07, P2, 56, 296.96 W, 100 %, 100 %, 21532 MiB, 24564 MiB, 2640 MHz, 10251 MHz
2026/09/13 13:28:26.858, NVIDIA GeForce RTX 4090, GPU-457328ff-6f8e-1f53-8cc3-68ae75d90604, 595.91.07, P2, 56, 297.25 W, 100 %, 100 %, 21532 MiB, 24564 MiB, 2640 MHz, 10251 MHz
2026/09/13 13:28:27.860, NVIDIA GeForce RTX 4090, GPU-457328ff-6f8e-1f53-8cc3-68ae75d90604, 595.91.07, P2, 56, 297.57 W, 100 %, 100 %, 21532 MiB, 24564 MiB, 2640 MHz, 10251 MHz
2026/09/13 13:28:28.862, NVIDIA GeForce RTX 4090, GPU-457328ff-6f8e-1f53-8cc3-68ae75d90604, 595.91.07, P2, 56, 296.99 W, 100 %, 100 %, 21532 MiB, 24564 MiB, 2640 MHz, 10251 MHz
2026/09/13 13:28:29.864, NVIDIA GeForce RTX 4090, GPU-457328ff-6f8e-1f53-8cc3-68ae75d90604, 595.91.07, P2, 56, 296.86 W, 100 %, 100 %, 21532 MiB, 24564 MiB, 2640 MHz, 10251 MHz
2026/09/13 13:28:30.866, NVIDIA GeForce RTX 4090, GPU-457328ff-6f8e-1f53-8cc3-68ae75d90604, 595.91.07, P2, 56, 289.54 W, 100 %, 100 %, 21532 MiB, 24564 MiB, 2640 MHz, 10251 MHz
2026/09/13 13:28:31.869, NVIDIA GeForce RTX 4090, GPU-457328ff-6f8e-1f53-8cc3-68ae75d90604, 595.91.07, P2, 56, 298.72 W, 100 %, 100 %, 21532 MiB, 24564 MiB, 2640 MHz, 10251 MHz
2026/09/13 13:28:32.872, NVIDIA GeForce RTX 4090, GPU-457328ff-6f8e-1f53-8cc3-68ae75d90604, 595.91.07, P2, 56, 298.55 W, 100 %, 100 %, 21532 MiB, 24564 MiB, 2640 MHz, 10251 MHz
2026/09/13 13:28:33.876, NVIDIA GeForce RTX 4090, GPU-457328ff-6f8e-1f53-8cc3-68ae75d90604, 595.91.07, P2, 56, 298.36 W, 100 %, 100 %, 21532 MiB, 24564 MiB, 2640 MHz, 10251 MHz
2026/09/13 13:28:34.878, NVIDIA GeForce RTX 4090, GPU-457328ff-6f8e-1f53-8cc3-68ae75d90604, 595.91.07, P2, 56, 298.14 W, 100 %, 100 %, 21532 MiB, 24564 MiB, 2640 MHz, 10251 MHz
2026/09/13 13:28:35.879, NVIDIA GeForce RTX 4090, GPU-457328ff-6f8e-1f53-8cc3-68ae75d90604, 595.91.07, P2, 56, 297.98 W, 100 %, 100 %, 21532 MiB, 24564 MiB, 2640 MHz, 10251 MHz
2026/09/13 13:28:36.881, NVIDIA GeForce RTX 4090, GPU-457328ff-6f8e-1f53-8cc3-68ae75d90604, 595.91.07, P2, 56, 297.71 W, 100 %, 100 %, 21532 MiB, 24564 MiB, 2640 MHz, 10251 MHz
2026/09/13 13:28:37.883, NVIDIA GeForce RTX 4090, GPU-457328ff-6f8e-1f53-8cc3-68ae75d90604, 595.91.07, P2, 56, 297.47 W, 100 %, 100 %, 21532 MiB, 24564 MiB, 2640 MHz, 10251 MHz
2026/09/13 13:28:38.885, NVIDIA GeForce RTX 4090, GPU-457328ff-6f8e-1f53-8cc3-68ae75d90604, 595.91.07, P2, 56, 297.33 W, 100 %, 100 %, 21532 MiB, 24564 MiB, 2640 MHz, 10251 MHz
2026/09/13 13:28:39.887, NVIDIA GeForce RTX 4090, GPU-457328ff-6f8e-1f53-8cc3-68ae75d90604, 595.91.07, P2, 56, 297.48 W, 100 %, 100 %, 21532 MiB, 24564 MiB, 2640 MHz, 10251 MHz
2026/09/13 13:28:40.890, NVIDIA GeForce RTX 4090, GPU-457328ff-6f8e-1f53-8cc3-68ae75d90604, 595.91.07, P2, 56, 297.05 W, 100 %, 100 %, 21532 MiB, 24564 MiB, 2640 MHz, 10251 MHz
2026/09/13 13:28:41.891, NVIDIA GeForce RTX 4090, GPU-457328ff-6f8e-1f53-8cc3-68ae75d90604, 595.91.07, P2, 56, 297.31 W, 100 %, 100 %, 21532 MiB, 24564 MiB, 2640 MHz, 10251 MHz
2026/09/13 13:28:42.894, NVIDIA GeForce RTX 4090, GPU-457328ff-6f8e-1f53-8cc3-68ae75d90604, 595.91.07, P2, 56, 297.20 W, 100 %, 100 %, 21532 MiB, 24564 MiB, 2640 MHz, 10251 MHz
2026/09/13 13:28:43.896, NVIDIA GeForce RTX 4090, GPU-457328ff-6f8e-1f53-8cc3-68ae75d90604, 595.91.07, P2, 56, 297.55 W, 100 %, 100 %, 21532 MiB, 24564 MiB, 2640 MHz, 10251 MHz
2026/09/13 13:28:44.897, NVIDIA GeForce RTX 4090, GPU-457328ff-6f8e-1f53-8cc3-68ae75d90604, 595.91.07, P2, 56, 297.46 W, 100 %, 100 %, 21532 MiB, 24564 MiB, 2640 MHz, 10251 MHz
2026/09/13 13:28:45.900, NVIDIA GeForce RTX 4090, GPU-457328ff-6f8e-1f53-8cc3-68ae75d90604, 595.91.07, P2, 56, 297.48 W, 100 %, 100 %, 21532 MiB, 24564 MiB, 2640 MHz, 10251 MHz
2026/09/13 13:28:46.902, NVIDIA GeForce RTX 4090, GPU-457328ff-6f8e-1f53-8cc3-68ae75d90604, 595.91.07, P2, 56, 297.43 W, 100 %, 100 %, 21532 MiB, 24564 MiB, 2640 MHz, 10251 MHz
2026/09/13 13:28:47.904, NVIDIA GeForce RTX 4090, GPU-457328ff-6f8e-1f53-8cc3-68ae75d90604, 595.91.07, P2, 56, 296.82 W, 100 %, 100 %, 21532 MiB, 24564 MiB, 2640 MHz, 10251 MHz
2026/09/13 13:28:48.907, NVIDIA GeForce RTX 4090, GPU-457328ff-6f8e-1f53-8cc3-68ae75d90604, 595.91.07, P2, 56, 289.78 W, 100 %, 100 %, 21532 MiB, 24564 MiB, 2640 MHz, 10251 MHz
2026/09/13 13:28:49.908, NVIDIA GeForce RTX 4090, GPU-457328ff-6f8e-1f53-8cc3-68ae75d90604, 595.91.07, P2, 56, 299.06 W, 100 %, 100 %, 21532 MiB, 24564 MiB, 2640 MHz, 10251 MHz
2026/09/13 13:28:50.910, NVIDIA GeForce RTX 4090, GPU-457328ff-6f8e-1f53-8cc3-68ae75d90604, 595.91.07, P2, 56, 298.75 W, 100 %, 100 %, 21532 MiB, 24564 MiB, 2640 MHz, 10251 MHz
2026/09/13 13:28:51.913, NVIDIA GeForce RTX 4090, GPU-457328ff-6f8e-1f53-8cc3-68ae75d90604, 595.91.07, P2, 56, 298.56 W, 100 %, 100 %, 21532 MiB, 24564 MiB, 2640 MHz, 10251 MHz
2026/09/13 13:28:52.915, NVIDIA GeForce RTX 4090, GPU-457328ff-6f8e-1f53-8cc3-68ae75d90604, 595.91.07, P2, 56, 298.59 W, 100 %, 100 %, 21532 MiB, 24564 MiB, 2640 MHz, 10251 MHz
2026/09/13 13:28:53.923, NVIDIA GeForce RTX 4090, GPU-457328ff-6f8e-1f53-8cc3-68ae75d90604, 595.91.07, P2, 56, 298.34 W, 100 %, 100 %, 21532 MiB, 24564 MiB, 2640 MHz, 10251 MHz
2026/09/13 13:28:54.924, NVIDIA GeForce RTX 4090, GPU-457328ff-6f8e-1f53-8cc3-68ae75d90604, 595.91.07, P2, 56, 298.02 W, 100 %, 100 %, 21532 MiB, 24564 MiB, 2640 MHz, 10251 MHz
2026/09/13 13:28:55.927, NVIDIA GeForce RTX 4090, GPU-457328ff-6f8e-1f53-8cc3-68ae75d90604, 595.91.07, P2, 56, 297.43 W, 100 %, 100 %, 21532 MiB, 24564 MiB, 2640 MHz, 10251 MHz
2026/09/13 13:28:56.929, NVIDIA GeForce RTX 4090, GPU-457328ff-6f8e-1f53-8cc3-68ae75d90604, 595.91.07, P2, 56, 297.29 W, 100 %, 100 %, 21532 MiB, 24564 MiB, 2640 MHz, 10251 MHz
2026/09/13 13:28:57.932, NVIDIA GeForce RTX 4090, GPU-457328ff-6f8e-1f53-8cc3-68ae75d90604, 595.91.07, P2, 56, 297.11 W, 100 %, 100 %, 21532 MiB, 24564 MiB, 2640 MHz, 10251 MHz
2026/09/13 13:28:58.935, NVIDIA GeForce RTX 4090, GPU-457328ff-6f8e-1f53-8cc3-68ae75d90604, 595.91.07, P2, 56, 297.24 W, 100 %, 100 %, 21532 MiB, 24564 MiB, 2640 MHz, 10251 MHz
2026/09/13 13:28:59.937, NVIDIA GeForce RTX 4090, GPU-457328ff-6f8e-1f53-8cc3-68ae75d90604, 595.91.07, P2, 56, 296.99 W, 100 %, 100 %, 21532 MiB, 24564 MiB, 2640 MHz, 10251 MHz
2026/09/13 13:29:00.939, NVIDIA GeForce RTX 4090, GPU-457328ff-6f8e-1f53-8cc3-68ae75d90604, 595.91.07, P2, 56, 297.32 W, 100 %, 100 %, 21532 MiB, 24564 MiB, 2640 MHz, 10251 MHz
2026/09/13 13:29:01.942, NVIDIA GeForce RTX 4090, GPU-457328ff-6f8e-1f53-8cc3-68ae75d90604, 595.91.07, P2, 56, 297.33 W, 100 %, 100 %, 21532 MiB, 24564 MiB, 2640 MHz, 10251 MHz
2026/09/13 13:29:02.944, NVIDIA GeForce RTX 4090, GPU-457328ff-6f8e-1f53-8cc3-68ae75d90604, 595.91.07, P2, 56, 297.14 W, 100 %, 100 %, 21532 MiB, 24564 MiB, 2640 MHz, 10251 MHz
2026/09/13 13:29:03.947, NVIDIA GeForce RTX 4090, GPU-457328ff-6f8e-1f53-8cc3-68ae75d90604, 595.91.07, P2, 56, 290.02 W, 100 %, 100 %, 21532 MiB, 24564 MiB, 2640 MHz, 10251 MHz
2026/09/13 13:29:04.949, NVIDIA GeForce RTX 4090, GPU-457328ff-6f8e-1f53-8cc3-68ae75d90604, 595.91.07, P2, 56, 298.50 W, 100 %, 100 %, 21532 MiB, 24564 MiB, 2640 MHz, 10251 MHz
2026/09/13 13:29:05.952, NVIDIA GeForce RTX 4090, GPU-457328ff-6f8e-1f53-8cc3-68ae75d90604, 595.91.07, P2, 56, 298.56 W, 100 %, 100 %, 21532 MiB, 24564 MiB, 2640 MHz, 10251 MHz
2026/09/13 13:29:06.955, NVIDIA GeForce RTX 4090, GPU-457328ff-6f8e-1f53-8cc3-68ae75d90604, 595.91.07, P2, 56, 298.70 W, 100 %, 100 %, 21532 MiB, 24564 MiB, 2640 MHz, 10251 MHz
2026/09/13 13:29:07.957, NVIDIA GeForce RTX 4090, GPU-457328ff-6f8e-1f53-8cc3-68ae75d90604, 595.91.07, P2, 56, 298.62 W, 100 %, 100 %, 21532 MiB, 24564 MiB, 2640 MHz, 10251 MHz
2026/09/13 13:29:08.960, NVIDIA GeForce RTX 4090, GPU-457328ff-6f8e-1f53-8cc3-68ae75d90604, 595.91.07, P2, 56, 298.29 W, 100 %, 100 %, 21532 MiB, 24564 MiB, 2640 MHz, 10251 MHz
2026/09/13 13:29:09.962, NVIDIA GeForce RTX 4090, GPU-457328ff-6f8e-1f53-8cc3-68ae75d90604, 595.91.07, P2, 56, 298.05 W, 100 %, 100 %, 21532 MiB, 24564 MiB, 2640 MHz, 10251 MHz
2026/09/13 13:29:10.965, NVIDIA GeForce RTX 4090, GPU-457328ff-6f8e-1f53-8cc3-68ae75d90604, 595.91.07, P2, 56, 297.85 W, 100 %, 100 %, 21532 MiB, 24564 MiB, 2640 MHz, 10251 MHz
2026/09/13 13:29:11.967, NVIDIA GeForce RTX 4090, GPU-457328ff-6f8e-1f53-8cc3-68ae75d90604, 595.91.07, P2, 56, 297.58 W, 100 %, 100 %, 21532 MiB, 24564 MiB, 2640 MHz, 10251 MHz
2026/09/13 13:29:12.969, NVIDIA GeForce RTX 4090, GPU-457328ff-6f8e-1f53-8cc3-68ae75d90604, 595.91.07, P2, 56, 298.03 W, 100 %, 100 %, 21532 MiB, 24564 MiB, 2640 MHz, 10251 MHz
2026/09/13 13:29:13.971, NVIDIA GeForce RTX 4090, GPU-457328ff-6f8e-1f53-8cc3-68ae75d90604, 595.91.07, P2, 56, 297.68 W, 100 %, 100 %, 21532 MiB, 24564 MiB, 2640 MHz, 10251 MHz
2026/09/13 13:29:14.974, NVIDIA GeForce RTX 4090, GPU-457328ff-6f8e-1f53-8cc3-68ae75d90604, 595.91.07, P2, 56, 297.20 W, 100 %, 100 %, 21532 MiB, 24564 MiB, 2640 MHz, 10251 MHz
2026/09/13 13:29:15.977, NVIDIA GeForce RTX 4090, GPU-457328ff-6f8e-1f53-8cc3-68ae75d90604, 595.91.07, P2, 56, 297.20 W, 100 %, 100 %, 21532 MiB, 24564 MiB, 2640 MHz, 10251 MHz
2026/09/13 13:29:16.980, NVIDIA GeForce RTX 4090, GPU-457328ff-6f8e-1f53-8cc3-68ae75d90604, 595.91.07, P2, 56, 297.52 W, 100 %, 100 %, 21532 MiB, 24564 MiB, 2640 MHz, 10251 MHz
2026/09/13 13:29:17.982, NVIDIA GeForce RTX 4090, GPU-457328ff-6f8e-1f53-8cc3-68ae75d90604, 595.91.07, P2, 56, 297.17 W, 100 %, 100 %, 21532 MiB, 24564 MiB, 2640 MHz, 10251 MHz
2026/09/13 13:29:18.985, NVIDIA GeForce RTX 4090, GPU-457328ff-6f8e-1f53-8cc3-68ae75d90604, 595.91.07, P2, 56, 296.94 W, 100 %, 100 %, 21532 MiB, 24564 MiB, 2640 MHz, 10251 MHz
2026/09/13 13:29:19.988, NVIDIA GeForce RTX 4090, GPU-457328ff-6f8e-1f53-8cc3-68ae75d90604, 595.91.07, P2, 56, 296.68 W, 100 %, 100 %, 21532 MiB, 24564 MiB, 2640 MHz, 10251 MHz
2026/09/13 13:29:20.989, NVIDIA GeForce RTX 4090, GPU-457328ff-6f8e-1f53-8cc3-68ae75d90604, 595.91.07, P2, 56, 297.02 W, 100 %, 100 %, 21532 MiB, 24564 MiB, 2640 MHz, 10251 MHz
2026/09/13 13:29:21.992, NVIDIA GeForce RTX 4090, GPU-457328ff-6f8e-1f53-8cc3-68ae75d90604, 595.91.07, P2, 56, 296.63 W, 100 %, 100 %, 21532 MiB, 24564 MiB, 2640 MHz, 10251 MHz
2026/09/13 13:29:22.994, NVIDIA GeForce RTX 4090, GPU-457328ff-6f8e-1f53-8cc3-68ae75d90604, 595.91.07, P2, 56, 289.07 W, 100 %, 100 %, 21532 MiB, 24564 MiB, 2640 MHz, 10251 MHz
2026/09/13 13:29:23.997, NVIDIA GeForce RTX 4090, GPU-457328ff-6f8e-1f53-8cc3-68ae75d90604, 595.91.07, P2, 56, 298.82 W, 100 %, 100 %, 21532 MiB, 24564 MiB, 2640 MHz, 10251 MHz
2026/09/13 13:29:24.999, NVIDIA GeForce RTX 4090, GPU-457328ff-6f8e-1f53-8cc3-68ae75d90604, 595.91.07, P2, 56, 298.98 W, 100 %, 100 %, 21532 MiB, 24564 MiB, 2640 MHz, 10251 MHz
2026/09/13 13:29:26.002, NVIDIA GeForce RTX 4090, GPU-457328ff-6f8e-1f53-8cc3-68ae75d90604, 595.91.07, P2, 56, 299.19 W, 100 %, 100 %, 21532 MiB, 24564 MiB, 2640 MHz, 10251 MHz
2026/09/13 13:29:27.004, NVIDIA GeForce RTX 4090, GPU-457328ff-6f8e-1f53-8cc3-68ae75d90604, 595.91.07, P2, 56, 299.07 W, 100 %, 100 %, 21532 MiB, 24564 MiB, 2640 MHz, 10251 MHz
2026/09/13 13:29:28.007, NVIDIA GeForce RTX 4090, GPU-457328ff-6f8e-1f53-8cc3-68ae75d90604, 595.91.07, P2, 56, 298.71 W, 100 %, 100 %, 21532 MiB, 24564 MiB, 2640 MHz, 10251 MHz
2026/09/13 13:29:29.009, NVIDIA GeForce RTX 4090, GPU-457328ff-6f8e-1f53-8cc3-68ae75d90604, 595.91.07, P2, 56, 298.45 W, 100 %, 100 %, 21532 MiB, 24564 MiB, 2640 MHz, 10251 MHz
2026/09/13 13:29:30.010, NVIDIA GeForce RTX 4090, GPU-457328ff-6f8e-1f53-8cc3-68ae75d90604, 595.91.07, P2, 56, 298.13 W, 100 %, 100 %, 21532 MiB, 24564 MiB, 2640 MHz, 10251 MHz
2026/09/13 13:29:31.012, NVIDIA GeForce RTX 4090, GPU-457328ff-6f8e-1f53-8cc3-68ae75d90604, 595.91.07, P2, 56, 297.42 W, 100 %, 100 %, 21532 MiB, 24564 MiB, 2640 MHz, 10251 MHz
2026/09/13 13:29:32.014, NVIDIA GeForce RTX 4090, GPU-457328ff-6f8e-1f53-8cc3-68ae75d90604, 595.91.07, P2, 56, 297.52 W, 100 %, 100 %, 21532 MiB, 24564 MiB, 2640 MHz, 10251 MHz
2026/09/13 13:29:33.016, NVIDIA GeForce RTX 4090, GPU-457328ff-6f8e-1f53-8cc3-68ae75d90604, 595.91.07, P2, 56, 297.41 W, 100 %, 100 %, 21532 MiB, 24564 MiB, 2640 MHz, 10251 MHz
2026/09/13 13:29:34.019, NVIDIA GeForce RTX 4090, GPU-457328ff-6f8e-1f53-8cc3-68ae75d90604, 595.91.07, P2, 56, 297.46 W, 100 %, 100 %, 21532 MiB, 24564 MiB, 2640 MHz, 10251 MHz
2026/09/13 13:29:35.020, NVIDIA GeForce RTX 4090, GPU-457328ff-6f8e-1f53-8cc3-68ae75d90604, 595.91.07, P2, 56, 297.14 W, 100 %, 100 %, 21532 MiB, 24564 MiB, 2640 MHz, 10251 MHz
2026/09/13 13:29:36.022, NVIDIA GeForce RTX 4090, GPU-457328ff-6f8e-1f53-8cc3-68ae75d90604, 595.91.07, P2, 56, 297.40 W, 100 %, 100 %, 21532 MiB, 24564 MiB, 2640 MHz, 10251 MHz
2026/09/13 13:29:37.024, NVIDIA GeForce RTX 4090, GPU-457328ff-6f8e-1f53-8cc3-68ae75d90604, 595.91.07, P2, 56, 297.60 W, 100 %, 100 %, 21532 MiB, 24564 MiB, 2640 MHz, 10251 MHz
2026/09/13 13:29:38.027, NVIDIA GeForce RTX 4090, GPU-457328ff-6f8e-1f53-8cc3-68ae75d90604, 595.91.07, P2, 56, 288.69 W, 100 %, 100 %, 21532 MiB, 24564 MiB, 2640 MHz, 10251 MHz
2026/09/13 13:29:39.029, NVIDIA GeForce RTX 4090, GPU-457328ff-6f8e-1f53-8cc3-68ae75d90604, 595.91.07, P2, 56, 299.09 W, 100 %, 100 %, 21532 MiB, 24564 MiB, 2640 MHz, 10251 MHz
2026/09/13 13:29:40.030, NVIDIA GeForce RTX 4090, GPU-457328ff-6f8e-1f53-8cc3-68ae75d90604, 595.91.07, P2, 56, 299.09 W, 100 %, 100 %, 21532 MiB, 24564 MiB, 2640 MHz, 10251 MHz
2026/09/13 13:29:41.032, NVIDIA GeForce RTX 4090, GPU-457328ff-6f8e-1f53-8cc3-68ae75d90604, 595.91.07, P2, 56, 299.12 W, 100 %, 100 %, 21532 MiB, 24564 MiB, 2640 MHz, 10251 MHz
2026/09/13 13:29:42.035, NVIDIA GeForce RTX 4090, GPU-457328ff-6f8e-1f53-8cc3-68ae75d90604, 595.91.07, P2, 56, 298.70 W, 100 %, 100 %, 21532 MiB, 24564 MiB, 2640 MHz, 10251 MHz
2026/09/13 13:29:43.036, NVIDIA GeForce RTX 4090, GPU-457328ff-6f8e-1f53-8cc3-68ae75d90604, 595.91.07, P2, 56, 298.49 W, 100 %, 100 %, 21532 MiB, 24564 MiB, 2640 MHz, 10251 MHz
2026/09/13 13:29:44.038, NVIDIA GeForce RTX 4090, GPU-457328ff-6f8e-1f53-8cc3-68ae75d90604, 595.91.07, P2, 56, 298.09 W, 100 %, 100 %, 21532 MiB, 24564 MiB, 2640 MHz, 10251 MHz
2026/09/13 13:29:45.039, NVIDIA GeForce RTX 4090, GPU-457328ff-6f8e-1f53-8cc3-68ae75d90604, 595.91.07, P2, 56, 297.75 W, 100 %, 100 %, 21532 MiB, 24564 MiB, 2640 MHz, 10251 MHz
2026/09/13 13:29:46.041, NVIDIA GeForce RTX 4090, GPU-457328ff-6f8e-1f53-8cc3-68ae75d90604, 595.91.07, P2, 56, 297.97 W, 100 %, 100 %, 21532 MiB, 24564 MiB, 2640 MHz, 10251 MHz
2026/09/13 13:29:47.043, NVIDIA GeForce RTX 4090, GPU-457328ff-6f8e-1f53-8cc3-68ae75d90604, 595.91.07, P2, 56, 298.10 W, 100 %, 100 %, 21532 MiB, 24564 MiB, 2640 MHz, 10251 MHz
2026/09/13 13:29:48.045, NVIDIA GeForce RTX 4090, GPU-457328ff-6f8e-1f53-8cc3-68ae75d90604, 595.91.07, P2, 56, 289.97 W, 100 %, 100 %, 21532 MiB, 24564 MiB, 2640 MHz, 10251 MHz
2026/09/13 13:29:49.047, NVIDIA GeForce RTX 4090, GPU-457328ff-6f8e-1f53-8cc3-68ae75d90604, 595.91.07, P2, 56, 298.51 W, 100 %, 100 %, 21532 MiB, 24564 MiB, 2640 MHz, 10251 MHz
2026/09/13 13:29:50.049, NVIDIA GeForce RTX 4090, GPU-457328ff-6f8e-1f53-8cc3-68ae75d90604, 595.91.07, P2, 56, 298.68 W, 100 %, 100 %, 21532 MiB, 24564 MiB, 2640 MHz, 10251 MHz
2026/09/13 13:29:51.051, NVIDIA GeForce RTX 4090, GPU-457328ff-6f8e-1f53-8cc3-68ae75d90604, 595.91.07, P2, 56, 298.82 W, 100 %, 100 %, 21532 MiB, 24564 MiB, 2640 MHz, 10251 MHz
2026/09/13 13:29:52.052, NVIDIA GeForce RTX 4090, GPU-457328ff-6f8e-1f53-8cc3-68ae75d90604, 595.91.07, P2, 56, 298.63 W, 100 %, 100 %, 21532 MiB, 24564 MiB, 2640 MHz, 10251 MHz
2026/09/13 13:29:53.055, NVIDIA GeForce RTX 4090, GPU-457328ff-6f8e-1f53-8cc3-68ae75d90604, 595.91.07, P2, 56, 298.23 W, 100 %, 100 %, 21532 MiB, 24564 MiB, 2640 MHz, 10251 MHz
2026/09/13 13:29:54.058, NVIDIA GeForce RTX 4090, GPU-457328ff-6f8e-1f53-8cc3-68ae75d90604, 595.91.07, P2, 56, 298.34 W, 100 %, 100 %, 21532 MiB, 24564 MiB, 2640 MHz, 10251 MHz
2026/09/13 13:29:55.061, NVIDIA GeForce RTX 4090, GPU-457328ff-6f8e-1f53-8cc3-68ae75d90604, 595.91.07, P2, 56, 297.92 W, 100 %, 100 %, 21532 MiB, 24564 MiB, 2640 MHz, 10251 MHz
2026/09/13 13:29:56.063, NVIDIA GeForce RTX 4090, GPU-457328ff-6f8e-1f53-8cc3-68ae75d90604, 595.91.07, P2, 56, 297.88 W, 100 %, 100 %, 21532 MiB, 24564 MiB, 2640 MHz, 10251 MHz
2026/09/13 13:29:57.066, NVIDIA GeForce RTX 4090, GPU-457328ff-6f8e-1f53-8cc3-68ae75d90604, 595.91.07, P2, 56, 297.58 W, 100 %, 100 %, 21532 MiB, 24564 MiB, 2640 MHz, 10251 MHz
2026/09/13 13:29:58.068, NVIDIA GeForce RTX 4090, GPU-457328ff-6f8e-1f53-8cc3-68ae75d90604, 595.91.07, P2, 56, 297.52 W, 100 %, 100 %, 21532 MiB, 24564 MiB, 2640 MHz, 10251 MHz
2026/09/13 13:29:59.071, NVIDIA GeForce RTX 4090, GPU-457328ff-6f8e-1f53-8cc3-68ae75d90604, 595.91.07, P2, 56, 297.49 W, 100 %, 100 %, 21532 MiB, 24564 MiB, 2640 MHz, 10251 MHz
2026/09/13 13:30:00.072, NVIDIA GeForce RTX 4090, GPU-457328ff-6f8e-1f53-8cc3-68ae75d90604, 595.91.07, P2, 56, 297.55 W, 100 %, 100 %, 21532 MiB, 24564 MiB, 2640 MHz, 10251 MHz
2026/09/13 13:30:01.074, NVIDIA GeForce RTX 4090, GPU-457328ff-6f8e-1f53-8cc3-68ae75d90604, 595.91.07, P2, 56, 297.33 W, 100 %, 100 %, 21532 MiB, 24564 MiB, 2640 MHz, 10251 MHz
2026/09/13 13:30:02.076, NVIDIA GeForce RTX 4090, GPU-457328ff-6f8e-1f53-8cc3-68ae75d90604, 595.91.07, P2, 56, 297.42 W, 100 %, 100 %, 21532 MiB, 24564 MiB, 2640 MHz, 10251 MHz
2026/09/13 13:30:03.078, NVIDIA GeForce RTX 4090, GPU-457328ff-6f8e-1f53-8cc3-68ae75d90604, 595.91.07, P2, 56, 296.73 W, 100 %, 100 %, 21532 MiB, 24564 MiB, 2640 MHz, 10251 MHz
2026/09/13 13:30:04.081, NVIDIA GeForce RTX 4090, GPU-457328ff-6f8e-1f53-8cc3-68ae75d90604, 595.91.07, P2, 56, 296.87 W, 100 %, 100 %, 21532 MiB, 24564 MiB, 2640 MHz, 10251 MHz
2026/09/13 13:30:05.083, NVIDIA GeForce RTX 4090, GPU-457328ff-6f8e-1f53-8cc3-68ae75d90604, 595.91.07, P2, 56, 297.35 W, 100 %, 100 %, 21532 MiB, 24564 MiB, 2640 MHz, 10251 MHz
2026/09/13 13:30:06.086, NVIDIA GeForce RTX 4090, GPU-457328ff-6f8e-1f53-8cc3-68ae75d90604, 595.91.07, P2, 56, 297.16 W, 100 %, 100 %, 21532 MiB, 24564 MiB, 2640 MHz, 10251 MHz
2026/09/13 13:30:07.087, NVIDIA GeForce RTX 4090, GPU-457328ff-6f8e-1f53-8cc3-68ae75d90604, 595.91.07, P2, 56, 296.62 W, 100 %, 100 %, 21563 MiB, 24564 MiB, 2640 MHz, 10251 MHz
2026/09/13 13:30:08.088, NVIDIA GeForce RTX 4090, GPU-457328ff-6f8e-1f53-8cc3-68ae75d90604, 595.91.07, P2, 56, 296.06 W, 100 %, 100 %, 21532 MiB, 24564 MiB, 2640 MHz, 10251 MHz
2026/09/13 13:30:09.090, NVIDIA GeForce RTX 4090, GPU-457328ff-6f8e-1f53-8cc3-68ae75d90604, 595.91.07, P2, 56, 297.04 W, 100 %, 100 %, 21532 MiB, 24564 MiB, 2640 MHz, 10251 MHz
2026/09/13 13:30:10.092, NVIDIA GeForce RTX 4090, GPU-457328ff-6f8e-1f53-8cc3-68ae75d90604, 595.91.07, P2, 56, 296.92 W, 100 %, 100 %, 21532 MiB, 24564 MiB, 2640 MHz, 10251 MHz
2026/09/13 13:30:11.098, NVIDIA GeForce RTX 4090, GPU-457328ff-6f8e-1f53-8cc3-68ae75d90604, 595.91.07, P2, 56, 297.02 W, 100 %, 100 %, 21532 MiB, 24564 MiB, 2640 MHz, 10251 MHz
2026/09/13 13:30:12.100, NVIDIA GeForce RTX 4090, GPU-457328ff-6f8e-1f53-8cc3-68ae75d90604, 595.91.07, P2, 56, 296.61 W, 100 %, 100 %, 21532 MiB, 24564 MiB, 2640 MHz, 10251 MHz
2026/09/13 13:30:13.102, NVIDIA GeForce RTX 4090, GPU-457328ff-6f8e-1f53-8cc3-68ae75d90604, 595.91.07, P2, 56, 296.33 W, 100 %, 100 %, 21532 MiB, 24564 MiB, 2640 MHz, 10251 MHz
2026/09/13 13:30:14.104, NVIDIA GeForce RTX 4090, GPU-457328ff-6f8e-1f53-8cc3-68ae75d90604, 595.91.07, P2, 56, 296.24 W, 100 %, 100 %, 21532 MiB, 24564 MiB, 2640 MHz, 10251 MHz
2026/09/13 13:30:15.106, NVIDIA GeForce RTX 4090, GPU-457328ff-6f8e-1f53-8cc3-68ae75d90604, 595.91.07, P2, 56, 296.48 W, 100 %, 100 %, 21532 MiB, 24564 MiB, 2640 MHz, 10251 MHz
2026/09/13 13:30:16.108, NVIDIA GeForce RTX 4090, GPU-457328ff-6f8e-1f53-8cc3-68ae75d90604, 595.91.07, P2, 56, 296.40 W, 100 %, 100 %, 21532 MiB, 24564 MiB, 2640 MHz, 10251 MHz
2026/09/13 13:30:17.111, NVIDIA GeForce RTX 4090, GPU-457328ff-6f8e-1f53-8cc3-68ae75d90604, 595.91.07, P2, 55, 296.21 W, 100 %, 100 %, 21532 MiB, 24564 MiB, 2640 MHz, 10251 MHz
2026/09/13 13:30:18.113, NVIDIA GeForce RTX 4090, GPU-457328ff-6f8e-1f53-8cc3-68ae75d90604, 595.91.07, P2, 55, 296.35 W, 100 %, 100 %, 21532 MiB, 24564 MiB, 2640 MHz, 10251 MHz
2026/09/13 13:30:19.115, NVIDIA GeForce RTX 4090, GPU-457328ff-6f8e-1f53-8cc3-68ae75d90604, 595.91.07, P2, 55, 296.44 W, 100 %, 100 %, 21532 MiB, 24564 MiB, 2640 MHz, 10251 MHz
2026/09/13 13:30:20.118, NVIDIA GeForce RTX 4090, GPU-457328ff-6f8e-1f53-8cc3-68ae75d90604, 595.91.07, P2, 55, 296.66 W, 100 %, 100 %, 21532 MiB, 24564 MiB, 2640 MHz, 10251 MHz
2026/09/13 13:30:21.120, NVIDIA GeForce RTX 4090, GPU-457328ff-6f8e-1f53-8cc3-68ae75d90604, 595.91.07, P2, 55, 296.75 W, 100 %, 100 %, 21532 MiB, 24564 MiB, 2640 MHz, 10251 MHz
2026/09/13 13:30:22.122, NVIDIA GeForce RTX 4090, GPU-457328ff-6f8e-1f53-8cc3-68ae75d90604, 595.91.07, P2, 55, 298.49 W, 100 %, 100 %, 21532 MiB, 24564 MiB, 2640 MHz, 10251 MHz
2026/09/13 13:30:23.123, NVIDIA GeForce RTX 4090, GPU-457328ff-6f8e-1f53-8cc3-68ae75d90604, 595.91.07, P2, 55, 298.17 W, 100 %, 100 %, 21532 MiB, 24564 MiB, 2640 MHz, 10251 MHz
2026/09/13 13:30:24.127, NVIDIA GeForce RTX 4090, GPU-457328ff-6f8e-1f53-8cc3-68ae75d90604, 595.91.07, P2, 55, 298.20 W, 100 %, 100 %, 21532 MiB, 24564 MiB, 2640 MHz, 10251 MHz
2026/09/13 13:30:25.128, NVIDIA GeForce RTX 4090, GPU-457328ff-6f8e-1f53-8cc3-68ae75d90604, 595.91.07, P2, 55, 297.88 W, 100 %, 100 %, 21532 MiB, 24564 MiB, 2640 MHz, 10251 MHz
2026/09/13 13:30:26.130, NVIDIA GeForce RTX 4090, GPU-457328ff-6f8e-1f53-8cc3-68ae75d90604, 595.91.07, P2, 55, 297.81 W, 100 %, 100 %, 21532 MiB, 24564 MiB, 2640 MHz, 10251 MHz
2026/09/13 13:30:27.132, NVIDIA GeForce RTX 4090, GPU-457328ff-6f8e-1f53-8cc3-68ae75d90604, 595.91.07, P2, 55, 297.45 W, 100 %, 100 %, 21532 MiB, 24564 MiB, 2640 MHz, 10251 MHz
2026/09/13 13:30:28.135, NVIDIA GeForce RTX 4090, GPU-457328ff-6f8e-1f53-8cc3-68ae75d90604, 595.91.07, P2, 55, 297.28 W, 100 %, 100 %, 21532 MiB, 24564 MiB, 2640 MHz, 10251 MHz
2026/09/13 13:30:29.136, NVIDIA GeForce RTX 4090, GPU-457328ff-6f8e-1f53-8cc3-68ae75d90604, 595.91.07, P2, 55, 297.02 W, 100 %, 100 %, 21532 MiB, 24564 MiB, 2640 MHz, 10251 MHz
2026/09/13 13:30:30.139, NVIDIA GeForce RTX 4090, GPU-457328ff-6f8e-1f53-8cc3-68ae75d90604, 595.91.07, P2, 55, 296.83 W, 100 %, 100 %, 21532 MiB, 24564 MiB, 2640 MHz, 10251 MHz
2026/09/13 13:30:31.141, NVIDIA GeForce RTX 4090, GPU-457328ff-6f8e-1f53-8cc3-68ae75d90604, 595.91.07, P2, 55, 296.75 W, 100 %, 100 %, 21532 MiB, 24564 MiB, 2640 MHz, 10251 MHz
2026/09/13 13:30:32.144, NVIDIA GeForce RTX 4090, GPU-457328ff-6f8e-1f53-8cc3-68ae75d90604, 595.91.07, P2, 55, 296.53 W, 100 %, 100 %, 21532 MiB, 24564 MiB, 2640 MHz, 10251 MHz
2026/09/13 13:30:33.146, NVIDIA GeForce RTX 4090, GPU-457328ff-6f8e-1f53-8cc3-68ae75d90604, 595.91.07, P2, 55, 296.40 W, 100 %, 100 %, 21532 MiB, 24564 MiB, 2640 MHz, 10251 MHz
2026/09/13 13:30:34.149, NVIDIA GeForce RTX 4090, GPU-457328ff-6f8e-1f53-8cc3-68ae75d90604, 595.91.07, P2, 55, 295.99 W, 100 %, 100 %, 21532 MiB, 24564 MiB, 2640 MHz, 10251 MHz
2026/09/13 13:30:35.151, NVIDIA GeForce RTX 4090, GPU-457328ff-6f8e-1f53-8cc3-68ae75d90604, 595.91.07, P2, 55, 295.38 W, 100 %, 100 %, 21532 MiB, 24564 MiB, 2640 MHz, 10251 MHz
2026/09/13 13:30:36.153, NVIDIA GeForce RTX 4090, GPU-457328ff-6f8e-1f53-8cc3-68ae75d90604, 595.91.07, P2, 55, 295.31 W, 100 %, 100 %, 21532 MiB, 24564 MiB, 2640 MHz, 10251 MHz
2026/09/13 13:30:37.155, NVIDIA GeForce RTX 4090, GPU-457328ff-6f8e-1f53-8cc3-68ae75d90604, 595.91.07, P2, 54, 295.39 W, 100 %, 100 %, 21532 MiB, 24564 MiB, 2640 MHz, 10251 MHz
2026/09/13 13:30:38.157, NVIDIA GeForce RTX 4090, GPU-457328ff-6f8e-1f53-8cc3-68ae75d90604, 595.91.07, P2, 54, 295.48 W, 100 %, 100 %, 21532 MiB, 24564 MiB, 2640 MHz, 10251 MHz
2026/09/13 13:30:39.158, NVIDIA GeForce RTX 4090, GPU-457328ff-6f8e-1f53-8cc3-68ae75d90604, 595.91.07, P2, 54, 286.01 W, 100 %, 100 %, 21532 MiB, 24564 MiB, 2640 MHz, 10251 MHz
2026/09/13 13:30:40.161, NVIDIA GeForce RTX 4090, GPU-457328ff-6f8e-1f53-8cc3-68ae75d90604, 595.91.07, P2, 54, 296.99 W, 100 %, 100 %, 21532 MiB, 24564 MiB, 2640 MHz, 10251 MHz
2026/09/13 13:30:41.163, NVIDIA GeForce RTX 4090, GPU-457328ff-6f8e-1f53-8cc3-68ae75d90604, 595.91.07, P2, 54, 297.45 W, 100 %, 100 %, 21532 MiB, 24564 MiB, 2640 MHz, 10251 MHz
2026/09/13 13:30:42.165, NVIDIA GeForce RTX 4090, GPU-457328ff-6f8e-1f53-8cc3-68ae75d90604, 595.91.07, P2, 54, 297.38 W, 100 %, 100 %, 21532 MiB, 24564 MiB, 2640 MHz, 10251 MHz
2026/09/13 13:30:43.167, NVIDIA GeForce RTX 4090, GPU-457328ff-6f8e-1f53-8cc3-68ae75d90604, 595.91.07, P2, 54, 297.45 W, 100 %, 100 %, 21532 MiB, 24564 MiB, 2640 MHz, 10251 MHz
2026/09/13 13:30:44.170, NVIDIA GeForce RTX 4090, GPU-457328ff-6f8e-1f53-8cc3-68ae75d90604, 595.91.07, P2, 54, 297.40 W, 100 %, 100 %, 21532 MiB, 24564 MiB, 2640 MHz, 10251 MHz
2026/09/13 13:30:45.172, NVIDIA GeForce RTX 4090, GPU-457328ff-6f8e-1f53-8cc3-68ae75d90604, 595.91.07, P2, 54, 296.94 W, 100 %, 100 %, 21532 MiB, 24564 MiB, 2640 MHz, 10251 MHz
2026/09/13 13:30:46.174, NVIDIA GeForce RTX 4090, GPU-457328ff-6f8e-1f53-8cc3-68ae75d90604, 595.91.07, P2, 54, 296.79 W, 100 %, 100 %, 21532 MiB, 24564 MiB, 2640 MHz, 10251 MHz
2026/09/13 13:30:47.177, NVIDIA GeForce RTX 4090, GPU-457328ff-6f8e-1f53-8cc3-68ae75d90604, 595.91.07, P2, 54, 297.05 W, 100 %, 100 %, 21532 MiB, 24564 MiB, 2640 MHz, 10251 MHz
2026/09/13 13:30:48.179, NVIDIA GeForce RTX 4090, GPU-457328ff-6f8e-1f53-8cc3-68ae75d90604, 595.91.07, P2, 54, 296.55 W, 100 %, 100 %, 21532 MiB, 24564 MiB, 2640 MHz, 10251 MHz
2026/09/13 13:30:49.181, NVIDIA GeForce RTX 4090, GPU-457328ff-6f8e-1f53-8cc3-68ae75d90604, 595.91.07, P2, 54, 296.23 W, 100 %, 100 %, 21532 MiB, 24564 MiB, 2640 MHz, 10251 MHz
2026/09/13 13:30:50.183, NVIDIA GeForce RTX 4090, GPU-457328ff-6f8e-1f53-8cc3-68ae75d90604, 595.91.07, P2, 54, 296.06 W, 100 %, 100 %, 21532 MiB, 24564 MiB, 2640 MHz, 10251 MHz
2026/09/13 13:30:51.185, NVIDIA GeForce RTX 4090, GPU-457328ff-6f8e-1f53-8cc3-68ae75d90604, 595.91.07, P2, 54, 295.85 W, 100 %, 100 %, 21532 MiB, 24564 MiB, 2640 MHz, 10251 MHz
2026/09/13 13:30:52.187, NVIDIA GeForce RTX 4090, GPU-457328ff-6f8e-1f53-8cc3-68ae75d90604, 595.91.07, P2, 54, 295.73 W, 100 %, 100 %, 21532 MiB, 24564 MiB, 2640 MHz, 10251 MHz
2026/09/13 13:30:53.189, NVIDIA GeForce RTX 4090, GPU-457328ff-6f8e-1f53-8cc3-68ae75d90604, 595.91.07, P2, 54, 295.37 W, 100 %, 100 %, 21532 MiB, 24564 MiB, 2640 MHz, 10251 MHz
2026/09/13 13:30:54.193, NVIDIA GeForce RTX 4090, GPU-457328ff-6f8e-1f53-8cc3-68ae75d90604, 595.91.07, P2, 54, 295.22 W, 100 %, 100 %, 21532 MiB, 24564 MiB, 2640 MHz, 10251 MHz
2026/09/13 13:30:55.195, NVIDIA GeForce RTX 4090, GPU-457328ff-6f8e-1f53-8cc3-68ae75d90604, 595.91.07, P2, 54, 295.53 W, 100 %, 100 %, 21532 MiB, 24564 MiB, 2640 MHz, 10251 MHz
2026/09/13 13:30:56.196, NVIDIA GeForce RTX 4090, GPU-457328ff-6f8e-1f53-8cc3-68ae75d90604, 595.91.07, P2, 54, 295.63 W, 100 %, 100 %, 21532 MiB, 24564 MiB, 2640 MHz, 10251 MHz
2026/09/13 13:30:57.198, NVIDIA GeForce RTX 4090, GPU-457328ff-6f8e-1f53-8cc3-68ae75d90604, 595.91.07, P2, 54, 295.39 W, 100 %, 100 %, 21532 MiB, 24564 MiB, 2640 MHz, 10251 MHz
2026/09/13 13:30:58.200, NVIDIA GeForce RTX 4090, GPU-457328ff-6f8e-1f53-8cc3-68ae75d90604, 595.91.07, P2, 54, 295.25 W, 100 %, 100 %, 21532 MiB, 24564 MiB, 2640 MHz, 10251 MHz
2026/09/13 13:30:59.202, NVIDIA GeForce RTX 4090, GPU-457328ff-6f8e-1f53-8cc3-68ae75d90604, 595.91.07, P2, 54, 295.20 W, 100 %, 100 %, 21532 MiB, 24564 MiB, 2640 MHz, 10251 MHz
2026/09/13 13:31:00.204, NVIDIA GeForce RTX 4090, GPU-457328ff-6f8e-1f53-8cc3-68ae75d90604, 595.91.07, P2, 54, 286.61 W, 100 %, 100 %, 21532 MiB, 24564 MiB, 2640 MHz, 10251 MHz
2026/09/13 13:31:01.206, NVIDIA GeForce RTX 4090, GPU-457328ff-6f8e-1f53-8cc3-68ae75d90604, 595.91.07, P2, 54, 297.09 W, 100 %, 100 %, 21532 MiB, 24564 MiB, 2640 MHz, 10251 MHz
2026/09/13 13:31:02.208, NVIDIA GeForce RTX 4090, GPU-457328ff-6f8e-1f53-8cc3-68ae75d90604, 595.91.07, P2, 54, 297.14 W, 100 %, 100 %, 21532 MiB, 24564 MiB, 2640 MHz, 10251 MHz
2026/09/13 13:31:03.211, NVIDIA GeForce RTX 4090, GPU-457328ff-6f8e-1f53-8cc3-68ae75d90604, 595.91.07, P2, 54, 297.18 W, 100 %, 100 %, 21532 MiB, 24564 MiB, 2640 MHz, 10251 MHz
2026/09/13 13:31:04.214, NVIDIA GeForce RTX 4090, GPU-457328ff-6f8e-1f53-8cc3-68ae75d90604, 595.91.07, P2, 54, 296.96 W, 100 %, 100 %, 21532 MiB, 24564 MiB, 2640 MHz, 10251 MHz
2026/09/13 13:31:05.216, NVIDIA GeForce RTX 4090, GPU-457328ff-6f8e-1f53-8cc3-68ae75d90604, 595.91.07, P2, 54, 296.93 W, 100 %, 100 %, 21532 MiB, 24564 MiB, 2640 MHz, 10251 MHz
2026/09/13 13:31:06.219, NVIDIA GeForce RTX 4090, GPU-457328ff-6f8e-1f53-8cc3-68ae75d90604, 595.91.07, P2, 54, 296.65 W, 100 %, 100 %, 21532 MiB, 24564 MiB, 2640 MHz, 10251 MHz
2026/09/13 13:31:07.220, NVIDIA GeForce RTX 4090, GPU-457328ff-6f8e-1f53-8cc3-68ae75d90604, 595.91.07, P2, 54, 296.34 W, 100 %, 100 %, 21532 MiB, 24564 MiB, 2640 MHz, 10251 MHz
2026/09/13 13:31:08.221, NVIDIA GeForce RTX 4090, GPU-457328ff-6f8e-1f53-8cc3-68ae75d90604, 595.91.07, P2, 54, 290.09 W, 100 %, 100 %, 21532 MiB, 24564 MiB, 2640 MHz, 10251 MHz
2026/09/13 13:31:09.223, NVIDIA GeForce RTX 4090, GPU-457328ff-6f8e-1f53-8cc3-68ae75d90604, 595.91.07, P2, 54, 297.34 W, 100 %, 100 %, 21532 MiB, 24564 MiB, 2640 MHz, 10251 MHz
2026/09/13 13:31:10.225, NVIDIA GeForce RTX 4090, GPU-457328ff-6f8e-1f53-8cc3-68ae75d90604, 595.91.07, P2, 54, 297.47 W, 100 %, 100 %, 21532 MiB, 24564 MiB, 2640 MHz, 10251 MHz
2026/09/13 13:31:11.227, NVIDIA GeForce RTX 4090, GPU-457328ff-6f8e-1f53-8cc3-68ae75d90604, 595.91.07, P2, 54, 297.03 W, 100 %, 100 %, 21532 MiB, 24564 MiB, 2640 MHz, 10251 MHz
2026/09/13 13:31:12.228, NVIDIA GeForce RTX 4090, GPU-457328ff-6f8e-1f53-8cc3-68ae75d90604, 595.91.07, P2, 54, 296.78 W, 100 %, 100 %, 21532 MiB, 24564 MiB, 2640 MHz, 10251 MHz
2026/09/13 13:31:13.230, NVIDIA GeForce RTX 4090, GPU-457328ff-6f8e-1f53-8cc3-68ae75d90604, 595.91.07, P2, 54, 296.36 W, 100 %, 100 %, 21532 MiB, 24564 MiB, 2640 MHz, 10251 MHz
2026/09/13 13:31:14.231, NVIDIA GeForce RTX 4090, GPU-457328ff-6f8e-1f53-8cc3-68ae75d90604, 595.91.07, P2, 54, 296.40 W, 100 %, 100 %, 21532 MiB, 24564 MiB, 2640 MHz, 10251 MHz
2026/09/13 13:31:15.232, NVIDIA GeForce RTX 4090, GPU-457328ff-6f8e-1f53-8cc3-68ae75d90604, 595.91.07, P2, 54, 296.11 W, 100 %, 100 %, 21532 MiB, 24564 MiB, 2640 MHz, 10251 MHz
2026/09/13 13:31:16.234, NVIDIA GeForce RTX 4090, GPU-457328ff-6f8e-1f53-8cc3-68ae75d90604, 595.91.07, P2, 54, 295.90 W, 100 %, 100 %, 21532 MiB, 24564 MiB, 2640 MHz, 10251 MHz
2026/09/13 13:31:17.236, NVIDIA GeForce RTX 4090, GPU-457328ff-6f8e-1f53-8cc3-68ae75d90604, 595.91.07, P2, 54, 296.24 W, 100 %, 100 %, 21532 MiB, 24564 MiB, 2640 MHz, 10251 MHz
2026/09/13 13:31:18.238, NVIDIA GeForce RTX 4090, GPU-457328ff-6f8e-1f53-8cc3-68ae75d90604, 595.91.07, P2, 54, 295.77 W, 100 %, 100 %, 21532 MiB, 24564 MiB, 2640 MHz, 10251 MHz
2026/09/13 13:31:19.239, NVIDIA GeForce RTX 4090, GPU-457328ff-6f8e-1f53-8cc3-68ae75d90604, 595.91.07, P2, 54, 288.98 W, 100 %, 100 %, 21532 MiB, 24564 MiB, 2640 MHz, 10251 MHz
2026/09/13 13:31:20.240, NVIDIA GeForce RTX 4090, GPU-457328ff-6f8e-1f53-8cc3-68ae75d90604, 595.91.07, P2, 54, 297.35 W, 100 %, 100 %, 21532 MiB, 24564 MiB, 2640 MHz, 10251 MHz
2026/09/13 13:31:21.242, NVIDIA GeForce RTX 4090, GPU-457328ff-6f8e-1f53-8cc3-68ae75d90604, 595.91.07, P2, 54, 297.30 W, 100 %, 100 %, 21532 MiB, 24564 MiB, 2640 MHz, 10251 MHz
2026/09/13 13:31:22.244, NVIDIA GeForce RTX 4090, GPU-457328ff-6f8e-1f53-8cc3-68ae75d90604, 595.91.07, P2, 54, 297.41 W, 100 %, 100 %, 21532 MiB, 24564 MiB, 2640 MHz, 10251 MHz
2026/09/13 13:31:23.246, NVIDIA GeForce RTX 4090, GPU-457328ff-6f8e-1f53-8cc3-68ae75d90604, 595.91.07, P2, 54, 297.76 W, 100 %, 100 %, 21532 MiB, 24564 MiB, 2640 MHz, 10251 MHz
2026/09/13 13:31:24.248, NVIDIA GeForce RTX 4090, GPU-457328ff-6f8e-1f53-8cc3-68ae75d90604, 595.91.07, P2, 54, 297.29 W, 100 %, 100 %, 21532 MiB, 24564 MiB, 2640 MHz, 10251 MHz
2026/09/13 13:31:25.250, NVIDIA GeForce RTX 4090, GPU-457328ff-6f8e-1f53-8cc3-68ae75d90604, 595.91.07, P2, 54, 296.88 W, 100 %, 100 %, 21532 MiB, 24564 MiB, 2640 MHz, 10251 MHz
2026/09/13 13:31:26.251, NVIDIA GeForce RTX 4090, GPU-457328ff-6f8e-1f53-8cc3-68ae75d90604, 595.91.07, P2, 54, 296.76 W, 100 %, 100 %, 21532 MiB, 24564 MiB, 2640 MHz, 10251 MHz
2026/09/13 13:31:27.253, NVIDIA GeForce RTX 4090, GPU-457328ff-6f8e-1f53-8cc3-68ae75d90604, 595.91.07, P2, 54, 296.55 W, 100 %, 100 %, 21532 MiB, 24564 MiB, 2640 MHz, 10251 MHz
2026/09/13 13:31:28.255, NVIDIA GeForce RTX 4090, GPU-457328ff-6f8e-1f53-8cc3-68ae75d90604, 595.91.07, P2, 54, 296.25 W, 100 %, 100 %, 21532 MiB, 24564 MiB, 2640 MHz, 10251 MHz
2026/09/13 13:31:29.257, NVIDIA GeForce RTX 4090, GPU-457328ff-6f8e-1f53-8cc3-68ae75d90604, 595.91.07, P2, 54, 296.26 W, 100 %, 100 %, 21532 MiB, 24564 MiB, 2640 MHz, 10251 MHz
2026/09/13 13:31:30.260, NVIDIA GeForce RTX 4090, GPU-457328ff-6f8e-1f53-8cc3-68ae75d90604, 595.91.07, P2, 54, 296.61 W, 100 %, 100 %, 21532 MiB, 24564 MiB, 2640 MHz, 10251 MHz
2026/09/13 13:31:31.262, NVIDIA GeForce RTX 4090, GPU-457328ff-6f8e-1f53-8cc3-68ae75d90604, 595.91.07, P2, 54, 296.36 W, 100 %, 100 %, 21532 MiB, 24564 MiB, 2640 MHz, 10251 MHz
2026/09/13 13:31:32.264, NVIDIA GeForce RTX 4090, GPU-457328ff-6f8e-1f53-8cc3-68ae75d90604, 595.91.07, P2, 54, 296.11 W, 100 %, 100 %, 21532 MiB, 24564 MiB, 2640 MHz, 10251 MHz
2026/09/13 13:31:33.265, NVIDIA GeForce RTX 4090, GPU-457328ff-6f8e-1f53-8cc3-68ae75d90604, 595.91.07, P2, 54, 295.65 W, 100 %, 100 %, 21532 MiB, 24564 MiB, 2640 MHz, 10251 MHz
2026/09/13 13:31:34.268, NVIDIA GeForce RTX 4090, GPU-457328ff-6f8e-1f53-8cc3-68ae75d90604, 595.91.07, P2, 54, 295.63 W, 100 %, 100 %, 21532 MiB, 24564 MiB, 2640 MHz, 10251 MHz
2026/09/13 13:31:35.270, NVIDIA GeForce RTX 4090, GPU-457328ff-6f8e-1f53-8cc3-68ae75d90604, 595.91.07, P2, 54, 295.64 W, 100 %, 100 %, 21532 MiB, 24564 MiB, 2640 MHz, 10251 MHz
2026/09/13 13:31:36.273, NVIDIA GeForce RTX 4090, GPU-457328ff-6f8e-1f53-8cc3-68ae75d90604, 595.91.07, P2, 54, 295.58 W, 100 %, 100 %, 21532 MiB, 24564 MiB, 2640 MHz, 10251 MHz
2026/09/13 13:31:37.275, NVIDIA GeForce RTX 4090, GPU-457328ff-6f8e-1f53-8cc3-68ae75d90604, 595.91.07, P2, 54, 295.23 W, 100 %, 100 %, 21532 MiB, 24564 MiB, 2640 MHz, 10251 MHz
2026/09/13 13:31:38.277, NVIDIA GeForce RTX 4090, GPU-457328ff-6f8e-1f53-8cc3-68ae75d90604, 595.91.07, P2, 54, 295.81 W, 100 %, 100 %, 21532 MiB, 24564 MiB, 2640 MHz, 10251 MHz
2026/09/13 13:31:39.279, NVIDIA GeForce RTX 4090, GPU-457328ff-6f8e-1f53-8cc3-68ae75d90604, 595.91.07, P2, 54, 295.77 W, 100 %, 100 %, 21532 MiB, 24564 MiB, 2640 MHz, 10251 MHz
2026/09/13 13:31:40.282, NVIDIA GeForce RTX 4090, GPU-457328ff-6f8e-1f53-8cc3-68ae75d90604, 595.91.07, P2, 54, 295.79 W, 100 %, 100 %, 21532 MiB, 24564 MiB, 2640 MHz, 10251 MHz
2026/09/13 13:31:41.283, NVIDIA GeForce RTX 4090, GPU-457328ff-6f8e-1f53-8cc3-68ae75d90604, 595.91.07, P2, 54, 295.71 W, 100 %, 100 %, 21532 MiB, 24564 MiB, 2640 MHz, 10251 MHz
2026/09/13 13:31:42.285, NVIDIA GeForce RTX 4090, GPU-457328ff-6f8e-1f53-8cc3-68ae75d90604, 595.91.07, P2, 54, 296.08 W, 100 %, 100 %, 21532 MiB, 24564 MiB, 2640 MHz, 10251 MHz
2026/09/13 13:31:43.287, NVIDIA GeForce RTX 4090, GPU-457328ff-6f8e-1f53-8cc3-68ae75d90604, 595.91.07, P2, 54, 295.99 W, 100 %, 100 %, 21532 MiB, 24564 MiB, 2640 MHz, 10251 MHz
2026/09/13 13:31:44.290, NVIDIA GeForce RTX 4090, GPU-457328ff-6f8e-1f53-8cc3-68ae75d90604, 595.91.07, P2, 54, 296.00 W, 100 %, 100 %, 21532 MiB, 24564 MiB, 2640 MHz, 10251 MHz
2026/09/13 13:31:45.292, NVIDIA GeForce RTX 4090, GPU-457328ff-6f8e-1f53-8cc3-68ae75d90604, 595.91.07, P2, 54, 295.92 W, 100 %, 100 %, 21532 MiB, 24564 MiB, 2640 MHz, 10251 MHz
2026/09/13 13:31:46.294, NVIDIA GeForce RTX 4090, GPU-457328ff-6f8e-1f53-8cc3-68ae75d90604, 595.91.07, P2, 54, 296.08 W, 100 %, 100 %, 21532 MiB, 24564 MiB, 2640 MHz, 10251 MHz
2026/09/13 13:31:47.296, NVIDIA GeForce RTX 4090, GPU-457328ff-6f8e-1f53-8cc3-68ae75d90604, 595.91.07, P2, 54, 295.96 W, 100 %, 100 %, 21532 MiB, 24564 MiB, 2640 MHz, 10251 MHz
2026/09/13 13:31:48.299, NVIDIA GeForce RTX 4090, GPU-457328ff-6f8e-1f53-8cc3-68ae75d90604, 595.91.07, P2, 54, 295.78 W, 100 %, 100 %, 21532 MiB, 24564 MiB, 2640 MHz, 10251 MHz
2026/09/13 13:31:49.301, NVIDIA GeForce RTX 4090, GPU-457328ff-6f8e-1f53-8cc3-68ae75d90604, 595.91.07, P2, 54, 295.80 W, 100 %, 100 %, 21532 MiB, 24564 MiB, 2640 MHz, 10251 MHz
2026/09/13 13:31:50.303, NVIDIA GeForce RTX 4090, GPU-457328ff-6f8e-1f53-8cc3-68ae75d90604, 595.91.07, P2, 54, 295.90 W, 100 %, 100 %, 21532 MiB, 24564 MiB, 2640 MHz, 10251 MHz
2026/09/13 13:31:51.304, NVIDIA GeForce RTX 4090, GPU-457328ff-6f8e-1f53-8cc3-68ae75d90604, 595.91.07, P2, 54, 296.23 W, 100 %, 100 %, 21532 MiB, 24564 MiB, 2640 MHz, 10251 MHz
2026/09/13 13:31:52.306, NVIDIA GeForce RTX 4090, GPU-457328ff-6f8e-1f53-8cc3-68ae75d90604, 595.91.07, P2, 54, 296.15 W, 100 %, 100 %, 21532 MiB, 24564 MiB, 2640 MHz, 10251 MHz
2026/09/13 13:31:53.308, NVIDIA GeForce RTX 4090, GPU-457328ff-6f8e-1f53-8cc3-68ae75d90604, 595.91.07, P2, 54, 295.97 W, 100 %, 100 %, 21532 MiB, 24564 MiB, 2640 MHz, 10251 MHz
2026/09/13 13:31:54.329, NVIDIA GeForce RTX 4090, GPU-457328ff-6f8e-1f53-8cc3-68ae75d90604, 595.91.07, P2, 54, 295.72 W, 100 %, 100 %, 21532 MiB, 24564 MiB, 2640 MHz, 10251 MHz
2026/09/13 13:31:55.330, NVIDIA GeForce RTX 4090, GPU-457328ff-6f8e-1f53-8cc3-68ae75d90604, 595.91.07, P2, 55, 295.93 W, 100 %, 100 %, 21532 MiB, 24564 MiB, 2640 MHz, 10251 MHz
2026/09/13 13:31:56.331, NVIDIA GeForce RTX 4090, GPU-457328ff-6f8e-1f53-8cc3-68ae75d90604, 595.91.07, P2, 55, 295.88 W, 100 %, 100 %, 21532 MiB, 24564 MiB, 2640 MHz, 10251 MHz
2026/09/13 13:31:57.333, NVIDIA GeForce RTX 4090, GPU-457328ff-6f8e-1f53-8cc3-68ae75d90604, 595.91.07, P2, 54, 295.90 W, 100 %, 100 %, 21532 MiB, 24564 MiB, 2640 MHz, 10251 MHz
2026/09/13 13:31:58.334, NVIDIA GeForce RTX 4090, GPU-457328ff-6f8e-1f53-8cc3-68ae75d90604, 595.91.07, P2, 55, 295.61 W, 100 %, 100 %, 21532 MiB, 24564 MiB, 2640 MHz, 10251 MHz
2026/09/13 13:31:59.336, NVIDIA GeForce RTX 4090, GPU-457328ff-6f8e-1f53-8cc3-68ae75d90604, 595.91.07, P2, 55, 295.65 W, 100 %, 100 %, 21532 MiB, 24564 MiB, 2640 MHz, 10251 MHz
2026/09/13 13:32:00.337, NVIDIA GeForce RTX 4090, GPU-457328ff-6f8e-1f53-8cc3-68ae75d90604, 595.91.07, P2, 55, 282.17 W, 100 %, 100 %, 21532 MiB, 24564 MiB, 2640 MHz, 10251 MHz
2026/09/13 13:32:01.339, NVIDIA GeForce RTX 4090, GPU-457328ff-6f8e-1f53-8cc3-68ae75d90604, 595.91.07, P2, 55, 297.58 W, 100 %, 100 %, 21532 MiB, 24564 MiB, 2640 MHz, 10251 MHz
2026/09/13 13:32:02.340, NVIDIA GeForce RTX 4090, GPU-457328ff-6f8e-1f53-8cc3-68ae75d90604, 595.91.07, P2, 55, 297.97 W, 100 %, 100 %, 21532 MiB, 24564 MiB, 2640 MHz, 10251 MHz
2026/09/13 13:32:03.343, NVIDIA GeForce RTX 4090, GPU-457328ff-6f8e-1f53-8cc3-68ae75d90604, 595.91.07, P2, 55, 297.98 W, 100 %, 100 %, 21532 MiB, 24564 MiB, 2640 MHz, 10251 MHz
2026/09/13 13:32:04.345, NVIDIA GeForce RTX 4090, GPU-457328ff-6f8e-1f53-8cc3-68ae75d90604, 595.91.07, P2, 55, 297.87 W, 100 %, 100 %, 21532 MiB, 24564 MiB, 2640 MHz, 10251 MHz
2026/09/13 13:32:05.346, NVIDIA GeForce RTX 4090, GPU-457328ff-6f8e-1f53-8cc3-68ae75d90604, 595.91.07, P2, 55, 297.95 W, 100 %, 100 %, 21532 MiB, 24564 MiB, 2640 MHz, 10251 MHz
2026/09/13 13:32:06.348, NVIDIA GeForce RTX 4090, GPU-457328ff-6f8e-1f53-8cc3-68ae75d90604, 595.91.07, P2, 55, 297.82 W, 100 %, 100 %, 21532 MiB, 24564 MiB, 2640 MHz, 10251 MHz
2026/09/13 13:32:07.351, NVIDIA GeForce RTX 4090, GPU-457328ff-6f8e-1f53-8cc3-68ae75d90604, 595.91.07, P2, 55, 297.96 W, 100 %, 100 %, 21532 MiB, 24564 MiB, 2640 MHz, 10251 MHz
2026/09/13 13:32:08.352, NVIDIA GeForce RTX 4090, GPU-457328ff-6f8e-1f53-8cc3-68ae75d90604, 595.91.07, P2, 55, 297.72 W, 100 %, 100 %, 21532 MiB, 24564 MiB, 2640 MHz, 10251 MHz
2026/09/13 13:32:09.355, NVIDIA GeForce RTX 4090, GPU-457328ff-6f8e-1f53-8cc3-68ae75d90604, 595.91.07, P2, 55, 297.42 W, 100 %, 100 %, 21532 MiB, 24564 MiB, 2640 MHz, 10251 MHz
2026/09/13 13:32:10.356, NVIDIA GeForce RTX 4090, GPU-457328ff-6f8e-1f53-8cc3-68ae75d90604, 595.91.07, P2, 55, 297.13 W, 100 %, 100 %, 21532 MiB, 24564 MiB, 2640 MHz, 10251 MHz
2026/09/13 13:32:11.359, NVIDIA GeForce RTX 4090, GPU-457328ff-6f8e-1f53-8cc3-68ae75d90604, 595.91.07, P2, 55, 296.93 W, 100 %, 100 %, 21532 MiB, 24564 MiB, 2640 MHz, 10251 MHz
2026/09/13 13:32:12.360, NVIDIA GeForce RTX 4090, GPU-457328ff-6f8e-1f53-8cc3-68ae75d90604, 595.91.07, P2, 55, 297.06 W, 100 %, 100 %, 21532 MiB, 24564 MiB, 2640 MHz, 10251 MHz
2026/09/13 13:32:13.361, NVIDIA GeForce RTX 4090, GPU-457328ff-6f8e-1f53-8cc3-68ae75d90604, 595.91.07, P2, 55, 296.90 W, 100 %, 100 %, 21532 MiB, 24564 MiB, 2640 MHz, 10251 MHz
2026/09/13 13:32:14.363, NVIDIA GeForce RTX 4090, GPU-457328ff-6f8e-1f53-8cc3-68ae75d90604, 595.91.07, P2, 55, 296.43 W, 100 %, 100 %, 21532 MiB, 24564 MiB, 2640 MHz, 10251 MHz
2026/09/13 13:32:15.365, NVIDIA GeForce RTX 4090, GPU-457328ff-6f8e-1f53-8cc3-68ae75d90604, 595.91.07, P2, 55, 296.53 W, 100 %, 100 %, 21532 MiB, 24564 MiB, 2640 MHz, 10251 MHz
2026/09/13 13:32:16.366, NVIDIA GeForce RTX 4090, GPU-457328ff-6f8e-1f53-8cc3-68ae75d90604, 595.91.07, P2, 55, 296.65 W, 100 %, 100 %, 21532 MiB, 24564 MiB, 2640 MHz, 10251 MHz
2026/09/13 13:32:17.368, NVIDIA GeForce RTX 4090, GPU-457328ff-6f8e-1f53-8cc3-68ae75d90604, 595.91.07, P2, 55, 296.68 W, 100 %, 100 %, 21532 MiB, 24564 MiB, 2640 MHz, 10251 MHz
2026/09/13 13:32:18.370, NVIDIA GeForce RTX 4090, GPU-457328ff-6f8e-1f53-8cc3-68ae75d90604, 595.91.07, P2, 55, 296.46 W, 100 %, 100 %, 21532 MiB, 24564 MiB, 2640 MHz, 10251 MHz
2026/09/13 13:32:19.372, NVIDIA GeForce RTX 4090, GPU-457328ff-6f8e-1f53-8cc3-68ae75d90604, 595.91.07, P2, 55, 296.31 W, 100 %, 100 %, 21532 MiB, 24564 MiB, 2640 MHz, 10251 MHz
2026/09/13 13:32:20.373, NVIDIA GeForce RTX 4090, GPU-457328ff-6f8e-1f53-8cc3-68ae75d90604, 595.91.07, P2, 55, 296.50 W, 100 %, 100 %, 21532 MiB, 24564 MiB, 2640 MHz, 10251 MHz
2026/09/13 13:32:21.375, NVIDIA GeForce RTX 4090, GPU-457328ff-6f8e-1f53-8cc3-68ae75d90604, 595.91.07, P2, 55, 296.38 W, 100 %, 100 %, 21532 MiB, 24564 MiB, 2640 MHz, 10251 MHz
2026/09/13 13:32:22.376, NVIDIA GeForce RTX 4090, GPU-457328ff-6f8e-1f53-8cc3-68ae75d90604, 595.91.07, P2, 55, 296.49 W, 100 %, 100 %, 21532 MiB, 24564 MiB, 2640 MHz, 10251 MHz
2026/09/13 13:32:23.378, NVIDIA GeForce RTX 4090, GPU-457328ff-6f8e-1f53-8cc3-68ae75d90604, 595.91.07, P2, 55, 296.40 W, 100 %, 100 %, 21532 MiB, 24564 MiB, 2640 MHz, 10251 MHz
2026/09/13 13:32:24.379, NVIDIA GeForce RTX 4090, GPU-457328ff-6f8e-1f53-8cc3-68ae75d90604, 595.91.07, P2, 55, 296.47 W, 100 %, 100 %, 21532 MiB, 24564 MiB, 2640 MHz, 10251 MHz
2026/09/13 13:32:25.380, NVIDIA GeForce RTX 4090, GPU-457328ff-6f8e-1f53-8cc3-68ae75d90604, 595.91.07, P2, 55, 296.84 W, 100 %, 100 %, 21532 MiB, 24564 MiB, 2640 MHz, 10251 MHz
2026/09/13 13:32:26.420, NVIDIA GeForce RTX 4090, GPU-457328ff-6f8e-1f53-8cc3-68ae75d90604, 595.91.07, P2, 55, 296.59 W, 100 %, 100 %, 21532 MiB, 24564 MiB, 2640 MHz, 10251 MHz
2026/09/13 13:32:27.421, NVIDIA GeForce RTX 4090, GPU-457328ff-6f8e-1f53-8cc3-68ae75d90604, 595.91.07, P2, 55, 296.50 W, 100 %, 100 %, 21532 MiB, 24564 MiB, 2640 MHz, 10251 MHz
2026/09/13 13:32:28.424, NVIDIA GeForce RTX 4090, GPU-457328ff-6f8e-1f53-8cc3-68ae75d90604, 595.91.07, P2, 55, 296.57 W, 100 %, 100 %, 21532 MiB, 24564 MiB, 2640 MHz, 10251 MHz
2026/09/13 13:32:29.425, NVIDIA GeForce RTX 4090, GPU-457328ff-6f8e-1f53-8cc3-68ae75d90604, 595.91.07, P2, 55, 296.79 W, 100 %, 100 %, 21532 MiB, 24564 MiB, 2640 MHz, 10251 MHz
2026/09/13 13:32:30.426, NVIDIA GeForce RTX 4090, GPU-457328ff-6f8e-1f53-8cc3-68ae75d90604, 595.91.07, P2, 55, 296.83 W, 100 %, 100 %, 21532 MiB, 24564 MiB, 2640 MHz, 10251 MHz
2026/09/13 13:32:31.428, NVIDIA GeForce RTX 4090, GPU-457328ff-6f8e-1f53-8cc3-68ae75d90604, 595.91.07, P2, 55, 296.87 W, 100 %, 100 %, 21532 MiB, 24564 MiB, 2640 MHz, 10251 MHz
2026/09/13 13:32:32.429, NVIDIA GeForce RTX 4090, GPU-457328ff-6f8e-1f53-8cc3-68ae75d90604, 595.91.07, P2, 55, 296.75 W, 100 %, 100 %, 21532 MiB, 24564 MiB, 2640 MHz, 10251 MHz
2026/09/13 13:32:33.430, NVIDIA GeForce RTX 4090, GPU-457328ff-6f8e-1f53-8cc3-68ae75d90604, 595.91.07, P2, 55, 297.00 W, 100 %, 100 %, 21532 MiB, 24564 MiB, 2640 MHz, 10251 MHz
2026/09/13 13:32:34.431, NVIDIA GeForce RTX 4090, GPU-457328ff-6f8e-1f53-8cc3-68ae75d90604, 595.91.07, P2, 55, 296.35 W, 100 %, 100 %, 21532 MiB, 24564 MiB, 2640 MHz, 10251 MHz
2026/09/13 13:32:35.432, NVIDIA GeForce RTX 4090, GPU-457328ff-6f8e-1f53-8cc3-68ae75d90604, 595.91.07, P2, 55, 296.67 W, 100 %, 100 %, 21532 MiB, 24564 MiB, 2640 MHz, 10251 MHz
2026/09/13 13:32:36.434, NVIDIA GeForce RTX 4090, GPU-457328ff-6f8e-1f53-8cc3-68ae75d90604, 595.91.07, P2, 55, 296.93 W, 100 %, 100 %, 21532 MiB, 24564 MiB, 2640 MHz, 10251 MHz
2026/09/13 13:32:37.435, NVIDIA GeForce RTX 4090, GPU-457328ff-6f8e-1f53-8cc3-68ae75d90604, 595.91.07, P2, 55, 296.74 W, 100 %, 100 %, 21532 MiB, 24564 MiB, 2640 MHz, 10251 MHz
2026/09/13 13:32:38.437, NVIDIA GeForce RTX 4090, GPU-457328ff-6f8e-1f53-8cc3-68ae75d90604, 595.91.07, P2, 55, 296.39 W, 100 %, 100 %, 21532 MiB, 24564 MiB, 2640 MHz, 10251 MHz
2026/09/13 13:32:39.439, NVIDIA GeForce RTX 4090, GPU-457328ff-6f8e-1f53-8cc3-68ae75d90604, 595.91.07, P2, 55, 296.32 W, 100 %, 100 %, 21532 MiB, 24564 MiB, 2640 MHz, 10251 MHz
2026/09/13 13:32:40.440, NVIDIA GeForce RTX 4090, GPU-457328ff-6f8e-1f53-8cc3-68ae75d90604, 595.91.07, P2, 55, 295.74 W, 100 %, 100 %, 21532 MiB, 24564 MiB, 2640 MHz, 10251 MHz
2026/09/13 13:32:41.442, NVIDIA GeForce RTX 4090, GPU-457328ff-6f8e-1f53-8cc3-68ae75d90604, 595.91.07, P2, 55, 280.86 W, 100 %, 100 %, 21532 MiB, 24564 MiB, 2640 MHz, 10251 MHz
2026/09/13 13:32:42.444, NVIDIA GeForce RTX 4090, GPU-457328ff-6f8e-1f53-8cc3-68ae75d90604, 595.91.07, P2, 55, 297.64 W, 100 %, 100 %, 21532 MiB, 24564 MiB, 2640 MHz, 10251 MHz
2026/09/13 13:32:43.447, NVIDIA GeForce RTX 4090, GPU-457328ff-6f8e-1f53-8cc3-68ae75d90604, 595.91.07, P2, 55, 297.86 W, 100 %, 100 %, 21532 MiB, 24564 MiB, 2640 MHz, 10251 MHz
2026/09/13 13:32:44.449, NVIDIA GeForce RTX 4090, GPU-457328ff-6f8e-1f53-8cc3-68ae75d90604, 595.91.07, P2, 55, 297.79 W, 100 %, 100 %, 21532 MiB, 24564 MiB, 2640 MHz, 10251 MHz
2026/09/13 13:32:45.451, NVIDIA GeForce RTX 4090, GPU-457328ff-6f8e-1f53-8cc3-68ae75d90604, 595.91.07, P2, 55, 297.40 W, 100 %, 100 %, 21532 MiB, 24564 MiB, 2640 MHz, 10251 MHz
2026/09/13 13:32:46.452, NVIDIA GeForce RTX 4090, GPU-457328ff-6f8e-1f53-8cc3-68ae75d90604, 595.91.07, P2, 54, 297.27 W, 100 %, 100 %, 21532 MiB, 24564 MiB, 2640 MHz, 10251 MHz
2026/09/13 13:32:47.454, NVIDIA GeForce RTX 4090, GPU-457328ff-6f8e-1f53-8cc3-68ae75d90604, 595.91.07, P2, 54, 297.04 W, 100 %, 100 %, 21532 MiB, 24564 MiB, 2640 MHz, 10251 MHz
2026/09/13 13:32:48.456, NVIDIA GeForce RTX 4090, GPU-457328ff-6f8e-1f53-8cc3-68ae75d90604, 595.91.07, P2, 54, 296.57 W, 100 %, 100 %, 21532 MiB, 24564 MiB, 2640 MHz, 10251 MHz
2026/09/13 13:32:49.457, NVIDIA GeForce RTX 4090, GPU-457328ff-6f8e-1f53-8cc3-68ae75d90604, 595.91.07, P2, 54, 296.98 W, 100 %, 100 %, 21532 MiB, 24564 MiB, 2640 MHz, 10251 MHz
2026/09/13 13:32:50.459, NVIDIA GeForce RTX 4090, GPU-457328ff-6f8e-1f53-8cc3-68ae75d90604, 595.91.07, P2, 54, 296.58 W, 100 %, 100 %, 21532 MiB, 24564 MiB, 2640 MHz, 10251 MHz
2026/09/13 13:32:51.481, NVIDIA GeForce RTX 4090, GPU-457328ff-6f8e-1f53-8cc3-68ae75d90604, 595.91.07, P2, 54, 296.08 W, 100 %, 100 %, 21532 MiB, 24564 MiB, 2640 MHz, 10251 MHz
2026/09/13 13:32:52.482, NVIDIA GeForce RTX 4090, GPU-457328ff-6f8e-1f53-8cc3-68ae75d90604, 595.91.07, P2, 54, 296.03 W, 100 %, 100 %, 21532 MiB, 24564 MiB, 2640 MHz, 10251 MHz
2026/09/13 13:32:53.484, NVIDIA GeForce RTX 4090, GPU-457328ff-6f8e-1f53-8cc3-68ae75d90604, 595.91.07, P2, 54, 296.07 W, 100 %, 100 %, 21532 MiB, 24564 MiB, 2640 MHz, 10251 MHz
2026/09/13 13:32:54.486, NVIDIA GeForce RTX 4090, GPU-457328ff-6f8e-1f53-8cc3-68ae75d90604, 595.91.07, P2, 54, 296.12 W, 100 %, 100 %, 21532 MiB, 24564 MiB, 2640 MHz, 10251 MHz
2026/09/13 13:32:55.487, NVIDIA GeForce RTX 4090, GPU-457328ff-6f8e-1f53-8cc3-68ae75d90604, 595.91.07, P2, 54, 296.01 W, 100 %, 100 %, 21532 MiB, 24564 MiB, 2640 MHz, 10251 MHz
2026/09/13 13:32:56.488, NVIDIA GeForce RTX 4090, GPU-457328ff-6f8e-1f53-8cc3-68ae75d90604, 595.91.07, P2, 54, 295.67 W, 100 %, 100 %, 21532 MiB, 24564 MiB, 2640 MHz, 10251 MHz
2026/09/13 13:32:57.490, NVIDIA GeForce RTX 4090, GPU-457328ff-6f8e-1f53-8cc3-68ae75d90604, 595.91.07, P2, 54, 286.12 W, 100 %, 100 %, 21532 MiB, 24564 MiB, 2640 MHz, 10251 MHz
2026/09/13 13:32:58.491, NVIDIA GeForce RTX 4090, GPU-457328ff-6f8e-1f53-8cc3-68ae75d90604, 595.91.07, P2, 54, 297.05 W, 100 %, 100 %, 21532 MiB, 24564 MiB, 2640 MHz, 10251 MHz
2026/09/13 13:32:59.492, NVIDIA GeForce RTX 4090, GPU-457328ff-6f8e-1f53-8cc3-68ae75d90604, 595.91.07, P2, 54, 297.06 W, 100 %, 100 %, 21532 MiB, 24564 MiB, 2640 MHz, 10251 MHz
2026/09/13 13:33:00.494, NVIDIA GeForce RTX 4090, GPU-457328ff-6f8e-1f53-8cc3-68ae75d90604, 595.91.07, P2, 54, 296.74 W, 100 %, 100 %, 21532 MiB, 24564 MiB, 2640 MHz, 10251 MHz
2026/09/13 13:33:01.494, NVIDIA GeForce RTX 4090, GPU-457328ff-6f8e-1f53-8cc3-68ae75d90604, 595.91.07, P2, 54, 297.00 W, 100 %, 100 %, 21532 MiB, 24564 MiB, 2640 MHz, 10251 MHz
2026/09/13 13:33:02.496, NVIDIA GeForce RTX 4090, GPU-457328ff-6f8e-1f53-8cc3-68ae75d90604, 595.91.07, P2, 54, 296.82 W, 100 %, 100 %, 21532 MiB, 24564 MiB, 2640 MHz, 10251 MHz
2026/09/13 13:33:03.498, NVIDIA GeForce RTX 4090, GPU-457328ff-6f8e-1f53-8cc3-68ae75d90604, 595.91.07, P2, 54, 296.39 W, 100 %, 100 %, 21532 MiB, 24564 MiB, 2640 MHz, 10251 MHz
2026/09/13 13:33:04.499, NVIDIA GeForce RTX 4090, GPU-457328ff-6f8e-1f53-8cc3-68ae75d90604, 595.91.07, P2, 54, 296.43 W, 100 %, 100 %, 21532 MiB, 24564 MiB, 2640 MHz, 10251 MHz
2026/09/13 13:33:05.501, NVIDIA GeForce RTX 4090, GPU-457328ff-6f8e-1f53-8cc3-68ae75d90604, 595.91.07, P2, 54, 296.33 W, 100 %, 100 %, 21532 MiB, 24564 MiB, 2640 MHz, 10251 MHz
2026/09/13 13:33:06.502, NVIDIA GeForce RTX 4090, GPU-457328ff-6f8e-1f53-8cc3-68ae75d90604, 595.91.07, P2, 54, 296.10 W, 100 %, 100 %, 21532 MiB, 24564 MiB, 2640 MHz, 10251 MHz
2026/09/13 13:33:07.504, NVIDIA GeForce RTX 4090, GPU-457328ff-6f8e-1f53-8cc3-68ae75d90604, 595.91.07, P2, 54, 288.34 W, 100 %, 100 %, 21532 MiB, 24564 MiB, 2640 MHz, 10251 MHz
2026/09/13 13:33:08.505, NVIDIA GeForce RTX 4090, GPU-457328ff-6f8e-1f53-8cc3-68ae75d90604, 595.91.07, P2, 54, 297.57 W, 100 %, 100 %, 21532 MiB, 24564 MiB, 2640 MHz, 10251 MHz
2026/09/13 13:33:09.508, NVIDIA GeForce RTX 4090, GPU-457328ff-6f8e-1f53-8cc3-68ae75d90604, 595.91.07, P2, 54, 297.17 W, 100 %, 100 %, 21532 MiB, 24564 MiB, 2640 MHz, 10251 MHz
2026/09/13 13:33:10.509, NVIDIA GeForce RTX 4090, GPU-457328ff-6f8e-1f53-8cc3-68ae75d90604, 595.91.07, P2, 54, 297.00 W, 100 %, 100 %, 21532 MiB, 24564 MiB, 2640 MHz, 10251 MHz
2026/09/13 13:33:11.510, NVIDIA GeForce RTX 4090, GPU-457328ff-6f8e-1f53-8cc3-68ae75d90604, 595.91.07, P2, 54, 297.15 W, 100 %, 100 %, 21532 MiB, 24564 MiB, 2640 MHz, 10251 MHz
2026/09/13 13:33:12.512, NVIDIA GeForce RTX 4090, GPU-457328ff-6f8e-1f53-8cc3-68ae75d90604, 595.91.07, P2, 54, 296.80 W, 100 %, 100 %, 21532 MiB, 24564 MiB, 2640 MHz, 10251 MHz
2026/09/13 13:33:13.513, NVIDIA GeForce RTX 4090, GPU-457328ff-6f8e-1f53-8cc3-68ae75d90604, 595.91.07, P2, 54, 296.80 W, 100 %, 100 %, 21532 MiB, 24564 MiB, 2640 MHz, 10251 MHz
2026/09/13 13:33:14.515, NVIDIA GeForce RTX 4090, GPU-457328ff-6f8e-1f53-8cc3-68ae75d90604, 595.91.07, P2, 54, 296.73 W, 100 %, 100 %, 21532 MiB, 24564 MiB, 2640 MHz, 10251 MHz
2026/09/13 13:33:15.517, NVIDIA GeForce RTX 4090, GPU-457328ff-6f8e-1f53-8cc3-68ae75d90604, 595.91.07, P2, 54, 296.19 W, 100 %, 100 %, 21532 MiB, 24564 MiB, 2640 MHz, 10251 MHz
2026/09/13 13:33:16.518, NVIDIA GeForce RTX 4090, GPU-457328ff-6f8e-1f53-8cc3-68ae75d90604, 595.91.07, P2, 54, 296.07 W, 100 %, 100 %, 21532 MiB, 24564 MiB, 2640 MHz, 10251 MHz
2026/09/13 13:33:17.520, NVIDIA GeForce RTX 4090, GPU-457328ff-6f8e-1f53-8cc3-68ae75d90604, 595.91.07, P2, 54, 295.58 W, 100 %, 100 %, 21532 MiB, 24564 MiB, 2640 MHz, 10251 MHz
2026/09/13 13:33:18.521, NVIDIA GeForce RTX 4090, GPU-457328ff-6f8e-1f53-8cc3-68ae75d90604, 595.91.07, P2, 54, 295.49 W, 100 %, 100 %, 21532 MiB, 24564 MiB, 2640 MHz, 10251 MHz
2026/09/13 13:33:19.523, NVIDIA GeForce RTX 4090, GPU-457328ff-6f8e-1f53-8cc3-68ae75d90604, 595.91.07, P2, 54, 295.28 W, 100 %, 100 %, 21532 MiB, 24564 MiB, 2640 MHz, 10251 MHz
2026/09/13 13:33:20.525, NVIDIA GeForce RTX 4090, GPU-457328ff-6f8e-1f53-8cc3-68ae75d90604, 595.91.07, P2, 54, 295.34 W, 100 %, 100 %, 21532 MiB, 24564 MiB, 2640 MHz, 10251 MHz
2026/09/13 13:33:21.527, NVIDIA GeForce RTX 4090, GPU-457328ff-6f8e-1f53-8cc3-68ae75d90604, 595.91.07, P2, 53, 295.21 W, 100 %, 100 %, 21532 MiB, 24564 MiB, 2640 MHz, 10251 MHz
2026/09/13 13:33:22.528, NVIDIA GeForce RTX 4090, GPU-457328ff-6f8e-1f53-8cc3-68ae75d90604, 595.91.07, P2, 53, 295.67 W, 100 %, 100 %, 21532 MiB, 24564 MiB, 2640 MHz, 10251 MHz
2026/09/13 13:33:23.530, NVIDIA GeForce RTX 4090, GPU-457328ff-6f8e-1f53-8cc3-68ae75d90604, 595.91.07, P2, 53, 286.84 W, 100 %, 100 %, 21532 MiB, 24564 MiB, 2640 MHz, 10251 MHz
2026/09/13 13:33:24.532, NVIDIA GeForce RTX 4090, GPU-457328ff-6f8e-1f53-8cc3-68ae75d90604, 595.91.07, P2, 53, 297.35 W, 100 %, 100 %, 21532 MiB, 24564 MiB, 2640 MHz, 10251 MHz
2026/09/13 13:33:25.533, NVIDIA GeForce RTX 4090, GPU-457328ff-6f8e-1f53-8cc3-68ae75d90604, 595.91.07, P2, 53, 297.22 W, 100 %, 100 %, 21532 MiB, 24564 MiB, 2640 MHz, 10251 MHz
2026/09/13 13:33:26.534, NVIDIA GeForce RTX 4090, GPU-457328ff-6f8e-1f53-8cc3-68ae75d90604, 595.91.07, P2, 53, 296.98 W, 100 %, 100 %, 21532 MiB, 24564 MiB, 2640 MHz, 10251 MHz
2026/09/13 13:33:27.536, NVIDIA GeForce RTX 4090, GPU-457328ff-6f8e-1f53-8cc3-68ae75d90604, 595.91.07, P2, 53, 296.85 W, 100 %, 100 %, 21532 MiB, 24564 MiB, 2640 MHz, 10251 MHz
2026/09/13 13:33:28.537, NVIDIA GeForce RTX 4090, GPU-457328ff-6f8e-1f53-8cc3-68ae75d90604, 595.91.07, P2, 53, 296.43 W, 100 %, 100 %, 21532 MiB, 24564 MiB, 2640 MHz, 10251 MHz
2026/09/13 13:33:29.539, NVIDIA GeForce RTX 4090, GPU-457328ff-6f8e-1f53-8cc3-68ae75d90604, 595.91.07, P2, 53, 296.21 W, 100 %, 100 %, 21532 MiB, 24564 MiB, 2640 MHz, 10251 MHz
2026/09/13 13:33:30.540, NVIDIA GeForce RTX 4090, GPU-457328ff-6f8e-1f53-8cc3-68ae75d90604, 595.91.07, P2, 53, 296.23 W, 100 %, 100 %, 21532 MiB, 24564 MiB, 2640 MHz, 10251 MHz
2026/09/13 13:33:31.541, NVIDIA GeForce RTX 4090, GPU-457328ff-6f8e-1f53-8cc3-68ae75d90604, 595.91.07, P2, 53, 296.09 W, 100 %, 100 %, 21532 MiB, 24564 MiB, 2640 MHz, 10251 MHz
2026/09/13 13:33:32.543, NVIDIA GeForce RTX 4090, GPU-457328ff-6f8e-1f53-8cc3-68ae75d90604, 595.91.07, P2, 53, 295.93 W, 100 %, 100 %, 21532 MiB, 24564 MiB, 2640 MHz, 10251 MHz
2026/09/13 13:33:33.544, NVIDIA GeForce RTX 4090, GPU-457328ff-6f8e-1f53-8cc3-68ae75d90604, 595.91.07, P2, 53, 296.12 W, 100 %, 100 %, 21532 MiB, 24564 MiB, 2640 MHz, 10251 MHz
2026/09/13 13:33:34.545, NVIDIA GeForce RTX 4090, GPU-457328ff-6f8e-1f53-8cc3-68ae75d90604, 595.91.07, P2, 53, 296.23 W, 100 %, 100 %, 21532 MiB, 24564 MiB, 2640 MHz, 10251 MHz
2026/09/13 13:33:35.547, NVIDIA GeForce RTX 4090, GPU-457328ff-6f8e-1f53-8cc3-68ae75d90604, 595.91.07, P2, 53, 296.07 W, 100 %, 100 %, 21532 MiB, 24564 MiB, 2640 MHz, 10251 MHz
2026/09/13 13:33:36.548, NVIDIA GeForce RTX 4090, GPU-457328ff-6f8e-1f53-8cc3-68ae75d90604, 595.91.07, P2, 53, 295.48 W, 100 %, 100 %, 21532 MiB, 24564 MiB, 2640 MHz, 10251 MHz
2026/09/13 13:33:37.550, NVIDIA GeForce RTX 4090, GPU-457328ff-6f8e-1f53-8cc3-68ae75d90604, 595.91.07, P2, 53, 295.60 W, 100 %, 100 %, 21532 MiB, 24564 MiB, 2640 MHz, 10251 MHz
2026/09/13 13:33:38.551, NVIDIA GeForce RTX 4090, GPU-457328ff-6f8e-1f53-8cc3-68ae75d90604, 595.91.07, P2, 53, 295.55 W, 100 %, 100 %, 21532 MiB, 24564 MiB, 2640 MHz, 10251 MHz
2026/09/13 13:33:39.553, NVIDIA GeForce RTX 4090, GPU-457328ff-6f8e-1f53-8cc3-68ae75d90604, 595.91.07, P2, 53, 295.47 W, 100 %, 100 %, 21532 MiB, 24564 MiB, 2640 MHz, 10251 MHz
2026/09/13 13:33:40.554, NVIDIA GeForce RTX 4090, GPU-457328ff-6f8e-1f53-8cc3-68ae75d90604, 595.91.07, P2, 53, 295.50 W, 100 %, 100 %, 21532 MiB, 24564 MiB, 2640 MHz, 10251 MHz
2026/09/13 13:33:41.555, NVIDIA GeForce RTX 4090, GPU-457328ff-6f8e-1f53-8cc3-68ae75d90604, 595.91.07, P2, 53, 295.60 W, 100 %, 100 %, 21532 MiB, 24564 MiB, 2640 MHz, 10251 MHz
2026/09/13 13:33:42.557, NVIDIA GeForce RTX 4090, GPU-457328ff-6f8e-1f53-8cc3-68ae75d90604, 595.91.07, P2, 53, 295.57 W, 100 %, 100 %, 21532 MiB, 24564 MiB, 2640 MHz, 10251 MHz
2026/09/13 13:33:43.558, NVIDIA GeForce RTX 4090, GPU-457328ff-6f8e-1f53-8cc3-68ae75d90604, 595.91.07, P2, 53, 295.57 W, 100 %, 100 %, 21532 MiB, 24564 MiB, 2640 MHz, 10251 MHz
2026/09/13 13:33:44.560, NVIDIA GeForce RTX 4090, GPU-457328ff-6f8e-1f53-8cc3-68ae75d90604, 595.91.07, P2, 53, 295.46 W, 100 %, 100 %, 21532 MiB, 24564 MiB, 2640 MHz, 10251 MHz
2026/09/13 13:33:45.562, NVIDIA GeForce RTX 4090, GPU-457328ff-6f8e-1f53-8cc3-68ae75d90604, 595.91.07, P2, 53, 295.61 W, 100 %, 100 %, 21532 MiB, 24564 MiB, 2640 MHz, 10251 MHz
2026/09/13 13:33:46.564, NVIDIA GeForce RTX 4090, GPU-457328ff-6f8e-1f53-8cc3-68ae75d90604, 595.91.07, P2, 53, 295.75 W, 100 %, 100 %, 21532 MiB, 24564 MiB, 2640 MHz, 10251 MHz
2026/09/13 13:33:47.565, NVIDIA GeForce RTX 4090, GPU-457328ff-6f8e-1f53-8cc3-68ae75d90604, 595.91.07, P2, 53, 295.62 W, 100 %, 100 %, 21532 MiB, 24564 MiB, 2640 MHz, 10251 MHz
2026/09/13 13:33:48.567, NVIDIA GeForce RTX 4090, GPU-457328ff-6f8e-1f53-8cc3-68ae75d90604, 595.91.07, P2, 53, 295.59 W, 100 %, 100 %, 21532 MiB, 24564 MiB, 2640 MHz, 10251 MHz
2026/09/13 13:33:49.568, NVIDIA GeForce RTX 4090, GPU-457328ff-6f8e-1f53-8cc3-68ae75d90604, 595.91.07, P2, 53, 295.51 W, 100 %, 100 %, 21532 MiB, 24564 MiB, 2640 MHz, 10251 MHz
2026/09/13 13:33:50.570, NVIDIA GeForce RTX 4090, GPU-457328ff-6f8e-1f53-8cc3-68ae75d90604, 595.91.07, P2, 53, 295.69 W, 100 %, 100 %, 21532 MiB, 24564 MiB, 2640 MHz, 10251 MHz
2026/09/13 13:33:51.572, NVIDIA GeForce RTX 4090, GPU-457328ff-6f8e-1f53-8cc3-68ae75d90604, 595.91.07, P2, 53, 283.43 W, 100 %, 100 %, 21532 MiB, 24564 MiB, 2640 MHz, 10251 MHz
2026/09/13 13:33:52.574, NVIDIA GeForce RTX 4090, GPU-457328ff-6f8e-1f53-8cc3-68ae75d90604, 595.91.07, P2, 54, 297.57 W, 100 %, 100 %, 21532 MiB, 24564 MiB, 2640 MHz, 10251 MHz
2026/09/13 13:33:53.575, NVIDIA GeForce RTX 4090, GPU-457328ff-6f8e-1f53-8cc3-68ae75d90604, 595.91.07, P2, 54, 297.49 W, 100 %, 100 %, 21532 MiB, 24564 MiB, 2640 MHz, 10251 MHz
2026/09/13 13:33:54.577, NVIDIA GeForce RTX 4090, GPU-457328ff-6f8e-1f53-8cc3-68ae75d90604, 595.91.07, P2, 54, 297.64 W, 100 %, 100 %, 21532 MiB, 24564 MiB, 2640 MHz, 10251 MHz
2026/09/13 13:33:55.579, NVIDIA GeForce RTX 4090, GPU-457328ff-6f8e-1f53-8cc3-68ae75d90604, 595.91.07, P2, 54, 297.32 W, 100 %, 100 %, 21532 MiB, 24564 MiB, 2640 MHz, 10251 MHz
2026/09/13 13:33:56.581, NVIDIA GeForce RTX 4090, GPU-457328ff-6f8e-1f53-8cc3-68ae75d90604, 595.91.07, P2, 54, 297.18 W, 100 %, 100 %, 21532 MiB, 24564 MiB, 2640 MHz, 10251 MHz
2026/09/13 13:33:57.583, NVIDIA GeForce RTX 4090, GPU-457328ff-6f8e-1f53-8cc3-68ae75d90604, 595.91.07, P2, 54, 296.98 W, 100 %, 100 %, 21532 MiB, 24564 MiB, 2640 MHz, 10251 MHz
2026/09/13 13:33:58.585, NVIDIA GeForce RTX 4090, GPU-457328ff-6f8e-1f53-8cc3-68ae75d90604, 595.91.07, P2, 54, 296.79 W, 100 %, 100 %, 21532 MiB, 24564 MiB, 2640 MHz, 10251 MHz
2026/09/13 13:33:59.586, NVIDIA GeForce RTX 4090, GPU-457328ff-6f8e-1f53-8cc3-68ae75d90604, 595.91.07, P2, 54, 296.87 W, 100 %, 100 %, 21532 MiB, 24564 MiB, 2640 MHz, 10251 MHz
2026/09/13 13:34:00.588, NVIDIA GeForce RTX 4090, GPU-457328ff-6f8e-1f53-8cc3-68ae75d90604, 595.91.07, P2, 54, 296.70 W, 100 %, 100 %, 21532 MiB, 24564 MiB, 2640 MHz, 10251 MHz
2026/09/13 13:34:01.590, NVIDIA GeForce RTX 4090, GPU-457328ff-6f8e-1f53-8cc3-68ae75d90604, 595.91.07, P2, 54, 296.38 W, 100 %, 100 %, 21532 MiB, 24564 MiB, 2640 MHz, 10251 MHz
2026/09/13 13:34:02.591, NVIDIA GeForce RTX 4090, GPU-457328ff-6f8e-1f53-8cc3-68ae75d90604, 595.91.07, P2, 54, 296.35 W, 100 %, 100 %, 21532 MiB, 24564 MiB, 2640 MHz, 10251 MHz
2026/09/13 13:34:03.593, NVIDIA GeForce RTX 4090, GPU-457328ff-6f8e-1f53-8cc3-68ae75d90604, 595.91.07, P2, 54, 296.09 W, 100 %, 100 %, 21532 MiB, 24564 MiB, 2640 MHz, 10251 MHz
2026/09/13 13:34:04.594, NVIDIA GeForce RTX 4090, GPU-457328ff-6f8e-1f53-8cc3-68ae75d90604, 595.91.07, P2, 54, 295.63 W, 100 %, 100 %, 21532 MiB, 24564 MiB, 2640 MHz, 10251 MHz
2026/09/13 13:34:05.596, NVIDIA GeForce RTX 4090, GPU-457328ff-6f8e-1f53-8cc3-68ae75d90604, 595.91.07, P2, 54, 290.46 W, 100 %, 100 %, 21532 MiB, 24564 MiB, 2640 MHz, 10251 MHz
2026/09/13 13:34:06.597, NVIDIA GeForce RTX 4090, GPU-457328ff-6f8e-1f53-8cc3-68ae75d90604, 595.91.07, P2, 54, 297.85 W, 100 %, 100 %, 21532 MiB, 24564 MiB, 2640 MHz, 10251 MHz
2026/09/13 13:34:07.599, NVIDIA GeForce RTX 4090, GPU-457328ff-6f8e-1f53-8cc3-68ae75d90604, 595.91.07, P2, 54, 297.99 W, 100 %, 100 %, 21532 MiB, 24564 MiB, 2640 MHz, 10251 MHz
2026/09/13 13:34:08.600, NVIDIA GeForce RTX 4090, GPU-457328ff-6f8e-1f53-8cc3-68ae75d90604, 595.91.07, P2, 54, 297.71 W, 100 %, 100 %, 21532 MiB, 24564 MiB, 2640 MHz, 10251 MHz
2026/09/13 13:34:09.602, NVIDIA GeForce RTX 4090, GPU-457328ff-6f8e-1f53-8cc3-68ae75d90604, 595.91.07, P2, 54, 297.73 W, 100 %, 100 %, 21532 MiB, 24564 MiB, 2640 MHz, 10251 MHz
2026/09/13 13:34:10.604, NVIDIA GeForce RTX 4090, GPU-457328ff-6f8e-1f53-8cc3-68ae75d90604, 595.91.07, P2, 54, 297.52 W, 100 %, 100 %, 21532 MiB, 24564 MiB, 2640 MHz, 10251 MHz
2026/09/13 13:34:11.605, NVIDIA GeForce RTX 4090, GPU-457328ff-6f8e-1f53-8cc3-68ae75d90604, 595.91.07, P2, 54, 296.94 W, 100 %, 100 %, 21532 MiB, 24564 MiB, 2640 MHz, 10251 MHz
2026/09/13 13:34:12.607, NVIDIA GeForce RTX 4090, GPU-457328ff-6f8e-1f53-8cc3-68ae75d90604, 595.91.07, P2, 54, 296.88 W, 100 %, 100 %, 21532 MiB, 24564 MiB, 2640 MHz, 10251 MHz
2026/09/13 13:34:13.608, NVIDIA GeForce RTX 4090, GPU-457328ff-6f8e-1f53-8cc3-68ae75d90604, 595.91.07, P2, 54, 296.30 W, 100 %, 100 %, 21532 MiB, 24564 MiB, 2640 MHz, 10251 MHz
2026/09/13 13:34:14.610, NVIDIA GeForce RTX 4090, GPU-457328ff-6f8e-1f53-8cc3-68ae75d90604, 595.91.07, P2, 54, 296.36 W, 100 %, 100 %, 21532 MiB, 24564 MiB, 2640 MHz, 10251 MHz
2026/09/13 13:34:15.611, NVIDIA GeForce RTX 4090, GPU-457328ff-6f8e-1f53-8cc3-68ae75d90604, 595.91.07, P2, 54, 296.24 W, 100 %, 100 %, 21532 MiB, 24564 MiB, 2640 MHz, 10251 MHz
2026/09/13 13:34:16.612, NVIDIA GeForce RTX 4090, GPU-457328ff-6f8e-1f53-8cc3-68ae75d90604, 595.91.07, P2, 54, 295.87 W, 100 %, 100 %, 21532 MiB, 24564 MiB, 2640 MHz, 10251 MHz
2026/09/13 13:34:17.614, NVIDIA GeForce RTX 4090, GPU-457328ff-6f8e-1f53-8cc3-68ae75d90604, 595.91.07, P2, 54, 295.76 W, 100 %, 100 %, 21532 MiB, 24564 MiB, 2640 MHz, 10251 MHz
2026/09/13 13:34:18.615, NVIDIA GeForce RTX 4090, GPU-457328ff-6f8e-1f53-8cc3-68ae75d90604, 595.91.07, P2, 54, 295.45 W, 100 %, 100 %, 21532 MiB, 24564 MiB, 2640 MHz, 10251 MHz
2026/09/13 13:34:19.617, NVIDIA GeForce RTX 4090, GPU-457328ff-6f8e-1f53-8cc3-68ae75d90604, 595.91.07, P2, 54, 295.32 W, 100 %, 100 %, 21532 MiB, 24564 MiB, 2640 MHz, 10251 MHz
2026/09/13 13:34:20.618, NVIDIA GeForce RTX 4090, GPU-457328ff-6f8e-1f53-8cc3-68ae75d90604, 595.91.07, P2, 54, 295.05 W, 100 %, 100 %, 21532 MiB, 24564 MiB, 2640 MHz, 10251 MHz
2026/09/13 13:34:21.620, NVIDIA GeForce RTX 4090, GPU-457328ff-6f8e-1f53-8cc3-68ae75d90604, 595.91.07, P2, 54, 295.25 W, 100 %, 100 %, 21532 MiB, 24564 MiB, 2640 MHz, 10251 MHz
2026/09/13 13:34:22.621, NVIDIA GeForce RTX 4090, GPU-457328ff-6f8e-1f53-8cc3-68ae75d90604, 595.91.07, P2, 54, 295.38 W, 100 %, 100 %, 21532 MiB, 24564 MiB, 2640 MHz, 10251 MHz
2026/09/13 13:34:23.623, NVIDIA GeForce RTX 4090, GPU-457328ff-6f8e-1f53-8cc3-68ae75d90604, 595.91.07, P2, 54, 295.22 W, 100 %, 100 %, 21532 MiB, 24564 MiB, 2640 MHz, 10251 MHz
2026/09/13 13:34:24.625, NVIDIA GeForce RTX 4090, GPU-457328ff-6f8e-1f53-8cc3-68ae75d90604, 595.91.07, P2, 54, 295.32 W, 100 %, 100 %, 21532 MiB, 24564 MiB, 2640 MHz, 10251 MHz
2026/09/13 13:34:25.626, NVIDIA GeForce RTX 4090, GPU-457328ff-6f8e-1f53-8cc3-68ae75d90604, 595.91.07, P2, 54, 295.58 W, 100 %, 100 %, 21532 MiB, 24564 MiB, 2640 MHz, 10251 MHz
2026/09/13 13:34:26.628, NVIDIA GeForce RTX 4090, GPU-457328ff-6f8e-1f53-8cc3-68ae75d90604, 595.91.07, P2, 54, 295.29 W, 100 %, 100 %, 21532 MiB, 24564 MiB, 2640 MHz, 10251 MHz
2026/09/13 13:34:27.630, NVIDIA GeForce RTX 4090, GPU-457328ff-6f8e-1f53-8cc3-68ae75d90604, 595.91.07, P2, 54, 295.42 W, 100 %, 100 %, 21532 MiB, 24564 MiB, 2640 MHz, 10251 MHz
2026/09/13 13:34:28.632, NVIDIA GeForce RTX 4090, GPU-457328ff-6f8e-1f53-8cc3-68ae75d90604, 595.91.07, P2, 54, 295.51 W, 100 %, 100 %, 21532 MiB, 24564 MiB, 2640 MHz, 10251 MHz
2026/09/13 13:34:29.634, NVIDIA GeForce RTX 4090, GPU-457328ff-6f8e-1f53-8cc3-68ae75d90604, 595.91.07, P2, 54, 295.58 W, 100 %, 100 %, 21532 MiB, 24564 MiB, 2640 MHz, 10251 MHz
2026/09/13 13:34:30.635, NVIDIA GeForce RTX 4090, GPU-457328ff-6f8e-1f53-8cc3-68ae75d90604, 595.91.07, P2, 54, 295.71 W, 100 %, 100 %, 21532 MiB, 24564 MiB, 2640 MHz, 10251 MHz
2026/09/13 13:34:31.637, NVIDIA GeForce RTX 4090, GPU-457328ff-6f8e-1f53-8cc3-68ae75d90604, 595.91.07, P2, 54, 286.64 W, 85 %, 87 %, 21532 MiB, 24564 MiB, 2640 MHz, 10251 MHz
2026/09/13 13:34:32.639, NVIDIA GeForce RTX 4090, GPU-457328ff-6f8e-1f53-8cc3-68ae75d90604, 595.91.07, P2, 54, 295.89 W, 100 %, 100 %, 21532 MiB, 24564 MiB, 2640 MHz, 10251 MHz
2026/09/13 13:34:33.641, NVIDIA GeForce RTX 4090, GPU-457328ff-6f8e-1f53-8cc3-68ae75d90604, 595.91.07, P2, 54, 297.20 W, 100 %, 100 %, 21532 MiB, 24564 MiB, 2640 MHz, 10251 MHz
2026/09/13 13:34:34.642, NVIDIA GeForce RTX 4090, GPU-457328ff-6f8e-1f53-8cc3-68ae75d90604, 595.91.07, P2, 54, 297.13 W, 100 %, 100 %, 21532 MiB, 24564 MiB, 2640 MHz, 10251 MHz
2026/09/13 13:34:35.644, NVIDIA GeForce RTX 4090, GPU-457328ff-6f8e-1f53-8cc3-68ae75d90604, 595.91.07, P2, 54, 296.65 W, 100 %, 100 %, 21532 MiB, 24564 MiB, 2640 MHz, 10251 MHz
2026/09/13 13:34:36.645, NVIDIA GeForce RTX 4090, GPU-457328ff-6f8e-1f53-8cc3-68ae75d90604, 595.91.07, P2, 54, 296.52 W, 100 %, 100 %, 21532 MiB, 24564 MiB, 2640 MHz, 10251 MHz
2026/09/13 13:34:37.647, NVIDIA GeForce RTX 4090, GPU-457328ff-6f8e-1f53-8cc3-68ae75d90604, 595.91.07, P2, 54, 296.79 W, 100 %, 100 %, 21532 MiB, 24564 MiB, 2640 MHz, 10251 MHz
2026/09/13 13:34:38.648, NVIDIA GeForce RTX 4090, GPU-457328ff-6f8e-1f53-8cc3-68ae75d90604, 595.91.07, P2, 54, 297.03 W, 100 %, 100 %, 21532 MiB, 24564 MiB, 2640 MHz, 10251 MHz
2026/09/13 13:34:39.650, NVIDIA GeForce RTX 4090, GPU-457328ff-6f8e-1f53-8cc3-68ae75d90604, 595.91.07, P2, 54, 296.85 W, 100 %, 100 %, 21532 MiB, 24564 MiB, 2640 MHz, 10251 MHz
2026/09/13 13:34:40.651, NVIDIA GeForce RTX 4090, GPU-457328ff-6f8e-1f53-8cc3-68ae75d90604, 595.91.07, P2, 54, 296.64 W, 100 %, 100 %, 21532 MiB, 24564 MiB, 2640 MHz, 10251 MHz
2026/09/13 13:34:41.653, NVIDIA GeForce RTX 4090, GPU-457328ff-6f8e-1f53-8cc3-68ae75d90604, 595.91.07, P2, 54, 296.28 W, 100 %, 100 %, 21532 MiB, 24564 MiB, 2640 MHz, 10251 MHz
2026/09/13 13:34:42.654, NVIDIA GeForce RTX 4090, GPU-457328ff-6f8e-1f53-8cc3-68ae75d90604, 595.91.07, P2, 54, 296.22 W, 100 %, 100 %, 21532 MiB, 24564 MiB, 2640 MHz, 10251 MHz
2026/09/13 13:34:43.655, NVIDIA GeForce RTX 4090, GPU-457328ff-6f8e-1f53-8cc3-68ae75d90604, 595.91.07, P2, 54, 296.25 W, 100 %, 100 %, 21532 MiB, 24564 MiB, 2640 MHz, 10251 MHz
2026/09/13 13:34:44.657, NVIDIA GeForce RTX 4090, GPU-457328ff-6f8e-1f53-8cc3-68ae75d90604, 595.91.07, P2, 54, 296.30 W, 100 %, 100 %, 21532 MiB, 24564 MiB, 2640 MHz, 10251 MHz
2026/09/13 13:34:45.658, NVIDIA GeForce RTX 4090, GPU-457328ff-6f8e-1f53-8cc3-68ae75d90604, 595.91.07, P2, 54, 296.77 W, 100 %, 100 %, 21532 MiB, 24564 MiB, 2640 MHz, 10251 MHz
2026/09/13 13:34:46.660, NVIDIA GeForce RTX 4090, GPU-457328ff-6f8e-1f53-8cc3-68ae75d90604, 595.91.07, P2, 55, 294.73 W, 100 %, 100 %, 21532 MiB, 24564 MiB, 2640 MHz, 10251 MHz
2026/09/13 13:34:47.662, NVIDIA GeForce RTX 4090, GPU-457328ff-6f8e-1f53-8cc3-68ae75d90604, 595.91.07, P2, 55, 298.02 W, 100 %, 100 %, 21532 MiB, 24564 MiB, 2640 MHz, 10251 MHz
2026/09/13 13:34:48.663, NVIDIA GeForce RTX 4090, GPU-457328ff-6f8e-1f53-8cc3-68ae75d90604, 595.91.07, P2, 55, 297.98 W, 100 %, 100 %, 21532 MiB, 24564 MiB, 2640 MHz, 10251 MHz
2026/09/13 13:34:49.664, NVIDIA GeForce RTX 4090, GPU-457328ff-6f8e-1f53-8cc3-68ae75d90604, 595.91.07, P2, 55, 297.89 W, 100 %, 100 %, 21532 MiB, 24564 MiB, 2640 MHz, 10251 MHz
2026/09/13 13:34:50.665, NVIDIA GeForce RTX 4090, GPU-457328ff-6f8e-1f53-8cc3-68ae75d90604, 595.91.07, P2, 55, 297.62 W, 100 %, 100 %, 21532 MiB, 24564 MiB, 2640 MHz, 10251 MHz
2026/09/13 13:34:51.667, NVIDIA GeForce RTX 4090, GPU-457328ff-6f8e-1f53-8cc3-68ae75d90604, 595.91.07, P2, 55, 297.52 W, 100 %, 100 %, 21532 MiB, 24564 MiB, 2640 MHz, 10251 MHz
2026/09/13 13:34:52.670, NVIDIA GeForce RTX 4090, GPU-457328ff-6f8e-1f53-8cc3-68ae75d90604, 595.91.07, P2, 55, 297.02 W, 100 %, 100 %, 21532 MiB, 24564 MiB, 2640 MHz, 10251 MHz
2026/09/13 13:34:53.671, NVIDIA GeForce RTX 4090, GPU-457328ff-6f8e-1f53-8cc3-68ae75d90604, 595.91.07, P2, 55, 296.71 W, 100 %, 100 %, 21532 MiB, 24564 MiB, 2640 MHz, 10251 MHz
2026/09/13 13:34:54.673, NVIDIA GeForce RTX 4090, GPU-457328ff-6f8e-1f53-8cc3-68ae75d90604, 595.91.07, P2, 55, 296.65 W, 100 %, 100 %, 21532 MiB, 24564 MiB, 2640 MHz, 10251 MHz
2026/09/13 13:34:55.674, NVIDIA GeForce RTX 4090, GPU-457328ff-6f8e-1f53-8cc3-68ae75d90604, 595.91.07, P2, 55, 296.44 W, 100 %, 100 %, 21532 MiB, 24564 MiB, 2640 MHz, 10251 MHz
2026/09/13 13:34:56.676, NVIDIA GeForce RTX 4090, GPU-457328ff-6f8e-1f53-8cc3-68ae75d90604, 595.91.07, P2, 55, 296.21 W, 100 %, 100 %, 21532 MiB, 24564 MiB, 2640 MHz, 10251 MHz
2026/09/13 13:34:57.678, NVIDIA GeForce RTX 4090, GPU-457328ff-6f8e-1f53-8cc3-68ae75d90604, 595.91.07, P2, 55, 296.23 W, 100 %, 100 %, 21532 MiB, 24564 MiB, 2640 MHz, 10251 MHz
2026/09/13 13:34:58.679, NVIDIA GeForce RTX 4090, GPU-457328ff-6f8e-1f53-8cc3-68ae75d90604, 595.91.07, P2, 55, 295.83 W, 100 %, 100 %, 21532 MiB, 24564 MiB, 2640 MHz, 10251 MHz
2026/09/13 13:34:59.682, NVIDIA GeForce RTX 4090, GPU-457328ff-6f8e-1f53-8cc3-68ae75d90604, 595.91.07, P2, 55, 295.89 W, 100 %, 100 %, 21532 MiB, 24564 MiB, 2640 MHz, 10251 MHz
2026/09/13 13:35:00.685, NVIDIA GeForce RTX 4090, GPU-457328ff-6f8e-1f53-8cc3-68ae75d90604, 595.91.07, P2, 55, 296.08 W, 100 %, 100 %, 21532 MiB, 24564 MiB, 2640 MHz, 10251 MHz
2026/09/13 13:35:01.686, NVIDIA GeForce RTX 4090, GPU-457328ff-6f8e-1f53-8cc3-68ae75d90604, 595.91.07, P2, 55, 296.24 W, 100 %, 100 %, 21532 MiB, 24564 MiB, 2640 MHz, 10251 MHz
2026/09/13 13:35:02.688, NVIDIA GeForce RTX 4090, GPU-457328ff-6f8e-1f53-8cc3-68ae75d90604, 595.91.07, P2, 55, 296.12 W, 100 %, 100 %, 21532 MiB, 24564 MiB, 2640 MHz, 10251 MHz
2026/09/13 13:35:03.690, NVIDIA GeForce RTX 4090, GPU-457328ff-6f8e-1f53-8cc3-68ae75d90604, 595.91.07, P2, 55, 295.99 W, 100 %, 100 %, 21532 MiB, 24564 MiB, 2640 MHz, 10251 MHz
2026/09/13 13:35:04.692, NVIDIA GeForce RTX 4090, GPU-457328ff-6f8e-1f53-8cc3-68ae75d90604, 595.91.07, P2, 55, 296.11 W, 100 %, 100 %, 21532 MiB, 24564 MiB, 2640 MHz, 10251 MHz
2026/09/13 13:35:05.693, NVIDIA GeForce RTX 4090, GPU-457328ff-6f8e-1f53-8cc3-68ae75d90604, 595.91.07, P2, 55, 296.39 W, 100 %, 100 %, 21532 MiB, 24564 MiB, 2640 MHz, 10251 MHz
2026/09/13 13:35:06.695, NVIDIA GeForce RTX 4090, GPU-457328ff-6f8e-1f53-8cc3-68ae75d90604, 595.91.07, P2, 55, 296.52 W, 100 %, 100 %, 21532 MiB, 24564 MiB, 2640 MHz, 10251 MHz
2026/09/13 13:35:07.696, NVIDIA GeForce RTX 4090, GPU-457328ff-6f8e-1f53-8cc3-68ae75d90604, 595.91.07, P2, 55, 296.70 W, 100 %, 100 %, 21532 MiB, 24564 MiB, 2640 MHz, 10251 MHz
2026/09/13 13:35:08.698, NVIDIA GeForce RTX 4090, GPU-457328ff-6f8e-1f53-8cc3-68ae75d90604, 595.91.07, P2, 55, 296.50 W, 100 %, 100 %, 21532 MiB, 24564 MiB, 2640 MHz, 10251 MHz
2026/09/13 13:35:09.699, NVIDIA GeForce RTX 4090, GPU-457328ff-6f8e-1f53-8cc3-68ae75d90604, 595.91.07, P2, 55, 296.61 W, 100 %, 100 %, 21532 MiB, 24564 MiB, 2640 MHz, 10251 MHz
2026/09/13 13:35:10.700, NVIDIA GeForce RTX 4090, GPU-457328ff-6f8e-1f53-8cc3-68ae75d90604, 595.91.07, P2, 55, 296.72 W, 100 %, 100 %, 21532 MiB, 24564 MiB, 2640 MHz, 10251 MHz
2026/09/13 13:35:11.701, NVIDIA GeForce RTX 4090, GPU-457328ff-6f8e-1f53-8cc3-68ae75d90604, 595.91.07, P2, 55, 296.80 W, 100 %, 100 %, 21532 MiB, 24564 MiB, 2640 MHz, 10251 MHz
2026/09/13 13:35:12.702, NVIDIA GeForce RTX 4090, GPU-457328ff-6f8e-1f53-8cc3-68ae75d90604, 595.91.07, P2, 55, 296.71 W, 100 %, 100 %, 21532 MiB, 24564 MiB, 2640 MHz, 10251 MHz
2026/09/13 13:35:13.704, NVIDIA GeForce RTX 4090, GPU-457328ff-6f8e-1f53-8cc3-68ae75d90604, 595.91.07, P2, 55, 296.81 W, 100 %, 100 %, 21532 MiB, 24564 MiB, 2640 MHz, 10251 MHz
2026/09/13 13:35:14.705, NVIDIA GeForce RTX 4090, GPU-457328ff-6f8e-1f53-8cc3-68ae75d90604, 595.91.07, P2, 55, 296.96 W, 100 %, 100 %, 21532 MiB, 24564 MiB, 2640 MHz, 10251 MHz
2026/09/13 13:35:15.706, NVIDIA GeForce RTX 4090, GPU-457328ff-6f8e-1f53-8cc3-68ae75d90604, 595.91.07, P2, 53, 297.66 W, 100 %, 100 %, 21532 MiB, 24564 MiB, 2640 MHz, 10251 MHz
2026/09/13 13:35:16.708, NVIDIA GeForce RTX 4090, GPU-457328ff-6f8e-1f53-8cc3-68ae75d90604, 595.91.07, P2, 55, 288.41 W, 100 %, 100 %, 21532 MiB, 24564 MiB, 2640 MHz, 10251 MHz
2026/09/13 13:35:17.711, NVIDIA GeForce RTX 4090, GPU-457328ff-6f8e-1f53-8cc3-68ae75d90604, 595.91.07, P2, 55, 299.10 W, 100 %, 100 %, 21532 MiB, 24564 MiB, 2640 MHz, 10251 MHz
2026/09/13 13:35:18.713, NVIDIA GeForce RTX 4090, GPU-457328ff-6f8e-1f53-8cc3-68ae75d90604, 595.91.07, P2, 55, 299.04 W, 100 %, 100 %, 21532 MiB, 24564 MiB, 2640 MHz, 10251 MHz
2026/09/13 13:35:19.714, NVIDIA GeForce RTX 4090, GPU-457328ff-6f8e-1f53-8cc3-68ae75d90604, 595.91.07, P2, 55, 298.37 W, 100 %, 100 %, 21532 MiB, 24564 MiB, 2640 MHz, 10251 MHz
2026/09/13 13:35:20.715, NVIDIA GeForce RTX 4090, GPU-457328ff-6f8e-1f53-8cc3-68ae75d90604, 595.91.07, P2, 55, 298.01 W, 100 %, 100 %, 21532 MiB, 24564 MiB, 2640 MHz, 10251 MHz
2026/09/13 13:35:21.716, NVIDIA GeForce RTX 4090, GPU-457328ff-6f8e-1f53-8cc3-68ae75d90604, 595.91.07, P2, 55, 297.52 W, 100 %, 100 %, 21532 MiB, 24564 MiB, 2640 MHz, 10251 MHz
2026/09/13 13:35:22.717, NVIDIA GeForce RTX 4090, GPU-457328ff-6f8e-1f53-8cc3-68ae75d90604, 595.91.07, P2, 55, 297.30 W, 100 %, 100 %, 21532 MiB, 24564 MiB, 2640 MHz, 10251 MHz
2026/09/13 13:35:23.720, NVIDIA GeForce RTX 4090, GPU-457328ff-6f8e-1f53-8cc3-68ae75d90604, 595.91.07, P2, 55, 297.43 W, 100 %, 100 %, 21532 MiB, 24564 MiB, 2640 MHz, 10251 MHz
2026/09/13 13:35:24.721, NVIDIA GeForce RTX 4090, GPU-457328ff-6f8e-1f53-8cc3-68ae75d90604, 595.91.07, P2, 55, 297.40 W, 100 %, 100 %, 21532 MiB, 24564 MiB, 2640 MHz, 10251 MHz
2026/09/13 13:35:25.723, NVIDIA GeForce RTX 4090, GPU-457328ff-6f8e-1f53-8cc3-68ae75d90604, 595.91.07, P2, 56, 297.18 W, 100 %, 100 %, 21532 MiB, 24564 MiB, 2640 MHz, 10251 MHz
2026/09/13 13:35:26.725, NVIDIA GeForce RTX 4090, GPU-457328ff-6f8e-1f53-8cc3-68ae75d90604, 595.91.07, P2, 56, 297.54 W, 100 %, 100 %, 21532 MiB, 24564 MiB, 2640 MHz, 10251 MHz
2026/09/13 13:35:27.726, NVIDIA GeForce RTX 4090, GPU-457328ff-6f8e-1f53-8cc3-68ae75d90604, 595.91.07, P2, 56, 297.42 W, 100 %, 100 %, 21532 MiB, 24564 MiB, 2640 MHz, 10251 MHz
2026/09/13 13:35:28.727, NVIDIA GeForce RTX 4090, GPU-457328ff-6f8e-1f53-8cc3-68ae75d90604, 595.91.07, P2, 56, 292.46 W, 100 %, 100 %, 21532 MiB, 24564 MiB, 2640 MHz, 10251 MHz
2026/09/13 13:35:29.728, NVIDIA GeForce RTX 4090, GPU-457328ff-6f8e-1f53-8cc3-68ae75d90604, 595.91.07, P2, 56, 298.97 W, 100 %, 100 %, 21532 MiB, 24564 MiB, 2640 MHz, 10251 MHz
2026/09/13 13:35:30.731, NVIDIA GeForce RTX 4090, GPU-457328ff-6f8e-1f53-8cc3-68ae75d90604, 595.91.07, P2, 56, 298.59 W, 100 %, 100 %, 21532 MiB, 24564 MiB, 2640 MHz, 10251 MHz
2026/09/13 13:35:31.732, NVIDIA GeForce RTX 4090, GPU-457328ff-6f8e-1f53-8cc3-68ae75d90604, 595.91.07, P2, 56, 299.01 W, 100 %, 100 %, 21532 MiB, 24564 MiB, 2640 MHz, 10251 MHz
2026/09/13 13:35:32.733, NVIDIA GeForce RTX 4090, GPU-457328ff-6f8e-1f53-8cc3-68ae75d90604, 595.91.07, P2, 56, 298.83 W, 100 %, 100 %, 21532 MiB, 24564 MiB, 2640 MHz, 10251 MHz
2026/09/13 13:35:33.734, NVIDIA GeForce RTX 4090, GPU-457328ff-6f8e-1f53-8cc3-68ae75d90604, 595.91.07, P2, 56, 298.64 W, 100 %, 100 %, 21532 MiB, 24564 MiB, 2640 MHz, 10251 MHz
2026/09/13 13:35:34.737, NVIDIA GeForce RTX 4090, GPU-457328ff-6f8e-1f53-8cc3-68ae75d90604, 595.91.07, P2, 56, 298.34 W, 100 %, 100 %, 21532 MiB, 24564 MiB, 2640 MHz, 10251 MHz
2026/09/13 13:35:35.738, NVIDIA GeForce RTX 4090, GPU-457328ff-6f8e-1f53-8cc3-68ae75d90604, 595.91.07, P2, 56, 298.08 W, 100 %, 100 %, 21532 MiB, 24564 MiB, 2640 MHz, 10251 MHz
2026/09/13 13:35:36.740, NVIDIA GeForce RTX 4090, GPU-457328ff-6f8e-1f53-8cc3-68ae75d90604, 595.91.07, P2, 56, 297.70 W, 100 %, 100 %, 21532 MiB, 24564 MiB, 2640 MHz, 10251 MHz
2026/09/13 13:35:37.741, NVIDIA GeForce RTX 4090, GPU-457328ff-6f8e-1f53-8cc3-68ae75d90604, 595.91.07, P2, 56, 297.27 W, 100 %, 100 %, 21532 MiB, 24564 MiB, 2640 MHz, 10251 MHz
2026/09/13 13:35:38.743, NVIDIA GeForce RTX 4090, GPU-457328ff-6f8e-1f53-8cc3-68ae75d90604, 595.91.07, P2, 56, 297.15 W, 100 %, 100 %, 21532 MiB, 24564 MiB, 2640 MHz, 10251 MHz
2026/09/13 13:35:39.745, NVIDIA GeForce RTX 4090, GPU-457328ff-6f8e-1f53-8cc3-68ae75d90604, 595.91.07, P2, 56, 287.48 W, 100 %, 100 %, 21532 MiB, 24564 MiB, 2640 MHz, 10251 MHz
2026/09/13 13:35:40.747, NVIDIA GeForce RTX 4090, GPU-457328ff-6f8e-1f53-8cc3-68ae75d90604, 595.91.07, P2, 56, 298.40 W, 100 %, 100 %, 21532 MiB, 24564 MiB, 2640 MHz, 10251 MHz
2026/09/13 13:35:41.748, NVIDIA GeForce RTX 4090, GPU-457328ff-6f8e-1f53-8cc3-68ae75d90604, 595.91.07, P2, 56, 298.56 W, 100 %, 100 %, 21532 MiB, 24564 MiB, 2640 MHz, 10251 MHz
2026/09/13 13:35:42.750, NVIDIA GeForce RTX 4090, GPU-457328ff-6f8e-1f53-8cc3-68ae75d90604, 595.91.07, P2, 56, 298.57 W, 100 %, 100 %, 21532 MiB, 24564 MiB, 2640 MHz, 10251 MHz
2026/09/13 13:35:43.752, NVIDIA GeForce RTX 4090, GPU-457328ff-6f8e-1f53-8cc3-68ae75d90604, 595.91.07, P2, 56, 298.49 W, 100 %, 100 %, 21532 MiB, 24564 MiB, 2640 MHz, 10251 MHz
2026/09/13 13:35:44.753, NVIDIA GeForce RTX 4090, GPU-457328ff-6f8e-1f53-8cc3-68ae75d90604, 595.91.07, P2, 56, 298.15 W, 100 %, 100 %, 21532 MiB, 24564 MiB, 2640 MHz, 10251 MHz
2026/09/13 13:35:45.755, NVIDIA GeForce RTX 4090, GPU-457328ff-6f8e-1f53-8cc3-68ae75d90604, 595.91.07, P2, 56, 298.33 W, 100 %, 100 %, 21532 MiB, 24564 MiB, 2640 MHz, 10251 MHz
2026/09/13 13:35:46.756, NVIDIA GeForce RTX 4090, GPU-457328ff-6f8e-1f53-8cc3-68ae75d90604, 595.91.07, P2, 56, 298.42 W, 100 %, 100 %, 21532 MiB, 24564 MiB, 2640 MHz, 10251 MHz
2026/09/13 13:35:47.758, NVIDIA GeForce RTX 4090, GPU-457328ff-6f8e-1f53-8cc3-68ae75d90604, 595.91.07, P2, 56, 298.33 W, 100 %, 100 %, 21532 MiB, 24564 MiB, 2640 MHz, 10251 MHz
2026/09/13 13:35:48.760, NVIDIA GeForce RTX 4090, GPU-457328ff-6f8e-1f53-8cc3-68ae75d90604, 595.91.07, P2, 56, 298.19 W, 100 %, 100 %, 21532 MiB, 24564 MiB, 2640 MHz, 10251 MHz
2026/09/13 13:35:49.762, NVIDIA GeForce RTX 4090, GPU-457328ff-6f8e-1f53-8cc3-68ae75d90604, 595.91.07, P2, 56, 297.81 W, 100 %, 100 %, 21532 MiB, 24564 MiB, 2640 MHz, 10251 MHz
2026/09/13 13:35:50.765, NVIDIA GeForce RTX 4090, GPU-457328ff-6f8e-1f53-8cc3-68ae75d90604, 595.91.07, P2, 56, 298.01 W, 100 %, 100 %, 21532 MiB, 24564 MiB, 2640 MHz, 10251 MHz
2026/09/13 13:35:51.767, NVIDIA GeForce RTX 4090, GPU-457328ff-6f8e-1f53-8cc3-68ae75d90604, 595.91.07, P2, 56, 298.13 W, 100 %, 100 %, 21532 MiB, 24564 MiB, 2640 MHz, 10251 MHz
2026/09/13 13:35:52.769, NVIDIA GeForce RTX 4090, GPU-457328ff-6f8e-1f53-8cc3-68ae75d90604, 595.91.07, P2, 56, 297.77 W, 100 %, 100 %, 21532 MiB, 24564 MiB, 2640 MHz, 10251 MHz
2026/09/13 13:35:53.771, NVIDIA GeForce RTX 4090, GPU-457328ff-6f8e-1f53-8cc3-68ae75d90604, 595.91.07, P2, 56, 297.99 W, 100 %, 100 %, 21532 MiB, 24564 MiB, 2640 MHz, 10251 MHz
2026/09/13 13:35:54.774, NVIDIA GeForce RTX 4090, GPU-457328ff-6f8e-1f53-8cc3-68ae75d90604, 595.91.07, P2, 56, 298.24 W, 100 %, 100 %, 21532 MiB, 24564 MiB, 2640 MHz, 10251 MHz
2026/09/13 13:35:55.776, NVIDIA GeForce RTX 4090, GPU-457328ff-6f8e-1f53-8cc3-68ae75d90604, 595.91.07, P2, 56, 298.13 W, 100 %, 100 %, 21532 MiB, 24564 MiB, 2640 MHz, 10251 MHz
2026/09/13 13:35:56.778, NVIDIA GeForce RTX 4090, GPU-457328ff-6f8e-1f53-8cc3-68ae75d90604, 595.91.07, P2, 56, 297.57 W, 100 %, 100 %, 21532 MiB, 24564 MiB, 2640 MHz, 10251 MHz
2026/09/13 13:35:57.781, NVIDIA GeForce RTX 4090, GPU-457328ff-6f8e-1f53-8cc3-68ae75d90604, 595.91.07, P2, 56, 297.54 W, 100 %, 100 %, 21532 MiB, 24564 MiB, 2640 MHz, 10251 MHz
2026/09/13 13:35:58.783, NVIDIA GeForce RTX 4090, GPU-457328ff-6f8e-1f53-8cc3-68ae75d90604, 595.91.07, P2, 56, 297.18 W, 100 %, 100 %, 21532 MiB, 24564 MiB, 2640 MHz, 10251 MHz
2026/09/13 13:35:59.785, NVIDIA GeForce RTX 4090, GPU-457328ff-6f8e-1f53-8cc3-68ae75d90604, 595.91.07, P2, 56, 297.09 W, 100 %, 100 %, 21532 MiB, 24564 MiB, 2640 MHz, 10251 MHz
2026/09/13 13:36:00.787, NVIDIA GeForce RTX 4090, GPU-457328ff-6f8e-1f53-8cc3-68ae75d90604, 595.91.07, P2, 56, 297.05 W, 100 %, 100 %, 21532 MiB, 24564 MiB, 2640 MHz, 10251 MHz
2026/09/13 13:36:01.789, NVIDIA GeForce RTX 4090, GPU-457328ff-6f8e-1f53-8cc3-68ae75d90604, 595.91.07, P2, 56, 297.27 W, 100 %, 100 %, 21532 MiB, 24564 MiB, 2640 MHz, 10251 MHz
2026/09/13 13:36:02.790, NVIDIA GeForce RTX 4090, GPU-457328ff-6f8e-1f53-8cc3-68ae75d90604, 595.91.07, P2, 56, 296.88 W, 100 %, 100 %, 21532 MiB, 24564 MiB, 2640 MHz, 10251 MHz
2026/09/13 13:36:03.792, NVIDIA GeForce RTX 4090, GPU-457328ff-6f8e-1f53-8cc3-68ae75d90604, 595.91.07, P2, 56, 297.06 W, 100 %, 100 %, 21532 MiB, 24564 MiB, 2640 MHz, 10251 MHz
2026/09/13 13:36:04.794, NVIDIA GeForce RTX 4090, GPU-457328ff-6f8e-1f53-8cc3-68ae75d90604, 595.91.07, P2, 56, 296.98 W, 100 %, 100 %, 21532 MiB, 24564 MiB, 2640 MHz, 10251 MHz
2026/09/13 13:36:05.796, NVIDIA GeForce RTX 4090, GPU-457328ff-6f8e-1f53-8cc3-68ae75d90604, 595.91.07, P2, 56, 296.84 W, 100 %, 100 %, 21532 MiB, 24564 MiB, 2640 MHz, 10251 MHz
2026/09/13 13:36:06.798, NVIDIA GeForce RTX 4090, GPU-457328ff-6f8e-1f53-8cc3-68ae75d90604, 595.91.07, P2, 56, 296.83 W, 100 %, 100 %, 21532 MiB, 24564 MiB, 2640 MHz, 10251 MHz
2026/09/13 13:36:07.800, NVIDIA GeForce RTX 4090, GPU-457328ff-6f8e-1f53-8cc3-68ae75d90604, 595.91.07, P2, 56, 296.85 W, 100 %, 100 %, 21532 MiB, 24564 MiB, 2640 MHz, 10251 MHz
2026/09/13 13:36:08.803, NVIDIA GeForce RTX 4090, GPU-457328ff-6f8e-1f53-8cc3-68ae75d90604, 595.91.07, P2, 56, 296.94 W, 100 %, 100 %, 21532 MiB, 24564 MiB, 2640 MHz, 10251 MHz
2026/09/13 13:36:09.805, NVIDIA GeForce RTX 4090, GPU-457328ff-6f8e-1f53-8cc3-68ae75d90604, 595.91.07, P2, 56, 297.47 W, 100 %, 100 %, 21532 MiB, 24564 MiB, 2640 MHz, 10251 MHz
2026/09/13 13:36:10.807, NVIDIA GeForce RTX 4090, GPU-457328ff-6f8e-1f53-8cc3-68ae75d90604, 595.91.07, P2, 56, 297.21 W, 100 %, 100 %, 21532 MiB, 24564 MiB, 2640 MHz, 10251 MHz
2026/09/13 13:36:11.808, NVIDIA GeForce RTX 4090, GPU-457328ff-6f8e-1f53-8cc3-68ae75d90604, 595.91.07, P2, 56, 297.18 W, 100 %, 100 %, 21532 MiB, 24564 MiB, 2640 MHz, 10251 MHz
2026/09/13 13:36:12.811, NVIDIA GeForce RTX 4090, GPU-457328ff-6f8e-1f53-8cc3-68ae75d90604, 595.91.07, P2, 56, 297.05 W, 100 %, 100 %, 21532 MiB, 24564 MiB, 2640 MHz, 10251 MHz
2026/09/13 13:36:13.813, NVIDIA GeForce RTX 4090, GPU-457328ff-6f8e-1f53-8cc3-68ae75d90604, 595.91.07, P2, 56, 296.96 W, 100 %, 100 %, 21532 MiB, 24564 MiB, 2640 MHz, 10251 MHz
2026/09/13 13:36:14.816, NVIDIA GeForce RTX 4090, GPU-457328ff-6f8e-1f53-8cc3-68ae75d90604, 595.91.07, P2, 56, 296.81 W, 100 %, 100 %, 21532 MiB, 24564 MiB, 2640 MHz, 10251 MHz
2026/09/13 13:36:15.819, NVIDIA GeForce RTX 4090, GPU-457328ff-6f8e-1f53-8cc3-68ae75d90604, 595.91.07, P2, 56, 297.15 W, 100 %, 100 %, 21532 MiB, 24564 MiB, 2640 MHz, 10251 MHz
2026/09/13 13:36:16.821, NVIDIA GeForce RTX 4090, GPU-457328ff-6f8e-1f53-8cc3-68ae75d90604, 595.91.07, P2, 56, 297.53 W, 100 %, 100 %, 21532 MiB, 24564 MiB, 2640 MHz, 10251 MHz
2026/09/13 13:36:17.823, NVIDIA GeForce RTX 4090, GPU-457328ff-6f8e-1f53-8cc3-68ae75d90604, 595.91.07, P2, 56, 297.18 W, 100 %, 100 %, 21532 MiB, 24564 MiB, 2640 MHz, 10251 MHz
2026/09/13 13:36:18.825, NVIDIA GeForce RTX 4090, GPU-457328ff-6f8e-1f53-8cc3-68ae75d90604, 595.91.07, P2, 56, 296.55 W, 100 %, 100 %, 21532 MiB, 24564 MiB, 2640 MHz, 10251 MHz
2026/09/13 13:36:19.828, NVIDIA GeForce RTX 4090, GPU-457328ff-6f8e-1f53-8cc3-68ae75d90604, 595.91.07, P2, 56, 295.94 W, 100 %, 100 %, 21532 MiB, 24564 MiB, 2640 MHz, 10251 MHz
2026/09/13 13:36:20.830, NVIDIA GeForce RTX 4090, GPU-457328ff-6f8e-1f53-8cc3-68ae75d90604, 595.91.07, P2, 56, 282.45 W, 100 %, 100 %, 21532 MiB, 24564 MiB, 2640 MHz, 10251 MHz
2026/09/13 13:36:21.832, NVIDIA GeForce RTX 4090, GPU-457328ff-6f8e-1f53-8cc3-68ae75d90604, 595.91.07, P2, 56, 298.81 W, 100 %, 100 %, 21532 MiB, 24564 MiB, 2640 MHz, 10251 MHz
2026/09/13 13:36:22.834, NVIDIA GeForce RTX 4090, GPU-457328ff-6f8e-1f53-8cc3-68ae75d90604, 595.91.07, P2, 56, 298.60 W, 100 %, 100 %, 21532 MiB, 24564 MiB, 2640 MHz, 10251 MHz
2026/09/13 13:36:23.836, NVIDIA GeForce RTX 4090, GPU-457328ff-6f8e-1f53-8cc3-68ae75d90604, 595.91.07, P2, 56, 298.52 W, 100 %, 100 %, 21532 MiB, 24564 MiB, 2640 MHz, 10251 MHz
2026/09/13 13:36:24.838, NVIDIA GeForce RTX 4090, GPU-457328ff-6f8e-1f53-8cc3-68ae75d90604, 595.91.07, P2, 56, 298.70 W, 100 %, 100 %, 21532 MiB, 24564 MiB, 2640 MHz, 10251 MHz
2026/09/13 13:36:25.840, NVIDIA GeForce RTX 4090, GPU-457328ff-6f8e-1f53-8cc3-68ae75d90604, 595.91.07, P2, 56, 298.69 W, 100 %, 100 %, 21532 MiB, 24564 MiB, 2640 MHz, 10251 MHz
2026/09/13 13:36:26.842, NVIDIA GeForce RTX 4090, GPU-457328ff-6f8e-1f53-8cc3-68ae75d90604, 595.91.07, P2, 56, 298.90 W, 100 %, 100 %, 21532 MiB, 24564 MiB, 2640 MHz, 10251 MHz
2026/09/13 13:36:27.844, NVIDIA GeForce RTX 4090, GPU-457328ff-6f8e-1f53-8cc3-68ae75d90604, 595.91.07, P2, 56, 298.73 W, 100 %, 100 %, 21532 MiB, 24564 MiB, 2640 MHz, 10251 MHz
2026/09/13 13:36:28.846, NVIDIA GeForce RTX 4090, GPU-457328ff-6f8e-1f53-8cc3-68ae75d90604, 595.91.07, P2, 56, 297.93 W, 100 %, 100 %, 21532 MiB, 24564 MiB, 2640 MHz, 10251 MHz
2026/09/13 13:36:29.849, NVIDIA GeForce RTX 4090, GPU-457328ff-6f8e-1f53-8cc3-68ae75d90604, 595.91.07, P2, 56, 297.57 W, 100 %, 100 %, 21532 MiB, 24564 MiB, 2640 MHz, 10251 MHz
2026/09/13 13:36:30.850, NVIDIA GeForce RTX 4090, GPU-457328ff-6f8e-1f53-8cc3-68ae75d90604, 595.91.07, P2, 56, 297.32 W, 100 %, 100 %, 21532 MiB, 24564 MiB, 2640 MHz, 10251 MHz
2026/09/13 13:36:31.853, NVIDIA GeForce RTX 4090, GPU-457328ff-6f8e-1f53-8cc3-68ae75d90604, 595.91.07, P2, 56, 297.18 W, 100 %, 100 %, 21532 MiB, 24564 MiB, 2640 MHz, 10251 MHz
2026/09/13 13:36:32.855, NVIDIA GeForce RTX 4090, GPU-457328ff-6f8e-1f53-8cc3-68ae75d90604, 595.91.07, P2, 56, 297.25 W, 100 %, 100 %, 21532 MiB, 24564 MiB, 2640 MHz, 10251 MHz
2026/09/13 13:36:33.857, NVIDIA GeForce RTX 4090, GPU-457328ff-6f8e-1f53-8cc3-68ae75d90604, 595.91.07, P2, 56, 288.20 W, 100 %, 100 %, 21532 MiB, 24564 MiB, 2640 MHz, 10251 MHz
2026/09/13 13:36:34.859, NVIDIA GeForce RTX 4090, GPU-457328ff-6f8e-1f53-8cc3-68ae75d90604, 595.91.07, P2, 56, 298.86 W, 100 %, 100 %, 21532 MiB, 24564 MiB, 2640 MHz, 10251 MHz
2026/09/13 13:36:35.862, NVIDIA GeForce RTX 4090, GPU-457328ff-6f8e-1f53-8cc3-68ae75d90604, 595.91.07, P2, 56, 299.36 W, 100 %, 100 %, 21532 MiB, 24564 MiB, 2640 MHz, 10251 MHz
2026/09/13 13:36:36.864, NVIDIA GeForce RTX 4090, GPU-457328ff-6f8e-1f53-8cc3-68ae75d90604, 595.91.07, P2, 56, 298.86 W, 100 %, 100 %, 21532 MiB, 24564 MiB, 2640 MHz, 10251 MHz
2026/09/13 13:36:37.865, NVIDIA GeForce RTX 4090, GPU-457328ff-6f8e-1f53-8cc3-68ae75d90604, 595.91.07, P2, 56, 298.61 W, 100 %, 100 %, 21532 MiB, 24564 MiB, 2640 MHz, 10251 MHz
2026/09/13 13:36:38.868, NVIDIA GeForce RTX 4090, GPU-457328ff-6f8e-1f53-8cc3-68ae75d90604, 595.91.07, P2, 56, 298.35 W, 100 %, 100 %, 21532 MiB, 24564 MiB, 2640 MHz, 10251 MHz
2026/09/13 13:36:39.869, NVIDIA GeForce RTX 4090, GPU-457328ff-6f8e-1f53-8cc3-68ae75d90604, 595.91.07, P2, 56, 298.22 W, 100 %, 100 %, 21532 MiB, 24564 MiB, 2640 MHz, 10251 MHz
2026/09/13 13:36:40.871, NVIDIA GeForce RTX 4090, GPU-457328ff-6f8e-1f53-8cc3-68ae75d90604, 595.91.07, P2, 56, 297.92 W, 100 %, 100 %, 21532 MiB, 24564 MiB, 2640 MHz, 10251 MHz
2026/09/13 13:36:41.873, NVIDIA GeForce RTX 4090, GPU-457328ff-6f8e-1f53-8cc3-68ae75d90604, 595.91.07, P2, 56, 297.58 W, 100 %, 100 %, 21532 MiB, 24564 MiB, 2640 MHz, 10251 MHz
2026/09/13 13:36:42.875, NVIDIA GeForce RTX 4090, GPU-457328ff-6f8e-1f53-8cc3-68ae75d90604, 595.91.07, P2, 56, 297.60 W, 100 %, 100 %, 21532 MiB, 24564 MiB, 2640 MHz, 10251 MHz
2026/09/13 13:36:43.878, NVIDIA GeForce RTX 4090, GPU-457328ff-6f8e-1f53-8cc3-68ae75d90604, 595.91.07, P2, 56, 297.54 W, 100 %, 100 %, 21532 MiB, 24564 MiB, 2640 MHz, 10251 MHz
2026/09/13 13:36:44.880, NVIDIA GeForce RTX 4090, GPU-457328ff-6f8e-1f53-8cc3-68ae75d90604, 595.91.07, P2, 56, 297.25 W, 100 %, 100 %, 21532 MiB, 24564 MiB, 2640 MHz, 10251 MHz
2026/09/13 13:36:45.883, NVIDIA GeForce RTX 4090, GPU-457328ff-6f8e-1f53-8cc3-68ae75d90604, 595.91.07, P2, 56, 297.17 W, 100 %, 100 %, 21532 MiB, 24564 MiB, 2640 MHz, 10251 MHz
2026/09/13 13:36:46.886, NVIDIA GeForce RTX 4090, GPU-457328ff-6f8e-1f53-8cc3-68ae75d90604, 595.91.07, P2, 56, 297.07 W, 100 %, 100 %, 21532 MiB, 24564 MiB, 2640 MHz, 10251 MHz
2026/09/13 13:36:47.889, NVIDIA GeForce RTX 4090, GPU-457328ff-6f8e-1f53-8cc3-68ae75d90604, 595.91.07, P2, 56, 297.28 W, 100 %, 100 %, 21532 MiB, 24564 MiB, 2640 MHz, 10251 MHz
2026/09/13 13:36:48.891, NVIDIA GeForce RTX 4090, GPU-457328ff-6f8e-1f53-8cc3-68ae75d90604, 595.91.07, P2, 56, 297.24 W, 100 %, 100 %, 21532 MiB, 24564 MiB, 2640 MHz, 10251 MHz
2026/09/13 13:36:49.893, NVIDIA GeForce RTX 4090, GPU-457328ff-6f8e-1f53-8cc3-68ae75d90604, 595.91.07, P2, 56, 297.51 W, 100 %, 100 %, 21532 MiB, 24564 MiB, 2640 MHz, 10251 MHz
2026/09/13 13:36:50.895, NVIDIA GeForce RTX 4090, GPU-457328ff-6f8e-1f53-8cc3-68ae75d90604, 595.91.07, P2, 56, 297.36 W, 100 %, 100 %, 21532 MiB, 24564 MiB, 2640 MHz, 10251 MHz
2026/09/13 13:36:51.898, NVIDIA GeForce RTX 4090, GPU-457328ff-6f8e-1f53-8cc3-68ae75d90604, 595.91.07, P2, 56, 297.45 W, 100 %, 100 %, 21532 MiB, 24564 MiB, 2640 MHz, 10251 MHz
2026/09/13 13:36:52.900, NVIDIA GeForce RTX 4090, GPU-457328ff-6f8e-1f53-8cc3-68ae75d90604, 595.91.07, P2, 56, 297.12 W, 100 %, 100 %, 21532 MiB, 24564 MiB, 2640 MHz, 10251 MHz
2026/09/13 13:36:53.902, NVIDIA GeForce RTX 4090, GPU-457328ff-6f8e-1f53-8cc3-68ae75d90604, 595.91.07, P2, 56, 297.26 W, 100 %, 100 %, 21532 MiB, 24564 MiB, 2640 MHz, 10251 MHz
2026/09/13 13:36:54.908, NVIDIA GeForce RTX 4090, GPU-457328ff-6f8e-1f53-8cc3-68ae75d90604, 595.91.07, P2, 56, 297.33 W, 100 %, 100 %, 21532 MiB, 24564 MiB, 2640 MHz, 10251 MHz
2026/09/13 13:36:55.911, NVIDIA GeForce RTX 4090, GPU-457328ff-6f8e-1f53-8cc3-68ae75d90604, 595.91.07, P2, 56, 297.21 W, 100 %, 100 %, 21532 MiB, 24564 MiB, 2640 MHz, 10251 MHz
2026/09/13 13:36:56.913, NVIDIA GeForce RTX 4090, GPU-457328ff-6f8e-1f53-8cc3-68ae75d90604, 595.91.07, P2, 51, 217.03 W, 0 %, 0 %, 21532 MiB, 24564 MiB, 2640 MHz, 10251 MHz
