id,split,training_eligible,exclusion_reason,source,source_id,category,input_text,target_text,part_of_speech,variants,quality_status
wiktionary-00001,train,true,,wiktionary,1,lexicon,А,"The first letter of the Adyghe alphabet, written in the Cyrillic script.",character,А | а,accepted
wiktionary-00002,train,true,,wiktionary,2,lexicon,Адыгэ,Adygea (a republic of south-west Russia),name,Адыгэ,accepted
wiktionary-00003,train,true,,wiktionary,3,lexicon,Адэм,Adam (name),name,Адэм | Адэмэхэкӏэ | Адэмэхэ | Адэмэхэмэ | Адэмэм | Адэмэр | Адэмэхэр | Адэмэхэм | Адэмыу | Адэмэхыу | Адэмэкӏэ | Адэмэ,accepted
wiktionary-00004,train,true,,wiktionary,4,lexicon,Алахь,Allah,name,Алахь | Алахьэм | Алахьэхэр | Алахьэ | Алахьыу | Алахьэхэ | Алахьэхэм | Алахьэхыу | Алахьэхэкӏэ | Алахьэкӏэ | Алахьэр | Алахьэхэмэ,accepted
wiktionary-00005,train,true,,wiktionary,5,lexicon,Амыщ,"Amesh : Initially god of fauna, then god of sheep.",name,Амыщ | Амыщхэр | Амыщхыу | Амыщхэм | Амыщм | Амыщкӏэ | Амыщмкӏэ | Амыщхэмэ | Амыщу | Амыщр | Амыщхэкӏэ,accepted
wiktionary-00006,train,true,,wiktionary,6,lexicon,Аушыджэр,"Awishijer, Awischjerjiy, Dawischjerjiy : God of courage and bravery.",name,Аушыджэр | Аушыджэрхэм | Аушыджэру | Аушыджэрм | Аушыджэрхэкӏэ | Аушыджэркӏэ | Аушыджэрр | Аушыджэрхыу | Аушыджэрхэр | Аушыджэрхэмэ,accepted
wiktionary-00007,excluded_benchmark_overlap,false,exact_normalized_input_target_or_variant_overlap_with_benchmark,wiktionary,7,lexicon,Афы,Afe: the pagan Circassian god of thunder,name,Афы | Афыу | Афым | Афыхэм | Афыхэр | Афыр | Афыкӏэ | Афыхэкӏэ | Афыхыу | Афыхэмэ,accepted
wiktionary-00008,validation,true,,wiktionary,8,lexicon,Ахын,Akhen (Circassian (pagan) god of cattle),name,Ахын | Ахынэхэм | Ахынэм | Ахынэхыу | Ахынэр | Ахынэкӏэ | Ахыныу | Ахынэ | Ахынэхэ | Ахынэхэмэ | Ахынэхэр | Ахынэхэкӏэ,accepted
wiktionary-00009,train,true,,wiktionary,9,lexicon,Бытырбыф,Saint Petersburg (a city in Russia),name,Бытырбыф,accepted
wiktionary-00010,train,true,,wiktionary,10,lexicon,Бэдзэогъу,July,name,Бэдзэогъу,accepted
wiktionary-00011,train,true,,wiktionary,11,lexicon,Даут,David (name),name,Даут,accepted
wiktionary-00012,train,true,,wiktionary,12,lexicon,Джантый,Janty (name),name,Джантый,accepted
wiktionary-00013,train,true,,wiktionary,13,lexicon,Джэдыпэ,Jedipe: God of rivers and seas (literally: ‘hen’s beak’).,name,Джэдыпэ | Джэдыпэхэмэ | Джэдыпэхыу | Джэдыпэхэ | Джэдыпэм | Джэдыпэр | Джэдыпэкӏэ | Джэдыпэхэм | Джэдыпэхэкӏэ | Джэдыпэу | Джэдыпэхэр,accepted
wiktionary-00014,train,true,,wiktionary,14,lexicon,Жьытхьэ,Zhitha: God of wind.,name,Жьытхьэ | Жьытхьэкӏэ | Жьытхьэр | Жьытхьэхэ | Жьытхьэхэм | Жьытхьэхыу | Жьытхьэм | Жьытхьэхэкӏэ | Жьытхьэу | Жьытхьэхэмэ | Жьытхьэхэр,accepted
wiktionary-00015,train,true,,wiktionary,15,lexicon,Зэчэрые,Zakaria (name),name,Зэчэрые,accepted
wiktionary-00016,train,true,,wiktionary,16,lexicon,Ибрахьим,Abraham (name),name,Ибрахьим | Ибрахьимэм | Ибрахьимыу | Ибрахьимэхыу | Ибрахьимэхэ | Ибрахьимэхэмэ | Ибрахьимэхэм | Ибрахьимэкӏэ | Ибрахьимэр | Ибрахьимэхэкӏэ | Ибрахьимэхэр | Ибрахьимэ,accepted
wiktionary-00017,test,true,,wiktionary,17,lexicon,Исхьэкъ,Isaac (name),name,Исхьэкъ | Исхьэкъэхэм | Исхьэкъыу | Исхьэкъэхэмэ | Исхьэкъэхэкӏэ | Исхьэкъэкӏэ | Исхьэкъэхэ | Исхьэкъэхыу | Исхьэкъэхэр | Исхьэкъэр | Исхьэкъэ | Исхьэкъэм,accepted
wiktionary-00018,train,true,,wiktionary,18,lexicon,Иусыф,Josef (name),name,Иусыф | Иусыфэхэм | Иусыфэкӏэ | Иусыфэр | Иусыфэхэкӏэ | Иусыфэм | Иусыфэхэр | Иусыфэхэмэ | Иусыфыу | Иусыфэхэ | Иусыфэхыу | Иусыфэ,accepted
wiktionary-00019,test,true,,wiktionary,19,lexicon,Китай,China (a region and country in East Asia),name,Китай,accepted
wiktionary-00020,train,true,,wiktionary,20,lexicon,Куба,Cuba (an island and country in the Caribbean),name,Куба,accepted
wiktionary-00021,test,true,,wiktionary,21,lexicon,Къуэдэс,"Qwedes : God of sea, in form of fish (literally: ‘living in a depression’).",name,Къуэдэс | Къуэдэсэ | Къуэдэсэм | Къуэдэсэхэ | Къуэдэсэкӏэ | Къуэдэсэр | Къуэдэсэхэр | Къуэдэсэхэмэ | Къуэдэсыу | Къуэдэсэхэкӏэ | Къуэдэсэхэм | Къуэдэсэхыу,accepted
wiktionary-00022,train,true,,wiktionary,22,lexicon,Къызбэч,Qzbek (name),name,Къызбэч,accepted
wiktionary-00023,train,true,,wiktionary,23,lexicon,Лъэпщ,"Lhepsch, Tlepsh: Patron of smiths, iron, weapons and fire. Corresponds to the Roman god Vulcan and to Hephæstus in the Greek Pantheon.",name,Лъэпщ | Лъэпщхыу | Лъэпщхэмэ | Лъэпщм | Лъэпщр | Лъэпщхэм | Лъэпщу | Лъэпщхэкӏэ | Лъэпщхэр | Лъэпщмкӏэ | Лъэпщкӏэ,accepted
wiktionary-00024,train,true,,wiktionary,24,lexicon,Мамыщ,"Mamisch, Mamish: Patron of fortunetellers, specifically of scapula readers.",name,Мамыщ | Мамыщм | Мамыщхэр | Мамыщхэмэ | Мамыщмкӏэ | Мамыщхыу | Мамыщхэкӏэ | Мамыщу | Мамыщр | Мамыщкӏэ | Мамыщхэм,accepted
wiktionary-00025,train,true,,wiktionary,25,lexicon,Мусэ,Moses (name),noun,Мусэ | Мусээм | Мусээхэр | Мусээр | Мусэыу | Мусээхэкӏэ | Мусээкӏэ | Мусээхэм | Мусээ | Мусээхэмэ | Мусээхыу | Мусээхэ,accepted
wiktionary-00026,train,true,,wiktionary,26,lexicon,Мэзгуащэ,Mezgwasche: Goddess of forests and trees.,name,Мэзгуащэ | Мэзгуащэхэмэ | Мэзгуащэхэ | Мэзгуащэхэкӏэ | Мэзгуащэр | Мэзгуащэхэр | Мэзгуащэкӏэ | Мэзгуащэхыу | Мэзгуащэм | Мэзгуащэхэм | Мэзгуащэу,accepted
wiktionary-00027,train,true,,wiktionary,27,lexicon,Мэзытхьэ,"Mezithe : God of forests, trees, the hunt and beasts. He disposed of the fate of beasts, and brought good luck to the hunt. He is depicted as riding a golden-bristled boar. He took his deer to a meadow wherein a group of virgins milked them.",name,Мэзытхьэ | Мэзытхьэм | Мэзытхьэхыу | Мэзытхьэхэ | Мэзытхьэхэкӏэ | Мэзытхьэр | Мэзытхьэхэм | Мэзытхьэхэр | Мэзытхьэхэмэ | Мэзытхьэкӏэ | Мэзытхьэу,accepted
wiktionary-00028,train,true,,wiktionary,28,lexicon,Нарт,(mythology) Nart,name,Нарт,accepted
wiktionary-00029,test,true,,wiktionary,29,lexicon,Нат,(Shapsug) Alternative form of нат (nāt),name,Нат,accepted
wiktionary-00030,train,true,,wiktionary,30,lexicon,Нухь,Noah (name),noun,Нухь | Нухьыу | Нухьэ | Нухьэм | Нухьэхэр | Нухьэхэм | Нухьэр | Нухьэхэ | Нухьэхэмэ | Нухьэхэкӏэ | Нухьэхыу | Нухьэкӏэ,accepted
wiktionary-00031,train,true,,wiktionary,31,lexicon,Псатхьэ,Psathe : God of the soul or life. Also denotes icon of Christian Circassians (in Mozdok).,name,Псатхьэ | Псатхьэу | Псатхьэхэ | Псатхьэм | Псатхьэхэм | Псатхьэкӏэ | Псатхьэхэкӏэ | Псатхьэхыу | Псатхьэхэмэ | Псатхьэхэр | Псатхьэр,accepted
wiktionary-00032,train,true,,wiktionary,32,lexicon,Псытхьэ,Psithe : God of water.,name,Псытхьэ | Псытхьэхэ | Псытхьэхэм | Псытхьэм | Псытхьэкӏэ | Псытхьэхыу | Псытхьэр | Псытхьэхэмэ | Псытхьэу | Псытхьэхэр | Псытхьэхэкӏэ,accepted
wiktionary-00033,train,true,,wiktionary,33,lexicon,Псытхьэгуащэ,"Psithegwasche, Psigwasche : Goddess of water. Popular tradition had her portrayed as a beautiful maid.",name,Псытхьэгуащэ | Псытхьэгуащэм | Псытхьэгуащэу | Псытхьэгуащэхэкӏэ | Псытхьэгуащэхэм | Псытхьэгуащэхэ | Псытхьэгуащэхыу | Псытхьэгуащэр | Псытхьэгуащэхэр | Псытхьэгуащэхэмэ | Псытхьэгуащэкӏэ,accepted
wiktionary-00034,train,true,,wiktionary,34,lexicon,Псыхъуэгуащэ,Psix'wegwasche: Goddess of rivers (river valleys).,name,Псыхъуэгуащэ | Псыхъуэгуащэр | Псыхъуэгуащэхэкӏэ | Псыхъуэгуащэхыу | Псыхъуэгуащэкӏэ | Псыхъуэгуащэхэмэ | Псыхъуэгуащэм | Псыхъуэгуащэу | Псыхъуэгуащэхэ | Псыхъуэгуащэхэм | Псыхъуэгуащэхэр,accepted
wiktionary-00035,train,true,,wiktionary,35,lexicon,Пэкъуэ,peqwe : 'False' demi-god - creator of the fields - debunked by Wezirmes.,name,Пэкъуэ | Пэкъуэхэм | Пэкъуэхэкӏэ | Пэкъуэхэмэ | Пэкъуэр | Пэкъуэхыу | Пэкъуэм | Пэкъуэхэ | Пэкъуэкӏэ | Пэкъуэхэр | Пэкъуэу,accepted
wiktionary-00036,train,true,,wiktionary,36,lexicon,Созэрэш,"Sozerash: God of fertility, family hearth, well-being and illness. He was a great voyager and controlled the winds and waters. He was also the protector of herds (Shawzerish [Шаузэрыш] in Shapsugh).",name,Созэрэш | Созэрэшэм | Созэрэшэхэр | Созэрэшыу | Созэрэшэ | Созэрэшэхэм | Созэрэшэр | Созэрэшэкӏэ | Созэрэшэхэ | Созэрэшэхэкӏэ | Созэрэшэхыу | Созэрэшэхэмэ,accepted
wiktionary-00037,train,true,,wiktionary,37,lexicon,Сотрэш,Sotresh: God of gaiety and holidays.,name,Сотрэш | Сотрэшэкӏэ | Сотрэшэм | Сотрэшэхыу | Сотрэшэ | Сотрэшэхэмэ | Сотрэшэхэ | Сотрэшэр | Сотрэшэхэкӏэ | Сотрэшэхэм | Сотрэшэхэр | Сотрэшыу,accepted
wiktionary-00038,train,true,,wiktionary,38,lexicon,Тхьэгуащэ,Thegwasche: Protectress of women (literally: ‘Matron of the gods’).,name,Тхьэгуащэ | Тхьэгуащэхэм | Тхьэгуащэр | Тхьэгуащэкӏэ | Тхьэгуащэм | Тхьэгуащэхыу | Тхьэгуащэхэр | Тхьэгуащэхэ | Тхьэгуащэхэкӏэ | Тхьэгуащэу | Тхьэгуащэхэмэ,accepted
wiktionary-00039,train,true,,wiktionary,39,lexicon,Тхьэгъуичу,Theghwiychu: Protector of people. Intermediary between gods and people.,name,Тхьэгъуичу | Тхьэгъуичуэхэм | Тхьэгъуичухыу | Тхьэгъуичуэ | Тхьэгъуичуэхэ | Тхьэгъуичуэм | Тхьэгъуичуэхэкӏэ | Тхьэгъуичуыу | Тхьэгъуичуэхэр | Тхьэгъуичуэкӏэ | Тхьэгъуичуэр | Тхьэгъуичуэхэмэ,accepted
wiktionary-00040,train,true,,wiktionary,40,lexicon,Тхьэгъэлэдж,Theghelej: God of fertility and plants.,name,Тхьэгъэлэдж | Тхьэгъэлэджэхэ | Тхьэгъэлэджэхэмэ | Тхьэгъэлэджыу | Тхьэгъэлэджэкӏэ | Тхьэгъэлэджэм | Тхьэгъэлэджэхэкӏэ | Тхьэгъэлэджэхэр | Тхьэгъэлэджэхэм | Тхьэгъэлэджэхыу | Тхьэгъэлэджэр | Тхьэгъэлэджэ,accepted
wiktionary-00041,test,true,,wiktionary,41,lexicon,Тхьэшу,Theshu: Protector of horsemen.,name,Тхьэшу | Тхьэшуэкӏэ | Тхьэшуэм | Тхьэшуэхэм | Тхьэшуыу | Тхьэшуэхэкӏэ | Тхьэшуэ | Тхьэшуэхэр | Тхьэшуэхэмэ | Тхьэшухыу | Тхьэшуэхэ | Тхьэшуэр,accepted
wiktionary-00042,train,true,,wiktionary,42,lexicon,Тхьэшырыпхъу,Theshiripx'w : Patron of beautiful and intelligent women.,name,Тхьэшырыпхъу,accepted
wiktionary-00043,validation,true,,wiktionary,43,lexicon,Тыгъэгъаз,December,name,Тыгъэгъаз,accepted
wiktionary-00044,train,true,,wiktionary,44,lexicon,Тэтэртуп,Tetertup: God of war and bloodshed. Equivalent to Grecian Ares and to Roman Mars.,name,Тэтэртуп | Тэтэртупэм | Тэтэртупэхыу | Тэтэртупэкӏэ | Тэтэртупэр | Тэтэртупэхэмэ | Тэтэртупэхэм | Тэтэртупэхэкӏэ | Тэтэртупыу | Тэтэртупэхэ | Тэтэртупэхэр | Тэтэртупэ,accepted
wiktionary-00045,train,true,,wiktionary,45,lexicon,Уащхъуэ,Washwa: One of the supreme cosmic deities; god of the skies (literally: ‘blue sky’).,name,Уащхъуэ | Уащхъуэр | Уащхъуэм | Уащхъуэкӏэ | Уащхъуэхэкӏэ | Уащхъуэхэ | Уащхъуэу | Уащхъуэхыу | Уащхъуэхэм | Уащхъуэхэр | Уащхъуэхэмэ,accepted
wiktionary-00046,train,true,,wiktionary,46,lexicon,Урысый,Russia,name,Урысый,accepted
wiktionary-00047,train,true,,wiktionary,47,lexicon,Хьао,Eve (name),noun,Хьао | Хьаохэм | Хьаохэмэ | Хьаор | Хьаохыу | Хьаокӏэ | Хьаохэр | Хьаом | Хьаохэкӏэ | Хьаоу | Хьаохэ,accepted
wiktionary-00048,train,true,,wiktionary,48,lexicon,Хьарун,Harun (name),name,Хьарун,accepted
wiktionary-00049,train,true,,wiktionary,49,lexicon,Хьэдрыхэ,"Hedrixe, Hedirix : Protector of the dead. ; afterworld, hereafter",name | noun,Хьэдрыхэ | Хьэдрыхэу | Хьэдрыхэхэ | Хьэдрыхэхэм | Хьэдрыхэр | Хьэдрыхэхэр | Хьэдрыхэм | Хьэдрыхэхыу | Хьэдрыхэхэкӏэ | Хьэдрыхэкӏэ | Хьэдрыхэхэмэ,accepted
wiktionary-00050,train,true,,wiktionary,50,lexicon,Хьэдрыхэтхьэ,Hedrixethe : God of the hereafter (Abzakh),name,Хьэдрыхэтхьэ | Хьэдрыхэтхьэхэмэ | Хьэдрыхэтхьэм | Хьэдрыхэтхьэу | Хьэдрыхэтхьэхыу | Хьэдрыхэтхьэхэм | Хьэдрыхэтхьэхэ | Хьэдрыхэтхьэр | Хьэдрыхэтхьэкӏэ | Хьэдрыхэтхьэхэкӏэ | Хьэдрыхэтхьэхэр,accepted
wiktionary-00051,train,true,,wiktionary,51,lexicon,Хьэкусташ,Patron of horsemanship.,name,Хьэкусташ | Хьэкусташхэкӏэ | Хьэкусташм | Хьэкусташхыу | Хьэкусташкӏэ | Хьэкусташхэмэ | Хьэкусташхэр | Хьэкусташу | Хьэкусташхэм | Хьэкусташр,accepted
wiktionary-00052,train,true,,wiktionary,52,lexicon,Хьэкӏущтащхьэ,"Hek'wschtaschhe, Hekwschtix' : Protector of oxen (Shapsugh).",name,Хьэкӏущтащхьэ | Хьэкӏущтащхьэхэкӏэ | Хьэкӏущтащхьэкӏэ | Хьэкӏущтащхьэм | Хьэкӏущтащхьэхэм | Хьэкӏущтащхьэхыу | Хьэкӏущтащхьэхэ | Хьэкӏущтащхьэхэмэ | Хьэкӏущтащхьэу | Хьэкӏущтащхьэр | Хьэкӏущтащхьэхэр,accepted
wiktionary-00053,test,true,,wiktionary,53,lexicon,Хьэнцийгуащэ,"Hentsiygwasche, Hentsegwasche: Goddess of rain.",name,Хьэнцийгуащэ | Хьэнцийгуащэр | Хьэнцийгуащэхэ | Хьэнцийгуащэхэмэ | Хьэнцийгуащэхыу | Хьэнцийгуащэм | Хьэнцийгуащэхэкӏэ | Хьэнцийгуащэхэм | Хьэнцийгуащэу | Хьэнцийгуащэкӏэ | Хьэнцийгуащэхэр,accepted
wiktionary-00054,train,true,,wiktionary,54,lexicon,Хьэо,Eve (name),name,Хьэо,accepted
wiktionary-00055,train,true,,wiktionary,55,lexicon,Хьэуцхьэш,Hewits-Hesh: God of seas and demi-gods.,name,Хьэуцхьэш | Хьэуцхьэшхэр | Хьэуцхьэшхэкӏэ | Хьэуцхьэшхэм | Хьэуцхьэшр | Хьэуцхьэшхэмэ | Хьэуцхьэшкӏэ | Хьэуцхьэшу | Хьэуцхьэшм | Хьэуцхьэшхыу,accepted
wiktionary-00056,validation,true,,wiktionary,56,lexicon,ШышъхьэӀу,August,name,ШышъхьэӀу,accepted
wiktionary-00057,train,true,,wiktionary,57,lexicon,ШэкӀогъу,November,name,ШэкӀогъу,accepted
wiktionary-00058,validation,true,,wiktionary,58,lexicon,Щыблэ,Shyble : Circassian God of thunder (storms) and lightning; also of war and justice. Circassians Both loved and feared Shyble. Death by lightning considered to be a good and clean death and those who died by lightning were revered as saints blessed by Shyble.,name,Щыблэ | Щыблэм | Щыблэкӏэ | Щыблэу | Щыблэхыу | Щыблэхэкӏэ | Щыблэхэм | Щыблэхэ | Щыблэр | Щыблэхэр | Щыблэхэмэ,accepted
wiktionary-00059,train,true,,wiktionary,59,lexicon,Якъуб,Jacob (name),noun,Якъуб | Якъубэхэмэ | Якъубэхэм | Якъубэм | Якъубэхэ | Якъубэхыу | Якъубэкӏэ | Якъубэхэр | Якъубэ | Якъубэхэкӏэ | Якъубэр | Якъубыу,accepted
wiktionary-00060,train,true,,wiktionary,60,lexicon,а,"that, Calling article (o) ; The first letter of the Adyghe alphabet, written in the Cyrillic script.",det | character,а | А,accepted
wiktionary-00061,train,true,,wiktionary,61,lexicon,а нахь,more than that ; rather,adv,а нахь,accepted
wiktionary-00062,train,true,,wiktionary,62,lexicon,а тӏэкӏум,that place,adv,а тӏэкӏум,accepted
wiktionary-00063,train,true,,wiktionary,63,lexicon,абадз,Abaza (Circassian clan),noun,абадз | абадзэр | абадзыу | абадзэм | абадзэ | абадзэхэр | абадзэхэмэ | абадзэхэм | абадзэхэ | абадзэхыу | абадзэхэкӏэ | абадзэкӏэ,accepted
wiktionary-00064,train,true,,wiktionary,64,lexicon,абакъэ,a certain style of walking where the person points their right foot to the right and the left foot to the left.,adj,абакъэ,accepted
wiktionary-00065,validation,true,,wiktionary,65,lexicon,абан,hole,noun,абан | абанэхэм | абанэхэр | абанэхыу | абанэхэмэ | абанэ | абанэм | абаныу | абанэкӏэ | абанэхэкӏэ | абанэр | абанэхэ,accepted
wiktionary-00066,train,true,,wiktionary,66,lexicon,абас,(historical) abbasi (Persian coin),noun,абас | абасэкӏэ | абасэм | абасэхэр | абасэхэм | абасыу | абасэр | абасэ | абасэхэкӏэ | абасэхэ | абасэхэмэ | абасэхыу,accepted
wiktionary-00067,train,true,,wiktionary,67,lexicon,абдзах,Abdzakh (Circassian clan),noun,абдзах | абдзахэхэр | абдзахэм | абдзахэхэм | абдзахыу | абдзахэхэкӏэ | абдзахэхэ | абдзахэхэмэ | абдзахэр | абдзахэ | абдзахэхыу | абдзахэкӏэ,accepted
wiktionary-00068,train,true,,wiktionary,68,lexicon,абрагъу,"large, very big",adj,абрагъу,accepted
wiktionary-00069,test,true,,wiktionary,69,lexicon,абрадж,lone hero,noun,абрадж | абраджэхэр | абраджэр | абраджэм | абраджэхыу | абраджэ | абраджэкӏэ | абраджэхэмэ | абраджэхэ | абраджыу | абраджэхэкӏэ | абраджэхэм,accepted
wiktionary-00070,train,true,,wiktionary,70,lexicon,абрамыжъу,A legendary hard rock mentioned in the Nart saga,noun,абрамыжъу | абрамыжъуэм | абрамыжъуэкӏэ | абрамыжъуэхэкӏэ | абрамыжъухыу | абрамыжъуэхэм | абрамыжъуэхэмэ | абрамыжъуэ | абрамыжъуэр | абрамыжъуэхэ | абрамыжъуыу | абрамыжъуэхэр,accepted
wiktionary-00071,train,true,,wiktionary,71,lexicon,абрикос,apricot,noun,абрикос | абрикосэр | абрикосэхэр | абрикосэхэмэ | абрикосэхэкӏэ | абрикосэхэм | абрикосэхэ | абрикосэм | абрикосэ | абрикосэкӏэ | абрикосэхыу | абрикосыу,accepted
wiktionary-00072,train,true,,wiktionary,72,lexicon,абхъаз,Abkhaz (Circassian clan),noun,абхъаз | абхъазэхыу | абхъазэр | абхъазыу | абхъазэм | абхъазэхэкӏэ | абхъазэ | абхъазэкӏэ | абхъазэхэм | абхъазэхэ | абхъазэхэмэ | абхъазэхэр,accepted
wiktionary-00073,train,true,,wiktionary,73,lexicon,абыкъу,A breed of Circassian horses,noun,абыкъу | абыкъухыу | абыкъуэм | абыкъуэ | абыкъуэхэкӏэ | абыкъуыу | абыкъуэхэ | абыкъуэхэм | абыкъуэкӏэ | абыкъуэхэмэ | абыкъуэр | абыкъуэхэр,accepted
wiktionary-00074,train,true,,wiktionary,74,lexicon,абэгъоплъ,"An old work: one that is cultural, heritage, hierarchical, inherited.",noun,абэгъоплъ,accepted
wiktionary-00075,train,true,,wiktionary,75,lexicon,абэдзэкъуай,mallow,noun,абэдзэкъуай | абэдзэкъуайэм | абэдзэкъуайэхэкӏэ | абэдзэкъуайэхыу | абэдзэкъуайэ | абэдзэкъуайэкӏэ | абэдзэкъуайэхэм | абэдзэкъуайэр | абэдзэкъуайэхэ | абэдзэкъуайэхэмэ | абэдзэкъуайыу | абэдзэкъуайэхэр,accepted
wiktionary-00076,test,true,,wiktionary,76,lexicon,абэуйэй,An expression used when someone messes up,intj,абэуйэй,accepted
wiktionary-00077,train,true,,wiktionary,77,lexicon,агощ,"(mathematics) numerator, dividend ; divided",noun | adj,агощ,accepted
wiktionary-00078,test,true,,wiktionary,78,lexicon,агощырэр,"(mathematics) numerator, dividend ; divided",noun | adj,агощырэр,accepted
wiktionary-00079,train,true,,wiktionary,79,lexicon,агурджашъу,mullet (fish),noun,агурджашъу | агурджашъуэхэ | агурджашъуэм | агурджашъуэхэм | агурджашъуэхэкӏэ | агурджашъуэ | агурджашъуэр | агурджашъуэхэмэ | агурджашъуыу | агурджашъуэкӏэ | агурджашъухыу | агурджашъуэхэр,accepted
wiktionary-00080,excluded_benchmark_overlap,false,exact_normalized_input_target_or_variant_overlap_with_benchmark,wiktionary,80,lexicon,агъо,"mistletoe, wild olive",noun,агъо | агъохэкӏэ | агъохэ | агъом | агъохэр | агъохэмэ | агъохэм | агъоу | агъохыу | агъор | агъокӏэ,accepted
wiktionary-00081,train,true,,wiktionary,81,lexicon,агъунэр,"edge, margin, side",noun,агъунэр | агъунэрэр | агъунэрэкӏэ | агъунэрэхэм | агъунэрэм | агъунэрэхэ | агъунэрэ | агъунэрэхэкӏэ | агъунэрэхыу | агъунэрыу | агъунэрэхэмэ | агъунэрэхэр,accepted
wiktionary-00082,train,true,,wiktionary,82,lexicon,аджал,death,noun,аджал | аджалэхыу | аджалэхэ | аджалэкӏэ | аджалэхэкӏэ | аджалэм | аджалэхэм | аджалыу | аджалэхэр | аджалэ | аджалэр | аджалэхэмэ,accepted
wiktionary-00083,train,true,,wiktionary,83,lexicon,аджар,Ajar (a Caucasian people),noun,аджар | аджарэхыу | аджарэм | аджарэхэм | аджарыу | аджарэхэр | аджарэ | аджарэкӏэ | аджарэр | аджарэхэкӏэ | аджарэхэ | аджарэхэмэ,accepted
wiktionary-00084,train,true,,wiktionary,84,lexicon,адрабгъу,"opposite side, other side",adv,адрабгъу | адырабгъу,accepted
wiktionary-00085,train,true,,wiktionary,85,lexicon,адрэ,that other,det,адрэ,accepted
wiktionary-00086,train,true,,wiktionary,86,lexicon,адрэр,(absolutive case) that other one,pron,адрэр,accepted
wiktionary-00087,excluded_benchmark_overlap,false,exact_normalized_input_target_or_variant_overlap_with_benchmark,wiktionary,87,lexicon,адыгабзэ,the Adyghe language,name,адыгабзэ,accepted
wiktionary-00088,train,true,,wiktionary,88,lexicon,адыгагъ,Adigaghe (traditional Adyghe conduct code),noun,адыгагъ | адыгагъэкӏэ | адыгагъэм | адыгагъэхэ | адыгагъэхэкӏэ | адыгагъэ | адыгагъыу | адыгагъэхэм | адыгагъэхыу | адыгагъэхэмэ | адыгагъэр | адыгагъэхэр,accepted
wiktionary-00089,train,true,,wiktionary,89,lexicon,адыгэ,"an Adyghe person, a member of the Circassian people",noun,адыгэ | адыгэм | адыгэхэ | адыгэр | адыгэу | адыгэхыу | адыгэхэр | адыгэхэм | адыгэхэмэ | адыгэкӏэ | адыгэхэкӏэ,accepted
wiktionary-00090,train,true,,wiktionary,90,lexicon,адыгэаму,coriander,noun,адыгэаму,accepted
wiktionary-00091,train,true,,wiktionary,91,lexicon,адыгэбзэ,the Adyghe language,name,адыгэбзэ | адыгэбзэр | адыгэбзэм | адыгэбзэхэ | адыгэбзэу | адыгэбзэкӏэ | адыгэбзэхэкӏэ | адыгэбзэхэм | адыгэбзэхэмэ | адыгэбзэхыу | адыгэбзэхэр,accepted
wiktionary-00092,test,true,,wiktionary,92,lexicon,адыгэкъэб,Sweet pumpkin,noun,адыгэкъэб | адыгэкъэбэхэр | адыгэкъэбэм | адыгэкъэбэхэ | адыгэкъэбыу | адыгэкъэбэхэкӏэ | адыгэкъэбэхыу | адыгэкъэбэр | адыгэкъэбэхэмэ | адыгэкъэбэхэм | адыгэкъэбэ | адыгэкъэбэкӏэ,accepted
wiktionary-00093,excluded_benchmark_overlap,false,exact_normalized_input_target_or_variant_overlap_with_benchmark,wiktionary,93,lexicon,адэ,"cancer (illness) ; over there (Invisible, Far) ; sure, of course (Expresses confidence) ; well",noun | adv,адэ | ады | аддэ,accepted
wiktionary-00094,train,true,,wiktionary,94,lexicon,адэбз,"cancer, tumor (malignant)",noun,адэбз,accepted
wiktionary-00095,train,true,,wiktionary,95,lexicon,адэкӏо,there (place),adv,адэкӏо,accepted
wiktionary-00096,test,true,,wiktionary,96,lexicon,адэхъу,tumor (benign),noun,адэхъу | адэхъуэхэм | адэхъуэ | адэхъуэм | адэхъуыу | адэхъухыу | адэхъуэкӏэ | адэхъуэхэкӏэ | адэхъуэр | адэхъуэхэ | адэхъуэхэмэ | адэхъуэхэр,accepted
wiktionary-00097,train,true,,wiktionary,97,lexicon,азан,(Islam) adhan (call to prayer),noun,азан | азанэхэр | азанэм | азанэхэм | азаныу | азанэхэ | азанэкӏэ | азанэхэмэ | азанэхыу | азанэхэкӏэ | азанэр | азанэ,accepted
wiktionary-00098,train,true,,wiktionary,98,lexicon,азыфагу,between,adv,азыфагу | языфагу,accepted
wiktionary-00099,train,true,,wiktionary,99,lexicon,азэнадж,muezzin,noun,азэнадж | азэнаджэхэр | азэнаджэхэм | азэнаджэхэкӏэ | азэнаджэр | азэнаджэ | азэнаджэм | азэнаджэхэмэ | азэнаджэхыу | азэнаджэкӏэ | азэнаджыу | азэнаджэхэ,accepted
wiktionary-00100,validation,true,,wiktionary,100,lexicon,азэнаджапӏ,minaret,noun,азэнаджапӏ | азэнаджапӏэхэмэ | азэнаджапӏэм | азэнаджапӏэхэкӏэ | азэнаджапӏыу | азэнаджапӏэхыу | азэнаджапӏэр | азэнаджапӏэхэм | азэнаджапӏэкӏэ | азэнаджапӏэхэр | азэнаджапӏэ | азэнаджапӏэхэ,accepted
wiktionary-00101,test,true,,wiktionary,101,lexicon,ай,(Kfar Kama Shapsug dialect) yes,noun,ай,accepted
wiktionary-00102,train,true,,wiktionary,102,lexicon,акул,shark,noun,акул | акулэр | акулэкӏэ | акулэхыу | акулэ | акулэхэр | акулыу | акулэм | акулэхэ | акулэхэкӏэ | акулэхэмэ | акулэхэм,accepted
wiktionary-00103,train,true,,wiktionary,103,lexicon,акъужъ,wind (southern),noun,акъужъ | акъужъэхэ | акъужъэхэр | акъужъэхэмэ | акъужъэкӏэ | акъужъыу | акъужъэхыу | акъужъэхэм | акъужъэхэкӏэ | акъужъэр | акъужъэм | акъужъэ,accepted
wiktionary-00104,train,true,,wiktionary,104,lexicon,акъуш,bear cub,noun,акъуш | акъушэхэр | акъушэкӏэ | акъушэхэмэ | акъушэ | акъушыу | акъушэхэкӏэ | акъушэхэм | акъушэхыу | акъушэр | акъушэм | акъушэхэ,accepted
wiktionary-00105,excluded_benchmark_overlap,false,exact_normalized_input_target_or_variant_overlap_with_benchmark,wiktionary,105,lexicon,акъыл,"smart, intelligent ; brain",adj | noun,акъыл | акъылэхэ | акъылэм | акъылэхэмэ | акъылэхэм | акъылэхэкӏэ | акъылыу | акъылэхыу | акъылэ | акъылэр | акъылэхэр | акъылэкӏэ,accepted
wiktionary-00106,train,true,,wiktionary,106,lexicon,акъылыгъу,reasonable,adj,акъылыгъу,accepted
wiktionary-00107,train,true,,wiktionary,107,lexicon,ал,expresses an order with a touch of threat,intj,ал,accepted
wiktionary-00108,train,true,,wiktionary,108,lexicon,алашэ,drawing horse,noun,алашэ | алашээм | алашээхэр | алашээ | алашээхэ | алашээхэмэ | алашээхэм | алашээхыу | алашэыу | алашээкӏэ | алашээр | алашээхэкӏэ,accepted
wiktionary-00109,train,true,,wiktionary,109,lexicon,алмэстышъхьэц,"ivy, lablab",noun,алмэстышъхьэц | алмэстышъхьэцэр | алмэстышъхьэцэхэм | алмэстышъхьэцэкӏэ | алмэстышъхьэцэхэ | алмэстышъхьэцыу | алмэстышъхьэцэм | алмэстышъхьэцэхэмэ | алмэстышъхьэцэхэр | алмэстышъхьэцэ | алмэстышъхьэцэхыу | алмэстышъхьэцэхэкӏэ,accepted
wiktionary-00110,test,true,,wiktionary,110,lexicon,алтэс,Atlas silk,noun,алтэс | алтэсэм | алтэсэкӏэ | алтэсэхэр | алтэсэхэм | алтэсэхыу | алтэсыу | алтэсэр | алтэсэ | алтэсэхэмэ | алтэсэхэкӏэ | алтэсэхэ,accepted
wiktionary-00111,test,true,,wiktionary,111,lexicon,алыркъэб,pumpkin,noun,алыркъэб | алыркъэбэхэ | алыркъэбэхэкӏэ | алыркъэбэм | алыркъэбэ | алыркъэбэхэм | алыркъэбэхэр | алыркъэбэр | алыркъэбэхыу | алыркъэбэкӏэ | алыркъэбэхэмэ | алыркъэбыу,accepted
wiktionary-00112,train,true,,wiktionary,112,lexicon,алырэгъу,carpet ; rug,noun,алырэгъу | алырэгъуэхэмэ | алырэгъуыу | алырэгъуэкӏэ | алырэгъуэм | алырэгъуэ | алырэгъуэхэкӏэ | алырэгъуэхэм | алырэгъуэхэ | алырэгъухыу | алырэгъуэхэр | алырэгъуэр,accepted
wiktionary-00113,train,true,,wiktionary,113,lexicon,алырэгъушӏ,carpet maker,noun,алырэгъушӏ | алырэгъушӏэм | алырэгъушӏыу | алырэгъушӏэкӏэ | алырэгъушӏэхэмэ | алырэгъушӏэхэкӏэ | алырэгъушӏэр | алырэгъушӏэхыу | алырэгъушӏэхэр | алырэгъушӏэхэм | алырэгъушӏэ | алырэгъушӏэхэ,accepted
wiktionary-00114,validation,true,,wiktionary,114,lexicon,алэдышъ,diamond (brilliant),noun,алэдышъ | алэдышъэхэкӏэ | алэдышъэхэм | алэдышъыу | алэдышъэхэр | алэдышъэкӏэ | алэдышъэм | алэдышъэхэ | алэдышъэхыу | алэдышъэхэмэ | алэдышъэ | алэдышъэр,accepted
wiktionary-00115,test,true,,wiktionary,115,lexicon,амал,"method; ability; the mean to do something; a way to do something ; help, assistance, aid ; hope",noun,амал | амалэ | амалэхэм | амалэр | амалэхэр | амалэхэмэ | амалэм | амалэхыу | амалэхэ | амалэкӏэ | амалэхэкӏэ | амалыу,accepted
wiktionary-00116,train,true,,wiktionary,116,lexicon,амдэз,ablution (with Muslims),noun,амдэз | амдэзэхэмэ | амдэзэкӏэ | амдэзэхыу | амдэзэхэм | амдэзэхэр | амдэзэхэ | амдэзэр | амдэзэм | амдэзэхэкӏэ | амдэзыу | амдэзэ,accepted
wiktionary-00117,train,true,,wiktionary,117,lexicon,амкӏышъ,nightingale (a bird),noun,амкӏышъ | амкӏышъэхэм | амкӏышъэхыу | амкӏышъэхэкӏэ | амкӏышъэм | амкӏышъыу | амкӏышъэр | амкӏышъэхэмэ | амкӏышъэкӏэ | амкӏышъэхэ | амкӏышъэ | амкӏышъэхэр,accepted
wiktionary-00118,train,true,,wiktionary,118,lexicon,амру,or rather,adv,амру,accepted
wiktionary-00119,train,true,,wiktionary,119,lexicon,амылкъан,white cotton cloth,noun,амылкъан | амылкъанэр | амылкъаныу | амылкъанэм | амылкъанэхэр | амылкъанэхэмэ | амылкъанэхэ | амылкъанэхыу | амылкъанэкӏэ | амылкъанэ | амылкъанэхэм | амылкъанэхэкӏэ,accepted
wiktionary-00120,test,true,,wiktionary,120,lexicon,амырми,even if not (can be used like either way),adv,амырми | амэрми,accepted
wiktionary-00121,train,true,,wiktionary,121,lexicon,амырмэ,if not (can be used like or else),adv,амырмэ | амэрмэ,accepted
wiktionary-00122,train,true,,wiktionary,122,lexicon,амышӏэр,"unknown, unseen",noun,амышӏэр | амышӏэрэхэм | амышӏэрэр | амышӏэрэхэ | амышӏэрыу | амышӏэрэхыу | амышӏэрэхэмэ | амышӏэрэм | амышӏэрэ | амышӏэрэкӏэ | амышӏэрэхэр | амышӏэрэхэкӏэ,accepted
wiktionary-00123,train,true,,wiktionary,123,lexicon,амэ,if that ; an expression of anger,adv | intj,амэ,accepted
wiktionary-00124,train,true,,wiktionary,124,lexicon,анай,"maple, Maple tree",noun,анай | анайэкӏэ | анайэр | анайэхэмэ | анайыу | анайэхэм | анайэхэ | анайэхыу | анайэм | анайэхэр | анайэхэкӏэ | анайэ,accepted
wiktionary-00125,train,true,,wiktionary,125,lexicon,ананас,pineapple,noun,ананас | ананасэкӏэ | ананасэхэр | ананасэ | ананасэхыу | ананасэхэмэ | ананасэм | ананасэхэкӏэ | ананасэхэм | ананасэхэ | ананасыу | ананасэр,accepted
wiktionary-00126,excluded_benchmark_overlap,false,exact_normalized_input_target_or_variant_overlap_with_benchmark,wiktionary,126,lexicon,анахь,most,adv,анахь | анэхь,accepted
wiktionary-00127,test,true,,wiktionary,127,lexicon,анахьэу щыт,"bestest, very best; most best",adj,анахьэу щыт,accepted
wiktionary-00128,train,true,,wiktionary,128,lexicon,анджэрэф,broomcorn,noun,анджэрэф | анджэрэфэм | анджэрэфэхэр | анджэрэфэхэм | анджэрэфыу | анджэрэфэ | анджэрэфэхэ | анджэрэфэр | анджэрэфэкӏэ | анджэрэфэхэкӏэ | анджэрэфэхэмэ | анджэрэфэхыу,accepted
wiktionary-00129,train,true,,wiktionary,129,lexicon,анджэрэф шъоу,sugarcane,noun,анджэрэф шъоу | анджэрэф шъоуэхэм | анджэрэф шъоуыу | анджэрэф шъоуэхэкӏэ | анджэрэф шъоуэхэр | анджэрэф шъоуэкӏэ | анджэрэф шъоуэ | анджэрэф шъоуэхэмэ | анджэрэф шъоуэм | анджэрэф шъоуэр | анджэрэф шъоухыу | анджэрэф шъоуэхэ,accepted
wiktionary-00130,train,true,,wiktionary,130,lexicon,анезе,sail,noun,анезе | анезехэм | анезехыу | анезекӏэ | анезехэр | анезем | анезехэ | анезер | анезеу | анезехэмэ | анезехэкӏэ,accepted
wiktionary-00131,train,true,,wiktionary,131,lexicon,анезечъыг,mast,noun,анезечъыг | анезечъыгэхэм | анезечъыгэхэр | анезечъыгэхэ | анезечъыгэм | анезечъыгэхэкӏэ | анезечъыгэхыу | анезечъыгэкӏэ | анезечъыгэ | анезечъыгыу | анезечъыгэр | анезечъыгэхэмэ,accepted
wiktionary-00132,train,true,,wiktionary,132,lexicon,антыр,"clematis, jasmine",noun,антыр | антырэм | антырэхэм | антырэхэр | антырэ | антырэкӏэ | антырэхэкӏэ | антырыу | антырэхэ | антырэхэмэ | антырэхыу | антырэр,accepted
wiktionary-00133,train,true,,wiktionary,133,lexicon,анэбзыу,blackbird,noun,анэбзыу | анэбзыуэхэм | анэбзыуэм | анэбзыуэр | анэбзыуэхэр | анэбзыуэкӏэ | анэбзыуэхэмэ | анэбзыуэ | анэбзыуэхэкӏэ | анэбзыуэхыу | анэбзыуэхэ | анэбзыуыу,accepted
wiktionary-00134,train,true,,wiktionary,134,lexicon,анэбзэ,mother's language,noun,анэбзэ | анэбзэхэ | анэбзэхэкӏэ | анэбзэхэр | анэбзэм | анэбзэхэм | анэбзэу | анэбзэр | анэбзэхыу | анэбзэкӏэ | анэбзэхэмэ,accepted
wiktionary-00135,train,true,,wiktionary,135,lexicon,анэдэлъфыбзэ,mother's language,noun,анэдэлъфыбзэ | анэдэлъфыбзэкӏэ | анэдэлъфыбзэхэм | анэдэлъфыбзэм | анэдэлъфыбзэр | анэдэлъфыбзэхэмэ | анэдэлъфыбзэу | анэдэлъфыбзэхэр | анэдэлъфыбзэхэкӏэ | анэдэлъфыбзэхыу | анэдэлъфыбзэхэ,accepted
wiktionary-00136,train,true,,wiktionary,136,lexicon,анэл,"birthmark, mole, melanism, nevus (naevus) (dark spot on the skin)",noun,анэл | анэлэхэр | анэлэ | анэлэхэмэ | анэлэр | анэлэкӏэ | анэлэхэкӏэ | анэлэхэ | анэлэм | анэлыу | анэлэхыу | анэлэхэм,accepted
wiktionary-00137,test,true,,wiktionary,137,lexicon,анэу,partridge (Bird),noun,анэу | анэуэхэмэ | анэуэкӏэ | анэуэхэр | анэуыу | анэуэм | анэуэр | анэуэхэм | анэуэхэкӏэ | анэухыу | анэуэ | анэуэхэ,accepted
wiktionary-00138,train,true,,wiktionary,138,lexicon,анэш,uncle (Mother's brother),noun,анэш,accepted
wiktionary-00139,train,true,,wiktionary,139,lexicon,анэшыпхъу,aunt (Mother's sister),noun,анэшыпхъу,accepted
wiktionary-00140,train,true,,wiktionary,140,lexicon,апкӏмыжъ,crystal rock,noun,апкӏмыжъ | апкӏмыжъэкӏэ | апкӏмыжъэхэм | апкӏмыжъэхыу | апкӏмыжъэхэ | апкӏмыжъэхэмэ | апкӏмыжъэм | апкӏмыжъэ | апкӏмыжъыу | апкӏмыжъэхэр | апкӏмыжъэхэкӏэ | апкӏмыжъэр,accepted
wiktionary-00141,train,true,,wiktionary,141,lexicon,апкӏхалъхь,glass installer,noun,апкӏхалъхь | апкӏхалъхьэхыу | апкӏхалъхьэхэ | апкӏхалъхьэхэм | апкӏхалъхьэ | апкӏхалъхьыу | апкӏхалъхьэкӏэ | апкӏхалъхьэм | апкӏхалъхьэхэкӏэ | апкӏхалъхьэхэр | апкӏхалъхьэхэмэ | апкӏхалъхьэр,accepted
wiktionary-00142,validation,true,,wiktionary,142,lexicon,апкӏхьэн,lens,noun,апкӏхьэн | апкӏхьэнэм | апкӏхьэнэхэм | апкӏхьэнэкӏэ | апкӏхьэныу | апкӏхьэнэхэкӏэ | апкӏхьэнэхэр | апкӏхьэнэхэ | апкӏхьэнэхыу | апкӏхьэнэр | апкӏхьэнэ | апкӏхьэнэхэмэ,accepted
wiktionary-00143,train,true,,wiktionary,143,lexicon,апкӏшъхьэтэт,lamp,noun,апкӏшъхьэтэт | апкӏшъхьэтэтэм | апкӏшъхьэтэтэр | апкӏшъхьэтэтэхэмэ | апкӏшъхьэтэтэхэм | апкӏшъхьэтэтэхэ | апкӏшъхьэтэтэкӏэ | апкӏшъхьэтэтэ | апкӏшъхьэтэтэхэр | апкӏшъхьэтэтэхэкӏэ | апкӏшъхьэтэтыу | апкӏшъхьэтэтэхыу,accepted
wiktionary-00144,validation,true,,wiktionary,144,lexicon,апс,"dish, plate, saucer",noun,апс | апсэхэкӏэ | апсэхэм | апсэм | апсэхэ | апсэ | апсэхэмэ | апсэкӏэ | апсыу | апсэр | апсэхэр | апсэхыу,accepted
wiktionary-00145,train,true,,wiktionary,145,lexicon,апскурб,bowl,noun,апскурб | апскурбэхэмэ | апскурбэр | апскурбэм | апскурбэхыу | апскурбэхэм | апскурбэ | апскурбыу | апскурбэкӏэ | апскурбэхэкӏэ | апскурбэхэр | апскурбэхэ,accepted
wiktionary-00146,train,true,,wiktionary,146,lexicon,апхъурэлъф,firstborn ; firstling,noun,апхъурэлъф,accepted
wiktionary-00147,test,true,,wiktionary,147,lexicon,апч,glass,noun,апч | апкьэхэр | апчэхэм | апчэхэмэ | апчэхэ | апчэр | апкьыу | апчэхэр | апкьэр | апкьэхэкӏэ | апкьэхэ | апкьэхыу | апкьэм | апчыу | апчэм | апчэ | апкьэкӏэ | апкьэхэмэ | апчэкӏэ | апкьэхэм | апкь | апкьэ | апчэхыу | апчэхэкӏэ,accepted
wiktionary-00148,train,true,,wiktionary,148,lexicon,апшъ,wrist,noun,апшъ | апшъыу | апшъэхэмэ | апшъэм | апшъэхэм | апшъэхыу | апшъэхэ | апшъэкӏэ | апшъэхэкӏэ | апшъэ | апшъэр | апшъэхэр,accepted
wiktionary-00149,train,true,,wiktionary,149,lexicon,апшъышъ,"oh my god, oh my gosh ; Apshash (a Circassian god)",adv | noun,апшъышъ | апшъышъэхэр | апшъышъэхэм | апшъышъэр | апшъышъэхэ | апшъышъэхэмэ | апшъышъэм | апшъышъэхэкӏэ | апшъышъэхыу | апшъышъэ | апшъышъыу | апшъышъэкӏэ,accepted
wiktionary-00150,test,true,,wiktionary,150,lexicon,апшъэр,"highest; supreme, high (dominant)",adj,апшъэр | апшъэрэм | апшъэрэ | апшъэрэхэр | апшъэрыу | апшъэрэкӏэ | апшъэрэхэ | апшъэрэр | апшъэрэхэм | апшъэрэхыу | апшъэрэхэмэ | апшъэрэхэкӏэ,accepted
wiktionary-00151,train,true,,wiktionary,151,lexicon,апшъэрэ еджапӏ,"higher education, university",noun,апшъэрэ еджапӏ | апшъэрэ еджапӏэр | апшъэрэ еджапӏэ | апшъэрэ еджапӏэкӏэ | апшъэрэ еджапӏэхэм | апшъэрэ еджапӏэхэр | апшъэрэ еджапӏэхэ | апшъэрэ еджапӏэм | апшъэрэ еджапӏэхыу | апшъэрэ еджапӏыу | апшъэрэ еджапӏэхэкӏэ | апшъэрэ еджапӏэхэмэ,accepted
wiktionary-00152,excluded_benchmark_overlap,false,exact_normalized_input_target_or_variant_overlap_with_benchmark,wiktionary,152,lexicon,апэ,at first ; in front ; at the beginning,noun,апэ | япэ,accepted
wiktionary-00153,excluded_benchmark_overlap,false,exact_normalized_input_target_or_variant_overlap_with_benchmark,wiktionary,153,lexicon,апэрэу,"firstly, for the first time",adv,апэрэу | япэрэу,accepted
wiktionary-00154,train,true,,wiktionary,154,lexicon,ар,"it, that; he, she, that person (absolutive case)",pron,ар,accepted
wiktionary-00155,train,true,,wiktionary,155,lexicon,ар нахьыеу,more like,adv,ар нахьыеу,accepted
wiktionary-00156,train,true,,wiktionary,156,lexicon,арап,an Arabic person,noun,арап | арапэхэр | арапыу | арапэхыу | арапэм | арапэхэм | арапэ | арапэр | арапэхэкӏэ | арапэхэмэ | арапэкӏэ | арапэхэ,accepted
wiktionary-00157,train,true,,wiktionary,157,lexicon,арба,isn't that right,intj,арба,accepted
wiktionary-00158,train,true,,wiktionary,158,lexicon,аргъой,mosquito,noun,аргъой | аргъойэхэм | аргъойыу | аргъойэм | ӏэргъуйэхэ | ӏэргъуйэхыу | аргъойэхыу | ӏэргъуйэхэкӏэ | аргъойэ | ӏэргъуйэхэм | ӏэргъуйэхэмэ | аргъойэхэмэ | ӏэргъуйэхэр | ӏэргъуйэм | аргъойэхэкӏэ | ӏэргъуйэкӏэ | аргъойэхэр | аргъойэр | аргъойэхэ | ӏэргъуй | ӏэргъуйыу | ӏэргъуйэр | аргъойэкӏэ | ӏэргъуйэ,accepted
wiktionary-00159,train,true,,wiktionary,159,lexicon,аргъойпаӏу,mosquito net,noun,аргъойпаӏу | аргъойпаӏуыу | аргъойпаӏуэкӏэ | аргъойпаӏуэм | аргъойпаӏуэхэкӏэ | аргъойпаӏухыу | аргъойпаӏуэхэ | аргъойпаӏуэхэр | аргъойпаӏуэхэм | аргъойпаӏуэхэмэ | аргъойпаӏуэр | аргъойпаӏуэ,accepted
wiktionary-00160,train,true,,wiktionary,160,lexicon,аргъэй,salmon,noun,аргъэй | аргъэйэхэ | аргъэйэр | аргъэйэм | аргъэйэхэмэ | аргъэйэ | аргъэйэхэкӏэ | аргъэйыу | аргъэйхыу | аргъэйэхэм | аргъэйэкӏэ | аргъэйэхэр,accepted
wiktionary-00161,train,true,,wiktionary,161,lexicon,аргъэйфыгу,caviar,noun,аргъэйфыгу | аргъэйфыгуэхэмэ | аргъэйфыгуэм | аргъэйфыгуэхэм | аргъэйфыгуэхэр | аргъэйфыгуэр | аргъэйфыгуэкӏэ | аргъэйфыгуэхэкӏэ | аргъэйфыгухыу | аргъэйфыгуыу | аргъэйфыгуэ | аргъэйфыгуэхэ,accepted
wiktionary-00162,train,true,,wiktionary,162,lexicon,арджан,mat,noun,арджан | арджанэхэкӏэ | арджанэхэ | арджанэ | арджанэхэмэ | арджаныу | арджанэр | арджанэхэр | арджанэхыу | арджанэкӏэ | арджанэм | арджанэхэм,accepted
wiktionary-00163,train,true,,wiktionary,163,lexicon,арми,"even if that, even if so",adv,арми | арыми,accepted
wiktionary-00164,train,true,,wiktionary,164,lexicon,армэ,"if that, if so",adv,армэ | арымэ,accepted
wiktionary-00165,train,true,,wiktionary,165,lexicon,армэу,bummer ; loafer ; lazy,adj,армэу,accepted
wiktionary-00166,train,true,,wiktionary,166,lexicon,армэугъ,"dullness, laziness, uselessness",noun,армэугъ,accepted
wiktionary-00167,train,true,,wiktionary,167,lexicon,арти,"thus, as a result, so, and that's why, and because of that",adv,арти | арыти,accepted
wiktionary-00168,train,true,,wiktionary,168,lexicon,архъожъ,boa constrictor,noun,архъожъ | архъожъэкӏэ | архъожъэр | архъожъэм | архъожъэхэр | архъожъэхэ | архъожъэхэмэ | архъожъэхэкӏэ | архъожъэхэм | архъожъэ | архъожъыу | архъожъэхыу,accepted
wiktionary-00169,train,true,,wiktionary,169,lexicon,архъуажъ,crocodile,noun,архъуажъ | архъуажъэм | архъуажъэкӏэ | архъуажъэхэкӏэ | архъуажъэ | архъуажъэхэр | архъуажъэхэм | архъуажъэхыу | архъуажъэр | архъуажъыу | архъуажъэхэ | архъуажъэхэмэ,accepted
wiktionary-00170,train,true,,wiktionary,170,lexicon,архъуан,vortex,noun,архъуан | архъуанэм | архъуаныу | архъуанэ | архъуанэхэ | архъуанэхэм | архъуанэхыу | архъуанэр | архъуанэкӏэ | архъуанэхэкӏэ | архъуанэхэр | архъуанэхэмэ,accepted
wiktionary-00171,excluded_benchmark_overlap,false,exact_normalized_input_target_or_variant_overlap_with_benchmark,wiktionary,171,lexicon,ары,that is it ; indeed ; yes,adv,ары,accepted
wiktionary-00172,train,true,,wiktionary,172,lexicon,арыкъ,Artificial channel; brook; irrigation ditch; ravine; rivulet.,noun,арыкъ | арыкъэхыу | арыкъэхэкӏэ | арыкъэм | арыкъэ | арыкъэхэр | арыкъэхэм | арыкъыу | арыкъэкӏэ | арыкъэхэ | арыкъэхэмэ | арыкъэр,accepted
wiktionary-00173,validation,true,,wiktionary,173,lexicon,арышъ,therefor,adv,арышъ,accepted
wiktionary-00174,test,true,,wiktionary,174,lexicon,арышъхьае,"but, however",adv,арышъхьае,accepted
wiktionary-00175,train,true,,wiktionary,175,lexicon,арэущтэу,and so,adv,арэущтэу,accepted
wiktionary-00176,train,true,,wiktionary,176,lexicon,аслъан,lion,noun,аслъан | аслъанэм | аслъанэ | аслъанэхыу | аслъанэхэм | аслъанэхэмэ | аслъанэр | аслъанэхэ | аслъанэхэкӏэ | аслъаныу | аслъанэхэр | аслъанэкӏэ,accepted
wiktionary-00177,train,true,,wiktionary,177,lexicon,аслъаншыр,lion cub,noun,аслъаншыр | аслъаншырэкӏэ | аслъаншырэм | аслъаншырэ | аслъаншырэхэр | аслъаншырыу | аслъаншырэхэкӏэ | аслъаншырэр | аслъаншырэхэмэ | аслъаншырэхэм | аслъаншырэхэ | аслъаншырэхыу,accepted
wiktionary-00178,train,true,,wiktionary,178,lexicon,атакъэ,"rooster, cock ; (slang) gay person; a homosexual",noun,атакъэ | атакъэхыу | атакъэхэр | атакъэхэмэ | атакъэу | атакъэр | атакъэм | атакъэкӏэ | атакъэхэм | атакъэхэ | атакъэхэкӏэ,accepted
wiktionary-00179,excluded_benchmark_overlap,false,exact_normalized_input_target_or_variant_overlap_with_benchmark,wiktionary,179,lexicon,атэ,"a lot, A large amount. ; stack",adj | noun,атэ | атэм | атэкӏэ | атэхэм | атэхэ | атэхыу | атэхэр | атэхэмэ | атэхэкӏэ | атэу | атэр,accepted
wiktionary-00180,validation,true,,wiktionary,180,lexicon,атэш,uncle (Father's brother),noun,атэш,accepted
wiktionary-00181,validation,true,,wiktionary,181,lexicon,атэшыпхъу,aunt (Father's sister),noun,атэшыпхъу,accepted
wiktionary-00182,train,true,,wiktionary,182,lexicon,ау,"there, within that area (far away from here) ; but",adv,ау,accepted
wiktionary-00183,train,true,,wiktionary,183,lexicon,аужым,at last ; in the end,adv,аужым | яужым,accepted
wiktionary-00184,excluded_benchmark_overlap,false,exact_normalized_input_target_or_variant_overlap_with_benchmark,wiktionary,184,lexicon,ахъ,"Ouch, ach: an expression of pain.",intj,ахъ,accepted
wiktionary-00185,train,true,,wiktionary,185,lexicon,ахъу,fig,noun,ахъу | ахъуэхэкӏэ | ахъуэхыу | ахъуэхэмэ | ахъуэхэр | ахъуыу | ахъуэм | ахъуэ | ахъуэр | ахъуэхэм | ахъуэхэ | ахъуэкӏэ,accepted
wiktionary-00186,train,true,,wiktionary,186,lexicon,ахъчалъ,"wallet, purse",noun,ахъчалъ | ахъчалъэм | ахъчалъэ | ахъчалъэхыу | ахъчалъэхэр | ахъчалъэхэкӏэ | ахъчалъэхэм | ахъчалъэхэмэ | ахъчалъыу | ахъчалъэкӏэ | ахъчалъэхэ | ахъчалъэр,accepted
wiktionary-00187,train,true,,wiktionary,187,lexicon,ахъчапс,"miser, stingy person",adj,ахъчапс | ахъчапсэр | ахъчапсэхэмэ | ахъчапсэхэм | ахъчапсэм | ахъчапсэ | ахъчапсэкӏэ | ахъчапсэхэ | ахъчапсэхэкӏэ | ахъчапсыу | ахъчапсэхэр | ахъчапсэхыу,accepted
wiktionary-00188,train,true,,wiktionary,188,lexicon,ахъчашъхь,capital,noun,ахъчашъхь | ахъчашъхьэр | ахъчашъхьэкӏэ | ахъчашъхьэхэмэ | ахъчашъхьэм | ахъчашъхьэхэм | ахъчашъхьыу | ахъчашъхьэхыу | ахъчашъхьэ | ахъчашъхьэхэкӏэ | ахъчашъхьэхэр | ахъчашъхьэхэ,accepted
wiktionary-00189,validation,true,,wiktionary,189,lexicon,ахъчэбэг,inflation ; (finance) inflation,noun,ахъчэбэг | ахъчэбэгэхэр | ахъчэбэгэ | ахъчэбэгэхэмэ | ахъчэбэгэхэкӏэ | ахъчэбэгэхэ | ахъчэбэгэкӏэ | ахъчэбэгэм | ахъчэбэгэхэм | ахъчэбэгэхыу | ахъчэбэгэр | ахъчэбэгыу,accepted
wiktionary-00190,train,true,,wiktionary,190,lexicon,ахъчэбэдзэр,stock market,noun,ахъчэбэдзэр | ахъчэбэдзэрэм | ахъчэбэдзэрэхэр | ахъчэбэдзэрыу | ахъчэбэдзэрэхэм | ахъчэбэдзэрэхэкӏэ | ахъчэбэдзэрэр | ахъчэбэдзэрэхэ | ахъчэбэдзэрэхыу | ахъчэбэдзэрэхэмэ | ахъчэбэдзэрэкӏэ | ахъчэбэдзэрэ,accepted
wiktionary-00191,train,true,,wiktionary,191,lexicon,ахъчэдэфый,"A coin toss, a coin flip.",noun,ахъчэдэфый | ахъчэдэфыйэхэм | ахъчэдэфыйыу | ахъчэдэфыйэ | ахъчэдэфыйэхэ | ахъчэдэфыйэхэр | ахъчэдэфыйэхэмэ | ахъчэдэфыйэм | ахъчэдэфыйэхыу | ахъчэдэфыйэкӏэ | ахъчэдэфыйэхэкӏэ | ахъчэдэфыйэр,accepted
wiktionary-00192,train,true,,wiktionary,192,lexicon,ахъчэжъгъэй,small money ; coin,noun,ахъчэжъгъэй | ахъчэжъгъэйыу | ахъчэжъгъэйэхэмэ | ахъчэжъгъэйэм | ахъчэжъгъэйэкӏэ | ахъчэжъгъэйэхэ | ахъчэжъгъэйэхэм | ахъчэжъгъэйэр | ахъчэжъгъэйэ | ахъчэжъгъэйэхыу | ахъчэжъгъэйэхэр | ахъчэжъгъэйэхэкӏэ,accepted
wiktionary-00193,train,true,,wiktionary,193,lexicon,ахъчэзэблэхъущ,"Exchange office, bank",noun,ахъчэзэблэхъущ | ахъчэзэблэхъущэкӏэ | ахъчэзэблэхъущэхэкӏэ | ахъчэзэблэхъущэм | ахъчэзэблэхъущэхэр | ахъчэзэблэхъущэхэ | ахъчэзэблэхъущэр | ахъчэзэблэхъущэхэм | ахъчэзэблэхъущэхыу | ахъчэзэблэхъущэ | ахъчэзэблэхъущыу | ахъчэзэблэхъущэхэмэ,accepted
wiktionary-00194,validation,true,,wiktionary,194,lexicon,ахъчэмыкӏу,counterfeit money,noun,ахъчэмыкӏу | ахъчэмыкӏуэ | ахъчэмыкӏуэхэр | ахъчэмыкӏуэкӏэ | ахъчэмыкӏуэр | ахъчэмыкӏуэхэм | ахъчэмыкӏуэхэкӏэ | ахъчэмыкӏуэм | ахъчэмыкӏуэхэ | ахъчэмыкӏуэхэмэ | ахъчэмыкӏуыу | ахъчэмыкӏухыу,accepted
wiktionary-00195,test,true,,wiktionary,195,lexicon,ахъчэнэпцӏ,Forfeited money,noun,ахъчэнэпцӏ | ахъчэнэпцӏэхыу | ахъчэнэпцӏэкӏэ | ахъчэнэпцӏэр | ахъчэнэпцӏэхэм | ахъчэнэпцӏэм | ахъчэнэпцӏэ | ахъчэнэпцӏэхэкӏэ | ахъчэнэпцӏыу | ахъчэнэпцӏэхэ | ахъчэнэпцӏэхэр | ахъчэнэпцӏэхэмэ,accepted
wiktionary-00196,train,true,,wiktionary,196,lexicon,ахъчэнэпцӏшӏ,forfeiter,noun,ахъчэнэпцӏшӏ | ахъчэнэпцӏшӏэхэкӏэ | ахъчэнэпцӏшӏэм | ахъчэнэпцӏшӏэхэм | ахъчэнэпцӏшӏэхыу | ахъчэнэпцӏшӏэр | ахъчэнэпцӏшӏэкӏэ | ахъчэнэпцӏшӏэхэмэ | ахъчэнэпцӏшӏэхэр | ахъчэнэпцӏшӏыу | ахъчэнэпцӏшӏэ | ахъчэнэпцӏшӏэхэ,accepted
wiktionary-00197,test,true,,wiktionary,197,lexicon,ахъщалъ,"wallet, purse",noun,ахъщалъ | ахъщалъыу | ахъщалъэм | ахъщалъэкӏэ | ахъщалъэр | ахъщалъэхэр | ахъщалъэхэм | ахъщалъэхэ | ахъщалъэ | ахъщалъэхэкӏэ | ахъщалъэхэмэ | ахъщалъэхыу,accepted
wiktionary-00198,train,true,,wiktionary,198,lexicon,ахъщапс,"miser, stingy person",adj,ахъщапс | ахъщапсыу | ахъщапсэр | ахъщапсэкӏэ | ахъщапсэхэкӏэ | ахъщапсэхэм | ахъщапсэхэмэ | ахъщапсэм | ахъщапсэ | ахъщапсэхыу | ахъщапсэхэ | ахъщапсэхэр,accepted
wiktionary-00199,train,true,,wiktionary,199,lexicon,ахъщашъхь,capital,noun,ахъщашъхь | ахъщашъхьэхэм | ахъщашъхьэм | ахъщашъхьэхэр | ахъщашъхьэ | ахъщашъхьэхэ | ахъщашъхьэхэкӏэ | ахъщашъхьыу | ахъщашъхьэхэмэ | ахъщашъхьэкӏэ | ахъщашъхьэхыу | ахъщашъхьэр,accepted
wiktionary-00200,train,true,,wiktionary,200,lexicon,ахъщэ,money ; currency ; fund,noun,ахъщэ | ахъщэхыу | ахъчэхыу | ахъчэхэр | ахъчэм | ахъчэхэм | ахъщэхэмэ | ахъщэм | ахъщэхэм | ахъщэхэ | ахъщэкӏэ | ахъчэу | ахъчэ | ахъчэхэ | ахъчэкӏэ | ахъщэхэр | ахъчэхэкӏэ | ахъщэр | ахъщэхэкӏэ | ахъщэу | ахъчэр | ахъчэхэмэ,accepted
wiktionary-00201,train,true,,wiktionary,201,lexicon,ахъщэбэг,inflation ; (finance) inflation,noun,ахъщэбэг | ахъщэбэгэм | ахъщэбэгэхэ | ахъщэбэгэхэмэ | ахъщэбэгэкӏэ | ахъщэбэгыу | ахъщэбэгэхэм | ахъщэбэгэхэр | ахъщэбэгэр | ахъщэбэгэхэкӏэ | ахъщэбэгэ | ахъщэбэгэхыу,accepted
wiktionary-00202,train,true,,wiktionary,202,lexicon,ахъщэбэдзэр,stock market,noun,ахъщэбэдзэр | ахъщэбэдзэрэм | ахъщэбэдзэрэкӏэ | ахъщэбэдзэрэхэм | ахъщэбэдзэрэ | ахъщэбэдзэрэхэкӏэ | ахъщэбэдзэрыу | ахъщэбэдзэрэхэр | ахъщэбэдзэрэр | ахъщэбэдзэрэхыу | ахъщэбэдзэрэхэ | ахъщэбэдзэрэхэмэ,accepted
wiktionary-00203,test,true,,wiktionary,203,lexicon,ахъщэдэфый,"A coin toss, a coin flip.",noun,ахъщэдэфый | ахъщэдэфыйэр | ахъщэдэфыйэм | ахъщэдэфыйыу | ахъщэдэфыйэхэмэ | ахъщэдэфыйэхэкӏэ | ахъщэдэфыйэхэм | ахъщэдэфыйэхэр | ахъщэдэфыйэ | ахъщэдэфыйэкӏэ | ахъщэдэфыйэхэ | ахъщэдэфыйэхыу,accepted
wiktionary-00204,train,true,,wiktionary,204,lexicon,ахъщэжъгъэй,small money ; coin,noun,ахъщэжъгъэй | ахъщэжъгъэйэ | ахъщэжъгъэйэхэмэ | ахъщэжъгъэйэхэм | ахъщэжъгъэйэхыу | ахъщэжъгъэйэм | ахъщэжъгъэйэхэр | ахъщэжъгъэйэр | ахъщэжъгъэйыу | ахъщэжъгъэйэхэ | ахъщэжъгъэйэкӏэ | ахъщэжъгъэйэхэкӏэ,accepted
wiktionary-00205,test,true,,wiktionary,205,lexicon,ахъщэзэблэхъущ,"Exchange office, bank",noun,ахъщэзэблэхъущ | ахъщэзэблэхъущэхэкӏэ | ахъщэзэблэхъущэхэм | ахъщэзэблэхъущэ | ахъщэзэблэхъущэм | ахъщэзэблэхъущэкӏэ | ахъщэзэблэхъущэхыу | ахъщэзэблэхъущэхэмэ | ахъщэзэблэхъущэхэ | ахъщэзэблэхъущэхэр | ахъщэзэблэхъущэр | ахъщэзэблэхъущыу,accepted
wiktionary-00206,validation,true,,wiktionary,206,lexicon,ахъщэмыкӀу,counterfeit money,noun,ахъщэмыкӀу | ахъщэмыкӀуэхэ | ахъщэмыкӀуэхэкӏэ | ахъщэмыкӀуэхэм | ахъщэмыкӀуэхэр | ахъщэмыкӀуэм | ахъщэмыкӀуэкӏэ | ахъщэмыкӀухыу | ахъщэмыкӀуэхэмэ | ахъщэмыкӀуыу | ахъщэмыкӀуэ | ахъщэмыкӀуэр,accepted
wiktionary-00207,train,true,,wiktionary,207,lexicon,ахъщэнэпцӏ,Forfeited money,noun,ахъщэнэпцӏ | ахъщэнэпцӏэхэ | ахъщэнэпцӏэхэм | ахъщэнэпцӏэхэкӏэ | ахъщэнэпцӏэхэмэ | ахъщэнэпцӏэхэр | ахъщэнэпцӏэм | ахъщэнэпцӏэкӏэ | ахъщэнэпцӏыу | ахъщэнэпцӏэр | ахъщэнэпцӏэхыу | ахъщэнэпцӏэ,accepted
wiktionary-00208,train,true,,wiktionary,208,lexicon,ахъщэнэпцӏшӏ,forfeiter,noun,ахъщэнэпцӏшӏ | ахъщэнэпцӏшӏэм | ахъщэнэпцӏшӏыу | ахъщэнэпцӏшӏэхэм | ахъщэнэпцӏшӏэр | ахъщэнэпцӏшӏэхэкӏэ | ахъщэнэпцӏшӏэхыу | ахъщэнэпцӏшӏэ | ахъщэнэпцӏшӏэхэр | ахъщэнэпцӏшӏэкӏэ | ахъщэнэпцӏшӏэхэ | ахъщэнэпцӏшӏэхэмэ,accepted
wiktionary-00209,excluded_benchmark_overlap,false,exact_normalized_input_target_or_variant_overlap_with_benchmark,wiktionary,209,lexicon,ахэр,"those, those things, they (absolutive case)",pron,ахэр,accepted
wiktionary-00210,train,true,,wiktionary,210,lexicon,ачъэ,billy goat,noun,ачъэ | ачъээхыу | ачъээхэмэ | ачъээкӏэ | ачъээхэм | ачъээр | ачъээм | ачъээхэ | ачъээ | ачъэыу | ачъээхэр | ачъээхэкӏэ,accepted
wiktionary-00211,train,true,,wiktionary,211,lexicon,ачъэгъашъу,"actor, comedian",noun,ачъэгъашъу | ачъэгъашъуэм | ачъэгъашъуэкӏэ | ачъэгъашъуэхэкӏэ | ачъэгъашъуэхэр | ачъэгъашъуэхэм | ачъэгъашъуэхыу | ачъэгъашъуыу | ачъэгъашъуэхэ | ачъэгъашъуэхэмэ | ачъэгъашъуэр | ачъэгъашъуэ,accepted
wiktionary-00212,train,true,,wiktionary,212,lexicon,ачъэжъ,ibex,noun,ачъэжъ | ачъэжъэм | ачъэжъэхэр | ачъэжъэхыу | ачъэжъэр | ачъэжъэхэм | ачъэжъэкӏэ | ачъэжъыу | ачъэжъэхэ | ачъэжъэхэмэ | ачъэжъэхэкӏэ | ачъэжъэ,accepted
wiktionary-00213,train,true,,wiktionary,213,lexicon,ашафы,millet,noun,ашафы | ашафыхыу | ашафыхэр | ашафыу | ашафыхэм | ашафыхэкӏэ | ашафыр | ашафым | ашафыхэмэ | ашафыкӏэ,accepted
wiktionary-00214,train,true,,wiktionary,214,lexicon,ашхырэ,edible,adj,ашхырэ,accepted
wiktionary-00215,excluded_benchmark_overlap,false,exact_normalized_input_target_or_variant_overlap_with_benchmark,wiktionary,215,lexicon,ашъо,"chain mail, hauberk ; armor",noun,ашъо | ашъом | ашъохэкӏэ | ашъохэмэ | ашъохэм | ашъоу | ашъохыу | ашъохэ | ашъор | ашъокӏэ | ашъохэр,accepted
wiktionary-00216,train,true,,wiktionary,216,lexicon,ашъоку,tank (armoured fighting vehicle),noun,ашъоку | ашъокуэхэкӏэ | ашъокуэм | ашъокуыу | ашъокуэхэмэ | ашъокуэ | ашъокуэхэ | ашъокуэхэм | ашъокуэкӏэ | ашъокухыу | ашъокуэр | ашъокуэхэр,accepted
wiktionary-00217,train,true,,wiktionary,217,lexicon,ашъокӏад,"leather, sole",noun,ашъокӏад | ашъокӏадэм | ашъокӏадэкӏэ | ашъокӏадэхэм | ашъокӏадэхыу | ашъокӏадэхэ | ашъокӏадэр | ашъокӏадэхэр | ашъокӏадэ | ашъокӏадэхэкӏэ | ашъокӏадыу | ашъокӏадэхэмэ,accepted
wiktionary-00218,train,true,,wiktionary,218,lexicon,ашъоцуакъ,Leather shoe,noun,ашъоцуакъ | ашъоцуакъэ | ашъоцуакъэм | ашъоцуакъэкӏэ | ашъоцуакъэхэкӏэ | ашъоцуакъэхыу | ашъоцуакъэхэмэ | ашъоцуакъыу | ашъоцуакъэхэм | ашъоцуакъэр | ашъоцуакъэхэ | ашъоцуакъэхэр,accepted
wiktionary-00219,train,true,,wiktionary,219,lexicon,ашъыу,"er, uh; I mean (said when one has made a mistake in speech, before one corrects it) ; argh, ugh (an expression of bad mood or vexation or dissatisfaction)",intj,ашъыу,accepted
wiktionary-00220,validation,true,,wiktionary,220,lexicon,ашӏомышӏ,"absurd, contemptible, trivial",adj,ашӏомышӏ,accepted
wiktionary-00221,train,true,,wiktionary,221,lexicon,ашӏэгъудж,"crop, harvest, produce, yield",noun,ашӏэгъудж | ашӏэгъуджэкӏэ | ашӏэгъуджэхэкӏэ | ашӏэгъуджэхэр | ашӏэгъуджэхэ | ашӏэгъуджэхыу | ашӏэгъуджэр | ашӏэгъуджэхэм | ашӏэгъуджэ | ашӏэгъуджэм | ашӏэгъуджыу | ашӏэгъуджэхэмэ,accepted
wiktionary-00222,train,true,,wiktionary,222,lexicon,ащ,"he, that (ergative case)",pron,ащ,accepted
wiktionary-00223,train,true,,wiktionary,223,lexicon,ащ къыдакӏоу,moreover,adv,ащ къыдакӏоу,accepted
wiktionary-00224,validation,true,,wiktionary,224,lexicon,ащ пае,because of that; for that,adv,ащ пае,accepted
wiktionary-00225,train,true,,wiktionary,225,lexicon,ащ рикӏорэр,about that,phrase,ащ рикӏорэр,accepted
wiktionary-00226,train,true,,wiktionary,226,lexicon,ащ фэшӏыкӏэ,because of that; for that,adv,ащ фэшӏыкӏэ,accepted
wiktionary-00227,train,true,,wiktionary,227,lexicon,ащгъум,that time ; then,adv,ащгъум | ащыгъум,accepted
wiktionary-00228,train,true,,wiktionary,228,lexicon,ащтэу,like that,adv,ащтэу,accepted
wiktionary-00229,train,true,,wiktionary,229,lexicon,аӏуе,dahlia,noun,аӏуе | аӏуехэмэ | аӏуехэкӏэ | аӏуем | аӏуехыу | аӏуекӏэ | аӏуеу | аӏуехэм | аӏуехэ | аӏуехэр | аӏуер,accepted
wiktionary-00230,train,true,,wiktionary,230,lexicon,аӏууц,lily,noun,аӏууц | аӏууцэм | аӏууцыу | аӏууцэ | аӏууцэхэр | аӏууцэкӏэ | аӏууцэхэкӏэ | аӏууцэр | аӏууцэхыу | аӏууцэхэм | аӏууцэхэ | аӏууцэхэмэ,accepted
wiktionary-00231,train,true,,wiktionary,231,lexicon,баджэ,fox,noun,баджэ | баджэкӏэ | баджэхэр | баджэхэкӏэ | баджэм | баджэхэ | баджэхэмэ | баджэр | баджэу | баджэхэм | баджэхыу,accepted
wiktionary-00232,train,true,,wiktionary,232,lexicon,бадзэ,housefly (fly),noun,бадзэ | бадзэхэ | бадзэкӏэ | бадзэм | бадзэхэр | бадзэр | бадзэхэм | бадзэхэмэ | бадзэхыу | бадзэхэкӏэ | бадзэу,accepted
wiktionary-00233,train,true,,wiktionary,233,lexicon,бадзэпсэ,"feeble, frail, very weak",noun,бадзэпсэ,accepted
wiktionary-00234,train,true,,wiktionary,234,lexicon,бадэ,an almond,noun,бадэ,accepted
wiktionary-00235,train,true,,wiktionary,235,lexicon,бае,"rich, wealthy",adj,бае,accepted
wiktionary-00236,train,true,,wiktionary,236,lexicon,баигъ,"fortune, riches, wealth",noun,баигъ,accepted
wiktionary-00237,train,true,,wiktionary,237,lexicon,бакъмэр,"full; having eaten enough, having eaten to satisfaction",adj,бакъмэр | бакъмэрэхэм | бакъмэрыу | бакъмэрэхэмэ | бакъмэрэ | бакъмэрэхэ | бакъмэрэхыу | бакъмэрэкӏэ | бакъмэрэм | бакъмэрэхэр | бакъмэрэр | бакъмэрэхэкӏэ,accepted
wiktionary-00238,train,true,,wiktionary,238,lexicon,бамыкӏ,tick (an arachnid),noun,бамыкӏ | бамыкӏэкӏэ | бамыкӏыу | бамыкӏэм | бамыкӏэхэм | бамыкӏэхэ | бамыкӏэхэр | бамыкӏэхэмэ | бамыкӏэхыу | бамыкӏэр | бамыкӏэхэкӏэ | бамыкӏэ,accepted
wiktionary-00239,train,true,,wiktionary,239,lexicon,баргъ,a bang (the sound of a shot or impact),noun,баргъ | баргъэхэ | баргъэм | баргъэхэкӏэ | баргъэхэм | баргъэкӏэ | баргъэхэр | баргъыу | баргъэхыу | баргъэхэмэ | баргъэ | баргъэр,accepted
wiktionary-00240,test,true,,wiktionary,240,lexicon,басмэ,"cotton cloth, Print cloth",noun,басмэ | басмэхыу | басмэхэ | басмэхэр | басмэу | басмэкӏэ | басмэм | басмэр | басмэхэкӏэ | басмэхэм | басмэхэмэ,accepted
wiktionary-00241,train,true,,wiktionary,241,lexicon,батыр,"strong, very strong ; hero",adj | noun,батыр | батырэм | батырэкӏэ | батырэхэм | батырэр | батырэ | батырэхэр | батырэхыу | батырэхэкӏэ | батырыу | батырэхэмэ | батырэхэ,accepted
wiktionary-00242,train,true,,wiktionary,242,lexicon,батыргъэгъ,mustard,noun,батыргъэгъ | батыргъэгъэхэр | батыргъэгъэ | батыргъэгъэхэм | батыргъэгъэхэ | батыргъэгъэхэкӏэ | батыргъэгъэр | батыргъэгъэхыу | батыргъэгъэм | батыргъэгъэкӏэ | батыргъэгъыу | батыргъэгъэхэмэ,accepted
wiktionary-00243,validation,true,,wiktionary,243,lexicon,батыргъэн,"hogweed (Heracleum, any of a group of umbelliferous plants, some of which are poisonous)",noun,батыргъэн | батыргъэнэхэм | батыргъэнэхыу | батыргъэнэхэмэ | батыргъэнэхэ | батыргъэнэм | батыргъэнэ | батыргъэнэхэкӏэ | батыргъэнэхэр | батыргъэнэкӏэ | батыргъэнэр | батыргъэныу,accepted
wiktionary-00244,validation,true,,wiktionary,244,lexicon,батырыгъ,heroism ; strength,noun,батырыгъ | батырыгъэм | батырыгъэхэкӏэ | батырыгъэхэр | батырыгъэкӏэ | батырыгъэр | батырыгъыу | батырыгъэхыу | батырыгъэ | батырыгъэхэ | батырыгъэхэмэ | батырыгъэхэм,accepted
wiktionary-00245,train,true,,wiktionary,245,lexicon,бахъсымэ,a Circassian alcoholic drink (Circassian boza),noun,бахъсымэ | бахъсымэхыу | бахъсымэм | бахъсымэхэкӏэ | бахъсымэкӏэ | бахъсымэхэр | бахъсымэр | бахъсымэхэм | бахъсымэхэмэ | бахъсымэхэ | бахъсымэу,accepted
wiktionary-00246,excluded_benchmark_overlap,false,exact_normalized_input_target_or_variant_overlap_with_benchmark,wiktionary,246,lexicon,башлыкъ,hood,noun,башлыкъ | башлыкъэ | башлыкъэхэр | башлыкъэхэм | башлыкъэм | башлыкъыу | башлыкъэхэ | башлыкъэр | башлыкъэхэмэ | башлыкъэкӏэ | башлыкъэхыу | башлыкъэхэкӏэ,accepted
wiktionary-00247,train,true,,wiktionary,247,lexicon,башӏэ,"diligent, hard-working",adj,башӏэ | башӏэхэм | башӏэхыу | башӏэхэ | башӏэм | башӏэу | башӏэхэр | башӏэкӏэ | башӏэхэкӏэ | башӏэр | башӏэхэмэ,accepted
wiktionary-00248,train,true,,wiktionary,248,lexicon,бащэ,"too much, very much, too many",adj,бащэ,accepted
wiktionary-00249,train,true,,wiktionary,249,lexicon,баӏо,"chatty, talkative",adj,баӏо,accepted
wiktionary-00250,train,true,,wiktionary,250,lexicon,бгалэ,curser,noun,бгалэ | бгалэкӏэ | бгалэхэкӏэ | бгалэу | бгалэхэм | бгалэхэмэ | бгалэм | бгалэхэ | бгалэр | бгалэхэр | бгалэхыу,accepted
wiktionary-00251,test,true,,wiktionary,251,lexicon,бганэ,"bunch, bundle, package",noun,бганэ | бганэхэм | бганэу | бганэм | бганэхэ | бганэхэкӏэ | бганэхыу | бганэхэмэ | бганэхэр | бганэкӏэ | бганэр,accepted
wiktionary-00252,train,true,,wiktionary,252,lexicon,бгъагъэ,"building, roofed building, shed",noun,бгъагъэ | бгъагъэхэр | бгъагъэм | бгъагъэхэм | бгъагъэр | бгъагъэкӏэ | бгъагъэхэмэ | бгъагъэу | бгъагъэхыу | бгъагъэхэкӏэ | бгъагъэхэ,accepted
wiktionary-00253,train,true,,wiktionary,253,lexicon,бгъакъэ,arrogant,adj,бгъакъэ,accepted
wiktionary-00254,train,true,,wiktionary,254,lexicon,бгъалъэ,"blouse, bra, corset",noun,бгъалъэ,accepted
wiktionary-00255,test,true,,wiktionary,255,lexicon,бгъашхъо,falcon ; hawk,noun,бгъашхъо | бгъашъухъохыу | бгъашъухъом | бгъашхъом | бгъашъухъоу | бгъашъухъохэмэ | бгъашхъохыу | бгъашъухъохэкӏэ | бгъашхъохэмэ | бгъашъухъокӏэ | бгъашхъохэм | бгъашхъохэр | бгъашхъохэ | бгъашъухъохэм | бгъашъухъо | бгъашхъоу | бгъашхъокӏэ | бгъашхъор | бгъашъухъохэ | бгъашъухъохэр | бгъашъухъор | бгъашхъохэкӏэ,accepted
wiktionary-00256,train,true,,wiktionary,256,lexicon,бгъо,"wide, broad",adj,бгъо,accepted
wiktionary-00257,train,true,,wiktionary,257,lexicon,бгъодж,"prairie, steppe",noun,бгъодж | бгъоджэхыу | бгъоджэхэ | бгъоджэ | бгъоджэм | бгъоджэхэм | бгъоджэхэр | бгъоджыу | бгъоджэхэмэ | бгъоджэхэкӏэ | бгъоджэкӏэ | бгъоджэр,accepted
wiktionary-00258,train,true,,wiktionary,258,lexicon,бгъодэкӏын,to go away from the side of something,verb,бгъодэкӏын,accepted
wiktionary-00259,train,true,,wiktionary,259,lexicon,бгъодэт,side,noun,бгъодэт,accepted
wiktionary-00260,excluded_benchmark_overlap,false,exact_normalized_input_target_or_variant_overlap_with_benchmark,wiktionary,260,lexicon,бгъодэхьан,to go beside,verb,бгъодэхьан | жэхэхьан | зэбгырыхьан | пыхьан | кӏоцӏы | шъхьапырыхьан | ӏу | шъхьадэхьан | хэхьан | кӏоцӏыхьан | лъы | и | кӏэлъыры | пэхьан | бгъодэ | техьан | кӏэлъырыхьан | шъхьадэ | хэ | зэбгыры | те | ӏухьан | чӏэ | дэ | гохьан | къохьан | го | шъхьапыры | пы | зэкӏэ | чӏэхьан | жэхэ | жэдэ | ихьан | жэдэхьан | лъыхьан | къо | джыхэхьэн | дэхьан | зэкӏэхьан,accepted
wiktionary-00261,train,true,,wiktionary,261,lexicon,бгъотагъэ,rotten,adj,бгъотагъэ,accepted
wiktionary-00262,train,true,,wiktionary,262,lexicon,бгъотагъэ фыжь,white rot,noun,бгъотагъэ фыжь | бгъотагъэ фыжьэм | бгъотагъэ фыжьэхэкӏэ | бгъотагъэ фыжьэхэр | бгъотагъэ фыжьэхыу | бгъотагъэ фыжьэр | бгъотагъэ фыжьэхэмэ | бгъотагъэ фыжьэкӏэ | бгъотагъэ фыжьэхэм | бгъотагъэ фыжьэхэ | бгъотагъэ фыжьэ | бгъотагъэ фыжьыу,accepted
wiktionary-00263,excluded_benchmark_overlap,false,exact_normalized_input_target_or_variant_overlap_with_benchmark,wiktionary,263,lexicon,бгъотэн,rot,noun,бгъотэн | бгъотэнэхэ | бгъотэнэм | бгъотэнэхыу | бгъотэнэр | бгъотэнэхэм | бгъотэнэхэр | бгъотэнэхэмэ | бгъотэныу | бгъотэнэ | бгъотэнэкӏэ | бгъотэнэхэкӏэ,accepted
wiktionary-00264,train,true,,wiktionary,264,lexicon,бгъотэрым,a rotten smell; stench,noun,бгъотэрым,accepted
wiktionary-00265,excluded_benchmark_overlap,false,exact_normalized_input_target_or_variant_overlap_with_benchmark,wiktionary,265,lexicon,бгъу,nine ; side ; wide,num | noun | adj,бгъу,accepted
wiktionary-00266,train,true,,wiktionary,266,lexicon,бгъуагъэ,width,noun,бгъуагъэ | бгъуагъэу | бгъуагъэкӏэ | бгъуагъэхэ | бгъуагъэм | бгъуагъэр | бгъуагъэхэмэ | бгъуагъэхэр | бгъуагъэхэкӏэ | бгъуагъэхэм | бгъуагъэхыу,accepted
wiktionary-00267,train,true,,wiktionary,267,lexicon,бгъуанэ,one ninth,num,бгъуанэ,accepted
wiktionary-00268,train,true,,wiktionary,268,lexicon,бгъузагъ,narrowness,noun,бгъузагъ,accepted
wiktionary-00269,train,true,,wiktionary,269,lexicon,бгъузапӏэ,"narrow place, strait",noun,бгъузапӏэ | бгъузапӏэхэмэ | бгъузапӏэм | бгъузапӏэр | бгъузапӏэкӏэ | бгъузапӏэхэм | бгъузапӏэу | бгъузапӏэхэр | бгъузапӏэхэкӏэ | бгъузапӏэхыу | бгъузапӏэхэ,accepted
wiktionary-00270,test,true,,wiktionary,270,lexicon,бгъузэ,narrow,adj,бгъузэ,accepted
wiktionary-00271,train,true,,wiktionary,271,lexicon,бгъуитӏуӏу,Two-shutter door,noun,бгъуитӏуӏу | бгъуитӏуӏуэ | бгъуитӏуӏуэхэмэ | бгъуитӏуӏуэхэкӏэ | бгъуитӏуӏуэм | бгъуитӏуӏуэр | бгъуитӏуӏуыу | бгъуитӏуӏуэхэ | бгъуитӏуӏуэкӏэ | бгъуитӏуӏуэхэм | бгъуитӏуӏухыу | бгъуитӏуӏуэхэр,accepted
wiktionary-00272,train,true,,wiktionary,272,lexicon,бгъундж,"crooked, inclined, leaning",adj,бгъундж,accepted
wiktionary-00273,train,true,,wiktionary,273,lexicon,бгъунджырыкӏу,"annoying, Leaning while walking, talkative",noun,бгъунджырыкӏу | бгъунджырыкӏуэм | бгъунджырыкӏуэр | бгъунджырыкӏуэхэр | бгъунджырыкӏуэхэкӏэ | бгъунджырыкӏуэ | бгъунджырыкӏуэхэм | бгъунджырыкӏуэхэ | бгъунджырыкӏуыу | бгъунджырыкӏухыу | бгъунджырыкӏуэкӏэ | бгъунджырыкӏуэхэмэ,accepted
wiktionary-00274,train,true,,wiktionary,274,lexicon,бгъурышӏ,"attached to the side, hanging, Reserve horse to a wagon",noun,бгъурышӏ,accepted
wiktionary-00275,train,true,,wiktionary,275,lexicon,бгъусы,"big bed cover, big quilt",noun,бгъусы,accepted
wiktionary-00276,train,true,,wiktionary,276,lexicon,бгъушы,"hay, straw",noun,бгъушы,accepted
wiktionary-00277,excluded_benchmark_overlap,false,exact_normalized_input_target_or_variant_overlap_with_benchmark,wiktionary,277,lexicon,бгъэ,eagle ; chest ; sterile mare,noun,бгъэ | бгъэр | бгъэхэр | бгъэхэмэ | бгъэхэм | бгъэхэкӏэ | бгъэхыу | бгъэхэ | бгъэм | бгъэкӏэ | бгъэу,accepted
wiktionary-00278,train,true,,wiktionary,278,lexicon,бгъэбзы,glade,noun,бгъэбзы | бгъэбзыхэм | бгъэбзыхэкӏэ | бгъэбзым | бгъэбзыр | бгъэбзыхыу | бгъэбзыу | бгъэбзыкӏэ | бгъэбзыхэмэ | бгъэбзыхэр,accepted
wiktionary-00279,train,true,,wiktionary,279,lexicon,бгъэгу,"chest ; breastbone, sternum",noun,бгъэгу | бгъэгумкӏэ | бгъэгуу | бгъэгухыу | бгъэгухэмэ | бгъэгум | бгъэгукӏэ | бгъэгухэкӏэ | бгъэгухэ | бгъэгухэм | бгъэгур | бгъэгухэр,accepted
wiktionary-00280,train,true,,wiktionary,280,lexicon,бгъэгъакӏ,new house,noun,бгъэгъакӏ | бгъэгъакӏэм | бгъэгъакӏэхэм | бгъэгъакӏэр | бгъэгъакӏэхыу | бгъэгъакӏэ | бгъэгъакӏэхэ | бгъэгъакӏыу | бгъэгъакӏэхэмэ | бгъэгъакӏэкӏэ | бгъэгъакӏэхэр | бгъэгъакӏэхэкӏэ,accepted
wiktionary-00281,train,true,,wiktionary,281,lexicon,бгъэджыб,breast pocket,noun,бгъэджыб | бгъэджыбэм | бгъэджыбыу | бгъэджыбэр | бгъэджыбэхэ | бгъэджыбэхэм | бгъэджыбэхыу | бгъэджыбэхэкӏэ | бгъэджыбэхэр | бгъэджыбэхэмэ | бгъэджыбэкӏэ | бгъэджыбэ,accepted
wiktionary-00282,train,true,,wiktionary,282,lexicon,бгъэжъ,eagle,noun,бгъэжъ | бгъэжъэхэр | бгъэжъэм | бгъэжъэкӏэ | бгъэжъэхэмэ | бгъэжъэхэм | бгъэжъыу | бгъэжъэхыу | бгъэжъэ | бгъэжъэхэкӏэ | бгъэжъэр | бгъэжъэхэ,accepted
wiktionary-00283,train,true,,wiktionary,283,lexicon,бгъэкӏапх,bra; brassiere,noun,бгъэкӏапх,accepted
wiktionary-00284,train,true,,wiktionary,284,lexicon,бгъэкӏыхь,stork,noun,бгъэкӏыхь | бгъэкӏыхьыу | бгъэкӏыхьэхэ | бгъэкӏыхьэхэр | бгъэкӏыхьэхэкӏэ | бгъэкӏыхьэ | бгъэкӏыхьэм | бгъэкӏыхьэхыу | бгъэкӏыхьэхэмэ | бгъэкӏыхьэхэм | бгъэкӏыхьэкӏэ | бгъэкӏыхьэр,accepted
wiktionary-00285,train,true,,wiktionary,285,lexicon,бгъэкӏэс,"baby, infant, suckling",noun,бгъэкӏэс | бгъэкӏэсэхэм | бгъэкӏэсэр | бгъэкӏэсэкӏэ | бгъэкӏэсэхэкӏэ | бгъэкӏэсэм | бгъэкӏэсэхэ | бгъэкӏэсэхыу | бгъэкӏэсэ | бгъэкӏэсэхэр | бгъэкӏэсэхэмэ | бгъэкӏэсыу,accepted
wiktionary-00286,train,true,,wiktionary,286,lexicon,бгъэкӏэхь,stork,noun,бгъэкӏэхь | бгъэкӏэхьэхэмэ | бгъэкӏэхьэм | бгъэкӏэхьэкӏэ | бгъэкӏэхьэхэкӏэ | бгъэкӏэхьэр | бгъэкӏэхьэхэм | бгъэкӏэхьэ | бгъэкӏэхьыу | бгъэкӏэхьэхэ | бгъэкӏэхьэхыу | бгъэкӏэхьэхэр,accepted
wiktionary-00287,test,true,,wiktionary,287,lexicon,бгъэлыб,breast meat (of a bird),noun,бгъэлыб | бгъэлыбэхэ | бгъэлыбэм | бгъэлыбэхэмэ | бгъэлыбэхэр | бгъэлыбэхэм | бгъэлыбэкӏэ | бгъэлыбэхэкӏэ | бгъэлыбэр | бгъэлыбэхыу | бгъэлыбэ | бгъэлыбыу,accepted
wiktionary-00288,test,true,,wiktionary,288,lexicon,бгъэн,Phragmites,noun,бгъэн,accepted
wiktionary-00289,validation,true,,wiktionary,289,lexicon,бгъэны,bulrush (dried),noun,бгъэны | бгъэныр | бгъэныхэр | бгъэныхэмэ | бгъэныхэкӏэ | бгъэным | бгъэныхэм | бгъэныхыу | бгъэныкӏэ | бгъэныу,accepted
wiktionary-00290,validation,true,,wiktionary,290,lexicon,бгъэпс,"belt; string, thread",noun,бгъэпс | бгъэпсыу | бгъэпсэкӏэ | бгъэпсэхэм | бгъэпсэхэр | бгъэпсэм | бгъэпсэр | бгъэпсэхэкӏэ | бгъэпсэ | бгъэпсэхэмэ | бгъэпсэхэ | бгъэпсэхыу,accepted
wiktionary-00291,test,true,,wiktionary,291,lexicon,бгъэузы,tuberculosis (disease),noun,бгъэузы | бгъэузым | бгъэузыхэмэ | бгъэузыкӏэ | бгъэузыхэкӏэ | бгъэузыхэр | бгъэузыхыу | бгъэузыр | бгъэузыхэм | бгъэузыу,accepted
wiktionary-00292,train,true,,wiktionary,292,lexicon,бгъэхалъхь,decoration ; medal,noun,бгъэхалъхь | бгъэхалъхьэхэр | бгъэхалъхьэр | бгъэхалъхьэхэм | бгъэхалъхьэм | бгъэхалъхьэ | бгъэхалъхьыу | бгъэхалъхьэхэмэ | бгъэхалъхьэкӏэ | бгъэхалъхьэхэ | бгъэхалъхьэхыу | бгъэхалъхьэхэкӏэ,accepted
wiktionary-00293,train,true,,wiktionary,293,lexicon,бгъэхэлъ,brooch,noun,бгъэхэлъ | бгъэхэлъэм | бгъэхэлъэхэмэ | бгъэхэлъэхыу | бгъэхэлъэхэр | бгъэхэлъыу | бгъэхэлъэр | бгъэхэлъэкӏэ | бгъэхэлъэхэкӏэ | бгъэхэлъэхэм | бгъэхэлъэ | бгъэхэлъэхэ,accepted
wiktionary-00294,validation,true,,wiktionary,294,lexicon,бгъэхэӏу,pin (for holding the front a shirt),noun,бгъэхэӏу | бгъэхэӏуэр | бгъэхэӏуэм | бгъэхэӏуэкӏэ | бгъэхэӏуэхэ | бгъэхэӏуэхэкӏэ | бгъэхэӏуэхэм | бгъэхэӏуэхэр | бгъэхэӏуыу | бгъэхэӏухыу | бгъэхэӏуэхэмэ | бгъэхэӏуэ,accepted
wiktionary-00295,train,true,,wiktionary,295,lexicon,бгъэхэӏушъхь,tip of a pin; pinhead (head of a pin),noun,бгъэхэӏушъхь | бгъэхэӏушъхьэкӏэ | бгъэхэӏушъхьэхыу | бгъэхэӏушъхьэхэм | бгъэхэӏушъхьэхэмэ | бгъэхэӏушъхьыу | бгъэхэӏушъхьэм | бгъэхэӏушъхьэхэкӏэ | бгъэхэӏушъхьэхэ | бгъэхэӏушъхьэхэр | бгъэхэӏушъхьэр | бгъэхэӏушъхьэ,accepted
wiktionary-00296,validation,true,,wiktionary,296,lexicon,бгъэшхъуантӏ,parrot,noun,бгъэшхъуантӏ | бгъэшхъуантӏэхэ | бгъэшхъуантӏэхэм | бгъэшхъуантӏыу | бгъэшхъуантӏэр | бгъэшхъуантӏэхэр | бгъэшхъуантӏэхэкӏэ | бгъэшхъуантӏэм | бгъэшхъуантӏэхыу | бгъэшхъуантӏэкӏэ | бгъэшхъуантӏэ | бгъэшхъуантӏэхэмэ,accepted
wiktionary-00297,train,true,,wiktionary,297,lexicon,бгъэӏас,falcon (used for hunting) ; hawk (domesticated),noun,бгъэӏас | бгъэӏасэм | бгъэӏасэхэм | бгъэӏасэкӏэ | бгъэӏасыу | бгъэӏасэхэкӏэ | бгъэӏасэхыу | бгъэӏасэр | бгъэӏасэхэр | бгъэӏасэ | бгъэӏасэхэ | бгъэӏасэхэмэ,accepted
wiktionary-00298,train,true,,wiktionary,298,lexicon,бгы,waist ; high ground ; plateau ; hill,noun,бгы | бгыхыу | бгыкӏэ | бгыхэр | бгыр | бгыхэкӏэ | бгыхэм | бгыхэмэ | бгыу | бгым,accepted
wiktionary-00299,train,true,,wiktionary,299,lexicon,бгыбзэ,"curse, defamatory poetry, lash at a person",noun,бгыбзэ | бгыбзэхэмэ | бгыбзэм | бгыбзэхыу | бгыбзэхэм | бгыбзэкӏэ | бгыбзэхэ | бгыбзэхэр | бгыбзэхэкӏэ | бгыбзэу | бгыбзэр,accepted
wiktionary-00300,train,true,,wiktionary,300,lexicon,бгыгъуан,tunnel,noun,бгыгъуан | бгыгъуанэхэр | бгыгъуанэхэкӏэ | бгыгъуаныу | бгыгъуанэхэ | бгыгъуанэм | бгыгъуанэхэм | бгыгъуанэхыу | бгыгъуанэкӏэ | бгыгъуанэ | бгыгъуанэр | бгыгъуанэхэмэ,accepted
wiktionary-00301,train,true,,wiktionary,301,lexicon,бгыкъу,"beam, girder",noun,бгыкъу | бгыкъуэ | бгыкъуэкӏэ | бгыкъуэхэкӏэ | бгыкъуэр | бгыкъуэм | бгыкъуэхэм | бгыкъуэхэ | бгыкъуыу | бгыкъуэхэр | бгыкъухыу | бгыкъуэхэмэ,accepted
wiktionary-00302,train,true,,wiktionary,302,lexicon,бгыкъупхъ,rafter,noun,бгыкъупхъ | бгыкъупхъэхэм | бгыкъупхъэкӏэ | бгыкъупхъэм | бгыкъупхъэхэр | бгыкъупхъэхэмэ | бгыкъупхъэхэ | бгыкъупхъэ | бгыкъупхъыу | бгыкъупхъэр | бгыкъупхъэхэкӏэ | бгыкъупхъэхыу,accepted
wiktionary-00303,train,true,,wiktionary,303,lexicon,бгылъэ,mountainous region,noun,бгылъэ | бгылъэм | бгылъэхэм | бгылъэр | бгылъэкӏэ | бгылъэхэкӏэ | бгылъэхэр | бгылъэу | бгылъэхэ | бгылъэхэмэ | бгылъэхыу,accepted
wiktionary-00304,train,true,,wiktionary,304,lexicon,бгынагъэ,neglected,adj,бгынагъэ | бгынагъэм | бгынагъэу | бгынагъэкӏэ | бгынагъэхэм | бгынагъэхыу | бгынагъэхэкӏэ | бгынагъэхэмэ | бгынагъэхэр | бгынагъэр | бгынагъэхэ,accepted
wiktionary-00305,train,true,,wiktionary,305,lexicon,бгынтӏэ,"pliable ; violated, broken (as: a rule which has been broken)",adj,бгынтӏэ | бгынтӏэхэкӏэ | бгынтӏэу | бгынтӏэхэр | бгынтӏэм | бгынтӏэхэм | бгынтӏэхыу | бгынтӏэхэ | бгынтӏэкӏэ | бгынтӏэхэмэ | бгынтӏэр,accepted
wiktionary-00306,train,true,,wiktionary,306,lexicon,бгынэжьыгъэ,"abandoned, deserted, (of a woman) divorced",adj,бгынэжьыгъэ | бгынэжьыгъэхэкӏэ | бгынэжьыгъэхэм | бгынэжьыгъэр | бгынэжьыгъэхэр | бгынэжьыгъэхыу | бгынэжьыгъэхэмэ | бгынэжьыгъэхэ | бгынэжьыгъэм | бгынэжьыгъэкӏэ | бгынэжьыгъэу,accepted
wiktionary-00307,train,true,,wiktionary,307,lexicon,бгынэн,"to abandon, to desert; to leave",verb,бгынэн,accepted
wiktionary-00308,train,true,,wiktionary,308,lexicon,бгыпэ,Mountain slope.,noun,бгыпэ | бгыпэкӏэ | бгыпэу | бгыпэхыу | бгыпэхэ | бгыпэхэр | бгыпэр | бгыпэхэмэ | бгыпэхэм | бгыпэхэкӏэ | бгыпэм,accepted
wiktionary-00309,test,true,,wiktionary,309,lexicon,бгырыпх,waistband ; belt,noun,бгырыпх | бгырыпхэхэкӏэ | бгырыпхэм | бгырыпхэхэм | бгырыпхэхэр | бгырыпхэкӏэ | бгырыпхэр | бгырыпхэхыу | бгырыпхыу | бгырыпхэхэмэ | бгырыпхэ | бгырыпхэхэ,accepted
wiktionary-00310,test,true,,wiktionary,310,lexicon,бгырыпхышъхь,belt buckle,noun,бгырыпхышъхь | бгырыпхышъхьэхэр | бгырыпхышъхьэхэкӏэ | бгырыпхышъхьэхэ | бгырыпхышъхьыу | бгырыпхышъхьэкӏэ | бгырыпхышъхьэ | бгырыпхышъхьэхыу | бгырыпхышъхьэр | бгырыпхышъхьэхэмэ | бгырыпхышъхьэм | бгырыпхышъхьэхэм,accepted
wiktionary-00311,train,true,,wiktionary,311,lexicon,бгырыс,mountaineer ; mountainous,noun | adj,бгырыс | бгырысэр | бгырысэхыу | бгырысэхэкӏэ | бгырысэхэ | бгырысэхэм | бгырысыу | бгырысэ | бгырысэхэр | бгырысэм | бгырысэхэмэ | бгырысэкӏэ,accepted
wiktionary-00312,train,true,,wiktionary,312,lexicon,бгыуан,mountain pass,noun,бгыуан | бгыуанэхыу | бгыуанэхэм | бгыуаныу | бгыуанэхэ | бгыуанэхэкӏэ | бгыуанэр | бгыуанэм | бгыуанэхэр | бгыуанэкӏэ | бгыуанэ | бгыуанэхэмэ,accepted
wiktionary-00313,train,true,,wiktionary,313,lexicon,бгычап,mountainside,noun,бгычап | бгычапэ | бгычапэм | бгычапэхэр | бгычапэкӏэ | бгычапэхэ | бгычапэхэкӏэ | бгычапэхэм | бгычапэр | бгычапыу | бгычапэхыу | бгычапэхэмэ,accepted
wiktionary-00314,train,true,,wiktionary,314,lexicon,бгычӏэ,Mountain base.,noun,бгычӏэ | бгычӏэкӏэ | бгычӏэм | бгычӏэхэкӏэ | бгычӏэр | бгычӏэхэм | бгычӏэхэ | бгычӏэхэр | бгычӏэу | бгычӏэхыу | бгычӏэхэмэ,accepted
wiktionary-00315,train,true,,wiktionary,315,lexicon,бгышъхь,mountain peak,noun,бгышъхь | бгышъхьм | бгышъхьхэм | бгышъхьхэ | бгышъхьхэр | бгышъхьхэкӏэ | бгышъхькӏэ | бгышъхьхыу | бгышъхьхэмэ | бгышъхьу | бгышъхьр,accepted
wiktionary-00316,train,true,,wiktionary,316,lexicon,бгэрый,curser,noun,бгэрый | бгэрыйэм | бгэрыйэхэм | бгэрыйэхэр | бгэрыйэр | бгэрыйэ | бгэрыйэхэкӏэ | бгэрыйэхэ | бгэрыйэхэмэ | бгэрыйэкӏэ | бгэрыйыу | бгэрыйэхыу,accepted
wiktionary-00317,train,true,,wiktionary,317,lexicon,бегъымбар,prophet,noun,бегъымбар | бегъымбарэм | бегъымбарыу | бегъымбарэр | бегъымбарэхэм | бегъымбарэхэкӏэ | бегъымбарэкӏэ | бегъымбарэ | бегъымбарэхэр | бегъымбарэхэмэ | бегъымбарэхэ | бегъымбарэхыу,accepted
wiktionary-00318,train,true,,wiktionary,318,lexicon,бедэхьау,"for nothing, in vain (to no avail or benefit)",adv,бедэхьау,accepted
wiktionary-00319,train,true,,wiktionary,319,lexicon,белэ,haybale ; hay,noun,белэ | белэм | белэхэкӏэ | белэхэмэ | белэхэм | белэхэр | белэхэ | белэу | белэхыу | белэкӏэ | белэр,accepted
wiktionary-00320,test,true,,wiktionary,320,lexicon,бензин игъэхъопӏэ,gas station,noun,бензин игъэхъопӏэ | бензин игъэхъопӏэу | бензин игъэхъопӏэм | бензин игъэхъопӏэхэмэ | бензин игъэхъопӏэр | бензин игъэхъопӏэхэм | бензин игъэхъопӏэхэкӏэ | бензин игъэхъопӏэхэ | бензин игъэхъопӏэкӏэ | бензин игъэхъопӏэхэр | бензин игъэхъопӏэхыу,accepted
wiktionary-00321,train,true,,wiktionary,321,lexicon,бетэман,"miserable, nothing, trifle, unlucky, useless",adj,бетэман | бетэманэр | бетэманэхэм | бетэманыу | бетэманэм | бетэманэхэкӏэ | бетэманэхыу | бетэманэхэмэ | бетэманэхэр | бетэманэхэ | бетэманэкӏэ | бетэманэ,accepted
wiktionary-00322,train,true,,wiktionary,322,lexicon,бжалэ,"liana, creeper (plant)",noun,бжалэ | бжалэм | бжалэкӏэ | бжалэхыу | бжалэхэмэ | бжалэхэм | бжалэхэ | бжалэхэр | бжалэр | бжалэхэкӏэ | бжалэу,accepted
wiktionary-00323,test,true,,wiktionary,323,lexicon,бжамэ,packthread,noun,бжамэ | бжамэу | бжамэхыу | бжамэкӏэ | бжамэхэкӏэ | бжамэм | бжамэхэм | бжамэхэр | бжамэхэ | бжамэхэмэ | бжамэр,accepted
wiktionary-00324,train,true,,wiktionary,324,lexicon,бжъаб,ibex,noun,бжъаб | бжъабэхэ | бжъабэ | бжъабыу | бжъабэм | бжъабэхэкӏэ | бжъабэхэм | бжъабэхыу | бжъабэр | бжъабэхэр | бжъабэкӏэ | бжъабэхэмэ,accepted
wiktionary-00325,train,true,,wiktionary,325,lexicon,бжъабгъу,deer,noun,бжъабгъу | бжъабгъуэхэ | бжъабгъуэ | бжъабгъуэр | бжъабгъуэкӏэ | бжъабгъуэхэкӏэ | бжъабгъухыу | бжъабгъуэм | бжъабгъуэхэмэ | бжъабгъуыу | бжъабгъуэхэм | бжъабгъуэхэр,accepted
wiktionary-00326,train,true,,wiktionary,326,lexicon,бжъако,hornless,adj,бжъако | бжъакор | бжъакохыу | бжъакохэр | бжъакохэм | бжъаком | бжъакохэкӏэ | бжъакохэ | бжъакокӏэ | бжъакоу | бжъакохэмэ,accepted
wiktionary-00327,train,true,,wiktionary,327,lexicon,бжъакъо,horn,noun,бжъакъо | бжъакъохэр | бжъакъохэмэ | бжъакъоу | бжъакъом | бжъакъохэм | бжъакъохэкӏэ | бжъакъор | бжъакъохыу | бжъакъохэ | бжъакъокӏэ,accepted
wiktionary-00328,train,true,,wiktionary,328,lexicon,бжъакъэ,hornless,adj,бжъакъэ | бжъакъэхэ | бжъакъэу | бжъакъэм | бжъакъэхэм | бжъакъэхэкӏэ | бжъакъэкӏэ | бжъакъэр | бжъакъэхыу | бжъакъэхэр | бжъакъэхэмэ,accepted
wiktionary-00329,train,true,,wiktionary,329,lexicon,бжъалъ,"Circassian cheese, cheese mold",noun,бжъалъ | бжъалъэм | бжъалъэхэ | бжъалъэхэм | бжъалъэ | бжъалъэхэмэ | бжъалъэкӏэ | бжъалъэхэр | бжъалъэр | бжъалъыу | бжъалъэхыу | бжъалъэхэкӏэ,accepted
wiktionary-00330,train,true,,wiktionary,330,lexicon,бжъанэ,claw ; nail (Body),noun,бжъанэ | бжъанэу | бжъанэхэмэ | бжъанэхэкӏэ | бжъанэхэр | бжъанэхыу | бжъанэм | бжъанэр | бжъанэхэм | бжъанэхэ | бжъанэкӏэ,accepted
wiktionary-00331,validation,true,,wiktionary,331,lexicon,бжъапэ,"hillock, knoll",noun,бжъапэ | бжъапэхэ | бжъапэм | бжъапэхэм | бжъапэхэмэ | бжъапэу | бжъапэхыу | бжъапэхэр | бжъапэкӏэ | бжъапэхэкӏэ | бжъапэр,accepted
wiktionary-00332,train,true,,wiktionary,332,lexicon,бжъау,stag,noun,бжъау | бжъауэхэкӏэ | бжъауыу | бжъауэхэмэ | бжъауэхэ | бжъауэхэм | бжъауэм | бжъаухыу | бжъауэкӏэ | бжъауэр | бжъауэхэр | бжъауэ,accepted
wiktionary-00333,test,true,,wiktionary,333,lexicon,бжъащэ,Crooked horn,noun,бжъащэ | бжъащэхэм | бжъащэм | бжъащэр | бжъащэхэмэ | бжъащэхэр | бжъащэхэкӏэ | бжъащэу | бжъащэхэ | бжъащэкӏэ | бжъащэхыу,accepted
wiktionary-00334,train,true,,wiktionary,334,lexicon,бжъэ,bowl ; cornu ; horn ; slander ; Span of the hand (a measure),noun,бжъэ | бжъэкӏэ | бжъэхэ | бжъэуэм | бжъэуэкӏэ | бжъэхыу | бжъэм | бжъэхэм | бжъэуэхэмэ | бжъэуэхэкӏэ | бжъэуэхэм | бжъэухыу | бжъэр | бжъэхэмэ | бжъэуэхэ | бжъэуэ | бжъэуыу | бжъэуэр | бжъэу | бжъэуэхэр | бжъэхэр | бжъэхэкӏэ,accepted
wiktionary-00335,test,true,,wiktionary,335,lexicon,бжъэдыгъу,Bjadugh (a Circassian clan tribe),noun,бжъэдыгъу | бжъэдыгъуэкӏэ | бжъэдыгъуэ | бжъэдыгъуэхэкӏэ | бжъэдыгъуэхыу | бжъэдыгъуэхэ | бжъэдыгъуэм | бжъэдыгъуэхэмэ | бжъэдыгъуэр | бжъэдыгъуэхэм | бжъэдыгъуэхэр | бжъэдыгъуыу,accepted
wiktionary-00336,train,true,,wiktionary,336,lexicon,бжъэкумыл,horn core,noun,бжъэкумыл | бжъэкумылэр | бжъэкумылэ | бжъэкумылэхэ | бжъэкумылэм | бжъэкумылэхэр | бжъэкумылэхэмэ | бжъэкумылэхэкӏэ | бжъэкумылэхэм | бжъэкумылыу | бжъэкумылэхыу | бжъэкумылэкӏэ,accepted
wiktionary-00337,train,true,,wiktionary,337,lexicon,бжъэкъожъый,Gun powder horn ; Small horn,noun,бжъэкъожъый | бжъэкъожъыйэхэмэ | бжъэкъожъыйэхэм | бжъэкъожъыйэхыу | бжъэкъожъыйэр | бжъэкъожъыйэ | бжъэкъожъыйэкӏэ | бжъэкъожъыйэм | бжъэкъожъыйэхэр | бжъэкъожъыйыу | бжъэкъожъыйэхэкӏэ | бжъэкъожъыйэхэ,accepted
wiktionary-00338,train,true,,wiktionary,338,lexicon,бжъэмый,"Horn (musical instrument), tube",noun,бжъэмый | бжъэмыйэхэр | бжъэмыйэхэкӏэ | бжъэмыйэхыу | бжъэмыйэхэм | бжъэмыйэм | бжъэмыйэхэмэ | бжъэмыйэр | бжъэмыйэкӏэ | бжъэмыйэ | бжъэмыйыу | бжъэмыйэхэ,accepted
wiktionary-00339,train,true,,wiktionary,339,lexicon,бжъэмыяпщ,bugler,noun,бжъэмыяпщ | бжъэмыяпщэхэм | бжъэмыяпщэм | бжъэмыяпщэхыу | бжъэмыяпщэхэмэ | бжъэмыяпщэхэ | бжъэмыяпщэкӏэ | бжъэмыяпщэхэр | бжъэмыяпщэхэкӏэ | бжъэмыяпщыу | бжъэмыяпщэр | бжъэмыяпщэ,accepted
wiktionary-00340,train,true,,wiktionary,340,lexicon,бжъэу,stag,noun,бжъэу | бжъэуэ | бжъэуэм | бжъэуэхэмэ | бжъэуэхэм | бжъэуэр | бжъэуэхэкӏэ | бжъэуыу | бжъэуэхэр | бжъэухыу | бжъэуэкӏэ | бжъэуэхэ,accepted
wiktionary-00341,train,true,,wiktionary,341,lexicon,бжъэшъу,feeding bottle,noun,бжъэшъу | бжъэшъуэхэкӏэ | бжъэшъуэхэмэ | бжъэшъуэм | бжъэшъуэхыу | бжъэшъуэхэр | бжъэшъуэ | бжъэшъуэхэм | бжъэшъуэхэ | бжъэшъуыу | бжъэшъуэкӏэ | бжъэшъуэр,accepted
wiktionary-00342,train,true,,wiktionary,342,lexicon,бжыб,handful; fistful,adj,бжыб | бжыбэхэм | бжыбэхэр | бжыбэхэкӏэ | бжыбэкӏэ | бжыбэм | бжыбэр | бжыбэхэмэ | бжыбыу | бжыбэхыу | бжыбэхэ | бжыбэ,accepted
wiktionary-00343,train,true,,wiktionary,343,lexicon,бжыдзэ,flea (an insect),noun,бжыдзэ | бжыдзээм | бжыдзээхэм | бжыдзээхэмэ | бжыдзээр | бжыдзэыу | бжыдзээ | бжыдзээхэкӏэ | бжыдзээхыу | бжыдзээхэ | бжыдзээкӏэ | бжыдзээхэр,accepted
wiktionary-00344,train,true,,wiktionary,344,lexicon,бжыдзэгъалӏэ,"flea killer (a plant), insecticide",noun,бжыдзэгъалӏэ | бжыдзэгъалӏэм | бжыдзэгъалӏэхэм | бжыдзэгъалӏэр | бжыдзэгъалӏэу | бжыдзэгъалӏэхыу | бжыдзэгъалӏэхэмэ | бжыдзэгъалӏэхэкӏэ | бжыдзэгъалӏэхэ | бжыдзэгъалӏэхэр | бжыдзэгъалӏэкӏэ,accepted
wiktionary-00345,test,true,,wiktionary,345,lexicon,бжым,fist,noun,бжым | бжымэм | бжымэ | бжымэкӏэ | бжымэхэм | бжымэхэкӏэ | бжымэхыу | бжымэхэмэ | бжымыу | бжымэр | бжымэхэ | бжымэхэр,accepted
wiktionary-00346,train,true,,wiktionary,346,lexicon,бжымы,fist,noun,бжымы | бжымым | бжымыхэм | бжымыкӏэ | бжымыхэр | бжымыхэкӏэ | бжымыхэмэ | бжымыу | бжымыхыу | бжымыр,accepted
wiktionary-00347,train,true,,wiktionary,347,lexicon,бжымы зауэ,boxing,noun,бжымы зауэ | бжымы зауэхэ | бжымы зауэм | бжымы зауэхэкӏэ | бжымы зауэхэм | бжымы зауэхыу | бжымы зауэхэр | бжымы зауэу | бжымы зауэкӏэ | бжымы зауэр | бжымы зауэхэмэ,accepted
wiktionary-00348,test,true,,wiktionary,348,lexicon,бжыны цӏын,green onion ; leek,noun,бжыны цӏын | бжыны цӏынэ | бжыны цӏыныу | бжыны цӏынэхыу | бжыны цӏынэхэр | бжыны цӏынэхэм | бжыны цӏынэхэмэ | бжыны цӏынэхэ | бжыны цӏынэр | бжыны цӏынэм | бжыны цӏынэхэкӏэ | бжыны цӏынэкӏэ,accepted
wiktionary-00349,train,true,,wiktionary,349,lexicon,бжыхьакӏэ,boxing,noun,бжыхьакӏэ | бжыхьакӏэхэм | бжыхьакӏэм | бжыхьакӏэхэр | бжыхьакӏэкӏэ | бжыхьакӏэхыу | бжыхьакӏэхэ | бжыхьакӏэу | бжыхьакӏэр | бжыхьакӏэхэмэ | бжыхьакӏэхэкӏэ,accepted
wiktionary-00350,train,true,,wiktionary,350,lexicon,бжыхьапэ,Autumn beginning,noun,бжыхьапэ | бжыхьапэу | бжыхьапэхыу | бжыхьапэхэкӏэ | бжыхьапэр | бжыхьапэм | бжыхьапэхэр | бжыхьапэкӏэ | бжыхьапэхэ | бжыхьапэхэм | бжыхьапэхэмэ,accepted
wiktionary-00351,train,true,,wiktionary,351,lexicon,бжыхьас,"Autumn culture, Field (autumn),",noun,бжыхьас | бжыхьасэ | бжыхьасэкӏэ | бжыхьасэхэр | бжыхьасэхэм | бжыхьасэхэкӏэ | бжыхьасэм | бжыхьасэхэмэ | бжыхьасэхыу | бжыхьасэхэ | бжыхьасыу | бжыхьасэр,accepted
wiktionary-00352,validation,true,,wiktionary,352,lexicon,бжыхьэ,autumn,noun,бжыхьэ | бжыхьэу | бжыхьэм | бжыхьэхэмэ | бжыхьэкӏэ | бжыхьэхэм | бжыхьэхэр | бжыхьэхэкӏэ | бжыхьэхыу | бжыхьэр | бжыхьэхэ,accepted
wiktionary-00353,train,true,,wiktionary,353,lexicon,бжыхьэбадзэ,autumn fly,noun,бжыхьэбадзэ | бжыхьэбадзэхэм | бжыхьэбадзэм | бжыхьэбадзэр | бжыхьэбадзэхэкӏэ | бжыхьэбадзэхэр | бжыхьэбадзэхэмэ | бжыхьэбадзэкӏэ | бжыхьэбадзэхэ | бжыхьэбадзэу | бжыхьэбадзэхыу,accepted
wiktionary-00354,test,true,,wiktionary,354,lexicon,бжьахъо,beekeeper,noun,бжьахъо | бжьахъор | бжьахъом | бжьахъохыу | бжьахъохэмэ | бжьахъохэр | бжьахъохэм | бжьахъохэ | бжьахъокӏэ | бжьахъоу | бжьахъохэкӏэ,accepted
wiktionary-00355,train,true,,wiktionary,355,lexicon,бжьашӏо,male bee,noun,бжьашӏо | бжьашӏохэр | бжьашӏор | бжьашӏокӏэ | бжьашӏохэкӏэ | бжьашӏоу | бжьашӏохэм | бжьашӏом | бжьашӏохэ | бжьашӏохэмэ | бжьашӏохыу,accepted
wiktionary-00356,train,true,,wiktionary,356,lexicon,бжьащэ,"sting (bee), stinger (bee),",noun,бжьащэ | бжьащэхыу | бжьащэхэ | бжьащэхэмэ | бжьащэм | бжьащэхэм | бжьащэр | бжьащэхэкӏэ | бжьащэкӏэ | бжьащэу | бжьащэхэр,accepted
wiktionary-00357,train,true,,wiktionary,357,lexicon,бжьаӏо,apiary (a place where bees and hives are kept),noun,бжьаӏо | бжьаӏохэкӏэ | бжьаӏохэмэ | бжьаӏом | бжьаӏохыу | бжьаӏор | бжьаӏохэр | бжьаӏохэм | бжьаӏоу | бжьаӏокӏэ | бжьаӏохэ,accepted
wiktionary-00358,train,true,,wiktionary,358,lexicon,бжьы,yoke,noun,бжьы | бжьыхыу | бжьыхэмэ | бжьыкӏэ | бжьым | бжьыхэм | бжьыхэкӏэ | бжьыу | бжьыр | бжьыхэр,accepted
wiktionary-00359,test,true,,wiktionary,359,lexicon,бжьыго,ugly,adj,бжьыго | бжьыком | бжьыгом | бжьыгохэкӏэ | бжьыкохэкӏэ | бжьыкохэмэ | бжьыгохэм | бжьыкохэр | бжьыкохыу | бжьыгоу | бжьыкокӏэ | бжьыгохыу | бжьыгокӏэ | бжьыкохэ | бжьыгохэмэ | бжьыко | бжьыкор | бжьыгохэр | бжьыкохэм | бжьыгохэ | бжьыкоу | бжьыгор,accepted
wiktionary-00360,train,true,,wiktionary,360,lexicon,бжьыгъэ,"blot, spot, stain",noun,бжьыгъэ | бжьыгъэхэм | бжьыгъэхэкӏэ | бжьыгъэм | бжьыгъэр | бжьыгъэхэр | бжьыгъэу | бжьыгъэхэмэ | бжьыгъэхыу | бжьыгъэкӏэ | бжьыгъэхэ,accepted
wiktionary-00361,train,true,,wiktionary,361,lexicon,бжьыны,onion,noun,бжьыны | бжьыныхыу | бжьыным | бжьыныу | бжьыныхэр | бжьыныхэм | бжьыныхэмэ | бжьыныхэкӏэ | бжьыныкӏэ | бжьыныр,accepted
wiktionary-00362,train,true,,wiktionary,362,lexicon,бжьыныкӏ,onion seed,noun,бжьыныкӏ | бжьыныкӏхэм | бжьыныкӏхэр | бжьыныкӏхыу | бжьыныкӏмкӏэ | бжьыныкӏу | бжьыныкӏхэ | бжьыныкӏкӏэ | бжьыныкӏр | бжьыныкӏхэкӏэ | бжьыныкӏхэмэ | бжьыныкӏм,accepted
wiktionary-00363,train,true,,wiktionary,363,lexicon,бжьыныуц,wild garlic,noun,бжьыныуц | бжьыныуцм | бжьыныуцр | бжьыныуцхэр | бжьыныуцхыу | бжьыныуцхэкӏэ | бжьыныуцхэ | бжьыныуцу | бжьыныуцхэм | бжьыныуцкӏэ | бжьыныуцхэмэ,accepted
wiktionary-00364,train,true,,wiktionary,364,lexicon,бжьыныф,garlic,noun,бжьыныф | бжьыныфхыу | бжьыныфр | бжьыныфхэм | бжьыныфм | бжьыныфхэкӏэ | бжьыныфхэр | бжьыныфкӏэ | бжьыныфу | бжьыныфхэмэ,accepted
wiktionary-00365,train,true,,wiktionary,365,lexicon,бжьыныфщыгъу,salted garlic,noun,бжьыныфщыгъу | бжьыныфщыгъуэхэр | бжьыныфщыгъуэр | бжьыныфщыгъуэкӏэ | бжьыныфщыгъуэхэм | бжьыныфщыгъуэхэкӏэ | бжьыныфщыгъуэхэмэ | бжьыныфщыгъуэм | бжьыныфщыгъуэ | бжьыныфщыгъуыу | бжьыныфщыгъуэхэ | бжьыныфщыгъухыу,accepted
wiktionary-00366,train,true,,wiktionary,366,lexicon,бжьыныфыкӏ,garlic seed,noun,бжьыныфыкӏ | бжьыныфыкӏэхэм | бжьыныфыкӏэхыу | бжьыныфыкӏэхэр | бжьыныфыкӏэкӏэ | бжьыныфыкӏэм | бжьыныфыкӏэхэ | бжьыныфыкӏыу | бжьыныфыкӏэр | бжьыныфыкӏэхэкӏэ | бжьыныфыкӏэ | бжьыныфыкӏэхэмэ,accepted
wiktionary-00367,train,true,,wiktionary,367,lexicon,бжьыныфыц,clove (garlic),noun,бжьыныфыц | бжьыныфыцэкӏэ | бжьыныфыцэр | бжьыныфыцэхэм | бжьыныфыцэхэкӏэ | бжьыныфыцэм | бжьыныфыцыу | бжьыныфыцэ | бжьыныфыцэхэ | бжьыныфыцэхэмэ | бжьыныфыцэхэр | бжьыныфыцэхыу,accepted
wiktionary-00368,train,true,,wiktionary,368,lexicon,бжьышӏо,"slender, slim, svelte,",noun,бжьышӏо | бжьышӏор | бжьышӏом | бжьышӏохыу | бжьышӏохэм | бжьышӏокӏэ | бжьышӏохэр | бжьышӏохэ | бжьышӏохэмэ | бжьышӏоу | бжьышӏохэкӏэ,accepted
wiktionary-00369,test,true,,wiktionary,369,lexicon,бжьэ,bee,noun,бжьэ | бжьэм | бжьэкӏэ | бжьэхэ | бжьэхэм | бжьэхэкӏэ | бжьэхыу | бжьэу | бжьэр | бжьэхэр | бжьэхэмэ,accepted
wiktionary-00370,train,true,,wiktionary,370,lexicon,бжьэбын,"bee family, swarm",noun,бжьэбын | бжьэбыныу | бжьэбынэхэм | бжьэбынэкӏэ | бжьэбынэхэр | бжьэбынэм | бжьэбынэхыу | бжьэбынэр | бжьэбынэ | бжьэбынэхэ | бжьэбынэхэкӏэ | бжьэбынэхэмэ,accepted
wiktionary-00371,train,true,,wiktionary,371,lexicon,бжьэгъалӏэ,clematis,noun,бжьэгъалӏэ | бжьэгъалӏэкӏэ | бжьэгъалӏэхэмэ | бжьэгъалӏэм | бжьэгъалӏэхэм | бжьэгъалӏэхэ | бжьэгъалӏэхэкӏэ | бжьэгъалӏэу | бжьэгъалӏэхыу | бжьэгъалӏэр | бжьэгъалӏэхэр,accepted
wiktionary-00372,train,true,,wiktionary,372,lexicon,бжьэматэ,beehive,noun,бжьэматэ | бжьэматэхэмэ | бжьэматээкӏэ | бжьэматэхэр | бжьэматээхэм | бжьэматэкӏэ | бжьэматээр | бжьэматээхэкӏэ | бжьэматэыу | бжьэматээхыу | бжьэматэхэкӏэ | бжьэматээхэр | бжьэматэм | бжьэматэхыу | бжьэматээхэмэ | бжьэматээхэ | бжьэматыу | бжьэматээм | бжьэматэхэ | бжьэматээ | бжьэматэхэм | бжьэмат | бжьэматэр,accepted
wiktionary-00373,train,true,,wiktionary,373,lexicon,бжьэпащ,bee queen,noun,бжьэпащ | бжьэпащэм | бжьэпащыу | бжьэпащэхыу | бжьэпащэхэ | бжьэпащэр | бжьэпащэхэр | бжьэпащэ | бжьэпащэкӏэ | бжьэпащэхэм | бжьэпащэхэмэ | бжьэпащэхэкӏэ,accepted
wiktionary-00374,train,true,,wiktionary,374,lexicon,бжьэпчӏ,bee swarm,noun,бжьэпчӏ | бжьэпчӏэхэ | бжьэпчӏэхэмэ | бжьэпчӏыу | бжьэпчӏэм | бжьэпчӏэр | бжьэпчӏэхэм | бжьэпчӏэхэр | бжьэпчӏэ | бжьэпчӏэхэкӏэ | бжьэпчӏэхыу | бжьэпчӏэкӏэ,accepted
wiktionary-00375,train,true,,wiktionary,375,lexicon,бжьэхъон,"to beekeep; to maintain hives and keep bees, especially for the production of honey",verb,бжьэхъон,accepted
wiktionary-00376,train,true,,wiktionary,376,lexicon,бжьэцы,bee swarm,noun,бжьэцы | бжьэцыхыу | бжьэцыхэм | бжьэцыхэр | бжьэцыр | бжьэцыкӏэ | бжьэцыу | бжьэцым | бжьэцыхэкӏэ | бжьэцыхэмэ,accepted
wiktionary-00377,train,true,,wiktionary,377,lexicon,бжьэшх,bee-eater (a bird),noun,бжьэшх,accepted
wiktionary-00378,train,true,,wiktionary,378,lexicon,бзаджэ,"despicable, evil, mean",adj,бзаджэ | бзагьэ,accepted
wiktionary-00379,train,true,,wiktionary,379,lexicon,бзако,"dumb, mute (unable to speak)",adj,бзако | бзакор | бзакокӏэ | бзакохэр | бзаком | бзакохэм | бзакохэмэ | бзакохэкӏэ | бзакоу | бзакохэ | бзакохыу,accepted
wiktionary-00380,test,true,,wiktionary,380,lexicon,бзакӏо,"dress designer, organizer ; tailor's cutter",noun,бзакӏо | бзакӏохэмэ | бзакӏохэм | бзакӏохэ | бзакӏоу | бзакӏом | бзакӏор | бзакӏохыу | бзакӏохэкӏэ | бзакӏохэр | бзакӏокӏэ,accepted
wiktionary-00381,train,true,,wiktionary,381,lexicon,бзалъ,quiver (for arrows),noun,бзалъ | бзалъэхэ | бзалъэхэмэ | бзалъыу | бзалъэхэм | бзалъэм | бзалъэ | бзалъэхыу | бзалъэхэр | бзалъэр | бзалъэхэкӏэ | бзалъэкӏэ,accepted
wiktionary-00382,train,true,,wiktionary,382,lexicon,бзашӏу,eloquent ; well-spoken,adj,бзашӏу,accepted
wiktionary-00383,validation,true,,wiktionary,383,lexicon,бзудэгу,grouse,noun,бзудэгу,accepted
wiktionary-00384,validation,true,,wiktionary,384,lexicon,бзукӏэзэгох,"Bird with split tail,",noun,бзукӏэзэгох | бзукӏэзэгохэхэм | бзукӏэзэгохыу | бзукӏэзэгохэхыу | бзукӏэзэгохэр | бзукӏэзэгохэхэмэ | бзукӏэзэгохэкӏэ | бзукӏэзэгохэм | бзукӏэзэгохэхэр | бзукӏэзэгохэ | бзукӏэзэгохэхэ | бзукӏэзэгохэхэкӏэ,accepted
wiktionary-00385,excluded_review_required,false,missing_target_text,wiktionary,385,lexicon,бзушхъу,,,бзушхъу,review_required
wiktionary-00386,excluded_benchmark_overlap,false,exact_normalized_input_target_or_variant_overlap_with_benchmark,wiktionary,386,lexicon,бзы,female,noun,бзы,accepted
wiktionary-00387,train,true,,wiktionary,387,lexicon,бзыгъ,"clever ; plate, board, Bread crumb, notch,",adj | noun,бзыгъ | бзыгъэхыу | бзыгъэхэ | бзыгъэкӏэ | бзыгъэм | бзыгъэхэкӏэ | бзыгъэхэр | бзыгъэ | бзыгъэр | бзыгъэхэмэ | бзыгъыу | бзыгъэхэм,accepted
wiktionary-00388,train,true,,wiktionary,388,lexicon,бзыиплъ,Golden red,noun,бзыиплъ | бзыиплъэхэ | бзыиплъэкӏэ | бзыиплъэхэм | бзыиплъэр | бзыиплъэ | бзыиплъэм | бзыиплъыу | бзыиплъэхэмэ | бзыиплъэхыу | бзыиплъэхэр | бзыиплъэхэкӏэ,accepted
wiktionary-00389,train,true,,wiktionary,389,lexicon,бзый,"beam, feather, plume, quill,",noun,бзый | бзыйэхэ | бзыйэр | бзыйэм | бзыйэхэм | бзыйэхэмэ | бзыйыу | бзыйэхыу | бзыйэкӏэ | бзыйэхэкӏэ | бзыйэ | бзыйэхэр,accepted
wiktionary-00390,train,true,,wiktionary,390,lexicon,бзылъфыгъэ,woman,noun,бзылъфыгъэ | бзылъфыгъэхэкӏэ | бзылъфыгъэм | бзылъфыгъэхэм | бзылъфыгъэхэр | бзылъфыгъэкӏэ | бзылъфыгъэхэмэ | бзылъфыгъэу | бзылъфыгъэхэ | бзылъфыгъэхыу | бзылъфыгъэр,accepted
wiktionary-00391,train,true,,wiktionary,391,lexicon,бзын,"to cut (with scissors, knife or sword), to slice",verb,бзын,accepted
wiktionary-00392,validation,true,,wiktionary,392,lexicon,бзыпхъэ,"arrangement, Cut (dress), example, model, order, pattern, sample,",noun,бзыпхъэ | бзыпхъэхэ | бзыпхъэу | бзыпхъэхэр | бзыпхъэхэмэ | бзыпхъэхыу | бзыпхъэм | бзыпхъэхэм | бзыпхъэхэкӏэ | бзыпхъэр | бзыпхъэкӏэ,accepted
wiktionary-00393,train,true,,wiktionary,393,lexicon,бзытэн,trim,noun,бзытэн | бзытэнэм | бзытэныу | бзытэнэр | бзытэнэ | бзытэнэкӏэ | бзытэнэхэм | бзытэнэхэ | бзытэнэхыу | бзытэнэхэкӏэ | бзытэнэхэмэ | бзытэнэхэр,accepted
wiktionary-00394,excluded_benchmark_overlap,false,exact_normalized_input_target_or_variant_overlap_with_benchmark,wiktionary,394,lexicon,бзыу,bird,noun,бзыу | бзыукӏэ | бзыухэм | бзыухыу | бзыум | бзыухэ | бзыухэмэ | бзыуу | бзыухэкӏэ | бзыур | бзыухэр,accepted
wiktionary-00395,validation,true,,wiktionary,395,lexicon,бзыужъый,small bird,noun,бзыужъый | бзыужъыйэхэмэ | бзыужъыйэхэ | бзыужъыйэ | бзыужъыйэм | бзыужъыйэхэм | бзыужъыйэкӏэ | бзыужъыйэхэкӏэ | бзыужъыйыу | бзыужъыйэр | бзыужъыйэхэр | бзыужъыйэхыу,accepted
wiktionary-00396,train,true,,wiktionary,396,lexicon,бзыукъолэн,parrot,noun,бзыукъолэн | бзыукъолэнэр | бзыукъолэнэм | бзыукъолэнэкӏэ | бзыукъолэныу | бзыукъолэнэхыу | бзыукъолэнэхэм | бзыукъолэнэхэкӏэ | бзыукъолэнэхэмэ | бзыукъолэнэхэр | бзыукъолэнэхэ | бзыукъолэнэ,accepted
wiktionary-00397,train,true,,wiktionary,397,lexicon,бзыукъуай,"rose mallow,",noun,бзыукъуай | бзыукъуайэ | бзыукъуайэм | бзыукъуайэхэ | бзыукъуайэхыу | бзыукъуайыу | бзыукъуайэхэм | бзыукъуайэр | бзыукъуайэкӏэ | бзыукъуайэхэкӏэ | бзыукъуайэхэр | бзыукъуайэхэмэ,accepted
wiktionary-00398,train,true,,wiktionary,398,lexicon,бзыукӏалъэ,slingshot,noun,бзыукӏалъэ | бзыукӏьалъэхэм | бзыукӏьалъэ | бзыукӏьалъэхэмэ | бзыукӏалъэхэмэ | бзыукӏалъэхэм | бзыукӏьалъэм | бзыукӏьалъэхэкӏэ | бзыукӏалъэхыу | бзыукӏьалъэу | бзыукӏьалъэхэр | бзыукӏалъэхэкӏэ | бзыукӏьалъэхыу | бзыукӏьалъэкӏэ | бзыукӏалъэр | бзыукӏалъэм | бзыукӏалъэкӏэ | бзыукӏьалъэхэ | бзыукӏалъэхэр | бзыукӏалъэхэ | бзыукӏалъэу | бзыукӏьалъэр,accepted
wiktionary-00399,test,true,,wiktionary,399,lexicon,бзыукӏэплъ,redstart (a bird),noun,бзыукӏэплъ | бзыукӏэплъэхыу | бзыукӏэплъэм | бзыукӏэплъэхэм | бзыукӏэплъэр | бзыукӏэплъэ | бзыукӏэплъэкӏэ | бзыукӏэплъэхэкӏэ | бзыукӏэплъэхэр | бзыукӏэплъэхэмэ | бзыукӏэплъыу | бзыукӏэплъэхэ,accepted
wiktionary-00400,train,true,,wiktionary,400,lexicon,бзыулъахъ,"Chick-peas (wild plant),",noun,бзыулъахъ | бзыулъахъэхэкӏэ | бзыулъахъэкӏэ | бзыулъахъэхэм | бзыулъахъэм | бзыулъахъыу | бзыулъахъэ | бзыулъахъэхыу | бзыулъахъэхэмэ | бзыулъахъэхэр | бзыулъахъэхэ | бзыулъахъэр,accepted
wiktionary-00401,train,true,,wiktionary,401,lexicon,бзыупцӏ,blackbird,noun,бзыупцӏ | бзыупцӏэхэкӏэ | бзыупцӏэхэм | бзыупцӏэхыу | бзыупцӏэм | бзыупцӏэкӏэ | бзыупцӏэхэмэ | бзыупцӏэхэр | бзыупцӏэр | бзыупцӏыу | бзыупцӏэхэ | бзыупцӏэ,accepted
wiktionary-00402,train,true,,wiktionary,402,lexicon,бзыуубыт,"Bird hunter, Bird trap,",noun,бзыуубыт | бзыуубытэхэр | бзыуубытэхэм | бзыуубытэхэ | бзыуубытэм | бзыуубытэкӏэ | бзыуубытэр | бзыуубытэхэмэ | бзыуубытэхыу | бзыуубытыу | бзыуубытэ | бзыуубытэхэкӏэ,accepted
wiktionary-00403,test,true,,wiktionary,403,lexicon,бзыухьакуаку,Lark (a bird),noun,бзыухьакуаку | бзыухьакуакуэхэм | бзыухьакуакуэкӏэ | бзыухьакуакуэм | бзыухьакуакуэ | бзыухьакуакуэр | бзыухьакуакуэхэр | бзыухьакуакуэхэмэ | бзыухьакуакуэхэкӏэ | бзыухьакуакуыу | бзыухьакуакухыу | бзыухьакуакуэхэ,accepted
wiktionary-00404,validation,true,,wiktionary,404,lexicon,бзыуцыф,cotton ; cotton wool (Sweet) ; Cotton (plant),noun,бзыуцыф | бзыуцыфэхэ | бзыуцыфэхэм | бзыуцыфэр | бзыуцыфэм | бзыуцыфэ | бзыуцыфыу | бзыуцыфэхэр | бзыуцыфэхыу | бзыуцыфэхэкӏэ | бзыуцыфэхэмэ | бзыуцыфэкӏэ,accepted
wiktionary-00405,train,true,,wiktionary,405,lexicon,бзыушыр,young bird,noun,бзыушыр | бзыушырыу | бзыушырэхэмэ | бзыушырэр | бзыушырэ | бзыушырэм | бзыушырэхэр | бзыушырэхэм | бзыушырэхыу | бзыушырэхэкӏэ | бзыушырэкӏэ | бзыушырэхэ,accepted
wiktionary-00406,train,true,,wiktionary,406,lexicon,бзыфы,linden (plant),noun,бзыфы | бзыфыхэм | бзыфым | бзыфыхыу | бзыфыхэр | бзыфыхэкӏэ | бзыфыкӏэ | бзыфыхэмэ | бзыфыр | бзыфыу,accepted
wiktionary-00407,train,true,,wiktionary,407,lexicon,бзыхьан,to trim (the edges),verb,бзыхьан,accepted
wiktionary-00408,train,true,,wiktionary,408,lexicon,бзыхьаф,"clip (of paper), cuttings,",noun,бзыхьаф | бзыхьафэ | бзыхьафыу | бзыхьафэхэ | бзыхьафэхэр | бзыхьафэм | бзыхьафэхэкӏэ | бзыхьафэхэм | бзыхьафэхыу | бзыхьафэр | бзыхьафэхэмэ | бзыхьафэкӏэ,accepted
wiktionary-00409,train,true,,wiktionary,409,lexicon,бзыхьафынчъ,"integrated, Not needy, Self sufficient,",adj,бзыхьафынчъ,accepted
wiktionary-00410,excluded_benchmark_overlap,false,exact_normalized_input_target_or_variant_overlap_with_benchmark,wiktionary,410,lexicon,бзэ,language ; Bow string ; Hypotenuse (in a triangle),noun,бзэ,accepted
wiktionary-00411,train,true,,wiktionary,411,lexicon,бзэбзэн,to warble ; to modulate,verb,бзэбзэн,accepted
wiktionary-00412,train,true,,wiktionary,412,lexicon,бзэгу,tongue,noun,бзэгу | бзэгуэ | бзэгуэм | бзэгуэкӏэ | бзэгуэхэм | бзэгуэхэкӏэ | бзэгуэхэ | бзэгуэхэр | бзэгуыу | бзэгуэхэмэ | бзэгухыу | бзэгуэр,accepted
wiktionary-00413,train,true,,wiktionary,413,lexicon,бзэгужъый,uvula,noun,бзэгужъый | бзэгужъыйэхэ | бзэгужъыйэр | бзэгужъыйэкӏэ | бзэгужъыйэхэмэ | бзэгужъыйэм | бзэгужъыйэхэм | бзэгужъыйэхэкӏэ | бзэгужъыйэхыу | бзэгужъыйэ | бзэгужъыйыу | бзэгужъыйэхэр,accepted
wiktionary-00414,validation,true,,wiktionary,414,lexicon,бзэгуп,peninsula ; tongue tip,noun,бзэгуп | бзэгупкӏэ | бзэгупм | бзэгупхэкӏэ | бзэгупу | бзэгупхэмэ | бзэгупхэм | бзэгупр | бзэгупхыу | бзэгупхэр | бзэгупхэ,accepted
wiktionary-00415,train,true,,wiktionary,415,lexicon,бзэгурацу,"Speaks with difficulty, tongue-tied",adj,бзэгурацу | бзэгурацуэр | бзэгурацуэкӏэ | бзэгурацуэм | бзэгурацуэхэмэ | бзэгурацуэхэкӏэ | бзэгурацуэхэм | бзэгурацуыу | бзэгурацуэхэ | бзэгурацуэ | бзэгурацухыу | бзэгурацуэхэр,accepted
wiktionary-00416,train,true,,wiktionary,416,lexicon,бзэгухь,gossiper; a person who gossips ; informer ; snitcher ; rat (someone that tells other's secrets to an authority or an enemy),noun,бзэгухь | бзэгухьэр | бзэгохьэр | бзэгохьэхэкӏэ | бзэгухьэ | бзэгухьэхэр | бзэгохьэхэмэ | бзэгухьэм | бзэгохьэхэр | бзэгухьэхэкӏэ | бзэгухьэкӏэ | бзэгохьэкӏэ | бзэгухьэхыу | бзэгохьыу | бзэгохьэхыу | бзэгохьэ | бзэгухьэхэмэ | бзэгохьэхэ | бзэгухьыу | бзэгохьэм | бзэгохь | бзэгухьэхэм | бзэгохьэхэм | бзэгухьэхэ,accepted
wiktionary-00417,train,true,,wiktionary,417,lexicon,бзэгухьын,to gossip ; to snitch ; to rat (to tell other's secrets to an authority or an enemy),verb,бзэгухьын,accepted
wiktionary-00418,train,true,,wiktionary,418,lexicon,бзэджай,"evil, harmful, playful, quarrelsome",adj,бзэджай,accepted
wiktionary-00419,train,true,,wiktionary,419,lexicon,бзэджапӏэ,brothel,noun,бзэджапӏэ | бзэджапӏэхэмэ | бзэджапӏэхыу | бзэджапӏэкӏэ | бзэджапӏэхэм | бзэджапӏэхэкӏэ | бзэджапӏэхэр | бзэджапӏэм | бзэджапӏэу | бзэджапӏэр | бзэджапӏэхэ,accepted
wiktionary-00420,train,true,,wiktionary,420,lexicon,бзэджашӏэ,"criminal, rogue",noun,бзэджашӏэ | бзэджашӏэр | бзэджашӏэхыу | бзэджашӏэхэр | бзэджашӏэкӏэ | бзэджашӏэхэм | бзэджашӏэхэмэ | бзэджашӏэм | бзэджашӏэу | бзэджашӏэхэкӏэ | бзэджашӏэхэ,accepted
wiktionary-00421,train,true,,wiktionary,421,lexicon,бзэджэн,"to get naughty; to make a mischief ; to frolic, to play about, to fool around, to get up to monkey tricks ; to horse around",verb,бзэджэн,accepted
wiktionary-00422,train,true,,wiktionary,422,lexicon,бзэджэрылъф,bastard (unlawful child),noun,бзэджэрылъф | бзэджэрылъфэхэм | бзэджэрылъфэм | бзэджэнрылъфэм | бзэджэнрылъфэкӏэ | бзэджэнрылъфыу | бзэджэнрылъфэхыу | бзэджэрылъфыу | бзэджэрылъфэхэкӏэ | бзэджэнрылъфэхэр | бзэджэнрылъфэхэмэ | бзэджэнрылъфэхэ | бзэджэнрылъфэр | бзэджэнрылъфэхэкӏэ | бзэджэрылъфэхыу | бзэджэнрылъфэхэм | бзэджэрылъфэ | бзэджэрылъфэхэмэ | бзэджэнрылъф | бзэджэнрылъфэ | бзэджэрылъфэкӏэ | бзэджэрылъфэхэр | бзэджэрылъфэр | бзэджэрылъфэхэ,accepted
wiktionary-00423,train,true,,wiktionary,423,lexicon,бзэджэтелъхьапӏ,scapegoat,noun,бзэджэтелъхьапӏ | бзэджэтелъхьапӏэкӏэ | бзэджэтелъхьапӏэм | бзэджэтелъхьапӏэхэм | бзэджэтелъхьапӏэхэмэ | бзэджэтелъхьапӏэхэкӏэ | бзэджэтелъхьапӏэхыу | бзэджэтелъхьапӏэхэр | бзэджэтелъхьапӏыу | бзэджэтелъхьапӏэхэ | бзэджэтелъхьапӏэ | бзэджэтелъхьапӏэр,accepted
wiktionary-00424,train,true,,wiktionary,424,lexicon,бзэен,to lick,verb,бзэен | ебзэин | мэбзэин | мэбзэен,accepted
wiktionary-00425,train,true,,wiktionary,425,lexicon,бзэил,"lap, lick",noun,бзэил | бзэилэхэм | бзэилэкӏэ | бзэилыу | бзэилэхэкӏэ | бзэилэ | бзэилэм | бзэилэхэр | бзэилэхэмэ | бзэилэр | бзэилэхыу | бзэилэхэ,accepted
wiktionary-00426,train,true,,wiktionary,426,lexicon,бзэкъулъ,quiver (for arrows),noun,бзэкъулъ | бзэкъулъэкӏэ | бзэкъулъэм | бзэкъулъэхыу | бзэкъулъэр | бзэкъулъыу | бзэкъулъэ | бзэкъулъэхэр | бзэкъулъэхэкӏэ | бзэкъулъэхэм | бзэкъулъэхэмэ | бзэкъулъэхэ,accepted
wiktionary-00427,train,true,,wiktionary,427,lexicon,бзэмай,Talk with difficulty (adj),adj,бзэмай,accepted
wiktionary-00428,train,true,,wiktionary,428,lexicon,бзэмкъэшӏэныгъ,linguistics,noun,бзэмкъэшӏэныгъ,accepted
wiktionary-00429,train,true,,wiktionary,429,lexicon,бзэмыӏу,dumb (one that cannot communicate due to ignorance of one or another language),adj,бзэмыӏу | бзэмыӏуэкӏэ | бзэмыӏуэхэм | бзэмыӏуэм | бзэмыӏухыу | бзэмыӏуэ | бзэмыӏуыу | бзэмыӏуэр | бзэмыӏуэхэр | бзэмыӏуэхэкӏэ | бзэмыӏуэхэ | бзэмыӏуэхэмэ,accepted
wiktionary-00430,train,true,,wiktionary,430,lexicon,бзэмэ,"barley (wild), grass, quack grass,",noun,бзэмэ | бзэмэхэ | бзэмэхыу | бзэмэр | бзэмэм | бзэмэхэм | бзэмэхэмэ | бзэмэу | бзэмэкӏэ | бзэмэхэкӏэ | бзэмэхэр,accepted
wiktionary-00431,validation,true,,wiktionary,431,lexicon,бзэныб,Center of bow string,noun,бзэныб | бзэныбэхэмэ | бзэныбэхэр | бзэныбэхыу | бзэныбэхэм | бзэныбэм | бзэныбэ | бзэныбэкӏэ | бзэныбэхэкӏэ | бзэныбэр | бзэныбыу | бзэныбэхэ,accepted
wiktionary-00432,train,true,,wiktionary,432,lexicon,бзэпс,"Bow string, chord ; chord ; Hypotenuse (in a triangle),",noun,бзэпс,accepted
wiktionary-00433,validation,true,,wiktionary,433,lexicon,бзэрэбзэн,"chirp ; Sing (a bird),",noun,бзэрэбзэн | бзэрэбзэнэм | бзэрэбзэнэкӏэ | бзэрэбзэнэхэм | бзэрэбзэнэхэкӏэ | бзэрэбзэнэхыу | бзэрэбзэнэхэмэ | бзэрэбзэныу | бзэрэбзэнэхэр | бзэрэбзэнэр | бзэрэбзэнэхэ | бзэрэбзэнэ,accepted
wiktionary-00434,train,true,,wiktionary,434,lexicon,бзэу,deer ; stag,noun,бзэу | бзэуэхэмэ | бзэуэм | бзэуэхэкӏэ | бзэухыу | бзэуэхэм | бзэуыу | бзэуэ | бзэуэхэ | бзэуэкӏэ | бзэуэр | бзэуэхэр,accepted
wiktionary-00435,excluded_review_required,false,missing_target_text,wiktionary,435,lexicon,бзэутэ,,,бзэутэ | бзэутэкӏэ | бзэутэхэм | бзэутэм | бзэутэу | бзэутэр | бзэутэхэкӏэ | бзэутэхэмэ | бзэутэхэр | бзэутэхыу | бзэутэхэ,review_required
wiktionary-00436,train,true,,wiktionary,436,lexicon,бзэхабзэ,grammar,noun,бзэхабзэ | бзэхабзэм | бзэхабзэр | бзэхабзэхэмэ | бзэхабзэкӏэ | бзэхабзэхэкӏэ | бзэхабзэу | бзэхабзэхэр | бзэхабзэхыу | бзэхабзэхэ | бзэхабзэхэм,accepted
wiktionary-00437,validation,true,,wiktionary,437,lexicon,бзэхын,"to disappear, to vanish; to fade",verb,бзэхын,accepted
wiktionary-00438,validation,true,,wiktionary,438,lexicon,бзэшэн,"Linotype, literature",noun,бзэшэн | бзэшэнэм | бзэшэнэхэм | бзэшэнэхэмэ | бзэшэнэхэкӏэ | бзэшэнэхыу | бзэшэнэкӏэ | бзэшэнэхэр | бзэшэнэхэ | бзэшэныу | бзэшэнэр | бзэшэнэ,accepted
wiktionary-00439,train,true,,wiktionary,439,lexicon,бзэшӏэныгъ,language science; linguistics,noun,бзэшӏэныгъ | бзэшӏэныгъыу | бзэшӏэныгъэхыу | бзэшӏэныгъэхэм | бзэшӏэныгъэхэр | бзэшӏэныгъэм | бзэшӏэныгъэ | бзэшӏэныгъэкӏэ | бзэшӏэныгъэхэкӏэ | бзэшӏэныгъэр | бзэшӏэныгъэхэ | бзэшӏэныгъэхэмэ,accepted
wiktionary-00440,train,true,,wiktionary,440,lexicon,бзэшӏэныгъэлӏ,linguist,noun,бзэшӏэныгъэлӏ | бзэшӏэныгъэлӏэхэм | бзэшӏэныгъэлӏэр | бзэшӏэныгъэлӏэм | бзэшӏэныгъэлӏэхэкӏэ | бзэшӏэныгъэлӏэхэр | бзэшӏэныгъэлӏэхэ | бзэшӏэныгъэлӏэхэмэ | бзэшӏэныгъэлӏыу | бзэшӏэныгъэлӏэхыу | бзэшӏэныгъэлӏэкӏэ | бзэшӏэныгъэлӏэ,accepted
wiktionary-00441,train,true,,wiktionary,441,lexicon,блабжъ,Scale of fish ; Skin of snake,noun,блабжъ | блабжъэ | блабжъэм | блабжъэр | блабжъэхэм | блабжъэхыу | блабжъэхэкӏэ | блабжъэхэр | блабжъэхэ | блабжъэкӏэ | блабжъэхэмэ | блабжъыу,accepted
wiktionary-00442,train,true,,wiktionary,442,lexicon,благъо,dragon,noun,благъо | благъохэ | благъор | благъом | благъохэмэ | благъохэр | благъокӏэ | благъоу | благъохэм | благъохэкӏэ | благъохыу,accepted
wiktionary-00443,excluded_benchmark_overlap,false,exact_normalized_input_target_or_variant_overlap_with_benchmark,wiktionary,443,lexicon,благъэ,"near ; close friend ; relative ; (Kfar Kama dialect, slang) romantic partner (boyfriend or girlfriend)",adj | noun,благъэ | благъэхэм | благъэхэкӏэ | благъэу | благъэм | благъэр | благъэхыу | благъэхэр | благъэхэ | благъэкӏэ | благъэхэмэ,accepted
wiktionary-00444,train,true,,wiktionary,444,lexicon,блантхъэ,forearm (for animals),noun,блантхъэ | блантхъэхэ | блантхъэхэм | блантхъэм | блантхъэу | блантхъэр | блантхъэхэмэ | блантхъэхэкӏэ | блантхъэхэр | блантхъэхыу | блантхъэкӏэ,accepted
wiktionary-00445,train,true,,wiktionary,445,lexicon,бланэ,bold ; brave ; gazelle ; moose ; one seventh,adj | noun | num,бланэ | бланэм | бланэхыу | бланэхэкӏэ | бланэкӏэ | бланэхэ | бланэхэр | бланэхэм | бланэу | бланэр | бланэхэмэ,accepted
wiktionary-00446,validation,true,,wiktionary,446,lexicon,блапцӏэ,black snake,noun,блапцӏэ | блапцӏэхэ | блапцӏэм | блапцӏэхэкӏэ | блапцӏэу | блапцӏэхыу | блапцӏэхэм | блапцӏэкӏэ | блапцӏэхэмэ | блапцӏэхэр | блапцӏэр,accepted
wiktionary-00447,train,true,,wiktionary,447,lexicon,блахэ,"Shoulder blade base,",noun,блахэ | блахэхэкӏэ | блахэр | блахэхыу | блахэхэмэ | блахэм | блахэу | блахэхэ | блахэкӏэ | блахэхэм | блахэхэр,accepted
wiktionary-00448,validation,true,,wiktionary,448,lexicon,блашхъо,Poisonous snake,noun,блашхъо | блашхъокӏэ | блашхъохэкӏэ | блашхъом | блашхъохэм | блашхъор | блашхъохэ | блашхъохэмэ | блашхъохэр | блашхъохыу | блашхъоу,accepted
wiktionary-00449,validation,true,,wiktionary,449,lexicon,блашъо,snake skin,noun,блашъо | блашъокӏэ | блашъохэм | блашъохэмэ | блашъом | блашъохэ | блашъоу | блашъохэр | блашъохыу | блашъор | блашъохэкӏэ,accepted
wiktionary-00450,train,true,,wiktionary,450,lexicon,блашъхьэ,snake head ; Sea shell,noun,блашъхьэ | блашъхьэм | блашъхьэхэ | блашъхьэхэм | блашъхьэу | блашъхьэхэкӏэ | блашъхьэр | блашъхьэкӏэ | блашъхьэхыу | блашъхьэхэмэ | блашъхьэхэр,accepted
wiktionary-00451,train,true,,wiktionary,451,lexicon,блехын,"to pass quickly and unnoticed, to slip by ; to take something pass something",verb,блехын | блихын | блэхын,accepted
wiktionary-00452,excluded_benchmark_overlap,false,exact_normalized_input_target_or_variant_overlap_with_benchmark,wiktionary,452,lexicon,блы,seven,num,блы,accepted
wiktionary-00453,train,true,,wiktionary,453,lexicon,блыгу,armpit ; angle ; corner ; solitude,noun,блыгу | блыгуэкӏэ | блыгуэм | блыгуэхэм | блыгуэхэ | блыгуэхэкӏэ | блыгуэр | блыгуыу | блыгухыу | блыгуэ | блыгуэхэмэ | блыгуэхэр,accepted
wiktionary-00454,validation,true,,wiktionary,454,lexicon,блыгучӏ,armpit root,noun,блыгучӏ | блыгучӏыу | блыгучӏэхэмэ | блыгучӏэм | блыгучӏэхэм | блыгучӏэкӏэ | блыгучӏэхыу | блыгучӏэ | блыгучӏэхэр | блыгучӏэхэкӏэ | блыгучӏэхэ | блыгучӏэр,accepted
wiktionary-00455,train,true,,wiktionary,455,lexicon,блыгучӏад,wadding,noun,блыгучӏад | блыгучӏадэм | блыгучӏадэхэр | блыгучӏадэхэ | блыгучӏадэкӏэ | блыгучӏадэхэкӏэ | блыгучӏадэхыу | блыгучӏадэхэм | блыгучӏадэр | блыгучӏадэхэмэ | блыгучӏадыу | блыгучӏадэ,accepted
wiktionary-00456,train,true,,wiktionary,456,lexicon,блыны,fence ; rail ; wall,noun,блыны | блыным | блыныхэкӏэ | блыныхэмэ | блыныхыу | блыныхэм | блыныхэр | блыныр | блыныу | блыныкӏэ,accepted
wiktionary-00457,train,true,,wiktionary,457,lexicon,блыныкӏ,pavement,noun,блыныкӏ | блыныкӏэм | блыныкӏэхэ | блыныкӏэхэкӏэ | блыныкӏэхыу | блыныкӏыу | блыныкӏэхэр | блыныкӏэхэмэ | блыныкӏэхэм | блыныкӏэкӏэ | блыныкӏэр | блыныкӏэ,accepted
wiktionary-00458,test,true,,wiktionary,458,lexicon,блыпкъ,upper arm,noun,блыпкъ | блыпкъэхэкӏэ | блыпкъыу | блыпкъэм | блыпкъэкӏэ | блыпкъэхэр | блыпкъэр | блыпкъэ | блыпкъэхэ | блыпкъэхыу | блыпкъэхэмэ | блыпкъэхэм,accepted
wiktionary-00459,train,true,,wiktionary,459,lexicon,блыпкъыжъый,collarbone,noun,блыпкъыжъый | блыпкъыжъыйэхэм | блыпкъыжъыйэхыу | блыпкъыжъыйыу | блыпкъыжъыйэхэ | блыпкъыжъыйэм | блыпкъыжъыйэ | блыпкъыжъыйэр | блыпкъыжъыйэхэмэ | блыпкъыжъыйэкӏэ | блыпкъыжъыйэхэкӏэ | блыпкъыжъыйэхэр,accepted
wiktionary-00460,train,true,,wiktionary,460,lexicon,блыпкъышъхь,upper arm bone tip,noun,блыпкъышъхь | блыпкъышъхьэхэ | блыпкъышъхьэ | блыпкъышъхьэхэмэ | блыпкъышъхьэм | блыпкъышъхьэхыу | блыпкъышъхьэкӏэ | блыпкъышъхьэхэр | блыпкъышъхьэхэм | блыпкъышъхьэр | блыпкъышъхьэхэкӏэ | блыпкъышъхьыу,accepted
wiktionary-00461,train,true,,wiktionary,461,lexicon,блыпкъыщ,"shoulder (slanting),",noun,блыпкъыщ | блыпкъыщэкӏэ | блыпкъыщэхэ | блыпкъыщэр | блыпкъыщэхэмэ | блыпкъыщэм | блыпкъыщыу | блыпкъыщэхэкӏэ | блыпкъыщэ | блыпкъыщэхэм | блыпкъыщэхэр | блыпкъыщэхыу,accepted
wiktionary-00462,train,true,,wiktionary,462,lexicon,блыпэ,Monday,noun,блыпэ | блыпээхэмэ | блыпээхэм | блыпээхэкӏэ | блыпээм | блыпээхэ | блыпээкӏэ | блыпээхэр | блыпэхыу | блыпээ | блыпэыу | блыпээр,accepted
wiktionary-00463,train,true,,wiktionary,463,lexicon,блырыбл,seven by seven,noun,блырыбл,accepted
wiktionary-00464,train,true,,wiktionary,464,lexicon,блэ,snake,noun,блэ | блэхэкӏэ | блэхыу | блэкӏэ | блэхэ | блэм | блэу | блэр | блэхэр | блэхэмэ | блэхэм,accepted
wiktionary-00465,train,true,,wiktionary,465,lexicon,блэбгъу,shoulder bone,noun,блэбгъу | блэбгъуэ | блэбгъуэхэм | блэбгъуэр | блэбгъуэкӏэ | блэбгъуэм | блэбгъуэхэ | блэбгъуыу | блэбгъухыу | блэбгъуэхэкӏэ | блэбгъуэхэр | блэбгъуэхэмэ,accepted
wiktionary-00466,train,true,,wiktionary,466,lexicon,блэбгъуп,shoulder bone tip,noun,блэбгъуп | блэбгъупэр | блэбгъупэхэкӏэ | блэбгъупэхэм | блэбгъупыу | блэбгъупэхыу | блэбгъупэхэ | блэбгъупэм | блэбгъупэ | блэбгъупэкӏэ | блэбгъупэхэр | блэбгъупэхэмэ,accepted
wiktionary-00467,train,true,,wiktionary,467,lexicon,блэбгъуплъ,astrologer (uses the shoulder bone for astrology),noun,блэбгъуплъ | блэбгъуплъэкӏэ | блэбгъуплъэ | блэбгъуплъэр | блэбгъуплъэхэр | блэбгъуплъэм | блэбгъуплъэхэмэ | блэбгъуплъыу | блэбгъуплъэхэм | блэбгъуплъэхыу | блэбгъуплъэхэкӏэ | блэбгъуплъэхэ,accepted
wiktionary-00468,train,true,,wiktionary,468,lexicon,блэбыбыкӏын,to fly past something,verb,блэбыбыкӏын,accepted
wiktionary-00469,train,true,,wiktionary,469,lexicon,блэбыбын,to fly pass something,verb,блэбыбын,accepted
wiktionary-00470,train,true,,wiktionary,470,lexicon,блэгъагъ,nearness ; family related,noun,блэгъагъ | блэгъагъэм | блэгъагъэхэмэ | блэгъагъэхыу | блэгъагъэ | блэгъагъыу | блэгъагъэр | блэгъагъэхэм | блэгъагъэкӏэ | блэгъагъэхэ | блэгъагъэхэкӏэ | блэгъагъэхэр,accepted
wiktionary-00471,train,true,,wiktionary,471,lexicon,блэгъожъ,dragon,noun,блэгъожъ | блэгъожъэхэм | блэгъожъэм | блэгъожъэхэкӏэ | блэгъожъэхэмэ | блэгъожъэхэр | блэгъожъэхыу | блэгъожъэхэ | блэгъожъэ | блэгъожъэкӏэ | блэгъожъыу | блэгъожъэр,accepted
wiktionary-00472,train,true,,wiktionary,472,lexicon,блэгъэжъ,cloth friend ; old friend,noun,блэгъэжъ | блэгъэжъэхэкӏэ | блэгъэжъыу | блэгъэжъэхэмэ | блэгъэжъэм | блэгъэжъэхыу | блэгъэжъэхэ | блэгъэжъэр | блэгъэжъэхэр | блэгъэжъэхэм | блэгъэжъэ | блэгъэжъэкӏэ,accepted
wiktionary-00473,train,true,,wiktionary,473,lexicon,блэгъэзыкӏын,to drive away someone,verb,блэгъэзыкӏын | блегъэзыкӏын,accepted
wiktionary-00474,train,true,,wiktionary,474,lexicon,блэгъэкӏын,"to let someone past, to let someone cross ; to let an opportunity past ; to let time past",verb,блэгъэкӏын | блегъэкӏын,accepted
wiktionary-00475,validation,true,,wiktionary,475,lexicon,блэгьан,snake skin,noun,блэгьан | блэгьанэкӏэ | блэгьанэхэкӏэ | блэгьанэхэм | блэгьанэм | блэгьанэр | блэгьанэхэ | блэгьанэхэмэ | блэгьанэ | блэгьанэхыу | блэгьаныу | блэгьанэхэр,accepted
wiktionary-00476,train,true,,wiktionary,476,lexicon,блэдзын,"to throw across, to throw over; to throw past",verb,блэдзын | бледзын,accepted
wiktionary-00477,train,true,,wiktionary,477,lexicon,блэкӏыгъэу,"too, too much",adv,блэкӏыгъэу,accepted
wiktionary-00478,train,true,,wiktionary,478,lexicon,блэкӏын,"to pass something, to bypass, to cross",verb,блэкӏын | блэкӏьын,accepted
wiktionary-00479,train,true,,wiktionary,479,lexicon,блэлъэтын,"to cross quickly, to pass quickly; to rush past",verb,блэлъэтын,accepted
wiktionary-00480,train,true,,wiktionary,480,lexicon,блэмыу,snake (non-poisonous),noun,блэмыу | блэмыуэм | блэмыуэхэм | блэмыухыу | блэмыуэхэкӏэ | блэмыуыу | блэмыуэхэр | блэмыуэр | блэмыуэхэ | блэмыуэкӏэ | блэмыуэ | блэмыуэхэмэ,accepted
wiktionary-00481,validation,true,,wiktionary,481,lexicon,блэн,"to glow (a fire or a lamp) ; to braid, to weave together, intertwine (strands of fibers, ribbons, hair, etc.)",verb,блэн | блын,accepted
wiktionary-00482,train,true,,wiktionary,482,lexicon,блэнагъ,boldness ; courage,adj,блэнагъ,accepted
wiktionary-00483,train,true,,wiktionary,483,lexicon,блэнашкӏэ,Stag calf,noun,блэнашкӏэ | блэнашкӏэхыу | блэнашкӏэхэкӏэ | блэнашкӏэм | блэнашкӏэхэмэ | блэнашкӏэхэм | блэнашкӏэу | блэнашкӏэкӏэ | блэнашкӏэр | блэнашкӏэхэр | блэнашкӏэхэ,accepted
wiktionary-00484,train,true,,wiktionary,484,lexicon,блэнэукъ,grass fodder,noun,блэнэукъ | блэнэукъэхэ | блэнэукъэм | блэнэукъэхэм | блэнэукъэр | блэнэукъэ | блэнэукъэкӏэ | блэнэукъэхэкӏэ | блэнэукъэхэр | блэнэукъыу | блэнэукъэхэмэ | блэнэукъэхыу,accepted
wiktionary-00485,train,true,,wiktionary,485,lexicon,блэнэуц,thyme (a plant),noun,блэнэуц | блэнэуцэкӏэ | блэнэуцэхэм | блэнэуцэ | блэнэуцыу | блэнэуцэхэ | блэнэуцэхэкӏэ | блэнэуцэхэр | блэнэуцэхыу | блэнэуцэхэмэ | блэнэуцэм | блэнэуцэр,accepted
wiktionary-00486,train,true,,wiktionary,486,lexicon,блэпкӏын,to jump pass; to jump over,verb,блэпкӏын | блэпкӏьын,accepted
wiktionary-00487,train,true,,wiktionary,487,lexicon,блэплъын,to look over something; to look past ; to overlook,verb,блэплъын,accepted
wiktionary-00488,train,true,,wiktionary,488,lexicon,блэпцэжъый,eel,noun,блэпцэжъый | блэпцэжъыйэхэм | блэпцэжъыйэхэр | блэпцэжъыйэм | блэпцэжъыйэхэкӏэ | блэпцэжъыйэкӏэ | блэпцэжъыйэ | блэпцэжъыйэхэ | блэпцэжъыйыу | блэпцэжъыйэр | блэпцэжъыйэхэмэ | блэпцэжъыйэхыу,accepted
wiktionary-00489,train,true,,wiktionary,489,lexicon,блэрыпс,chain (braided silver or gold),noun,блэрыпс | блэрыпсэкӏэ | блэрыпсэхыу | блэрыпсэхэм | блэрыпсэхэ | блэрыпсэхэр | блэрыпсэхэкӏэ | блэрыпсыу | блэрыпсэм | блэрыпсэр | блэрыпсэхэмэ | блэрыпсэ,accepted
wiktionary-00490,train,true,,wiktionary,490,lexicon,блэун,to miss a target (to fail to hit),verb,блэун,accepted
wiktionary-00491,train,true,,wiktionary,491,lexicon,блэуц,hedge,noun,блэуц | блэуцэхэм | блэуцыу | блэуцэхэмэ | блэуцэхэр | блэуцэм | блэуцэхэ | блэуцэхэкӏэ | блэуцэ | блэуцэкӏэ | блэуцэр | блэуцэхыу,accepted
wiktionary-00492,train,true,,wiktionary,492,lexicon,блэфын,to drive across; to drive past ; to exceed,verb,блэфын | блефын,accepted
wiktionary-00493,train,true,,wiktionary,493,lexicon,блэхъушъутын,"to run past, to run through",verb,блэхъушъутын,accepted
wiktionary-00494,train,true,,wiktionary,494,lexicon,блэхьадж,snake (non-poisonous),noun,блэхьадж | блэхьаджэхэ | блэхьаджэхэр | блэхьаджэм | блэхьаджэхэмэ | блэхьаджэхэкӏэ | блэхьаджыу | блэхьаджэхэм | блэхьаджэ | блэхьаджэхыу | блэхьаджэкӏэ | блэхьаджэр,accepted
wiktionary-00495,train,true,,wiktionary,495,lexicon,блэшъутын,"to run past, to run through",verb,блэшъутын,accepted
wiktionary-00496,validation,true,,wiktionary,496,lexicon,блэщын,to take (someone) from one place to another,verb,блэщын | блещын,accepted
wiktionary-00497,validation,true,,wiktionary,497,lexicon,брацэ,"hairy, furry",adj,брацэ,accepted
wiktionary-00498,train,true,,wiktionary,498,lexicon,бы,The second of the Adyghe Cyrillic alphabet. ; den ; haunt ; nest,character | noun,бы | бым | быу | быхэкӏэ | быкӏэ | быхэм | быхэр | Бы | быр | быхыу | быхэмэ,accepted
wiktionary-00499,train,true,,wiktionary,499,lexicon,быбхалъ,helicopter,noun,быбхалъ | быбхалъыу | быбхалъэхэкӏэ | быбхалъэхэм | быбхалъэ | быбхалъэм | быбхалъэр | быбхалъэхыу | быбхалъэхэр | быбхалъэхэмэ | быбхалъэкӏэ | быбхалъэхэ,accepted
wiktionary-00500,train,true,,wiktionary,500,lexicon,быбыжьын,to fly off,verb,быбыжьын,accepted
wiktionary-00501,test,true,,wiktionary,501,lexicon,быбылъ,airplane,noun,быбылъ,accepted
wiktionary-00502,train,true,,wiktionary,502,lexicon,быбын,to fly,verb,быбын | мэбыбын,accepted
wiktionary-00503,train,true,,wiktionary,503,lexicon,быбыпӏ,airport,noun,быбыпӏ,accepted
wiktionary-00504,test,true,,wiktionary,504,lexicon,быбэ,crowbar ; lever,noun,быбэ | быбэхэ | быбэм | быбэкӏэ | быбэр | быбэхэкӏэ | быбэу | быбэхыу | быбэхэмэ | быбэхэр | быбэхэм,accepted
wiktionary-00505,train,true,,wiktionary,505,lexicon,быбэтэн,to become scattered ; to flap ; to flutter,noun,быбэтэн,accepted
wiktionary-00506,train,true,,wiktionary,506,lexicon,быгъу,ox ; bull ; steer,noun,быгъу | быгъуэр | быгъуэхэкӏэ | быгъуэ | быгъуэхэмэ | быгъуэхэр | быгъуэкӏэ | быгъуэхэм | быгъухыу | быгъуыу | быгъуэм | быгъуэхэ,accepted
wiktionary-00507,validation,true,,wiktionary,507,lexicon,быдзашъу,sucker ; nursling ; suckling,adj | noun,быдзашъу | быдзашъуэм | быдзашъуэхэ | быдзашъуэхэкӏэ | быдзашъуыу | быдзашъуэхэм | быдзашъуэхэмэ | быдзашъуэкӏэ | быдзашъухыу | быдзашъуэхэр | быдзашъуэ | быдзашъуэр,accepted
wiktionary-00508,test,true,,wiktionary,508,lexicon,быдзы,breast ; teat ; bosom,noun,быдзы | быдзыхэр | быдзым | быдзыу | быдзыхэм | быдзыр | быдзыкӏэ | быдзыхыу | быдзыхэмэ | быдзыхэкӏэ,accepted
wiktionary-00509,train,true,,wiktionary,509,lexicon,быдзылъ,bra; brassiere,noun,быдзылъ,accepted
wiktionary-00510,train,true,,wiktionary,510,lexicon,быдзып,tit ; teat ; nipple,noun,быдзып | быдзыпм | быдзыпхыу | быдзыпхэр | быдзыпхэм | быдзыпхэкӏэ | быдзыпхэмэ | быдзыпхэ | быдзыпр | быдзыпу | быдзыпкӏэ,accepted
wiktionary-00511,train,true,,wiktionary,511,lexicon,быдзытелъхьэ,bra; brassiere,noun,быдзытелъхьэ | быдзталхьэ,accepted
wiktionary-00512,train,true,,wiktionary,512,lexicon,быдзыщ,breastmilk,noun,быдзыщ | быдзыщэм | быдзыщэхэкӏэ | быдзыщэхэм | быдзыщэхэмэ | быдзыщыу | быдзыщэхыу | быдзыщэхэ | быдзыщэ | быдзыщэхэр | быдзыщэр | быдзыщэкӏэ,accepted
wiktionary-00513,train,true,,wiktionary,513,lexicon,быжъутэн,to be excited ; to boil,noun,быжъутэн,accepted
wiktionary-00514,train,true,,wiktionary,514,lexicon,быкӏу,calf,noun,быкӏу,accepted
wiktionary-00515,train,true,,wiktionary,515,lexicon,былътырыку,Eurasian lynx,noun,былътырыку,accepted
wiktionary-00516,train,true,,wiktionary,516,lexicon,былъытырыкӏу,trot,noun,былъытырыкӏу | былъытырыкӏухыу | былъытырыкӏуэхэкӏэ | былъытырыкӏуэхэм | былъытырыкӏуэхэ | былъытырыкӏуэм | былъытырыкӏуэр | былъытырыкӏуыу | былъытырыкӏуэхэмэ | былъытырыкӏуэкӏэ | былъытырыкӏуэ | былъытырыкӏуэхэр,accepted
wiktionary-00517,train,true,,wiktionary,517,lexicon,былым,"cattle, livestock ; property, fortune, value things ; wealth ; treasure",noun,былым | былымхэмэ | былымкӏэ | былымм | былымхэм | былыму | былымр | былымхэкӏэ | былымхыу | былымхэр,accepted
wiktionary-00518,train,true,,wiktionary,518,lexicon,былым ӏаз,veterinarian,noun,былым ӏаз | былым ӏазэм | былым ӏазэхэмэ | былым ӏазэхэм | былым ӏазэр | былым ӏазэкӏэ | былым ӏазыу | былым ӏазэхэр | былым ӏазэхэкӏэ | былым ӏазэхэ | былым ӏазэхыу | былым ӏазэ,accepted
wiktionary-00519,train,true,,wiktionary,519,lexicon,былымахъу,herdsman ; shepherd,noun,былымахъу | былымахъуэхэм | былымахъуэкӏэ | былымахъуэхэкӏэ | былымахъуэ | былымахъуэхэр | былымахъуэм | былымахъухыу | былымахъуэхэ | былымахъуыу | былымахъуэр | былымахъуэхэмэ,accepted
wiktionary-00520,train,true,,wiktionary,520,lexicon,былымбэлыдж,turnip,noun,былымбэлыдж | былымбэлыджэм | былымбэлыджэхэ | былымбэлыджэхэм | былымбэлыджэ | былымбэлыджэхэкӏэ | былымбэлыджэхэр | былымбэлыджэр | былымбэлыджыу | былымбэлыджэхыу | былымбэлыджэхэмэ | былымбэлыджэкӏэ,accepted
wiktionary-00521,train,true,,wiktionary,521,lexicon,былымтыгъу,Cattle theft,noun,былымтыгъу | былымтыгъухыу | былымтыгъуэхэкӏэ | былымтыгъуэр | былымтыгъуэм | былымтыгъуыу | былымтыгъуэхэм | былымтыгъуэкӏэ | былымтыгъуэ | былымтыгъуэхэ | былымтыгъуэхэр | былымтыгъуэхэмэ,accepted
wiktionary-00522,test,true,,wiktionary,522,lexicon,былымылы,beef,noun,былымылы,accepted
wiktionary-00523,train,true,,wiktionary,523,lexicon,былымылӏэ,"pestilence, plague",noun,былымылӏэ | былымылӏэхэр | былымылӏэу | былымылӏэхыу | былымылӏэм | былымылӏэкӏэ | былымылӏэхэкӏэ | былымылӏэхэм | былымылӏэхэ | былымылӏэр | былымылӏэхэмэ,accepted
wiktionary-00524,train,true,,wiktionary,524,lexicon,былымыпс,"covetous, greedy",adj,былымыпс,accepted
wiktionary-00525,train,true,,wiktionary,525,lexicon,былыхъу,penis (as spoken by children),noun,былыхъу | былыхъур | былыхъухэкӏэ | былыхъухэм | былыхъухыу | былыхъум | былыхъукӏэ | былыхъухэр | былыхъумкӏэ | былыхъуу | былыхъухэ | былыхъухэмэ,accepted
wiktionary-00526,train,true,,wiktionary,526,lexicon,бын,family ; child,noun,бын | бынэхэкӏэ | бынэхэр | бынэм | бынэхэм | бынэкӏэ | быныу | бынэр | бынэхыу | бынэхэмэ | бынэ | бынэхэ,accepted
wiktionary-00527,test,true,,wiktionary,527,lexicon,бынд,A common raven.,noun,бынд | бындхэкӏэ | бындхэр | бындм | бындхэм | бынду | бындкӏэ | бындхыу | бындхэмэ | бындр | бындхэ,accepted
wiktionary-00528,train,true,,wiktionary,528,lexicon,быны,family ; Family children ; group ; spouse,noun,быны | быным | быныхэм | быныхэкӏэ | быныу | быныхэмэ | быныхыу | быныхэр | быныр | быныкӏэ,accepted
wiktionary-00529,train,true,,wiktionary,529,lexicon,бынынчъэ,"childless, a person without family,",adj,бынынчъэ,accepted
wiktionary-00530,train,true,,wiktionary,530,lexicon,быныуын,family,noun,быныуын | быныуынэхэ | быныуынэм | быныуынэхыу | быныуынэхэмэ | быныуынэр | быныуынэхэкӏэ | быныуыныу | быныуынэхэм | быныуынэкӏэ | быныуынэ | быныуынэхэр,accepted
wiktionary-00531,train,true,,wiktionary,531,lexicon,быраб,"curly, Frizzled (the hair)",adj,быраб,accepted
wiktionary-00532,validation,true,,wiktionary,532,lexicon,бырамыты,slave (fugitive),noun,бырамыты | бырамытыхэкӏэ | бырамытым | бырамытыу | бырамытыкӏэ | бырамытыхэр | бырамытыхэм | бырамытыр | бырамытыхыу | бырамытыхэмэ,accepted
wiktionary-00533,excluded_benchmark_overlap,false,exact_normalized_input_target_or_variant_overlap_with_benchmark,wiktionary,533,lexicon,быратӏ,fat,adj,быратӏ,accepted
wiktionary-00534,train,true,,wiktionary,534,lexicon,бырацэ,fluffy,adj,бырацэ,accepted
wiktionary-00535,train,true,,wiktionary,535,lexicon,быргусыргу,coarse ; crude ; rough,adj,быргусыргу,accepted
wiktionary-00536,train,true,,wiktionary,536,lexicon,быргытӏырг,rough ; rugged,adj,быргытӏырг,accepted
wiktionary-00537,train,true,,wiktionary,537,lexicon,быркусын,tapeworm,noun,быркусын | быркусынэхэмэ | быркусынэхэкӏэ | быркусынэкӏэ | быркусынэм | быркусынэ | быркусынэхэм | быркусыныу | быркусынэхэр | быркусынэр | быркусынэхэ | быркусынэхыу,accepted
wiktionary-00538,validation,true,,wiktionary,538,lexicon,бырсыр,clamor ; disturbance ; riot ; roistering ; trouble ; crowded,noun | adj,бырсыр,accepted
wiktionary-00539,train,true,,wiktionary,539,lexicon,бырсырыл,boisterous ; rioter ; troublemaker ; boisterous ; rioter ; troublemaker,noun | adj,бырсырыл | бырсырылэр | бырсырылэхэкӏэ | бырсырылыу | бырсырылэ | бырсырылэкӏэ | бырсырылэм | бырсырылэхэр | бырсырылэхыу | бырсырылэхэмэ | бырсырылэхэм | бырсырылэхэ,accepted
wiktionary-00540,train,true,,wiktionary,540,lexicon,бырсырын,to make trouble,verb,бырсырын,accepted
wiktionary-00541,train,true,,wiktionary,541,lexicon,бырыпх,belt,noun,бырыпх | бырыпхэкӏэ | бырыпхэхэмэ | бырыпхэм | бырыпхэхэм | бырыпхыу | бырыпхэ | бырыпхэхэкӏэ | бырыпхэхэр | бырыпхэр | бырыпхэхыу | бырыпхэхэ,accepted
wiktionary-00542,train,true,,wiktionary,542,lexicon,бырыугъэчэрэгъу,drill,noun,бырыугъэчэрэгъу | бырыугъэчэрэгъукӏэ | бырыугъэчэрэгъуу | бырыугъэчэрэгъум | бырыугъэчэрэгъумкӏэ | бырыугъэчэрэгъухэ | бырыугъэчэрэгъухэр | бырыугъэчэрэгъухыу | бырыугъэчэрэгъухэмэ | бырыугъэчэрэгъухэм | бырыугъэчэрэгъухэкӏэ | бырыугъэчэрэгъур,accepted
wiktionary-00543,test,true,,wiktionary,543,lexicon,бырыукъ,"fine, good",adj,бырыукъ,accepted
wiktionary-00544,train,true,,wiktionary,544,lexicon,быслымэн,"Islam, Muslim",noun,быслымэн | быслымэныу | быслымэнэкӏэ | быслымэнэм | быслымэнэр | быслымэнэхэ | быслымэнэхэмэ | быслымэнэхэм | быслымэнэхэкӏэ | быслымэнэхэр | быслымэнэхыу | быслымэнэ,accepted
wiktionary-00545,train,true,,wiktionary,545,lexicon,бысылмэн,"Islam, Muslim",noun,бысылмэн | бысылмэнэкӏэ | бысылмэнэхэм | бысылмэнэм | бысылмэнэр | бысылмэнэхэмэ | бысылмэнэхэкӏэ | бысылмэнэ | бысылмэныу | бысылмэнэхэ | бысылмэнэхэр | бысылмэнэхыу,accepted
wiktionary-00546,train,true,,wiktionary,546,lexicon,бысым,host ; owner,noun,бысым,accepted
wiktionary-00547,train,true,,wiktionary,547,lexicon,бытхъэ,"flimsy, insignificant, ragged",adj,бытхъэ,accepted
wiktionary-00548,train,true,,wiktionary,548,lexicon,быты,"arch, arched, bow, convex, hunchback,",noun,быты | бытыхэкӏэ | бытыхыу | бытыкӏэ | бытым | бытыр | бытыхэр | бытыхэм | бытыу | бытыхэмэ,accepted
wiktionary-00549,excluded_benchmark_overlap,false,exact_normalized_input_target_or_variant_overlap_with_benchmark,wiktionary,549,lexicon,бытӏы,fat,adj,бытӏы,accepted
wiktionary-00550,train,true,,wiktionary,550,lexicon,быун,"moo, roar,",noun,быун | быунэм | быунэхэ | быунэхэр | быунэр | быунэхэм | быунэкӏэ | быуныу | быунэхэкӏэ | быунэ | быунэхыу | быунэхэмэ,accepted
wiktionary-00551,train,true,,wiktionary,551,lexicon,быяун,"to calm down, to quiet down ; to stop, to cease, to quit",verb,быяун | быяужьын,accepted
wiktionary-00552,train,true,,wiktionary,552,lexicon,быяупӏ,"Quiet place, refuge,",noun,быяупӏ | быяупӏэр | быяупӏэхэкӏэ | быяупӏыу | быяупӏэм | быяупӏэкӏэ | быяупӏэхэм | быяупӏэхыу | быяупӏэхэр | быяупӏэхэ | быяупӏэхэмэ | быяупӏэ,accepted
wiktionary-00553,train,true,,wiktionary,553,lexicon,бэ,"much, a lot (of) ; a lot, a lot of people, a lot of objects",adj | noun,бэ,accepted
wiktionary-00554,train,true,,wiktionary,554,lexicon,бэбахь,"Be lost, disappear",intj,бэбахь,accepted
wiktionary-00555,train,true,,wiktionary,555,lexicon,бэгу,"scabby ; itch, mange",adj | noun,бэгу | бэгухэм | бэгухыу | бэгумкӏэ | бэгур | бэгукӏэ | бэгум | бэгухэкӏэ | бэгухэр | бэгуу | бэгухэмэ,accepted
wiktionary-00556,train,true,,wiktionary,556,lexicon,бэгъашӏэ,long-lived,adj,бэгъашӏэ | бэгъашӏэм | бэгъашӏэкӏэ | бэгъашӏэхэм | бэгъашӏэхэмэ | бэгъашӏэхэр | бэгъашӏэхэкӏэ | бэгъашӏэхэ | бэгъашӏэхыу | бэгъашӏэр | бэгъашӏэу,accepted
wiktionary-00557,train,true,,wiktionary,557,lexicon,бэгъон,"to reproduce, to breed, to spawn, to propagate ; to multiply",verb,бэгъон,accepted
wiktionary-00558,test,true,,wiktionary,558,lexicon,бэгъэгус,Very sad,adj,бэгъэгус,accepted
wiktionary-00559,train,true,,wiktionary,559,lexicon,бэгыгъэ,swelled ; inflated ; tumor,adj | noun,бэгыгъэ,accepted
wiktionary-00560,train,true,,wiktionary,560,lexicon,бэгын,to swell,verb,бэгын,accepted
wiktionary-00561,test,true,,wiktionary,561,lexicon,бэджакӏ,Tobacco leaves bundle,noun,бэджакӏ,accepted
wiktionary-00562,train,true,,wiktionary,562,lexicon,бэджанд,"lease, rent",noun,бэджанд | бэджандэхэ | бэджандэ | бэджандэм | бэджандэхыу | бэджандэхэмэ | бэджандэхэкӏэ | бэджандэкӏэ | бэджандэр | бэджандэхэм | бэджандэхэр | бэджандыу,accepted
wiktionary-00563,train,true,,wiktionary,563,lexicon,бэджы,spider,noun,бэджы | багьэ,accepted
wiktionary-00564,train,true,,wiktionary,564,lexicon,бэджыджэн,"to rock (from time to time) ; to stagger, to reel, to sway on one's feet ; to oscillate ; to totter",verb,бэджыджэн,accepted
wiktionary-00565,train,true,,wiktionary,565,lexicon,бэджыхъ,spider net,noun,бэджыхъ | бэджыхъэхэкӏэ | бэгьэхъэхэр | бэджыхъэхэ | бэгьэхъэкӏэ | бэджыхъэр | бэджыхъыу | бэджыхъэм | бэгьэхъэхэ | бэджыхъэхыу | бэджыхъэхэм | бэджыхъэхэмэ | бэгьэхъэхэм | бэгьэхъэм | бэгьэхъыу | бэгьэхъэхэкӏэ | бэгьэхъэхэмэ | бэгьэхъэ | бэгьэхъэхыу | бэгьэхъ | бэджыхъэкӏэ | бэджыхъэ | бэгьэхъэр | бэджыхъэхэр,accepted
wiktionary-00566,train,true,,wiktionary,566,lexicon,бэджэбы,fox den,noun,бэджэбы | бэджэбым | бэджэбыу | бэджэбыхэкӏэ | бэджэбыхыу | бэджэбыхэмэ | бэджэбыхэр | бэджэбыхэм | бэджэбыр | бэджэбыкӏэ,accepted
wiktionary-00567,train,true,,wiktionary,567,lexicon,бэджэжъые,"fox's child, cub fox",noun,бэджэжъые,accepted
wiktionary-00568,train,true,,wiktionary,568,lexicon,бэджэндыку,Rent car,noun,бэджэндыку | бэджэндыкуэм | бэджэндыкуэхэр | бэджэндыкуэхэм | бэджэндыкухыу | бэджэндыкуэ | бэджэндыкуэхэмэ | бэджэндыкуэкӏэ | бэджэндыкуэр | бэджэндыкуыу | бэджэндыкуэхэ | бэджэндыкуэхэкӏэ,accepted
wiktionary-00569,train,true,,wiktionary,569,lexicon,бэджэндэутын,to rent,verb,бэджэндэутын,accepted
wiktionary-00570,train,true,,wiktionary,570,lexicon,бэджэшъ,jackal,noun,бэджэшъ,accepted
wiktionary-00571,train,true,,wiktionary,571,lexicon,бэджэщыр,jackal,noun,бэджэщыр | бэджэщырэм | бэджэщырэхыу | бэджэщырэхэ | бэджэщырэр | бэджэщырэхэм | бэджэщырэкӏэ | бэджэщырэхэкӏэ | бэджэщырэхэмэ | бэджэщырыу | бэджэщырэ | бэджэщырэхэр,accepted
wiktionary-00572,train,true,,wiktionary,572,lexicon,бэдзау,Fly whisk,noun,бэдзау | бэдзауэхэм | бэдзауэхэмэ | бэдзауэр | бэдзауэкӏэ | бэдзауыу | бэдзауэм | бэдзауэхэр | бэдзауэхэкӏэ | бэдзауэхэ | бэдзауэ | бэдзаухыу,accepted
wiktionary-00573,train,true,,wiktionary,573,lexicon,бэдзэгъалӏэ,"Fly killer (a plant), insecticide",noun,бэдзэгъалӏэ | бэдзэгъалӏэм | бэдзэгъалӏэхэкӏэ | бэдзэгъалӏэхэм | бэдзэгъалӏэхэр | бэдзэгъалӏэхыу | бэдзэгъалӏэкӏэ | бэдзэгъалӏэр | бэдзэгъалӏэхэ | бэдзэгъалӏэхэмэ | бэдзэгъалӏэу,accepted
wiktionary-00574,train,true,,wiktionary,574,lexicon,бэдзэжьын,to grow ; to increase,verb,бэдзэжьын,accepted
wiktionary-00575,train,true,,wiktionary,575,lexicon,бэдзэнэшъу,"mosquito, stinging",noun,бэдзэнэшъу | бэдзэнэшъуэр | бэдзэнэшъуэ | бэдзэнэшъуэм | бэдзэнэшъуэхэмэ | бэдзэнэшъуэхэкӏэ | бэдзэнэшъухыу | бэдзэнэшъуэхэм | бэдзэнэшъуыу | бэдзэнэшъуэхэр | бэдзэнэшъуэкӏэ | бэдзэнэшъуэхэ,accepted
wiktionary-00576,train,true,,wiktionary,576,lexicon,бэдзэогъумаз,July,noun,бэдзэогъумаз | бэдзэогъумазэхэм | бэдзэогъумазэхэкӏэ | бэдзэогъумазэхыу | бэдзэогъумазэкӏэ | бэдзэогъумазэм | бэдзэогъумазэхэмэ | бэдзэогъумазэ | бэдзэогъумазэхэ | бэдзэогъумазыу | бэдзэогъумазэр | бэдзэогъумазэхэр,accepted
wiktionary-00577,train,true,,wiktionary,577,lexicon,бэдзэр,"bazaar, market",noun,бэдзэр | бэдзэрэхэм | бэдзэрым | бэдзэрыхэм | бэдзэрэхэ | бэдзэры | бэдзэрыкӏэ | бэдзэрыхыу | бэдзэрэхыу | бэдзэрэхэкӏэ | бэдзэрэхэр | бэдзэрэкӏэ | бэдзэрыхэкӏэ | бэдзэрэ | бэдзэрэхэмэ | бэдзэрэр | бэдзэрыу | бэдзэрыхэмэ | бэдзэрэм | бэдзэрыр | бэдзэрыхэр,accepted
wiktionary-00578,train,true,,wiktionary,578,lexicon,бэдзэрыкӏу,dealer ; merchant ; trader,noun,бэдзэрыкӏу | бэдзэрыкӏуэхэм | бэдзэрыкӏуэм | бэдзэрыкӏуэхэкӏэ | бэдзэрыкӏуэкӏэ | бэдзэрыкӏуыу | бэдзэрыкӏуэхэмэ | бэдзэрыкӏухыу | бэдзэрыкӏуэхэр | бэдзэрыкӏуэр | бэдзэрыкӏуэ | бэдзэрыкӏуэхэ,accepted
wiktionary-00579,train,true,,wiktionary,579,lexicon,бэдзэубыт,"Insectivore (bird), Insectivorous (bird),",noun,бэдзэубыт | бэдзэубытэм | бэдзэубытэр | бэдзэубытэхэ | бэдзэубытэ | бэдзэубытэхэмэ | бэдзэубытэхэм | бэдзэубытэхэкӏэ | бэдзэубытыу | бэдзэубытэхэр | бэдзэубытэхыу | бэдзэубытэкӏэ,accepted
wiktionary-00580,validation,true,,wiktionary,580,lexicon,бэдзэукӏ,Fly killing tool,noun,бэдзэукӏ | бэдзэукӏэхэ | бэдзэукӏэхэр | бэдзэукӏэм | бэдзэукӏыу | бэдзэукӏэхэкӏэ | бэдзэукӏэхэм | бэдзэукӏэхэмэ | бэдзэукӏэхыу | бэдзэукӏэкӏэ | бэдзэукӏэ | бэдзэукӏэр,accepted
wiktionary-00581,test,true,,wiktionary,581,lexicon,бэежъ,very rich,adj,бэежъ,accepted
wiktionary-00582,train,true,,wiktionary,582,lexicon,бэжъу,fat ; thick body,adj,бэжъу,accepted
wiktionary-00583,train,true,,wiktionary,583,lexicon,бэйкол,"entourage (of a king), escort",noun,бэйкол | бэйколэхэм | бэйколэм | бэйколэхэкӏэ | бэйколэкӏэ | бэйколыу | бэйколэхэр | бэйколэхэ | бэйколэр | бэйколэхэмэ | бэйколэхыу | бэйколэ,accepted
wiktionary-00584,train,true,,wiktionary,584,lexicon,бэйкъогъуз,cockroach,noun,бэйкъогъуз,accepted
wiktionary-00585,train,true,,wiktionary,585,lexicon,бэкълауэ,baklava,noun,бэкълауэ,accepted
wiktionary-00586,train,true,,wiktionary,586,lexicon,бэкъогъу,"Stage (in time), step,",noun,бэкъогъу,accepted
wiktionary-00587,validation,true,,wiktionary,587,lexicon,бэкъон,"to stride, to step (move on the feet)",verb,бэкъон,accepted
wiktionary-00588,train,true,,wiktionary,588,lexicon,бэкъу,cunt ; pudendum ; vulva,noun,бэкъу,accepted
wiktionary-00589,train,true,,wiktionary,589,lexicon,бэкъудадз,"diaper, nappy",noun,бэкъудадз,accepted
wiktionary-00590,train,true,,wiktionary,590,lexicon,бэкӏай,"abundant, kinda very much, kinda a lot",adv,бэкӏай,accepted
wiktionary-00591,test,true,,wiktionary,591,lexicon,бэкӏы,long living plant,adj,бэкӏы,accepted
wiktionary-00592,train,true,,wiktionary,592,lexicon,бэкӏэ,more than,adv,бэкӏэ,accepted
wiktionary-00593,validation,true,,wiktionary,593,lexicon,бэлахь,martyr (бэлахь зытелъыр) ; ordeal (бэлахь хэтыныр),noun,бэлахь,accepted
wiktionary-00594,train,true,,wiktionary,594,lexicon,бэлъф,"woman (fertile),",noun,бэлъф | бэлъфэкӏэ | бэлъфэ | бэлъфыу | бэлъфэм | бэлъфэхэмэ | бэлъфэхыу | бэлъфэхэр | бэлъфэр | бэлъфэхэм | бэлъфэхэкӏэ | бэлъфэхэ,accepted
wiktionary-00595,train,true,,wiktionary,595,lexicon,бэлыдж,radish,noun,бэлыдж | бэлыджэхэкӏэ | бэлыджэхэр | бэлыджэ | бэлыджэр | бэлыджэм | бэлыджэхэм | бэлыджэхэ | бэлыджэкӏэ | бэлыджэхэмэ | бэлыджыу | бэлыджэхыу,accepted
wiktionary-00596,test,true,,wiktionary,596,lexicon,бэлыджакӏэ,radish seed,noun,бэлыджакӏэ | бэлыджакӏэхэкӏэ | бэлыджакӏэхэм | бэлыджакӏэхэр | бэлыджакӏэкӏэ | бэлыджакӏэр | бэлыджакӏэхэ | бэлыджакӏэм | бэлыджакӏэхыу | бэлыджакӏэу | бэлыджакӏэхэмэ,accepted
wiktionary-00597,train,true,,wiktionary,597,lexicon,бэлыджэпс,radish juice,noun,бэлыджэпс | бэлыджэпсэхэмэ | бэлыджэпсэхыу | бэлыджэпсэ | бэлыджэпсэм | бэлыджэпсэхэм | бэлыджэпсэхэ | бэлыджэпсэхэкӏэ | бэлыджэпсыу | бэлыджэпсэхэр | бэлыджэпсэр | бэлыджэпсэкӏэ,accepted
wiktionary-00598,train,true,,wiktionary,598,lexicon,бэлэрыгъ,"neglectful, negligent, uninterested,",adj,бэлэрыгъ,accepted
wiktionary-00599,train,true,,wiktionary,599,lexicon,бэнакӏо,"assailant, fighter, wrestler,",noun,бэнакӏо | бэнакӏоу | бэнакӏохэкӏэ | бэнакӏом | бэнакӏокӏэ | бэнакӏохыу | бэнакӏохэ | бэнакӏохэр | бэнакӏохэм | бэнакӏор | бэнакӏохэмэ,accepted
wiktionary-00600,train,true,,wiktionary,600,lexicon,бэнанэ,banana,noun,бэнанэ | бэнанэыу | бэнанээхэкӏэ | бэнанээхэм | бэнанээхэмэ | бэнанээм | бэнанээхыу | бэнанээ | бэнанээр | бэнанээхэр | бэнанээхэ | бэнанээкӏэ,accepted
wiktionary-00601,train,true,,wiktionary,601,lexicon,бэнжъый,small grave,noun,бэнжъый | бэнжъыйэкӏэ | бэнжъыйэхэм | бэнжъыйэхэ | бэнжъыйэм | бэнжъыйэхэкӏэ | бэнжъыйэхыу | бэнжъыйэхэр | бэнжъыйыу | бэнжъыйэр | бэнжъыйэ | бэнжъыйэхэмэ,accepted
wiktionary-00602,train,true,,wiktionary,602,lexicon,бэнтехъу,Burial cover,noun,бэнтехъу | бэнтехъуэхэ | бэнтехъуэм | бэнтехъуэхэм | бэнтехъуэкӏэ | бэнтехъуэр | бэнтехъуэ | бэнтехъуэхэкӏэ | бэнтехъуыу | бэнтехъухыу | бэнтехъуэхэр | бэнтехъуэхэмэ,accepted
wiktionary-00603,train,true,,wiktionary,603,lexicon,бэны,"burial, grave, tomb",noun,бэны | бэныкӏэ | бэныхэр | бэным | бэныхэм | бэныхыу | бэныхэмэ | бэныхэкӏэ | бэныу | бэныр,accepted
wiktionary-00604,train,true,,wiktionary,604,lexicon,бэнытӏ,gravedigger,noun,бэнытӏ | бэнытӏэр | бэнытӏэхэмэ | бэнытӏэхэкӏэ | бэнытӏэм | бэнытӏэхэм | бэнытӏэхэр | бэнытӏэкӏэ | бэнытӏыу | бэнытӏэ | бэнытӏэхэ | бэнытӏэхыу,accepted
wiktionary-00605,train,true,,wiktionary,605,lexicon,бэнэкӏын,to wrestle (to the fullest),verb,бэнэкӏын,accepted
wiktionary-00606,train,true,,wiktionary,606,lexicon,бэнэн,"to fight (with fists and kicks), to wrestle, to brawl, to tussle ; to struggle",verb,бэнэн | ебэнын | мэбэнэн,accepted
wiktionary-00607,train,true,,wiktionary,607,lexicon,бэнэныгъ,"attack, duel",noun,бэнэныгъ | бэнэныгъэхэкӏэ | бэнэныгъэхыу | бэнэныгъэхэ | бэнэныгъэхэмэ | бэнэныгъэм | бэнэныгъэхэм | бэнэныгъэр | бэнэныгъэхэр | бэнэныгъыу | бэнэныгъэкӏэ | бэнэныгъэ,accepted
wiktionary-00608,train,true,,wiktionary,608,lexicon,бэон,to kiss,verb,бэон | ебэун,accepted
wiktionary-00609,train,true,,wiktionary,609,lexicon,бэрауты,Bless your dress,intj,бэрауты,accepted
wiktionary-00610,train,true,,wiktionary,610,lexicon,бэрбэр,"barber, cupper",noun,бэрбэр | бэрбэрэхэ | бэрбэрэм | бэрбэрыу | бэрбэрэхэм | бэрбэрэ | бэрбэрэкӏэ | бэрбэрэхэр | бэрбэрэхэмэ | бэрбэрэр | бэрбэрэхыу | бэрбэрэхэкӏэ,accepted
wiktionary-00611,test,true,,wiktionary,611,lexicon,бэрджахь,"cunning, sly, wily",adj,бэрджахь,accepted
wiktionary-00612,train,true,,wiktionary,612,lexicon,бэрэ,"many times, a lot ; long time",adv,бэрэ,accepted
wiktionary-00613,validation,true,,wiktionary,613,lexicon,бэрэкъащ,"A person that frequently marrying, A person that merry a lot",adj,бэрэкъащ,accepted
wiktionary-00614,train,true,,wiktionary,614,lexicon,бэрэскэжъый,Wednesday (day),noun,бэрэскэжъый | бэрэскэжъыйэм | бэрэскэжъыйыу | бэрэскэжъыйэкӏэ | бэрэскэжъыйэхэ | бэрэскэжъыйэр | бэрэскэжъыйэхыу | бэрэскэжъыйэхэмэ | бэрэскэжъыйэхэм | бэрэскэжъыйэхэр | бэрэскэжъыйэ | бэрэскэжъыйэхэкӏэ,accepted
wiktionary-00615,train,true,,wiktionary,615,lexicon,бэрэскэф,Friday,noun,бэрэскэф | бэрэскэфэхэ | бэрэскэфэ | бэрэскэфэхэкӏэ | бэрэскэфэхэмэ | бэрэскэфэм | бэрэскэфэхыу | бэрэскэфэхэр | бэрэскэфэхэм | бэрэскэфэр | бэрэскэфэкӏэ | бэрэскэфыу,accepted
wiktionary-00616,validation,true,,wiktionary,616,lexicon,бэрэскэшху,Friday,noun,бэрэскэшху | бэрэскэшхуэр | бэрэскэшхуэхэкӏэ | бэрэскэшхухыу | бэрэскэшхуэм | бэрэскэшхуэхэм | бэрэскэшхуэхэ | бэрэскэшхуэ | бэрэскэшхуэхэр | бэрэскэшхуэхэмэ | бэрэскэшхуэкӏэ | бэрэскэшхуыу,accepted
wiktionary-00617,test,true,,wiktionary,617,lexicon,бэрэтӏин,mint,noun,бэрэтӏин | бэрэтӏинэм | бэрэтӏинэхэкӏэ | бэрэтӏиныу | бэрэтӏинэхэр | бэрэтӏинэхэ | бэрэтӏинэр | бэрэтӏинэхыу | бэрэтӏинэхэмэ | бэрэтӏинэ | бэрэтӏинэхэм | бэрэтӏинэкӏэ,accepted
wiktionary-00618,train,true,,wiktionary,618,lexicon,бэрэчэт,"blessing, boon, good",noun,бэрэчэт,accepted
wiktionary-00619,test,true,,wiktionary,619,lexicon,бэрэӏумаф,"blessed, fortunate, lucky,",adj,бэрэӏумаф,accepted
wiktionary-00620,train,true,,wiktionary,620,lexicon,бэскъэн,to fatten ; to plump,verb,бэскъэн,accepted
wiktionary-00621,test,true,,wiktionary,621,lexicon,бэслъыный,"Beslenei (a Circassian clan),",noun,бэслъыный | бэслъыныйэхэр | бэслъыныйэкӏэ | бэслъыныйэхэкӏэ | бэслъыныйэм | бэслъыныйэхэм | бэслъыныйэхыу | бэслъыныйыу | бэслъыныйэхэ | бэслъыныйэ | бэслъыныйэр | бэслъыныйэхэмэ,accepted
wiktionary-00622,train,true,,wiktionary,622,lexicon,бэткэлӏ,"a Cossack, Cossacks (people), stingy",noun,бэткэлӏ | бэткэлӏэм | бэткэлӏэ | бэткэлӏэхэмэ | бэткэлӏэр | бэткэлӏэхэ | бэткэлӏэхэм | бэткэлӏыу | бэткэлӏэхыу | бэткэлӏэхэкӏэ | бэткэлӏэкӏэ | бэткэлӏэхэр,accepted
wiktionary-00623,train,true,,wiktionary,623,lexicon,бэты,"generous, liberal, openhanded",adj,бэты | бэтыхыу | бэтым | бэтыхэмэ | бэтыхэм | бэтыкӏэ | бэтыхэкӏэ | бэтыр | бэтыу | бэтыхэр,accepted
wiktionary-00624,train,true,,wiktionary,624,lexicon,бэхъу апщи,god bless you,intj,бэхъу апщи,accepted
wiktionary-00625,test,true,,wiktionary,625,lexicon,бэхьал,expensive ; expensive object,adj | noun,бэхьал,accepted
wiktionary-00626,test,true,,wiktionary,626,lexicon,бэшхы,"gluttonous, voracious, one who eats excessively ; glutton",adj | noun,бэшхы,accepted
wiktionary-00627,train,true,,wiktionary,627,lexicon,бэшэрэб,"bottle (glass), pitcher",noun,бэшэрэб | бэшэрэбэм | бэшэрэбэхэм | бэшэрэбэхэ | бэшэрэбыу | бэшэрэбэхыу | бэшэрэбэхэмэ | бэшэрэбэ | бэшэрэбэхэкӏэ | бэшэрэбэхэр | бэшэрэбэкӏэ | бэшэрэбэр,accepted
wiktionary-00628,train,true,,wiktionary,628,lexicon,бэшӏагъ,Since a long time,adv,бэшӏагъ,accepted
wiktionary-00629,train,true,,wiktionary,629,lexicon,бэщ,"rod, staff, cane, stick",noun,бэщ | бэщэхэм | бэщэхэ | бэщэхэмэ | бэщэм | бэщэхыу | бэщэ | бэщыу | бэщэр | бэщэхэкӏэ | бэщэхэр | бэщэкӏэ,accepted
wiktionary-00630,train,true,,wiktionary,630,lexicon,бэщкъорэгъ,stick,noun,бэщкъорэгъ | бэщкъорэгъэхэ | бэщкъорэгъэхэм | бэщкъорэгъэхэкӏэ | бэщкъорэгъэм | бэщкъорэгъэ | бэщкъорэгъэр | бэщкъорэгъыу | бэщкъорэгъэхэмэ | бэщкъорэгъэхэр | бэщкъорэгъэхыу | бэщкъорэгъэкӏэ,accepted
wiktionary-00631,train,true,,wiktionary,631,lexicon,бэщкӏэрау,mace,noun,бэщкӏэрау | бэщкӏэрауэкӏэ | бэщкӏэрауэм | бэщкӏэрауэхэм | бэщкӏэрауэхэр | бэщкӏэрауэр | бэщкӏэраухыу | бэщкӏэрауэхэмэ | бэщкӏэрауэ | бэщкӏэрауэхэкӏэ | бэщкӏэрауэхэ | бэщкӏэрауыу,accepted
wiktionary-00632,train,true,,wiktionary,632,lexicon,бэщышӏ,stick maker,noun,бэщышӏ | бэщышӏэр | бэщышӏэ | бэщышӏэхэм | бэщышӏэхэр | бэщышӏэхэ | бэщышӏэм | бэщышӏэхэкӏэ | бэщышӏыу | бэщышӏэкӏэ | бэщышӏэхыу | бэщышӏэхэмэ,accepted
wiktionary-00633,train,true,,wiktionary,633,lexicon,бэщыӏ,"forbearing ; long-suffering, patient",adj | noun,бэщыӏ | бэщыӏыу | бэщыӏэхэм | бэщыӏэкӏэ | бэщыӏэхэр | бэщыӏэхэмэ | бэщыӏэхэ | бэщыӏэ | бэщыӏэм | бэщыӏэхыу | бэщыӏэр | бэщыӏэхэкӏэ,accepted
wiktionary-00634,train,true,,wiktionary,634,lexicon,бэщэч,"Heavy body, Heavy weight, patient,",adj,бэщэч,accepted
wiktionary-00635,train,true,,wiktionary,635,lexicon,бэӏул,"chatty, garrulous, talkative,",adj,бэӏул,accepted
wiktionary-00636,excluded_benchmark_overlap,false,exact_normalized_input_target_or_variant_overlap_with_benchmark,wiktionary,636,lexicon,гогон,pitcher,noun,гогон | гогоныу | гогонэм | гогонэхэ | гогонэхэмэ | гогонэ | гогонэхэм | гогонэр | гогонэкӏэ | гогонэхыу | гогонэхэкӏэ | гогонэхэр,accepted
wiktionary-00637,train,true,,wiktionary,637,lexicon,гогонжъый,small pitcher,noun,гогонжъый | гогонжъыйэхэр | гогонжъыйэкӏэ | гогонжъыйэр | гогонжъыйэхэм | гогонжъыйэм | гогонжъыйыу | гогонжъыйэхэ | гогонжъыйэ | гогонжъыйэхыу | гогонжъыйэхэкӏэ | гогонжъыйэхэмэ,accepted
wiktionary-00638,test,true,,wiktionary,638,lexicon,гокӏын,to go away from the side of something,verb,гокӏын,accepted
wiktionary-00639,test,true,,wiktionary,639,lexicon,гомыхь,terrible,adj,гомыхь,accepted
wiktionary-00640,train,true,,wiktionary,640,lexicon,гонахь гъэхъэн,to sin,verb,гонахь гъэхъэн,accepted
wiktionary-00641,test,true,,wiktionary,641,lexicon,гонэхь,misdeed ; sin,noun,гонэхь | гонэхьэхэкӏэ | гонэхьэхэм | гунахьэм | гунахьэкӏэ | гунахьэхэ | гонэхьэ | гунахьэхэм | гонэхьыу | гунахьэхэкӏэ | гунахьэхэр | гонэхьэм | гонэхьэхыу | гонэхьэхэмэ | гунахьэр | гунахьэхыу | гонэхьэкӏэ | гунахь | гонэхьэхэ | гонэхьэхэр | гунахьыу | гонэхьэр | гунахьэхэмэ | гунахьэ,accepted
wiktionary-00642,train,true,,wiktionary,642,lexicon,гоон,"to bear a grudge against, to spite",verb,гоон,accepted
wiktionary-00643,train,true,,wiktionary,643,lexicon,гопкӏэн,to jump on the side of,verb,гопкӏэн,accepted
wiktionary-00644,train,true,,wiktionary,644,lexicon,гопэгъу,"stuffily (in a poorly-ventilated and close manner) ; sultriness, closeness, stuffiness, sultry / stuffy air",noun,гопэгъу | гопэгъуэхэм | гопэгъуэм | гопэгъуэхэкӏэ | гопэгъуэкӏэ | гопэгъуэхэ | гопэгъуыу | гопэгъуэр | гопэгъуэ | гопэгъухыу | гопэгъуэхэмэ | гопэгъуэхэр,accepted
wiktionary-00645,train,true,,wiktionary,645,lexicon,гопэн,"to be pleased with, to be glad that",verb,гопэн | ыгупэн | гупэн,accepted
wiktionary-00646,train,true,,wiktionary,646,lexicon,гоутын,to cleave ; to tear apart from something,verb,гоутын,accepted
wiktionary-00647,train,true,,wiktionary,647,lexicon,гоуцон,"to stand besides, to stand on the side of ; to stop besides, to stop on the side of",verb,гоуцон,accepted
wiktionary-00648,excluded_benchmark_overlap,false,exact_normalized_input_target_or_variant_overlap_with_benchmark,wiktionary,648,lexicon,гохьан,to go beside,verb,гохьан | жэхэхьан | зэбгырыхьан | пыхьан | кӏоцӏы | шъхьапырыхьан | ӏу | шъхьадэхьан | хэхьан | кӏоцӏыхьан | лъы | и | кӏэлъыры | пэхьан | бгъодэ | техьан | кӏэлъырыхьан | бгъодэхьан | шъхьадэ | хэ | зэбгыры | те | ӏухьан | чӏэ | дэ | къохьан | го | шъхьапыры | пы | зэкӏэ | чӏэхьан | жэхэ | жэдэ | ихьан | жэдэхьан | лъыхьан | къо | джыхэхьэн | дэхьан | зэкӏэхьан,accepted
wiktionary-00649,train,true,,wiktionary,649,lexicon,гохьы,"tasty (having a pleasant flavor) ; pleasant, charming ; lovely person, likable person",adj,гохьы,accepted
wiktionary-00650,train,true,,wiktionary,650,lexicon,гощын,to distribute ; to divide ; to split,verb,гощын | угощын,accepted
wiktionary-00651,train,true,,wiktionary,651,lexicon,гоӏу,"attractive ; pleasant, nice, cute",adj,гоӏу,accepted
wiktionary-00652,validation,true,,wiktionary,652,lexicon,гоӏулӏэн,to nail down something (to attach with a nail) on the side ; to sweep something on the side,verb,гоӏулӏэн,accepted
wiktionary-00653,train,true,,wiktionary,653,lexicon,гу,heart ; The fifth letter of the Adyghe alphabet,noun | character,гу | гуэхэкӏэ | гуэхэр | гуэ | гуэхэмэ | гуэхэм | гухыу | гуэкӏэ | гуыу | Гъ | гуэр | гуэм | гуэхэ,accepted
wiktionary-00654,train,true,,wiktionary,654,lexicon,гу къеон,one's heart to beat; to be having heartbeats ; to be anxious ; to get very scared,verb,гу къеон,accepted
wiktionary-00655,train,true,,wiktionary,655,lexicon,гу рихьан,to like,verb,гу рихьан | гурихьан | гурихьэн | гу рихьэн | гум рихьан,accepted
wiktionary-00656,train,true,,wiktionary,656,lexicon,гу тепсэфэн,to in peace due to,verb,гу тепсэфэн | гу тэпсэфэн,accepted
wiktionary-00657,train,true,,wiktionary,657,lexicon,гуадз,"secondary, minor, of less importance ; additional, supplementary",noun,гуадз | гуадзэхэ | гуадзэхэкӏэ | гуадзэхэм | гуадзэхэмэ | гуадзэхэр | гуадзэм | гуадзэ | гуадзэкӏэ | гуадзэхыу | гуадзыу | гуадзэр,accepted
wiktionary-00658,validation,true,,wiktionary,658,lexicon,гуао,misery,noun,гуао,accepted
wiktionary-00659,test,true,,wiktionary,659,lexicon,гуапэ,pleasant,noun,гуапэ | гуапэм | гуапэу | гуапэр | гуапэхэмэ | гуапэкӏэ | гуапэхэкӏэ | гуапэхэр | гуапэхэм | гуапэхэ | гуапэхыу,accepted
wiktionary-00660,train,true,,wiktionary,660,lexicon,гуащэ,lady ; a woman's mother-in-law: her husband's mother ; princess ; (Kfar Kama dialect) wife,noun,гуащэ | гуащэхэмэ | гуащэхэкӏэ | гуащэу | гуащэкӏэ | гуащэхэм | гуащэм | гуащэхэ | гуащэр | гуащэхыу | гуащэхэр,accepted
wiktionary-00661,train,true,,wiktionary,661,lexicon,губгъо,wild ; field,adj | noun,губгъо | губгъохэм | губгъохыу | губгъокӏэ | губгъохэ | губгъом | губгъохэмэ | губгъохэкӏэ | губгъохэр | губгъоу | губгъор,accepted
wiktionary-00662,train,true,,wiktionary,662,lexicon,губгъэ,chest,noun,губгъэ | губгъэхыу | губгъэм | губгъэхэкӏэ | губгъэр | губгъэкӏэ | губгъэхэр | губгъэхэмэ | губгъэхэм | губгъэу | губгъэхэ,accepted
wiktionary-00663,train,true,,wiktionary,663,lexicon,губгъэн,vulgarity,noun,губгъэн | губгъэнэм | губгъэнэхэмэ | губгъэнэхэм | губгъэнэкӏэ | губгъэнэхыу | губгъэнэхэкӏэ | губгъэнэ | губгъэнэр | губгъэнэхэр | губгъэныу | губгъэнэхэ,accepted
wiktionary-00664,train,true,,wiktionary,664,lexicon,губгъэн фэлъэгъун,to hold a grudge against,verb,губгъэн фэлъэгъун,accepted
wiktionary-00665,validation,true,,wiktionary,665,lexicon,губгъэн фэшӏын,to hold a grudge against,verb,губгъэн фэшӏын,accepted
wiktionary-00666,train,true,,wiktionary,666,lexicon,губж,anger,noun,губж,accepted
wiktionary-00667,validation,true,,wiktionary,667,lexicon,губжыгъошӏу,"hot-tempered, quick-tempered, irascible",adj,губжыгъошӏу,accepted
wiktionary-00668,train,true,,wiktionary,668,lexicon,губжын,"to get angry, to get mad",verb,губжын | къышъогубжэх | огубжы | шъогубжы | сызэгубжэжьы | шъукъытэгубжэ | къыогубжэх | шъутэгубжэ | къышъогубжэ | укъытэгубжэ | утэгубжэ | сагубжэ | шъукъысэгубжэ | уагубжэ | тагубжэ | къысэгубжэх | усэгубжэ | къыогубжэ | сэгубжы | уегубжэ | агубжэ | къысэгубжэ | егубжэх | егубжэ | шъусэгубжэ | шъуагубжэ | тэгубжы | укъысэгубжэ | шъуегубжэ | узэгубжэжьы | къытэгубжэ | тегубжэ | сегубжэ | магубжы | къытэгубжэх | тызэгубжэжьы | агубжэх | шъузэгубжэжьы | мэгубжын | магубжых,accepted
wiktionary-00669,train,true,,wiktionary,669,lexicon,губжыпх,"hot-tempered, quick-tempered, irascible",adj,губжыпх,accepted
wiktionary-00670,train,true,,wiktionary,670,lexicon,губзыгъ,clever,adj,губзыгъ | губзыгъм | губзыгъхэм | губзыгъхэкӏэ | губзыгъкӏэ | губзыгъхыу | губзыгъу | губзыгър | губзыгъхэмэ | губзыгъхэр,accepted
wiktionary-00671,train,true,,wiktionary,671,lexicon,губчъо,field,noun,губчъо | губчъом | губчъохэм | губчъохэ | губчъохэмэ | губчъохэкӏэ | губчъохэр | губчъоу | губчъохыу | губчъор | губчъокӏэ,accepted
wiktionary-00672,test,true,,wiktionary,672,lexicon,гугъу,difficult,adj,гугъу,accepted
wiktionary-00673,train,true,,wiktionary,673,lexicon,гугъуемылӏ,careless,adj,гугъуемылӏ,accepted
wiktionary-00674,train,true,,wiktionary,674,lexicon,гугъэ,hope,noun,гугъэ,accepted
wiktionary-00675,validation,true,,wiktionary,675,lexicon,гугъэн,"to hope for ; to rely on, to count on ; to strip, to peel, to skin, to flay, to flense",verb,гугъэн | гугъун | гугъон | гугъын,accepted
wiktionary-00676,train,true,,wiktionary,676,lexicon,гудэ,vulva,noun,гудэ | гудэр | гудэхэр | гудэм | гудэхэм | гудэхэмэ | гудэхэкӏэ | гудэхыу | гудэкӏэ | гудэхэ | гудэу,accepted
wiktionary-00677,train,true,,wiktionary,677,lexicon,гуегъун,to feel sorry for; to feel pity for; to pity,verb,гуегъун | гур егъун | гу егъун | угу егъун | гум егъун,accepted
wiktionary-00678,validation,true,,wiktionary,678,lexicon,гуеӏун,"to like something, to be pleased with",verb,гуеӏун | гу еӏун,accepted
wiktionary-00679,train,true,,wiktionary,679,lexicon,гужъ,anger ; hatred,noun,гужъ | гужъэр | гужъэхэр | гужъэхэкӏэ | гужъэхыу | гужъэхэмэ | гужъэм | гужъыу | гужъэхэм | гужъэкӏэ | гужъэхэ | гужъэ,accepted
wiktionary-00680,train,true,,wiktionary,680,lexicon,гужъуакӏэ,Arm pit,noun,гужъуакӏэ,accepted
wiktionary-00681,train,true,,wiktionary,681,lexicon,гужъыен,"to despair, to be in despair",verb,гужъыен,accepted
wiktionary-00682,train,true,,wiktionary,682,lexicon,гузэгу,center ; middle,noun,гузэгу | ыгузэгу,accepted
wiktionary-00683,train,true,,wiktionary,683,lexicon,гузэжъогъу,urgent,noun,гузэжъогъу,accepted
wiktionary-00684,test,true,,wiktionary,684,lexicon,гузэжъон,"to be in a hurry ; to be anxious (about), to be uneasy (about)",verb,гузэжъон,accepted
wiktionary-00685,train,true,,wiktionary,685,lexicon,гузэжъопх,impatient,adj,гузэжъопх | гузэжъопхэхэ | гузэжъопхэм | гузэжъопхэхэкӏэ | гузэжъопхэхэр | гузэжъопхэхэм | гузэжъопхэр | гузэжъопхыу | гузэжъопхэ | гузэжъопхэхэмэ | гузэжъопхэкӏэ | гузэжъопхэхыу,accepted
wiktionary-00686,test,true,,wiktionary,686,lexicon,гуигъэун,"to cause to fall, to crumble ; to heap round",verb,гуигъэун,accepted
wiktionary-00687,train,true,,wiktionary,687,lexicon,гуих,"terrible, horrible, dreadful, awful ; fearful",adj,гуих,accepted
wiktionary-00688,train,true,,wiktionary,688,lexicon,гукъау,"grief, distress, sadness ; misfortune, disaster",noun,гукъау,accepted
wiktionary-00689,train,true,,wiktionary,689,lexicon,гукъэгъэкӏын,"to make someone remember something, to remind someone something",verb,гукъэгъэкӏын | гукъэгъэкӏьын,accepted
wiktionary-00690,train,true,,wiktionary,690,lexicon,гукъэкӏыжьын,to suddenly remember,verb,гукъэкӏыжьын | гукъэкӏьыжьын,accepted
wiktionary-00691,train,true,,wiktionary,691,lexicon,гукъэкӏын,to remember ; to have a sudden thought or idea,verb,гукъэкӏын | гу къэкӏын | гукъэкӏьын,accepted
wiktionary-00692,test,true,,wiktionary,692,lexicon,гукӏае,"sorrow ; demand, request",adj | noun,гукӏае,accepted
wiktionary-00693,train,true,,wiktionary,693,lexicon,гукӏэгъу,pity ; mercy,noun,гукӏэгъу | гукӏэгъуэхэ | гукӏэгъуэхэм | гукӏэгъуэкӏэ | гукӏэгъуэм | гукӏэгъуэхэр | гукӏэгъуыу | гукӏэгъуэхэмэ | гукӏэгъуэхэкӏэ | гукӏэгъуэр | гукӏэгъухыу | гукӏэгъуэ,accepted
wiktionary-00694,train,true,,wiktionary,694,lexicon,гукӏэгъу фэлъэгъун,"to feel sorry for, to feel pity for ; to have mercy upon",verb,гукӏэгъу фэлъэгъун | гукӏэгъу фэплъэгъун,accepted
wiktionary-00695,train,true,,wiktionary,695,lexicon,гулъытэ,understanding,noun,гулъытэ,accepted
wiktionary-00696,train,true,,wiktionary,696,lexicon,гулъытэн,to understand (Shapsug and Natukhai dialects) (See гурыӏон) ; to notice,verb,гулъытэн,accepted
wiktionary-00697,train,true,,wiktionary,697,lexicon,гум иубытэн,to memorize,verb,гум иубытэн,accepted
wiktionary-00698,test,true,,wiktionary,698,lexicon,гумыӏан,"restless, fidgety",adj,гумыӏан,accepted
wiktionary-00699,train,true,,wiktionary,699,lexicon,гумыӏу,unpleasant,adj,гумыӏу,accepted
wiktionary-00700,train,true,,wiktionary,700,lexicon,гумэкӏыгъу,anxiety,noun,гумэкӏыгъу,accepted
wiktionary-00701,train,true,,wiktionary,701,lexicon,гумэкӏын,"to be anxious/uneasy/worried (about), to become anxious (about)",verb,гумэкӏын,accepted
wiktionary-00702,validation,true,,wiktionary,702,lexicon,гуп,facade ; front,noun,гуп,accepted
wiktionary-00703,train,true,,wiktionary,703,lexicon,гупсэф,comfortable ; comfort,adj | noun,гупсэф,accepted
wiktionary-00704,test,true,,wiktionary,704,lexicon,гупсэфыпӏ,comfortable place,noun,гупсэфыпӏ,accepted
wiktionary-00705,train,true,,wiktionary,705,lexicon,гупцӏанэ,kindhearted ; open-hearted,adj,гупцӏанэ,accepted
wiktionary-00706,train,true,,wiktionary,706,lexicon,гупч,"middle (centre, midpoint)",noun,гупч,accepted
wiktionary-00707,test,true,,wiktionary,707,lexicon,гупшысэ,thought,noun,гупшысэ | гупшысэхэм | гупшысэм | гупшысэхэ | гупшысэхэр | гупшысэр | гупшысэхэкӏэ | гупшысэхэмэ | гупшысэкӏэ | гупшысэхыу | гупшысэу,accepted
wiktionary-00708,train,true,,wiktionary,708,lexicon,гупшысэн,"to think of, to think about",verb,гупшысэн | егупсэн | егупшысэн | гупсэн,accepted
wiktionary-00709,train,true,,wiktionary,709,lexicon,гупыкӏ тын,"charity, donation ; to give to charity; to donate",noun | verb,гупыкӏ тын,accepted
wiktionary-00710,train,true,,wiktionary,710,lexicon,гупыт,cruel ; merciless,adj,гупыт | гупытэкӏэ | гупытэхэм | гупытэхэ | гупытэм | гупытэхэмэ | гупытэхэкӏэ | гупытэхыу | гупытэ | гупытыу | гупытэхэр | гупытэр,accepted
wiktionary-00711,validation,true,,wiktionary,711,lexicon,гурыгъэӏон,to make someone understand,verb,гурыгъэӏон,accepted
wiktionary-00712,train,true,,wiktionary,712,lexicon,гурышхъу,suspicion,noun,гурышхъу | гурышхъуэхэкӏэ | гурышхъуэхэмэ | гурышхъухыу | гурышхъуэхэ | гурышхъуэм | гурышхъуэхэр | гурышхъуэ | гурышхъуэкӏэ | гурышхъуыу | гурышхъуэхэм | гурышхъуэр,accepted
wiktionary-00713,train,true,,wiktionary,713,lexicon,гурышхъу шӏын,to suspect,verb,гурышхъу шӏын,accepted
wiktionary-00714,validation,true,,wiktionary,714,lexicon,гурыӏон,to understand,verb,гурыӏон,accepted
wiktionary-00715,train,true,,wiktionary,715,lexicon,гухахъо,satisfaction ; pleasure,noun,гухахъо | гухахъокӏэ | гухахъом | гухахъоу | гухахъохэр | гухахъохэкӏэ | гухахъор | гухахъохэм | гухахъохыу | гухахъохэ | гухахъохэмэ,accepted
wiktionary-00716,test,true,,wiktionary,716,lexicon,гухэгъэкӏын,"to make someone upset, to make someone sad",verb,гухэгъэкӏын,accepted
wiktionary-00717,train,true,,wiktionary,717,lexicon,гухэкӏ,"sorrow, grief",noun,гухэкӏ,accepted
wiktionary-00718,train,true,,wiktionary,718,lexicon,гухэкӏын,to get hurt (emotionally),verb,гухэкӏын | игу хэкӏын,accepted
wiktionary-00719,validation,true,,wiktionary,719,lexicon,гуцаф,suspicion,noun,гуцаф | гуцафэр | гуцафэхэ | гуцафэхэкӏэ | гуцафэхэм | гуцафэм | гуцафыу | гуцафэ | гуцафэхыу | гуцафэхэмэ | гуцафэкӏэ | гуцафэхэр,accepted
wiktionary-00720,train,true,,wiktionary,720,lexicon,гуцафэ шӏын,to suspect,verb,гуцафэ шӏын,accepted
wiktionary-00721,train,true,,wiktionary,721,lexicon,гушхо,brave,adj,гушхо,accepted
wiktionary-00722,train,true,,wiktionary,722,lexicon,гушӏон,to rejoice ; (Kfar Kama dialect) to laugh,verb,гушӏон | мэгушӏон,accepted
wiktionary-00723,train,true,,wiktionary,723,lexicon,гушӏопсӏын,to smile,verb,гушӏопсӏын,accepted
wiktionary-00724,train,true,,wiktionary,724,lexicon,гушӏуагъо,"(Shapsug dialect) funny ; joy, happiness",adj | noun,гушӏуагъо | гушӏуагъохэкӏэ | гушӏуагъоу | гушӏуагъом | гушӏуагъэ | гушӏуагъохэм | гушӏуагъор | гушӏуагъокӏэ | гушӏуагъохэ | гушӏуагъохыу | гушӏуагъохэр | гушӏуагъохэмэ,accepted
wiktionary-00725,train,true,,wiktionary,725,lexicon,гушӏуапкӏэ,present,noun,гушӏуапкӏэ | гушӏуапкӏэхэкӏэ | гушӏуапкӏэм | гушӏуапкӏэхэмэ | гушӏуапкӏэхэм | гушӏуапкӏэр | гушӏуапкӏэхэр | гушӏуапкӏэхэ | гушӏуапкӏэкӏэ | гушӏуапкӏэу | гушӏуапкӏэхыу,accepted
wiktionary-00726,excluded_benchmark_overlap,false,exact_normalized_input_target_or_variant_overlap_with_benchmark,wiktionary,726,lexicon,гущ,"alas (Used to express sorrow, regret, compassion or grief.) ; expresses a wish",intj,гущ,accepted
wiktionary-00727,train,true,,wiktionary,727,lexicon,гущыӏал,"talkative, a person that tend to talk a lot ; loquacious",adj,гущыӏал,accepted
wiktionary-00728,train,true,,wiktionary,728,lexicon,гущыӏалъ,dictionary,noun,гущыӏалъ | гущыӏалъэм | гущыӏалъхыу | гущыӏалъэхэмэ | гущыӏалъэкӏэ | гущыӏалъэхэм | гущыӏалъыу | гущыӏалъэхэ | гущыӏалъэр | гущыӏалъэхэкӏэ | гущыӏалъэхэр | гущыӏалъэ,accepted
wiktionary-00729,train,true,,wiktionary,729,lexicon,гущыӏанчъэ,wordless ; speechless,noun,гущыӏанчъэ,accepted
wiktionary-00730,train,true,,wiktionary,730,lexicon,гущыӏап,preface,noun,гущыӏап | гущыӏапэхэмэ | гущыӏапэхэм | гущыӏапэ | гущыӏапэхэкӏэ | гущыӏапэхыу | гущыӏапэм | гущыӏапэхэр | гущыӏапэкӏэ | гущыӏапэхэ | гущыӏапэр | гущыӏапыу,accepted
wiktionary-00731,train,true,,wiktionary,731,lexicon,гущыӏэ,word,noun,гущыӏэ | гущыӏэхэ | гущыӏэкӏэ | гущыӏэм | гущаӏэм | гущыӏэу | гущаӏэу | гущаӏэхэм | гущаӏэкӏэ | гущыӏэхэкӏэ | гущыӏэхэм | гущаӏэ | гущаӏэхыу | гущаӏэр | гущаӏэхэкӏэ | гущыӏэхэр | гущаӏэхэр | гущаӏэхэмэ | гущыӏэр | гущыӏэхыу | гущыӏэхэмэ | гущаӏэхэ,accepted
wiktionary-00732,train,true,,wiktionary,732,lexicon,гущыӏэ етын,to promise; to give one's word,verb,гущыӏэ етын | гущыӏэ тын | гущыӏэ ептын,accepted
wiktionary-00733,train,true,,wiktionary,733,lexicon,гущыӏэгъал,talkative ; eloquent ; talking in an ornate way ; Ornate talker,adj | noun,гущыӏэгъал | гущыӏэгъалэхыу | гущыӏэгъалэкӏэ | гущыӏэгъалэхэкӏэ | гущыӏэгъалэм | гущыӏэгъалэхэр | гущыӏэгъалэхэ | гущыӏэгъалэхэм | гущыӏэгъалыу | гущыӏэгъалэр | гущыӏэгъалэ | гущыӏэгъалэхэмэ,accepted
wiktionary-00734,test,true,,wiktionary,734,lexicon,гущыӏэгъу,"interlocutor, talking partner ; time for conversation; time for talk",noun,гущыӏэгъу,accepted
wiktionary-00735,train,true,,wiktionary,735,lexicon,гущыӏэм пае,for example,prep_phrase,гущыӏэм пае | гущыӏэмпае,accepted
wiktionary-00736,train,true,,wiktionary,736,lexicon,гущыӏэм фаӏоу,for example,prep_phrase,гущыӏэм фаӏоу,accepted
wiktionary-00737,train,true,,wiktionary,737,lexicon,гущыӏэн,to talk,verb,гущыӏэн | мэгущыӏэн,accepted
wiktionary-00738,train,true,,wiktionary,738,lexicon,гущыӏэрые,"talkative, a person that tend to talk a lot ; loquacious",adj,гущыӏэрые,accepted
wiktionary-00739,train,true,,wiktionary,739,lexicon,гущыӏэухыгъэ,sentence,noun,гущыӏэухыгъэ | гущыӏэухыгъэхэ | гущыӏэухыгъэм | гущыӏэухыгъэхэм | гущыӏэухыгъэу | гущыӏэухыгъэхэр | гущыӏэухыгъэхэкӏэ | гущыӏэухыгъэхэмэ | гущыӏэухыгъэкӏэ | гущыӏэухыгъэр | гущыӏэухыгъэхыу,accepted
wiktionary-00740,train,true,,wiktionary,740,lexicon,гуӏэн,to worry,verb,гуӏэн | гоӏэн | мэгоӏэн,accepted
wiktionary-00741,train,true,,wiktionary,741,lexicon,гъаблэ,hunger,noun,гъаблэ | гъаблэм | гъаблэхэкӏэ | гъаблэхэм | гъаблэхэр | гъаблэкӏэ | гъаблэхыу | гъаблэхэ | гъаблэу | гъаблэр | гъаблэхэмэ,accepted
wiktionary-00742,train,true,,wiktionary,742,lexicon,гъажъо,millet,noun,гъажъо | гъажъокӏэ | гъажъохэ | гъажъом | гъажъохэм | гъажъоу | гъажъохэкӏэ | гъажъохыу | гъажъохэмэ | гъажъор | гъажъохэр,accepted
wiktionary-00743,train,true,,wiktionary,743,lexicon,гъалэ,paint,noun,гъалэ | гъалэхэм | гъалэм | гъалэр | гъалэхэмэ | гъалэхэкӏэ | гъалэхыу | гъалэкӏэ | гъалэхэ | гъалэхэр | гъалэу,accepted
wiktionary-00744,train,true,,wiktionary,744,lexicon,гъатхэ,spring,noun,гъатхэ | гъатхэр | гъатхэхэ | гъатхэхэр | гъатхэхыу | гъатхэу | гъатхэхэм | гъатхэкӏэ | гъатхэхэмэ | гъатхэм | гъатхэхэкӏэ,accepted
wiktionary-00745,validation,true,,wiktionary,745,lexicon,гъаф,A lesser spotted eagle.,noun,гъаф | гъафэ | гъафэхэкӏэ | гъафэхэмэ | гъафыу | гъафэхыу | гъафэм | гъафэкӏэ | гъафэхэр | гъафэр | гъафэхэ | гъафэхэм,accepted
wiktionary-00746,train,true,,wiktionary,746,lexicon,гъашӏэ,life,noun,гъашӏэ | гъашӏэхэ | гъашӏэхыу | гъашӏэм | гъашӏэкӏэ | гъашӏэу | гъашӏэхэм | гъашӏэхэмэ | гъашӏэр | гъашӏэхэкӏэ | гъашӏэхэр,accepted
wiktionary-00747,excluded_benchmark_overlap,false,exact_normalized_input_target_or_variant_overlap_with_benchmark,wiktionary,747,lexicon,гъо,"time ; (of an animal that has hair) red-haired, red-headed",noun,гъо | гъоуыу | гъохэм | гъохэ | гъоуэм | гъоуэхэмэ | гъом | гъоуэхэр | гъоухыу | гъоуэкӏэ | гъохэр | гъохыу | гъоуэхэм | гъоуэхэ | гъохэкӏэ | гъоуэ | гъоуэр | гъор | гъокӏэ | гъохэмэ | гъоуэхэкӏэ | гъоу,accepted
wiktionary-00748,train,true,,wiktionary,748,lexicon,гъогогъу,fellow traveler ; time; instance,noun,гъогогъу | гъогогъуэхэкӏэ | гъогогъуэм | гъогогъуэхэм | гъогогъуэкӏэ | гъогогъуыу | гъогогъуэ | гъогогъуэхэр | гъогогъуэр | гъогогъуэхэ | гъогогъухыу | гъогогъуэхэмэ,accepted
wiktionary-00749,test,true,,wiktionary,749,lexicon,гъогу,road ; path,noun,гъогу | гъогухыу | гъогуэхэкӏэ | гъогуэхэм | гъогуэм | гъогуэхэ | гъогуэхэр | гъогуэ | гъогуыу | гъогуэкӏэ | гъогуэр | гъогуэхэмэ,accepted
wiktionary-00750,train,true,,wiktionary,750,lexicon,гъогу маф,have a nice day,intj,гъогу маф,accepted
wiktionary-00751,train,true,,wiktionary,751,lexicon,гъогумаф,have a nice day ; have a nice trip,intj,гъогумаф,accepted
wiktionary-00752,train,true,,wiktionary,752,lexicon,гъогуонэкӏуныр,journey,noun,гъогуонэкӏуныр,accepted
wiktionary-00753,validation,true,,wiktionary,753,lexicon,гъогурыгъуазэ,travel guide,noun,гъогурыгъуазэ | гъогурыгъуазэм | гъогурыгъуазэкӏэ | гъогурыгъуазэхэм | гъогурыгъуазэу | гъогурыгъуазэхыу | гъогурыгъуазэр | гъогурыгъуазэхэмэ | гъогурыгъуазэхэ | гъогурыгъуазэхэкӏэ | гъогурыгъуазэхэр,accepted
wiktionary-00754,train,true,,wiktionary,754,lexicon,гъогъон,to thunder (to make a noise like thunder) ; to rattle (to make a rattling noise) ; (Kfar Kama dialect) to bark,verb,гъогъон,accepted
wiktionary-00755,train,true,,wiktionary,755,lexicon,гъогын,"to roar, to growl",noun,гъогын,accepted
wiktionary-00756,excluded_benchmark_overlap,false,exact_normalized_input_target_or_variant_overlap_with_benchmark,wiktionary,756,lexicon,гъожьы,yellow ; yellow color,adj | noun,гъожьы,accepted
wiktionary-00757,train,true,,wiktionary,757,lexicon,гъожьыплъыжь,orange ; orange,adj | noun,гъожьыплъыжь | гъожьыплъыжьхэмэ | гъожьыплъыжьхэм | гъожьыплъыжьхэкӏэ | гъожьыплъыжьр | гъожьыплъыжькӏэ | гъожьыплъыжьу | гъожьыплъыжьхэр | гъожьыплъыжьм | гъожьыплъыжьмкӏэ | гъожьыплъыжьхыу,accepted
wiktionary-00758,train,true,,wiktionary,758,lexicon,гъожьышэплъ,orange ; orange,adj | noun,гъожьышэплъ | гъожьышэплъэ | гъожьышэплъэм | гъожьышэплъэкӏэ | гъожьышэплъыу | гъожьышэплъэхэм | гъожьышэплъэхэмэ | гъожьышэплъэхэкӏэ | гъожьышэплъэхэр | гъожьышэплъэр | гъожьышэплъэхыу | гъожьышэплъэхэ,accepted
wiktionary-00759,train,true,,wiktionary,759,lexicon,гъоз,steam,noun,гъоз,accepted
wiktionary-00760,train,true,,wiktionary,760,lexicon,гъозадж,lost,adj,гъозадж,accepted
wiktionary-00761,excluded_benchmark_overlap,false,exact_normalized_input_target_or_variant_overlap_with_benchmark,wiktionary,761,lexicon,гъозалъ,conscience,verb,гъозалъ,accepted
wiktionary-00762,train,true,,wiktionary,762,lexicon,гъозыпс,soda,noun,гъозыпс,accepted
wiktionary-00763,train,true,,wiktionary,763,lexicon,гъозышъу,misty,adj,гъозышъу,accepted
wiktionary-00764,train,true,,wiktionary,764,lexicon,гъозэн,"to lead, to be the leader (of)",verb,гъозэн,accepted
wiktionary-00765,test,true,,wiktionary,765,lexicon,гъозэнэфы,traffic light,noun,гъозэнэфы,accepted
wiktionary-00766,validation,true,,wiktionary,766,lexicon,гъойщай,lightly ill; lightly sick; unwell,adj,гъойщай,accepted
wiktionary-00767,train,true,,wiktionary,767,lexicon,гъойщэен,to become unwell; to become slightly ill,verb,гъойщэен,accepted
wiktionary-00768,train,true,,wiktionary,768,lexicon,гъолъын,to lie down,verb,гъолъын | мэгъолъын,accepted
wiktionary-00769,train,true,,wiktionary,769,lexicon,гъолъыпӏэ,bed ; bedroom ; couch,noun,гъолъыпӏэ,accepted
wiktionary-00770,train,true,,wiktionary,770,lexicon,гъомыл,food,noun,гъомыл,accepted
wiktionary-00771,train,true,,wiktionary,771,lexicon,гъомылапхъэ,food products ; nutritional material ; foodstuffs,noun,гъомылапхъэ | гъомылапхъэхэм | гъомылапхъэм | гъомылапхъэхэкӏэ | гъомылапхъэхэмэ | гъомылапхъэхэр | гъомылапхъэр | гъомылапхъэхыу | гъомылапхъэкӏэ | гъомылапхъэу | гъомылапхъэхэ,accepted
wiktionary-00772,train,true,,wiktionary,772,lexicon,гъомэ ӏэшӏу,great smell,noun,гъомэ ӏэшӏу,accepted
wiktionary-00773,train,true,,wiktionary,773,lexicon,гъонлагъэ,"skinny, slim (generally beyond what looks beautiful)",adj,гъонлагъэ | гъолагъ | гъолагъэ | гъолагъу,accepted
wiktionary-00774,train,true,,wiktionary,774,lexicon,гъончэдж,pants,noun,гъончэдж | гъончэджэхэкӏэ | гъошэгьэхэкӏэ | гъошэгь | гъончэджэхэ | гъончэджэхэмэ | гъончэджэхэр | гъончэджэкӏэ | гъончэджэхыу | гъошэгьэхыу | гъончэджэм | гъошэгьэ | гъончэджэхэм | гъошэгьэхэмэ | гъончэджэ | гъончэджэр | гъончэджыу | гъошэгьэм | гъошэгьэхэр | гъошэгьэхэм | гъошэгьэкӏэ | гъошэгьэр | гъошэгьэхэ | гъошэгьыу,accepted
wiktionary-00775,test,true,,wiktionary,775,lexicon,гъончэдж чӏэгъычӏэлъ,underwear,noun,гъончэдж чӏэгъычӏэлъ | гъончэдж чӏэгъычӏэлъэм | гъошэгь чӏэгъычӏэлъэхэкӏэ | гъошэгь чӏэгъычӏэлъэхэр | гъошэгь чӏэгъычӏэлъэм | гъончэдж чӏэгъычӏэлъэхэкӏэ | гъончэдж чӏэгъычӏэлъэкӏэ | гъончэдж чӏэгъычӏэлъэхэмэ | гъошэгь чӏэгъычӏэлъэкӏэ | гъошэгь чӏэгъычӏэлъэхэмэ | гъошэгь чӏэгъычӏэлъыу | гъончэдж чӏэгъычӏэлъэхэм | гъошэгь чӏэгъычӏэлъэр | гъошэгь чӏэгъычӏэлъэ | гъончэдж чӏэгъычӏэлъэ | гъошэгь чӏэгъычӏэлъэхэ | гъошэгь чӏэгъычӏэлъэхэм | гъончэдж чӏэгъычӏэлъэхэ | гъончэдж чӏэгъычӏэлъэхэр | гъошэгь чӏэгъычӏэлъэхыу | гъончэдж чӏэгъычӏэлъэхыу | гъошэгь чӏэгъычӏэлъ | гъончэдж чӏэгъычӏэлъыу | гъончэдж чӏэгъычӏэлъэр,accepted
wiktionary-00776,train,true,,wiktionary,776,lexicon,гъоплъашъу,brass color,adj,гъоплъашъу | гъоплъашъухыу | гъоплъашъуэхэм | гъоплъашъуэкӏэ | гъоплъашъуэхэкӏэ | гъоплъашъуэхэмэ | гъоплъашъуэм | гъоплъашъуэхэ | гъоплъашъуэр | гъоплъашъуыу | гъоплъашъуэхэр | гъоплъашъуэ,accepted
wiktionary-00777,train,true,,wiktionary,777,lexicon,гъоплъышъо,brass ; color of copper,adj,гъоплъышъо | гъоплъашъоэм | гъоплъышъоэм | гъоплъышъоэхэм | гъоплъашъоэхэм | гъоплъышъоыу | гъоплъашъохыу | гъоплъышъоэхэкӏэ | гъоплъышъоэкӏэ | гъоплъышъоэхэ | гъоплъашъоэхэкӏэ | гъоплъашъоэкӏэ | гъоплъашъоыу | гъоплъашъоэ | гъоплъышъоэ | гъоплъышъоэхэр | гъоплъышъоэр | гъоплъашъоэр | гъоплъышъоэхэмэ | гъоплъашъоэхэ | гъоплъашъоэхэр | гъоплъышъохыу | гъоплъашъоэхэмэ | гъоплъашъо,accepted
wiktionary-00778,train,true,,wiktionary,778,lexicon,гъопэкӏаку,short-sleeved shirt,noun,гъопэкӏаку | гъопэкӏьакуэр | гъопэкӏьакуэхэр | гъопэкӏьакуэм | гъопэкӏакуэхэр | гъопэкӏьакуэхэ | гъопэкӏакуэ | гъопэкӏакуэхэкӏэ | гъопэкӏьакуэкӏэ | гъопэкӏакуэм | гъопэкӏьакуэхэм | гъопэкӏакуэкӏэ | гъопэкӏьакуэ | гъопэкӏьакуэхэкӏэ | гъопэкӏакуэхэм | гъопэкӏьакуэхэмэ | гъопэкӏьаку | гъопэкӏакуэхэмэ | гъопэкӏьакухыу | гъопэкӏьакуыу | гъопэкӏакуэхэ | гъопэкӏакухыу | гъопэкӏакуэр | гъопэкӏакуыу,accepted
wiktionary-00779,validation,true,,wiktionary,779,lexicon,гъопэкӏэхь,long-sleeved shirt,noun,гъопэкӏэхь | гъопэкӏэхьэхыу | гъопэкӏэхьэкӏэ | гъопэкӏьэхьэхэмэ | гъопэкӏэхьэр | гъопэкӏьэхьэхэм | гъопэкӏэхьэм | гъопэкӏьэхьэкӏэ | гъопэкӏэхьэхэм | гъопэкӏьэхьэм | гъопэкӏьэхьэ | гъопэкӏьэхьэхэкӏэ | гъопэкӏэхьэхэмэ | гъопэкӏьэхьэхыу | гъопэкӏэхьэхэр | гъопэкӏьэхьыу | гъопэкӏьэхь | гъопэкӏьэхьэр | гъопэкӏэхьэхэ | гъопэкӏэхьыу | гъопэкӏьэхьэхэ | гъопэкӏэхьэ | гъопэкӏэхьэхэкӏэ | гъопэкӏьэхьэхэр,accepted
wiktionary-00780,train,true,,wiktionary,780,lexicon,гъотын,to find,verb,гъотын,accepted
wiktionary-00781,train,true,,wiktionary,781,lexicon,гъоу,herald,noun,гъоу | гъоуэр | гъоуыу | гъоуэхэм | гъоуэм | гъоуэхэр | гъоуэхэмэ | гъоуэхэ | гъоухыу | гъоуэкӏэ | гъоуэхэкӏэ | гъоуэ,accepted
wiktionary-00782,train,true,,wiktionary,782,lexicon,гъофы,brass,noun,гъофы,accepted
wiktionary-00783,train,true,,wiktionary,783,lexicon,гъочӏэгъ,cave,noun,гъочӏэгъ,accepted
wiktionary-00784,validation,true,,wiktionary,784,lexicon,гъощэн,"to lose one's way, to go astray, to get lost (by going the wrong way)",verb,гъощэн,accepted
wiktionary-00785,excluded_benchmark_overlap,false,exact_normalized_input_target_or_variant_overlap_with_benchmark,wiktionary,785,lexicon,гъу,burrow,noun,гъу | гъухэмэ | гъумкӏэ | гъухэм | гъуу | гъухэкӏэ | гъухэр | гъур | гъукӏэ | гъухыу | гъум,accepted
wiktionary-00786,validation,true,,wiktionary,786,lexicon,гъуазэ,guide,noun,гъуазэ | гъуазэхэм | гъуазэу | гъуазэхыу | гъуазэхэ | гъуазэм | гъуазэр | гъуазэкӏэ | гъуазэхэкӏэ | гъуазэхэмэ | гъуазэхэр,accepted
wiktionary-00787,train,true,,wiktionary,787,lexicon,гъуамэ,smell,noun,гъуамэ | гъуамэм | гъуамэу | гъуамэхэр | гъуамэр | гъуамэхэкӏэ | гъуамэхэм | гъуамэхэ | гъуамэкӏэ | гъуамэхэмэ | гъуамэхыу,accepted
wiktionary-00788,train,true,,wiktionary,788,lexicon,гъуанэ,hole,noun,гъуанэ,accepted
wiktionary-00789,train,true,,wiktionary,789,lexicon,гъуаплъэ,copper,noun,гъуаплъэ | гъуаплъэхэ | гъуаплъэхэкӏэ | гъуаплъэхыу | гъуаплъэкӏэ | гъуаплъэм | гъуаплъэхэр | гъуаплъэу | гъуаплъэхэм | гъуаплъэр | гъуаплъэхэмэ,accepted
wiktionary-00790,test,true,,wiktionary,790,lexicon,гъуапэ,sleeve,noun,гъуапэ | гъуапэкӏэ | гъуапэу | гъуапэхэмэ | гъуапэр | гъуапэхэр | гъуапэм | гъуапэхэм | гъуапэхэкӏэ | гъуапэхыу | гъуапэхэ,accepted
wiktionary-00791,train,true,,wiktionary,791,lexicon,гъубдж,Tuesday,noun,гъубдж | гъубджэхэкӏэ | гъубджэхэр | гъубджэ | гъубджэм | гъубджэхэ | гъубджэкӏэ | гъубджэхыу | гъубджэхэмэ | гъубджэхэм | гъубджыу | гъубджэр,accepted
wiktionary-00792,excluded_benchmark_overlap,false,exact_normalized_input_target_or_variant_overlap_with_benchmark,wiktionary,792,lexicon,гъугъэ,dry (plants; food),adj,гъугъэ | гъугъэхэм | гъугъэхэ | гъугъэхэр | гъугъэхэмэ | гъугъэм | гъугъэр | гъугъэу | гъугъэкӏэ | гъугъэхэкӏэ | гъугъэхыу,accepted
wiktionary-00793,train,true,,wiktionary,793,lexicon,гъукӏэ,blacksmith,noun,гъукӏэ | гъукӏэхэкӏэ | гъукӏэу | гъукӏэр | гъукӏэхэм | гъукӏэхыу | гъукӏэкӏэ | гъукӏэхэ | гъукӏэхэр | гъукӏэм | гъукӏэхэмэ,accepted
wiktionary-00794,validation,true,,wiktionary,794,lexicon,гъумы,thick ; pregnant,adj,гъумы,accepted
wiktionary-00795,train,true,,wiktionary,795,lexicon,гъумы-тӏымын,"to mutter, to mumble",verb,гъумы-тӏымын,accepted
wiktionary-00796,train,true,,wiktionary,796,lexicon,гъун,to be dehydrate; to dry out,verb,гъун | мэгъун,accepted
wiktionary-00797,train,true,,wiktionary,797,lexicon,гъунапкъэ,"border ; boundary, border, borderline, frontier (the line or frontier area separating regions)",noun,гъунапкъэ | гъунапкъэм | гъунапкъэхэмэ | гъунапкъэу | гъунапкъэхыу | гъунапкъэр | гъунапкъэхэр | гъунапкъэхэм | гъунапкъэкӏэ | гъунапкъэхэ | гъунапкъэхэкӏэ,accepted
wiktionary-00798,train,true,,wiktionary,798,lexicon,гъунд,gadfly,noun,гъунд | гъундэр | гъундэм | гъундэхэмэ | гъундэхэ | гъундэхэкӏэ | гъундэхэм | гъундэкӏэ | гъундэхэр | гъундэ | гъундэхыу | гъундыу,accepted
wiktionary-00799,train,true,,wiktionary,799,lexicon,гъунджэ,mirror,noun,гъунджэ | гъунгьэу | гъургьэ | гъунгьэхэм | гъунджэхыу | гъунджэхэ | гъунгьэм | гъунгьэхэ | гъургьэхэр | гъургьэу | гъунгьэкӏэ | гъунгьэ | гъунджэу | гъунгьэхэмэ | гъургьэхэкӏэ | гъургьэхэмэ | гъургьэхэм | гъунгьэхэр | гъунгьэр | гъунгьэхэкӏэ | гъунджэм | гъунджэкӏэ | гъургьэр | гъургьэхэ | гъунджэхэмэ | гъунджэр | гъунджэхэм | гъунджэхэкӏэ | гъургьэм | гъунджэхэр | гъунгьэхыу | гъургьэкӏэ | гъургьэхыу,accepted
wiktionary-00800,train,true,,wiktionary,800,lexicon,гъунэ,"border, edge, brink, brim, fringe ; outskirts (the edges or areas around a city or town) ; end",noun,гъунэ | гъунэхэм | гъунэхыу | гъунэм | гъунэхэр | гъунэу | гъунэкӏэ | гъунэхэкӏэ | гъунэр | гъунэхэ | гъунэхэмэ,accepted
wiktionary-00801,train,true,,wiktionary,801,lexicon,гъунэгъу,neighbor,noun,гъунэгъу | гъунэгъуыу | гъунэгъуэкӏэ | гъунэгъуэхэр | гъунэгъуэм | гъунэгъуэхэ | гъунэгъуэ | гъунэгъуэхэкӏэ | гъунэгъуэхэм | гъунэгъухыу | гъунэгъуэр | гъунэгъуэхэмэ,accepted
wiktionary-00802,validation,true,,wiktionary,802,lexicon,гъунэфын,to ask a girl's parent for permission to merry her,verb,гъунэфын,accepted
wiktionary-00803,train,true,,wiktionary,803,lexicon,гъупчъ,sickle,noun,гъупчъ | гъупчъэхэмэ | гъупчъэ | гъупчъэхэ | гъупчъэм | гъупчъыу | гъупчъэхэкӏэ | гъупчъэхэм | гъупчъэр | гъупчъэхыу | гъупчъэхэр | гъупчъэкӏэ,accepted
wiktionary-00804,train,true,,wiktionary,804,lexicon,гъурз,anchor,noun,гъурз,accepted
wiktionary-00805,train,true,,wiktionary,805,lexicon,гъуркӏ,severe frost; hard frost; sharp frost; biting frost,noun,гъуркӏ,accepted
wiktionary-00806,train,true,,wiktionary,806,lexicon,гъусэ,"(Kfar Kama dialect) friend ; associate ; comrade ; teammate, one that is in the same group or team. ; companion, fellow, accompanier, one that is following or accompanying (for example fellow traveller) ; partner",noun,гъусэ | гъусэхэмэ | гъусэхэ | гъусэу | гъусэм | гъусэхэкӏэ | гъусэр | гъусэкӏэ | гъусэхыу | гъусэхэр | гъусэхэм,accepted
wiktionary-00807,train,true,,wiktionary,807,lexicon,гъусэ кӏалэ,boyfriend,noun,гъусэ кӏалэ | гъусэ кӏалэм | кӏэлэ гъусэ | кӏэлэ гъусэхэр | кӏэлэ гъусэм | кӏэлэ гъусэкӏэ | гъусэ кӏалэу | кӏэлэ гъусэхэкӏэ | гъусэ кӏалэхэм | гъусэ кӏалэр | гъусэ кӏалэкӏэ | кӏэлэ гъусэхэмэ | кӏэлэ гъусэу | гъусэ кӏалэхэр | гъусэ кӏалэхэмэ | кӏэлэ гъусэр | кӏэлэ гъусэхэм | гъусэ кӏалэхыу | гъусэ кӏалэхэкӏэ | гъусэ кӏалэхэ | кӏэлэ гъусэхэ | кӏэлэ гъусэхыу,accepted
wiktionary-00808,test,true,,wiktionary,808,lexicon,гъусэ пшъашъэ,girlfriend,noun,гъусэ пшъашъэ | гъусэ пшъашъэм | пшъэшъэ гъусэхэкӏэ | гъусэ пшъашъэкӏэ | гъусэ пшъашъэхэм | пшъэшъэ гъусэкӏэ | пшъэшъэ гъусэм | гъусэ пшъашъэр | гъусэ пшъашъэхэкӏэ | пшъэшъэ гъусэр | гъусэ пшъашъэхыу | гъусэ пшъашъэхэмэ | гъусэ пшъашъэхэ | пшъэшъэ гъусэхэр | гъусэ пшъашъэхэр | гъусэ пшъашъэу | пшъэшъэ гъусэхэмэ | пшъэшъэ гъусэхэм | пшъэшъэ гъусэу | пшъэшъэ гъусэхэ | пшъэшъэ гъусэхыу | пшъэшъэ гъусэ,accepted
wiktionary-00809,train,true,,wiktionary,809,lexicon,гъусэн,"to be with, to be associate with someone",verb,гъусэн,accepted
wiktionary-00810,test,true,,wiktionary,810,lexicon,гъутхьан,to urinate; to piss,verb,гъутхьан,accepted
wiktionary-00811,train,true,,wiktionary,811,lexicon,гъутхьэпс,"urine, piss",noun,гъутхьэпс | гъутхьэпсэкӏэ | гъутхьэпсэм | гъутхьэпсэр | гъутхьэпсэхэ | гъутхьэпсэ | гъутхьэпсэхэм | гъутхьэпсэхэкӏэ | гъутхьэпсэхэмэ | гъутхьэпсэхэр | гъутхьэпсэхыу | гъутхьэпсыу,accepted
wiktionary-00812,train,true,,wiktionary,812,lexicon,гъучӏы,iron,noun,гъучӏы | гъучӏыхэм | гъучӏым | гъучӏыхэмэ | гъучӏыхэкӏэ | гъучӏыхэр | гъучӏыу | гъучӏыкӏэ | гъучӏыр | гъучӏыхыу,accepted
wiktionary-00813,train,true,,wiktionary,813,lexicon,гъучӏыбзыу,airplane,noun,гъучӏыбзыу,accepted
wiktionary-00814,test,true,,wiktionary,814,lexicon,гъучӏынэ,wire,noun,гъучӏынэ | гъучӏынэхэкӏэ | гъучӏынэкӏэ | гъучӏынэхэмэ | гъучӏынэхэм | гъучӏынэхэр | гъучӏынэм | гъучӏынэр | гъучӏынэхыу | гъучӏынэу | гъучӏынэхэ,accepted
wiktionary-00815,test,true,,wiktionary,815,lexicon,гъучӏыӏунэ,nail,noun,гъучӏыӏунэ | гъучӏыӏунэкӏэ | гъучӏыӏунэу | гъучӏӏунэ | гъучӏыӏунэхэм | гъучӏыӏунэм | гъучӏӏунэу | гъучӏӏунэм | гъучӏыӏунэр | гъучӏӏунэкӏэ | гъучӏыӏунэхыу | гъучӏӏунэхэм | гъучӏыӏунэхэкӏэ | гъучӏыӏунэхэр | гъучӏӏунэр | гъучӏыӏунэхэмэ | гъучӏӏунэхэ | гъучӏӏунэхыу | гъучӏыӏунэхэ | гъучӏӏунэхэмэ | гъучӏӏунэхэкӏэ | гъучӏӏунэхэр,accepted
wiktionary-00816,test,true,,wiktionary,816,lexicon,гъушъы,dry,adj,гъушъы,accepted
wiktionary-00817,train,true,,wiktionary,817,lexicon,гъушъын,"to dry (something that should not be wet such as clothes, roads, body parts); to dry up",verb,гъушъын | мэгъушъын,accepted
wiktionary-00818,excluded_benchmark_overlap,false,exact_normalized_input_target_or_variant_overlap_with_benchmark,wiktionary,818,lexicon,гъы,cry,noun,гъы,accepted
wiktionary-00819,validation,true,,wiktionary,819,lexicon,гъыбзэ,"lament (A song expressing grief), a poem of lament, a song of lament",noun,гъыбзэ,accepted
wiktionary-00820,validation,true,,wiktionary,820,lexicon,гъымакъэ,cry noise,noun,гъымакъэ,accepted
wiktionary-00821,train,true,,wiktionary,821,lexicon,гъын,to cry,verb,гъын | мэгъын,accepted
wiktionary-00822,test,true,,wiktionary,822,lexicon,гъынэнэн,"to whinge, to whine",verb,гъынэнэн | мэгънэнэн,accepted
wiktionary-00823,train,true,,wiktionary,823,lexicon,гъычгъэ,laundry,noun,гъычгъэ | гъычгъэхэр | гъычгъэхэмэ | гъычгъэхэм | гъычгъэм | гъычгъэхэ | гъычгъэр | гъычгъэхэкӏэ | гъычгъэкӏэ | гъычгъэхыу | гъычгъэу,accepted
wiktionary-00824,excluded_benchmark_overlap,false,exact_normalized_input_target_or_variant_overlap_with_benchmark,wiktionary,824,lexicon,гъэ,year,noun,гъэ | гъэр | гъэм | гъэхэр | гъэхэм | гъэхэкӏэ | гъэу | гъэхэмэ | гъэхэ | гъэкӏэ | гъэхыу,accepted
wiktionary-00825,train,true,,wiktionary,825,lexicon,гъэбылъын,to hide,verb,гъэбылъын | шъугъэбылъэгъ | тагъэбылъэгъ | ткъэбгъэбылъыщт | угъэбылъэгъ | сэгъэбылъы | уигъэбылъэгъ | зэбгъэбылъыщт | ягъэбылъы | сыгъэбылъыщт | шъугъэбылъыщт | шъуагъэбылъыщт | шъуигъэбылъэгъ | скъэбгъэбылъэгъ | сыгъэбылъыгъэх | тигъэбылъэгъ | огъэбылъых | угъэбылъыщт | игъэбылъыгъэх | тыгъэбылъэгъ | шъогъэбылъы | уигъэбылъыщт | тзгъэбылъэгъ | ягъэбылъыгъэх | уагъэбылъыщт | сагъэбылъэгъ | ткъэбгъэбылъэгъ | игъэбылъэгъ | зэшъогъэбылъэгъ | шъуигъэбылъыщт | скъэбгъэбылъыщт | ягъэбылъых | шъусгъэбылъэгъ | ягъэбылъыщтых | тегъэбылъы | сэшъогъэбылъы | шъуегъэбылъы | ткъэбэгъэбылъы | зэсэгъэбылъэгъ | сыгъэбылъыщтых | огъэбылъы | осэгъэбылъы | тигъэбылъыщт | шъутгъэбылъэгъ | тышъугъэбылъэгъ | зэтэгъэбылъы | сышъугъэбылъыщт | утгъэбылъэгъ | уагъэбылъы | зэбэгъэбылъы | тышъугъэбылъыщт | тагъэбылъы | усгъэбылъэгъ | зэшъогъэбылъы | егъэбылъых | шъугъэбылъыгъэх | зэшъогъэбылъыщт | сышъугъэбылъэгъ | сагъэбылъы | шъусгъэбылъыщт | шъутгъэбылъыщт | сагъэбылъыщт | утгъэбылъыщт | зэбгъэбылъэгъ | егъэбылъы | сегъэбылъы | сигъэбылъыщт | игъэбылъыщт | тзгъэбылъыщт | тыгъэбылъыщт | тэшъогъэбылъы | угъэбылъыщтых | шъогъэбылъых | тагъэбылъыщт | зэсэгъэбылъы | шъугъэбылъы | сэгъэбылъых | ягъэбылъыщт | тэгъэбылъых | уагъэбылъэгъ | тэгъэбылъы | отэгъэбылъы | скъэбэгъэбылъы | тыгъэбылъыщтых | сыгъэбылъэгъ | сигъэбылъэгъ | зэсэгъэбылъыщт | шъосэгъэбылъы | ягъэбылъэгъ | уегъэбылъы | усгъэбылъыщт | шъотэгъэбылъы | тыгъэбылъыгъэх | угъэбылъыгъ,accepted
wiktionary-00826,train,true,,wiktionary,826,lexicon,гъэбыяун,"to calm, to quiet, to soothe",verb,гъэбыяун,accepted
wiktionary-00827,train,true,,wiktionary,827,lexicon,гъэбэдзэжьын,to exceed in what oneself is doing,verb,гъэбэдзэжьын,accepted
wiktionary-00828,train,true,,wiktionary,828,lexicon,гъэгожъын,to make someone sad,verb,гъэгожъын,accepted
wiktionary-00829,train,true,,wiktionary,829,lexicon,гъэгоӏэн,to make someone worry,verb,гъэгоӏэн | огъэгоӏэх | шъуегъэгоӏэ | тигъэгоӏагъ | тэшъогъэгоӏэ | зэбгъэгоӏагъ | зэсэгъэгоӏэ | усгъэгоӏэщт | шъутгъэгоӏэщт | сэгъэгоӏэ | ягъэгоӏэ | шъотэгъэгоӏэ | ягъэгоӏэщтых | угъэгоӏагъ | скъэбэгъэгоӏэ | отэгъэгоӏэ | тегъэгоӏэ | ткъэбэгъэгоӏэ | уигъэгоӏэщт | шъугъэгоӏагъ | ягъэгоӏагъ | сыгъэгоӏэгъэх | тагъэгоӏагъ | шъуагъэгоӏэщт | игъэгоӏэгъэх | сыгъэгоӏэщтых | тыгъэгоӏэщт | егъэгоӏэ | ягъэгоӏэх | тзгъэгоӏэщт | тигъэгоӏэщт | сэшъогъэгоӏэ | зэбгъэгоӏэщт | сышъугъэгоӏэщт | шъосэгъэгоӏэ | шъогъэгоӏэх | сегъэгоӏэ | зэсэгъэгоӏагъ | шъутгъэгоӏагъ | угъэгоӏэгъ | утгъэгоӏагъ | зэбэгъэгоӏэ | зэтэгъэгоӏэ | тэгъэгоӏэ | тыгъэгоӏагъ | уагъэгоӏэщт | шъусгъэгоӏагъ | сагъэгоӏэщт | шъугъэгоӏэщт | зэсэгъэгоӏэщт | игъэгоӏэщт | сагъэгоӏэ | тышъугъэгоӏагъ | шъугъэгоӏэгъэх | скъэбгъэгоӏэщт | скъэбгъэгоӏагъ | тагъэгоӏэщт | ягъэгоӏэгъэх | егъэгоӏэх | шъуигъэгоӏагъ | тыгъэгоӏэщтых | игъэгоӏагъ | сэгъэгоӏэх | ягъэгоӏэщт | угъэгоӏэщт | шъогъэгоӏэ | угъэгоӏэщтых | огъэгоӏэ | уагъэгоӏэ | сагъэгоӏагъ | тышъугъэгоӏэщт | сигъэгоӏэщт | шъугъэгоӏэ | тыгъэгоӏэгъэх | утгъэгоӏэщт | шъуигъэгоӏэщт | шъусгъэгоӏэщт | усгъэгоӏагъ | зэшъогъэгоӏагъ | уагъэгоӏагъ | тзгъэгоӏагъ | уегъэгоӏэ | сыгъэгоӏэщт | сигъэгоӏагъ | уигъэгоӏагъ | сышъугъэгоӏагъ | зэшъогъэгоӏэ | тэгъэгоӏэх | зэшъогъэгоӏэщт | сыгъэгоӏагъ | тагъэгоӏэ | ткъэбгъэгоӏагъ | ткъэбгъэгоӏэщт | осэгъэгоӏэ,accepted
wiktionary-00830,train,true,,wiktionary,830,lexicon,гъэгубжын,to make someone angry or mad,verb,гъэгубжын | тигъэгубжэгъ | сэгъэгубжых | уагъэгубжэгъ | сышъугъэгубжэгъ | угъэгубжыщтых | зэсэгъэгубжыщт | сэшъогъэгубжы | тагъэгубжыщт | шъотэгъэгубжы | ягъэгубжыщт | уагъэгубжыщт | ткъэбгъэгубжыщт | ягъэгубжыщтых | зэсэгъэгубжэгъ | зэшъогъэгубжэгъ | тыгъэгубжыщт | шъуагъэгубжыщт | сыгъэгубжыщтых | сагъэгубжы | тегъэгубжы | сегъэгубжы | тыгъэгубжыщтых | уигъэгубжэгъ | тигъэгубжыщт | зэтэгъэгубжы | осэгъэгубжы | угъэгубжэгъ | шъуигъэгубжыщт | тэгъэгубжы | шъусгъэгубжыщт | ткъэбэгъэгубжы | сыгъэгубжыщт | усгъэгубжэгъ | игъэгубжыгъэх | тагъэгубжы | тыгъэгубжыгъэх | уегъэгубжы | утгъэгубжэгъ | шъусгъэгубжэгъ | зэбгъэгубжэгъ | отэгъэгубжы | огъэгубжы | тышъугъэгубжыщт | уигъэгубжыщт | зэсэгъэгубжы | скъэбгъэгубжыщт | сыгъэгубжэгъ | зэшъогъэгубжы | зэшъогъэгубжыщт | сигъэгубжыщт | тагъэгубжэгъ | угъэгубжыщт | сышъугъэгубжыщт | уагъэгубжы | утгъэгубжыщт | зэбгъэгубжыщт | сагъэгубжэгъ | тыгъэгубжэгъ | скъэбгъэгубжэгъ | ягъэгубжыгъэх | ткъэбгъэгубжэгъ | шъуегъэгубжы | шъугъэгубжыгъэх | усгъэгубжыщт | егъэгубжых | угъэгубжыгъ | шъогъэгубжы | зэбэгъэгубжы | сыгъэгубжыгъэх | егъэгубжы | сигъэгубжэгъ | ягъэгубжэгъ | тэгъэгубжых | ягъэгубжы | ягъэгубжых | шъугъэгубжыщт | шъутгъэгубжэгъ | сагъэгубжыщт | огъэгубжых | шъуигъэгубжэгъ | сэгъэгубжы | шъогъэгубжых | шъосэгъэгубжы | тзгъэгубжэгъ | шъугъэгубжы | тзгъэгубжыщт | шъутгъэгубжыщт | тышъугъэгубжэгъ | игъэгубжэгъ | игъэгубжыщт | скъэбэгъэгубжы | тэшъогъэгубжы | шъугъэгубжэгъ,accepted
wiktionary-00831,train,true,,wiktionary,831,lexicon,гъэгумэкӏын,to affect deeply ; to make someone worry,verb,гъэгумэкӏын | угъэгумэкӏыщтых | шъусгъэгумэкӏэгъ | игъэгумэкӏыщт | зэшъогъэгумэкӏыщт | сыгъэгумэкӏэгъ | огъэгумэкӏы | шъугъэгумэкӏыгъэх | тагъэгумэкӏыщт | ягъэгумэкӏы | тышъугъэгумэкӏыщт | тэгъэгумэкӏых | зэшъогъэгумэкӏэгъ | усгъэгумэкӏэгъ | шъугъэгумэкӏы | огъэгумэкӏых | шъогъэгумэкӏых | ягъэгумэкӏэгъ | шъотэгъэгумэкӏы | уагъэгумэкӏы | зэсэгъэгумэкӏы | зэсэгъэгумэкӏэгъ | тигъэгумэкӏэгъ | сегъэгумэкӏы | тагъэгумэкӏэгъ | скъэбэгъэгумэкӏы | уагъэгумэкӏыщт | шъогъэгумэкӏы | тагъэгумэкӏы | зэбгъэгумэкӏыщт | ткъэбгъэгумэкӏэгъ | ткъэбгъэгумэкӏыщт | сэгъэгумэкӏы | зэбэгъэгумэкӏы | угъэгумэкӏыгъ | тзгъэгумэкӏыщт | игъэгумэкӏэгъ | ягъэгумэкӏыщт | егъэгумэкӏых | сэшъогъэгумэкӏы | шъусгъэгумэкӏыщт | ягъэгумэкӏыщтых | сагъэгумэкӏы | тегъэгумэкӏы | скъэбгъэгумэкӏыщт | сигъэгумэкӏэгъ | усгъэгумэкӏыщт | ткъэбэгъэгумэкӏы | егъэгумэкӏы | тэшъогъэгумэкӏы | скъэбгъэгумэкӏэгъ | тышъугъэгумэкӏэгъ | шъугъэгумэкӏэгъ | сыгъэгумэкӏыгъэх | сагъэгумэкӏыщт | шъуегъэгумэкӏы | шъуигъэгумэкӏыщт | тигъэгумэкӏыщт | уегъэгумэкӏы | зэшъогъэгумэкӏы | осэгъэгумэкӏы | ягъэгумэкӏых | игъэгумэкӏыгъэх | уигъэгумэкӏыщт | угъэгумэкӏыщт | шъуигъэгумэкӏэгъ | тыгъэгумэкӏыщтых | утгъэгумэкӏэгъ | утгъэгумэкӏыщт | угъэгумэкӏэгъ | сагъэгумэкӏэгъ | уагъэгумэкӏэгъ | шъугъэгумэкӏыщт | зэбгъэгумэкӏэгъ | уигъэгумэкӏэгъ | сыгъэгумэкӏыщтых | сэгъэгумэкӏых | сышъугъэгумэкӏыщт | ягъэгумэкӏыгъэх | шъутгъэгумэкӏэгъ | тыгъэгумэкӏэгъ | зэтэгъэгумэкӏы | сигъэгумэкӏыщт | тыгъэгумэкӏыщт | сыгъэгумэкӏыщт | шъутгъэгумэкӏыщт | шъуагъэгумэкӏыщт | сышъугъэгумэкӏэгъ | зэсэгъэгумэкӏыщт | шъосэгъэгумэкӏы | тыгъэгумэкӏыгъэх | тзгъэгумэкӏэгъ | отэгъэгумэкӏы | тэгъэгумэкӏы,accepted
wiktionary-00832,train,true,,wiktionary,832,lexicon,гъэгъун,"to dehydrate; to dry out; to remove water content from an object, plant or a living thing",verb,гъэгъун | ягъэгъущтых | сыгъэгъущтых | шъутгъэгъущт | тагъэгъу | скъэбгъэгъогъ | зэсэгъэгъу | угъэгъогъ | сагъэгъогъ | ткъэбэгъэгъу | игъэгъущт | ягъэгъух | тагъэгъущт | осэгъэгъу | сыгъэгъугъэх | зэшъогъэгъущт | шъугъэгъу | зэсэгъэгъущт | сигъэгъогъ | тыгъэгъугъэх | шъугъэгъущт | зэтэгъэгъу | угъэгъугъ | шъугъэгъугъэх | игъэгъогъ | тзгъэгъогъ | уигъэгъущт | тагъэгъогъ | тыгъэгъущт | уагъэгъущт | усгъэгъущт | усгъэгъогъ | сэшъогъэгъу | игъэгъугъэх | зэшъогъэгъогъ | шъусгъэгъущт | скъэбэгъэгъу | сэгъэгъух | тышъугъэгъогъ | утгъэгъущт | зэсэгъэгъогъ | огъэгъух | шъуагъэгъущт | ягъэгъущт | шъуигъэгъогъ | шъугъэгъогъ | тигъэгъущт | уегъэгъу | сыгъэгъогъ | шъутгъэгъогъ | огъэгъу | уагъэгъу | шъусгъэгъогъ | сэгъэгъу | тышъугъэгъущт | зэбгъэгъущт | зэбгъэгъогъ | шъогъэгъу | зэбэгъэгъу | зэшъогъэгъу | уигъэгъогъ | уагъэгъогъ | скъэбгъэгъущт | шъосэгъэгъу | егъэгъу | тыгъэгъущтых | ягъэгъу | шъогъэгъух | тэшъогъэгъу | сагъэгъу | отэгъэгъу | ягъэгъугъэх | сышъугъэгъущт | сегъэгъу | сыгъэгъущт | тегъэгъу | шъотэгъэгъу | угъэгъущт | сагъэгъущт | ткъэбгъэгъогъ | ягъэгъогъ | тэгъэгъу | тыгъэгъогъ | тзгъэгъущт | тигъэгъогъ | шъуигъэгъущт | сигъэгъущт | утгъэгъогъ | шъуегъэгъу | егъэгъух | тэгъэгъух | ткъэбгъэгъущт | сышъугъэгъогъ | угъэгъущтых,accepted
wiktionary-00833,train,true,,wiktionary,833,lexicon,гъэгъушъын,"to make something dry (something that should not be wet such as clothes, roads, body parts).",verb,гъэгъушъын,accepted
wiktionary-00834,train,true,,wiktionary,834,lexicon,гъэгъын,to make someone cry,verb,гъэгъын | сигъэгъэгъ | утгъэгъэгъ | шъутгъэгъэгъ | шъуагъэгъыщт | тигъэгъыщт | егъэгъы | сэгъэгъых | шъугъэгъэгъ | шъусгъэгъэгъ | зэтэгъэгъы | ткъэбгъэгъэгъ | сагъэгъы | шъутгъэгъыщт | сигъэгъыщт | шъуигъэгъэгъ | осэгъэгъы | тыгъэгъыщт | скъэбгъэгъэгъ | егъэгъых | утгъэгъыщт | шъогъэгъы | сэшъогъэгъы | уигъэгъыщт | тагъэгъы | ягъэгъы | тэгъэгъых | тыгъэгъыщтых | тагъэгъэгъ | угъэгъэгъ | тыгъэгъэгъ | сыгъэгъэгъ | тышъугъэгъыщт | зэсэгъэгъыщт | уагъэгъыщт | шъугъэгъыщт | шъосэгъэгъы | шъугъэгъы | зэшъогъэгъы | сыгъэгъыгъэх | огъэгъы | сегъэгъы | шъуегъэгъы | угъэгъыгъ | тзгъэгъэгъ | усгъэгъэгъ | угъэгъыщт | тэшъогъэгъы | сагъэгъыщт | ткъэбэгъэгъы | отэгъэгъы | уагъэгъэгъ | скъэбгъэгъыщт | сышъугъэгъэгъ | тагъэгъыщт | зэбэгъэгъы | зэшъогъэгъэгъ | зэбгъэгъэгъ | тыгъэгъыгъэх | сышъугъэгъыщт | шъотэгъэгъы | тышъугъэгъэгъ | огъэгъых | игъэгъэгъ | ягъэгъыгъэх | угъэгъыщтых | зэсэгъэгъы | тигъэгъэгъ | ягъэгъыщтых | игъэгъыщт | ягъэгъэгъ | сагъэгъэгъ | сыгъэгъыщтых | шъусгъэгъыщт | тзгъэгъыщт | зэбгъэгъыщт | игъэгъыгъэх | уагъэгъы | скъэбэгъэгъы | ткъэбгъэгъыщт | ягъэгъыщт | тэгъэгъы | уигъэгъэгъ | зэшъогъэгъыщт | сэгъэгъы | шъогъэгъых | сыгъэгъыщт | шъуигъэгъыщт | тегъэгъы | ягъэгъых | уегъэгъы | усгъэгъыщт | шъугъэгъыгъэх | зэсэгъэгъэгъ,accepted
wiktionary-00835,train,true,,wiktionary,835,lexicon,гъэгъэн,to bloom,verb,гъэгъэн | мэгъэгъэн,accepted
wiktionary-00836,train,true,,wiktionary,836,lexicon,гъэделэн,"to fool, to deceive",verb,гъэделэн | зэбгъэделагъ | зэбгъэделэщт | сышъугъэделагъ | сагъэделагъ | шъуигъэделэщт | сигъэделагъ | тагъэделагъ | уагъэделэ | ягъэделэх | шъотэгъэделэ | ягъэделагъ | игъэделэщт | угъэделагъ | шъугъэделэгъэх | угъэделэщтых | шъутгъэделагъ | шъугъэделагъ | осэгъэделэ | шъосэгъэделэ | тышъугъэделагъ | тигъэделэщт | сегъэделэ | уигъэделагъ | зэшъогъэделэщт | скъэбгъэделэщт | тыгъэделэщтых | утгъэделэщт | ткъэбгъэделэщт | уагъэделагъ | тагъэделэщт | ягъэделэщтых | огъэделэ | игъэделагъ | сыгъэделэщт | зэшъогъэделэ | зэсэгъэделэщт | шъутгъэделэщт | зэтэгъэделэ | ткъэбэгъэделэ | шъугъэделэ | зэсэгъэделагъ | сигъэделэщт | ткъэбгъэделагъ | сыгъэделагъ | шъуагъэделэщт | скъэбгъэделагъ | тагъэделэ | тэгъэделэ | тзгъэделэщт | зэбэгъэделэ | егъэделэ | сагъэделэщт | сышъугъэделэщт | шъусгъэделагъ | шъуегъэделэ | зэшъогъэделагъ | тзгъэделагъ | тегъэделэ | тигъэделагъ | уегъэделэ | уагъэделэщт | отэгъэделэ | тэгъэделэх | сэшъогъэделэ | сэгъэделэ | усгъэделагъ | тыгъэделэщт | тыгъэделэгъэх | угъэделэщт | зэсэгъэделэ | игъэделэгъэх | тыгъэделагъ | тышъугъэделэщт | шъусгъэделэщт | скъэбэгъэделэ | сэгъэделэх | шъугъэделэщт | угъэделэгъ | огъэделэх | усгъэделэщт | шъогъэделэ | утгъэделагъ | сагъэделэ | егъэделэх | тэшъогъэделэ | уигъэделэщт | сыгъэделэщтых | шъуигъэделагъ | шъогъэделэх | ягъэделэгъэх | ягъэделэщт | ягъэделэ | сыгъэделэгъэх,accepted
wiktionary-00837,train,true,,wiktionary,837,lexicon,гъэджыджэн,to roll,verb,гъэджыджэн | ягъэджыджэщтых | зэсэгъэджыджэщт | огъэджыджэ | тэшъогъэджыджэ | сыгъэджыджагъ | тзгъэджыджагъ | ягъэджыджэгъэх | зэбгъэджыджэщт | тзгъэджыджэщт | егъэджыджэ | шъусгъэджыджэщт | тышъугъэджыджэщт | скъэбгъэджыджагъ | шъусгъэджыджагъ | усгъэджыджэщт | ягъэджыджэ | уагъэджыджагъ | шъосэгъэджыджэ | зэсэгъэджыджэ | тыгъэджыджэщт | ягъэджыджагъ | сэшъогъэджыджэ | зэшъогъэджыджэщт | тыгъэджыджэгъэх | угъэджыджагъ | шъутгъэджыджэщт | уигъэджыджэщт | шъуигъэджыджагъ | шъугъэджыджагъ | угъэджыджэщтых | тыгъэджыджагъ | зэбэгъэджыджэ | сышъугъэджыджагъ | тыгъэджыджэщтых | тигъэджыджагъ | шъуегъэджыджэ | утгъэджыджэщт | шъуагъэджыджэщт | тагъэджыджэ | ягъэджыджэщт | сыгъэджыджэщтых | зэшъогъэджыджагъ | сигъэджыджагъ | тышъугъэджыджагъ | огъэджыджэх | сыгъэджыджэщт | сигъэджыджэщт | игъэджыджэщт | сагъэджыджэ | скъэбэгъэджыджэ | сэгъэджыджэх | усгъэджыджагъ | шъогъэджыджэ | шъугъэджыджэщт | сэгъэджыджэ | ткъэбгъэджыджэщт | тегъэджыджэ | скъэбгъэджыджэщт | шъогъэджыджэх | тэгъэджыджэ | уигъэджыджагъ | уагъэджыджэ | ткъэбгъэджыджагъ | угъэджыджэщт | шъугъэджыджэ | шъутгъэджыджагъ | зэсэгъэджыджагъ | игъэджыджагъ | тигъэджыджэщт | шъотэгъэджыджэ | уагъэджыджэщт | осэгъэджыджэ | угъэджыджэгъ | ягъэджыджэх | отэгъэджыджэ | сыгъэджыджэгъэх | игъэджыджэгъэх | уегъэджыджэ | зэтэгъэджыджэ | сагъэджыджагъ | тагъэджыджэщт | тагъэджыджагъ | сегъэджыджэ | зэбгъэджыджагъ | зэшъогъэджыджэ | сышъугъэджыджэщт | шъугъэджыджэгъэх | тэгъэджыджэх | сагъэджыджэщт | утгъэджыджагъ | шъуигъэджыджэщт | ткъэбэгъэджыджэ | егъэджыджэх,accepted
wiktionary-00838,validation,true,,wiktionary,838,lexicon,гъэдэӏон,to make someone listen to ; to make someone listen and obey to,verb,гъэдэӏон | тышъугъэдэӏуагъ | сигъэдэӏуагъ | шъутгъэдэӏуагъ | ягъэдаӏо | тэгъэдаӏох | зэсэгъэдэӏуагъ | уигъэдаӏощт | тэшъогъэдаӏо | ткъэбгъэдэӏуагъ | тыгъэдэӏуагъ | шъугъэдэӏуагъ | шъуагъэдаӏощт | тыгъэдаӏощт | тэгъэдаӏо | уагъэдэӏуагъ | зэбгъэдэӏуагъ | шъугъэдаӏогъэх | огъэдаӏо | сыгъэдаӏогъэх | усгъэдэӏуагъ | тзгъэдэӏуагъ | шъогъэдаӏох | сышъугъэдаӏощт | тагъэдаӏощт | шъусгъэдаӏощт | игъэдэӏуагъ | шъуигъэдэӏуагъ | ягъэдаӏох | сэгъэдаӏо | сэшъогъэдаӏо | сегъэдаӏо | тзгъэдаӏощт | тегъэдаӏо | шъуегъэдаӏо | тигъэдаӏощт | ягъэдаӏощт | сышъугъэдэӏуагъ | ткъэбэгъэдаӏо | тыгъэдаӏогъэх | уагъэдаӏо | тагъэдэӏуагъ | уигъэдэӏуагъ | уегъэдаӏо | шъогъэдаӏо | ягъэдаӏощтых | сигъэдаӏощт | зэбэгъэдаӏо | сэгъэдаӏох | сыгъэдэӏуагъ | осэгъэдаӏо | шъусгъэдэӏуагъ | зэсэгъэдаӏо | игъэдаӏогъэх | шъуигъэдаӏощт | отэгъэдаӏо | шъотэгъэдаӏо | угъэдаӏощтых | скъэбэгъэдаӏо | скъэбгъэдэӏуагъ | шъутгъэдаӏощт | тагъэдаӏо | шъугъэдаӏощт | зэшъогъэдаӏо | зэшъогъэдаӏощт | тышъугъэдаӏощт | зэшъогъэдэӏуагъ | игъэдаӏощт | сагъэдаӏо | зэсэгъэдаӏощт | угъэдаӏогъ | угъэдэӏуагъ | усгъэдаӏощт | зэбгъэдаӏощт | ягъэдаӏогъэх | уагъэдаӏощт | сыгъэдаӏощт | утгъэдаӏощт | сагъэдэӏуагъ | угъэдаӏощт | шъосэгъэдаӏо | тигъэдэӏуагъ | ягъэдэӏуагъ | утгъэдэӏуагъ | шъугъэдаӏо | огъэдаӏох | сыгъэдаӏощтых | зэтэгъэдаӏо | скъэбгъэдаӏощт | сагъэдаӏощт | егъэдаӏох | егъэдаӏо | тыгъэдаӏощтых | ткъэбгъэдаӏощт,accepted
wiktionary-00839,train,true,,wiktionary,839,lexicon,гъэжъон,"to boil (water) ; to plow, to plough",verb,гъэжъон | зэшъогъажъо | шъугъэжъуагъ | ткъэбэгъажъо | угъажъогъ | тыгъажъогъэх | егъажъох | сыгъажъощт | шъуигъажъощт | сыгъажъогъэх | шъутгъэжъуагъ | шъуигъэжъуагъ | тзгъажъощт | сыгъажъощтых | осэгъажъо | уигъэжъуагъ | тэшъогъажъо | сэгъажъох | уагъэжъуагъ | ягъажъощтых | угъажъощтых | скъэбгъэжъуагъ | сэшъогъажъо | сагъажъощт | шъусгъажъощт | сагъэжъуагъ | игъажъогъэх | ягъэжъуагъ | шъотэгъажъо | шъугъажъощт | огъажъох | уигъажъощт | тзгъэжъуагъ | зэбгъэжъуагъ | тегъажъо | зэсэгъэжъуагъ | шъуегъажъо | угъэжъуагъ | зэшъогъэжъуагъ | ткъэбгъэжъуагъ | тыгъажъощтых | зэтэгъажъо | огъажъо | тагъажъо | шъосэгъажъо | шъусгъэжъуагъ | зэбэгъажъо | тышъугъэжъуагъ | ягъажъох | скъэбгъажъощт | тэгъажъо | усгъэжъуагъ | сегъажъо | утгъажъощт | тышъугъажъощт | игъажъощт | ягъажъо | ягъажъогъэх | ткъэбгъажъощт | зэсэгъажъощт | тэгъажъох | егъажъо | уагъажъощт | уегъажъо | игъэжъуагъ | сагъажъо | шъутгъажъощт | сигъажъощт | сышъугъажъощт | утгъэжъуагъ | скъэбэгъажъо | зэсэгъажъо | тыгъажъощт | тагъэжъуагъ | тигъажъощт | сышъугъэжъуагъ | ягъажъощт | сигъэжъуагъ | тигъэжъуагъ | отэгъажъо | шъогъажъо | шъугъажъо | угъажъощт | уагъажъо | тыгъэжъуагъ | усгъажъощт | зэбгъажъощт | шъогъажъох | тагъажъощт | сэгъажъо | шъугъажъогъэх | шъуагъажъощт | зэшъогъажъощт | сыгъэжъуагъ,accepted
wiktionary-00840,train,true,,wiktionary,840,lexicon,гъэжъэн,"to make food by heat, for example : to bake, to grill, to fry.",verb,гъэжъэн,accepted
wiktionary-00841,train,true,,wiktionary,841,lexicon,гъэзалъэ,wheel ; steering wheel,verb,гъэзалъэ,accepted
wiktionary-00842,train,true,,wiktionary,842,lexicon,гъэзет,newspaper,noun,гъэзет | гъэзетр | гъэзетхэм | гъэзетм | гъэзетхэр | гъэзеткӏэ | гъэзету | гъэзетхыу | гъэзетхэкӏэ | гъэзетхэ | гъэзетхэмэ,accepted
wiktionary-00843,train,true,,wiktionary,843,lexicon,гъэзетщапӏэ,newspaper stand,noun,гъэзетщапӏэ | гъэзетщапӏэхэм | гъэзетщапӏэм | гъэзетщапӏэу | гъэзетщапӏэкӏэ | гъэзетщапӏэхэр | гъэзетщапӏэхэкӏэ | гъэзетщапӏэхыу | гъэзетщапӏэхэ | гъэзетщапӏэхэмэ | гъэзетщапӏэр,accepted
wiktionary-00844,train,true,,wiktionary,844,lexicon,гъэзэжьын,to return (from where you came),verb,гъэзэжьын,accepted
wiktionary-00845,train,true,,wiktionary,845,lexicon,гъэзэзэн,"to shake, to make someone or something to shake",verb,гъэзэзэн | уагъэзэзэ | ягъэзэзагъ | тагъэзэзэ | уигъэзэзэщт | тегъэзэзэ | сышъугъэзэзагъ | шъугъэзэзэщт | ягъэзэзэщт | ткъэбгъэзэзэщт | тигъэзэзэщт | зэшъогъэзэзэщт | ягъэзэзэгъэх | отэгъэзэзэ | тышъугъэзэзагъ | огъэзэзэх | сэгъэзэзэх | шъотэгъэзэзэ | егъэзэзэх | сагъэзэзэщт | огъэзэзэ | сыгъэзэзэщтых | угъэзэзэгъ | зэтэгъэзэзэ | шъутгъэзэзагъ | шъутгъэзэзэщт | сагъэзэзагъ | зэсэгъэзэзэщт | зэбгъэзэзэщт | шъуагъэзэзэщт | тыгъэзэзэгъэх | сагъэзэзэ | тзгъэзэзагъ | усгъэзэзэщт | скъэбэгъэзэзэ | шъогъэзэзэх | тагъэзэзэщт | уегъэзэзэ | осэгъэзэзэ | зэсэгъэзэзэ | шъуегъэзэзэ | сыгъэзэзэщт | тыгъэзэзэщтых | ткъэбэгъэзэзэ | тагъэзэзагъ | зэсэгъэзэзагъ | угъэзэзэщтых | угъэзэзэщт | ягъэзэзэ | ягъэзэзэщтых | шъугъэзэзэгъэх | сэгъэзэзэ | сышъугъэзэзэщт | зэшъогъэзэзэ | сегъэзэзэ | шъуигъэзэзэщт | тзгъэзэзэщт | игъэзэзэщт | зэбэгъэзэзэ | сыгъэзэзагъ | уагъэзэзэщт | шъогъэзэзэ | игъэзэзагъ | сигъэзэзагъ | шъугъэзэзэ | шъуигъэзэзагъ | тэгъэзэзэх | тышъугъэзэзэщт | угъэзэзагъ | тэгъэзэзэ | утгъэзэзагъ | ткъэбгъэзэзагъ | игъэзэзэгъэх | скъэбгъэзэзагъ | скъэбгъэзэзэщт | уигъэзэзагъ | ягъэзэзэх | шъусгъэзэзагъ | тэшъогъэзэзэ | шъосэгъэзэзэ | шъусгъэзэзэщт | усгъэзэзагъ | егъэзэзэ | тигъэзэзагъ | тыгъэзэзагъ | шъугъэзэзагъ | зэшъогъэзэзагъ | зэбгъэзэзагъ | уагъэзэзагъ | сыгъэзэзэгъэх | сигъэзэзэщт | утгъэзэзэщт | сэшъогъэзэзэ | тыгъэзэзэщт,accepted
wiktionary-00846,train,true,,wiktionary,846,lexicon,гъэзэн,"to turn, to rotate",verb,гъэзэн,accepted
wiktionary-00847,train,true,,wiktionary,847,lexicon,гъэзэщын,to bore someone ; to make someone tired by annoying or frustrating,verb,гъэзэщын,accepted
wiktionary-00848,train,true,,wiktionary,848,lexicon,гъэкощын,to relocate ; to move something to somewhere else,verb,гъэкощын,accepted
wiktionary-00849,train,true,,wiktionary,849,lexicon,гъэкуон,"to make someone scream,yell,shout",verb,гъэкуон,accepted
wiktionary-00850,train,true,,wiktionary,850,lexicon,гъэкъын,to make someone or something into a stone ; to freeze (Kfar Kama dialect),verb,гъэкъын,accepted
wiktionary-00851,train,true,,wiktionary,851,lexicon,гъэкъэбзэн,to clean,verb,гъэкъэбзэн,accepted
wiktionary-00852,train,true,,wiktionary,852,lexicon,гъэкъэркъэтэн,"to tremble, to quake, to shake",verb,гъэкъэркъэтэн,accepted
wiktionary-00853,test,true,,wiktionary,853,lexicon,гъэкӏодын,"to make someone or something disappear ; to lose something, to make something lost (not to be able to find)",verb,гъэкӏодын | шъосэгъэкӏоды | усгъэкӏодыщт | шъугъэкӏодэгъ | уигъэкӏодыщт | зэбгъэкӏодэгъ | угъэкӏодэгъ | ягъэкӏодыгъэх | шъуегъэкӏоды | шъотэгъэкӏоды | игъэкӏодыщт | зэбэгъэкӏоды | ягъэкӏодыщтых | тыгъэкӏодэгъ | игъэкӏодыгъэх | скъэбгъэкӏодэгъ | зэшъогъэкӏодэгъ | отэгъэкӏоды | уегъэкӏоды | зэтэгъэкӏоды | тегъэкӏоды | зэсэгъэкӏоды | уагъэкӏодыщт | сагъэкӏодэгъ | шъуигъэкӏодыщт | ткъэбэгъэкӏоды | сигъэкӏодэгъ | сышъугъэкӏодэгъ | сигъэкӏодыщт | зэсэгъэкӏодэгъ | шъуигъэкӏодэгъ | тигъэкӏодыщт | шъогъэкӏоды | сышъугъэкӏодыщт | тагъэкӏоды | усгъэкӏодэгъ | шъуагъэкӏодыщт | зэсэгъэкӏодыщт | сегъэкӏоды | тыгъэкӏодыгъэх | шъугъэкӏодыщт | сагъэкӏоды | угъэкӏодыгъ | ягъэкӏоды | тигъэкӏодэгъ | сагъэкӏодыщт | сэгъэкӏоды | сэшъогъэкӏоды | тэшъогъэкӏоды | тышъугъэкӏодэгъ | зэшъогъэкӏоды | скъэбгъэкӏодыщт | егъэкӏоды | угъэкӏодыщт | сэгъэкӏодых | сыгъэкӏодыгъэх | зэшъогъэкӏодыщт | шъусгъэкӏодыщт | огъэкӏодых | осэгъэкӏоды | тэгъэкӏодых | уигъэкӏодэгъ | ткъэбгъэкӏодыщт | шъутгъэкӏодэгъ | уагъэкӏодэгъ | тзгъэкӏодэгъ | сыгъэкӏодыщт | сыгъэкӏодыщтых | тыгъэкӏодыщтых | ягъэкӏодых | ягъэкӏодыщт | тышъугъэкӏодыщт | тагъэкӏодыщт | игъэкӏодэгъ | шъутгъэкӏодыщт | шъугъэкӏоды | шъогъэкӏодых | егъэкӏодых | угъэкӏодыщтых | шъусгъэкӏодэгъ | огъэкӏоды | тагъэкӏодэгъ | утгъэкӏодыщт | скъэбэгъэкӏоды | уагъэкӏоды | шъугъэкӏодыгъэх | зэбгъэкӏодыщт | утгъэкӏодэгъ | ягъэкӏодэгъ | тыгъэкӏодыщт | сыгъэкӏодэгъ | тэгъэкӏоды | ткъэбгъэкӏодэгъ | тзгъэкӏодыщт,accepted
wiktionary-00854,train,true,,wiktionary,854,lexicon,гъэкӏосэн,to extinguish (a fire) ; to turn off the light ; to turn off,verb,гъэкӏосэн,accepted
wiktionary-00855,train,true,,wiktionary,855,lexicon,гъэкӏын,to grow hair,verb,гъэкӏын,accepted
wiktionary-00856,train,true,,wiktionary,856,lexicon,гъэкӏэрэкӏэн,"to adorn, to decorate",verb,гъэкӏэрэкӏэн,accepted
wiktionary-00857,train,true,,wiktionary,857,lexicon,гъэлагъэ,painted,adj,гъэлагъэ,accepted
wiktionary-00858,train,true,,wiktionary,858,lexicon,гъэлакӏо,house painter,noun,гъэлакӏо,accepted
wiktionary-00859,test,true,,wiktionary,859,lexicon,гъэлъэжъон,"to make someone or something late, to delay",verb,гъэлъэжъон,accepted
wiktionary-00860,train,true,,wiktionary,860,lexicon,гъэлъэпӏэн,to make something expensive ; to honor,verb,гъэлъэпӏэн,accepted
wiktionary-00861,validation,true,,wiktionary,861,lexicon,гъэлъэхъу,lamb,noun,гъэлъэхъу | гъэлъэхъуэм | гъэлъэхъуэхэмэ | гъэлъэхъуэхэкӏэ | гъэлъэхъуэкӏэ | гъэлъэхъуэхэр | гъэлъэхъуыу | гъэлъэхъуэ | гъэлъэхъуэхэ | гъэлъэхъухыу | гъэлъэхъуэр | гъэлъэхъуэхэм,accepted
wiktionary-00862,train,true,,wiktionary,862,lexicon,гъэлыгъон,"to single (an animal), to scorch",verb,гъэлыгъон,accepted
wiktionary-00863,train,true,,wiktionary,863,lexicon,гъэлыджын,to tickle,verb,гъэлыджын | гъэлыгьын,accepted
wiktionary-00864,train,true,,wiktionary,864,lexicon,гъэлэжьэн,"to make someone work, to employee ; to make something function, to make something work",verb,гъэлэжьэн,accepted
wiktionary-00865,train,true,,wiktionary,865,lexicon,гъэлэлэн,"to loose, to let loose (to free)",verb,гъэлэлэн,accepted
wiktionary-00866,train,true,,wiktionary,866,lexicon,гъэлӏэн,to kill someone,verb,гъэлӏэн,accepted
wiktionary-00867,test,true,,wiktionary,867,lexicon,гъэмартын,to beat/defeat,verb,гъэмартын,accepted
wiktionary-00868,validation,true,,wiktionary,868,lexicon,гъэмафэ,summer,noun,гъэмафэ | гъэмафэхэкӏэ | гъэмафэхэмэ | гъэмафэхэм | гъэмафэм | гъэмафэхыу | гъэмафэкӏэ | гъэмафэхэ | гъэмафэр | гъэмафэхэр | гъэмафэу,accepted
wiktionary-00869,train,true,,wiktionary,869,lexicon,гъэмысэн,"to accuse, to charge, to blame ; to condemn ; to convict",verb,гъэмысэн,accepted
wiktionary-00870,train,true,,wiktionary,870,lexicon,гъэмэхъэшэн,to disgust someone,verb,гъэмэхъэшэн,accepted
wiktionary-00871,validation,true,,wiktionary,871,lexicon,гъэны,"grief, distress, sadness ; misfortune, disaster",noun,гъэны,accepted
wiktionary-00872,train,true,,wiktionary,872,lexicon,гъэнэфэн,to appoint ; to determine ; to clarify ; to illuminate,verb,гъэнэфэн,accepted
wiktionary-00873,train,true,,wiktionary,873,lexicon,гъэон,"to destroy, to ruin ; to make something explode ; to make/allow someone to hit",verb,гъэон | гъэуэн,accepted
wiktionary-00874,train,true,,wiktionary,874,lexicon,гъэохъун,"to misguide, to mislead ; to put obstacles to; to hinder ; to mix, to mingle, to blend",verb,гъэохъун,accepted
wiktionary-00875,train,true,,wiktionary,875,lexicon,гъэплъын,to heat,verb,гъэплъын,accepted
wiktionary-00876,train,true,,wiktionary,876,lexicon,гъэпрэзэн,to make someone dizzy,verb,гъэпрэзэн,accepted
wiktionary-00877,validation,true,,wiktionary,877,lexicon,гъэпскӏын,"to shower, to bath, to lave",verb,гъэпскӏын | гъэпсыкӏьын | гъэпсыкӏын | гъэпкӏын,accepted
wiktionary-00878,train,true,,wiktionary,878,lexicon,гъэпскӏыпӏэ,bathroom,noun,гъэпскӏыпӏэ | гъэпскӏыпӏэхэм | гъэпскӏыпӏэкӏэ | гъэпскӏыпӏэхэр | гъэпскӏыпӏэхыу | гъэпскӏыпӏэр | гъэпскӏыпӏэм | гъэпскӏыпӏэхэкӏэ | гъэпскӏыпӏэу | гъэпскӏыпӏэхэмэ | гъэпскӏыпӏэхэ,accepted
wiktionary-00879,train,true,,wiktionary,879,lexicon,гъэпсыкӏ,structure,noun,гъэпсыкӏ,accepted
wiktionary-00880,train,true,,wiktionary,880,lexicon,гъэпсын,"to plan ; to aim ; to arrange, to organize",verb,гъэпсын,accepted
wiktionary-00881,train,true,,wiktionary,881,lexicon,гъэпсэн,"to illuminate, to brighten, to shine",verb,гъэпсэн,accepted
wiktionary-00882,train,true,,wiktionary,882,lexicon,гъэпсэфакӏо,vacation,noun,гъэпсэфакӏо | гъэпсэфакӏоу | гъэпсэфакӏохэр | гъэпсэфакӏохэм | гъэпсэфакӏохыу | гъэпсэфакӏохэмэ | гъэпсэфакӏохэ | гъэпсэфакӏом | гъэпсэфакӏор | гъэпсэфакӏокӏэ | гъэпсэфакӏохэкӏэ,accepted
wiktionary-00883,validation,true,,wiktionary,883,lexicon,гъэпсэфыгъо,break for resting,noun,гъэпсэфыгъо,accepted
wiktionary-00884,train,true,,wiktionary,884,lexicon,гъэпсэфын,to make someone rest,verb,гъэпсэфын,accepted
wiktionary-00885,validation,true,,wiktionary,885,lexicon,гъэпцӏакӏо,"cheater, deceiver, fraud, faker, trickster",noun,гъэпцӏакӏо | гъэпцӏакӏом | гъэпцӏакӏохэ | гъэпцӏакӏохэкӏэ | гъэпцӏакӏохэм | гъэпцӏакӏоу | гъэпцӏакӏохэр | гъэпцӏакӏохэмэ | гъэпцӏакӏор | гъэпцӏакӏокӏэ | гъэпцӏакӏохыу,accepted
wiktionary-00886,train,true,,wiktionary,886,lexicon,гъэпцӏэн,to deceive someone,verb,гъэпцӏэн | гъэпсӏын | гъэпцӏын | гъэпсӏэн,accepted
wiktionary-00887,train,true,,wiktionary,887,lexicon,гъэпшъын,"to tire, to exhaust",verb,гъэпшъын,accepted
wiktionary-00888,validation,true,,wiktionary,888,lexicon,гъэпщтын,to boil (milk),verb,гъэпщтын,accepted
wiktionary-00889,train,true,,wiktionary,889,lexicon,гъэпщын,"to inflate, to cause something to become bigger in a round shape (usually by air)",verb,гъэпщын,accepted
wiktionary-00890,train,true,,wiktionary,890,lexicon,гъэпщынэн,to fine; to issue a penalty; to demand compensation ; to punish,verb,гъэпщынэн,accepted
wiktionary-00891,train,true,,wiktionary,891,lexicon,гъэпщэн,to win against,verb,гъэпщэн,accepted
wiktionary-00892,train,true,,wiktionary,892,lexicon,гъэпыин,to make someone an enemy,verb,гъэпыин,accepted
wiktionary-00893,train,true,,wiktionary,893,lexicon,гъэпыутын,"to make something cheaper, to reduces the value of",verb,гъэпыутын,accepted
wiktionary-00894,test,true,,wiktionary,894,lexicon,гъэпӏоркӏын,to cause to burst,verb,гъэпӏоркӏын | гъэпӏэркӏьын,accepted
wiktionary-00895,excluded_benchmark_overlap,false,exact_normalized_input_target_or_variant_overlap_with_benchmark,wiktionary,895,lexicon,гъэр,captive ; prisoner,noun,гъэр,accepted
wiktionary-00896,train,true,,wiktionary,896,lexicon,гъэрекӏопагъэ,"the year before last year, two years ago",adv,гъэрекӏопагъэ | гъэрэкӏопагъэ,accepted
wiktionary-00897,train,true,,wiktionary,897,lexicon,гъэрэзэн,"to make someone satisfied, to please someone",verb,гъэрэзэн,accepted
wiktionary-00898,train,true,,wiktionary,898,lexicon,гъэрэкӏо,Last year,adv,гъэрэкӏо,accepted
wiktionary-00899,train,true,,wiktionary,899,lexicon,гъэсагъ,trained ; taught to behave-well,adj,гъэсагъ,accepted
wiktionary-00900,excluded_benchmark_overlap,false,exact_normalized_input_target_or_variant_overlap_with_benchmark,wiktionary,900,lexicon,гъэстын,"to burn, to make something burn",verb,гъэстын | хэгъэстын | жэдэгъэстын | къогъэстын | кӏоцӏы | ӏу | шъхьадэгъэстын | гогъэстын | лъы | пыгъэстын | и | кӏэлъыры | бгъодэ | шъхьапырыгъэстын | зэбгырыгъэстын | шъхьадэ | хэ | жэхэгъэстын | зэбгыры | бгъодэгъэстын | те | зэкӏэгъэстын | чӏэ | дэ | го | тегъэстын | шъхьапыры | лъыгъэстын | дэгъэстын | пы | зэкӏэ | ӏугъэстын | жэхэ | жэдэ | игъэстын | къо | кӏэлъырыгъэстын | чӏэгъэстын | кӏоцӏыгъэстын,accepted
wiktionary-00901,train,true,,wiktionary,901,lexicon,гъэстыныпхъ,fuel,noun,гъэстыныпхъ | гъэстыныпхъэм | гъэстыныпхъэ | гъэстыныпхъыу | гъэстыныпхъэхыу | гъэстыныпхъэхэ | гъэстыныпхъэкӏэ | гъэстыныпхъэхэм | гъэстыныпхъэхэр | гъэстыныпхъэхэкӏэ | гъэстыныпхъэхэмэ | гъэстыныпхъэр,accepted
wiktionary-00902,train,true,,wiktionary,902,lexicon,гъэсымэджэн,to make someone sick,verb,гъэсымэджэн | гъэсмэджэн,accepted
wiktionary-00903,train,true,,wiktionary,903,lexicon,гъэсысын,to shake something ; to swing,verb,гъэсысын | гъэрсысын,accepted
wiktionary-00904,train,true,,wiktionary,904,lexicon,гъэсэкъатын,"to ruin something (usually machines), to defect",verb,гъэсэкъатын,accepted
wiktionary-00905,train,true,,wiktionary,905,lexicon,гъэсэн,"to train ; to teach good manners, to teach good behavior ; to tame",adj,гъэсэн | егъэсэн,accepted
wiktionary-00906,train,true,,wiktionary,906,lexicon,гъэсэныгъэ,"cultivation, culture, training",noun,гъэсэныгъэ | гъэсэныгъэхэкӏэ | гъэсэныгъэу | гъэсэныгъэхэм | гъэсэныгъэм | гъэсэныгъэр | гъэсэныгъэхыу | гъэсэныгъэхэмэ | гъэсэныгъэкӏэ | гъэсэныгъэхэр | гъэсэныгъэхэ,accepted
wiktionary-00907,train,true,,wiktionary,907,lexicon,гъэсэпэтхыдэ,moral of the story ; instructive lesson,noun,гъэсэпэтхыдэ | гъэсэфытхыдэ,accepted
wiktionary-00908,validation,true,,wiktionary,908,lexicon,гъэсэхъуджэн,to spoil,verb,гъэсэхъуджэн,accepted
wiktionary-00909,train,true,,wiktionary,909,lexicon,гъэткӏун,to melt,verb,гъэткӏун,accepted
wiktionary-00910,train,true,,wiktionary,910,lexicon,гъэтхапэмаз,March,noun,гъэтхапэмаз | гъэтхапэмазэкӏэ | гъэтхапэмазыу | гъэтхапэмазэхэ | гъэтхапэмазэхэм | гъэтхапэмазэр | гъэтхапэмазэхыу | гъэтхапэмазэхэр | гъэтхапэмазэм | гъэтхапэмазэхэмэ | гъэтхапэмазэхэкӏэ | гъэтхапэмазэ,accepted
wiktionary-00911,train,true,,wiktionary,911,lexicon,гъэтхъын,"to scutch, to swingle",verb,гъэтхъын,accepted
wiktionary-00912,train,true,,wiktionary,912,lexicon,гъэтхъэжьын,to make someone happy,verb,гъэтхъэжьын,accepted
wiktionary-00913,train,true,,wiktionary,913,lexicon,гъэтхъэн,"to amuse someone, to entertain someone",verb,гъэтхъэн,accepted
wiktionary-00914,train,true,,wiktionary,914,lexicon,гъэтэрэзын,to correct ; to repair,verb,гъэтэрэзын | гъэтэрэзыжьын,accepted
wiktionary-00915,train,true,,wiktionary,915,lexicon,гъэтӏылъын,"to lay down something ; to lay by, to put on the side, to save (money for some purchase), to keep money for future plans ; to bury",verb,гъэтӏылъын,accepted
wiktionary-00916,test,true,,wiktionary,916,lexicon,гъэтӏысын,to make someone sit down,verb,гъэтӏысын,accepted
wiktionary-00917,train,true,,wiktionary,917,lexicon,гъэтӏэпӏын,"to unstitch, to tear at the seams ; to rip open (skin, a body part, etc.) with a sharp object",verb,гъэтӏэпӏын | гъэутӏэпӏын,accepted
wiktionary-00918,train,true,,wiktionary,918,lexicon,гъэтӏэтӏэн,"to drip (sticky substances like honey, cake and color liquid)",verb,гъэтӏэтӏэн,accepted
wiktionary-00919,train,true,,wiktionary,919,lexicon,гъэузын,to make someone feel pain or to hurt someone (in a specific part in his body),verb,гъэузын,accepted
wiktionary-00920,validation,true,,wiktionary,920,lexicon,гъэунэзэн,to whirl/spin (to the point of dizziness),verb,гъэунэзэн,accepted
wiktionary-00921,test,true,,wiktionary,921,lexicon,гъэунэн,"to enrich, to make rich ; to do good to someone",verb,гъэунэн,accepted
wiktionary-00922,train,true,,wiktionary,922,lexicon,гъэунэхъун,to ruin; to make someone/something ruined,verb,гъэунэхъун,accepted
wiktionary-00923,train,true,,wiktionary,923,lexicon,гъэунэшкӏун,to chew,verb,гъэунэшкӏун,accepted
wiktionary-00924,train,true,,wiktionary,924,lexicon,гъэупэпцӏын,"to make something sharp, to sharp",verb,гъэупэпцӏын,accepted
wiktionary-00925,train,true,,wiktionary,925,lexicon,гъэупӏыцӏэн,to close eyes,verb,гъэупӏыцӏэн | гъэупӏысӏэн | гъэупысӏэн | упӏыцӏэн | гъэупыцӏэн,accepted
wiktionary-00926,train,true,,wiktionary,926,lexicon,гъэупӏэпӏэн,to blink,verb,гъэупӏэпӏэн,accepted
wiktionary-00927,test,true,,wiktionary,927,lexicon,гъэусыен,to lean an object on something,verb,гъэусыен | егъэусыен,accepted
wiktionary-00928,train,true,,wiktionary,928,lexicon,гъэутхъон,to make (water) muddy,verb,гъэутхъон,accepted
wiktionary-00929,test,true,,wiktionary,929,lexicon,гъэутэшъон,"to intoxicate, to make someone drunk ; to make someone spoiled in personality ; to make someone attracted to you (usually by humor)",verb,гъэутэшъон,accepted
wiktionary-00930,train,true,,wiktionary,930,lexicon,гъэухьазырын,to make something ready; to prepare,verb,гъэухьазырын | гъэхьазырын,accepted
wiktionary-00931,train,true,,wiktionary,931,lexicon,гъэуцун,to place ; to stop someone/something,verb,гъэуцун,accepted
wiktionary-00932,train,true,,wiktionary,932,lexicon,гъэушъэбын,to soften,verb,гъэушъэбын,accepted
wiktionary-00933,train,true,,wiktionary,933,lexicon,гъэушӏоин,"To make something dirty. ; to delete, to erase",verb,гъэушӏоин,accepted
wiktionary-00934,train,true,,wiktionary,934,lexicon,гъэушӏоркъын,to make (water) muddy,verb,гъэушӏоркъын,accepted
wiktionary-00935,train,true,,wiktionary,935,lexicon,гъэфэбапӏэ,heater,noun,гъэфэбапӏэ,accepted
wiktionary-00936,train,true,,wiktionary,936,lexicon,гъэхъужьын,"to make someone healthy again, to cure someone, to heal someone",verb,гъэхъужьын,accepted
wiktionary-00937,test,true,,wiktionary,937,lexicon,гъэхъун,"to turn someone/something to; to make someone/something become ; to grow plants (to make plants ""appear"") ; to herd ; to create from nothing (usually by God) ; to make someone/something appear from nowhere",verb,гъэхъун,accepted
wiktionary-00938,validation,true,,wiktionary,938,lexicon,гъэцохъон,"to make something slip/slide (on a surface that have a fraction like dirt, mud, wooden table and etc.)",verb,гъэцохъон,accepted
wiktionary-00939,train,true,,wiktionary,939,lexicon,гъэцэкӏэжьын,to repair,verb,гъэцэкӏэжьын,accepted
wiktionary-00940,train,true,,wiktionary,940,lexicon,гъэцэкӏэжьыпӏэ,garage,noun,гъэцэкӏэжьыпӏэ | гъэцэкӏэжьыпӏэхэмэ | гъэцэкӏэжьыпӏэхэр | гъэцэкӏэжьыпӏэр | гъэцэкӏэжьыпӏэхэкӏэ | гъэцэкӏэжьыпӏэм | гъэцэкӏэжьыпӏэхэм | гъэцэкӏэжьыпӏэхэ | гъэцэкӏэжьыпӏэхыу | гъэцэкӏэжьыпӏэкӏэ | гъэцэкӏэжьыпӏэу,accepted
wiktionary-00941,validation,true,,wiktionary,941,lexicon,гъэцэкӏэн,"to carry out, to fulfill",verb,гъэцэкӏэн | гъэсэкӏэн,accepted
wiktionary-00942,train,true,,wiktionary,942,lexicon,гъэцӏыон,to make something shine,verb,гъэцӏыон,accepted
wiktionary-00943,train,true,,wiktionary,943,lexicon,гъэцӏырэн,to spray burst liquid on to (usually from a pile),verb,гъэцӏырэн,accepted
wiktionary-00944,train,true,,wiktionary,944,lexicon,гъэцӏэтхын,to make someone sneeze,verb,гъэцӏэтхын,accepted
wiktionary-00945,train,true,,wiktionary,945,lexicon,гъэчанын,"to sharpen, to whet",verb,гъэчанын | гъэучыен,accepted
wiktionary-00946,test,true,,wiktionary,946,lexicon,гъэчэн,to crack,verb,гъэчэн | гъэкьэн,accepted
wiktionary-00947,test,true,,wiktionary,947,lexicon,гъэчэрэгъун,"to twist ; to whirl, to spin",verb,гъэчэрэгъун | гъэкьэрэгъун,accepted
wiktionary-00948,train,true,,wiktionary,948,lexicon,гъэчэрэзын,to spin ; to roll,verb,гъэчэрэзын | гъэкьэрэзын,accepted
wiktionary-00949,test,true,,wiktionary,949,lexicon,гъэшъуен,to waste (kill) someone ; to made someone whistle,verb,гъэшъуен,accepted
wiktionary-00950,train,true,,wiktionary,950,lexicon,гъэшъхъын,to lower something,verb,гъэшъхъын,accepted
wiktionary-00951,train,true,,wiktionary,951,lexicon,гъэшъхъэшъхъэн,to smash something into smithereens,verb,гъэшъхъэшъхъэн,accepted
wiktionary-00952,train,true,,wiktionary,952,lexicon,гъэшъыпкъэжьын,"to confirm ; to fulfill a promise, to fulfill objective,",verb,гъэшъыпкъэжьын,accepted
wiktionary-00953,train,true,,wiktionary,953,lexicon,гъэшъыхъыгъ,low; lowered,adj,гъэшъыхъыгъ | гъэшъхъэгъ,accepted
wiktionary-00954,train,true,,wiktionary,954,lexicon,гъэшӏон,"to cherish, to caress, to pamper ; to spare something (for the future)",verb,гъэшӏон,accepted
wiktionary-00955,train,true,,wiktionary,955,lexicon,гъэшӏоӏун,to ferment ; to marinate ; to pickle ; to make something rot,verb,гъэшӏоӏун,accepted
wiktionary-00956,train,true,,wiktionary,956,lexicon,гъэшӏыкӏэен,to allow or make someone to be naughty and do mischievous things; to allow or make someone to do trouble,verb,гъэшӏыкӏэен | гъэшӏыкӏьэен,accepted
wiktionary-00957,train,true,,wiktionary,957,lexicon,гъэшӏэгъоны,"something out of the ordinary ; strange ; weird ; interesting ; stunning, astounding, overwhelming",adj,гъэшӏэгъоны | гъэшӏэгъон,accepted
wiktionary-00958,validation,true,,wiktionary,958,lexicon,гъэщтын,to freeze,verb,гъэщтын,accepted
wiktionary-00959,train,true,,wiktionary,959,lexicon,гъэщтэн,"to make someone fear/afraid/scared, to intimidate someone, to scare someone",verb,гъэщтэн,accepted
wiktionary-00960,train,true,,wiktionary,960,lexicon,гъэщын,to twist,verb,гъэщын,accepted
wiktionary-00961,train,true,,wiktionary,961,lexicon,гъэщынэн,"to make someone fear/afraid/scared, to intimidate someone, to scare someone",verb,гъэщынэн,accepted
wiktionary-00962,train,true,,wiktionary,962,lexicon,гъэӏонтӏэн,"to curve, to bend",verb,гъэӏонтӏэн,accepted
wiktionary-00963,train,true,,wiktionary,963,lexicon,гъэӏортӏэн,"to curve, to bend",verb,гъэӏортӏэн,accepted
wiktionary-00964,train,true,,wiktionary,964,lexicon,гъэӏорышӏэн,"to govern, to rule, to manage",verb,гъэӏорышӏэн,accepted
wiktionary-00965,train,true,,wiktionary,965,lexicon,гъэӏулэн,to fool,verb,гъэӏулэн,accepted
wiktionary-00966,train,true,,wiktionary,966,lexicon,гъэӏэсэн,"to tame ; to teach good manners, to teach good behavior ; to calm, to quiet, to soothe",verb,гъэӏэсэн,accepted
wiktionary-00967,train,true,,wiktionary,967,lexicon,гыен,"to reproach, to upbraid, to blame",verb,гыен | егыин,accepted
wiktionary-00968,validation,true,,wiktionary,968,lexicon,гыкӏалъэ,laundry (machine),noun,гыкӏалъэ | гыкӏалъэхэм | гыкӏалъэм | гыкӏалъэкӏэ | гыкӏалъэр | гыкӏалъэхэмэ | гыкӏалъэхыу | гыкӏалъэхэкӏэ | гыкӏалъэу | гыкӏалъэхэр | гыкӏалъэхэ,accepted
wiktionary-00969,train,true,,wiktionary,969,lexicon,гыкӏыгъ,laundry,noun,гыкӏыгъ,accepted
wiktionary-00970,train,true,,wiktionary,970,lexicon,гыкӏын,"to wash (wash clothes), to launder",verb,гыкӏын,accepted
wiktionary-00971,train,true,,wiktionary,971,lexicon,гыкӏэн,"to wash (wash clothes), to launder",verb,гыкӏэн,accepted
wiktionary-00972,train,true,,wiktionary,972,lexicon,гыны,powder,noun,гыны | гыныхэмэ | гыныр | гынэхэм | гыныхэкӏэ | гынэхэкӏэ | гынэхэмэ | гынэм | гынэхэ | гыныхэм | гыныхыу | гыныкӏэ | гыныу | гынэр | гынэхыу | гыным | гын | гынэ | гынэхэр | гыныхэр | гынэкӏэ,accepted
wiktionary-00973,train,true,,wiktionary,973,lexicon,гыныплъ,beet,noun,гыныплъ | гыныплъыу | гыныплъэхэкӏэ | гыныплъэхэр | гыныплъэхэмэ | гыныплъэ | гыныплъэхэм | гыныплъэм | гыныплъэхэ | гыныплъэр | гыныплъэхыу | гыныплъэкӏэ,accepted
wiktionary-00974,train,true,,wiktionary,974,lexicon,гырзын,"to moan, to groan ; to suffer, to languish",verb,гырзын,accepted
wiktionary-00975,train,true,,wiktionary,975,lexicon,гьанэ,(Shapsug) Alternative form of джанэ (ǯ̍ānă),noun,гьанэ | гьанэхэмэ | гьанэм | гьанэхэкӏэ | гьанэхэм | гьанэр | гьанэхэ | гьанэхыу | гьанэхэр | гьанэкӏэ | гьанэу,accepted
wiktionary-00976,test,true,,wiktionary,976,lexicon,гэ,testicle,noun,гэ | гэкӏэ | гэхыу | гэр | гэхэкӏэ | гэм | гэхэм | гэу | гэхэмэ | гэхэр | гэхэ,accepted
wiktionary-00977,train,true,,wiktionary,977,lexicon,дагъо,"lack, deficiency, deficit, shortage ; defect, drawback, flaw",noun,дагъо | дагъохэмэ | дагъохэм | дагъом | дагъор | дагъохэ | дагъохэкӏэ | дагъохыу | дагъохэр | дагъоу | дагъокӏэ,accepted
wiktionary-00978,train,true,,wiktionary,978,lexicon,дагъэ,vegetable oil ; petroleum ; fat or oil from the body of an animal,noun,дагъэ | дагъэу | дагъэхэр | дагъэм | дагъэхэ | дагъэкӏэ | дагъэхэкӏэ | дагъэхэмэ | дагъэхэм | дагъэхыу | дагъэр,accepted
wiktionary-00979,train,true,,wiktionary,979,lexicon,дадыу,Flower tea ; Marjoram (a plant),noun,дадыу | дадыуэхэм | дадыухыу | дадыуэр | дадыуэм | дадыуэхэ | дадыуэкӏэ | дадыуэхэкӏэ | дадыуэ | дадыуыу | дадыуэхэр | дадыуэхэмэ,accepted
wiktionary-00980,train,true,,wiktionary,980,lexicon,дае,walnut (fruit and tree),noun,дае | даехыу | даем | даехэмэ | даехэкӏэ | даехэм | даеу | даекӏэ | даер | даехэ | даехэр,accepted
wiktionary-00981,test,true,,wiktionary,981,lexicon,дакъэ,handle ; root,noun,дакъэ | дакъэм | дакъэхэр | дакъэу | дакъэр | дакъэхыу | дакъэхэмэ | дакъэхэкӏэ | дакъэкӏэ | дакъэхэм | дакъэхэ,accepted
wiktionary-00982,train,true,,wiktionary,982,lexicon,дакӏэ,sewing,noun,дакӏэ | дакӏэхэр | дакӏэхэ | дакӏэм | дакӏэхыу | дакӏэр | дакӏэхэм | дакӏэу | дакӏэхэмэ | дакӏэхэкӏэ | дакӏэкӏэ,accepted
wiktionary-00983,train,true,,wiktionary,983,lexicon,дампӏ,Slap sound ; fall sound,noun,дампӏ | дампӏэхэм | дампӏэм | дампӏэхэ | дампӏэхэр | дампӏэкӏэ | дампӏыу | дампӏэ | дампӏэхэкӏэ | дампӏэхыу | дампӏэр | дампӏэхэмэ,accepted
wiktionary-00984,train,true,,wiktionary,984,lexicon,данэ,silk,noun,данэ | данэхыу | данэм | данэхэр | данэу | данэхэмэ | данэхэм | данэкӏэ | данэр | данэхэ | данэхэкӏэ,accepted
wiktionary-00985,test,true,,wiktionary,985,lexicon,дао,lawsuit ; grievance ; complaint,noun,дао | даохэр | даор | даом | даохэм | даоу | даохэ | даокӏэ | даохэкӏэ | даохыу | даохэмэ,accepted
wiktionary-00986,train,true,,wiktionary,986,lexicon,дапӏэ,sewing workshop,noun,дапӏэ | дапӏэм | дапӏэхэм | дапӏэу | дапӏэр | дапӏэхэр | дапӏэхэкӏэ | дапӏэхыу | дапӏэкӏэ | дапӏэхэмэ | дапӏэхэ,accepted
wiktionary-00987,train,true,,wiktionary,987,lexicon,даргу,expression of Crashing/Falling sound,intj,даргу,accepted
wiktionary-00988,train,true,,wiktionary,988,lexicon,дасэ,creeping,noun,дасэ | дасэхэр | дасэхэм | дасэм | дасэхыу | дасэхэмэ | дасэр | дасэхэ | дасэу | дасэкӏэ | дасэхэкӏэ,accepted
wiktionary-00989,validation,true,,wiktionary,989,lexicon,дауш,praise,noun,дауш | даушэхэмэ | даушэхэр | даушэр | даушэкӏэ | даушэхэм | даушэхыу | даушэм | даушэхэкӏэ | даушэхэ | даушэ | даушыу,accepted
wiktionary-00990,train,true,,wiktionary,990,lexicon,дахэ,"pretty, beautiful",adj,дахэ,accepted
wiktionary-00991,train,true,,wiktionary,991,lexicon,дашӏэ,"sympathy, ; Conjunctive letter (grammar)",noun,дашӏэ | дашӏэкӏэ | дашӏэр | дашӏэхэм | дашӏэхыу | дашӏэм | дашӏэхэмэ | дашӏэхэ | дашӏэу | дашӏэхэкӏэ | дашӏэхэр,accepted
wiktionary-00992,train,true,,wiktionary,992,lexicon,даӏо,"listener, a person that listens ; obedient",adj,даӏо,accepted
wiktionary-00993,validation,true,,wiktionary,993,lexicon,дебзыкӏэн,to cut between,verb,дебзыкӏэн,accepted
wiktionary-00994,train,true,,wiktionary,994,lexicon,дебзын,"to cut with, to split with",verb,дебзын,accepted
wiktionary-00995,train,true,,wiktionary,995,lexicon,деблэ,braid,noun,деблэ | деблэхэр | деблэкӏэ | деблэхыу | деблэхэ | деблэхэкӏэ | деблэм | деблэу | деблэхэмэ | деблэр | деблэхэм,accepted
wiktionary-00996,validation,true,,wiktionary,996,lexicon,дегун,to squash with,verb,дегун,accepted
wiktionary-00997,train,true,,wiktionary,997,lexicon,дегупшысэн,to think with,verb,дегупшысэн,accepted
wiktionary-00998,train,true,,wiktionary,998,lexicon,дегъэбзыхыкӏэн,"to exterminate, to hide completely,",verb,дегъэбзыхыкӏэн,accepted
wiktionary-00999,train,true,,wiktionary,999,lexicon,дегъэзэн,"to flip over, to turn over with, to turn with, to twist with",verb,дегъэзэн,accepted
wiktionary-01000,validation,true,,wiktionary,1000,lexicon,деджэгъу,school friend,noun,деджэгъу | деджэгъуэхэ | деджэгъуэм | деджэгъуэр | деджэгъуэхэм | деджэгъухыу | деджэгъуэ | деджэгъуэкӏэ | деджэгъуыу | деджэгъуэхэкӏэ | деджэгъуэхэр | деджэгъуэхэмэ,accepted
wiktionary-01001,train,true,,wiktionary,1001,lexicon,дежъыон,"to flatter, to cheer ; to chant with",verb,дежъыон | дежъыун,accepted
wiktionary-01002,train,true,,wiktionary,1002,lexicon,дежъыуакӏо,chorus ; flatterer,noun,дежъыуакӏо | дежъыуакӏом | дежъыуакӏохэм | дежъыуакӏохэ | дежъыуакӏокӏэ | дежъыуакӏохэкӏэ | дежъыуакӏоу | дежъыуакӏохэмэ | дежъыуакӏохэр | дежъыуакӏор | дежъыуакӏохыу,accepted
wiktionary-01003,train,true,,wiktionary,1003,lexicon,дежьыен,"to comb the hair up, to raise the hair,",verb,дежьыен,accepted
wiktionary-01004,train,true,,wiktionary,1004,lexicon,декъузэн,to squeeze ; to tighten,verb,декъузэн,accepted
wiktionary-01005,test,true,,wiktionary,1005,lexicon,декъыен,to quarrel with,verb,декъыен,accepted
wiktionary-01006,train,true,,wiktionary,1006,lexicon,декӏэкӏьын,"to be in favor of someone, to support someone",verb,декӏэкӏьын,accepted
wiktionary-01007,test,true,,wiktionary,1007,lexicon,делагъэ,"craziness, foolishness",noun,делагъэ,accepted
wiktionary-01008,train,true,,wiktionary,1008,lexicon,делашъу,"Crazy looking, foolish",adj,делашъу,accepted
wiktionary-01009,train,true,,wiktionary,1009,lexicon,делъэсыкӏын,"to jump away, to sweep away,",verb,делъэсыкӏын,accepted
wiktionary-01010,train,true,,wiktionary,1010,lexicon,делъэсэен,to sweep upwards,verb,делъэсэен,accepted
wiktionary-01011,train,true,,wiktionary,1011,lexicon,делъэшъоен,"to pull up, to pull upwards",verb,делъэшъоен,accepted
wiktionary-01012,train,true,,wiktionary,1012,lexicon,делэ,"fool, foolish, stupid, crazy",adj,делэ,accepted
wiktionary-01013,train,true,,wiktionary,1013,lexicon,делэжъ,"very foolish, very stupid, very crazy",adj,делэжъ,accepted
wiktionary-01014,train,true,,wiktionary,1014,lexicon,делэхъан,insane asylum ; mental hospital ; sanitarium,noun,делэхъан | делэхъанэм | делэхъанэхэр | делэхъанэхэмэ | делэхъанэхэкӏэ | делэхъанэхэм | делэхъанэхэ | делэхъаныу | делэхъанэхыу | делэхъанэкӏэ | делэхъанэ | делэхъанэр,accepted
wiktionary-01015,train,true,,wiktionary,1015,lexicon,делэщ,insane asylum ; mental hospital ; sanitarium,noun,делэщ | делэщэ | делэщэхэмэ | делэщэхэм | делэщэм | делэщэкӏэ | делэщыу | делэщэхыу | делэщэхэ | делэщэхэр | делэщэхэкӏэ | делэщэр,accepted
wiktionary-01016,train,true,,wiktionary,1016,lexicon,делэӏо-делэшъу,"imbecile, weak-minded, weak-headed",adj,делэӏо-делэшъу | делэӏо-делэшъуэм | делэӏо-делэшъуэхэкӏэ | делэӏо-делэшъуэ | делэӏо-делэшъуыу | делэӏо-делэшъухыу | делэӏо-делэшъуэкӏэ | делэӏо-делэшъуэхэм | делэӏо-делэшъуэхэр | делэӏо-делэшъуэхэмэ | делэӏо-делэшъуэр | делэӏо-делэшъуэхэ,accepted
wiktionary-01017,test,true,,wiktionary,1017,lexicon,деокӏын,"to hit from the side ; to shift aside, to shift from",verb,деокӏын,accepted
wiktionary-01018,train,true,,wiktionary,1018,lexicon,дес,lesson (School hour),noun,дес | десхэкӏэ | десхэм | десхыу | десм | десхэмэ | десхэ | десхэр | дескӏэ | деср | десу,accepted
wiktionary-01019,train,true,,wiktionary,1019,lexicon,дестэ,lesson (School hour),noun,дестэ | дестэхэкӏэ | дестэр | дестэкӏэ | дестэхэр | дестэхэм | дестэхэ | дестэм | дестэу | дестэхэмэ | дестэхыу,accepted
wiktionary-01020,train,true,,wiktionary,1020,lexicon,дестэгъу,school friend,noun,дестэгъу | дестэгъуэм | дестэгъуэхэ | дестэгъуэхэм | дестэгъуэхэмэ | дестэгъуэ | дестэгъуэр | дестэгъуэхэкӏэ | дестэгъуэхэр | дестэгъуыу | дестэгъухыу | дестэгъуэкӏэ,accepted
wiktionary-01021,train,true,,wiktionary,1021,lexicon,десэгъу,school friend,noun,десэгъу | десэгъуэхэм | десэгъуэкӏэ | десэгъуэхэмэ | десэгъуыу | десэгъуэр | десэгъуэхэр | десэгъуэм | десэгъухыу | десэгъуэхэкӏэ | десэгъуэхэ | десэгъуэ,accepted
wiktionary-01022,train,true,,wiktionary,1022,lexicon,деугъоен,to gather into somewhere with,verb,деугъоен,accepted
wiktionary-01023,train,true,,wiktionary,1023,lexicon,деузэндын,"to provide with (arms in particular), to supply with (material),",verb,деузэндын,accepted
wiktionary-01024,train,true,,wiktionary,1024,lexicon,деузэнкӏын,"to rectify with, to reform with",verb,деузэнкӏын,accepted
wiktionary-01025,train,true,,wiktionary,1025,lexicon,деукъон,"to abolish, to annul an agreement,",verb,деукъон,accepted
wiktionary-01026,train,true,,wiktionary,1026,lexicon,деупсэен,"to cut the hair upwards,",verb,деупсэен,accepted
wiktionary-01027,train,true,,wiktionary,1027,lexicon,деупӏэпӏэн,to pile in,verb,деупӏэпӏэн,accepted
wiktionary-01028,train,true,,wiktionary,1028,lexicon,деусын,to lie (say a lie) together with ; to name together with,verb,деусын,accepted
wiktionary-01029,train,true,,wiktionary,1029,lexicon,деусэн,"to find a solution together with ; to write a poem together with,",verb,деусэн,accepted
wiktionary-01030,validation,true,,wiktionary,1030,lexicon,деутын,"to pull out, to tear out",verb,деутын,accepted
wiktionary-01031,train,true,,wiktionary,1031,lexicon,деутэн,"to Blunge, to spray",verb,деутэн,accepted
wiktionary-01032,test,true,,wiktionary,1032,lexicon,деухьэн,to turn around,verb,деухьэн,accepted
wiktionary-01033,train,true,,wiktionary,1033,lexicon,деушъэн,"to drive away or out, ; to expel ; to fill together with ; to pile together with",verb,деушъэн,accepted
wiktionary-01034,train,true,,wiktionary,1034,lexicon,дефыен,to expel upwards ; to launch upwards ; to raise price,verb,дефыен,accepted
wiktionary-01035,train,true,,wiktionary,1035,lexicon,дехын,to be taken out ; to go down together with,verb,дехын,accepted
wiktionary-01036,train,true,,wiktionary,1036,lexicon,дещыен,to raise (hold up) ; to take someone up,verb,дещыен,accepted
wiktionary-01037,train,true,,wiktionary,1037,lexicon,деӏэн,"to assist ; to be in favor of, to root for ; to help to push with someone",verb,деӏэн,accepted
wiktionary-01038,validation,true,,wiktionary,1038,lexicon,деӏэтаен,to raise,verb,деӏэтаен,accepted
wiktionary-01039,train,true,,wiktionary,1039,lexicon,джабгъо,right (the opposite of left),noun,джабгъо | джабгъор | джабгъохэмэ | джабгъохэ | джабгъом | джабгъохэм | джабгъокӏэ | джабгъоу | джабгъохэкӏэ | джабгъохыу | джабгъохэр,accepted
wiktionary-01040,train,true,,wiktionary,1040,lexicon,джагъо,"hated, despised",adj,джагъо,accepted
wiktionary-01041,train,true,,wiktionary,1041,lexicon,джагъу,"hatred, hate ; evil wisher, illwisher",noun,джагъу | джагъуэхэ | джагъуэм | джагъуэхэмэ | джагъуыу | джагъуэкӏэ | джагъуэхэкӏэ | джагъуэхэм | джагъуэхэр | джагъухыу | джагъуэ | джагъуэр,accepted
wiktionary-01042,train,true,,wiktionary,1042,lexicon,джадэ,big ; gigantic,adj,джадэ,accepted
wiktionary-01043,train,true,,wiktionary,1043,lexicon,джае,catfish; sheatfish,noun,джае | джаем | джаер | джаехэм | джаекӏэ | джаеу | джаехэр | джаехэкӏэ | джаехыу | джаехэ | джаехэмэ,accepted
wiktionary-01044,test,true,,wiktionary,1044,lexicon,джакӏо,caller ; spinner ; Yarn maker,noun,джакӏо | джакӏохэм | джакӏохэр | джакӏом | джакӏор | джакӏохыу | джакӏохэкӏэ | джакӏокӏэ | джакӏохэ | джакӏоу | джакӏохэмэ,accepted
wiktionary-01045,train,true,,wiktionary,1045,lexicon,джамбырыу,screw,noun,джамбырыу | джамбырыуыу | джамбырыуэхэм | джамбырыуэхэмэ | джамбырыуэхэр | джамбырыуэр | джамбырыуэм | джамбырыуэхэ | джамбырыуэкӏэ | джамбырыухыу | джамбырыуэхэкӏэ | джамбырыуэ,accepted
wiktionary-01046,test,true,,wiktionary,1046,lexicon,джамбырыугъазэ,screwdriver,noun,джамбырыугъазэ | джамбырыугъазэм | джамбырыугъазэу | джамбырыугъазэкӏэ | джамбырыугъазэхэм | джамбырыугъазэхэ | джамбырыугъазэхэмэ | джамбырыугъазэхэкӏэ | джамбырыугъазэхыу | джамбырыугъазэр | джамбырыугъазэхэр,accepted
wiktionary-01047,train,true,,wiktionary,1047,lexicon,джан,great,adj,джан,accepted
wiktionary-01048,train,true,,wiktionary,1048,lexicon,джанкъылъыщ,Djanqilish (Circassian game),noun,джанкъылъыщ,accepted
wiktionary-01049,train,true,,wiktionary,1049,lexicon,джанщэрэхъ,great wheel (often appears in Nart Sega stories),noun,джанщэрэхъ,accepted
wiktionary-01050,train,true,,wiktionary,1050,lexicon,джанэ,"chemise, shirt ; dress, robe",noun,джанэ | джанэхэмэ | джанэм | джанэхыу | джанэхэм | джанэр | джанэхэ | джанэкӏэ | джанэу | джанэхэр | джанэхэкӏэ,accepted
wiktionary-01051,test,true,,wiktionary,1051,lexicon,джаргъэн,"obstinate, stubborn",adj,джаргъэн,accepted
wiktionary-01052,train,true,,wiktionary,1052,lexicon,джары,that is,adv,джары | гьары,accepted
wiktionary-01053,validation,true,,wiktionary,1053,lexicon,джарэу,and so,adv,джарэу,accepted
wiktionary-01054,test,true,,wiktionary,1054,lexicon,джасэ,knife (a kind of old knife),noun,джасэ | джасэхэр | джасэкӏэ | джасэхэмэ | джасэхэкӏэ | джасэхэм | джасэм | джасэхэ | джасэхыу | джасэр | джасэу,accepted
wiktionary-01055,train,true,,wiktionary,1055,lexicon,джау,"at that, there",adv,джау,accepted
wiktionary-01056,train,true,,wiktionary,1056,lexicon,джаузэ,and so,adv,джаузэ,accepted
wiktionary-01057,train,true,,wiktionary,1057,lexicon,джаур,infidel,noun,джаур | гьаурэхэкӏэ | джаурэхэ | гьаур | джаурэм | гьаурэхэм | гьаурыу | джаурэкӏэ | гьаурэ | гьаурэхыу | джаурыу | гьаурэхэр | джаурэхэм | гьаурэкӏэ | джаурэхэмэ | гьаурэхэмэ | джаурэхыу | гьаурэм | джаурэр | гьаурэр | джаурэхэр | гьаурэхэ | джаурэхэкӏэ | джаурэ,accepted
wiktionary-01058,test,true,,wiktionary,1058,lexicon,джаущтэу,and so ; like that,adv,джаущтэу,accepted
wiktionary-01059,train,true,,wiktionary,1059,lexicon,джашъо,bald ; bare ; poor,adj,джашъо,accepted
wiktionary-01060,train,true,,wiktionary,1060,lexicon,джурт,Jewish person; Jew,noun,джурт | джуртыу | джуртэхэр | джуртэр | джуртэм | джуртэхэмэ | джуртэхэкӏэ | джуртэхэм | джуртэ | джуртэкӏэ | джуртэхыу | джуртэхэ,accepted
wiktionary-01061,excluded_benchmark_overlap,false,exact_normalized_input_target_or_variant_overlap_with_benchmark,wiktionary,1061,lexicon,джы,now,adv,джы | иджы,accepted
wiktionary-01062,train,true,,wiktionary,1062,lexicon,джыбэ,pocket,noun,джыбэ | джыбэр | джыбэм | джыбэхыу | джыбэхэ | джыбэхэм | джыбэу | джыбэхэкӏэ | джыбэхэр | джыбэкӏэ | джыбэхэмэ,accepted
wiktionary-01063,train,true,,wiktionary,1063,lexicon,джыджэн,to be rolling,verb,джыджэн | мэджыджэн,accepted
wiktionary-01064,train,true,,wiktionary,1064,lexicon,джыдэдэм,"right now, immediately, at once",adv,джыдэдэм,accepted
wiktionary-01065,validation,true,,wiktionary,1065,lexicon,джыкӏэ,for the time being,adv,джыкӏэ,accepted
wiktionary-01066,train,true,,wiktionary,1066,lexicon,джын,to spin,verb,джын,accepted
wiktionary-01067,train,true,,wiktionary,1067,lexicon,джынапцӏэ,devil (Jinn),noun,джынапцӏэ | джынапцӏэхэм | джынапцӏэу | джынапцӏэкӏэ | джынапцӏэхэкӏэ | джынапцӏэр | джынапцӏэхэ | джынапцӏэхыу | джынапцӏэхэр | джынапцӏэм | джынапцӏэхэмэ,accepted
wiktionary-01068,train,true,,wiktionary,1068,lexicon,джынджыф,"Djenjef (an Circassian mythological horse),",noun,джынджыф | джынджыфэхэ | джынджыфэхэмэ | джынджыфэкӏэ | джынджыфэхыу | джынджыфэхэм | джынджыфэхэкӏэ | джынджыфэм | джынджыфэ | джынджыфэр | джынджыфыу | джынджыфэхэр,accepted
wiktionary-01069,train,true,,wiktionary,1069,lexicon,джыны,"cotton, hair, wool, Yarn material",noun,джыны | джыныхэмэ | джыныр | джыным | джыныкӏэ | джыныу | джыныхэр | джыныхэкӏэ | джыныхэм | джыныхыу,accepted
wiktionary-01070,test,true,,wiktionary,1070,lexicon,джынэ,jinn,noun,джынэ | джынэм | джынэхэм | джынэхэмэ | джынэхэкӏэ | джынэу | джынэр | джынэхэр | джынэхыу | джынэхэ | джынэкӏэ,accepted
wiktionary-01071,train,true,,wiktionary,1071,lexicon,джынэс,until now,adv,джынэс,accepted
wiktionary-01072,train,true,,wiktionary,1072,lexicon,джынэузэщ,sanitarium,noun,джынэузэщ | джынэузэщэхыу | джынэузэщэхэм | джынэузэщэхэмэ | джынэузэщэкӏэ | джынэузэщыу | джынэузэщэхэ | джынэузэщэм | джынэузэщэхэкӏэ | джынэузэщэр | джынэузэщэхэр | джынэузэщэ,accepted
wiktionary-01073,train,true,,wiktionary,1073,lexicon,джыри,again,adv,джыри,accepted
wiktionary-01074,train,true,,wiktionary,1074,lexicon,джырыкъу,"graceless, insolent, rude",adj,джырыкъу,accepted
wiktionary-01075,train,true,,wiktionary,1075,lexicon,джырэ,present,noun,джырэ | джырэхэр | джырэхэм | джырэм | джырэхэмэ | джырэу | джырэхэкӏэ | джырэхыу | джырэхэ | джырэкӏэ | джырэр,accepted
wiktionary-01076,train,true,,wiktionary,1076,lexicon,джырэблагъ,"In a while, Since a short time, soon",adv,джырэблагъ,accepted
wiktionary-01077,train,true,,wiktionary,1077,lexicon,джырэкӏэ,at present ; for the time being,adv,джырэкӏэ,accepted
wiktionary-01078,train,true,,wiktionary,1078,lexicon,джыхьан,Mowing (grass),noun,джыхьан,accepted
wiktionary-01079,excluded_benchmark_overlap,false,exact_normalized_input_target_or_variant_overlap_with_benchmark,wiktionary,1079,lexicon,джыхьынэм,hell,noun,джыхьынэм | джыхьынэмэр | джыхьынэмэхэмэ | джыхьынэмэкӏэ | джыхьынэмэхэкӏэ | джыхьынэмэм | джыхьынэмэхэм | джыхьынэмэхэр | джыхьынэмыу | джыхьынэмэхыу | джыхьынэмэ | джыхьынэмэхэ,accepted
wiktionary-01080,test,true,,wiktionary,1080,lexicon,джэгогъу,playing mate; playmate,noun,джэгогъу | джэгогъуэ | джэгогъуэхэм | джэгогъухыу | джэгогъуэм | джэгогъуэр | джэгогъуэхэкӏэ | джэгогъуэхэр | джэгогъуэкӏэ | джэгогъуэхэмэ | джэгогъуыу | джэгогъуэхэ,accepted
wiktionary-01081,train,true,,wiktionary,1081,lexicon,джэгу,Djagu (a Circassian dance party) ; game,noun,джэгу | гьэгу,accepted
wiktionary-01082,train,true,,wiktionary,1082,lexicon,джэгуакӏо,actor ; player (One who plays any game or sport.) ; player (One who plays on a musical instrument.),noun,джэгуакӏо | джэгуакӏохэр | джэгуакӏокӏэ | джэгуакӏоу | джэгуакӏом | джэгуакӏохэкӏэ | джэгуакӏохэм | джэгуакӏохэ | джэгуакӏор | джэгуакӏохыу | джэгуакӏохэмэ,accepted
wiktionary-01083,validation,true,,wiktionary,1083,lexicon,джэгуалъэ,toy,noun,джэгуалъэ | джэгуалъэхэ | джэгуалъэм | джэгуалъэхэкӏэ | гьэгуалъэхэ | джэгуалъэхэм | гьэгуалъэм | гьэгуалъэхэр | джэгуалъэхэр | гьэгуалъэ | джэгуалъэхэмэ | гьэгуалъэхэмэ | гьэгуалъэхэм | гьэгуалъэкӏэ | джэгуалъэкӏэ | джэгуалъэхыу | гьэгуалъэхэкӏэ | гьэгуалъэу | гьэгуалъэр | гьэгуалъэхыу | джэгуалъэр | джэгуалъэу,accepted
wiktionary-01084,train,true,,wiktionary,1084,lexicon,джэгун,"to play (a game) ; to play, to act (To act as the indicated role, especially in a performance) ; (rare) to dance in a Djagu (a Circassian dance party)",verb,джэгун | гьэгун | мэджэгун,accepted
wiktionary-01085,train,true,,wiktionary,1085,lexicon,джэгупӏэ,stadium ; playground,noun,джэгупӏэ | джэгупӏэхыу | джэгупӏэр | джэгупӏэм | джэгупӏэхэм | джэгупӏэхэкӏэ | джэгупӏэкӏэ | джэгупӏэхэмэ | джэгупӏэу | джэгупӏэхэр | джэгупӏэхэ,accepted
wiktionary-01086,train,true,,wiktionary,1086,lexicon,джэгъогъу,"hated fellow ; evil wisher, illwisher, malevolent/spiteful person",noun,джэгъогъу | джэгъогъуэхэр | джэгъогъуэхэм | джэгъогъуэхэ | джэгъогъуэ | джэгъогъуэр | джэгъогъуэхэмэ | джэгъогъуэм | джэгъогъуэкӏэ | джэгъогъуэхэкӏэ | джэгъогъуыу | джэгъогъухыу,accepted
wiktionary-01087,train,true,,wiktionary,1087,lexicon,джэгъогъун,"to quarrel, to be at war with",verb,джэгъогъун,accepted
wiktionary-01088,train,true,,wiktionary,1088,lexicon,джэгъолӏ,despised husband or man,noun,джэгъолӏ | джэгъолӏэхэм | джэгъолӏэкӏэ | джэгъолӏэм | джэгъолӏэхэр | джэгъолӏэр | джэгъолӏыу | джэгъолӏэхыу | джэгъолӏэ | джэгъолӏэхэкӏэ | джэгъолӏэхэ | джэгъолӏэхэмэ,accepted
wiktionary-01089,train,true,,wiktionary,1089,lexicon,джэгъун,to hate,verb,джэгъун | иджэгъун,accepted
wiktionary-01090,train,true,,wiktionary,1090,lexicon,джэгъучӏэлъ,necklace,noun,джэгъучӏэлъ | джэгъучӏэлъэхэр | джэгъучӏэлъэм | джэгъучӏэлъэхэм | джэгъучӏэлъэхэкӏэ | джэгъучӏэлъэ | джэгъучӏэлъыу | джэгъучӏэлъэхыу | джэгъучӏэлъэкӏэ | джэгъучӏэлъэхэмэ | джэгъучӏэлъэр | джэгъучӏэлъэхэ,accepted
wiktionary-01091,train,true,,wiktionary,1091,lexicon,джэдз,spinach,noun,джэдз | джэдзэхэ | джэдзэм | джэдзэкӏэ | джэдзэхыу | джэдзэхэм | джэдзэхэр | джэдзэ | джэдзэхэкӏэ | джэдзэр | джэдзыу | джэдзэхэмэ,accepted
wiktionary-01092,train,true,,wiktionary,1092,lexicon,джэдыгу,fur coat,noun,джэдыгу | джэдыгуэхэр | джэдыгуэр | джэдыгуэм | джэдыгуыу | джэдыгуэхэкӏэ | джэдыгуэ | джэдыгуэкӏэ | джэдыгуэхэм | джэдыгуэхэмэ | джэдыгухыу | джэдыгуэхэ,accepted
wiktionary-01093,train,true,,wiktionary,1093,lexicon,джэлъын,"to gasp, to pant",verb,джэлъын,accepted
wiktionary-01094,train,true,,wiktionary,1094,lexicon,джэлыгъон,"to be confused, to be disturbed",verb,джэлыгъон,accepted
wiktionary-01095,validation,true,,wiktionary,1095,lexicon,джэмышх,spoon,noun,джэмышх | джэмышхэр | джэмышхэхэмэ | джэмышхэхэ | джэмышхэхэм | джэмышхыу | джэмышхэ | джэмышхэм | джэмышхэхэр | джэмышхэхэкӏэ | джэмышхэхыу | джэмышхэкӏэ,accepted
wiktionary-01096,test,true,,wiktionary,1096,lexicon,джэнапхъэ,material for dresses,noun,джэнапхъэ | джэнапхъэу | джэнапхъэм | джэнапхъэр | джэнапхъэхэмэ | джэнапхъэхэр | джэнапхъэхэм | джэнапхъэхыу | джэнапхъэхэкӏэ | джэнапхъэкӏэ | джэнапхъэхэ,accepted
wiktionary-01097,test,true,,wiktionary,1097,lexicon,джэнджэш,"advice, consultation",noun,джэнджэш | джэнджэшыу | джэнджэшэм | джэнджэшэхэр | джэнджэшэхэм | джэнджэшэхэкӏэ | джэнджэшэхыу | джэнджэшэхэ | джэнджэшэр | джэнджэшэхэмэ | джэнджэшэ | джэнджэшэкӏэ,accepted
wiktionary-01098,train,true,,wiktionary,1098,lexicon,джэндын,"to fall, to slip, to trip",verb,джэндын,accepted
wiktionary-01099,train,true,,wiktionary,1099,lexicon,джэнета,genet (Genetta spp.),noun,джэнета,accepted
wiktionary-01100,train,true,,wiktionary,1100,lexicon,джэнчы,haricot ; beans,noun,джэнчы | гьэч | гьэш,accepted
wiktionary-01101,train,true,,wiktionary,1101,lexicon,джэнчыдз,"diviner, fortune teller",noun,джэнчыдз | джэнчыдзэм | джэнчыдзэхэм | джэнчыдзэхэкӏэ | джэнчыдзэ | джэнчыдзэкӏэ | джэнчыдзэр | джэнчыдзыу | джэнчыдзэхэ | джэнчыдзэхыу | джэнчыдзэхэр | джэнчыдзэхэмэ,accepted
wiktionary-01102,train,true,,wiktionary,1102,lexicon,джэныкъохьаку,chimney ; fireplace,noun,джэныкъохьаку,accepted
wiktionary-01103,train,true,,wiktionary,1103,lexicon,джэныкъу,fireplace,noun,джэныкъу | джэныкъуэм | джэныкъуэ | джэныкъуэкӏэ | джэныкъуэхэмэ | джэныкъуэхэм | джэныкъуэр | джэныкъуэхэ | джэныкъуэхэкӏэ | джэныкъуэхэр | джэныкъухыу | джэныкъуыу,accepted
wiktionary-01104,train,true,,wiktionary,1104,lexicon,джэнэпылъапӏ,"coat hanger, clothes hanger",noun,джэнэпылъапӏ | гьэнэпылъапӏ,accepted
wiktionary-01105,train,true,,wiktionary,1105,lexicon,джэрыон,"to loiter, to ramble, to wander",verb,джэрыон,accepted
wiktionary-01106,validation,true,,wiktionary,1106,lexicon,джэрыуакӏо,"loiterer, rambler, tramp",noun,джэрыуакӏо | джэрыуакӏокӏэ | джэрыуакӏор | джэрыуакӏом | джэрыуакӏохэм | джэрыуакӏохыу | джэрыуакӏохэкӏэ | джэрыуакӏохэр | джэрыуакӏоу | джэрыуакӏохэ | джэрыуакӏохэмэ,accepted
wiktionary-01107,train,true,,wiktionary,1107,lexicon,джэуап,answer,noun,джэуап | джэуапэкӏэ | джэуапэхэр | джэуапэм | джэуапэр | джэуапыу | джэуапэ | джэуапэхыу | джэуапэхэ | джэуапэхэм | джэуапэхэкӏэ | джэуапэхэмэ,accepted
wiktionary-01108,train,true,,wiktionary,1108,lexicon,джэуап тын,"to reply, to answer",verb,джэуап тын | джэуап етын,accepted
wiktionary-01109,test,true,,wiktionary,1109,lexicon,джэущтэу,like that,adv,джэущтэу | гьэщту,accepted
wiktionary-01110,train,true,,wiktionary,1110,lexicon,джэфы,bright color,adj,джэфы | джэфыхыу | гьэфым | гьэфыхэкӏэ | гьэфыхэм | джэфыхэмэ | гьэфыкӏэ | гьэфыхыу | джэфыхэм | гьэфыхэр | джэфыхэкӏэ | гьэфыхэмэ | джэфыкӏэ | джэфыхэр | гьэфыу | джэфым | джэфыу | гьэфы | джэфыр | гьэфыр,accepted
wiktionary-01111,train,true,,wiktionary,1111,lexicon,джэхашъо,floor,noun,джэхашъо | джэхашъохэр | джыхашъо | джэхашъохэ | джэхашъохэкӏэ | джэхашъом | джэхашъохыу | джэхашъохэмэ | джэхашъор | джэхашъохэм | джэхашъокӏэ | джэхашъоу,accepted
wiktionary-01112,test,true,,wiktionary,1112,lexicon,джэщгъум,at that time ; then,adv,джэщгъум,accepted
wiktionary-01113,train,true,,wiktionary,1113,lexicon,дзакӏо,rookie soldier,noun,дзакӏо | дзакӏор | дзакӏохэр | дзакӏохэмэ | дзакӏокӏэ | дзакӏохэм | дзакӏоу | дзакӏохэ | дзакӏом | дзакӏохэкӏэ | дзакӏохыу,accepted
wiktionary-01114,train,true,,wiktionary,1114,lexicon,дзапӏэ,base,noun,дзапӏэ,accepted
wiktionary-01115,train,true,,wiktionary,1115,lexicon,дзон,"to dam, to dam up",verb,дзон,accepted
wiktionary-01116,train,true,,wiktionary,1116,lexicon,дзуцон,to shuck,verb,дзуцон,accepted
wiktionary-01117,train,true,,wiktionary,1117,lexicon,дзын,to throw,verb,дзын,accepted
wiktionary-01118,train,true,,wiktionary,1118,lexicon,дзыо,bag; sack,noun,дзыо | дзыоу | дзыом | дзыохэр | дзыохэмэ | дзыохэм | дзыохэкӏэ | дзыохэ | дзыор | дзыокӏэ | дзыохыу,accepted
wiktionary-01119,excluded_benchmark_overlap,false,exact_normalized_input_target_or_variant_overlap_with_benchmark,wiktionary,1119,lexicon,дзэ,military ; army,noun,дзэ | дзэм | дзэхэ | дзэхэм | дзэкӏэ | дзэхэр | дзэхыу | дзэхэкӏэ | дзэр | дзэхэмэ | дзэу,accepted
wiktionary-01120,test,true,,wiktionary,1120,lexicon,дзэкӏолӏы,soldier,noun,дзэкӏолӏы | дзэкӏолӏыхэр | дзэкӏолӏым | дзэкӏолӏыхыу | дзэкӏолӏыкӏэ | дзэкӏолӏыхэкӏэ | дзэкӏолӏыр | дзэкӏолӏыу | дзэкӏолӏыхэмэ | дзэкӏолӏыхэм,accepted
wiktionary-01121,validation,true,,wiktionary,1121,lexicon,дзэлыкъуэбгъэ,Old World vulture,noun,дзэлыкъуэбгъэ | дзэлыкъуэбгъэхэкӏэ | дзэлыкъуэбгъэхэ | дзэлыкъуэбгъэхэмэ | дзэлыкъуэбгъэкӏэ | дзэлыкъуэбгъэм | дзэлыкъуэбгъэу | дзэлыкъуэбгъэр | дзэлыкъуэбгъэхыу | дзэлыкъуэбгъэхэм | дзэлыкъуэбгъэхэр,accepted
wiktionary-01122,validation,true,,wiktionary,1122,lexicon,дзэлӏы,soldier,noun,дзэлӏы | дзэлӏыхэкӏэ | дзэлӏым | дзэлӏыхыу | дзэлӏыхэм | дзэлӏыу | дзэлӏыхэр | дзэлӏыр | дзэлӏыкӏэ | дзэлӏыхэмэ,accepted
wiktionary-01123,train,true,,wiktionary,1123,lexicon,дзэпщ,warlord,noun,дзэпщ,accepted
wiktionary-01124,test,true,,wiktionary,1124,lexicon,дийшъо дэон,to give a slap in the neck,noun,дийшъо дэон,accepted
wiktionary-01125,train,true,,wiktionary,1125,lexicon,динынчъэ,atheist,noun,динынчъэ,accepted
wiktionary-01126,train,true,,wiktionary,1126,lexicon,домбей,bison,noun,домбей | домбейэм | домбейэкӏэ | домбейэхыу | домбейэхэм | домбейэхэ | домбейэхэмэ | домбейэхэр | домбейыу | домбейэр | домбейэ | домбейэхэкӏэ,accepted
wiktionary-01127,train,true,,wiktionary,1127,lexicon,дунае,world,noun,дунае | дунай,accepted
wiktionary-01128,train,true,,wiktionary,1128,lexicon,дыджы,bitter,adj,дыджы | дыджыхэкӏэ | дыгьым | дыджым | дыджыхыу | дыджыкӏэ | дыгьыхэмэ | дыгьыу | дыджыу | дыгьыр | дыджыхэр | дыджыхэм | дыгьыхыу | дыгьыхэр | дыгьыхэкӏэ | дыгьыхэм | дыджыр | дыджыхэмэ | дыгьы | дыгьыкӏэ,accepted
wiktionary-01129,validation,true,,wiktionary,1129,lexicon,дыин,to become sore (sore muscle),verb,дыин,accepted
wiktionary-01130,train,true,,wiktionary,1130,lexicon,дый,back of the neck,noun,дый | дыйэхэм | дыйэм | дыйэкӏэ | дыйыу | дыйэхэкӏэ | дыйэхэмэ | дыйэр | дыйэхэ | дыйэ | дыйэхэр | дыйхыу,accepted
wiktionary-01131,validation,true,,wiktionary,1131,lexicon,дыйдалхь,necktie,noun,дыйдалхь | дыйдалхьэр | дыйдалхьэхэмэ | дыйдалхьэм | дыйдалхьэкӏэ | дыйдалхьэ | дыйдалхьэхэ | дыйдалхьэхэм | дыйдалхьэхыу | дыйдалхьэхэкӏэ | дыйдалхьыу | дыйдалхьэхэр,accepted
wiktionary-01132,test,true,,wiktionary,1132,lexicon,дыйдэлъ,scarf (neck),noun,дыйдэлъ | дыйдэлъэхэмэ | дыйдэлъэкӏэ | дыйдэлъэхэр | дыйдэлъэм | дыйдэлъыу | дыйдэлъэхыу | дыйдэлъэхэкӏэ | дыйдэлъэ | дыйдэлъэхэм | дыйдэлъэхэ | дыйдэлъэр,accepted
wiktionary-01133,train,true,,wiktionary,1133,lexicon,дыйрылъ,"task, problem ; object, objective, aim, goal, mission, end ; assignment, commission, errand",noun,дыйрылъ | дыйрылъэхэмэ | дыйрылъэм | дыйрылъэхэкӏэ | дыйрылъэхэм | дыйрылъэхэ | дыйрылъэ | дыйрылъэхыу | дыйрылъыу | дыйрылъэр | дыйрылъэхэр | дыйрылъэкӏэ,accepted
wiktionary-01134,train,true,,wiktionary,1134,lexicon,дыйшъо,skin of the back part of the neck,noun,дыйшъо | дыйшъор | дыйшъохыу | дыйшъокӏэ | дыйшъохэр | дыйшъохэмэ | дыйшъоу | дыйшъом | дыйшъохэкӏэ | дыйшъохэ | дыйшъохэм,accepted
wiktionary-01135,train,true,,wiktionary,1135,lexicon,дыйшъоутын,neck slap; slap in the neck,noun,дыйшъоутын | дыйшъоутынэкӏэ | дыйшъоутынэхэ | дыйшъоутынэм | дыйшъоутынэхэкӏэ | дыйшъоутынэхэм | дыйшъоутынэхыу | дыйшъоутынэр | дыйшъоутынэ | дыйшъоутыныу | дыйшъоутынэхэр | дыйшъоутынэхэмэ,accepted
wiktionary-01136,train,true,,wiktionary,1136,lexicon,дыкъын,"to freeze, to congeal",verb,дыкъын,accepted
wiktionary-01137,test,true,,wiktionary,1137,lexicon,дын,to sew,verb,дын,accepted
wiktionary-01138,train,true,,wiktionary,1138,lexicon,дыо,leech,noun,дыо | дыом | дыокӏэ | дыохэмэ | дыохыу | дыор | дыоу | дыохэ | дыохэкӏэ | дыохэм | дыохэр,accepted
wiktionary-01139,train,true,,wiktionary,1139,lexicon,дыргу,expression of Crashing/Falling sound,intj,дыргу,accepted
wiktionary-01140,train,true,,wiktionary,1140,lexicon,дырын,to swallow ; to devour,verb,дырын,accepted
wiktionary-01141,validation,true,,wiktionary,1141,lexicon,дысы,"steep, precipitous ; sharp, abrupt (offensive, critical, or acrimonious) ; cheeky, naughty, rude",adj,дысы,accepted
wiktionary-01142,excluded_benchmark_overlap,false,exact_normalized_input_target_or_variant_overlap_with_benchmark,wiktionary,1142,lexicon,дыу,that,det,дыу,accepted
wiktionary-01143,test,true,,wiktionary,1143,lexicon,дыухьэ,prayer (request),noun,дыухьэ | дыухьэхэр | дыухьэхэм | дыухьэхэмэ | дыухьэхэ | дыухьэм | дыухьэхэкӏэ | дыухьэхыу | дыухьэкӏэ | дыухьэу | дыухьэр,accepted
wiktionary-01144,train,true,,wiktionary,1144,lexicon,дыухэр,(absolutive case) those,pron,дыухэр,accepted
wiktionary-01145,train,true,,wiktionary,1145,lexicon,дыуэр,"that, that person: that person or object (absolutive case)",pron,дыуэр,accepted
wiktionary-01146,train,true,,wiktionary,1146,lexicon,дышъ,gold,noun,дышъ,accepted
wiktionary-01147,train,true,,wiktionary,1147,lexicon,дышъэ,gold,noun,дышъэ | дышъэу | дышъэхыу | дышъэр | дышъэхэ | дышъэм | дышъэхэм | дышъэкӏэ | дышъэхэмэ | дышъэхэкӏэ | дышъэхэр,accepted
wiktionary-01148,train,true,,wiktionary,1148,lexicon,дышъэкӏ,jeweler,noun,дышъэкӏ | дышъэкӏэкӏэ | дышъэкӏэхэр | дышъэкӏэхэм | дышъэкӏэхыу | дышъэкӏэхэмэ | дышъэкӏэ | дышъэкӏэм | дышъэкӏыу | дышъэкӏэр | дышъэкӏэхэ | дышъэкӏэхэкӏэ,accepted
wiktionary-01149,train,true,,wiktionary,1149,lexicon,дышъэчэт,peafowl (Bird),noun,дышъэчэт | дышъэчэтэхэм | дышъэчэтэхыу | дышъэчэтэр | дышъэчэтэм | дышъэчэтыу | дышъэчэтэхэмэ | дышъэчэтэхэкӏэ | дышъэчэтэхэр | дышъэчэтэхэ | дышъэчэтэкӏэ | дышъэчэтэ,accepted
wiktionary-01150,validation,true,,wiktionary,1150,lexicon,дыщыпс,stew,noun,дыщыпс | дыщыпсэхыу | дыщыпсэхэ | дыщыпсэхэкӏэ | дыщыпсэр | дыщыпсэм | дыщыпсэхэм | дыщыпсыу | дыщыпсэхэр | дыщыпсэ | дыщыпсэкӏэ | дыщыпсэхэмэ,accepted
wiktionary-01151,excluded_benchmark_overlap,false,exact_normalized_input_target_or_variant_overlap_with_benchmark,wiktionary,1151,lexicon,дэ,walnut (fruit) ; walnut (tree),noun,дэ | дэм | дэхэкӏэ | дэхэмэ | дэхыу | дэхэ | дэхэм | дэу | дэкӏэ | дэр | дэхэр,accepted
wiktionary-01152,train,true,,wiktionary,1152,lexicon,дэбзыкъу,sideburn,noun,дэбзыкъу | дэбзыкъуэм | дэбзыкъуэхэмэ | дэбзыкъуыу | дэбзыкъуэхэкӏэ | дэбзыкъуэкӏэ | дэбзыкъухыу | дэбзыкъуэхэ | дэбзыкъуэр | дэбзыкъуэхэр | дэбзыкъуэ | дэбзыкъуэхэм,accepted
wiktionary-01153,train,true,,wiktionary,1153,lexicon,дэбыбэен,to fly (upward),verb,дэбыбэен,accepted
wiktionary-01154,train,true,,wiktionary,1154,lexicon,дэгу,deaf person ; deaf,noun | adj,дэгу | дэгуэхэмэ | дэгуэхэ | дэгуэкӏэ | дэгуэм | дэгуэхэкӏэ | дэгуэр | дэгуэхэм | дэгуыу | дэгухыу | дэгуэ | дэгуэхэр,accepted
wiktionary-01155,train,true,,wiktionary,1155,lexicon,дэгъналъэ,clothespin,noun,дэгъналъэ | дэгъналъэм | дэгъналъэхэм | дэгъналъэу | дэгъналъэхэмэ | дэгъналъэхэр | дэгъналъэхыу | дэгъналъэкӏэ | дэгъналъэхэкӏэ | дэгъналъэр | дэгъналъэхэ,accepted
wiktionary-01156,train,true,,wiktionary,1156,lexicon,дэгъолъхьан,to lay down inside another object ; to lay down in,verb,дэгъолъхьан,accepted
wiktionary-01157,excluded_benchmark_overlap,false,exact_normalized_input_target_or_variant_overlap_with_benchmark,wiktionary,1157,lexicon,дэгъу,good,adj,дэгъу | дэгъумкӏэ | дэгъукӏэ | дэгъухэм | дэгъухыу | дэгъум | дэгъухэкӏэ | дэгъухэмэ | дэгъур | дэгъуу | дэгъухэр,accepted
wiktionary-01158,train,true,,wiktionary,1158,lexicon,дэгъэбыбыкӏын,"to fly out, to speed away,",verb,дэгъэбыбыкӏын,accepted
wiktionary-01159,train,true,,wiktionary,1159,lexicon,дэгъэбыбэен,to launch high; ; to make/let something fly upward,verb,дэгъэбыбэен,accepted
wiktionary-01160,train,true,,wiktionary,1160,lexicon,дэгъэбылъхьан,to hide something in,verb,дэгъэбылъхьан | дегъэбылъхьэн | дэгъэбылъхьэн,accepted
wiktionary-01161,train,true,,wiktionary,1161,lexicon,дэгъэдыдыкӏын,to make someone leave quicklyl,verb,дэгъэдыдыкӏын,accepted
wiktionary-01162,train,true,,wiktionary,1162,lexicon,дэгъэзен,to send someone upwards,verb,дэгъэзен,accepted
wiktionary-01163,train,true,,wiktionary,1163,lexicon,дэгъэзын,to make something fall out of another object,verb,дэгъэзын,accepted
wiktionary-01164,train,true,,wiktionary,1164,lexicon,дэгъэкӏоен,to raise (hold up) ; to make someone/something go up,verb,дэгъэкӏоен,accepted
wiktionary-01165,test,true,,wiktionary,1165,lexicon,дэгъэнэн,"to make someone stuck ; (vulgar, slang) to fuck, to have sexual intercourse with",verb,дэгъэнэн,accepted
wiktionary-01166,train,true,,wiktionary,1166,lexicon,дэгъэптӏэн,to get something stuck,verb,дэгъэптӏэн,accepted
wiktionary-01167,train,true,,wiktionary,1167,lexicon,дэгъэткӏон,to drop liquid into something,verb,дэгъэткӏон | дигъэткӏон,accepted
wiktionary-01168,train,true,,wiktionary,1168,lexicon,дэгъэтын,to make/allow someone or something to stay (In some area),verb,дэгъэтын,accepted
wiktionary-01169,train,true,,wiktionary,1169,lexicon,дэгъэтӏысхьэн,to make/allow someone or something to sit (In some area),verb,дэгъэтӏысхьэн,accepted
wiktionary-01170,train,true,,wiktionary,1170,lexicon,дэгъэтӏытӏэн,to spill some liquid into somewhere,verb,дэгъэтӏытӏэн,accepted
wiktionary-01171,train,true,,wiktionary,1171,lexicon,дэгъэуцон,to place/put somethings somewhere,verb,дэгъэуцон,accepted
wiktionary-01172,train,true,,wiktionary,1172,lexicon,дэгъэфэн,to make something fit into somewhere,verb,дэгъэфэн,accepted
wiktionary-01173,train,true,,wiktionary,1173,lexicon,дэгъэчъыхьэн,to freeze (in some area),verb,дэгъэчъыхьэн,accepted
wiktionary-01174,train,true,,wiktionary,1174,lexicon,дэж,near ; one's place,adv,дэж,accepted
wiktionary-01175,excluded_benchmark_overlap,false,exact_normalized_input_target_or_variant_overlap_with_benchmark,wiktionary,1175,lexicon,дэжь,near,adj,дэжь,accepted
wiktionary-01176,train,true,,wiktionary,1176,lexicon,дэзэкӏон,to treat someone like,verb,дэзэкӏон,accepted
wiktionary-01177,train,true,,wiktionary,1177,lexicon,дэи,bad ; ill,adj,дэи | дэй,accepted
wiktionary-01178,train,true,,wiktionary,1178,lexicon,дэигъэ,badness,noun,дэигъэ,accepted
wiktionary-01179,train,true,,wiktionary,1179,lexicon,дэкон,to forcefully push / cram / stuff something into an object ; to tuck,verb,дэкон,accepted
wiktionary-01180,train,true,,wiktionary,1180,lexicon,дэкьэн,to pour,verb,дэкьэн,accepted
wiktionary-01181,train,true,,wiktionary,1181,lexicon,дэкӏогъу,marriageable age for woman,noun,дэкӏогъу,accepted
wiktionary-01182,test,true,,wiktionary,1182,lexicon,дэкӏоен,to go upward,verb,дэкӏоен,accepted
wiktionary-01183,train,true,,wiktionary,1183,lexicon,дэкӏон,"to go with him/her, to go alongside him/her ; to marry a man/boy.",verb,дэкӏон,accepted
wiktionary-01184,train,true,,wiktionary,1184,lexicon,дэкӏоцэн,to put or push someone or an object forcefully against something,verb,дэкӏоцэн,accepted
wiktionary-01185,train,true,,wiktionary,1185,lexicon,дэкӏояпӏэ,ladder,noun,дэкӏояпӏэ,accepted
wiktionary-01186,train,true,,wiktionary,1186,lexicon,дэкӏын,to go out,verb,дэкӏын,accepted
wiktionary-01187,test,true,,wiktionary,1187,lexicon,дэлъхьэн,to put in,verb,дэлъхьэн,accepted
wiktionary-01188,test,true,,wiktionary,1188,lexicon,дэлъын,to lay inside another object ; to lay inside a defined area,verb,дэлъын,accepted
wiktionary-01189,train,true,,wiktionary,1189,lexicon,дэлъыпӏэ,closet,noun,дэлъыпӏэ,accepted
wiktionary-01190,train,true,,wiktionary,1190,lexicon,дэн,"to permit, to accept, to consent, to assent ; to sew",verb,дэн,accepted
wiktionary-01191,validation,true,,wiktionary,1191,lexicon,дэнэн,"to become stuck (trapped and unable to move) ; to become stuck (unable to progress) ; to stay, remain (should have the prefix къы- /qə-/)",verb,дэнэн,accepted
wiktionary-01192,train,true,,wiktionary,1192,lexicon,дэон,to sew,verb,дэон,accepted
wiktionary-01193,train,true,,wiktionary,1193,lexicon,дэпкъы,fence ; rail ; wall,noun,дэпкъы | дэпкъыхэмэ | дэпкъыхэм | дэпкъыхыу | дэпкъым | дэпкъыу | дэпкъыкӏэ | дэпкъыр | дэпкъыхэкӏэ | дэпкъыхэр,accepted
wiktionary-01194,train,true,,wiktionary,1194,lexicon,дэптӏэн,to get something stuck,verb,дэптӏэн,accepted
wiktionary-01195,train,true,,wiktionary,1195,lexicon,дэсын,to sit (In some specific area) ; to settle (In some specific area) ; to be in some specific area,verb,дэсын,accepted
wiktionary-01196,train,true,,wiktionary,1196,lexicon,дэтхъын,to pull out (usually a page),verb,дэтхъын,accepted
wiktionary-01197,train,true,,wiktionary,1197,lexicon,дэтэкъон,to throw stuff into somewhere,verb,дэтэкъон,accepted
wiktionary-01198,train,true,,wiktionary,1198,lexicon,дэтэкъун,to throw stuff from somewhere,verb,дэтэкъун,accepted
wiktionary-01199,train,true,,wiktionary,1199,lexicon,дэуахьы,prayer (A request),noun,дэуахьы | дэуахьыхэмэ | дэуахьыкӏэ | дэуахьыхыу | дэуахьым | дэуахьыхэм | дэуахьыхэр | дэуахьыу | дэуахьыхэкӏэ | дэуахьыр,accepted
wiktionary-01200,test,true,,wiktionary,1200,lexicon,дэублэн,"to start with someone ; to hit up; to flirt with; to approach and speak to (someone), seeking romance, love, sex, etc.",verb,дэублэн,accepted
wiktionary-01201,test,true,,wiktionary,1201,lexicon,дэубытэн,"to arrest in, to catch in, to close someone in",verb,дэубытэн,accepted
wiktionary-01202,train,true,,wiktionary,1202,lexicon,дэугощын,"to distribute with, to divide with,",verb,дэугощын,accepted
wiktionary-01203,train,true,,wiktionary,1203,lexicon,дэфын,"to crash, to drive off",verb,дэфын,accepted
wiktionary-01204,validation,true,,wiktionary,1204,lexicon,дэфыцӏэн,"to compress inside something, to press forcefully something against a solid thing",verb,дэфыцӏэн,accepted
wiktionary-01205,train,true,,wiktionary,1205,lexicon,дэфэн,"to crash, to drive off ; fall into some area",verb,дэфэн,accepted
wiktionary-01206,excluded_benchmark_overlap,false,exact_normalized_input_target_or_variant_overlap_with_benchmark,wiktionary,1206,lexicon,дэхьан,to go / enter a defined area,verb,дэхьан | жэхэхьан | зэбгырыхьан | пыхьан | кӏоцӏы | шъхьапырыхьан | ӏу | шъхьадэхьан | хэхьан | кӏоцӏыхьан | лъы | и | кӏэлъыры | пэхьан | бгъодэ | техьан | кӏэлъырыхьан | бгъодэхьан | шъхьадэ | хэ | зэбгыры | те | ӏухьан | чӏэ | дэ | гохьан | къохьан | го | шъхьапыры | пы | зэкӏэ | чӏэхьан | жэхэ | жэдэ | ихьан | жэдэхьан | лъыхьан | къо | джыхэхьэн | зэкӏэхьан,accepted
wiktionary-01207,train,true,,wiktionary,1207,lexicon,дэхьапӏэ,"entrance, entry",noun,дэхьапӏэ | дэхьапӏэм | дэхьапӏэу | дэхьапӏэхэмэ | дэхьапӏэр | дэхьапӏэкӏэ | дэхьапӏэхэм | дэхьапӏэхэкӏэ | дэхьапӏэхэр | дэхьапӏэхэ | дэхьапӏэхыу,accepted
wiktionary-01208,train,true,,wiktionary,1208,lexicon,дэхьащх,laugh,noun,дэхьащх,accepted
wiktionary-01209,train,true,,wiktionary,1209,lexicon,дэхьащхын,"to ridicule, to mock, to make fun of; to make a fool of (someone)",verb,дэхьащхын | дыхьэщхын,accepted
wiktionary-01210,train,true,,wiktionary,1210,lexicon,дэхьыен,"to raise, to elevate, to take upwards ; to glorify someone, to elevate someone's reputation",verb,дэхьыен | дехьыен,accepted
wiktionary-01211,validation,true,,wiktionary,1211,lexicon,дэхьын,to take somethings with oneself,verb,дэхьын,accepted
wiktionary-01212,train,true,,wiktionary,1212,lexicon,дэхьыхын,"to charm, to fascinate ; to infatuate",verb,дэхьыхын | дехьыхын,accepted
wiktionary-01213,train,true,,wiktionary,1213,lexicon,дэхьэ,still ; keep (Only in Imperative mood),adv,дэхьэ,accepted
wiktionary-01214,test,true,,wiktionary,1214,lexicon,дэхьэгъу,entrance,noun,дэхьэгъу | дэхьэгъухэкӏэ | дэхьагъом | дэхьэгъумкӏэ | дэхьэгъухэр | дэхьагъокӏэ | дэхьэгъухэм | дэхьэгъухыу | дэхьагъор | дэхьагъохыу | дэхьэгъухэмэ | дэхьагъоу | дэхьэгъухэ | дэхьагъохэ | дэхьагъохэм | дэхьэгъум | дэхьагъохэр | дэхьэгъуу | дэхьэгъукӏэ | дэхьагъохэкӏэ | дэхьагъо | дэхьагъохэмэ | дэхьэгъур,accepted
wiktionary-01215,train,true,,wiktionary,1215,lexicon,дэхьэзэ,again,adv,дэхьэзэ,accepted
wiktionary-01216,train,true,,wiktionary,1216,lexicon,дэхэт,probably,adv,дэхэт,accepted
wiktionary-01217,train,true,,wiktionary,1217,lexicon,дэшхын,dinner,noun,дэшхын | дэшхынэм | дэшхынэхэ | дэшхынэхэкӏэ | дэшхынэхэр | дэшхынэ | дэшхыныу | дэшхынэхэм | дэшхынэхыу | дэшхынэр | дэшхынэхэмэ | дэшхынэкӏэ,accepted
wiktionary-01218,train,true,,wiktionary,1218,lexicon,дэшӏыхьэн,to build in,verb,дэшӏыхьэн,accepted
wiktionary-01219,train,true,,wiktionary,1219,lexicon,дэщтэн,to agree upon with,verb,дэщтэн,accepted
wiktionary-01220,train,true,,wiktionary,1220,lexicon,дэщыен,to raise,verb,дэщыен,accepted
wiktionary-01221,train,true,,wiktionary,1221,lexicon,дэщэн,to take someone with oneself,verb,дэщэн,accepted
wiktionary-01222,train,true,,wiktionary,1222,lexicon,дэялъ,"walnut garden,",verb,дэялъ,accepted
wiktionary-01223,train,true,,wiktionary,1223,lexicon,дэӏон,to listen ; to listen and obey,verb,дэӏон | мэдэӏон,accepted
wiktionary-01224,train,true,,wiktionary,1224,lexicon,дэӏэпыӏэн,to help; to aid; to assist,verb,дэӏэпыӏэн,accepted
wiktionary-01225,train,true,,wiktionary,1225,lexicon,е,or,adv,е,accepted
wiktionary-01226,train,true,,wiktionary,1226,lexicon,ебгъэн,to be angry ; to take offense at,verb,ебгъэн,accepted
wiktionary-01227,train,true,,wiktionary,1227,lexicon,ебгъэчэхын,"to slide someone or something, to made something or someone slide ; to insult someone, to offend someone",verb,ебгъэчэхын,accepted
wiktionary-01228,train,true,,wiktionary,1228,lexicon,ебгын,to curse someone; to damn someone; to wish something horrible for someone,verb,ебгын | бгэн,accepted
wiktionary-01229,train,true,,wiktionary,1229,lexicon,ебз,"waste ; dung, manure (fertilizer)",noun,ебз | ебзэхэмэ | ебзэхэм | ебзэм | ебзэкӏэ | ебзэхэр | ебзэр | ебзэ | ебзэхэкӏэ | ебзэхыу | ебзэхэ | ебзыу,accepted
wiktionary-01230,train,true,,wiktionary,1230,lexicon,еблэгъапӏэ,waiting room,noun,еблэгъапӏэ | еблэгъапӏэхэмэ | еблэгъапӏэхэкӏэ | еблэгъапӏэхэ | еблэгъапӏэхэр | еблэгъапӏэхэм | еблэгъапӏэу | еблэгъапӏэм | еблэгъапӏэхыу | еблэгъапӏэкӏэ | еблэгъапӏэр,accepted
wiktionary-01231,train,true,,wiktionary,1231,lexicon,еблэгъэн,"to go near, to get close",verb,еблэгъэн,accepted
wiktionary-01232,train,true,,wiktionary,1232,lexicon,ебэджын,to fall on the ground,verb,ебэджын,accepted
wiktionary-01233,train,true,,wiktionary,1233,lexicon,егугъун,to put afford in,verb,егугъун,accepted
wiktionary-01234,train,true,,wiktionary,1234,lexicon,егун,"to crush, to mash, to pound, to squash",verb,егун | гун,accepted
wiktionary-01235,train,true,,wiktionary,1235,lexicon,егъанэ,scab,noun,егъанэ | егъанэхэмэ | егъанэхэ | егъанэхэм | егъанэу | егъанэм | егъанэхыу | егъанэр | егъанэхэр | егъанэхэкӏэ | егъанэкӏэ,accepted
wiktionary-01236,train,true,,wiktionary,1236,lexicon,егъашӏи,never,adv,егъашӏи,accepted
wiktionary-01237,train,true,,wiktionary,1237,lexicon,егъуин,to be throwing stuff at someone,verb,егъуин | къэгъуен | гъоин | егъоин,accepted
wiktionary-01238,train,true,,wiktionary,1238,lexicon,егъэблэгъэн,to make someone close to something,verb,егъэблэгъэн,accepted
wiktionary-01239,train,true,,wiktionary,1239,lexicon,егъэбэджын,to knock off (To bump or hit so that something falls off),verb,егъэбэджын,accepted
wiktionary-01240,train,true,,wiktionary,1240,lexicon,егъэджэн,to teach,verb,егъэджэн | гъэджэн | гъэгьэн,accepted
wiktionary-01241,train,true,,wiktionary,1241,lexicon,егъэжьапӏэ,starting point,verb,егъэжьапӏэ,accepted
wiktionary-01242,test,true,,wiktionary,1242,lexicon,егъэжьэн,to make something start up/start ; to initiate,verb,егъэжьэн | гъэжьэн,accepted
wiktionary-01243,test,true,,wiktionary,1243,lexicon,егъэзыгъ,desperate,adj,егъэзыгъ,accepted
wiktionary-01244,train,true,,wiktionary,1244,lexicon,егъэзын,"to force someone do something (usually unwillingly) ; to have an irrational need or irresistible urge to perform some action, often despite negative consequences",verb,егъэзын | регъэзын,accepted
wiktionary-01245,train,true,,wiktionary,1245,lexicon,егъэкӏун,to make something or someone fit (Can be in some group or place) ; to make something suitable ; to put in place,verb,егъэкӏун,accepted
wiktionary-01246,train,true,,wiktionary,1246,lexicon,егъэлъэгъун,to show,verb,егъэлъэгъун,accepted
wiktionary-01247,train,true,,wiktionary,1247,lexicon,егъэлыен,"to grossly exaggerate,",verb,егъэлыен,accepted
wiktionary-01248,train,true,,wiktionary,1248,lexicon,егъэолӏэн,to make something collide against something else,verb,егъэолӏэн,accepted
wiktionary-01249,train,true,,wiktionary,1249,lexicon,егъэпхыгъ,related ; tied to ; depends on,adj,егъэпхыгъ,accepted
wiktionary-01250,train,true,,wiktionary,1250,lexicon,егъэпхын,to relate to ; to tie to ; to make someone depends on ; to tie up something/someone to something,verb,егъэпхын | гъэпхын,accepted
wiktionary-01251,train,true,,wiktionary,1251,lexicon,егъэсэн,to make someone used to something ; to close something,verb,егъэсэн,accepted
wiktionary-01252,validation,true,,wiktionary,1252,lexicon,егъэтыгъ,locked,adj,егъэтыгъ,accepted
wiktionary-01253,test,true,,wiktionary,1253,lexicon,егъэтын,to lock,verb,егъэтын,accepted
wiktionary-01254,train,true,,wiktionary,1254,lexicon,егъэуагъ,"(slang) stoned, high on drugs, especially cannabis (weed)",adj,егъэуагъ,accepted
wiktionary-01255,train,true,,wiktionary,1255,lexicon,егъэун,to direct an object toward something that emits heat,verb,егъэун,accepted
wiktionary-01256,train,true,,wiktionary,1256,lexicon,егъэхын,to lower something,verb,егъэхын,accepted
wiktionary-01257,train,true,,wiktionary,1257,lexicon,егъэхьын,"to deliver to, to send to ; to make someone deliver something to",verb,егъэхьын | гъэхьын,accepted
wiktionary-01258,train,true,,wiktionary,1258,lexicon,егъэчъэхын,to make someone/something slide down ; to speak bad on someone and hurt their reputation ; to roast someone,verb,егъэчъэхын | ригъэчъэхын | гъэчъэхын,accepted
wiktionary-01259,train,true,,wiktionary,1259,lexicon,егъэӏун,to make someone hear something,verb,егъэӏун,accepted
wiktionary-01260,train,true,,wiktionary,1260,lexicon,еджакӏо,"pupil, student",noun,еджакӏо | еджакӏохэмэ | еджакӏом | еджакӏохэкӏэ | еджакӏохэм | еджакӏоу | еджакӏокӏэ | еджакӏохэ | еджакӏор | еджакӏохыу | еджакӏохэр,accepted
wiktionary-01261,train,true,,wiktionary,1261,lexicon,еджапӏэ,school,noun,еджапӏэ | егьапӏэхэм | егьапӏэм | егьапӏэ | еджапӏэхэм | еджапӏэкӏэ | еджапӏэм | еджапӏэхыу | еджапӏэхэр | егьапӏэхэр | еджапӏэхэмэ | егьапӏэхэкӏэ | егьапӏэр | егьапӏэкӏэ | егьапӏэхэмэ | егьапӏэхыу | еджапӏэхэ | егьапӏэхэ | еджапӏэхэкӏэ | егьапӏэу | еджапӏэр | еджапӏэу,accepted
wiktionary-01262,train,true,,wiktionary,1262,lexicon,еджыджэхын,to roll to/from,verb,еджыджэхын,accepted
wiktionary-01263,train,true,,wiktionary,1263,lexicon,еджэн,to call someone ; to name someone ; to call someone by name ; to read ; to study,verb,еджэн | джэн | егьэн,accepted
wiktionary-01264,train,true,,wiktionary,1264,lexicon,еджэнджэшын,to hesitate ; to consult,verb,еджэнджэшын,accepted
wiktionary-01265,train,true,,wiktionary,1265,lexicon,едзын,to mark,verb,едзын | ридзын,accepted
wiktionary-01266,train,true,,wiktionary,1266,lexicon,едэхэшӏэн,"to caress (touch, kiss or stroke lovingly) ; to fondle",verb,едэхэшӏэн,accepted
wiktionary-01267,train,true,,wiktionary,1267,lexicon,едэӏун,to listen to ; to listen and obey to,verb,едэӏун,accepted
wiktionary-01268,train,true,,wiktionary,1268,lexicon,ежь,himself ; (colloquial) actually,pron | intj,ежь,accepted
wiktionary-01269,test,true,,wiktionary,1269,lexicon,ежьапӏэ,starting point,verb,ежьапӏэ,accepted
wiktionary-01270,train,true,,wiktionary,1270,lexicon,ежьашъо,grey ; grey,adj | noun,ежьашъо | яжьашъуэхэкӏэ | ежьашъоэм | яжьашъу | яжьашъуэкӏэ | яжьашъуэм | яжьашъуэ | ежьашъохыу | ежьашъоэхэ | яжьашъуэхэр | ежьашъоэхэкӏэ | ежьашъоэхэм | яжьашъухыу | яжьашъуэхэм | яжьашъуэр | яжьашъуэхэмэ | яжьашъуыу | ежьашъоэр | ежьашъоэкӏэ | ежьашъоэ | ежьашъоыу | ежьашъоэхэр | ежьашъоэхэмэ | яжьашъуэхэ,accepted
wiktionary-01271,train,true,,wiktionary,1271,lexicon,ежьхэ,"they, themselves",pron,ежьхэ,accepted
wiktionary-01272,train,true,,wiktionary,1272,lexicon,ежьэжьын,to run away ; to escape from ; to head back ; to resume,verb,ежьэжьын | жьэжьын | еджэжьын | джэжьын,accepted
wiktionary-01273,train,true,,wiktionary,1273,lexicon,ежьэн,"to start, to begin ; to go off (to the road), to depart ; to set out on a journey.",verb,ежьэн | жьэн,accepted
wiktionary-01274,train,true,,wiktionary,1274,lexicon,ежэн,to wait,verb,ежэн,accepted
wiktionary-01275,train,true,,wiktionary,1275,lexicon,езбырэу,by heart (knowing completely),adj,езбырэу | езбэрэу,accepted
wiktionary-01276,train,true,,wiktionary,1276,lexicon,езэгъын,"to get along with, to be fine with, to be enough with (To be enough/fine with what oneself got)",verb,езэгъын,accepted
wiktionary-01277,train,true,,wiktionary,1277,lexicon,езэщын,to be bored of ; to get tired by annoyance or frustration,verb,езэщын,accepted
wiktionary-01278,train,true,,wiktionary,1278,lexicon,екӏолӏэн,to approach,verb,екӏолӏэн | кӏолӏэн,accepted
wiktionary-01279,train,true,,wiktionary,1279,lexicon,екӏошъэн,to sneak up to,verb,екӏошъэн,accepted
wiktionary-01280,train,true,,wiktionary,1280,lexicon,екӏун,"to arrive ; to come up to, to come towards, to approach ; to fit ; to be appropriate ; to be suitable for, to suit",verb,екӏун | кӏун,accepted
wiktionary-01281,test,true,,wiktionary,1281,lexicon,екӏэхын,to bring down something to the ground,verb,екӏэхын | къекӏэхын,accepted
wiktionary-01282,validation,true,,wiktionary,1282,lexicon,елбэтэу,with lightning speed,adv,елбэтэу,accepted
wiktionary-01283,train,true,,wiktionary,1283,lexicon,елэн,marbled polecat,noun,елэн | елэнэхэ | елэныу | елэнэхэм | елэнэм | елэнэкӏэ | елэнэхэмэ | елэнэхэкӏэ | елэнэхэр | елэнэ | елэнэр | елэнэхыу,accepted
wiktionary-01284,train,true,,wiktionary,1284,lexicon,емлыч,wild (animal),adj,емлыч,accepted
wiktionary-01285,train,true,,wiktionary,1285,lexicon,емынэ,plague ; (Kfar Kama dialect) (slang) a lot (of),adj,емынэ | емынкӏэ | емынхэмэ | емынхэкӏэ | емынр | емынхэ | емыну | емынм | емынхэм | емынхэр | емынхыу | емын,accepted
wiktionary-01286,train,true,,wiktionary,1286,lexicon,енэгуен,"to assume, to suppose",verb,енэгуен,accepted
wiktionary-01287,train,true,,wiktionary,1287,lexicon,енэгуй,"probably, very likely",noun,енэгуй,accepted
wiktionary-01288,test,true,,wiktionary,1288,lexicon,енэгуягъо,"probably, very likely",noun,енэгуягъо,accepted
wiktionary-01289,train,true,,wiktionary,1289,lexicon,енэкъокъун,to argue with someone,verb,енэкъокъун,accepted
wiktionary-01290,train,true,,wiktionary,1290,lexicon,енэу,always,adv,енэу,accepted
wiktionary-01291,train,true,,wiktionary,1291,lexicon,енэцӏын,to look lustfully ; to look with a lot of desire ; to look enviously ; to long for,verb,енэцӏын | енэсӏын,accepted
wiktionary-01292,train,true,,wiktionary,1292,lexicon,еоой,alas,intj,еоой,accepted
wiktionary-01293,train,true,,wiktionary,1293,lexicon,епцӏыжьын,"to break-promise, to violate (an oath, promise, agreement)",verb,епцӏыжьын,accepted
wiktionary-01294,train,true,,wiktionary,1294,lexicon,епщэн,to blow (air),verb,епщэн | къепщэн,accepted
wiktionary-01295,train,true,,wiktionary,1295,lexicon,епыджын,"to stitch, to strike with pointy or sharp things, to stab (Usually done to annoy or bug someone thus it can also be to bug someone)",verb,епыджын | епыгьын | пыджэн,accepted
wiktionary-01296,train,true,,wiktionary,1296,lexicon,епэсын,to consider somebody worthy of; to esteem worthy of ; to have expectations of somebody to be; to view somebody in a particular way,verb,епэсын,accepted
wiktionary-01297,train,true,,wiktionary,1297,lexicon,епэшӏэн,to stroke,verb,епэшӏэн | пэшӏэн,accepted
wiktionary-01298,train,true,,wiktionary,1298,lexicon,епӏэстхъын,to scratch someone (With fingernails or foot-nails),verb,епӏэстхъын,accepted
wiktionary-01299,train,true,,wiktionary,1299,lexicon,ерагъ,"weak, poor (Of low quality)",adj,ерагъ,accepted
wiktionary-01300,train,true,,wiktionary,1300,lexicon,ерагъкӏэ,"barely, with great difficulty",adv,ерагъкӏэ,accepted
wiktionary-01301,train,true,,wiktionary,1301,lexicon,ерагъэу,"barely, with great difficulty",adv,ерагъэу,accepted
wiktionary-01302,train,true,,wiktionary,1302,lexicon,еры,place,noun,еры | ерыхэмэ | ерыхэм | ерыкӏэ | ерым | ерыхэр | ерыу | ерыр | ерыхэкӏэ | ерыхыу,accepted
wiktionary-01303,train,true,,wiktionary,1303,lexicon,ерыуадж,"idler, loafer, lazybones",noun,ерыуадж,accepted
wiktionary-01304,train,true,,wiktionary,1304,lexicon,естылӏэн,to stick to the (hot) surface as a result of burning,verb,естылӏэн | стылӏэн,accepted
wiktionary-01305,train,true,,wiktionary,1305,lexicon,есын,to swim ; to sail,noun,есын,accepted
wiktionary-01306,train,true,,wiktionary,1306,lexicon,есыпӏэ,pool,noun,есыпӏэ | есыпӏэхэкӏэ | есыпӏэм | есыпӏэхыу | есыпӏэхэ | есыпӏэр | есыпӏэу | есыпӏэкӏэ | есыпӏэхэм | есыпӏэхэр | есыпӏэхэмэ,accepted
wiktionary-01307,train,true,,wiktionary,1307,lexicon,есэн,to get used to ; to close,verb,есэн,accepted
wiktionary-01308,validation,true,,wiktionary,1308,lexicon,етхъон,"to grasp, to grab, to seize, to snap, to snatch, to catch, to catch hold of",verb,етхъон,accepted
wiktionary-01309,validation,true,,wiktionary,1309,lexicon,етын,to give to,verb,етын,accepted
wiktionary-01310,train,true,,wiktionary,1310,lexicon,етӏагъо,brown ; brown color,adj | noun,етӏагъо | етӏагъохэм | етӏагъохыу | етӏагъом | етӏагъохэкӏэ | етӏагъохэ | етӏагъоу | етӏагъокӏэ | етӏагъор | етӏагъохэмэ | етӏагъохэр,accepted
wiktionary-01311,train,true,,wiktionary,1311,lexicon,етӏагъу,clay,noun,етӏагъу,accepted
wiktionary-01312,train,true,,wiktionary,1312,lexicon,етӏанэ,and then,adv,етӏанэ | етӏуанэ,accepted
wiktionary-01313,train,true,,wiktionary,1313,lexicon,етӏапцӏэ,"chernozem, black soil",noun,етӏапцӏэ | етӏапцӏэу | етӏапцӏэхэ | етӏапсӏэр | етӏапсӏэхэмэ | етӏапсӏэм | етӏапсӏэ | етӏапсӏэхэкӏэ | етӏапцӏэкӏэ | етӏапцӏэхэмэ | етӏапсӏэхэм | етӏапцӏэхыу | етӏапсӏэкӏэ | етӏапцӏэхэр | етӏапцӏэм | етӏапцӏэр | етӏапцӏэхэм | етӏапсӏэу | етӏапцӏэхэкӏэ | етӏапсӏэхэр | етӏапсӏэхэ | етӏапсӏэхыу,accepted
wiktionary-01314,train,true,,wiktionary,1314,lexicon,етӏупщыхьахын,to lower something,verb,етӏупщыхьахын,accepted
wiktionary-01315,test,true,,wiktionary,1315,lexicon,етӏэрэхын,to fall (from something),verb,етӏэрэхын | тӏэрэхын,accepted
wiktionary-01316,train,true,,wiktionary,1316,lexicon,етӏэхъун,to scratch an itchy place,verb,етӏэхъун,accepted
wiktionary-01317,train,true,,wiktionary,1317,lexicon,еубзэн,"to curry favor with, to ingratiate oneself with, to flatter",verb,еубзэн | убзэн,accepted
wiktionary-01318,train,true,,wiktionary,1318,lexicon,еузэнкӏын,to arrange ; to make something straight,verb,еузэнкӏын,accepted
wiktionary-01319,train,true,,wiktionary,1319,lexicon,еузэпкъын,to arrange ; to educate ; to change,verb,еузэпкъын,accepted
wiktionary-01320,train,true,,wiktionary,1320,lexicon,еукӏорэикӏын,"to overturn, to tip over, to capsize",verb,еукӏорэикӏын,accepted
wiktionary-01321,train,true,,wiktionary,1321,lexicon,еукӏын,to curse; to damn,verb,еукӏын,accepted
wiktionary-01322,train,true,,wiktionary,1322,lexicon,еун,to smell (To sense a smell or smells).,verb,еун | ун,accepted
wiktionary-01323,train,true,,wiktionary,1323,lexicon,еупцӏын,"to throw and smash an object against something forcefully ; to stain forcefully, to make a mark on a surface or a piece of clothing forcefully",verb,еупцӏын | упцӏын,accepted
wiktionary-01324,train,true,,wiktionary,1324,lexicon,еупчын,to ask someone,verb,еупчын,accepted
wiktionary-01325,validation,true,,wiktionary,1325,lexicon,еутын,"to spread (seeds, salt, etc.)",verb,еутын,accepted
wiktionary-01326,test,true,,wiktionary,1326,lexicon,еутэкӏын,"to bump into, to knock (against), to bump (against)",verb,еутэкӏын | еутэкӏьын,accepted
wiktionary-01327,train,true,,wiktionary,1327,lexicon,еуцолӏэн,to stand near something ; to come to terms with; to give in,verb,еуцолӏэн,accepted
wiktionary-01328,train,true,,wiktionary,1328,lexicon,ехъу,addition,noun,ехъу,accepted
wiktionary-01329,train,true,,wiktionary,1329,lexicon,ехъункӏын,to rip off ; to steal,verb,ехъункӏын,accepted
wiktionary-01330,train,true,,wiktionary,1330,lexicon,ехъурэ,"anything else than, something additional than",adv,ехъурэ,accepted
wiktionary-01331,validation,true,,wiktionary,1331,lexicon,ехъушъутэон,"to despise, to underrate, to disregard, to look down on",verb,ехъушъутэон,accepted
wiktionary-01332,train,true,,wiktionary,1332,lexicon,ехъырэхъышэн,to doubt ; to hesitate of,verb,ехъырэхъышэн | ехъырхъышэн,accepted
wiktionary-01333,train,true,,wiktionary,1333,lexicon,ехын,to go down,verb,ехын,accepted
wiktionary-01334,test,true,,wiktionary,1334,lexicon,ехьыжьэн,to carry (for a while; on foot) ; to start a trend,verb,ехьыжьэн | къехьыжьэн,accepted
wiktionary-01335,train,true,,wiktionary,1335,lexicon,ецэгъон,"to bite, to gnaw",verb,ецэгъон,accepted
wiktionary-01336,train,true,,wiktionary,1336,lexicon,ецӏэшъутэхын,to slide on something,verb,ецӏэшъутэхын,accepted
wiktionary-01337,train,true,,wiktionary,1337,lexicon,ечъэжьэн,"to run away ; to leave quickly, to speed off ; to start running, to break into a run",verb,ечъэжьэн,accepted
wiktionary-01338,train,true,,wiktionary,1338,lexicon,ечъэхын,"to run down a slope, to slide down a slope",verb,ечъэхын,accepted
wiktionary-01339,validation,true,,wiktionary,1339,lexicon,ечэнджэшын,to hesitate,verb,ечэнджэшын,accepted
wiktionary-01340,train,true,,wiktionary,1340,lexicon,ешхэ-ешъу,"feast, banquet",noun,ешхэ-ешъу | ешхэ-ешъуэхэм | ешхэ-ешъуэр | ешхэ-ешъуэкӏэ | ешхэ-ешъуэм | ешхэ-ешъухыу | ешхэ-ешъуэхэкӏэ | ешхэ-ешъуэ | ешхэ-ешъуэхэр | ешхэ-ешъуыу | ешхэ-ешъуэхэмэ | ешхэ-ешъуэхэ,accepted
wiktionary-01341,train,true,,wiktionary,1341,lexicon,ешъокӏу,a person that drinks a lot,adj,ешъокӏу | ешъокӏуэр | ешъокӏуэкӏэ | ешъокӏуэ | ешъокӏуэм | ешъокӏуэхэкӏэ | ешъокӏуыу | ешъокӏухыу | ешъокӏуэхэр | ешъокӏуэхэм | ешъокӏуэхэ | ешъокӏуэхэмэ,accepted
wiktionary-01342,excluded_benchmark_overlap,false,exact_normalized_input_target_or_variant_overlap_with_benchmark,wiktionary,1342,lexicon,ешъон,to drink,verb,ешъон | шъусэешъуагъ | къысэешъогъэх | уеешъо | къоешъуагъ | яешъуагъ | утэешъуагъ | сеешъо | укъытэешъуагъ | шъутэешъощт | тызэешъо | усэешъощт | таешъуагъ | укъысэешъощт | яешъощтых | къышъоешъо | сызэешъо | тызэешъощт | саешъо | укъысэешъо | къоешъощтых | теешъуагъ | сызэешъощт | еешъогъэх | шъусэешъо | шъузэешъуагъ | теешъощт | укъытэешъо | шъуаешъощт | къытэешъощтых | узэешъощт | еешъох | къышъоешъощтых | шъеешъощт | укъытэешъощт | къоешъогъэх | къоешъо | еешъощтых | утэешъо | яешъогъэх | яешъо | къытэешъох | къоешъох | еешъощт | уаешъуагъ | къытэешъо | шъузэешъо | шъутэешъо | таешъо | шъукъысэешъуагъ | къысэешъощтых | сеешъуагъ | еешъуагъ | шъуаешъуагъ | уаешъощт | усэешъуагъ | узэешъо | къытэешъощт | шъукъытэешъуагъ | усэешъо | еешъо | укъысэешъуагъ | уаешъо | саешъуагъ | къышъоешъох | шъузэешъощт | къышъоешъуагъ | шъуаешъо | шъусэешъощт | къоешъощт | къытэешъуагъ | шъукъытэешъо | къысэешъуагъ | уеешъуагъ | саешъощт | къышъоешъощт | утэешъощт | яешъох | сызэешъуагъ | къысэешъо | сеешъощт | шъукъысэешъо | къытэешъогъэх | таешъощт | къысэешъощт | къысэешъох | къышъоешъогъэх | шъукъысэешъощт | яешъощт | уеешъощт | шъукъытэешъощт | узэешъуагъ | теешъо | шъутэешъуагъ | тызэешъуагъ | шъеешъуагъ | шъеешъо,accepted
wiktionary-01343,train,true,,wiktionary,1343,lexicon,ешъорый,alcoholic,noun,ешъорый,accepted
wiktionary-01344,validation,true,,wiktionary,1344,lexicon,ешъуакӏо,a person that drinks alcohol often ; drinker,adj | noun,ешъуакӏо | ешъуакӏохэ | ешъуакӏор | ешъуакӏохэр | ешъуакӏохэм | ешъуакӏоу | ешъуакӏокӏэ | ешъуакӏом | ешъуакӏохэкӏэ | ешъуакӏохыу | ешъуакӏохэмэ,accepted
wiktionary-01345,train,true,,wiktionary,1345,lexicon,ешъугъун,to be envy of,verb,ешъугъун | шъугъун,accepted
wiktionary-01346,train,true,,wiktionary,1346,lexicon,ешъукӏын,to be full (after drinking) ; to be saturated with liquid,verb,ешъукӏын,accepted
wiktionary-01347,train,true,,wiktionary,1347,lexicon,ешъухъугъон,to be jealous of,verb,ешъухъугъон,accepted
wiktionary-01348,train,true,,wiktionary,1348,lexicon,ешӏужьын,"to make up with (to resolve, forgive or smooth over an argument or fight)",verb,ешӏужьын,accepted
wiktionary-01349,train,true,,wiktionary,1349,lexicon,ешӏэн,"to dance ; (rare) to play (a game) ; (rare) to play, to act (To act as the indicated role, especially in a performance)",verb,ешӏэн,accepted
wiktionary-01350,train,true,,wiktionary,1350,lexicon,ещэхын,to take someone downward (to a lower elevation),verb,ещэхын,accepted
wiktionary-01351,train,true,,wiktionary,1351,lexicon,еӏолӏэн,to express something concerning; to express something according to,verb,еӏолӏэн | ӏолӏэн,accepted
wiktionary-01352,validation,true,,wiktionary,1352,lexicon,еӏэзэн,to help someone medically,verb,еӏэзэн,accepted
wiktionary-01353,train,true,,wiktionary,1353,lexicon,еӏэн,to touch ; to push with might,verb,еӏэн,accepted
wiktionary-01354,test,true,,wiktionary,1354,lexicon,жабз,Language (spoken) ; speech ; talk,noun,жабз | жабзэ | жабзыу | жабзэхэмэ | жабзэкӏэ | жабзэм | жабзэхэ | жабзэхэм | жабзэхэкӏэ | жабзэхыу | жабзэхэр | жабзэр,accepted
wiktionary-01355,train,true,,wiktionary,1355,lexicon,жае,stubborn ; unruly ; obscene,adj,жае,accepted
wiktionary-01356,train,true,,wiktionary,1356,lexicon,жакъэ,a person or animal that have a curved mouth,adj,жакъэ,accepted
wiktionary-01357,validation,true,,wiktionary,1357,lexicon,жакӏьэ,(Shapsug) Alternative form of жакӏэ (žāč̣̍ă),noun,жакӏьэ | жакӏьэхэ | жакӏьэхэм | жакӏьэм | жакӏьэу | жакӏьэкӏэ | жакӏьэхэкӏэ | жакӏьэхыу | жакӏьэхэмэ | жакӏьэр | жакӏьэхэр,accepted
wiktionary-01358,train,true,,wiktionary,1358,lexicon,жакӏэ,beard,noun,жакӏэ | жакӏэхэр | жакӏэм | жакӏэхэм | жакӏэхэмэ | жакӏэу | жакӏэр | жакӏэхэкӏэ | жакӏэкӏэ | жакӏэхыу | жакӏэхэ,accepted
wiktionary-01359,train,true,,wiktionary,1359,lexicon,жалэ,epiglottis ; Gill of a fish,noun,жалэ | жалэхыу | жалэхэ | жалэр | жалэм | жалэхэмэ | жалэхэм | жалэкӏэ | жалэхэр | жалэхэкӏэ | жалэу,accepted
wiktionary-01360,train,true,,wiktionary,1360,lexicon,жантӏ,"Front position,",noun,жантӏ | жантӏэр | жантӏэм | жантӏэхэкӏэ | жантӏэхыу | жантӏэхэ | жантӏэкӏэ | жантӏэхэм | жантӏэхэр | жантӏэхэмэ | жантӏэ | жантӏыу,accepted
wiktionary-01361,train,true,,wiktionary,1361,lexicon,жашъу,membrance,noun,жашъу | жашъухыу | жашъуэхэ | жашъуэхэкӏэ | жашъуэм | жашъуэр | жашъуэхэр | жашъуэкӏэ | жашъуэхэмэ | жашъуэхэм | жашъуэ | жашъуыу,accepted
wiktionary-01362,train,true,,wiktionary,1362,lexicon,жашӏу,eloquent ; fluent ; well-spoken,adj,жашӏу,accepted
wiktionary-01363,validation,true,,wiktionary,1363,lexicon,жъабгъо,right (the opposite of left),noun,жъабгъо | жъабгъохыу | жъабгъохэмэ | жъабгъохэ | жъабгъохэкӏэ | жъабгъохэм | жъабгъоу | жъабгъор | жъабгъом | жъабгъокӏэ | жъабгъохэр,accepted
wiktionary-01364,test,true,,wiktionary,1364,lexicon,жъагъ,lung,noun,жъагъ | жъагъхэм | жъагъм | жъагъкӏэ | жъагъхэмэ | жъагъхыу | жъагъхэкӏэ | жъагър | жъагъхэр | жъагъхэ | жъагъу,accepted
wiktionary-01365,validation,true,,wiktionary,1365,lexicon,жъагъэ,"fried, grilled",adj,жъагъэ | жъагъэхэмэ | жъагъэм | жъагъэхэкӏэ | жъагъэхэм | жъагъэу | жъагъэхыу | жъагъэкӏэ | жъагъэр | жъагъэхэр | жъагъэхэ,accepted
wiktionary-01366,train,true,,wiktionary,1366,lexicon,жъажъэ,slow ; sluggish,adj,жъажъэ,accepted
wiktionary-01367,train,true,,wiktionary,1367,lexicon,жъалым,cruel ; unjust ; monster,adj | noun,жъалым | жъалымыу | жъалымэр | жъалымэхэкӏэ | жъалымэхэ | жъалымэм | жъалымэхыу | жъалымэхэр | жъалымэхэмэ | жъалымэхэм | жъалымэ | жъалымэкӏэ,accepted
wiktionary-01368,train,true,,wiktionary,1368,lexicon,жъамэ,"Smell of frying, Smell of grilling,",noun,жъамэ | жъамэхэмэ | жъамэхэр | жъамэхэкӏэ | жъамэм | жъамэкӏэ | жъамэхэ | жъамэхэм | жъамэу | жъамэхыу | жъамэр,accepted
wiktionary-01369,train,true,,wiktionary,1369,lexicon,жъанч,Sound of smack or hitting,noun,жъанч | жъанчэхэ | жъанчэм | жъанчэхэмэ | жъанчэхэм | жъанчэхыу | жъанчэкӏэ | жъанчэ | жъанчэхэр | жъанчэр | жъанчыу | жъанчэхэкӏэ,accepted
wiktionary-01370,train,true,,wiktionary,1370,lexicon,жъапхъэ,pan,noun,жъапхъэ | жъапхъэм | жъапхъэхэкӏэ | жъапхъэхэм | жъапхъэхэр | жъапхъэр | жъапхъэу | жъапхъэхэ | жъапхъэхэмэ | жъапхъэкӏэ | жъапхъэхыу,accepted
wiktionary-01371,train,true,,wiktionary,1371,lexicon,жъвэ,oar,noun,жъвэ,accepted
wiktionary-01372,train,true,,wiktionary,1372,lexicon,жъгъау,expression for a loud sound,intj,жъгъау,accepted
wiktionary-01373,validation,true,,wiktionary,1373,lexicon,жъгъырыу,"bell, Bell (small), cowbell",noun,жъгъырыу | жъгъырыуэхэм | жъгъырыухыу | жъгъырыуыу | жъгъырыуэр | жъгъырыуэхэр | жъгъырыуэхэ | жъгъырыуэм | жъгъырыуэхэкӏэ | жъгъырыуэхэмэ | жъгъырыуэкӏэ | жъгъырыуэ,accepted
wiktionary-01374,train,true,,wiktionary,1374,lexicon,жъгъэй,"small, tiny ; coin ; metal (scrap)",adj | noun,жъгъэй | жъгъэйэхыу | жъгъэйэ | жъгъэйэхэм | жъгъэйэм | жъгъэйэхэ | жъгъэйэкӏэ | жъгъэйэр | жъгъэйэхэкӏэ | жъгъэйэхэмэ | жъгъэйэхэр | жъгъэйыу,accepted
wiktionary-01375,validation,true,,wiktionary,1375,lexicon,жъогъо шӏэныгъ,astronomy,noun,жъогъо шӏэныгъ | жъогъо шӏэныгъэхэм | жъогъо шӏэныгъэхэ | жъогъо шӏэныгъэр | жъогъо шӏэныгъэхыу | жъогъо шӏэныгъэ | жъогъо шӏэныгъэм | жъогъо шӏэныгъэхэкӏэ | жъогъо шӏэныгъэхэр | жъогъо шӏэныгъэкӏэ | жъогъо шӏэныгъэхэмэ | жъогъо шӏэныгъыу,accepted
wiktionary-01376,train,true,,wiktionary,1376,lexicon,жъогъо шӏӏэныгъэлӏ,astronomer,noun,жъогъо шӏӏэныгъэлӏ | жъогъо шӏӏэныгъэлӏэ | жъогъо шӏӏэныгъэлӏэм | жъогъо шӏӏэныгъэлӏыу | жъогъо шӏӏэныгъэлӏэхэм | жъогъо шӏӏэныгъэлӏэхэ | жъогъо шӏӏэныгъэлӏэхэмэ | жъогъо шӏӏэныгъэлӏэкӏэ | жъогъо шӏӏэныгъэлӏэр | жъогъо шӏӏэныгъэлӏэхэкӏэ | жъогъо шӏӏэныгъэлӏэхыу | жъогъо шӏӏэныгъэлӏэхэр,accepted
wiktionary-01377,train,true,,wiktionary,1377,lexicon,жъогъобын,candelabra,noun,жъогъобын | жъогъобынэхэ | жъогъобынэм | жъогъобынэр | жъогъобынэхэр | жъогъобынэкӏэ | жъогъобынэхэмэ | жъогъобынэ | жъогъобыныу | жъогъобынэхэм | жъогъобынэхыу | жъогъобынэхэкӏэ,accepted
wiktionary-01378,train,true,,wiktionary,1378,lexicon,жъогъозекӏу,planet,noun,жъогъозекӏу | жъогъозекӏуэкӏэ | жъогъозекӏухыу | жъогъозекӏуэхэмэ | жъогъозекӏуэ | жъогъозекӏуэм | жъогъозекӏуэхэм | жъогъозекӏуэхэ | жъогъозекӏуэхэкӏэ | жъогъозекӏуыу | жъогъозекӏуэхэр | жъогъозекӏуэр,accepted
wiktionary-01379,train,true,,wiktionary,1379,lexicon,жъогъокӏэкӏахь,comet,noun,жъогъокӏэкӏахь | жъогъокӏэкӏахьэхэм | жъогъокӏэкӏахьыу | жъогъокӏэкӏахьэхэ | жъогъокӏэкӏахьэм | жъогъокӏэкӏахьэхыу | жъогъокӏэкӏахьэхэкӏэ | жъогъокӏэкӏахьэр | жъогъокӏэкӏахьэхэмэ | жъогъокӏэкӏахьэкӏэ | жъогъокӏэкӏахьэхэр | жъогъокӏэкӏахьэ,accepted
wiktionary-01380,train,true,,wiktionary,1380,lexicon,жъогъоплӏэн,astrology,noun,жъогъоплӏэн | жъогъоплӏэнэкӏэ | жъогъоплӏэнэхэкӏэ | жъогъоплӏэнэхэмэ | жъогъоплӏэнэм | жъогъоплӏэнэхэр | жъогъоплӏэныу | жъогъоплӏэнэхыу | жъогъоплӏэнэр | жъогъоплӏэнэ | жъогъоплӏэнэхэ | жъогъоплӏэнэхэм,accepted
wiktionary-01381,train,true,,wiktionary,1381,lexicon,жъогъорыплъ,telescope,noun,жъогъорыплъ | жъогъорыплъэр | жъогъорыплъэхыу | жъогъорыплъэ | жъогъорыплъэхэмэ | жъогъорыплъэхэм | жъогъорыплъыу | жъогъорыплъэхэ | жъогъорыплъэхэкӏэ | жъогъорыплъэм | жъогъорыплъэкӏэ | жъогъорыплъэхэр,accepted
wiktionary-01382,train,true,,wiktionary,1382,lexicon,жъогъофах,meteor,noun,жъогъофах | жъогъофахэхэ | жъогъофахыу | жъогъофахэр | жъогъофахэхэр | жъогъофахэм | жъогъофахэхыу | жъогъофахэхэмэ | жъогъофахэ | жъогъофахэхэкӏэ | жъогъофахэкӏэ | жъогъофахэхэм,accepted
wiktionary-01383,train,true,,wiktionary,1383,lexicon,жъогъошӏу,"Easy to boil, Farmable land",adj,жъогъошӏу,accepted
wiktionary-01384,train,true,,wiktionary,1384,lexicon,жъогъу,Plowing comrade,noun,жъогъу | жъогъуыу | жъогъуэхэкӏэ | жъогъуэм | жъогъуэкӏэ | жъогъуэ | жъогъуэхэр | жъогъухыу | жъогъуэр | жъогъуэхэм | жъогъуэхэ | жъогъуэхэмэ,accepted
wiktionary-01385,train,true,,wiktionary,1385,lexicon,жъогъуае,"Difficult to boil, Unfarmable land,",noun,жъогъуае | жъогъуаехэр | жъогъуаехэкӏэ | жъогъуаер | жъогъуаекӏэ | жъогъуаехэм | жъогъуаем | жъогъуаехыу | жъогъуаехэмэ | жъогъуаехэ | жъогъуаеу,accepted
wiktionary-01386,train,true,,wiktionary,1386,lexicon,жъогъуаплъэ,astrologer,noun,жъогъуаплъэ | жъогъуаплъэхэм | жъогъуаплъэр | жъогъуаплъэхыу | жъогъуаплъэкӏэ | жъогъуаплъэхэмэ | жъогъуаплъэхэкӏэ | жъогъуаплъэу | жъогъуаплъэм | жъогъуаплъэхэр | жъогъуаплъэхэ,accepted
wiktionary-01387,train,true,,wiktionary,1387,lexicon,жъогъэжъ,Plowed land,noun,жъогъэжъ | жъогъэжъэм | жъогъэжъэкӏэ | жъогъэжъэхэм | жъогъэжъэ | жъогъэжъыу | жъогъэжъэхэкӏэ | жъогъэжъэхыу | жъогъэжъэхэр | жъогъэжъэр | жъогъэжъэхэ | жъогъэжъэхэмэ,accepted
wiktionary-01388,train,true,,wiktionary,1388,lexicon,жъоку,firebrand ; ember,noun,жъоку | жъокуэм | жъокуэр | жъокуэхэ | жъокуэхэмэ | жъокуэкӏэ | жъокуэ | жъокуэхэм | жъокуыу | жъокуэхэкӏэ | жъокуэхэр | жъокухыу,accepted
wiktionary-01389,test,true,,wiktionary,1389,lexicon,жъокужъоустхъу,Red ember,noun,жъокужъоустхъу | жъокужъоустхъуэкӏэ | жъокужъоустхъуэхэм | жъокужъоустхъуэхэмэ | жъокужъоустхъуэхэкӏэ | жъокужъоустхъуэ | жъокужъоустхъуэм | жъокужъоустхъуыу | жъокужъоустхъуэхэр | жъокужъоустхъухыу | жъокужъоустхъуэхэ | жъокужъоустхъуэр,accepted
wiktionary-01390,train,true,,wiktionary,1390,lexicon,жъон,"to plow, to plough ; to boil ; (slang) to grind (to repeat a task a large number of times in a row to achieve a specific goal)",verb,жъон,accepted
wiktionary-01391,train,true,,wiktionary,1391,lexicon,жъонакӏу,plower,noun,жъонакӏу | жъонакӏуэ | жъонакӏуэкӏэ | жъонакӏуэхэм | жъонакӏуэхэкӏэ | жъонакӏуэхэр | жъонакӏухыу | жъонакӏуэхэ | жъонакӏуэхэмэ | жъонакӏуэм | жъонакӏуэр | жъонакӏуыу,accepted
wiktionary-01392,train,true,,wiktionary,1392,lexicon,жъоныгъу,Farming season,noun,жъоныгъу | жъоныгъуэхэ | жъоныгъуэм | жъоныгъухыу | жъоныгъуэхэм | жъоныгъуэхэр | жъоныгъуэкӏэ | жъоныгъуэр | жъоныгъуэхэкӏэ | жъоныгъуэхэмэ | жъоныгъуыу | жъоныгъуэ,accepted
wiktionary-01393,train,true,,wiktionary,1393,lexicon,жъоныгъуакӏ,End of farming season,noun,жъоныгъуакӏ | жъоныгъуакӏэм | жъоныгъуакӏэхэм | жъоныгъуакӏэкӏэ | жъоныгъуакӏэхэр | жъоныгъуакӏэр | жъоныгъуакӏэхэмэ | жъоныгъуакӏэ | жъоныгъуакӏэхэкӏэ | жъоныгъуакӏыу | жъоныгъуакӏэхыу | жъоныгъуакӏэхэ,accepted
wiktionary-01394,excluded_benchmark_overlap,false,exact_normalized_input_target_or_variant_overlap_with_benchmark,wiktionary,1394,lexicon,жъоныгъуакӏмаз,May,noun,жъоныгъуакӏмаз | жъоныгъуакӏмазэкӏэ | жъоныгъуакӏмазыу | жъоныгъуакӏмазэ | жъоныгъуакӏмазэр | жъоныгъуакӏмазэхэм | жъоныгъуакӏмазэм | жъоныгъуакӏмазэхэ | жъоныгъуакӏмазэхэр | жъоныгъуакӏмазэхэкӏэ | жъоныгъуакӏмазэхыу | жъоныгъуакӏмазэхэмэ,accepted
wiktionary-01395,train,true,,wiktionary,1395,lexicon,жъоплъ,reddish brown,noun,жъоплъ | жъоплъэхэ | жъоплъэм | жъоплъэ | жъоплъэхыу | жъоплъэхэм | жъоплъэкӏэ | жъоплъэхэмэ | жъоплъэхэр | жъоплъыу | жъоплъэр | жъоплъэхэкӏэ,accepted
wiktionary-01396,train,true,,wiktionary,1396,lexicon,жъопхъу,"Daughter of foster mother,",noun,жъопхъу | жъопхъуэм | жъопхъуэ | жъопхъуэр | жъопхъуэхэм | жъопхъуэхэ | жъопхъуэкӏэ | жъопхъуэхэкӏэ | жъопхъухыу | жъопхъуэхэмэ | жъопхъуыу | жъопхъуэхэр,accepted
wiktionary-01397,train,true,,wiktionary,1397,lexicon,жъоркъ,"very warm (weather) ; hot air, hot weather",adj | noun,жъоркъ | жъоркъыэ | жъоркъэм | жъоркъэхыу | жъоркъыу | жъоркъыэр | жъоркъэхэм | жъоркъыэхэ | жъоркъыэкӏэ | жъоркъыэхыу | жъоркъыыу | жъоркъыэм | жъоркъэр | жъоркъыэхэм | жъоркъэкӏэ | жъоркъэ | жъоркъыэхэр | жъоркъэхэр | жъоркъэхэкӏэ | жъоркъы | жъоркъыэхэмэ | жъоркъэхэмэ | жъоркъэхэ | жъоркъыэхэкӏэ,accepted
wiktionary-01398,train,true,,wiktionary,1398,lexicon,жъот,noise,noun,жъот | жъотэхыу | жъотэм | жъотэхэм | жъотэхэр | жъотэхэкӏэ | жъотэ | жъотыу | жъотэр | жъотэкӏэ | жъотэхэ | жъотэхэмэ,accepted
wiktionary-01399,test,true,,wiktionary,1399,lexicon,жъотхъу,spade,noun,жъотхъу | жъотхъуэхэмэ | жъотхъуэхэкӏэ | жъотхъуэхэ | жъотхъуэм | жъотхъуэхэм | жъотхъухыу | жъотхъуэ | жъотхъуэкӏэ | жъотхъуэхэр | жъотхъуыу | жъотхъуэр,accepted
wiktionary-01400,train,true,,wiktionary,1400,lexicon,жъотын,to be happy ; to make a noise,verb,жъотын,accepted
wiktionary-01401,excluded_benchmark_overlap,false,exact_normalized_input_target_or_variant_overlap_with_benchmark,wiktionary,1401,lexicon,жъуагъо,star,noun,жъуагъо | жъуагъохэм | жъуагъом | жъуагъокӏэ | жъуагъохыу | жъуагъохэкӏэ | жъуагъохэ | жъуагъохэмэ | жъуагъоу | жъуагъохэр | жъуагъор,accepted
wiktionary-01402,train,true,,wiktionary,1402,lexicon,жъуагъэ,"boiled, plowed",adj,жъуагъэ | жъуагъэкӏэ | жъуагъэр | жъуагъэхэкӏэ | жъуагъэм | жъуагъэхэм | жъуагъэу | жъуагъэхэр | жъуагъэхэ | жъуагъэхэмэ | жъуагъэхыу,accepted
wiktionary-01403,validation,true,,wiktionary,1403,lexicon,жъуаф,"Residue (of grain),",noun,жъуаф | жъуафэр | жъуафэхэр | жъуафэм | жъуафэкӏэ | жъуафэхэкӏэ | жъуафэхэм | жъуафэхэмэ | жъуафэхыу | жъуафыу | жъуафэхэ | жъуафэ,accepted
wiktionary-01404,train,true,,wiktionary,1404,lexicon,жъугъ,popular ; crowd ; public,adj | noun,жъугъ | жъугъэкӏэ | жъугъэхэ | жъугъэр | жъугъэ | жъугъэм | жъугъэхэкӏэ | жъугъэхэм | жъугъэхэмэ | жъугъэхэр | жъугъыу | жъугъэхыу,accepted
wiktionary-01405,validation,true,,wiktionary,1405,lexicon,жъугъэ къэрэл,republic,noun,жъугъэ къэрэл,accepted
wiktionary-01406,train,true,,wiktionary,1406,lexicon,жъугъэ хат,park,noun,жъугъэ хат,accepted
wiktionary-01407,validation,true,,wiktionary,1407,lexicon,жъугъэпащ,"president ; President of republic,",noun,жъугъэпащ | жъугъэпащэр | жъугъэпащэ | жъугъэпащэхыу | жъугъэпащэхэмэ | жъугъэпащэхэм | жъугъэпащэхэкӏэ | жъугъэпащэкӏэ | жъугъэпащэм | жъугъэпащэхэр | жъугъэпащэхэ | жъугъэпащыу,accepted
wiktionary-01408,train,true,,wiktionary,1408,lexicon,жъугъэхэку,republic,noun,жъугъэхэку,accepted
wiktionary-01409,train,true,,wiktionary,1409,lexicon,жъун,to melt,verb,жъун,accepted
wiktionary-01410,excluded_benchmark_overlap,false,exact_normalized_input_target_or_variant_overlap_with_benchmark,wiktionary,1410,lexicon,жъы,old,adj,жъы,accepted
wiktionary-01411,train,true,,wiktionary,1411,lexicon,жъыгъо,old age ; seniority,noun,жъыгъо | жъыгъом | жъыгъокӏэ | жъыгъохэм | жъыгъохэ | жъыгъохэкӏэ | жъыгъоу | жъыгъор | жъыгъохэр | жъыгъохэмэ | жъыгъохыу,accepted
wiktionary-01412,train,true,,wiktionary,1412,lexicon,жъыгъуай,ugly old age,noun,жъыгъуай | жъыгъуайэм | жъыгъуайэр | жъыгъуайэхэр | жъыгъуайэхэ | жъыгъуайэкӏэ | жъыгъуайэ | жъыгъуайэхэкӏэ | жъыгъуайэхэмэ | жъыгъуайэхэм | жъыгъуайыу | жъыгъуайэхыу,accepted
wiktionary-01413,train,true,,wiktionary,1413,lexicon,жъыгъэ,old age,noun,жъыгъэ | жъыгъэу | жъыгъэхэмэ | жъыгъэм | жъыгъэхэм | жъыгъэхэр | жъыгъэхэкӏэ | жъыгъэхыу | жъыгъэхэ | жъыгъэкӏэ | жъыгъэр,accepted
wiktionary-01414,train,true,,wiktionary,1414,lexicon,жъыгъэ кӏагъ,Age classification,noun,жъыгъэ кӏагъ,accepted
wiktionary-01415,train,true,,wiktionary,1415,lexicon,жъый,"small, tiny",adj,жъый | жъые,accepted
wiktionary-01416,train,true,,wiktionary,1416,lexicon,жъыкъат,very old,adj,жъыкъат,accepted
wiktionary-01417,train,true,,wiktionary,1417,lexicon,жъын,"to become old, to become obsolete",verb,жъын,accepted
wiktionary-01418,train,true,,wiktionary,1418,lexicon,жъыпӏэ,infirmary (for old people),noun,жъыпӏэ | жъыпӏэхэм | жъыпӏэхэ | жъыпӏэхэр | жъыпӏэу | жъыпӏэм | жъыпӏэхэкӏэ | жъыпӏэхыу | жъыпӏэр | жъыпӏэкӏэ | жъыпӏэхэмэ,accepted
wiktionary-01419,validation,true,,wiktionary,1419,lexicon,жъырку,dumpy ; long-lived ; squat,adj,жъырку | жъыркуэхэмэ | жъыркуэхэкӏэ | жъыркуыу | жъыркуэкӏэ | жъыркухыу | жъыркуэхэ | жъыркуэр | жъыркуэм | жъыркуэхэр | жъыркуэхэм | жъыркуэ,accepted
wiktionary-01420,train,true,,wiktionary,1420,lexicon,жъыу,Refrain (chorus),noun,жъыу,accepted
wiktionary-01421,train,true,,wiktionary,1421,lexicon,жъыуакӏо,chorus,noun,жъыуакӏо | жъыуакӏом | жъыуакӏохэкӏэ | жъыуакӏохэм | жъыуакӏохэмэ | жъыуакӏохэ | жъыуакӏоу | жъыуакӏохыу | жъыуакӏокӏэ | жъыуакӏохэр | жъыуакӏор,accepted
wiktionary-01422,validation,true,,wiktionary,1422,lexicon,жъыун,"to shine, to glitter, to sparkle, to flash",verb,жъыун,accepted
wiktionary-01423,train,true,,wiktionary,1423,lexicon,жъышъо,Old age look,noun,жъышъо | жъышъор | жъышъохэмэ | жъышъохыу | жъышъом | жъышъокӏэ | жъышъоу | жъышъохэр | жъышъохэм | жъышъохэкӏэ | жъышъохэ,accepted
wiktionary-01424,train,true,,wiktionary,1424,lexicon,жъышъхьэ,old age,noun,жъышъхьэ | жъышъхьэкӏэ | жъышъхьэм | жъышъхьэхэкӏэ | жъышъхьэхэ | жъышъхьэхэмэ | жъышъхьэхыу | жъышъхьэхэр | жъышъхьэхэм | жъышъхьэу | жъышъхьэр,accepted
wiktionary-01425,train,true,,wiktionary,1425,lexicon,жъышъхьэмаф,happy old age,noun,жъышъхьэмаф | жъышъхьэмафэхэр | жъышъхьэмафэм | жъышъхьэмафэхэм | жъышъхьэмафэхэ | жъышъхьэмафэхэмэ | жъышъхьэмафэр | жъышъхьэмафэ | жъышъхьэмафыу | жъышъхьэмафэхыу | жъышъхьэмафэхэкӏэ | жъышъхьэмафэкӏэ,accepted
wiktionary-01426,train,true,,wiktionary,1426,lexicon,жъышъхьэмыгъу,sad old age,noun,жъышъхьэмыгъу | жъышъхьэмыгъуэхэкӏэ | жъышъхьэмыгъуэхэм | жъышъхьэмыгъуыу | жъышъхьэмыгъуэ | жъышъхьэмыгъуэхэмэ | жъышъхьэмыгъуэкӏэ | жъышъхьэмыгъуэм | жъышъхьэмыгъуэр | жъышъхьэмыгъуэхэр | жъышъхьэмыгъуэхэ | жъышъхьэмыгъухыу,accepted
wiktionary-01427,train,true,,wiktionary,1427,lexicon,жъыӏо,Relatively old,adj,жъыӏо,accepted
wiktionary-01428,train,true,,wiktionary,1428,lexicon,жъэбэкъ,"tubby, one that is short and fat",adj,жъэбэкъ,accepted
wiktionary-01429,test,true,,wiktionary,1429,lexicon,жъэгъуай,"Hard to fry, Hard to grill",adj,жъэгъуай | жъэгъуайэкӏэ | жъэгъуайэхэкӏэ | жъэгъуайыу | жъэгъуайэр | жъэгъуайэхэм | жъэгъуайэхэр | жъэгъуайэхэ | жъэгъуайэм | жъэгъуайэхыу | жъэгъуайэхэмэ | жъэгъуайэ,accepted
wiktionary-01430,train,true,,wiktionary,1430,lexicon,жъэжъый,kidney,noun,жъэжъый | жъэжъыйэхэр | жъэжъыйэм | жъэжъыйэ | жъэжъыйэхэм | жъэжъыйэкӏэ | жъэжъыйыу | жъэжъыйэхэ | жъэжъыйэхэмэ | жъэжъыйэр | жъэжъыйэхыу | жъэжъыйэхэкӏэ,accepted
wiktionary-01431,train,true,,wiktionary,1431,lexicon,жъэжъэн,"to act slowly ; to get weaker ; to slow down ; to take one's time,",verb,жъэжъэн,accepted
wiktionary-01432,test,true,,wiktionary,1432,lexicon,жъэн,to grill ; to fry,verb,жъэн,accepted
wiktionary-01433,train,true,,wiktionary,1433,lexicon,жъэрым,"Smell of frying, Smell of grilling,",noun,жъэрым | жъэрымэм | жъэрымэхэмэ | жъэрымэхэкӏэ | жъэрымыу | жъэрымэхэ | жъэрымэхэр | жъэрымэхэм | жъэрымэр | жъэрымэ | жъэрымэхыу | жъэрымэкӏэ,accepted
wiktionary-01434,train,true,,wiktionary,1434,lexicon,жъэу,i wish; if only,intj,жъэу,accepted
wiktionary-01435,train,true,,wiktionary,1435,lexicon,жыкъузалъ,compressor,noun,жыкъузалъ | жыкъузалъэхэмэ | жыкъузалъэхэкӏэ | жыкъузалъыу | жыкъузалъэхэм | жыкъузалъэхэр | жыкъузалъэхэ | жыкъузалъэм | жыкъузалъэ | жыкъузалъэкӏэ | жыкъузалъэхыу | жыкъузалъэр,accepted
wiktionary-01436,train,true,,wiktionary,1436,lexicon,жын,"to disgorge, to vomit, to puke, to throw up",verb,жын,accepted
wiktionary-01437,train,true,,wiktionary,1437,lexicon,жыфлъат,helicopter,noun,жыфлъат | жыфлъатэхэр | жыфлъатэхыу | жыфлъатыу | жыфлъатэхэм | жыфлъатэ | жыфлъатэкӏэ | жыфлъатэм | жыфлъатэхэкӏэ | жыфлъатэхэмэ | жыфлъатэр | жыфлъатэхэ,accepted
wiktionary-01438,train,true,,wiktionary,1438,lexicon,жьау,shadow,noun,жьау | жьаом | жьауыу | жьаор | жьауэм | жьаохэм | жьауэ | жьаокӏэ | жьаоу | жьаухыу | жьаохэ | жьаохэр | жьауэхэр | жьаохыу | жьауэкӏэ | жьауэхэкӏэ | жьауэхэм | жьаохэмэ | жьауэхэ | жьауэхэмэ | жьауэр | жьаохэкӏэ | жьао,accepted
wiktionary-01439,train,true,,wiktionary,1439,lexicon,жьаугъуадж,refuge (a place protected from wind or sun),noun,жьаугъуадж | жьаугъуаджэхэ | жьаугъуаджэм | жьаугъуаджэр | жьаугъуаджэхыу | жьаугъуаджэкӏэ | жьаугъуаджэхэкӏэ | жьаугъуаджэхэм | жьаугъуаджэхэмэ | жьаугъуаджыу | жьаугъуаджэ | жьаугъуаджэхэр,accepted
wiktionary-01440,train,true,,wiktionary,1440,lexicon,жьаушӏ,refuge (a place protected from wind or sun),noun,жьаушӏ | жьаушӏэм | жьаушӏэхэм | жьаушӏэхыу | жьаушӏэр | жьаушӏэхэ | жьаушӏэхэмэ | жьаушӏэкӏэ | жьаушӏэхэкӏэ | жьаушӏэ | жьаушӏыу | жьаушӏэхэр,accepted
wiktionary-01441,excluded_benchmark_overlap,false,exact_normalized_input_target_or_variant_overlap_with_benchmark,wiktionary,1441,lexicon,жьы,"air, atmosphere ; breath ; puke, vomit",noun,жьы,accepted
wiktionary-01442,train,true,,wiktionary,1442,lexicon,жьы зыӏугъэон,to get oneself into fresh air,verb,жьы зыӏугъэон,accepted
wiktionary-01443,train,true,,wiktionary,1443,lexicon,жьы зыӏугъэхьан,to get oneself into fresh air,verb,жьы зыӏугъэхьан,accepted
wiktionary-01444,train,true,,wiktionary,1444,lexicon,жьы къэщэн,to breathe,verb,жьы къэщэн,accepted
wiktionary-01445,excluded_benchmark_overlap,false,exact_normalized_input_target_or_variant_overlap_with_benchmark,wiktionary,1445,lexicon,жьыбгъэ,wind,noun,жьыбгъэ | жьыбгъэхэм | жьыбгъэхэкӏэ | жьыбгъэм | жьыбгъэр | жьыбгъэкӏэ | жьыбгъэхэр | жьыбгъэу | жьыбгъэхыу | жьыбгъэхэ | жьыбгъэхэмэ,accepted
wiktionary-01446,validation,true,,wiktionary,1446,lexicon,жьыбгъэ зыӏугъэон,to get oneself into fresh air,verb,жьыбгъэ зыӏугъэон,accepted
wiktionary-01447,test,true,,wiktionary,1447,lexicon,жьыбгъэ зыӏугъэхьан,to get oneself into fresh air,verb,жьыбгъэ зыӏугъэхьан,accepted
wiktionary-01448,train,true,,wiktionary,1448,lexicon,жьыбгъэос,Snow brought by wind,noun,жьыбгъэос | жьыбгъэосэм | жьыбгъэосэхэм | жьыбгъэосэхыу | жьыбгъэосэр | жьыбгъэосыу | жьыбгъэосэкӏэ | жьыбгъэосэхэр | жьыбгъэосэхэ | жьыбгъэосэхэкӏэ | жьыбгъэосэхэмэ | жьыбгъэосэ,accepted
wiktionary-01449,train,true,,wiktionary,1449,lexicon,жьыгъо,"One pass of a comb in the hair,",noun,жьыгъо | жьыгъор | жьыгъохыу | жьыгъохэр | жьыгъохэмэ | жьыгъом | жьыгъохэм | жьыгъохэкӏэ | жьыгъоу | жьыгъокӏэ | жьыгъохэ,accepted
wiktionary-01450,train,true,,wiktionary,1450,lexicon,жьыгъогу,airline,noun,жьыгъогу | жьыгъогуэр | жьыгъогуэм | жьыгъогуэхэкӏэ | жьыгъогуэхэ | жьыгъогуэкӏэ | жьыгъогуэ | жьыгъогуэхэр | жьыгъогуэхэм | жьыгъогуыу | жьыгъогухыу | жьыгъогуэхэмэ,accepted
wiktionary-01451,test,true,,wiktionary,1451,lexicon,жьыгъэбыб,kite,noun,жьыгъэбыб | жьыгъэбыбэхыу | жьыгъэбыбэм | жьыгъэбыбэ | жьыгъэбыбыу | жьыгъэбыбэхэмэ | жьыгъэбыбэкӏэ | жьыгъэбыбэхэр | жьыгъэбыбэхэм | жьыгъэбыбэхэкӏэ | жьыгъэбыбэр | жьыгъэбыбэхэ,accepted
wiktionary-01452,train,true,,wiktionary,1452,lexicon,жьыгъэбыу,"boaster, braggart",noun,жьыгъэбыу | жьыгъэбыухыу | жьыгъэбыуэм | жьыгъэбыуэхэм | жьыгъэбыуыу | жьыгъэбыуэр | жьыгъэбыуэхэр | жьыгъэбыуэхэ | жьыгъэбыуэкӏэ | жьыгъэбыуэ | жьыгъэбыуэхэмэ | жьыгъэбыуэхэкӏэ,accepted
wiktionary-01453,validation,true,,wiktionary,1453,lexicon,жьыгъэкъабзэ,air-conditioning,noun,жьыгъэкъабзэ,accepted
wiktionary-01454,train,true,,wiktionary,1454,lexicon,жьыгъэшъуй,bellflower,noun,жьыгъэшъуй | жьыгъэшъуйэхэмэ | жьыгъэшъуйэкӏэ | жьыгъэшъуйэхэр | жьыгъэшъуйэм | жьыгъэшъуйэхэ | жьыгъэшъуйэхэкӏэ | жьыгъэшъуйэхэм | жьыгъэшъуйэхыу | жьыгъэшъуйыу | жьыгъэшъуйэ | жьыгъэшъуйэр,accepted
wiktionary-01455,train,true,,wiktionary,1455,lexicon,жьыдзакӏо,air force soldier,noun,жьыдзакӏо | жьыдзакӏокӏэ | жьыдзакӏом | жьыдзакӏохэкӏэ | жьыдзакӏохэмэ | жьыдзакӏохэм | жьыдзакӏоу | жьыдзакӏор | жьыдзакӏохыу | жьыдзакӏохэр | жьыдзакӏохэ,accepted
wiktionary-01456,train,true,,wiktionary,1456,lexicon,жьыдзапӏэ,air force base,noun,жьыдзапӏэ,accepted
wiktionary-01457,test,true,,wiktionary,1457,lexicon,жьыдзэ,air force,noun,жьыдзэ,accepted
wiktionary-01458,train,true,,wiktionary,1458,lexicon,жьызалъ,air filter,noun,жьызалъ | жьызалъэр | жьызалъэхэм | жьызалъэкӏэ | жьызалъыу | жьызалъэхэмэ | жьызалъэхыу | жьызалъэхэр | жьызалъэм | жьызалъэхэ | жьызалъэ | жьызалъэхэкӏэ,accepted
wiktionary-01459,train,true,,wiktionary,1459,lexicon,жьызэпеу,air current ; air flow ; draft,noun,жьызэпеу | жьызэпеуэм | жьызэпеуэхэкӏэ | жьызэпеуэхэр | жьызэпеуэхэм | жьызэпеухыу | жьызэпеуэхэ | жьызэпеуэхэмэ | жьызэпеуэр | жьызэпеуыу | жьызэпеуэкӏэ | жьызэпеуэ,accepted
wiktionary-01460,train,true,,wiktionary,1460,lexicon,жьыкорен,antenna ; tornado,noun,жьыкорен | жьыкоренэкӏэ | жьыкореныу | жьыкоренэ | жьыкоренэр | жьыкоренэм | жьыкоренэхэм | жьыкоренэхыу | жьыкоренэхэ | жьыкоренэхэкӏэ | жьыкоренэхэмэ | жьыкоренэхэр,accepted
wiktionary-01461,train,true,,wiktionary,1461,lexicon,жьыкъуз,atmospheric pressure ; air pressure,noun,жьыкъуз | жьыкъузэхэм | жьыкъузэхэкӏэ | жьыкъузэ | жьыкъузэхэр | жьыкъузэкӏэ | жьыкъузэм | жьыкъузыу | жьыкъузэхыу | жьыкъузэхэмэ | жьыкъузэхэ | жьыкъузэр,accepted
wiktionary-01462,test,true,,wiktionary,1462,lexicon,жьыкъухь,ship ; Sail boat,noun,жьыкъухь | жьыкъухьэхэм | жьыкъухьэкӏэ | жьыкъухьэхэкӏэ | жьыкъухьэхэмэ | жьыкъухьэ | жьыкъухьэм | жьыкъухьыу | жьыкъухьэр | жьыкъухьэхэр | жьыкъухьэхыу | жьыкъухьэхэ,accepted
wiktionary-01463,train,true,,wiktionary,1463,lexicon,жьыкъыдэгъэкӏын,exhalation ; to exhale,noun | verb,жьыкъыдэгъэкӏын,accepted
wiktionary-01464,train,true,,wiktionary,1464,lexicon,жьыкъэщэн,inhalation ; to inhale,noun | verb,жьыкъэщэн,accepted
wiktionary-01465,train,true,,wiktionary,1465,lexicon,жьыкъэщэуз,asthma,noun,жьыкъэщэуз | жьыкъэщэузэхэр | жьыкъэщэузэр | жьыкъэщэузэкӏэ | жьыкъэщэузэхэм | жьыкъэщэузэм | жьыкъэщэузэхэкӏэ | жьыкъэщэузэ | жьыкъэщэузэхыу | жьыкъэщэузэхэ | жьыкъэщэузыу | жьыкъэщэузэхэмэ,accepted
wiktionary-01466,train,true,,wiktionary,1466,lexicon,жьын,to comb,verb,жьын,accepted
wiktionary-01467,train,true,,wiktionary,1467,lexicon,жьынэӏу,"Air front ; Wind front,",noun,жьынэӏу | жьынэӏуэм | жьынэӏуэхэкӏэ | жьынэӏуэкӏэ | жьынэӏухыу | жьынэӏуыу | жьынэӏуэхэр | жьынэӏуэр | жьынэӏуэ | жьынэӏуэхэм | жьынэӏуэхэмэ | жьынэӏуэхэ,accepted
wiktionary-01468,train,true,,wiktionary,1468,lexicon,жьыпэ,Air front,noun,жьыпэ | жьыпэхэм | жьыпэм | жьыпэр | жьыпэхэр | жьыпэхэкӏэ | жьыпэкӏэ | жьыпэхэ | жьыпэу | жьыпэхэмэ | жьыпэхыу,accepted
wiktionary-01469,train,true,,wiktionary,1469,lexicon,жьырытэдж,Riser (early),noun,жьырытэдж,accepted
wiktionary-01470,train,true,,wiktionary,1470,lexicon,жьыуай,storm,noun,жьыуай,accepted
wiktionary-01471,validation,true,,wiktionary,1471,lexicon,жьыуапӏэ,windward place,noun,жьыуапӏэ | жьыуапӏэхэмэ | жьыуапӏэкӏэ | жьыуапӏэхэм | жьыуапӏэр | жьыуапӏэу | жьыуапӏэхэ | жьыуапӏэхэр | жьыуапӏэм | жьыуапӏэхэкӏэ | жьыуапӏэхыу,accepted
wiktionary-01472,train,true,,wiktionary,1472,lexicon,жьыуз,asthma,noun,жьыуз | жьыузэхэкӏэ | жьыузэхэ | жьыузэр | жьыузэхэмэ | жьыузэхыу | жьыузэхэм | жьыузэкӏэ | жьыузэ | жьыузэм | жьыузыу | жьыузэхэр,accepted
wiktionary-01473,validation,true,,wiktionary,1473,lexicon,жьыф,fan,noun,жьыф | жьыфэм | жьыфэ | жьыфэхэр | жьыфэкӏэ | жьыфэхэм | жьыфэхыу | жьыфэр | жьыфэхэ | жьыфэхэкӏэ | жьыфэхэмэ | жьыфыу,accepted
wiktionary-01474,train,true,,wiktionary,1474,lexicon,жьыхъырз,tornado,noun,жьыхъырз | жьыхъырзэм | жьыхъырзыу | жьыхъырзэ | жьыхъырзэкӏэ | жьыхъырзэхыу | жьыхъырзэхэмэ | жьыхъырзэхэкӏэ | жьыхъырзэхэм | жьыхъырзэхэ | жьыхъырзэхэр | жьыхъырзэр,accepted
wiktionary-01475,train,true,,wiktionary,1475,lexicon,жьыхьарз,tornado,noun,жьыхьарз | жьыхьарзэхэр | жьыхьарзэхыу | жьыхьарзэхэмэ | жьыхьарзэхэкӏэ | жьыхьарзэхэм | жьыхьарзыу | жьыхьарзэкӏэ | жьыхьарзэр | жьыхьарзэм | жьыхьарзэ | жьыхьарзэхэ,accepted
wiktionary-01476,excluded_benchmark_overlap,false,exact_normalized_input_target_or_variant_overlap_with_benchmark,wiktionary,1476,lexicon,жьышъаб,breeze,noun,жьышъаб | жьышъабэхэ | жьышъабэхыу | жьышъабэкӏэ | жьышъабэхэкӏэ | жьышъабэхэмэ | жьышъабэхэм | жьышъабэ | жьышъабэм | жьышъабэхэр | жьышъабэр | жьышъабыу,accepted
wiktionary-01477,train,true,,wiktionary,1477,lexicon,жьышъхьал,windmill,noun,жьышъхьал | жьышъхьалэм | жьышъхьалэхэкӏэ | жьышъхьалэхэм | жьышъхьалэхыу | жьышъхьалэхэ | жьышъхьалэхэр | жьышъхьалэр | жьышъхьалэхэмэ | жьышъхьалэкӏэ | жьышъхьалэ | жьышъхьалыу,accepted
wiktionary-01478,train,true,,wiktionary,1478,lexicon,жьыщэ,very early ; too early,adj,жьыщэ,accepted
wiktionary-01479,train,true,,wiktionary,1479,lexicon,жьыӏо,Early (relatively),adj,жьыӏо,accepted
wiktionary-01480,train,true,,wiktionary,1480,lexicon,жьыӏэшӏу,A pleasant breeze,noun,жьыӏэшӏу | жьыӏэшӏуэхэкӏэ | жьыӏэшӏуэхэм | жьыӏэшӏухыу | жьыӏэшӏуэкӏэ | жьыӏэшӏуэр | жьыӏэшӏуэ | жьыӏэшӏуэхэр | жьыӏэшӏуэм | жьыӏэшӏуэхэмэ | жьыӏэшӏуэхэ | жьыӏэшӏуыу,accepted
wiktionary-01481,train,true,,wiktionary,1481,lexicon,жьэу,Before season ; early,adv,жьэу | жьэуэхэр | жьэуэм | жьэуэ | жьэуэхэм | жьэуэхэ | жьэуэкӏэ | жьэуэхэмэ | жьэуэхэкӏэ | жьэуыу | жьэуэр | жьэухыу,accepted
wiktionary-01482,validation,true,,wiktionary,1482,lexicon,жэ,mouth ; skateboard,noun,жэ | жэр | жэкӏэ | жэхэ | жэхэкӏэ | жэм | жэу | жэхыу | жэхэм | жэхэр | жэхэмэ,accepted
wiktionary-01483,test,true,,wiktionary,1483,lexicon,жэ зэкӏэкӏын,to yawn,verb,жэ зэкӏэкӏын,accepted
wiktionary-01484,train,true,,wiktionary,1484,lexicon,жэгъу,neck,noun,жэгъу | жэгъуэкӏэ | жэгъуэхэкӏэ | жэгъуэхэ | жэгъуэм | жэгъухыу | жэгъуэхэм | жэгъуэхэр | жэгъуэхэмэ | жэгъуыу | жэгъуэ | жэгъуэр,accepted
wiktionary-01485,train,true,,wiktionary,1485,lexicon,жэгъуб,dewlap,noun,жэгъуб | жэгъубэхэр | жэгъубэхэм | жэгъубэр | жэгъубэкӏэ | жэгъубэхэкӏэ | жэгъубэ | жэгъубэхэмэ | жэгъубэм | жэгъубэхыу | жэгъубыу | жэгъубэхэ,accepted
wiktionary-01486,train,true,,wiktionary,1486,lexicon,жэгъуулал,pelican,noun,жэгъуулал,accepted
wiktionary-01487,train,true,,wiktionary,1487,lexicon,жэдэзын,to fall from the mouth ; to utter,verb,жэдэзын,accepted
wiktionary-01488,train,true,,wiktionary,1488,lexicon,жэдэкон,to wedge into the mouth,verb,жэдэкон,accepted
wiktionary-01489,train,true,,wiktionary,1489,lexicon,жэдэкӏэн,to pour into the mouth,verb,жэдэкӏэн,accepted
wiktionary-01490,excluded_review_required,false,missing_target_text,wiktionary,1490,lexicon,жэдэлъхьажьын,,,жэдэлъхьажьын,review_required
wiktionary-01491,train,true,,wiktionary,1491,lexicon,жэдэлъын,"to bring out of the mouth,",verb,жэдэлъын,accepted
wiktionary-01492,train,true,,wiktionary,1492,lexicon,жэдэон,to beat on the mouth,verb,жэдэон,accepted
wiktionary-01493,train,true,,wiktionary,1493,lexicon,жэдэплъыхьан,to examine the mouth,verb,жэдэплъыхьан,accepted
wiktionary-01494,train,true,,wiktionary,1494,lexicon,жэдэтэкъон,to throw inside the mouth,verb,жэдэтэкъон,accepted
wiktionary-01495,train,true,,wiktionary,1495,lexicon,жэдэфэн,to chew ; to fall into the mouth ; to masticate,verb,жэдэфэн,accepted
wiktionary-01496,train,true,,wiktionary,1496,lexicon,жэкъун,to belch ; to burp,verb,жэкъун,accepted
wiktionary-01497,train,true,,wiktionary,1497,lexicon,жэкӏагъу,a person with gray beard,adj,жэкӏагъу | жэкӏагъуэм | жэкӏагъуэхэмэ | жэкӏагъуэкӏэ | жэкӏагъухыу | жэкӏагъуэр | жэкӏагъуэхэ | жэкӏагъуэхэм | жэкӏагъуэхэкӏэ | жэкӏагъуыу | жэкӏагъуэ | жэкӏагъуэхэр,accepted
wiktionary-01498,excluded_benchmark_overlap,false,exact_normalized_input_target_or_variant_overlap_with_benchmark,wiktionary,1498,lexicon,жэкӏапэ,chin,noun,жэкӏапэ | жэкӏапэхэкӏэ | жэкӏьапэхэкӏэ | жэкӏапэхэм | жэкӏэпэпкъэм | жэкӏапэхэ | жэкӏьапэхэм | жэкӏьапэ | жэкӏапэхэр | жэкӏьапэкӏэ | жэкӏапэу | жэкӏапэм | жэкӏэпэпкъэхыу | жэкӏапэхыу | жэкӏэпэпкъэкӏэ | жэкӏьапэхыу | жэкӏэпэпкъэхэкӏэ | жэкӏьапэр | жэкӏэпэпкъэ | жэкӏапэхэмэ | жэкӏьапэхэ | жэкӏапэр | жэкӏьапэхэр | жэкӏьапэм | жэкӏэпэпкъэхэм | жэкӏэпэпкъэхэмэ | жэкӏэпэпкъэр | жэкӏэпэпкъ | жэкӏэпэпкъыу | жэкӏэпэпкъэхэ | жэкӏэпэпкъэхэр | жэкӏьапэу | жэкӏьапэхэмэ | жэкӏапэкӏэ,accepted
wiktionary-01499,train,true,,wiktionary,1499,lexicon,жэкӏэпэсыс,a person that have a trembling bread,adj,жэкӏэпэсыс,accepted
wiktionary-01500,train,true,,wiktionary,1500,lexicon,жэкӏэупс,barber ; hairdresser,noun,жэкӏэупс | жэкӏэупсэхыу | жэкӏэупсэм | жэкӏэупсэ | жэкӏэупсэхэр | жэкӏэупсэкӏэ | жэкӏэупсэхэм | жэкӏэупсэхэ | жэкӏэупсыу | жэкӏэупсэр | жэкӏэупсэхэмэ | жэкӏэупсэхэкӏэ,accepted
wiktionary-01501,train,true,,wiktionary,1501,lexicon,жэкӏэупсыпӏ,barbershop,noun,жэкӏэупсыпӏ | жэкӏэупсыпӏэм | жэкӏэупсыпӏэхэ | жэкӏэупсыпӏэхэр | жэкӏэупсыпӏэр | жэкӏэупсыпӏэхэм | жэкӏэупсыпӏэхэкӏэ | жэкӏэупсыпӏыу | жэкӏэупсыпӏэкӏэ | жэкӏэупсыпӏэ | жэкӏэупсыпӏэхэмэ | жэкӏэупсыпӏэхыу,accepted
wiktionary-01502,test,true,,wiktionary,1502,lexicon,жэкӏэф,a person with white beard,adj,жэкӏэф | жэкӏэфэхэ | жэкӏэфэ | жэкӏэфэхэм | жэкӏэфэхыу | жэкӏэфэхэр | жэкӏэфэр | жэкӏэфыу | жэкӏэфэхэмэ | жэкӏэфэм | жэкӏэфэхэкӏэ | жэкӏэфэкӏэ,accepted
wiktionary-01503,train,true,,wiktionary,1503,lexicon,жэкӏэшху,big beard ; a person with a big beard,adj | noun,жэкӏэшху | жэкӏэшхуэ | жэкӏэшхуэхэмэ | жэкӏэшхуэхэр | жэкӏэшхуэкӏэ | жэкӏэшхуыу | жэкӏэшхуэхэкӏэ | жэкӏэшхуэр | жэкӏэшхуэм | жэкӏэшхуэхэм | жэкӏэшхуэхэ | жэкӏэшхухыу,accepted
wiktionary-01504,train,true,,wiktionary,1504,lexicon,жэлъакӏу,Ski season ; Ski trace,noun,жэлъакӏу | жэлъакӏуэхэр | жэлъакӏуэхэкӏэ | жэлъакӏуыу | жэлъакӏуэр | жэлъакӏуэкӏэ | жэлъакӏуэхэ | жэлъакӏуэм | жэлъакӏуэхэм | жэлъакӏуэ | жэлъакӏуэхэмэ | жэлъакӏухыу,accepted
wiktionary-01505,train,true,,wiktionary,1505,lexicon,жэлый,fishhook,noun,жэлый | жэлыйэ | жэлыйэм | жэлыйэхэр | жэлыйэкӏэ | жэлыйэхыу | жэлыйэхэм | жэлыйыу | жэлыйэхэ | жэлыйэхэкӏэ | жэлыйэхэмэ | жэлыйэр,accepted
wiktionary-01506,train,true,,wiktionary,1506,lexicon,жэм дэӏохьажьын,"to mutter, to mumble",verb,жэм дэӏохьажьын,accepted
wiktionary-01507,train,true,,wiktionary,1507,lexicon,жэмай,Blessed talker ; Good talker ; silent ; taciturn,adj,жэмай,accepted
wiktionary-01508,train,true,,wiktionary,1508,lexicon,жэмачыу,talkative ; eloquent ; talker ; speaker,adj | noun,жэмачыу | жэмачыухэм | жэмачыуу | жэмачыухэ | жэмачыукӏэ | жэмачыухэр | жэмачыухэмэ | жэмачыур | жэмачыум | жэмачыухыу | жэмачыухэкӏэ,accepted
wiktionary-01509,train,true,,wiktionary,1509,lexicon,жэмыӏан,talkative,adj,жэмыӏан,accepted
wiktionary-01510,validation,true,,wiktionary,1510,lexicon,жэпкъ,palate ; lower jaw,noun,жэпкъ | жэпкъыу | жэпкъэр | жэпкъэхэмэ | жэпкъэхэм | жэпкъэхэр | жэпкъэм | жэпкъэхыу | жэпкъэхэ | жэпкъэкӏэ | жэпкъэхэкӏэ | жэпкъэ,accepted
wiktionary-01511,train,true,,wiktionary,1511,lexicon,жэпхъэмыбгъу,jaw ; beard,noun,жэпхъэмыбгъу | жэпхъэмыбгъукӏэ | жэпхъэмыбгъумкӏэ | жэпхъэмыбгъухэкӏэ | жэпхъэмыбгъухэм | жэпхъэмыбгъухэмэ | жэпхъэмыбгъуу | жэпхъэмыбгъухыу | жэпхъэмыбгъухэр | жэпхъэмыбгъухэ | жэпхъэмыбгъум | жэпхъэмыбгъур,accepted
wiktionary-01512,train,true,,wiktionary,1512,lexicon,жэрыплъ,stupid ; wandering,adj,жэрыплъ,accepted
wiktionary-01513,test,true,,wiktionary,1513,lexicon,жэрыплъагъ,unmarked ; unidentified,adj,жэрыплъагъ,accepted
wiktionary-01514,train,true,,wiktionary,1514,lexicon,жэрыӏу,verbal ; oral ; spoken,adj,жэрыӏу,accepted
wiktionary-01515,train,true,,wiktionary,1515,lexicon,жэрыӏуабз,Colloquial language ; Prose writing,noun,жэрыӏуабз | жэрыӏуабзэхэ | жэрыӏуабзэкӏэ | жэрыӏуабзэм | жэрыӏуабзэхэкӏэ | жэрыӏуабзэхэм | жэрыӏуабзэ | жэрыӏуабзыу | жэрыӏуабзэхыу | жэрыӏуабзэр | жэрыӏуабзэхэр | жэрыӏуабзэхэмэ,accepted
wiktionary-01516,train,true,,wiktionary,1516,lexicon,жэукъ,yawning ; stupid ; yawn ; stupid person,adj | noun,жэукъ | жэукъэм | жэукъэкӏэ | жэукъэхэ | жэукъэр | жэукъэхэкӏэ | жэукъэхэмэ | жэукъэхэм | жэукъыу | жэукъэхыу | жэукъэхэр | жэукъэ,accepted
wiktionary-01517,test,true,,wiktionary,1517,lexicon,жэукъыгъ,yawner,noun,жэукъыгъ | жэукъыгъэкӏэ | жэукъыгъэхэм | жэукъыгъыу | жэукъыгъэхыу | жэукъыгъэхэкӏэ | жэукъыгъэхэр | жэукъыгъэхэмэ | жэукъыгъэ | жэукъыгъэм | жэукъыгъэхэ | жэукъыгъэр,accepted
wiktionary-01518,train,true,,wiktionary,1518,lexicon,жэхъу,"an overly talkative person, chatterbox ; rough",adj,жэхъу,accepted
wiktionary-01519,train,true,,wiktionary,1519,lexicon,жэхъуагъ,rudeness ; ugliness,noun,жэхъуагъ | жэхъуагъэ | жэхъуагъэхэкӏэ | жэхъуагъэхэм | жэхъуагъэхэр | жэхъуагъэм | жэхъуагъэкӏэ | жэхъуагъэхыу | жэхъуагъыу | жэхъуагъэхэ | жэхъуагъэхэмэ | жэхъуагъэр,accepted
wiktionary-01520,test,true,,wiktionary,1520,lexicon,жэхэбэнэн,to attack a face,verb,жэхэбэнэн,accepted
wiktionary-01521,train,true,,wiktionary,1521,lexicon,жэхэзыхьан,to wedge ; to push,verb,жэхэзыхьан,accepted
wiktionary-01522,test,true,,wiktionary,1522,lexicon,жэхэкӏотэн,to go ahead ; to go forward,verb,жэхэкӏотэн | джыхэкӏотэн,accepted
wiktionary-01523,train,true,,wiktionary,1523,lexicon,жэхэкӏоцэн,to smash,verb,жэхэкӏоцэн,accepted
wiktionary-01524,train,true,,wiktionary,1524,lexicon,жэхэлъэдэн,to collide with ; to jump in the face of,verb,жэхэлъэдэн | джыхэлъэдэн,accepted
wiktionary-01525,train,true,,wiktionary,1525,lexicon,жэхэон,to hit someone's head,verb,жэхэон | джыхэон,accepted
wiktionary-01526,train,true,,wiktionary,1526,lexicon,жэхэпкӏэн,to jump in the face of ; to examine a face ; to scrutinize ; to jump on someone (for assault),verb,жэхэпкӏэн | джыхэпкӏэн | джыхэпкӏьэн,accepted
wiktionary-01527,train,true,,wiktionary,1527,lexicon,жэхэплъэн,to glare at a face ; to google at a face,verb,жэхэплъэн,accepted
wiktionary-01528,train,true,,wiktionary,1528,lexicon,жэхэпхъэнкӏэн,to sweep in front of a face,verb,жэхэпхъэнкӏэн,accepted
wiktionary-01529,train,true,,wiktionary,1529,lexicon,жэхэтхъон,to scratch a face,verb,жэхэтхъон,accepted
wiktionary-01530,train,true,,wiktionary,1530,lexicon,жэхэупцӏэн,to stain a face ; to splash forcefully onto someone or something,verb,жэхэупцӏэн | джыхэупсӏэн,accepted
wiktionary-01531,train,true,,wiktionary,1531,lexicon,жэхэхьан,"to collide with, to smash into",verb,жэхэхьан | джыхэхьэн,accepted
wiktionary-01532,train,true,,wiktionary,1532,lexicon,жэӏонтӏагъ,bent ; crooked ; curved,adj,жэӏонтӏагъ,accepted
wiktionary-01533,train,true,,wiktionary,1533,lexicon,жэӏулэл,foolish ; silly ; stupid ; Loose jaw,adj,жэӏулэл,accepted
wiktionary-01534,test,true,,wiktionary,1534,lexicon,жэӏулэлыгъ,foolishness ; insanity ; lunacy ; madness,noun,жэӏулэлыгъ,accepted
wiktionary-01535,train,true,,wiktionary,1535,lexicon,загъорэ,sometimes,adv,загъорэ,accepted
wiktionary-01536,train,true,,wiktionary,1536,lexicon,закъу,only,adj,закъу,accepted
wiktionary-01537,train,true,,wiktionary,1537,lexicon,зандэ,straight standing ; steep ; vertical,adj,зандэ,accepted
wiktionary-01538,train,true,,wiktionary,1538,lexicon,занкӏэ,straight,adj,занкӏэ | закӏэ,accepted
wiktionary-01539,train,true,,wiktionary,1539,lexicon,занкӏэу,right away; straight away,adv,занкӏэу,accepted
wiktionary-01540,validation,true,,wiktionary,1540,lexicon,зао,war ; battle ; fight,noun,зао | заохэм | заохэ | заом | заохэмэ | заокӏэ | заохыу | заохэр | заоу | заохэкӏэ | заор,accepted
wiktionary-01541,train,true,,wiktionary,1541,lexicon,зары,"(dialectal) because (for what cause, reason, or purpose)",adv,зары,accepted
wiktionary-01542,excluded_benchmark_overlap,false,exact_normalized_input_target_or_variant_overlap_with_benchmark,wiktionary,1542,lexicon,заулэ,several,adj,заулэ,accepted
wiktionary-01543,train,true,,wiktionary,1543,lexicon,зафэ,"straight, just (good person)",adj,зафэ,accepted
wiktionary-01544,train,true,,wiktionary,1544,lexicon,згъэшъхъын,"to duck, to bend, to crouch",verb,згъэшъхъын,accepted
wiktionary-01545,train,true,,wiktionary,1545,lexicon,зегъэкӏын,to lean on something,verb,зегъэкӏын,accepted
wiktionary-01546,train,true,,wiktionary,1546,lexicon,зегъэуджэгъун,to become loathsome / hated,verb,зегъэуджэгъун,accepted
wiktionary-01547,test,true,,wiktionary,1547,lexicon,зегъэун,to direct oneself toward something that emits heat,verb,зегъэун,accepted
wiktionary-01548,train,true,,wiktionary,1548,lexicon,зегъэунэжъыен,"One that doesn't behave well, do naughty and mischievous things. One that does trouble.",verb,зегъэунэжъыен,accepted
wiktionary-01549,train,true,,wiktionary,1549,lexicon,зегъэхьын,"to get lost, to go away and disappear (to beat it, to fuck off, to piss off, to bugger off) (Used to tell somebody to go away)",verb,зегъэхьын,accepted
wiktionary-01550,train,true,,wiktionary,1550,lexicon,зегъэшъукӏын,to drink until one gets full; to drink plenty (of) ; to saturate oneself with liquid,verb,зегъэшъукӏын,accepted
wiktionary-01551,train,true,,wiktionary,1551,lexicon,зегъэшӏужьын,"to reconcile between, to restore a friendly relationship",verb,зегъэшӏужьын,accepted
wiktionary-01552,validation,true,,wiktionary,1552,lexicon,зекӏо,"match ; trip, journey, travel",noun,зекӏо | зекӏохыу | зекӏохэм | зекӏохэмэ | зекӏом | зекӏохэкӏэ | зекӏоу | зекӏокӏэ | зекӏохэ | зекӏор | зекӏохэр,accepted
wiktionary-01553,train,true,,wiktionary,1553,lexicon,зетын,oil ; olive,noun,зетын | зетынэхэм | зетыныу | зетынэ | зетынэкӏэ | зетынэхэ | зетынэхэр | зетынэм | зетынэхэмэ | зетынэр | зетынэхэкӏэ | зетынэхыу,accepted
wiktionary-01554,test,true,,wiktionary,1554,lexicon,зешъокӏыжьын,to consume a lot of liquid ; to get wasted; to get drunk,verb,зешъокӏыжьын,accepted
wiktionary-01555,test,true,,wiktionary,1555,lexicon,зи,nothing ; nobody,adv,зи | зиӏ,accepted
wiktionary-01556,train,true,,wiktionary,1556,lexicon,зифэпэжьыгъ,"to get dressed, to dress up",verb,зифэпэжьыгъ,accepted
wiktionary-01557,train,true,,wiktionary,1557,lexicon,зтэгъэкӏэн,to lean on,verb,зтэгъэкӏэн,accepted
wiktionary-01558,excluded_benchmark_overlap,false,exact_normalized_input_target_or_variant_overlap_with_benchmark,wiktionary,1558,lexicon,зуагъуэ,star,noun,зуагъуэ | зуагъуэхыу | зуагъуэкӏэ | зуагъуэхэм | зуагъуэхэ | зуагъуэм | зуагъуэхэкӏэ | зуагъуэхэмэ | зуагъуэхэр | зуагъуэр | зуагъуэу,accepted
wiktionary-01559,train,true,,wiktionary,1559,lexicon,зупсын,to shave oneself,verb,зупсын,accepted
wiktionary-01560,train,true,,wiktionary,1560,lexicon,зфэӏон,to refer to,verb,зфэӏон,accepted
wiktionary-01561,excluded_benchmark_overlap,false,exact_normalized_input_target_or_variant_overlap_with_benchmark,wiktionary,1561,lexicon,зы,one,num,зы,accepted
wiktionary-01562,test,true,,wiktionary,1562,lexicon,зыб,so much,adv,зыб,accepted
wiktionary-01563,train,true,,wiktionary,1563,lexicon,зыгокӏэ,by something ; by someone ; by any chance,adv | intj,зыгокӏэ,accepted
wiktionary-01564,train,true,,wiktionary,1564,lexicon,зыгъэгусэн,"to take offense, to be offended, to feel hurt, to resent",verb,зыгъэгусэн,accepted
wiktionary-01565,train,true,,wiktionary,1565,lexicon,зыгъэнэджэн,to act spoiled,verb,зыгъэнэджэн,accepted
wiktionary-01566,test,true,,wiktionary,1566,lexicon,зыгъэпскӏын,"to take a shower, to take a bath",verb,зыгъэпскӏын | зыгъэпсыкӏын | зыгъэпсыкӏьын | зыгъэпкӏын,accepted
wiktionary-01567,train,true,,wiktionary,1567,lexicon,зыгъэпсэфын,"to rest, to take a break",verb,зыгъэпсэфын,accepted
wiktionary-01568,train,true,,wiktionary,1568,lexicon,зыгъэсамбырын,"to make oneself patient, to content oneself to wait if necessary; not losing one self's temper while waiting.",verb,зыгъэсамбырын,accepted
wiktionary-01569,train,true,,wiktionary,1569,lexicon,зыгъэухьазырын,to get ready,verb,зыгъэухьазырын,accepted
wiktionary-01570,train,true,,wiktionary,1570,lexicon,зыгъэшхэкӏын,to eat until one gets full; to eat plenty (of) ; to saturate oneself with food,verb,зыгъэшхэкӏын,accepted
wiktionary-01571,train,true,,wiktionary,1571,lexicon,зыкъэшӏэжьын,to recognize themselves ; to come to one's senses,verb,зыкъэшӏэжьын,accepted
wiktionary-01572,train,true,,wiktionary,1572,lexicon,зылӏэжьын,to commit suicide,verb,зылӏэжьын,accepted
wiktionary-01573,train,true,,wiktionary,1573,lexicon,зыныбжь икъугъэ,adult,noun,зыныбжь икъугъэ,accepted
wiktionary-01574,train,true,,wiktionary,1574,lexicon,зыохьын,"to go apeshit, to get out of control due to anger or excitement",verb,зыохьын,accepted
wiktionary-01575,train,true,,wiktionary,1575,lexicon,зыпари,nothing,adv,зыпари,accepted
wiktionary-01576,train,true,,wiktionary,1576,lexicon,зыплъыхьан,to look around,verb,зыплъыхьан | зыплъыхьын,accepted
wiktionary-01577,train,true,,wiktionary,1577,lexicon,зыплъыхьапӏэ,tower,noun,зыплъыхьапӏэ,accepted
wiktionary-01578,train,true,,wiktionary,1578,lexicon,зыпэгъутхьажьын,to have the instance of urinating.,verb,зыпэгъутхьажьын | зыпэгъотхьажьын,accepted
wiktionary-01579,train,true,,wiktionary,1579,lexicon,зыпэгъэплъэн,to make someone wait for oneself,verb,зыпэгъэплъэн,accepted
wiktionary-01580,train,true,,wiktionary,1580,lexicon,зыпэшӏыжьын,to imitate oneself to,verb,зыпэшӏыжьын,accepted
wiktionary-01581,validation,true,,wiktionary,1581,lexicon,зытегъэкӏэн,to lean over,verb,зытегъэкӏэн | тегъэкӏэн,accepted
wiktionary-01582,train,true,,wiktionary,1582,lexicon,зыушъэфын,"to keep silent, to be silent",verb,зыушъэфын,accepted
wiktionary-01583,excluded_benchmark_overlap,false,exact_normalized_input_target_or_variant_overlap_with_benchmark,wiktionary,1583,lexicon,зыуӏэшын,arm,noun,зыуӏэшын | зыуӏэшынэхэр | зыуӏэшынэхэмэ | зыуӏэшынэм | зыуӏэшынэкӏэ | зыуӏэшынэхэм | зыуӏэшыныу | зыуӏэшынэр | зыуӏэшынэхэкӏэ | зыуӏэшынэхэ | зыуӏэшынэхыу | зыуӏэшынэ,accepted
wiktionary-01584,test,true,,wiktionary,1584,lexicon,зыфэгъэгусэн,"to take offense (at), to be offended (by), to feel hurt (by), to resent",verb,зыфэгъэгусэн,accepted
wiktionary-01585,train,true,,wiktionary,1585,lexicon,зыфэгъэсакъын,to be careful,verb,зыфэгъэсакъын,accepted
wiktionary-01586,train,true,,wiktionary,1586,lexicon,зыфэгъэсэн,to train for; to practice] for,verb,зыфэгъэсэн,accepted
wiktionary-01587,train,true,,wiktionary,1587,lexicon,зыци,nothing ; zero,adv,зыци | зыцый,accepted
wiktionary-01588,test,true,,wiktionary,1588,lexicon,зышъутыпцӏын,to strip,verb,зышъутыпцӏын,accepted
wiktionary-01589,validation,true,,wiktionary,1589,lexicon,зышӏоу,"very, really",adv,зышӏоу,accepted
wiktionary-01590,train,true,,wiktionary,1590,lexicon,зышӏошӏужьын,"to be arrogant; to be haughty, to think full of oneself",verb,зышӏошӏужьын,accepted
wiktionary-01591,train,true,,wiktionary,1591,lexicon,зыщыгъэгъупшын,to try to forget,verb,зыщыгъэгъупшын,accepted
wiktionary-01592,train,true,,wiktionary,1592,lexicon,зыщыгъэзыен,to move oneself to another place/spot (Usually move a small distance from the spot oneself is standing),verb,зыщыгъэзыен,accepted
wiktionary-01593,test,true,,wiktionary,1593,lexicon,зыщыгъэзын,"to take one's clothes off, to undress",verb,зыщыгъэзын,accepted
wiktionary-01594,train,true,,wiktionary,1594,lexicon,зыщыдзыен,to move away from ; to avoid,verb,зыщыдзыен,accepted
wiktionary-01595,train,true,,wiktionary,1595,lexicon,зыщэӏэн,to be patient ; to bear,verb,зыщэӏэн,accepted
wiktionary-01596,train,true,,wiktionary,1596,lexicon,зыӏуамылъхьажь,ugly,adj,зыӏуамылъхьажь,accepted
wiktionary-01597,test,true,,wiktionary,1597,lexicon,зыӏэкӏэубытэн,to get ahold of; to get hold of,verb,зыӏэкӏэубытэн,accepted
wiktionary-01598,validation,true,,wiktionary,1598,lexicon,зэ,"wait, a moment",adv,зэ,accepted
wiktionary-01599,train,true,,wiktionary,1599,lexicon,зэблэдзын,"to cross ; to convert something into another thing ; to mix-up between (usually by confusion, mistake, muddle or misunderstanding)",verb,зэблэдзын,accepted
wiktionary-01600,test,true,,wiktionary,1600,lexicon,зэблэкьын,to pass something,verb,зэблэкьын,accepted
wiktionary-01601,train,true,,wiktionary,1601,lexicon,зэблэхъун,"to replace, to change something with something else",verb,зэблэхъун,accepted
wiktionary-01602,train,true,,wiktionary,1602,lexicon,зэгогъэкӏын,"to split something or something, to separate ; to make someone to go mad, to make someone to go crazy",verb,зэгогъэкӏын,accepted
wiktionary-01603,validation,true,,wiktionary,1603,lexicon,зэгожъын,"to get sad, to get upset",verb,зэгожъын,accepted
wiktionary-01604,validation,true,,wiktionary,1604,lexicon,зэгокӏын,"to part, to separate ; to break up with someone ; to be split (caused by something or someone) ; to lost one's mind, to get crazy",verb,зэгокӏын | зэгокӏьын,accepted
wiktionary-01605,validation,true,,wiktionary,1605,lexicon,зэгоожьын,to blame oneself,verb,зэгоожьын,accepted
wiktionary-01606,train,true,,wiktionary,1606,lexicon,зэготӏэпӏыкӏын,"to be unstitched, to be torn at the seams",verb,зэготӏэпӏыкӏын,accepted
wiktionary-01607,train,true,,wiktionary,1607,lexicon,зэгоутын,"to be torn apart emotionally, to fall apart (To be emotionally in crisis) ; to split with strength, to cleave, to rive",verb,зэгоутын,accepted
wiktionary-01608,validation,true,,wiktionary,1608,lexicon,зэгочын,to be cracked ; to be broken off,verb,зэгочын,accepted
wiktionary-01609,validation,true,,wiktionary,1609,lexicon,зэгощын,to stretch,verb,зэгощын,accepted
wiktionary-01610,test,true,,wiktionary,1610,lexicon,зэгу,wait (for now),adv,зэгу,accepted
wiktionary-01611,validation,true,,wiktionary,1611,lexicon,зэгъэлъагъэ,"curly, folded",adj,зэгъэлъагъэ,accepted
wiktionary-01612,validation,true,,wiktionary,1612,lexicon,зэгъэн,to be pleased ; to stop moving after being pleased,verb,зэгъэн | рэзэгъэн,accepted
wiktionary-01613,validation,true,,wiktionary,1613,lexicon,зэгъэпэшын,to organize ; to arrange ; to engineer ; to prepare ; to suit,verb,зэгъэпэшын,accepted
wiktionary-01614,test,true,,wiktionary,1614,lexicon,зэгъэфагъ,"arranged, organized",adj,зэгъэфагъ,accepted
wiktionary-01615,train,true,,wiktionary,1615,lexicon,зэгъэфэгъэн,to arrange,verb,зэгъэфэгъэн,accepted
wiktionary-01616,validation,true,,wiktionary,1616,lexicon,зэгъэфэн,"to pretty up (to make oneself or someone else look better by dressing up, for example) ; to engineer ; to beautify ; to organize,",verb,зэгъэфэн,accepted
wiktionary-01617,train,true,,wiktionary,1617,lexicon,зэгъэшӏэн,to learn,verb,зэгъэшӏэн,accepted
wiktionary-01618,train,true,,wiktionary,1618,lexicon,зэгьэм,immediately,adv,зэгьэм,accepted
wiktionary-01619,train,true,,wiktionary,1619,lexicon,зэдзэкӏакӏо,interpreter ; translator,noun,зэдзэкӏакӏо,accepted
wiktionary-01620,train,true,,wiktionary,1620,lexicon,зэдзэкӏакӏу,translator,noun,зэдзэкӏакӏу | зэдзэкӏакӏуэ | зэдзэкӏакӏуэр | зэдзэкӏакӏуэм | зэдзэкӏакӏухыу | зэдзэкӏакӏуэхэкӏэ | зэдзэкӏакӏуэкӏэ | зэдзэкӏакӏуэхэмэ | зэдзэкӏакӏуэхэм | зэдзэкӏакӏуэхэр | зэдзэкӏакӏуыу | зэдзэкӏакӏуэхэ,accepted
wiktionary-01621,train,true,,wiktionary,1621,lexicon,зэдзэкӏын,to translate,verb,зэдзэкӏын,accepted
wiktionary-01622,validation,true,,wiktionary,1622,lexicon,зэжъу,"narrow, small width; not wide",adj,зэжъу,accepted
wiktionary-01623,train,true,,wiktionary,1623,lexicon,зэзэгъын,to get along,verb,зэзэгъын,accepted
wiktionary-01624,test,true,,wiktionary,1624,lexicon,зэзэон,to fight ; to be in war with each other,verb,зэзэон,accepted
wiktionary-01625,train,true,,wiktionary,1625,lexicon,зэйтынчъыг,olive tree,noun,зэйтынчъыг | зэйтынчъыгм | зэйтынчъыгр | зэйтынчъыгхэмэ | зэйтынчъыгхэр | зэйтынчъыгхэкӏэ | зэйтынчъыгхыу | зэйтынчъыгхэм | зэйтынчъыгу | зэйтынчъыгкӏэ,accepted
wiktionary-01626,train,true,,wiktionary,1626,lexicon,зэкъодзэн,"to tie, to bind ; to manufacture, to produce ; to make things stuck with each other (ropes or shoe laces)",verb,зэкъодзэн,accepted
wiktionary-01627,train,true,,wiktionary,1627,lexicon,зэкъолъэдагъ,stuck together (ropes or shoe laces),verb,зэкъолъэдагъ,accepted
wiktionary-01628,excluded_benchmark_overlap,false,exact_normalized_input_target_or_variant_overlap_with_benchmark,wiktionary,1628,lexicon,зэкъошныгъ,friendship,noun,зэкъошныгъ | зэкъошныгъэхэр | зэкъошныгъэхэм | зэкъошныгъэхэкӏэ | зэкъошныгъэ | зэкъошныгъэм | зэкъошныгъыу | зэкъошныгъэхыу | зэкъошныгъэхэ | зэкъошныгъэр | зэкъошныгъэхэмэ | зэкъошныгъэкӏэ,accepted
wiktionary-01629,test,true,,wiktionary,1629,lexicon,зэкӏон,"to act like, to behave like",verb,зэкӏон | мэзэкӏон,accepted
wiktionary-01630,train,true,,wiktionary,1630,lexicon,зэкӏэ,all ; all,adv | det,зэкӏэ,accepted
wiktionary-01631,train,true,,wiktionary,1631,lexicon,зэкӏэкӏон,"to walk backward, to go backward",verb,зэкӏэкӏон,accepted
wiktionary-01632,train,true,,wiktionary,1632,lexicon,зэкӏэплъэн,to look back,verb,зэкӏэплъэн,accepted
wiktionary-01633,train,true,,wiktionary,1633,lexicon,зэкӏэугъоен,"to gather, to collect ; to assemble",verb,зэкӏэугъоен,accepted
wiktionary-01634,train,true,,wiktionary,1634,lexicon,зэкӏэхьажьын,to become equal to; be be equalized,verb,зэкӏэхьажьын,accepted
wiktionary-01635,excluded_benchmark_overlap,false,exact_normalized_input_target_or_variant_overlap_with_benchmark,wiktionary,1635,lexicon,зэкӏэхьан,to be pushed back,noun,зэкӏэхьан | чӏэм | ӏу | дэм | и | бгъодэ | дэр | кӏоцӏым | кӏоцӏыхэм | ӏуэхэр | чӏэ | къохьан | шъхьапыры | ӏуэкӏэ | зэкӏэ | ӏуэм | ӏуэхэкӏэ | жэхэхьан | пыхьан | ӏуэхэм | дэхэм | кӏоцӏыхыу | дэкӏэ | кӏоцӏыхэкӏэ | ӏуэ | кӏоцӏы | шъхьапырыхьан | зэкӏэхьэн | чӏэу | чӏэкӏэ | кӏэлъыры | кӏоцӏыхэмэ | чӏэр | чӏэхэм | дэу | кӏэлъырыхьан | бгъодэхьан | чӏэхэкӏэ | чӏэхэр | кӏоцӏыр | ӏуэр | пы | жэдэ | чӏэхьан | къо | чӏэхэ | дэхьан | дэхыу | ӏуэхэ | чӏэхэмэ | шъхьадэхьан | дэхэкӏэ | хэхьан | дэхэ | кӏоцӏыхэр | дэхэр | хэ | зэбгыры | кӏоцӏыу | ӏухьан | дэ | го | ӏухыу | жэхэ | ихьан | жэдэхьан | кӏоцӏыкӏэ | зэбгырыхьан | кӏоцӏыхьан | лъы | техьан | шъхьадэ | те | гохьан | ӏуыу | ӏуэхэмэ | чӏэхыу | дэхэмэ | лъыхьан,accepted
wiktionary-01636,train,true,,wiktionary,1636,lexicon,зэкӏэчъэн,to run backward,verb,зэкӏэчъэн,accepted
wiktionary-01637,train,true,,wiktionary,1637,lexicon,зэлъежьэжь,chase (A children's game where one player chases another),noun,зэлъежьэжь,accepted
wiktionary-01638,train,true,,wiktionary,1638,lexicon,зэлӏ-зэшъуз,married couple,noun,зэлӏ-зэшъуз,accepted
wiktionary-01639,train,true,,wiktionary,1639,lexicon,зэмылӏэужыгъу,"various, diverse",adj,зэмылӏэужыгъу,accepted
wiktionary-01640,train,true,,wiktionary,1640,lexicon,зэндалэ,apricot ; apricot tree,noun,зэндалэ | зэндалэм | зэндалэкӏэ | зэндалэхэр | зэндалэхэм | зэндалэу | зэндалэхэмэ | зэндалэр | зэндалэхыу | зэндалэхэкӏэ | зэндалэхэ,accepted
wiktionary-01641,train,true,,wiktionary,1641,lexicon,зэокӏокъуашъу,galley,noun,зэокӏокъуашъу | зэокӏокъуашъуэхэр | зэокӏокъуашъуэкӏэ | зэокӏокъуашъуэр | зэокӏокъуашъуэхэм | зэокӏокъуашъуэм | зэокӏокъуашъуыу | зэокӏокъуашъуэхэмэ | зэокӏокъуашъуэхэкӏэ | зэокӏокъуашъухыу | зэокӏокъуашъуэ | зэокӏокъуашъуэхэ,accepted
wiktionary-01642,test,true,,wiktionary,1642,lexicon,зэолӏ,fighter,noun,зэолӏ | зэолӏэм | зэолӏэхэкӏэ | зэолӏэхэ | зэолӏэхэмэ | зэолӏэхэм | зэолӏэхэр | зэолӏэ | зэолӏэр | зэолӏыу | зэолӏэкӏэ | зэолӏэхыу,accepted
wiktionary-01643,test,true,,wiktionary,1643,lexicon,зэон,to fight,verb,зэон | мэзэон | езэон,accepted
wiktionary-01644,train,true,,wiktionary,1644,lexicon,зэпачъэ,competition ; race,noun,зэпачъэ | зэфачъэ,accepted
wiktionary-01645,test,true,,wiktionary,1645,lexicon,зэпедзын,to separate (a group to singles),verb,зэпедзын,accepted
wiktionary-01646,train,true,,wiktionary,1646,lexicon,зэпитхъын,to tear (a rope),verb,зэпитхъын,accepted
wiktionary-01647,train,true,,wiktionary,1647,lexicon,зэплъэкӏыгъу,the time to look back,noun,зэплъэкӏыгъу,accepted
wiktionary-01648,train,true,,wiktionary,1648,lexicon,зэплъэкӏын,"to glance back, to look back ; to turn to look",verb,зэплъэкӏын,accepted
wiktionary-01649,train,true,,wiktionary,1649,lexicon,зэплъэхьын,to look around,verb,зэплъэхьын,accepted
wiktionary-01650,test,true,,wiktionary,1650,lexicon,зэпыгъэжъэн,"to smelt ; to weld; to join two materials (especially two metals) together by applying heat, pressure and filler, either separately or in any combination.",verb,зэпыгъэжъэн,accepted
wiktionary-01651,test,true,,wiktionary,1651,lexicon,зэпыгъэун,"to call off (canceling an event or plan) ; to interrupt, to break off, to sever, to discontinue, to cut short",verb,зэпыгъэун,accepted
wiktionary-01652,train,true,,wiktionary,1652,lexicon,зэпыгъэчъын,to split,verb,зэпыгъэчъын,accepted
wiktionary-01653,train,true,,wiktionary,1653,lexicon,зэпыгъэчъыхьан,"to smelt ; to weld; to join two materials (especially two metals) together by applying heat, pressure and filler, either separately or in any combination.",verb,зэпыгъэчъыхьан,accepted
wiktionary-01654,train,true,,wiktionary,1654,lexicon,зэпыгъэшхэн,"to smelt ; to weld; to join two materials (especially two metals) together by applying heat, pressure and filler, either separately or in any combination.",verb,зэпыгъэшхэн,accepted
wiktionary-01655,train,true,,wiktionary,1655,lexicon,зэпыдагъэу,"(slang) barely, badly, awfully",adv,зэпыдагъэу,accepted
wiktionary-01656,train,true,,wiktionary,1656,lexicon,зэпыдзын,to separate into singles ; to isolate,verb,зэпыдзын,accepted
wiktionary-01657,train,true,,wiktionary,1657,lexicon,зэпыдэн,to sew something to something,verb,зэпыдэн,accepted
wiktionary-01658,train,true,,wiktionary,1658,lexicon,зэпыкӏын,to break,verb,зэпыкӏын | пыкӏын,accepted
wiktionary-01659,train,true,,wiktionary,1659,lexicon,зэпымыурэ,continuous,adj,зэпымыурэ,accepted
wiktionary-01660,train,true,,wiktionary,1660,lexicon,зэпырыкӏын,to pass,verb,зэпырыкӏын,accepted
wiktionary-01661,validation,true,,wiktionary,1661,lexicon,зэпырычъын,to run across,verb,зэпырычъын,accepted
wiktionary-01662,validation,true,,wiktionary,1662,lexicon,зэпытхъын,to tear off,verb,зэпытхъын,accepted
wiktionary-01663,train,true,,wiktionary,1663,lexicon,зэпыун,"to stop, to end ; (temporarily) to halt, to come to a halt, to pause",verb,зэпыун,accepted
wiktionary-01664,train,true,,wiktionary,1664,lexicon,зэпыутын,"to break (A part of something), to fracture ; to break in two",verb,зэпыутын,accepted
wiktionary-01665,train,true,,wiktionary,1665,lexicon,зэпычын,"to break off, to crack ; to get over ; to overcome",verb,зэпычын | зэпыкьын | зэпичын,accepted
wiktionary-01666,test,true,,wiktionary,1666,lexicon,зэпэзэдакъ,rectangle,noun,зэпэзэдакъ | зэпэзэдакъэхэ | зэпэзэдакъэхэм | зэпэзэдакъэм | зэпэзэдакъэр | зэпэзэдакъэхэмэ | зэпэзэдакъыу | зэпэзэдакъэхыу | зэпэзэдакъэхэр | зэпэзэдакъэкӏэ | зэпэзэдакъэхэкӏэ | зэпэзэдакъэ,accepted
wiktionary-01667,train,true,,wiktionary,1667,lexicon,зэпэчъэн,to compete with each other; to contend with each other ; to race with each other,verb,зэпэчъэн | зэфэчъэн,accepted
wiktionary-01668,train,true,,wiktionary,1668,lexicon,зэпэчӏэкӏын,to be resolved,verb,зэпэчӏэкӏын | зэпэкӏэкӏын,accepted
wiktionary-01669,train,true,,wiktionary,1669,lexicon,зэребылэу,as one pleases,adj,зэребылэу,accepted
wiktionary-01670,train,true,,wiktionary,1670,lexicon,зэрихьан,to commit; to perform,verb,зэрихьан,accepted
wiktionary-01671,test,true,,wiktionary,1671,lexicon,зэрихьэн,"to commit, to do, to carry out",verb,зэрихьэн,accepted
wiktionary-01672,train,true,,wiktionary,1672,lexicon,зэрэкъэлъагъорэмкӏэ,It appears; it seems; by the looks of things ; by how (s)he looks,adv,зэрэкъэлъагъорэмкӏэ,accepted
wiktionary-01673,train,true,,wiktionary,1673,lexicon,зэтелъхьэн,"to stack, to put objects on each other",verb,зэтелъхьэн,accepted
wiktionary-01674,train,true,,wiktionary,1674,lexicon,зэтеуцон,"(temporarily) to halt, to come to a halt, to pause ; to stand on each other",verb,зэтеуцон,accepted
wiktionary-01675,train,true,,wiktionary,1675,lexicon,зэтэлъхьэн,to stack,verb,зэтэлъхьэн,accepted
wiktionary-01676,train,true,,wiktionary,1676,lexicon,зэтэлъын,to be stacked,verb,зэтэлъын,accepted
wiktionary-01677,train,true,,wiktionary,1677,lexicon,зэтэухьэлэн,to be closed from all sides,verb,зэтэухьэлэн,accepted
wiktionary-01678,train,true,,wiktionary,1678,lexicon,зэтэуӏокӏэн,to fold,verb,зэтэуӏокӏэн,accepted
wiktionary-01679,train,true,,wiktionary,1679,lexicon,зэтӏэхъун,to scratch oneself (due to itchiness),verb,зэтӏэхъун | зэтӏэхъужьын,accepted
wiktionary-01680,train,true,,wiktionary,1680,lexicon,зэуакӏо,fighter,noun,зэуакӏо | зэуакӏоу | зэуакӏохыу | зэуакӏохэм | зэуакӏор | зэуакӏокӏэ | зэуакӏохэкӏэ | зэуакӏохэр | зэуакӏом | зэуакӏохэ | зэуакӏохэмэ,accepted
wiktionary-01681,train,true,,wiktionary,1681,lexicon,зэуал,aggressive ; someone who is thirsty for battle/war ; belligerent,adj | noun,зэуал | зэуалэхэмэ | зэуалэхыу | зэуалэхэм | зэуалэхэ | зэуалэхэкӏэ | зэуалэкӏэ | зэуалэр | зэуалэм | зэуалэ | зэуалыу | зэуалэхэр,accepted
wiktionary-01682,test,true,,wiktionary,1682,lexicon,зэуалӏ,fighter,noun,зэуалӏ,accepted
wiktionary-01683,train,true,,wiktionary,1683,lexicon,зэуапӏэ,battlefield,noun,зэуапӏэ | зэуапӏэхэ | зэуапӏэхэр | зэуапӏэр | зэуапӏэу | зэуапӏэхэкӏэ | зэуапӏэм | зэуапӏэкӏэ | зэуапӏэхэм | зэуапӏэхыу | зэуапӏэхэмэ,accepted
wiktionary-01684,excluded_benchmark_overlap,false,exact_normalized_input_target_or_variant_overlap_with_benchmark,wiktionary,1684,lexicon,зэужэу,all,det,зэужэу,accepted
wiktionary-01685,test,true,,wiktionary,1685,lexicon,зэутэкӏын,to bump between each other,verb,зэутэкӏын,accepted
wiktionary-01686,train,true,,wiktionary,1686,lexicon,зэуэн,"to battle, to fight",verb,зэуэн,accepted
wiktionary-01687,test,true,,wiktionary,1687,lexicon,зэфэшӏын,to close something (to move so that an opening is closed),verb,зэфэшӏын,accepted
wiktionary-01688,test,true,,wiktionary,1688,lexicon,зэхъокӏын,"to change something, to make something different ; to become different",verb,зэхъокӏын | зэхъокӏьын,accepted
wiktionary-01689,train,true,,wiktionary,1689,lexicon,зэхэгъэтэкъун,to tear something to pieces,verb,зэхэгъэтэкъун,accepted
wiktionary-01690,excluded_review_required,false,missing_target_text,wiktionary,1690,lexicon,зэхэгъэшъухъон,,,зэхэгъэшъухъон,review_required
wiktionary-01691,train,true,,wiktionary,1691,lexicon,зэхэдзын,"to distinguish between ; to separate into groups, to segregate",verb,зэхэдзын,accepted
wiktionary-01692,train,true,,wiktionary,1692,lexicon,зэхэдзышъун,"to be able to tell the difference between, to be able to distinguish ; to be able to separate into groups, to be able to segregate",verb,зэхэдзышъун,accepted
wiktionary-01693,train,true,,wiktionary,1693,lexicon,зэхэкӏын,to collapse something,verb,зэхэкӏын,accepted
wiktionary-01694,test,true,,wiktionary,1694,lexicon,зэхэлъэшъуагъэ шӏын,to complicate,verb,зэхэлъэшъуагъэ шӏын,accepted
wiktionary-01695,train,true,,wiktionary,1695,lexicon,зэхэон,to fall apart (from inside),verb,зэхэон,accepted
wiktionary-01696,train,true,,wiktionary,1696,lexicon,зэхэсыпӏэ,living room,noun,зэхэсыпӏэ,accepted
wiktionary-01697,train,true,,wiktionary,1697,lexicon,зэхэтэкъун,to be torn into pieces,verb,зэхэтэкъун,accepted
wiktionary-01698,train,true,,wiktionary,1698,lexicon,зэхэугъоен,"to gather, to collect ; to assemble",verb,зэхэугъоен,accepted
wiktionary-01699,train,true,,wiktionary,1699,lexicon,зэхэутын,to break down from inside,verb,зэхэутын,accepted
wiktionary-01700,train,true,,wiktionary,1700,lexicon,зэхэфыгъуае шӏын,to complicate,verb,зэхэфыгъуае шӏын,accepted
wiktionary-01701,train,true,,wiktionary,1701,lexicon,зэхэфэн,to collapse,verb,зэхэфэн,accepted
wiktionary-01702,train,true,,wiktionary,1702,lexicon,зэхэхын,"to understand clearly (To perceive sounds through the ear clearly), to hear well, to make out sound clearly ; to disassemble, To take to pieces; to reverse the process of assembly.",verb,зэхэхын,accepted
wiktionary-01703,train,true,,wiktionary,1703,lexicon,зэхэшӏыкӏын,"to make out, to discern",verb,зэхэшӏыкӏын,accepted
wiktionary-01704,train,true,,wiktionary,1704,lexicon,зэхэщын,to stretch,verb,зэхэщын,accepted
wiktionary-01705,test,true,,wiktionary,1705,lexicon,зэхэщэн,to assemble,verb,зэхэщэн,accepted
wiktionary-01706,train,true,,wiktionary,1706,lexicon,зэшӏожьын,"to reconcile oneself with, to restore a friendly relationship between oneself with someone else, to forgive or smooth over an argument or fight",verb,зэшӏожьын,accepted
wiktionary-01707,train,true,,wiktionary,1707,lexicon,зэшӏокӏын,to break something,verb,зэшӏокӏын,accepted
wiktionary-01708,train,true,,wiktionary,1708,lexicon,зэшӏохын,"to resolve tasks ; to cope (with); to deal effectively with something, especially if difficult ; to dismantle stuff from each other",verb,зэшӏохын,accepted
wiktionary-01709,train,true,,wiktionary,1709,lexicon,зэщыгъо,boring,adj,зэщыгъо,accepted
wiktionary-01710,train,true,,wiktionary,1710,lexicon,зэщыкъон,"to break down (of a device, etc.) ; to get exhausted ; to lose energy and become weak and feeble ; to deteriorate, to worsen, to become worse, to go bad",verb,зэщыкъон,accepted
wiktionary-01711,train,true,,wiktionary,1711,lexicon,зэщын,to be bored,verb,зэщын,accepted
wiktionary-01712,train,true,,wiktionary,1712,lexicon,зэӏукӏапӏэ,place of meeting,noun,зэӏукӏапӏэ | зэӏукӏапӏэм | зэӏукӏапӏэхэкӏэ | зэӏукӏапӏэкӏэ | зэӏукӏапӏэхэр | зэӏукӏапӏэхэм | зэӏукӏапӏэхыу | зэӏукӏапӏэу | зэӏукӏапӏэхэ | зэӏукӏапӏэхэмэ | зэӏукӏапӏэр,accepted
wiktionary-01713,train,true,,wiktionary,1713,lexicon,зэӏукӏэн,to meet-up ; to have a meeting or an appointment,verb,зэӏукӏэн,accepted
wiktionary-01714,validation,true,,wiktionary,1714,lexicon,зэӏунэн,to shut up; to stop talking; to shush,verb,зэӏунэн | зэӏунын,accepted
wiktionary-01715,train,true,,wiktionary,1715,lexicon,зэӏупхъон,"to begin to argue, to get into an argument with",verb,зэӏупхъон,accepted
wiktionary-01716,test,true,,wiktionary,1716,lexicon,зэӏыгъэхьан,to disarray ; to make something cease to function; to make something dysfunctional ; to really confuse someone ; to make anarchy/chaos/mess,verb,зэӏыгъэхьан | зыӏыгъэхьан | зэӏэгъэхьан | зэӏэгъэхьэн | зыӏэгъэхьан,accepted
wiktionary-01717,train,true,,wiktionary,1717,lexicon,зэӏыхьан,"to be disarray, to be thrown into disorder ; to become dysfunctional ; to freakout ; to lose one's sanity; to become insane ; to get very confused",verb,зэӏыхьан | зэӏэхьан | зэӏэхьэн,accepted
wiktionary-01718,train,true,,wiktionary,1718,lexicon,зэӏэхын,to organize ; to clean and organize ; to change hands ; to Cut (sacrifice),verb,зэӏэхын,accepted
wiktionary-01719,train,true,,wiktionary,1719,lexicon,и,eight,num,и,accepted
wiktionary-01720,train,true,,wiktionary,1720,lexicon,ибзэгу,The middle of (something).,noun,ибзэгу,accepted
wiktionary-01721,train,true,,wiktionary,1721,lexicon,ибэ,"orphan ; most (people, objects) ; most",noun | adv,ибэ | ичэ,accepted
wiktionary-01722,train,true,,wiktionary,1722,lexicon,ибэдалэу,instead of,adv,ибэдалэу,accepted
wiktionary-01723,train,true,,wiktionary,1723,lexicon,игъо хъун,to become ripen,verb,игъо хъун,accepted
wiktionary-01724,train,true,,wiktionary,1724,lexicon,игъоин,to gather,verb,игъоин,accepted
wiktionary-01725,train,true,,wiktionary,1725,lexicon,игъолъхьан,to lay down on,verb,игъолъхьан,accepted
wiktionary-01726,train,true,,wiktionary,1726,lexicon,игъу,time ; good mood,noun,игъу,accepted
wiktionary-01727,test,true,,wiktionary,1727,lexicon,игъуадж,misfortune time ; accident,noun,игъуадж,accepted
wiktionary-01728,train,true,,wiktionary,1728,lexicon,игъэкъугъэ,complete (with all parts included) ; complete (being accomplished in all matured attributes),adj,игъэкъугъэ,accepted
wiktionary-01729,train,true,,wiktionary,1729,lexicon,игъэсэн,to close something (to move so that an opening is closed),verb,игъэсэн | егъэсэн,accepted
wiktionary-01730,test,true,,wiktionary,1730,lexicon,игъэхъон,to pour/fill (in) (liquid) ; to make something appear inside something,verb,игъэхъон,accepted
wiktionary-01731,train,true,,wiktionary,1731,lexicon,иджыри,still,adv,иджыри,accepted
wiktionary-01732,validation,true,,wiktionary,1732,lexicon,идзэн,to desert,verb,идзэн | идзэнэм | идзэнэхэм | идзэнэхэ | идзэнэ | идзэнэкӏэ | идзэныу | идзэнэхэр | идзэнэхэкӏэ | идзэнэхэмэ | идзэнэхыу | идзэнэр,accepted
wiktionary-01733,test,true,,wiktionary,1733,lexicon,изакъу,alone,adv,изакъу,accepted
wiktionary-01734,train,true,,wiktionary,1734,lexicon,изы,full,adj,изы,accepted
wiktionary-01735,train,true,,wiktionary,1735,lexicon,изын,to drop something from,verb,изын,accepted
wiktionary-01736,train,true,,wiktionary,1736,lexicon,изэу,fully,adv,изэу,accepted
wiktionary-01737,test,true,,wiktionary,1737,lexicon,икъугъэ,complete,adj,икъугъэ,accepted
wiktionary-01738,train,true,,wiktionary,1738,lexicon,икъун,"to suffice, to be sufficient / enough ; to be of that amount",verb,икъун,accepted
wiktionary-01739,train,true,,wiktionary,1739,lexicon,икӏодыкӏын,to disappear/vanish out of inside something,verb,икӏодыкӏын,accepted
wiktionary-01740,train,true,,wiktionary,1740,lexicon,илъыгъу,"jerk (quick, often unpleasant tug or shake)",noun,илъыгъу,accepted
wiktionary-01741,excluded_benchmark_overlap,false,exact_normalized_input_target_or_variant_overlap_with_benchmark,wiktionary,1741,lexicon,илъын,"to lie inside ; to stay for the night, to stay overnight",verb,илъын,accepted
wiktionary-01742,train,true,,wiktionary,1742,lexicon,илъэдэн,"to rush in, to enter quickly",verb,илъэдэн,accepted
wiktionary-01743,test,true,,wiktionary,1743,lexicon,илъэс,year,noun,илъэс | илъэсэхэ | илъэсэм | илъэсэхэм | илъэсэхэкӏэ | илъэсыу | илъэсэр | илъэсэкӏэ | илъэсэхыу | илъэсэ | илъэсэхэмэ | илъэсэхэр,accepted
wiktionary-01744,train,true,,wiktionary,1744,lexicon,илъэсипшӏы,"decade, 10 years",noun,илъэсипшӏы | илъэсипшӏыхэм | илъэсипшӏым | илъэсипшӏыхэр | илъэсипшӏыкӏэ | илъэсипшӏыхэкӏэ | илъэсипшӏыр | илъэсипшӏыу | илъэсипшӏыхэмэ | илъэсипшӏыхыу,accepted
wiktionary-01745,test,true,,wiktionary,1745,lexicon,илыягъ,superfluous ; excessive,adj,илыягъ,accepted
wiktionary-01746,train,true,,wiktionary,1746,lexicon,инапэкӏэ,by his face,adv,инапэкӏэ,accepted
wiktionary-01747,train,true,,wiktionary,1747,lexicon,инатэу ихьэн,to become very stubborn,adj,инатэу ихьэн,accepted
wiktionary-01748,train,true,,wiktionary,1748,lexicon,инахэкӏэ,It appears; it seems; by the looks of things ; by the look of his face,adv,инахэкӏэ,accepted
wiktionary-01749,train,true,,wiktionary,1749,lexicon,инджылыбзэ,the English language,name,инджылыбзэ,accepted
wiktionary-01750,train,true,,wiktionary,1750,lexicon,ины,"large, big",noun,ины | иныхэм | иныр | иныу | иныхэмэ | иным | иныхэкӏэ | иныхыу | иныкӏэ | иныхэр,accepted
wiktionary-01751,train,true,,wiktionary,1751,lexicon,иныжъ,giant (huge mythical creature),noun,иныжъ | иныжъыу | иныжъэхыу | иныжъэр | иныжъэхэм | иныжъэхэр | иныжъэхэмэ | иныжъэ | иныжъэхэ | иныжъэхэкӏэ | иныжъэм | иныжъэкӏэ,accepted
wiktionary-01752,train,true,,wiktionary,1752,lexicon,ипашъхьэ,in front of,postp,ипашъхьэ,accepted
wiktionary-01753,validation,true,,wiktionary,1753,lexicon,ипхъыхьан,"to strew / scatter (over an area), to distribute objects or pieces of something over an area (especially in a random manner)",verb,ипхъыхьан,accepted
wiktionary-01754,train,true,,wiktionary,1754,lexicon,ипшын,"to get through, to wriggle through, to climb through, to squeeze through",verb,ипшын,accepted
wiktionary-01755,train,true,,wiktionary,1755,lexicon,ипшӏэ къикӏын,"to be capable of, to be able of",verb,ипшӏэ къикӏын,accepted
wiktionary-01756,train,true,,wiktionary,1756,lexicon,ипэгъум,last time; previously,adv,ипэгъум,accepted
wiktionary-01757,train,true,,wiktionary,1757,lexicon,ипэрэгъум,last time; previously,adv,ипэрэгъум,accepted
wiktionary-01758,test,true,,wiktionary,1758,lexicon,ипэтхьэмафэ,last week,adv,ипэтхьэмафэ | ипэтхьэмафэм | ипэтхьэмафэу | ипэтхьэмафэхыу | ипэтхьэмафэхэр | ипэтхьэмафэкӏэ | ипэтхьэмафэхэм | ипэтхьэмафэхэкӏэ | ипэтхьэмафэхэмэ | ипэтхьэмафэр | ипэтхьэмафэхэ,accepted
wiktionary-01759,train,true,,wiktionary,1759,lexicon,исэн,to penetrate into (inside),verb,исэн,accepted
wiktionary-01760,validation,true,,wiktionary,1760,lexicon,итхагъэп,there is no way (an expression of surprise and irritation),intj,итхагъэп,accepted
wiktionary-01761,train,true,,wiktionary,1761,lexicon,итхъун,"to shovel out, to rake out, to remove by shoveling or raking",verb,итхъун,accepted
wiktionary-01762,excluded_benchmark_overlap,false,exact_normalized_input_target_or_variant_overlap_with_benchmark,wiktionary,1762,lexicon,итын,to pay,verb,итын,accepted
wiktionary-01763,train,true,,wiktionary,1763,lexicon,итэкъохьын,"to strew / scatter (over an area), to distribute objects or pieces of something over an area (especially in a random manner)",verb,итэкъохьын,accepted
wiktionary-01764,validation,true,,wiktionary,1764,lexicon,итэкъун,"to pour out, to spill out (of bulk material, objects, or pieces, not liquid)",verb,итэкъун,accepted
wiktionary-01765,train,true,,wiktionary,1765,lexicon,иуж,"after him/it, next",adv,иуж,accepted
wiktionary-01766,excluded_benchmark_overlap,false,exact_normalized_input_target_or_variant_overlap_with_benchmark,wiktionary,1766,lexicon,иужым,after,adv,иужым,accepted
wiktionary-01767,validation,true,,wiktionary,1767,lexicon,иунашъо шӏын,to mention someone to bring to attention; to bring to attention,verb,иунашъо шӏын | унашъо шӏын,accepted
wiktionary-01768,train,true,,wiktionary,1768,lexicon,иупкӏын,to cut down,adj,иупкӏын,accepted
wiktionary-01769,train,true,,wiktionary,1769,lexicon,иушӏоин,To dirty.,verb,иушӏоин,accepted
wiktionary-01770,train,true,,wiktionary,1770,lexicon,ифын,to banish/kick out/eject/expel someone out from inside something ; (slang) to win against someone dominantly or overwhelmingly,verb,ифын,accepted
wiktionary-01771,train,true,,wiktionary,1771,lexicon,ифэн,to fall into ; to have the opportunity or change to,verb,ифэн,accepted
wiktionary-01772,excluded_benchmark_overlap,false,exact_normalized_input_target_or_variant_overlap_with_benchmark,wiktionary,1772,lexicon,ихьан,"to go / inside something, to enter",verb,ихьан | жэхэхьан | зэбгырыхьан | пыхьан | кӏоцӏы | шъхьапырыхьан | ӏу | шъхьадэхьан | хэхьан | кӏоцӏыхьан | лъы | и | кӏэлъыры | пэхьан | бгъодэ | техьан | кӏэлъырыхьан | бгъодэхьан | шъхьадэ | хэ | зэбгыры | те | ӏухьан | чӏэ | дэ | гохьан | къохьан | го | шъхьапыры | пы | зэкӏэ | чӏэхьан | жэхэ | жэдэ | жэдэхьан | лъыхьан | къо | джыхэхьэн | дэхьан | зэкӏэхьан,accepted
wiktionary-01773,train,true,,wiktionary,1773,lexicon,ихьисапын,"to think, to believe, to suppose",verb,ихьисапын,accepted
wiktionary-01774,validation,true,,wiktionary,1774,lexicon,ичӏыпӏэкӏэ,instead of,adv,ичӏыпӏэкӏэ,accepted
wiktionary-01775,train,true,,wiktionary,1775,lexicon,ишъо икӏын,to lost one's mind; to become mad; to go crazy; to lose it,verb,ишъо икӏын,accepted
wiktionary-01776,train,true,,wiktionary,1776,lexicon,ишъукӏын,to drink liquid from inside something fully,verb,ишъукӏын,accepted
wiktionary-01777,train,true,,wiktionary,1777,lexicon,ишъун,to drink up liquid from inside something ; to drink up; to finish one's drink.,verb,ишъун | ришъун,accepted
wiktionary-01778,train,true,,wiktionary,1778,lexicon,ишъуты ипхын,"(vulgar, slang) to use something too much exaggeratedly, to use the hell out of",verb,ишъуты ипхын,accepted
wiktionary-01779,train,true,,wiktionary,1779,lexicon,ишъуты исагъ,"(vulgar) the hell with it (literary: It is penetrated in his buttocks.) ; (vulgar, idiomatic) fuck it (An expression of frustration.)",verb,ишъуты исагъ,accepted
wiktionary-01780,train,true,,wiktionary,1780,lexicon,ишӏуагъэ екӏын,to benefit from it,verb,ишӏуагъэ екӏын | ишӏуагъэ екӏьын,accepted
wiktionary-01781,train,true,,wiktionary,1781,lexicon,ишӏыхьан,to encircle someone or something inside ; to cage,verb,ишӏыхьан | ишӏэхьан,accepted
wiktionary-01782,train,true,,wiktionary,1782,lexicon,иӏэн,to have,verb,иӏэн,accepted
wiktionary-01783,train,true,,wiktionary,1783,lexicon,ко,thigh ; thigh muscle,noun,ко | кохэр | коу | кохэкӏэ | кохэм | ком | кохэмэ | кокӏэ | кохэ | кор | кохыу,accepted
wiktionary-01784,train,true,,wiktionary,1784,lexicon,коил,"village dweller, villager",noun,коил | коилэхыу | коилэхэм | коилэхэкӏэ | коилэм | коилэхэр | коилэхэ | коилэ | коилыу | коилэхэмэ | коилэкӏэ | коилэр,accepted
wiktionary-01785,train,true,,wiktionary,1785,lexicon,кой,village,noun,кой,accepted
wiktionary-01786,validation,true,,wiktionary,1786,lexicon,койыл,villager,noun,койыл,accepted
wiktionary-01787,test,true,,wiktionary,1787,lexicon,кокӏ,lap ; midst,noun,кокӏ | кокӏэхэм | кокӏэкӏэ | кокӏыу | кокӏэм | кокӏэхэр | кокӏэхыу | кокӏэ | кокӏэхэ | кокӏэр | кокӏэхэкӏэ | кокӏэхэмэ,accepted
wiktionary-01788,train,true,,wiktionary,1788,lexicon,коны,beehive ; bin ; granary ; money box,noun,коны | коныу | коныр | коныхэм | коным | коныхэмэ | коныхыу | коныхэкӏэ | коныхэр | коныкӏэ,accepted
wiktionary-01789,train,true,,wiktionary,1789,lexicon,копкъ,"thighbone, femur",noun,копкъ | копкъм | копкъышъхьэм | копкър | копкъкӏэ | копкъышъхьэ | копкъышъхьэхэм | копкъхэм | копкъышъхьэхэ | копкъышъхьэхэмэ | копкъышъхьэхыу | копкъхэр | копкъхэмэ | копкъышъхьэу | копкъышъхьэр | копкъышъхьэхэр | копкъхэ | копкъышъхьэкӏэ | копкъхыу | копкъышъхьэхэкӏэ | копкъхэкӏэ | копкъу,accepted
wiktionary-01790,test,true,,wiktionary,1790,lexicon,корт,group ; party ; sentence ; troop ; flock of sheep,noun,корт | кортм | кортхэм | кортхыу | кортхэ | кортхэкӏэ | кортхэмэ | кортхэр | кортр | корткӏэ | корту,accepted
wiktionary-01791,train,true,,wiktionary,1791,lexicon,корэн,"circle surrounded by people, circle of people",noun,корэн | корэнэ | корэныу | корэнэхэмэ | корэнэхэкӏэ | корэнэр | корэнэхэ | корэнэм | корэнэхэм | корэнэхэр | корэнэхыу | корэнэкӏэ,accepted
wiktionary-01792,validation,true,,wiktionary,1792,lexicon,корэныгу,"the center of a circle surrounded by people, the center of circle of people",noun,корэныгу | корэныгуэхэр | корэныгуэхэкӏэ | корэныгуэм | корэныгухыу | корэныгуэкӏэ | корэныгуэхэм | корэныгуэр | корэныгуэхэмэ | корэныгуыу | корэныгуэхэ | корэныгуэ,accepted
wiktionary-01793,validation,true,,wiktionary,1793,lexicon,коцы,wheat,noun,коцы | коцэхэм | коцэхэмэ | коцэкӏэ | коцэхыу | коц | коцэхэ | коцэхэкӏэ | коцэ | коцыу | коцэм | коцэр | коцэхэр,accepted
wiktionary-01794,train,true,,wiktionary,1794,lexicon,кощын,to migrate ; to nomadize (to be a nomad) ; to move to another place ; to roam from place to place ; to be relocated,verb,кощын,accepted
wiktionary-01795,validation,true,,wiktionary,1795,lexicon,ку,carriage ; cart ; wagon,noun,ку | куэм | куэхэкӏэ | куэкӏэ | кухыу | куэхэр | куэ | куэхэмэ | куэхэм | куэхэ | куыу | куэр,accepted
wiktionary-01796,test,true,,wiktionary,1796,lexicon,куамэ,twig ; branch ; knot (in a tree),noun,куамэ | куамэхэмэ | куамэу | куамэхэм | куамэр | куамэхыу | куамэхэкӏэ | куамэхэр | куамэм | куамэкӏэ | куамэхэ,accepted
wiktionary-01797,train,true,,wiktionary,1797,lexicon,куандэ,bush,noun,куандэ | куандэр | куандэхэр | куандэхэкӏэ | куандэхэм | куандэхыу | куандэу | куандэкӏэ | куандэм | куандэхэ | куандэхэмэ,accepted
wiktionary-01798,test,true,,wiktionary,1798,lexicon,куахъо,"pitchfork, hayfork ; winnow",noun,куахъо | куахъохэм | куахъохэкӏэ | куахъоу | куахъохэр | куахъом | куахъор | куахъохэмэ | куахъохыу | куахъокӏэ | куахъохэ,accepted
wiktionary-01799,train,true,,wiktionary,1799,lexicon,куашъу,thigh skin,noun,куашъу | куашъохэкӏэ | куашъоу | куашъор | куашъуыу | куашъохэм | куашъуэм | куашъухыу | куашъуэхэмэ | куашъом | куашъохэмэ | куашъуэхэкӏэ | куашъуэр | куашъо | куашъуэхэ | куашъуэкӏэ | куашъуэхэр | куашъуэ | куашъокӏэ | куашъохыу | куашъуэхэм | куашъохэр | куашъохэ,accepted
wiktionary-01800,train,true,,wiktionary,1800,lexicon,кугъачъ,driver,noun,кугъачъ | кугъачъэкӏэ | кугъачъэхэкӏэ | кугъачъэр | кугъачъэм | кугъачъыу | кугъачъэхэ | кугъачъэхэм | кугъачъэхэр | кугъачъэхэмэ | кугъачъэхыу | кугъачъэ,accepted
wiktionary-01801,train,true,,wiktionary,1801,lexicon,кудэ,petroleum,noun,кудэ | кудэр | кудэкӏэ | кудэхэм | кудэхэ | кудэхэмэ | кудэхэр | кудэу | кудэм | кудэхэкӏэ | кудэхыу,accepted
wiktionary-01802,train,true,,wiktionary,1802,lexicon,кукумау,owl,noun,кукумау | кукумауэхэ | кукумауэхэмэ | кукумауэр | кукумауэм | кукумауэхэм | кукумауэкӏэ | кукумауэхэкӏэ | кукумауэхыу | кукумауэхэр | кукумауыу | кукумауэ,accepted
wiktionary-01803,train,true,,wiktionary,1803,lexicon,кукунэгъэбылъ,hide and seek (game),noun,кукунэгъэбылъ | кукунэгъэплъэкӏэ | кукунэгъэбылъэхыу | кукунэгъэплъэхыу | кукунэгъэбылъэм | кукунэгъэбылъэхэмэ | кукунэгъэбылъэхэм | кукунэгъэбылъэ | кукунэгъэплъэр | кукунэгъэбылъэкӏэ | кукунэгъэбылъэхэкӏэ | кукунэгъэплъэм | кукунэгъэплъэхэм | кукунэгъэплъэ | кукунэгъэплъэхэмэ | кукунэгъэплъ | кукунэгъэплъэхэкӏэ | кукунэгъэплъыу | кукунэгъэбылъэхэ | кукунэгъэплъэхэр | кукунэгъэплъэхэ | кукунэгъэбылъыу | кукунэгъэбылъэхэр | кукунэгъэбылъэр,accepted
wiktionary-01804,train,true,,wiktionary,1804,lexicon,кукуу,cuckoo,noun,кукуу,accepted
wiktionary-01805,train,true,,wiktionary,1805,lexicon,кулъэшъу,brake,noun,кулъэшъу,accepted
wiktionary-01806,train,true,,wiktionary,1806,lexicon,куогъу,the distance that a humans voice travels,noun,куогъу | куогъуэкӏэ | куогъуыу | куогъуэхэр | куогъуэр | куогъуэ | куогъуэхэкӏэ | куогъуэм | куогъуэхэм | куогъухыу | куогъуэхэмэ | куогъуэхэ,accepted
wiktionary-01807,train,true,,wiktionary,1807,lexicon,куон,"to yell, to shout, to speak really loud",verb,куон | мэкуон,accepted
wiktionary-01808,train,true,,wiktionary,1808,lexicon,куп,group,noun,куп | купэм | купэхыу | купэ | купэхэкӏэ | купэкӏэ | купэхэ | купэр | купэхэм | купэу | купэхэр | купэхэмэ,accepted
wiktionary-01809,train,true,,wiktionary,1809,lexicon,купкӏ,core,noun,купкӏ,accepted
wiktionary-01810,train,true,,wiktionary,1810,lexicon,купсэ,The soft internal portion of bread which is surrounded by crust; the crumb. (Compare the German term Krume and the French term mie.) ; middle,noun,купсэ | купсэкӏэ | купсэхэм | купсэхэр | купсэхэкӏэ | купсэхыу | купсэхэмэ | купсэр | купсэм | купсэхэ | купсэу,accepted
wiktionary-01811,test,true,,wiktionary,1811,lexicon,курэжъые,"wheelbarrow ; baby carriage, stroller",noun,курэжъые | курэжъыехэм | курэжъыехэкӏэ | курэжъыем | курэжъыехэ | курэжъыер | курэжъыекӏэ | курэжъыехэр | курэжъыехэмэ | курэжъыехыу | курэжъыеу,accepted
wiktionary-01812,test,true,,wiktionary,1812,lexicon,кутлэ,harbour,noun,кутлэ | кутлэхэкӏэ | кутлэкӏэ | кутлэхэм | кутлэр | кутлэхыу | кутлэхэмэ | кутлэм | кутлэу | кутлэхэр | кутлэхэ,accepted
wiktionary-01813,test,true,,wiktionary,1813,lexicon,куу,deep,adj,куу,accepted
wiktionary-01814,test,true,,wiktionary,1814,lexicon,кухьэ,cart ; cartload,noun,кухьэ | кухьээкӏэ | кухьээр | кухьээхэр | кухьээхэкӏэ | кухьэыу | кухьээм | кухьээ | кухьээхэм | кухьэхыу | кухьээхэмэ | кухьээхэ,accepted
wiktionary-01815,train,true,,wiktionary,1815,lexicon,куцэ,knitting needle,noun,куцэ | куцэхэкӏэ | куцэхэм | куцэкӏэ | куцэхэмэ | куцэхэ | куцэр | куцэм | куцэхэр | куцэу | куцэхыу,accepted
wiktionary-01816,train,true,,wiktionary,1816,lexicon,куцӏы,brain,noun,куцӏы | куцӏыу | куцӏыхэр | куцӏым | куцӏыкӏэ | куцӏыхэкӏэ | куцӏыхэм | куцӏыхыу | куцӏыхэмэ | куцӏыр,accepted
wiktionary-01817,excluded_benchmark_overlap,false,exact_normalized_input_target_or_variant_overlap_with_benchmark,wiktionary,1817,lexicon,кушъхьарыхъу,van,noun,кушъхьарыхъу,accepted
wiktionary-01818,train,true,,wiktionary,1818,lexicon,кушъхьэ,"seat (car seat, bicycle seat)",noun,кушъхьэ | кушъхьээм | кушъхьээр | кушъхьээхэкӏэ | кушъхьээкӏэ | кушъхьэыу | кушъхьээхэм | кушъхьээхэр | кушъхьээхыу | кушъхьээхэ | кушъхьээ | кушъхьээхэмэ,accepted
wiktionary-01819,train,true,,wiktionary,1819,lexicon,кушъхьэфачъэ,bicycle,noun,кушъхьэфачъэ | кушъхьэфачъэм | кушъхьэфачъэхэмэ | кушъхьэфачъэкӏэ | кушъхьэфачъэхэкӏэ | кушъхьэфачъэхыу | кушъхьэфачъэхэ | кушъхьэфачъэр | кушъхьэфачъэхэм | кушъхьэфачъэу | кушъхьэфачъ | кушъхьэфачъэхэр,accepted
wiktionary-01820,train,true,,wiktionary,1820,lexicon,кушъэ,cradle,noun,кушъэ | кушъэхэ | кушъэхэм | кушъэхыу | кушъэм | кушъэхэкӏэ | кушъэхэр | кушъэу | кушъэкӏэ | кушъэхэмэ | кушъэр,accepted
wiktionary-01821,train,true,,wiktionary,1821,lexicon,кущэрэхъ,"wheel (cart, vehicle)",noun,кущэрэхъ | кущэрэхъэм | кущэрэхъэ | кущэрэхъэхэкӏэ | кущэрэхъэхэмэ | кущэрэхъыу | кущэрэхъэкӏэ | кущэрэхъэхэм | кущэрэхъэхыу | кущэрэхъэхэр | кущэрэхъэр | кущэрэхъэхэ,accepted
wiktionary-01822,excluded_benchmark_overlap,false,exact_normalized_input_target_or_variant_overlap_with_benchmark,wiktionary,1822,lexicon,кхъанзэгу,ant,noun,кхъанзэгу | кхъанзэгуэ | кхъанзэгуэкӏэ | кхъанзэгуэхэмэ | кхъанзэгуэм | кхъанзэгухыу | кхъанзэгуэр | кхъанзэгуэхэкӏэ | кхъанзэгуэхэр | кхъанзэгуэхэм | кхъанзэгуыу | кхъанзэгуэхэ,accepted
wiktionary-01823,train,true,,wiktionary,1823,lexicon,кхъу,male,noun,кхъу | кхъуэхэ | кхъуэр | кхъуэхэм | кхъуэхэкӏэ | кхъуэхэмэ | кхъуыу | кхъуэкӏэ | кхъухыу | кхъуэхэр | кхъуэ | кхъуэм,accepted
wiktionary-01824,train,true,,wiktionary,1824,lexicon,кхъуайэ,cheese,noun,кхъуайэ | кхъуайэхэр | кхъуайэхэкӏэ | кхъуайэхэ | кхъуайэхэмэ | кхъуайэу | кхъуайэм | кхъуайэкӏэ | кхъуайэхыу | кхъуайэхэм | кхъуайэр,accepted
wiktionary-01825,validation,true,,wiktionary,1825,lexicon,кхъужъы,pear,noun,кхъужъы | кхъужъыкӏэ | кхъужъыхэкӏэ | кхъужъыхэмэ | кхъужъым | кхъужъыхэр | кхъужъыу | кхъужъыхэм | кхъужъыхыу | кхъужъыр,accepted
wiktionary-01826,excluded_benchmark_overlap,false,exact_normalized_input_target_or_variant_overlap_with_benchmark,wiktionary,1826,lexicon,кхъулъфыгъэ,man,noun,кхъулъфыгъэ | кхъулъфыгъэхэмэ | кхъулъфыгъэхэкӏэ | кхъулъфыгъэхэм | кхъулъфыгъэу | кхъулъфыгъэм | кхъулъфыгъэхэр | кхъулъфыгъэр | кхъулъфыгъэкӏэ | кхъулъфыгъэхэ | кхъулъфыгъэхыу,accepted
wiktionary-01827,train,true,,wiktionary,1827,lexicon,къабзэ,clean,adj,къабзэ,accepted
wiktionary-01828,train,true,,wiktionary,1828,lexicon,къаблэ,approval,noun,къаблэ,accepted
wiktionary-01829,test,true,,wiktionary,1829,lexicon,къаблэу шӏын,"to approve, to grant something approval",verb,къаблэу шӏын,accepted
wiktionary-01830,train,true,,wiktionary,1830,lexicon,къаз,goose (Bird),noun,къаз | къазэхэмэ | къазэхэм | къазэ | къазэм | къазэкӏэ | къазыу | къазэр | къазэхыу | къазэхэ | къазэхэкӏэ | къазэхэр,accepted
wiktionary-01831,train,true,,wiktionary,1831,lexicon,къазгъыр,"spade, shovel",noun,къазгъыр,accepted
wiktionary-01832,train,true,,wiktionary,1832,lexicon,къазмакъбзыу,Güldenstädt's Redstart,noun,къазмакъбзыу | къазмакъбзыуэхэм | къазмакъбзыуэ | къазмакъбзыуыу | къазмакъбзыухыу | къазмакъбзыуэр | къазмакъбзыуэм | къазмакъбзыуэхэкӏэ | къазмакъбзыуэхэ | къазмакъбзыуэхэмэ | къазмакъбзыуэхэр | къазмакъбзыуэкӏэ,accepted
wiktionary-01833,train,true,,wiktionary,1833,lexicon,къазмэ,pickaxe,noun,къазмэ | къазмэхэ | къазмэхэкӏэ | къазмэм | къазмэхэм | къазмэу | къазмэр | къазмэхэр | къазмэкӏэ | къазмэхыу | къазмэхэмэ,accepted
wiktionary-01834,validation,true,,wiktionary,1834,lexicon,къаигъэ,stubborn,adj,къаигъэ,accepted
wiktionary-01835,train,true,,wiktionary,1835,lexicon,къакъыр,barn,noun,къакъыр,accepted
wiktionary-01836,train,true,,wiktionary,1836,lexicon,къалэ,city ; town ; (Shapsug) wall ; (Abzakh) yard,noun,къалэ | къалэм | къалэр | къалэхэм | къалэхэ | къалэхыу | къалэхэр | къалэхэмэ | къалэхэкӏэ | къалэкӏэ | къалэу,accepted
wiktionary-01837,train,true,,wiktionary,1837,lexicon,къамзэгу,ant ; anthill,noun,къамзэгу | къамзэгуэхэкӏэ | къамзэгуыу | къамзэгуэхэмэ | къамзэгухыу | къамзэгуэхэр | къамзэгуэм | къамзэгуэкӏэ | къамзэгуэ | къамзэгуэхэм | къамзэгуэхэ | къамзэгуэр,accepted
wiktionary-01838,train,true,,wiktionary,1838,lexicon,къамлыбжъ,bowl,noun,къамлыбжъ | къамлыбжъыу | къамлыбжъэхэм | къамлыбжъэ | къамлыбжъэм | къамлыбжъэхэмэ | къамлыбжъэкӏэ | къамлыбжъэхэкӏэ | къамлыбжъэр | къамлыбжъэхыу | къамлыбжъэхэр | къамлыбжъэхэ,accepted
wiktionary-01839,train,true,,wiktionary,1839,lexicon,къамцӏыч,wart,noun,къамцӏыч,accepted
wiktionary-01840,excluded_benchmark_overlap,false,exact_normalized_input_target_or_variant_overlap_with_benchmark,wiktionary,1840,lexicon,къамыл,reed,noun,къамыл,accepted
wiktionary-01841,train,true,,wiktionary,1841,lexicon,къамыщ,whip; lash,noun,къамыщ | къамыщэкӏэ | къамыщэхэкӏэ | къамыщэм | къамыщэ | къамыщэр | къамыщэхэм | къамыщэхэр | къамыщэхэ | къамыщыу | къамыщэхэмэ | къамыщэхыу,accepted
wiktionary-01842,test,true,,wiktionary,1842,lexicon,къамэ,Qama (Circassian short sword) ; dagger,noun,къамэ | къамэхэм | къамэм | къамэкӏэ | къамэр | къамэхэ | къамэхэр | къамэхэкӏэ | къамэу | къамэхыу | къамэхэмэ,accepted
wiktionary-01843,test,true,,wiktionary,1843,lexicon,къан-къангъэбылъ,hide and seek (game),noun,къан-къангъэбылъ | къан-къангъэбылъэхэ | къан-къангъэбылъэхэкӏэ | къан-къангъэбылъэхэм | къан-къангъэбылъэр | къан-къангъэбылъэкӏэ | къан-къангъэбылъэхэр | къан-къангъэбылъэ | къан-къангъэбылъэм | къан-къангъэбылъэхыу | къан-къангъэбылъэхэмэ | къан-къангъэбылъыу,accepted
wiktionary-01844,test,true,,wiktionary,1844,lexicon,къангъэбылъ,hide and seek (game),noun,къангъэбылъ | къангъэбылъэр | къангъэбылъэхэкӏэ | къангъэбылъэ | къангъэбылъэхэм | къангъэбылъэхэмэ | къангъэбылъыу | къангъэбылъэхыу | къангъэбылъэм | къангъэбылъэкӏэ | къангъэбылъэхэр | къангъэбылъэхэ,accepted
wiktionary-01845,train,true,,wiktionary,1845,lexicon,къаплъэн,tiger,noun,къаплъэн,accepted
wiktionary-01846,train,true,,wiktionary,1846,lexicon,къапщыкъ,sack,noun,къапщыкъ | къапщыкъэхэм | къапщыкъэхэр | къапщыкъэхэ | къапщыкъэхыу | къапщыкъэкӏэ | къапщыкъэхэмэ | къапщыкъэм | къапщыкъэр | къапщыкъэхэкӏэ | къапщыкъэ | къапщыкъыу,accepted
wiktionary-01847,train,true,,wiktionary,1847,lexicon,къарыу,strong ; force,adj | noun,къарыу,accepted
wiktionary-01848,test,true,,wiktionary,1848,lexicon,къарыунчъэ,"weak, fragile (usually said about humans and living things)",adj,къарыунчъэ | къарыунчъ,accepted
wiktionary-01849,train,true,,wiktionary,1849,lexicon,къарэ,dark color (like black and brown) (Usually said to animals),adj,къарэ,accepted
wiktionary-01850,train,true,,wiktionary,1850,lexicon,къарэу,crane,noun,къарэу,accepted
wiktionary-01851,test,true,,wiktionary,1851,lexicon,къатыр,mule,noun,къатыр,accepted
wiktionary-01852,validation,true,,wiktionary,1852,lexicon,къаум,"a few, several, some",pron,къаум,accepted
wiktionary-01853,train,true,,wiktionary,1853,lexicon,къаунэ,muskmelon,noun,къаунэ | къаунэм | къаунэхэ | къаунэхэр | къаунэкӏэ | къаунэу | къаунэхыу | къаунэр | къаунэхэмэ | къаунэхэм | къаунэхэкӏэ,accepted
wiktionary-01854,validation,true,,wiktionary,1854,lexicon,къахьэуашъо,brown,adj,къахьэуашъо | къахьэуашъохэр | къэхьыуашъом | къэхьыуашъохэр | къахьэуашъохэмэ | къахьэуашъоу | къэхьуашъом | къахьэуашъохэм | къэхьуашъохэ | къэхьуашъохэм | къэхьуашъохыу | къэхьуашъохэкӏэ | къахьэуашъор | къахьэуашъокӏэ | къэхьуашъохэмэ | къахьэуашъом | къэхьуашъохэр | къэхьыуашъохэмэ | къэхьыуашъохэкӏэ | къэхьыуашъохэ | къэхьыуашъохэм | къэхьуашъокӏэ | къахьэуашъохэ | къэхьыуашъор | къэхьыуашъо | къэхьыуашъохыу | къэхьыуашъоу | къахьэуашъохыу | къэхьуашъоу | къэхьыуашъокӏэ | къэхьуашъо | къахьэуашъохэкӏэ | къэхьуашъор,accepted
wiktionary-01855,train,true,,wiktionary,1855,lexicon,къашхъо,green ; green color,adj | noun,къашхъо | къашхъохэмэ | къашхъохэм | къашхъом | къашхъохыу | къашхъоу | къашхъохэр | къашхъохэкӏэ | къашхъохэ | къашхъокӏэ | къашхъор,accepted
wiktionary-01856,train,true,,wiktionary,1856,lexicon,къашъо,Qafe (a Circassian dance) ; dance,noun,къашъо | къашъохэ | къашъохэр | къашъохэм | къашъоу | къашъом | къашъокӏэ | къашъор | къашъохэкӏэ | къашъохыу | къашъохэмэ,accepted
wiktionary-01857,train,true,,wiktionary,1857,lexicon,къашыкъ,ladle,noun,къашыкъ | къашыкъэхэкӏэ | къашыкъэхэм | къашыкъэ | къашыкъэм | къашыкъэр | къашыкъэхыу | къашыкъэкӏэ | къашыкъэхэ | къашыкъэхэр | къашыкъыу | къашыкъэхэмэ,accepted
wiktionary-01858,validation,true,,wiktionary,1858,lexicon,къашыкъгъуанэ,skimmer,noun,къашыкъгъуанэ,accepted
wiktionary-01859,train,true,,wiktionary,1859,lexicon,къашыкъхъурай,ladle with holes,noun,къашыкъхъурай | къашыкъхъурайэм | къашыкъхъурайэхэкӏэ | къашыкъхъурайэхэр | къашыкъхъурайэхэ | къашыкъхъурайэхэмэ | къашыкъхъурайэхэм | къашыкъхъурайэхыу | къашыкъхъурайэ | къашыкъхъурайэр | къашыкъхъурайэкӏэ | къашыкъхъурайыу,accepted
wiktionary-01860,train,true,,wiktionary,1860,lexicon,къаӏогъум,next time,adv,къаӏогъум,accepted
wiktionary-01861,train,true,,wiktionary,1861,lexicon,къаӏорэгъум,next time,adv,къаӏорэгъум,accepted
wiktionary-01862,test,true,,wiktionary,1862,lexicon,къегъоин,to gather,verb,къегъоин,accepted
wiktionary-01863,train,true,,wiktionary,1863,lexicon,къегъэблэгъэн,"to welcome, to invite ; to make someone close to oneself",verb,къегъэблэгъэн,accepted
wiktionary-01864,train,true,,wiktionary,1864,lexicon,къегъэкӏын,to make out something as good ; to make someone/something come out from inside something,verb,къегъэкӏын,accepted
wiktionary-01865,test,true,,wiktionary,1865,lexicon,къегъэсын,"to make it fall snow, to make it snow ; (Kfar Kama dialect) to exaggerate",verb,къегъэсын,accepted
wiktionary-01866,train,true,,wiktionary,1866,lexicon,къегъэтӏыхын,to drop something downward,verb,къегъэтӏыхын,accepted
wiktionary-01867,train,true,,wiktionary,1867,lexicon,къегъэӏыхын,to drop something downward,verb,къегъэӏыхын,accepted
wiktionary-01868,train,true,,wiktionary,1868,lexicon,къеджэн,to call for,verb,къеджэн,accepted
wiktionary-01869,train,true,,wiktionary,1869,lexicon,къелэлэхын,"to droop, to hang down, to dangle",verb,къелэлэхын | къеулэлэхын,accepted
wiktionary-01870,train,true,,wiktionary,1870,lexicon,къесын,"to fall snow, to snow",verb,къесын,accepted
wiktionary-01871,validation,true,,wiktionary,1871,lexicon,къеткӏухын,to drip from,verb,къеткӏухын,accepted
wiktionary-01872,train,true,,wiktionary,1872,lexicon,къетӏэрэхын,to fall down from,verb,къетӏэрэхын,accepted
wiktionary-01873,train,true,,wiktionary,1873,lexicon,къефэхын,to fall down from,verb,къефэхын,accepted
wiktionary-01874,train,true,,wiktionary,1874,lexicon,къехьэхын,to carry down,verb,къехьэхын | къехэхьын,accepted
wiktionary-01875,train,true,,wiktionary,1875,lexicon,къешхын,to rain,verb,къешхын,accepted
wiktionary-01876,train,true,,wiktionary,1876,lexicon,къешӏэн,"to dance ; (rare) to play (a game) ; (rare) to play, to act (To act as the indicated role, especially in a performance)",verb,къешӏэн,accepted
wiktionary-01877,train,true,,wiktionary,1877,lexicon,къещхын,to rain,verb,къещхын,accepted
wiktionary-01878,train,true,,wiktionary,1878,lexicon,къещыхьэкӏын,to wrap ; to surround,verb,къещыхьэкӏын,accepted
wiktionary-01879,train,true,,wiktionary,1879,lexicon,къещэкӏын,to wrap ; to surround,verb,къещэкӏын,accepted
wiktionary-01880,train,true,,wiktionary,1880,lexicon,къизын,to drop something from,verb,къизын | къезын,accepted
wiktionary-01881,train,true,,wiktionary,1881,lexicon,къикӏын,to come out from ; to come from ; to come off as ; to turn out being; to end up being,verb,къикӏын,accepted
wiktionary-01882,train,true,,wiktionary,1882,lexicon,къикӏьэсӏын,to lay eggs,verb,къикӏьэсӏын,accepted
wiktionary-01883,train,true,,wiktionary,1883,lexicon,къилъын,to dash suddenly,verb,къилъын,accepted
wiktionary-01884,train,true,,wiktionary,1884,lexicon,къины,"hard, difficult",adj,къины,accepted
wiktionary-01885,train,true,,wiktionary,1885,lexicon,къиныгъу,hardship ; time of difficulty,noun,къиныгъу | къиныгъуэхэм | къиныгъуэм | къиныгъуыу | къиныгъуэ | къиныгъуэкӏэ | къиныгъуэхэр | къиныгъуэхэкӏэ | къиныгъуэр | къиныгъуэхэ | къиныгъухыу | къиныгъуэхэмэ,accepted
wiktionary-01886,train,true,,wiktionary,1886,lexicon,къипсэн,to shine into,verb,къипсэн,accepted
wiktionary-01887,train,true,,wiktionary,1887,lexicon,къитхъун,"to shovel out, to rake out, to remove by shoveling or raking",verb,къитхъун,accepted
wiktionary-01888,train,true,,wiktionary,1888,lexicon,къиухын,to end,verb,къиухын,accepted
wiktionary-01889,train,true,,wiktionary,1889,lexicon,къихын,to earn something in a contest / competition,verb,къихын,accepted
wiktionary-01890,train,true,,wiktionary,1890,lexicon,къиякъ,Eastern Imperial Eagle,noun,къиякъ | къиякъэхэмэ | къиякъэм | къиякъэр | къиякъэхэр | къиякъэ | къиякъэхэкӏэ | къиякъэхэм | къиякъэхэ | къиякъыу | къиякъэхыу | къиякъэкӏэ,accepted
wiktionary-01891,excluded_benchmark_overlap,false,exact_normalized_input_target_or_variant_overlap_with_benchmark,wiktionary,1891,lexicon,къо,son ; pig,noun,къо,accepted
wiktionary-01892,train,true,,wiktionary,1892,lexicon,къогъо,corner,noun,къогъо | къогъохэм | къогъохэкӏэ | къогъор | къогъокӏэ | къогъохэмэ | къогъохыу | къогъоу | къогъом | къогъохэ | къогъохэр,accepted
wiktionary-01893,train,true,,wiktionary,1893,lexicon,къоджэгъу,fellow-villager,noun,къоджэгъу | къоджэгъуэр | къоджэгъуэхэм | къоджэгъуэ | къоджэгъуэхэмэ | къоджэгъуыу | къоджэгъуэкӏэ | къоджэгъуэм | къоджэгъухыу | къоджэгъуэхэ | къоджэгъуэхэкӏэ | къоджэгъуэхэр,accepted
wiktionary-01894,train,true,,wiktionary,1894,lexicon,къожъ,boar ; warthog,noun,къожъ | къожъэхыу | къожъэм | къожъэхэм | къожъэр | къожъэхэмэ | къожъыу | къожъэхэкӏэ | къожъэхэ | къожъэ | къожъэхэр | къожъэкӏэ,accepted
wiktionary-01895,train,true,,wiktionary,1895,lexicon,къозын,to be dropped behind something ; to appear suddenly and surprisingly,verb,къозын,accepted
wiktionary-01896,train,true,,wiktionary,1896,lexicon,къокъон,"to croak, to ribbit",verb,къокъон,accepted
wiktionary-01897,train,true,,wiktionary,1897,lexicon,къокӏын,to come out (from a corner or from a hidden spot),verb,къокӏын | къыкъокӏын | къокӏьын,accepted
wiktionary-01898,validation,true,,wiktionary,1898,lexicon,къокӏыпӏэ,east,noun,къокӏыпӏэ,accepted
wiktionary-01899,train,true,,wiktionary,1899,lexicon,къоладжэ,"valley ; chasm, abyss",noun,къоладжэ | къолагьэхэм | къоладжэм | къолагьэхэ | къолагьэм | къолагьэхэр | къоладжэхэкӏэ | къоладжэхыу | къолагьэхэкӏэ | къолагьэ | къоладжэхэм | къолагьэр | къолагьэхыу | къолагьэкӏэ | къолагьэхэмэ | къоладжэхэр | къоладжэхэ | къоладжэу | къоладжэкӏэ | къолагьэу | къоладжэр | къоладжэхэмэ,accepted
wiktionary-01900,train,true,,wiktionary,1900,lexicon,къолай,easy,adj,къолай | къолайэ | къолайэм | къолайэхэм | къолайэхэмэ | къолайэхыу | къолайэр | къолайэхэкӏэ | къолайэхэр | къолайыу | къолайэхэ | къолайэкӏэ,accepted
wiktionary-01901,train,true,,wiktionary,1901,lexicon,къолы,pork,noun,къолы,accepted
wiktionary-01902,excluded_benchmark_overlap,false,exact_normalized_input_target_or_variant_overlap_with_benchmark,wiktionary,1902,lexicon,къолэбзыу,bird,noun,къолэбзыу | къолэбзыуэхэмэ | къолэбзыуэхэм | къолэбзыуэ | къолэбзыуэм | къолэбзыуэкӏэ | къолэбзыуэхэкӏэ | къолэбзыуыу | къолэбзыуэхэр | къолэбзыухыу | къолэбзыуэр | къолэбзыуэхэ,accepted
wiktionary-01903,excluded_benchmark_overlap,false,exact_normalized_input_target_or_variant_overlap_with_benchmark,wiktionary,1903,lexicon,къолэжъ,raven ; crow,noun,къолэжъ | къолэжъэхэм | къолэжъэм | къолэжъыу | къолэжъэ | къолэжъэкӏэ | къолэжъэхэкӏэ | къолэжъэхыу | къолэжъэхэмэ | къолэжъэхэ | къолэжъэхэр | къолэжъэр,accepted
wiktionary-01904,train,true,,wiktionary,1904,lexicon,къолэн,multi-coloured ; motley,adj,къолэн | къолэнэхэмэ | къолэнэм | къолэнэхэр | къолэнэхэ | къолэнэхэм | къолэныу | къолэнэкӏэ | къолэнэр | къолэнэ | къолэнэхыу | къолэнэхэкӏэ,accepted
wiktionary-01905,train,true,,wiktionary,1905,lexicon,къолэнсэлэн,very colorful,adj,къолэнсэлэн,accepted
wiktionary-01906,train,true,,wiktionary,1906,lexicon,къонцӏэу,inclined ; crooked,adj,къонцӏэу,accepted
wiktionary-01907,test,true,,wiktionary,1907,lexicon,къоны,parsley ; coriander (especially leaves),noun,къоны | къоныкӏэ | къоныхэкӏэ | къоныхэм | къоныр | къоныу | къоныхэр | къоным | къоныхэ | къоныхыу | къоныхэмэ,accepted
wiktionary-01908,test,true,,wiktionary,1908,lexicon,къопс,handle ; knob,noun,къопс | къопсэм | къопсэхэм | ӏэпэпсэ | къопсэхыу | къопсэ | ӏэпэпс | ӏэпэпсэхэмэ | къопсэхэмэ | ӏэпэпсыу | къопсэхэр | ӏэпэпсэхэ | къопсыу | ӏэпэпсэм | ӏэпэпсэхыу | ӏэпэпсэхэр | ӏэпэпсэхэм | ӏэпэпсэр | къопсэр | ӏэпэпсэкӏэ | къопсэкӏэ | къопсэхэкӏэ | къопсэхэ | ӏэпэпсэхэкӏэ,accepted
wiktionary-01909,train,true,,wiktionary,1909,lexicon,къорылъф,grandson,noun,къорылъф,accepted
wiktionary-01910,train,true,,wiktionary,1910,lexicon,къотэгъу,"supporter, advocate, proponent, adherent",noun,къотэгъу,accepted
wiktionary-01911,train,true,,wiktionary,1911,lexicon,къоуцон,to stand in the corner ; to stand behind ; to support someone,verb,къоуцон,accepted
wiktionary-01912,train,true,,wiktionary,1912,lexicon,къохь,ship,noun,къохь | къохьэм | къохьэ | къохьэхэм | къохьэхэр | къохьэхэкӏэ | къохьэхэ | къохьэкӏэ | къохьэхыу | къохьэхэмэ | къохьыу | къохьэр,accepted
wiktionary-01913,excluded_benchmark_overlap,false,exact_normalized_input_target_or_variant_overlap_with_benchmark,wiktionary,1913,lexicon,къохьан,to go behind,verb,къохьан | жэхэхьан | зэбгырыхьан | пыхьан | кӏоцӏы | шъхьапырыхьан | ӏу | шъхьадэхьан | хэхьан | кӏоцӏыхьан | лъы | и | кӏэлъыры | пэхьан | бгъодэ | техьан | кӏэлъырыхьан | бгъодэхьан | шъхьадэ | хэ | зэбгыры | те | ӏухьан | чӏэ | дэ | гохьан | го | шъхьапыры | пы | зэкӏэ | чӏэхьан | жэхэ | жэдэ | ихьан | жэдэхьан | лъыхьан | къо | джыхэхьэн | дэхьан | зэкӏэхьан,accepted
wiktionary-01914,train,true,,wiktionary,1914,lexicon,къохьапӏэ,west,noun,къохьапӏэ,accepted
wiktionary-01915,train,true,,wiktionary,1915,lexicon,къохьэн,to go to the corner of,verb,къохьэн,accepted
wiktionary-01916,train,true,,wiktionary,1916,lexicon,къошъобэщ,paddle,noun,къошъобэщ | къошъобэщэхэр | къошъобэщэм | къошъобэщэхэм | къошъобэщэкӏэ | къошъобэщэхэ | къошъобэщэ | къошъобэщэхэкӏэ | къошъобэщэхыу | къошъобэщэхэмэ | къошъобэщыу | къошъобэщэр,accepted
wiktionary-01917,train,true,,wiktionary,1917,lexicon,къошъолӏы,"sailor, seaman",noun,къошъолӏы | къошъолӏыу | къошъолӏыр | къошъолӏыхэр | къошъолӏыхэкӏэ | къошъолӏыхэм | къошъолӏыхыу | къошъолӏыхэмэ | къошъолӏым | къошъолӏыкӏэ,accepted
wiktionary-01918,train,true,,wiktionary,1918,lexicon,къошъомэзэжъый,lighthouse,noun,къошъомэзэжъый | къошъомэзэжъыйэм | къошъомэзэжъыйэхэм | къошъомэзэжъыйэхыу | къошъомэзэжъыйэ | къошъомэзэжъыйэхэкӏэ | къошъомэзэжъыйэхэр | къошъомэзэжъыйэр | къошъомэзэжъыйэхэ | къошъомэзэжъыйэхэмэ | къошъомэзэжъыйэкӏэ | къошъомэзэжъыйыу,accepted
wiktionary-01919,validation,true,,wiktionary,1919,lexicon,къошъофы,boatman,noun,къошъофы | къошъофыхэкӏэ | къошъофыхэр | къошъофым | къошъофыхэм | къошъофыу | къошъофыхэмэ | къошъофыхыу | къошъофыкӏэ | къошъофыр,accepted
wiktionary-01920,train,true,,wiktionary,1920,lexicon,къошъочӏэгъаз,rudder,noun,къошъочӏэгъаз | къошъочӏэгъазэхэм | къошъочӏэгъазэ | къошъочӏэгъазэхэр | къошъочӏэгъазэр | къошъочӏэгъазэхэмэ | къошъочӏэгъазэхэ | къошъочӏэгъазэм | къошъочӏэгъазэкӏэ | къошъочӏэгъазэхэкӏэ | къошъочӏэгъазыу | къошъочӏэгъазэхыу,accepted
wiktionary-01921,train,true,,wiktionary,1921,lexicon,къошъошӏы,"shipwright, shipbuilder",noun,къошъошӏы | къошъошӏым | къошъошӏыхэм | къошъошӏыхыу | къошъошӏыхэкӏэ | къошъошӏыр | къошъошӏыу | къошъошӏыхэр | къошъошӏыхэмэ | къошъошӏыкӏэ,accepted
wiktionary-01922,excluded_benchmark_overlap,false,exact_normalized_input_target_or_variant_overlap_with_benchmark,wiktionary,1922,lexicon,къошын,"jug, pitcher",noun,къошын | къошынэм | къошынэхэ | къошынэхэр | къошынэ | къошынэхэкӏэ | къошынэкӏэ | къошынэхэм | къошыныу | къошынэхыу | къошынэр | къошынэхэмэ,accepted
wiktionary-01923,train,true,,wiktionary,1923,lexicon,къощыр,piglet,noun,къощыр | къощырэр | къощырэхэ | къощырэм | къощырэхэм | къощырэхэр | къощырэхэмэ | къощырыу | къощырэ | къощырэкӏэ | къощырэхыу | къощырэхэкӏэ,accepted
wiktionary-01924,train,true,,wiktionary,1924,lexicon,къоӏус,banana,noun,къоӏус | къоӏусхэкӏэ | къоӏусу | къоӏусхэм | къоӏусм | къоӏусхэр | къоӏускӏэ | къоӏуср | къоӏусхэмэ | къоӏусхыу | къоӏусхэ,accepted
wiktionary-01925,excluded_benchmark_overlap,false,exact_normalized_input_target_or_variant_overlap_with_benchmark,wiktionary,1925,lexicon,къу,male ; The twenty-fifth letter of the Adyghe Cyrillic alphabet. Its name is qwə and it has the sound of qw. It is preceded by къ and followed by кI.,noun | character,къу | къуэхэм | къуэ | къуэм | къуэхэкӏэ | къуэр | къуыу | къуэкӏэ | къухыу | Къу | къуэхэ | къуэхэмэ | къуэхэр,accepted
wiktionary-01926,train,true,,wiktionary,1926,lexicon,къуаджэ,village,noun,къуаджэ,accepted
wiktionary-01927,train,true,,wiktionary,1927,lexicon,къуае,cheese,noun,къуае | къуаеу | хъуаекӏэ | хъуаеу | хъуаехэкӏэ | къуаехэ | хъуаехэм | къуаехыу | къуаехэкӏэ | хъуаехэмэ | хъуаер | хъуаехэ | хъуаем | къуаехэмэ | хъуае | къуаер | къуаекӏэ | къуаехэм | къуаем | къуаехэр | хъуаехыу | хъуаехэр,accepted
wiktionary-01928,train,true,,wiktionary,1928,lexicon,къуалъхьэ,bribe,noun,къуалъхьэ | къуалъхьэхэм | къуалъхьэхыу | къуалъхьэу | къуалъхьэхэ | къуалъхьэр | къуалъхьэкӏэ | къуалъхьэм | къуалъхьэхэмэ | къуалъхьэхэр | къуалъхьэхэкӏэ,accepted
wiktionary-01929,train,true,,wiktionary,1929,lexicon,къуанчӏэ,jackdaw,noun,къуанчӏэ | къуанчӏэхэм | къуанчӏэм | къуанчӏэкӏэ | къуанчӏэхэ | къуанчӏэхэкӏэ | къуанчӏэхэр | къуанчӏэр | къуанчӏэхэмэ | къуанчӏэу | къуанчӏэхыу,accepted
wiktionary-01930,train,true,,wiktionary,1930,lexicon,къуао,bucket,noun,къуао | къуаохэкӏэ | къуаом | къуаохэм | къуаокӏэ | къуаоу | къуаор | къуаохэмэ | къуаохэр | къуаохыу | къуаохэ,accepted
wiktionary-01931,train,true,,wiktionary,1931,lexicon,къуапцӏэ,"swarthy, dark-skinned",adj,къуапцӏэ | къуапсӏэ,accepted
wiktionary-01932,train,true,,wiktionary,1932,lexicon,къуапэ,angle,noun,къуапэ | къуапэкӏэ | къуапэхэмэ | къуапэм | къуапэхэкӏэ | къуапэхэм | къуапэхэр | къуапэхэ | къуапэу | къуапэр | къуапэхыу,accepted
wiktionary-01933,train,true,,wiktionary,1933,lexicon,къуахъо,pitchfork,noun,къуахъо | къуахъом | къуахъохэр | къуахъохэкӏэ | къуахъохэм | къуахъохэ | къуахъокӏэ | къуахъохыу | къуахъоу | къуахъор | къуахъохэмэ,accepted
wiktionary-01934,test,true,,wiktionary,1934,lexicon,къуашъо,boat,noun,къуашъо,accepted
wiktionary-01935,train,true,,wiktionary,1935,lexicon,къуащэ,lurch,noun,къуащэ | къуащэхэ | къуащэм | къуащэу | къуащэр | къуащэхэм | къуащэхэкӏэ | къуащэкӏэ | къуащэхэмэ | къуащэхэр | къуащэхыу,accepted
wiktionary-01936,train,true,,wiktionary,1936,lexicon,къуащэу,crookedly ; awry,adv,къуащэу,accepted
wiktionary-01937,train,true,,wiktionary,1937,lexicon,къуджыр,rough (road or area),adj,къуджыр,accepted
wiktionary-01938,train,true,,wiktionary,1938,lexicon,къудыин,"to pull, to stretch",verb,къудыин | екъудыин,accepted
wiktionary-01939,train,true,,wiktionary,1939,lexicon,къуе-мый,fruit,noun,къуе-мый,accepted
wiktionary-01940,train,true,,wiktionary,1940,lexicon,къужъы,pear,noun,къужъы | къужъыкӏэ | къужъыхэкӏэ | къужъым | къужъыхэм | къужъыхэмэ | къужъыр | къужъыхэр | къужъыхыу | къужъыу,accepted
wiktionary-01941,train,true,,wiktionary,1941,lexicon,къузмэзадэ,one that is resting after a great meal,adj,къузмэзадэ,accepted
wiktionary-01942,train,true,,wiktionary,1942,lexicon,къуй,bald,adj,къуй | къуйэхэмэ | къуйыу | къуйэкӏэ | къуйэхэкӏэ | къуйэм | къуйэхэ | къуйэхэм | къуйэ | къуйэхэр | къуйэр | къуйхыу,accepted
wiktionary-01943,train,true,,wiktionary,1943,lexicon,къул,lash,noun,къул,accepted
wiktionary-01944,train,true,,wiktionary,1944,lexicon,къуладжэ,watercourse; riverbed,noun,къуладжэ | къуладжэкӏэ | къуладжэр | къуладжэм | къуладжэхыу | къуладжэхэм | къуладжэхэмэ | къуладжэхэр | къуладжэхэкӏэ | къуладжэхэ | къуладжэу,accepted
wiktionary-01945,train,true,,wiktionary,1945,lexicon,къулбастэ,djinn ; ghost,noun,къулбастэ,accepted
wiktionary-01946,validation,true,,wiktionary,1946,lexicon,къулыкъу,military service,noun,къулыкъу | къулыкъуэкӏэ | къулыкъуэм | къулыкъухыу | къулыкъуэхэр | къулыкъуэр | къулыкъуэ | къулыкъуэхэкӏэ | къулыкъуэхэмэ | къулыкъуэхэ | къулыкъуыу | къулыкъуэхэм,accepted
wiktionary-01947,train,true,,wiktionary,1947,lexicon,къумбыл,bomb,noun,къумбыл,accepted
wiktionary-01948,train,true,,wiktionary,1948,lexicon,къупышъхьэ,bone,noun,къупышъхьэ | къупышъхьэхэкӏэ | къупышъхьэр | къупышъхьэкӏэ | къупышъхьэхэмэ | къупышъхьэу | къупышъхьэхэм | къупышъхьэхэ | къупышъхьэм | къупышъхьэхыу | къупышъхьэхэр,accepted
wiktionary-01949,train,true,,wiktionary,1949,lexicon,къурбычый,larynx,noun,къурбычый | къурбычыйэхэ | къурбычыйыу | къурбычыйэкӏэ | къурбычыйэхэр | къурбычыйэм | къурбычыйэхэкӏэ | къурбычыйэхэм | къурбычыйэр | къурбычыйэхыу | къурбычыйэхэмэ | къурбычыйэ,accepted
wiktionary-01950,train,true,,wiktionary,1950,lexicon,къурбэкъэй,larynx,noun,къурбэкъэй | къурбэкъэйэм | къурбэкъыйэхэмэ | къурбэкъыйэхэм | къурбэкъыйэхэкӏэ | къурбэкъэйэкӏэ | къурбэкъый | къурбэкъыйэр | къурбэкъэйэхэм | къурбэкъэйэхыу | къурбэкъэйэхэкӏэ | къурбэкъэйэ | къурбэкъэйэр | къурбэкъыйэхэ | къурбэкъыйэкӏэ | къурбэкъыйэхэр | къурбэкъэйэхэ | къурбэкъыйэм | къурбэкъыйыу | къурбэкъыйэхыу | къурбэкъыйэ | къурбэкъэйэхэмэ | къурбэкъэйыу | къурбэкъэйэхэр,accepted
wiktionary-01951,train,true,,wiktionary,1951,lexicon,къурнэ,corner,noun,къурнэ | къурнэу | къурнэхэм | къурнэр | къурнэхыу | къурнэхэкӏэ | къурнэхэ | къурнэм | къурнэхэмэ | къурнэхэр | къурнэкӏэ,accepted
wiktionary-01952,validation,true,,wiktionary,1952,lexicon,къутамэ,branch ; bough,noun,къутамэ | къутамэхэкӏэ | къуамэхэм | къутамэкӏэ | къуамэхэкӏэ | къутамэм | къутамэхэм | къутамэхэр | къуамэм | къуамэхыу | къутамэр | къуамэхэ | къуамэр | къутамэу | къуамэкӏэ | къутамэхэ | къуамэхэр | къутамэхыу | къутамэхэмэ | къуамэ | къуамэу | къуамэхэмэ,accepted
wiktionary-01953,train,true,,wiktionary,1953,lexicon,къутаф,"fragment ; wreckage, debris (scattered remains of something destroyed)",noun,къутаф | къутафэм | къутафэр | къутафыу | къутафэхэкӏэ | къутафэхэм | къутафэхэр | къутафэхыу | къутафэхэмэ | къутафэхэ | къутафэ | къутафэкӏэ,accepted
wiktionary-01954,train,true,,wiktionary,1954,lexicon,къутыр,bowery,noun,къутыр,accepted
wiktionary-01955,train,true,,wiktionary,1955,lexicon,къутэн,to break (can be repaired),verb,къутэн,accepted
wiktionary-01956,train,true,,wiktionary,1956,lexicon,къухьэ,ship,noun,къухьэ,accepted
wiktionary-01957,train,true,,wiktionary,1957,lexicon,къухьэбыб,airplane,noun,къухьэбыб,accepted
wiktionary-01958,train,true,,wiktionary,1958,lexicon,къухьэлъат,airplane,noun,къухьэлъат,accepted
wiktionary-01959,train,true,,wiktionary,1959,lexicon,къухьэтӏысыпӏ,anchorage,noun,къухьэтӏысыпӏ | къухьэтӏысыпӏэм | къухьэтӏысыпӏэ | къухьэтӏысыпӏэкӏэ | къухьэтӏысыпӏэхэм | къухьэтӏысыпӏэхыу | къухьэтӏысыпӏэхэ | къухьэтӏысыпӏыу | къухьэтӏысыпӏэхэр | къухьэтӏысыпӏэр | къухьэтӏысыпӏэхэмэ | къухьэтӏысыпӏэхэкӏэ,accepted
wiktionary-01960,train,true,,wiktionary,1960,lexicon,къухьэуцупӏэ,harbor,noun,къухьэуцупӏэ,accepted
wiktionary-01961,train,true,,wiktionary,1961,lexicon,къушъу,fart,noun,къушъу | хъушъу,accepted
wiktionary-01962,excluded_benchmark_overlap,false,exact_normalized_input_target_or_variant_overlap_with_benchmark,wiktionary,1962,lexicon,къушъхьэ,mountain,noun,къушъхьэ | къушъхьэхэр | къушъхьэкӏэ | къушъхьэм | къушъхьэхэкӏэ | къушъхьэхэм | къушъхьэхэ | къушъхьэхэмэ | къушъхьэр | къушъхьэу | къушъхьэхыу,accepted
wiktionary-01963,train,true,,wiktionary,1963,lexicon,къыблэ,south,noun,къыблэ,accepted
wiktionary-01964,train,true,,wiktionary,1964,lexicon,къыгъэ,"moron, imbecile ; dull",adj,къыгъэ | къыгъэу | къыгъэм | къыгъэхэкӏэ | къыгъэхэмэ | къыгъэкӏэ | къыгъэхэ | къыгъэр | къыгъэхэм | къыгъэхэр | къыгъэхыу,accepted
wiktionary-01965,test,true,,wiktionary,1965,lexicon,къыдэгъэчъ,drawer,noun,къыдэгъэчъ,accepted
wiktionary-01966,test,true,,wiktionary,1966,lexicon,къыдэмыхъун,to not work out; to not go accordingly to plan,verb,къыдэмыхъун,accepted
wiktionary-01967,train,true,,wiktionary,1967,lexicon,къыдэхъун,to born with ; to born alongside ; to work out; to result in a satisfactory situation; to turn out well ; to come true,verb,къыдэхъун | дэхъун,accepted
wiktionary-01968,train,true,,wiktionary,1968,lexicon,къызыщылъэтын,"(unexpectedly) to jump (up, onto, out of), to leap (on, into, onto), to get up quickly",verb,къызыщылъэтын,accepted
wiktionary-01969,test,true,,wiktionary,1969,lexicon,къыин,to burp ; to hiccup,verb,къыин | къэин | къэкъыин,accepted
wiktionary-01970,train,true,,wiktionary,1970,lexicon,къыкӏышын,"to raise, to hold higher ; to bring something to a higher place",verb,къыкӏышын,accepted
wiktionary-01971,train,true,,wiktionary,1971,lexicon,къылъыкӏотэн,to move near a bit,verb,къылъыкӏотэн,accepted
wiktionary-01972,excluded_benchmark_overlap,false,exact_normalized_input_target_or_variant_overlap_with_benchmark,wiktionary,1972,lexicon,къын,to get stupefied ; to get frozen with terror ; to turn into a stone ; to become petrified ; (Kfar Kama dialect) to be frozen,verb,къын | мэкъын,accepted
wiktionary-01973,train,true,,wiktionary,1973,lexicon,къыпцӏэ,plum,noun,къыпцӏэ | къыпцӏэхэр | къыпцӏэхэкӏэ | къыпцӏэхэм | къыпцӏэхэ | къыпцӏэкӏэ | къыпцӏэм | къыпцӏэхыу | къыпцӏэр | къыпцӏэхэмэ | къыпцӏэу,accepted
wiktionary-01974,train,true,,wiktionary,1974,lexicon,къыпыщын,to stick out,verb,къыпыщын,accepted
wiktionary-01975,train,true,,wiktionary,1975,lexicon,къыпэшӏошӏын,"to seem to, to appear to",verb,къыпэшӏошӏын,accepted
wiktionary-01976,train,true,,wiktionary,1976,lexicon,къырегъэхьын,to mean ; someone to make/allow someone else to bring a,verb,къырегъэхьын,accepted
wiktionary-01977,train,true,,wiktionary,1977,lexicon,къырикӏон,to come on something; to come via,verb,къырикӏон,accepted
wiktionary-01978,train,true,,wiktionary,1978,lexicon,къытэгъэзэн,to repeat,verb,къытэгъэзэн,accepted
wiktionary-01979,train,true,,wiktionary,1979,lexicon,къыухьан,to go around,verb,къыухьан,accepted
wiktionary-01980,train,true,,wiktionary,1980,lexicon,къыфифэн,to fall into for ; to have the opportunity or change to,verb,къыфифэн,accepted
wiktionary-01981,test,true,,wiktionary,1981,lexicon,къыхэущыкӏын,to wake up from something (usually a dream),verb,къыхэущыкӏын | къыхэущыкӏьын,accepted
wiktionary-01982,train,true,,wiktionary,1982,lexicon,къыцэ,peach,noun,къыцэ | къыцэм | къыцэхэмэ | къыцэхэм | къыцэкӏэ | къыцэхэр | къыцэр | къыцэхыу | къыцэу | къыцэхэкӏэ | къыцэхэ,accepted
wiktionary-01983,test,true,,wiktionary,1983,lexicon,къычӏэгъэкӏын,to invent something ; to make someone get out from under something,verb,къычӏэгъэкӏын | къычӏэгъэкӏьын,accepted
wiktionary-01984,train,true,,wiktionary,1984,lexicon,къычӏэгъэщын,to reveal; to uncover; to show and display that which was hidden. ; to expose ; to find out,noun,къычӏэгъэщын,accepted
wiktionary-01985,train,true,,wiktionary,1985,lexicon,къычӏэхын,to invent or come up with an idea or concept.,verb,къычӏэхын,accepted
wiktionary-01986,train,true,,wiktionary,1986,lexicon,къычӏэщын,to be exposed,verb,къычӏэщын,accepted
wiktionary-01987,train,true,,wiktionary,1987,lexicon,къыщинэн,to be late ; to surpass someone by far,verb,къыщинэн,accepted
wiktionary-01988,train,true,,wiktionary,1988,lexicon,къыщыкӏэн,"to lack something, to have something missing that is required",verb,къыщыкӏэн,accepted
wiktionary-01989,train,true,,wiktionary,1989,lexicon,къыщынэн,to leave behind someone ; to abandon someone,verb,къыщынэн | къыщыунэн,accepted
wiktionary-01990,train,true,,wiktionary,1990,lexicon,къыӏупсын,to light near; to illuminate near,verb,къыӏупсын,accepted
wiktionary-01991,test,true,,wiktionary,1991,lexicon,къыӏыхын,to take away something from someone; to seize something,verb,къыӏыхын | ӏэхын | ахын | къыӏэхын | ӏыхын,accepted
wiktionary-01992,train,true,,wiktionary,1992,lexicon,къыӏэпхъотэн,to snatch,verb,къыӏэпхъотэн | ӏэпхъотэн,accepted
wiktionary-01993,excluded_benchmark_overlap,false,exact_normalized_input_target_or_variant_overlap_with_benchmark,wiktionary,1993,lexicon,къэ,grave,noun,къэ | къэм | къэхэ | къэхэкӏэ | къэхэм | къэхыу | къэр | къэу | къэкӏэ | къэхэмэ | къэхэр,accepted
wiktionary-01994,excluded_benchmark_overlap,false,exact_normalized_input_target_or_variant_overlap_with_benchmark,wiktionary,1994,lexicon,къэбар,"news, piece of news ; tidings ; narrative; story",noun,къэбар | къэбарэм | хъэбарэхэм | хъэбарэхэкӏэ | хъэбарыу | хъэбарэм | къэбарыу | къэбарэр | хъэбар | къэбарэхэмэ | къэбарэ | къэбарэхыу | хъэбарэр | къэбарэхэ | къэбарэхэм | хъэбарэхэ | къэбарэкӏэ | къэбарэхэр | хъэбарэкӏэ | хъэбарэхыу | къэбарэхэкӏэ | хъэбарэхэр | хъэбарэхэмэ | хъэбарэ,accepted
wiktionary-01995,train,true,,wiktionary,1995,lexicon,къэбар къэпчъын,to have a casual conversation,verb,къэбар къэпчъын | хъэбар къэпчъын,accepted
wiktionary-01996,validation,true,,wiktionary,1996,lexicon,къэбарыпцӏы,false news,noun,къэбарыпцӏы,accepted
wiktionary-01997,test,true,,wiktionary,1997,lexicon,къэбаскъэ,cabbage,noun,къэбаскъэ | къэбаскъэхэм | къэбаскъэкӏэ | къэбаскъэхэр | къэбаскъэр | къэбаскъэхэмэ | къэбаскъэм | къэбаскъэхэкӏэ | къэбаскъэхэ | къэбаскъэхыу | къэбаскъэу,accepted
wiktionary-01998,validation,true,,wiktionary,1998,lexicon,къэбастхъэ,cauliflower,noun,къэбастхъэ | къэбастхъэм | къэбастхъэр | къэбастхъэхыу | къэбастхъэхэр | къэбастхъэхэ | къэбастхъэхэм | къэбастхъэхэмэ | къэбастхъэхэкӏэ | къэбастхъэу | къэбастхъэкӏэ,accepted
wiktionary-01999,train,true,,wiktionary,1999,lexicon,къэбкӏэ,pumpkin seed,noun,къэбкӏэ | къэбкӏэхэмэ | къэбкӏэхыу | къэбкӏэу | къэбкӏэр | къэбкӏэхэм | къэбкӏэкӏэ | къэбкӏэхэкӏэ | къэбкӏэм | къэбкӏэхэ | къэбкӏэхэр,accepted
wiktionary-02000,train,true,,wiktionary,2000,lexicon,къэблэн,to glow (a fire or a lamp),verb,къэблэн,accepted
wiktionary-02001,train,true,,wiktionary,2001,lexicon,къэбы,zucchini ; marrow (vegetables) ; squash,noun,къэбы | къэбыу | къэбыхэмэ | къэбыхэр | къэбым | къэбыхэм | къэбыр | къэбыкӏэ | къэбыхыу | къэбыхэкӏэ,accepted
wiktionary-02002,train,true,,wiktionary,2002,lexicon,къэбыпцӏэ,eggplant,noun,къэбыпцӏэ | къэбыпцӏэхэм | къэбыпцӏэу | къэбыпцӏэхэ | къэбыпцӏэм | къэбыпцӏэхыу | къэбыпцӏэкӏэ | къэбыпцӏэхэмэ | къэбыпцӏэхэр | къэбыпцӏэхэкӏэ | къэбыпцӏэр,accepted
wiktionary-02003,train,true,,wiktionary,2003,lexicon,къэбэкъао,volcano,noun,къэбэкъао,accepted
wiktionary-02004,train,true,,wiktionary,2004,lexicon,къэбэр иӏэн,to be aware,verb,къэбэр иӏэн,accepted
wiktionary-02005,test,true,,wiktionary,2005,lexicon,къэбэртай,Kabartay (a Circassian clan tribe) ; a Kabardian person,noun,къэбэртай | къэбэртайэхэмэ | къэбэртайэм | къэбэртайэр | къэбэртайэхэкӏэ | къэбэртайэхэм | къэбэртайэхэр | къэбэртайэкӏэ | къэбэртайыу | къэбэртайэхэ | къэбэртайэ | къэбэртайэхыу,accepted
wiktionary-02006,train,true,,wiktionary,2006,lexicon,къэбэртайбзэ,the Kabardian language,name,къэбэртайбзэ | къэбэртайбзэхэ | къэбэртайбзэм | къэбэртайбзэхыу | къэбэртайбзэкӏэ | къэбэртайбзэу | къэбэртайбзэр | къэбэртайбзэхэр | къэбэртайбзэхэкӏэ | къэбэртайбзэхэм | къэбэртайбзэхэмэ,accepted
wiktionary-02007,validation,true,,wiktionary,2007,lexicon,къэбэскъэ шӏоӏу,sauerkraut,noun,къэбэскъэ шӏоӏу | къэбэскъэ шӏоӏуэ | къэбэскъэ шӏоӏуэкӏэ | къэбэскъэ шӏоӏуэхэм | къэбэскъэ шӏоӏуэхэкӏэ | къэбэскъэ шӏоӏуэр | къэбэскъэ шӏоӏуэхэмэ | къэбэскъэ шӏоӏуэм | къэбэскъэ шӏоӏухыу | къэбэскъэ шӏоӏуыу | къэбэскъэ шӏоӏуэхэр | къэбэскъэ шӏоӏуэхэ,accepted
wiktionary-02008,train,true,,wiktionary,2008,lexicon,къэвкъаз,"Caucasus, Kavkaz",noun,къэвкъаз | къэвкъазкӏэ | къэвкъазм | къэвкъазр | къэвкъазу | къэвкъазхыу | къэвкъазхэм | къэвкъазхэ | къэвкъазхэр | къэвкъазхэкӏэ | къэвкъазхэмэ,accepted
wiktionary-02009,train,true,,wiktionary,2009,lexicon,къэгужъон,to linger,verb,къэгужъон,accepted
wiktionary-02010,train,true,,wiktionary,2010,lexicon,къэгупшысын,to think up; to create in one’s mind ; to come up with (an idea or concept) ; to invent,verb,къэгупшысын,accepted
wiktionary-02011,validation,true,,wiktionary,2011,lexicon,къэгъагъэ,flower (the plant),noun,къэгъагъэ | къэгъагъээм | къэгъагъэыу | къэгъагъээхыу | къэгъагъээхэр | къэгъагъээхэкӏэ | къэгъагъээхэм | къэгъагъээхэ | къэгъагъээхэмэ | къэгъагъээкӏэ | къэгъагъээ | къэгъагъээр,accepted
wiktionary-02012,train,true,,wiktionary,2012,lexicon,къэгъэгъунэн,to guard someone,verb,къэгъэгъунэн,accepted
wiktionary-02013,train,true,,wiktionary,2013,lexicon,къэгъэзэгъу,place of turning; turning zone,noun,къэгъэзэгъу,accepted
wiktionary-02014,test,true,,wiktionary,2014,lexicon,къэгъэзэн,to come back ; to turn something (toward the speaker),verb,къэгъэзэн,accepted
wiktionary-02015,train,true,,wiktionary,2015,lexicon,къэгъэкӏохьын,to circle something; to surround something,verb,къэгъэкӏохьын,accepted
wiktionary-02016,train,true,,wiktionary,2016,lexicon,къэгъэкӏэхьын,to circle,verb,къэгъэкӏэхьын,accepted
wiktionary-02017,train,true,,wiktionary,2017,lexicon,къэгъэлъэгъоны,show,noun,къэгъэлъэгъоны | къэгъэлъэгъоныхэм | къэгъэлъэгъоныр | къэгъэлъэгъоным | къэгъэлъэгъоныхыу | къэгъэлъэгъоныу | къэгъэлъэгъоныкӏэ | къэгъэлъэгъоныхэкӏэ | къэгъэлъэгъоныхэмэ | къэгъэлъэгъоныхэр,accepted
wiktionary-02018,test,true,,wiktionary,2018,lexicon,къэгъэнэжьын,to save,verb,къэгъэнэжьын,accepted
wiktionary-02019,train,true,,wiktionary,2019,lexicon,къэгъэнэн,"to leave something (To cause or allow (something) to remain as available) ; to leave someone, to leave alone someone ; to abandon someone",verb,къэгъэнэн,accepted
wiktionary-02020,train,true,,wiktionary,2020,lexicon,къэгъэуцун,to stop someone/something ; to arrest,verb,къэгъэуцун,accepted
wiktionary-02021,train,true,,wiktionary,2021,lexicon,къэгъэучъыӏын,to make it cold ; (Kfar Kama dialect) to be naughty,verb,къэгъэучъыӏын,accepted
wiktionary-02022,validation,true,,wiktionary,2022,lexicon,къэгъэущын,to awake someone,verb,къэгъэущын,accepted
wiktionary-02023,train,true,,wiktionary,2023,lexicon,къэгъэфын,"to cause, to make it occur, to make it so that",verb,къэгъэфын,accepted
wiktionary-02024,train,true,,wiktionary,2024,lexicon,къэгъэхъэн,to earn ; to get ahold of a certain possession,verb,къэгъэхъэн | гъэхъэн,accepted
wiktionary-02025,train,true,,wiktionary,2025,lexicon,къэгъэхын,to irritate,verb,къэгъэхын,accepted
wiktionary-02026,validation,true,,wiktionary,2026,lexicon,къэгъэӏун,to make a sound/noise or make something do noise (Like using a device or instrument to make noise/sound for example radio),verb,къэгъэӏун,accepted
wiktionary-02027,train,true,,wiktionary,2027,lexicon,къэжьын,"to puke, to vomit",verb,къэжьын,accepted
wiktionary-02028,train,true,,wiktionary,2028,lexicon,къэи,burp,verb,къэи,accepted
wiktionary-02029,train,true,,wiktionary,2029,lexicon,къэкъун,to fart,verb,къэкъун,accepted
wiktionary-02030,train,true,,wiktionary,2030,lexicon,къэкъушъун,to fart,verb,къэкъушъун | къэхъушъун,accepted
wiktionary-02031,test,true,,wiktionary,2031,lexicon,къэкӏожьын,"to return (here), to return back",verb,къэкӏожьын,accepted
wiktionary-02032,train,true,,wiktionary,2032,lexicon,къэкӏорэ гъэ,next year,adv,къэкӏорэ гъэ | къэкӏорэгъэ,accepted
wiktionary-02033,train,true,,wiktionary,2033,lexicon,къэкӏорэтхьэмафэ,next week,adv,къэкӏорэтхьэмафэ | къэкӏорэтхьэмафэм | къэкӏорэтхьэмафэр | къэкӏорэтхьэмафэхэ | къэкӏорэтхьэмафэхэр | къэкӏорэтхьэмафэхэмэ | къэкӏорэтхьэмафэхэм | къэкӏорэтхьэмафэхэкӏэ | къэкӏорэтхьэмафэу | къэкӏорэтхьэмафэкӏэ | къэкӏорэтхьэмафэхыу,accepted
wiktionary-02034,validation,true,,wiktionary,2034,lexicon,къэкӏухьан,"to walk around ; to perambulate, to roam, to stroll, to ramble",verb,къэкӏухьан | къэкӏохьын,accepted
wiktionary-02035,train,true,,wiktionary,2035,lexicon,къэкӏыгъэхэр,plants,noun,къэкӏыгъэхэр | къэкӏыгъэхэрэкӏэ | къэкӏыгъэхэрэхэ | къэкӏыгъэхэрэ | къэкӏыгъэхэрэхэмэ | къэкӏыгъэхэрэхэр | къэкӏыгъэхэрэхыу | къэкӏыгъэхэрэм | къэкӏыгъэхэрэхэкӏэ | къэкӏыгъэхэрэхэм | къэкӏыгъэхэрэр | къэкӏыгъэхэрыу,accepted
wiktionary-02036,validation,true,,wiktionary,2036,lexicon,къэкӏын,to come from ; to be grown (hair),verb,къэкӏын,accepted
wiktionary-02037,train,true,,wiktionary,2037,lexicon,къэлапчъ,gate,noun,къэлапчъ | къэлапчъэм | къэлапчъэхэм | къэлапчъэкӏэ | къэлапчъыу | къэлапчъэхыу | къэлапчъэхэмэ | къэлапчъэр | къэлапчъэхэ | къэлапчъэхэкӏэ | къэлапчъэхэр | къэлапчъэ,accepted
wiktionary-02038,train,true,,wiktionary,2038,lexicon,къэлар,"victory onion, Allium victorialis",noun,къэлар,accepted
wiktionary-02039,train,true,,wiktionary,2039,lexicon,къэлъ-гулъ,high quality animal food,noun,къэлъ-гулъ,accepted
wiktionary-02040,train,true,,wiktionary,2040,lexicon,къэлъы,lettuce,noun,къэлъы | къэлъыхэр | къэлъыр | къэлъым | къэлъыу | къэлъыхэмэ | къэлъыкӏэ | къэлъыхыу | къэлъыхэкӏэ | къэлъыхэм,accepted
wiktionary-02041,train,true,,wiktionary,2041,lexicon,къэлэдэс,townsman ; citizen (resident of a city or town),noun,къэлэдэс | къэлэдэсэхэмэ | къэлэдэсэ | къэлэдэсэхэм | къэлэдэсэхэкӏэ | къэлэдэсыу | къэлэдэсэхэ | къэлэдэсэм | къэлэдэсэхэр | къэлэдэсэхыу | къэлэдэсэкӏэ | къэлэдэсэр,accepted
wiktionary-02042,train,true,,wiktionary,2042,lexicon,къэлэм,pen ; pencil,noun,къэлэм | къэлэмэхэ | къэлэмэм | къэлэмэ | къэлэмэкӏэ | къэлэмыу | къэлэмэхэкӏэ | къэлэмэхэмэ | къэлэмэхэр | къэлэмэхэм | къэлэмэр | къэлэмэхыу,accepted
wiktionary-02043,train,true,,wiktionary,2043,lexicon,къэлэмдалъхьэ,pencil case,noun,къэлэмдалъхьэ | къэлэмдалъхьэхэ | къэлэмдалъхьэхэр | къэлэм далъхьэм | къэлэм далъхьэхэмэ | къэлэм далъхьэкӏэ | къэлэмдалъхьэхэм | къэлэм далъхьэхыу | къэлэм далъхьэ | къэлэмдалъхьэхэкӏэ | къэлэмдалъхьэр | къэлэмдалъхьэхэмэ | къэлэм далъхьэр | къэлэмдалъхьэм | къэлэм далъхьэхэ | къэлэмдалъхьэхыу | къэлэм далъхьэхэкӏэ | къэлэм далъхьэхэр | къэлэм далъхьэу | къэлэмдалъхьэкӏэ | къэлэм далъхьэхэм | къэлэмдалъхьэу,accepted
wiktionary-02044,train,true,,wiktionary,2044,lexicon,къэлэсэрай,"fortress, palace, Palace (fenced),",noun,къэлэсэрай | къэлэсэраихэкӏэ | къэлэсэраиу | къэлэсэраикӏэ | къэлэсэраихэр | къэлэсэраир | къэлэсэраи | къэлэсэраим | къэлэсэраихыу | къэлэсэраихэм | къэлэсэраихэмэ,accepted
wiktionary-02045,train,true,,wiktionary,2045,lexicon,къэмлан,box,noun,къэмлан | къэмланэм | къэмланэхэм | къэмланэхыу | къэмланыу | къэмланэхэ | къэмланэкӏэ | къэмланэхэмэ | къэмланэхэкӏэ | къэмланэр | къэмланэхэр | къэмланэ,accepted
wiktionary-02046,train,true,,wiktionary,2046,lexicon,къэмэхын,"to faint, to pass out",verb,къэмэхын | мэхын,accepted
wiktionary-02047,train,true,,wiktionary,2047,lexicon,къэнэн,"to be remained, to be left",verb,къэнэн,accepted
wiktionary-02048,train,true,,wiktionary,2048,lexicon,къэнэхъэжьын,to survive; to live past a life-threatening event,verb,къэнэхъэжьын,accepted
wiktionary-02049,test,true,,wiktionary,2049,lexicon,къэон,to explode,verb,къэон,accepted
wiktionary-02050,train,true,,wiktionary,2050,lexicon,къэплъан,tiger,noun,къэплъан,accepted
wiktionary-02051,train,true,,wiktionary,2051,lexicon,къэпсын,to light; to illuminate; to provide light for when it is dark. ; to sneeze,verb,къэпсын | къэпсэн | псын | псэн,accepted
wiktionary-02052,train,true,,wiktionary,2052,lexicon,къэптан,caftan (clothes) ; jubbah (loose outer garment),noun,къэптан | къэптанэхэр | къэптанэхэмэ | къэптанэкӏэ | къэптанэм | къэптанэр | къэптанэхыу | къэптанэ | къэптанэхэм | къэптаныу | къэптанэхэ | къэптанэхэкӏэ,accepted
wiktionary-02053,train,true,,wiktionary,2053,lexicon,къэпы,"tough ; rotten, old and broken",adj | noun,къэпы | къэпыкӏэ | къэпыр | къэпым | къэпыхыу | къэпыхэкӏэ | къэпыхэм | къэпыхэмэ | къэпыхэр | къэпыу,accepted
wiktionary-02054,train,true,,wiktionary,2054,lexicon,къэраб,grey haired ; dandelion,adj,къэраб,accepted
wiktionary-02055,train,true,,wiktionary,2055,lexicon,къэрабгъэ,coward,adj,къэрабгъэ | къэрэбгъэ,accepted
wiktionary-02056,train,true,,wiktionary,2056,lexicon,къэрал,country ; state,noun,къэрал | къэралыгъуэ | къэралыгъуэм | къэралыгъуэхэкӏэ | къэралыгъуэкӏэ | къэралыгъуэхэм | къэралыгъухыу | къэралыгъуэхэр | къэралыгъуыу | къэралыгъуэр | къэралыгъуэхэ | къэралыгъуэхэмэ | къэралыгъу,accepted
wiktionary-02057,train,true,,wiktionary,2057,lexicon,къэркъэтэн,"to tremble, to quake, to shake",verb,къэркъэтэн,accepted
wiktionary-02058,train,true,,wiktionary,2058,lexicon,къэрэгъул,guard,noun,къэрэгъул,accepted
wiktionary-02059,train,true,,wiktionary,2059,lexicon,къэрэу,stork (bird),noun,къэрэу,accepted
wiktionary-02060,train,true,,wiktionary,2060,lexicon,къэсшъхьэпкӏэтын,to get up quickly,verb,къэсшъхьэпкӏэтын | сшъхьэпкӏэтын | къэсшъхьэпкӏьэтын,accepted
wiktionary-02061,train,true,,wiktionary,2061,lexicon,къэсын,to arrive,verb,къэсын,accepted
wiktionary-02062,test,true,,wiktionary,2062,lexicon,къэугупшысын,"to make up, to think out, to devise, to contrive, to invent",verb,къэугупшысын,accepted
wiktionary-02063,train,true,,wiktionary,2063,lexicon,къэугъоин,to gather ; to collect,verb,къэугъоин,accepted
wiktionary-02064,train,true,,wiktionary,2064,lexicon,къэун,to smell (a smell to approach),verb,къэун,accepted
wiktionary-02065,train,true,,wiktionary,2065,lexicon,къэунэ,mausoleum,noun,къэунэ | къэун,accepted
wiktionary-02066,train,true,,wiktionary,2066,lexicon,къэутхын,to splash water,verb,къэутхын,accepted
wiktionary-02067,train,true,,wiktionary,2067,lexicon,къэучъыӏын,to become cold,verb,къэучъыӏын,accepted
wiktionary-02068,validation,true,,wiktionary,2068,lexicon,къэущын,to wake up,verb,къэущын,accepted
wiktionary-02069,validation,true,,wiktionary,2069,lexicon,къэфын,"to cause, to occur, to be so that",verb,къэфын,accepted
wiktionary-02070,train,true,,wiktionary,2070,lexicon,къэхалъэ,graveyard,noun,къэхалъэ | къэхалъэхэм | къэхалъэхыу | къэхалъэм | къэхалъэхэмэ | къэхалъэкӏэ | къэхалъэхэкӏэ | къэхалъэхэ | къэхалъэр | къэхалъэхэр | къэхалъэу,accepted
wiktionary-02071,train,true,,wiktionary,2071,lexicon,къэхъун,"to come into existence ; to born (Humans, Plants, Animals, Fish, Birds, etc.)",verb,къэхъун,accepted
wiktionary-02072,train,true,,wiktionary,2072,lexicon,къэхын,to get irritated,verb,къэхын,accepted
wiktionary-02073,train,true,,wiktionary,2073,lexicon,къэхьпэ,whore,noun,къэхьпэ | къэхьпэхэм | къэхьпэм | къэхьпэхэр | къэхьпэхыу | къэхьпэу | къэхьпэхэкӏэ | къэхьпэр | къэхьпэкӏэ | къэхьпэхэмэ | къэхьпэхэ,accepted
wiktionary-02074,train,true,,wiktionary,2074,lexicon,къэхьын,"to bring something ; to give birth, to deliver ; to win the prize",verb,къэхьын,accepted
wiktionary-02075,train,true,,wiktionary,2075,lexicon,къэхьыо,coffee,noun,къэхьыо | къэхьыор | къэхьор | къэхьыом | къэхьыоу | къэхьыохэм | къэхьо | къэхьохэм | къэхьом | къэхьохэр | къэхьыохэкӏэ | къэхьохыу | къэхьохэ | къэхьокӏэ | къэхьохэкӏэ | къэхьыохыу | къэхьыокӏэ | къэхьохэмэ | къэхьыохэр | къэхьыохэмэ | къэхьыохэ | къэхьоу,accepted
wiktionary-02076,train,true,,wiktionary,2076,lexicon,къэхьыпакъо,whoreson,noun,къэхьыпакъо,accepted
wiktionary-02077,validation,true,,wiktionary,2077,lexicon,къэхьыпэ,(vulgar) whore,noun,къэхьыпэ,accepted
wiktionary-02078,train,true,,wiktionary,2078,lexicon,къэхьыпэрылъф,whoreson,noun,къэхьыпэрылъф,accepted
wiktionary-02079,train,true,,wiktionary,2079,lexicon,къэцы,thorn,noun,къэцы | къэцэхэмэ | къэцыэхэмэ | къэцыэм | къэцыэр | къэцыэхэм | къэцыэхэ | къэцэр | къэцэм | къэцэхыу | къэцыэхэр | къэцэхэм | къэцыэхэкӏэ | къэцыу | къэцэкӏэ | къэцыэхыу | къэцыэ | къэцэхэр | къэцэхэкӏэ | къэцыыу | къэцэхэ | къэцыэкӏэ | къэцэ | къэц,accepted
wiktionary-02080,train,true,,wiktionary,2080,lexicon,къэцыгъуан,hornet ; wasp,noun,къэцыгъуан | къэцыгъуанэхэкӏэ | къэцыгъуанэхэ | къэцыгъуанэхэм | къэцыгъуанэ | къэцыгъуанэр | къэцыгъуанэхэмэ | къэцыгъуанэм | къэцыгъуанэкӏэ | къэцыгъуанэхэр | къэцыгъуанэхыу | къэцыгъуаныу,accepted
wiktionary-02081,train,true,,wiktionary,2081,lexicon,къэшъон,to dance,verb,къэшъон,accepted
wiktionary-02082,train,true,,wiktionary,2082,lexicon,къэшъуакӏо,dancer,noun,къэшъуакӏо | къэшъуакӏом | къэшъуакӏохэ | къэшъуакӏохэмэ | къэшъуакӏохэм | къэшъуакӏохыу | къэшъуакӏохэкӏэ | къэшъуакӏокӏэ | къэшъуакӏохэр | къэшъуакӏоу | къэшъуакӏор,accepted
wiktionary-02083,validation,true,,wiktionary,2083,lexicon,къэшӏэжын,to remember ; to recognize,verb,къэшӏэжын | къэпшӏэжын,accepted
wiktionary-02084,train,true,,wiktionary,2084,lexicon,къэшӏэн,to figure out the correct answer ; to recognize,verb,къэшӏэн | къэпшӏэн | къэшӏэжьын,accepted
wiktionary-02085,train,true,,wiktionary,2085,lexicon,къэщыпын,"to pick up stuff, to gather stuff (usually by picking up, by raking up or by sweeping)",verb,къэщыпын,accepted
wiktionary-02086,train,true,,wiktionary,2086,lexicon,къэщэгъу,marriageable age for man ; the time of marriage,noun,къэщэгъу,accepted
wiktionary-02087,train,true,,wiktionary,2087,lexicon,къэщэн,fiancee ; romantic partner (boyfriend or girlfriend) ; to bring someone ; to marry a woman/girl.,noun | verb,къэщэн,accepted
wiktionary-02088,train,true,,wiktionary,2088,lexicon,кьэрхъон,swing,noun,кьэрхъон | кьэрхъонэр | кьэрхъонэкӏэ | кьэрхъонэм | кьэрхъоныу | кьэрхъонэхэ | кьэрхъонэхэмэ | кьэрхъонэхэр | кьэрхъонэ | кьэрхъонэхэм | кьэрхъонэхыу | кьэрхъонэхэкӏэ,accepted
wiktionary-02089,train,true,,wiktionary,2089,lexicon,кьэт,(Shapsug) Alternative form of чэты (čătə),noun,кьэт,accepted
wiktionary-02090,test,true,,wiktionary,2090,lexicon,кьэтжъые,chick ; nestling,noun,кьэтжъые | кьэтжъыем | кьэтжъыехэм | кьэтжъыехэкӏэ | кьэтжъыехэмэ | кьэтжъыекӏэ | кьэтжъыехэр | кьэтжъыехэ | кьэтжъыеу | кьэтжъыер | кьэтжъыехыу,accepted
wiktionary-02091,excluded_benchmark_overlap,false,exact_normalized_input_target_or_variant_overlap_with_benchmark,wiktionary,2091,lexicon,кьэтыу,cat,noun,кьэтыу | кьэтыуэ | кьэтыуэм | кьэтыуэкӏэ | кьэтыуэхыу | кьэтыуэхэм | кьэтыуыу | кьэтыуэр | кьэтыуэхэр | кьэтыуэхэкӏэ | кьэтыуэхэ | кьэтыуэхэмэ,accepted
wiktionary-02092,train,true,,wiktionary,2092,lexicon,кӏадзэ,sweat-cloth,noun,кӏадзэ,accepted
wiktionary-02093,train,true,,wiktionary,2093,lexicon,кӏай,ash tree,noun,кӏай,accepted
wiktionary-02094,train,true,,wiktionary,2094,lexicon,кӏако,short ; jacket,adj,кӏако,accepted
wiktionary-02095,train,true,,wiktionary,2095,lexicon,кӏакӏо,felt cloak,noun,кӏакӏо | кӏакӏор | кӏакӏохэр | кӏакӏокӏэ | кӏакӏохэм | кӏакӏохэмэ | кӏакӏом | кӏакӏохыу | кӏакӏоу | кӏакӏохэ | кӏакӏохэкӏэ,accepted
wiktionary-02096,validation,true,,wiktionary,2096,lexicon,кӏакӏы,short,adj,кӏакӏы,accepted
wiktionary-02097,test,true,,wiktionary,2097,lexicon,кӏалэ,boy ; young man,noun,кӏалэ | кӏалэхэм | кӏалэм | кӏалэхэ | кӏалэу | кӏалэр | кӏалэкӏэ | кӏалэхэкӏэ | кӏалэхэмэ | кӏалэхэр | кӏалэхыу,accepted
wiktionary-02098,train,true,,wiktionary,2098,lexicon,кӏапсэ,rope,noun,кӏапсэ | кӏапсэхэм | кӏапсэм | кӏьапсэхэм | кӏьапсэкӏэ | кӏапсэхэкӏэ | кӏьапсэхэ | кӏьапсэхыу | кӏьапсэхэкӏэ | кӏьапсэхэмэ | кӏапсэхыу | кӏьапсэ | кӏьапсэу | кӏьапсэм | кӏьапсэхэр | кӏапсэхэмэ | кӏапсэхэ | кӏапсэр | кӏапсэу | кӏьапсэр | кӏапсэкӏэ | кӏапсэхэр,accepted
wiktionary-02099,test,true,,wiktionary,2099,lexicon,кӏапсэрыкӏо,"tightrope walker, funambulist",noun,кӏапсэрыкӏо | кӏапсэрыкӏохэм | кӏапсэрыкӏохэ | кӏапсэрыкӏор | кӏапсэрыкӏокӏэ | кӏапсэрыкӏом | кӏапсэрыкӏоу | кӏапсэрыкӏохэр | кӏапсэрыкӏохэмэ | кӏапсэрыкӏохэкӏэ | кӏапсэрыкӏохыу,accepted
wiktionary-02100,train,true,,wiktionary,2100,lexicon,кӏапэ,fat tail,noun,кӏапэ,accepted
wiktionary-02101,excluded_benchmark_overlap,false,exact_normalized_input_target_or_variant_overlap_with_benchmark,wiktionary,2101,lexicon,кӏасэ,late,adj,кӏасэ | кӏьасэ,accepted
wiktionary-02102,train,true,,wiktionary,2102,lexicon,кӏашъо,ceiling,noun,кӏашъо | кӏьашъо,accepted
wiktionary-02103,train,true,,wiktionary,2103,lexicon,кӏежьэжьын,to return,verb,кӏежьэжьын,accepted
wiktionary-02104,train,true,,wiktionary,2104,lexicon,кӏодыгъошӏу,something or someone that is easy to lose ; something or someone that is easy to extinc,adj,кӏодыгъошӏу | кӏодыжьыгъошӏу,accepted
wiktionary-02105,train,true,,wiktionary,2105,lexicon,кӏодын,"to disappear, to vanish ; to go missing ; to get lost",verb,кӏодын | мэкӏодын,accepted
wiktionary-02106,train,true,,wiktionary,2106,lexicon,кӏожьын,to return (there),verb,кӏожьын,accepted
wiktionary-02107,train,true,,wiktionary,2107,lexicon,кӏокӏэ текӏын,"to outrun, to outdistance",verb,кӏокӏэ текӏын,accepted
wiktionary-02108,train,true,,wiktionary,2108,lexicon,кӏон,to go,verb,кӏон | шъуекӏу | къытэкӏух | шъусэкӏу | шъутэкӏу | шъузэкӏужьы | текӏу | такӏу | къысэкӏух | къысэкӏу | секӏу | утэкӏу | уакӏу | къытэкӏу | къыокӏух | шъокӏо | къышъокӏу | уекӏу | екӏух | шъукъысэкӏу | усэкӏу | шъукъытэкӏу | къышъокӏух | окӏо | узэкӏужьы | сакӏу | укъытэкӏу | къыокӏу | акӏух | тэкӏо | укъысэкӏу | макӏох | екӏу | акӏу | сэкӏо | тызэкӏужьы | шъуакӏу | сызэкӏужьы | макӏо,accepted
wiktionary-02109,train,true,,wiktionary,2109,lexicon,кӏосэн,"to turn off (lamp, fire, etc.)",verb,кӏосэн,accepted
wiktionary-02110,validation,true,,wiktionary,2110,lexicon,кӏотэн,to move,verb,кӏотэн,accepted
wiktionary-02111,train,true,,wiktionary,2111,lexicon,кӏохъун,"to lose one's way, to go astray, to get lost",verb,кӏохъун,accepted
wiktionary-02112,test,true,,wiktionary,2112,lexicon,кӏоцӏы,inside,noun,кӏоцӏы | кӏоцӏым | кӏоцӏыхэм | кӏоцӏыу | кӏоцӏыхэмэ | кӏоцӏыхыу | кӏоцӏыр | кӏоцӏыхэр | кӏоцӏыхэкӏэ | кӏоцӏыкӏэ,accepted
wiktionary-02113,validation,true,,wiktionary,2113,lexicon,кӏоцӏылъхьэн,to wrap,verb,кӏоцӏылъхьэн,accepted
wiktionary-02114,test,true,,wiktionary,2114,lexicon,кӏоцӏыхьан,to collide into ; to penetrate into ; to go within inside something,verb,кӏоцӏыхьан,accepted
wiktionary-02115,train,true,,wiktionary,2115,lexicon,кӏоцӏыщыхьан,to wrap in,verb,кӏоцӏыщыхьан,accepted
wiktionary-02116,train,true,,wiktionary,2116,lexicon,кӏоцӏыщыхьэн,"to enwrap, to envelope, to wrap",verb,кӏоцӏыщыхьэн,accepted
wiktionary-02117,train,true,,wiktionary,2117,lexicon,кӏочӏагъэ,strength,noun,кӏочӏагъэ,accepted
wiktionary-02118,train,true,,wiktionary,2118,lexicon,кӏочӏадж,"weak, fragile",adj,кӏочӏадж,accepted
wiktionary-02119,test,true,,wiktionary,2119,lexicon,кӏошын,"to move away, to live somewhere else",verb,кӏошын,accepted
wiktionary-02120,train,true,,wiktionary,2120,lexicon,кӏуадж,"impassable roads, flooded roads",noun,кӏуадж,accepted
wiktionary-02121,train,true,,wiktionary,2121,lexicon,кӏуапӏэ,crowded place,noun,кӏуапӏэ,accepted
wiktionary-02122,excluded_benchmark_overlap,false,exact_normalized_input_target_or_variant_overlap_with_benchmark,wiktionary,2122,lexicon,кӏуачӏэ,strong,adj,кӏуачӏэ,accepted
wiktionary-02123,train,true,,wiktionary,2123,lexicon,кӏурэжъый,"cart, cart for babies",noun,кӏурэжъый,accepted
wiktionary-02124,train,true,,wiktionary,2124,lexicon,кӏуснэщаб,bow,noun,кӏуснэщаб | кӏуснэщабэхэм | кӏуснэщабэхыу | кӏуснэщабэкӏэ | кӏуснэщабэр | кӏуснэщабэхэ | кӏуснэщабэхэмэ | кӏуснэщабыу | кӏуснэщабэм | кӏуснэщабэхэкӏэ | кӏуснэщабэхэр | кӏуснэщабэ,accepted
wiktionary-02125,train,true,,wiktionary,2125,lexicon,кӏыб,behind,noun,кӏыб,accepted
wiktionary-02126,train,true,,wiktionary,2126,lexicon,кӏыгъун,"to accompany, to escort ; to live with",verb,кӏыгъун,accepted
wiktionary-02127,train,true,,wiktionary,2127,lexicon,кӏыин,"to scream, to shout out really loudly",verb,кӏыин | мэкӏьыин | кӏьыин | мэкӏыин,accepted
wiktionary-02128,test,true,,wiktionary,2128,lexicon,кӏый,scream,noun,кӏый | кӏыйэхэ | кӏыйэхэр | кӏыйэхэмэ | кӏыйэм | кӏыйэкӏэ | кӏыйэхэм | кӏыйэр | кӏыйхыу | кӏыйыу | кӏыйэ | кӏыйэхэкӏэ,accepted
wiktionary-02129,train,true,,wiktionary,2129,lexicon,кӏыкӏьай,fast,adj,кӏыкӏьай,accepted
wiktionary-02130,train,true,,wiktionary,2130,lexicon,кӏымафэ,winter,noun,кӏымафэ | кӏымафэм | кӏымафэкӏэ | кӏымафэхэм | кӏымафэхэкӏэ | кӏымафэр | кӏымафэхэ | кӏымафэхэр | кӏымафэхыу | кӏымафэхэмэ | кӏымафэу,accepted
wiktionary-02131,excluded_benchmark_overlap,false,exact_normalized_input_target_or_variant_overlap_with_benchmark,wiktionary,2131,lexicon,кӏын,to leave / go away / walk away / move away ; to be grown (hair),verb,кӏын | лъыкӏын | зэбгырыкӏын | гокӏын | пыкӏьын | текӏын | жэдэкӏын | кӏоцӏы | ӏу | зэкӏэкӏын | лъы | и | кӏэлъыры | къокӏын | кӏэлъырыкӏын | бгъодэ | шъхьадэкӏын | шъхьадэ | хэ | ӏукӏын | пыкӏын | хэкӏьын | чӏэкӏын | зэбгыры | зэпыкӏьын | къыкъокӏын | те | чӏэ | дэ | хэкӏын | го | бгъодэкӏын | жэхэкӏын | шъхьапыры | зэпыкӏын | пы | шъхьапырыкӏын | зэкӏэ | жэхэ | жэдэ | дэкӏын | кӏоцӏыкӏын | икӏын | къо | къокӏьын,accepted
wiktionary-02132,test,true,,wiktionary,2132,lexicon,кӏырыун,to tug,verb,кӏырыун,accepted
wiktionary-02133,train,true,,wiktionary,2133,lexicon,кӏыфы,pale,adj,кӏыфы | кӏыфыхэ | кӏыфым | кӏыфыхэмэ | кӏыфыу | кӏыфыхэр | кӏыфыхэкӏэ | кӏыфыхыу | кӏыфыкӏэ | кӏыфыр | кӏыфыхэм,accepted
wiktionary-02134,train,true,,wiktionary,2134,lexicon,кӏыхьэ,long ; tall,adj,кӏыхьэ | кӏэхьыхэкӏэ | кӏьэхьы | кӏэхьыхэмэ | кӏэхьым | кӏэхьыхэм | кӏэхьыкӏэ | кӏэхьыхэр | кӏэхьыу | кӏэхьыхыу | кӏэхьы | кӏэхьыр,accepted
wiktionary-02135,train,true,,wiktionary,2135,lexicon,кӏыхьэлыхьэ,very long ; very tall,adj,кӏыхьэлыхьэ | кӏьэхьылэхь,accepted
wiktionary-02136,train,true,,wiktionary,2136,lexicon,кӏышъоӏот,sponge,noun,кӏышъоӏот,accepted
wiktionary-02137,train,true,,wiktionary,2137,lexicon,кӏышъу,skin ; crust (of Earth),noun,кӏышъу | кӏышъуэм | кӏышъуэ | кӏышъуэхэр | кӏышъуыу | кӏышъуэхэм | кӏышъуэхэкӏэ | кӏышъухыу | кӏышъуэр | кӏышъуэхэ | кӏышъуэкӏэ | кӏышъуэхэмэ,accepted
wiktionary-02138,train,true,,wiktionary,2138,lexicon,кӏыӏу,top ; surface,noun,кӏыӏу,accepted
wiktionary-02139,train,true,,wiktionary,2139,lexicon,кӏьако,short,adj,кӏьако,accepted
wiktionary-02140,train,true,,wiktionary,2140,lexicon,кӏьэ,"tail ; seed ; (Kfar Kama dialect) (vulgar, slang) dick (penis)",noun,кӏьэ | кӏьэхэ | кӏьэхэмэ | кӏьэхэкӏэ | кӏьэм | кӏьэхэм | кӏьэкӏэ | кӏьэхыу | кӏьэу | кӏьэр | кӏьэхэр,accepted
wiktionary-02141,train,true,,wiktionary,2141,lexicon,кӏьэ тримылъхьэн,"(vulgar, slang) to not care, to give a shit about",verb,кӏьэ тримылъхьэн,accepted
wiktionary-02142,train,true,,wiktionary,2142,lexicon,кӏьэрыт,worthless,noun,кӏьэрыт,accepted
wiktionary-02143,excluded_benchmark_overlap,false,exact_normalized_input_target_or_variant_overlap_with_benchmark,wiktionary,2143,lexicon,кӏэ,"tail ; seed ; (Kfar Kama dialect) (vulgar, slang) dick (penis) ; new, fresh ; modern",noun | adj,кӏэ | кӏэхэм | кӏэу | кӏэхэмэ | кӏэм | кӏэхэр | кӏэкӏэ | кӏэхыу | кӏэхэкӏэ | кӏэр | кӏэхэ,accepted
wiktionary-02144,test,true,,wiktionary,2144,lexicon,кӏэгъожьын,to regret,verb,кӏэгъожьын,accepted
wiktionary-02145,train,true,,wiktionary,2145,lexicon,кӏэгъэгъожьын,to make someone regret,verb,кӏэгъэгъожьын,accepted
wiktionary-02146,train,true,,wiktionary,2146,lexicon,кӏэджэн,to announce ; to declare openly ; to inform widely about,verb,кӏэджэн | кӏэгьэн,accepted
wiktionary-02147,train,true,,wiktionary,2147,lexicon,кӏэдзапӏэ,"beginning, start",verb,кӏэдзапӏэ,accepted
wiktionary-02148,train,true,,wiktionary,2148,lexicon,кӏэдэн,"to sew a sole on, to sole (a shoe)",verb,кӏэдэн,accepted
wiktionary-02149,train,true,,wiktionary,2149,lexicon,кӏэегъулъын,to shay away,verb,кӏэегъулъын,accepted
wiktionary-02150,validation,true,,wiktionary,2150,lexicon,кӏэен,to smear ; to daub all over,verb,кӏэен | еин | иен,accepted
wiktionary-02151,train,true,,wiktionary,2151,lexicon,кӏэзэзын,"to shiver, to tremble",verb,кӏэзэзын,accepted
wiktionary-02152,train,true,,wiktionary,2152,lexicon,кӏэй,"vale, dale",noun,кӏэй | кӏьэйэр | кӏэйэхэкӏэ | кӏьэйэкӏэ | кӏьэйэхэр | кӏьэйэм | кӏьэйэхэм | кӏэйэ | кӏэйэхэмэ | кӏэйэхэр | кӏэйэхэм | кӏьэйэхыу | кӏьэйыу | кӏэйэр | кӏэйэхыу | кӏэйэхэ | кӏьэйэ | кӏьэйэхэкӏэ | кӏэйыу | кӏэйэм | кӏьэйэхэмэ | кӏьэй | кӏьэйэхэ | кӏэйэкӏэ,accepted
wiktionary-02153,train,true,,wiktionary,2153,lexicon,кӏэкъэпс,brand new,adj,кӏэкъэпс,accepted
wiktionary-02154,excluded_review_required,false,missing_target_text,wiktionary,2154,lexicon,кӏэкӏьащын,,,кӏэкӏьащын | кӏэкӏьащынхэм | кӏэкӏьащынхэмэ | кӏэкӏьащынхыу | кӏэкӏьащынхэр | кӏэкӏьащынм | кӏэкӏьащынхэ | кӏэкӏьащыну | кӏэкӏьащынр | кӏэкӏьащынхэкӏэ | кӏэкӏьащынкӏэ,review_required
wiktionary-02155,train,true,,wiktionary,2155,lexicon,кӏэкӏэн,to pour in,verb,кӏэкӏэн,accepted
wiktionary-02156,train,true,,wiktionary,2156,lexicon,кӏэлъыкӏон,"to follow, to walk after",verb,кӏэлъыкӏон,accepted
wiktionary-02157,train,true,,wiktionary,2157,lexicon,кӏэлъыон,to scoff someone,verb,кӏэлъыон | кӏьэлъыон | кӏэлъыун | кӏьэлъыун,accepted
wiktionary-02158,train,true,,wiktionary,2158,lexicon,кӏэлъэтэкьын,to slip and fall,verb,кӏэлъэтэкьын,accepted
wiktionary-02159,validation,true,,wiktionary,2159,lexicon,кӏэлъэӏун,"to call for ; to ask for, to beg for",verb,кӏэлъэӏун,accepted
wiktionary-02160,train,true,,wiktionary,2160,lexicon,кӏэлэ,some sort of expression that is used when someone wants to point something angrily or sarcastically or from excitement,intj,кӏэлэ,accepted
wiktionary-02161,train,true,,wiktionary,2161,lexicon,кӏэлэ-гъуал,child,noun,кӏэлэ-гъуал | кӏэлэ-гъуалхэмэ | кӏэлэ-гъуалм | кӏэлэ-гъуалхэ | кӏэлэ-гъуалхэкӏэ | кӏэлэ-гъуалхэм | кӏэлэ-гъуалкӏэ | кӏэлэ-гъуалр | кӏэлэ-гъуалхэр | кӏэлэ-гъуалхыу | кӏэлэ-гъуалу,accepted
wiktionary-02162,train,true,,wiktionary,2162,lexicon,кӏэлэгъу,childhood ; youth,noun,кӏэлэгъу | кӏэлэгъуэхэмэ | кӏэлэгъуэм | кӏэлэгъуэхэ | кӏэлэгъуэр | кӏэлэгъуэхэр | кӏэлэгъуэкӏэ | кӏэлэгъуэ | кӏэлэгъуэхэм | кӏэлэгъухыу | кӏэлэгъуыу | кӏэлэгъуэхэкӏэ,accepted
wiktionary-02163,train,true,,wiktionary,2163,lexicon,кӏэлэегъадж,teacher,noun,кӏэлэегъадж | кӏэлэегъагьэм | кӏэлэегъагьэхэм | кӏэлэегъаджэ | кӏэлэегъагьэхэкӏэ | кӏэлэегъаджэкӏэ | кӏэлэегъагьэ | кӏэлэегъагьэкӏэ | кӏэлэегъаджэм | кӏэлэегъаджыу | кӏэлэегъаджэхэмэ | кӏэлэегъагьэхэмэ | кӏэлэегъаджэхэкӏэ | кӏэлэегъагьэхэ | кӏэлэегъаджэхэм | кӏэлэегъагь | кӏэлэегъагьэхэр | кӏэлэегъаджэхэ | кӏэлэегъаджэр | кӏэлэегъагьэр | кӏэлэегъагьэхыу | кӏэлэегъаджэхэр | кӏэлэегъагьыу | кӏэлэегъаджэхыу,accepted
wiktionary-02164,train,true,,wiktionary,2164,lexicon,кӏэлэеджакӏо,pupil,noun,кӏэлэеджакӏо | кӏэлэегьакӏохэр | кӏэлэеджакӏом | кӏэлэегьакӏом | кӏэлэегьакӏокӏэ | кӏэлэеджакӏохэм | кӏэлэеджакӏохэ | кӏэлэеджакӏохэр | кӏэлэегьакӏохэ | кӏэлэеджакӏоу | кӏэлэегьакӏохэкӏэ | кӏэлэеджакӏокӏэ | кӏэлэеджакӏохэкӏэ | кӏэлэеджакӏохыу | кӏэлэегьакӏо | кӏэлэегьакӏохэм | кӏэлэегьакӏохыу | кӏэлэеджакӏор | кӏэлэегьакӏоу | кӏэлэегьакӏор | кӏэлэегьакӏохэмэ | кӏэлэеджакӏохэмэ,accepted
wiktionary-02165,train,true,,wiktionary,2165,lexicon,кӏэлэхъу,boy,noun,кӏэлэхъу,accepted
wiktionary-02166,train,true,,wiktionary,2166,lexicon,кӏэлэхъуцӏыкӏу,little boy,noun,кӏэлэхъуцӏыкӏу,accepted
wiktionary-02167,train,true,,wiktionary,2167,lexicon,кӏэмгуе,Temirgoy (Circassian tribe),noun,кӏэмгуе | кӏьэмгуе,accepted
wiktionary-02168,train,true,,wiktionary,2168,lexicon,кӏэн,hemp,noun,кӏэн,accepted
wiktionary-02169,train,true,,wiktionary,2169,lexicon,кӏэнкӏэ,egg ; testicle,noun,кӏэнкӏэ | кӏьакӏьэхэм | кӏэнкӏэу | кӏьакӏьэхэ | кӏэнкӏэхэр | кӏэнкӏэхэ | кӏьакӏьэр | кӏьакӏьэм | кӏэнкӏэм | кӏьакӏьэхыу | кӏьакӏьэкӏэ | кӏэнкӏэр | кӏэнкӏэхыу | кӏьакӏьэ | кӏэнкӏэхэкӏэ | кӏьакӏьэхэкӏэ | кӏэнкӏэхэм | кӏьакӏьэхэмэ | кӏэнкӏэхэмэ | кӏэнкӏэкӏэ | кӏьакӏьэхэр | кӏьакӏьэу,accepted
wiktionary-02170,train,true,,wiktionary,2170,lexicon,кӏэнкӏэжъапхъэ,omelette,noun,кӏэнкӏэжъапхъэ | кӏэнкӏэжъапхъэм | кӏэнкӏэжъапхъэхэр | кӏэнкӏэжъапхъэхэкӏэ | кӏэнкӏэжъапхъэхэмэ | кӏэнкӏэжъапхъэхэм | кӏэнкӏэжъапхъэу | кӏэнкӏэжъапхъэр | кӏэнкӏэжъапхъэкӏэ | кӏэнкӏэжъапхъэхэ | кӏэнкӏэжъапхъэхыу,accepted
wiktionary-02171,validation,true,,wiktionary,2171,lexicon,кӏэнлъэ,whip,noun,кӏэнлъэ | кӏьэнлъэхэкӏэ | кӏьэнлъэкӏэ | кӏьэнлъэхыу | кӏьэнлъэу | кӏьэнлъэхэм | кӏьэнлъэм | кӏьэнлъэхэмэ | кӏьэнлъэр | кӏьэнлъэ | кӏьэнлъэхэр | кӏьэнлъэхэ,accepted
wiktionary-02172,train,true,,wiktionary,2172,lexicon,кӏэнэкӏэн,"to ridicule, to mock ; to make a little joke, to poke fun",verb,кӏэнэкӏэн,accepted
wiktionary-02173,validation,true,,wiktionary,2173,lexicon,кӏэп,"(botany) cannabis, hemp",noun,кӏэп,accepted
wiktionary-02174,train,true,,wiktionary,2174,lexicon,кӏэпхъ,squirrel,noun,кӏэпхъ | кӏэпхъэхэ | кӏэпхъэр | кӏэпхъэм | кӏэпхъэкӏэ | кӏэпхъэхэм | кӏэпхъэхыу | кӏэпхъэхэкӏэ | кӏэпхъэ | кӏэпхъыу | кӏэпхъэхэр | кӏэпхъэхэмэ,accepted
wiktionary-02175,test,true,,wiktionary,2175,lexicon,кӏэпхын,skirt,noun,кӏэпхын | кӏэпхынэхэм | кӏэпхынэр | кӏэпхынэм | кӏэпхыныу | кӏэпхынэхэр | кӏэпхынэкӏэ | кӏэпхынэхэмэ | кӏэпхынэхыу | кӏэпхынэ | кӏэпхынэхэ | кӏэпхынэхэкӏэ,accepted
wiktionary-02176,train,true,,wiktionary,2176,lexicon,кӏэпщы,horsewhip,noun,кӏэпщы | кӏэпщэхэмэ | кӏэпщэхэкӏэ | кӏэпщэхэ | кӏэпщэм | кӏэпщэхэм | кӏэпщэхыу | кӏэпщ | кӏэпщэхэр | кӏэпщэ | кӏэпщэр | кӏэпщэкӏэ | кӏэпщыу,accepted
wiktionary-02177,train,true,,wiktionary,2177,lexicon,кӏэпы,"cannabis, hemp",noun,кӏэпы,accepted
wiktionary-02178,train,true,,wiktionary,2178,lexicon,кӏэракӏ,well-dressed (of a person),adj,кӏэракӏ | кӏэракӏэм | кӏэракӏэ | кӏэракӏэкӏэ | кӏэракӏэхэкӏэ | кӏэракӏэхэр | кӏэракӏэр | кӏэракӏэхэм | кӏэракӏэхэмэ | кӏэракӏыу | кӏэракӏэхэ | кӏэракӏэхыу,accepted
wiktionary-02179,train,true,,wiktionary,2179,lexicon,кӏэрахъо,gun ; rifle ; fire arm,noun,кӏэрахъо | кӏэрахъор | кӏэрахъохэкӏэ | кӏьэрахъо | кӏэрахъохэм | кӏьэрахъом | кӏьэрахъохэм | кӏэрахъом | кӏэрахъокӏэ | кӏьэрахъохэр | кӏьэрахъохыу | кӏьэрахъохэмэ | кӏэрахъохыу | кӏьэрахъокӏэ | кӏьэрахъор | кӏэрахъохэр | кӏьэрахъоу | кӏьэрахъохэ | кӏэрахъоу | кӏьэрахъохэкӏэ | кӏэрахъохэмэ | кӏэрахъохэ,accepted
wiktionary-02180,train,true,,wiktionary,2180,lexicon,кӏэрхъон,swing,noun,кӏэрхъон | кӏэрхъонэхэмэ | кӏэрхъонэхэ | кӏэрхъонэр | кӏэрхъонэм | кӏэрхъонэхэкӏэ | кӏэрхъонэкӏэ | кӏэрхъонэхэр | кӏэрхъонэхэм | кӏэрхъонэ | кӏэрхъоныу | кӏэрхъонэхыу,accepted
wiktionary-02181,train,true,,wiktionary,2181,lexicon,кӏэрыкӏэу,"again ; again (from the beginning, from scratch)",adv,кӏэрыкӏэу,accepted
wiktionary-02182,train,true,,wiktionary,2182,lexicon,кӏэрэон,"to whirl, to twirl",verb,кӏэрэон,accepted
wiktionary-02183,train,true,,wiktionary,2183,lexicon,кӏэрэхъоцыкӏу,"handgun, pistol",noun,кӏэрэхъоцыкӏу | кӏэрэхъоцыкӏуэм | кӏэрэхъоцыкӏуэкӏэ | кӏэрэхъоцыкӏуыу | кӏэрэхъоцыкӏуэхэр | кӏэрэхъоцыкӏуэхэкӏэ | кӏэрэхъоцыкӏуэхэм | кӏэрэхъоцыкӏухыу | кӏэрэхъоцыкӏуэ | кӏэрэхъоцыкӏуэр | кӏэрэхъоцыкӏуэхэмэ | кӏэрэхъоцыкӏуэхэ,accepted
wiktionary-02184,validation,true,,wiktionary,2184,lexicon,кӏэсэн,to like,verb,кӏэсэн,accepted
wiktionary-02185,train,true,,wiktionary,2185,lexicon,кӏэтал,fork,noun,кӏэтал | кӏэталэкӏэ | кӏэталэхэм | кӏэталэм | кӏэталэхыу | кӏэталэ | кӏэталэхэ | кӏэталэхэмэ | кӏэталыу | кӏэталэхэр | кӏэталэр | кӏэталэхэкӏэ,accepted
wiktionary-02186,train,true,,wiktionary,2186,lexicon,кӏэтхъун,"to shovel out, to rake out, to remove by shoveling or raking",verb,кӏэтхъун,accepted
wiktionary-02187,train,true,,wiktionary,2187,lexicon,кӏэтыку,narrow corner,noun,кӏэтыку | кӏэтыкуэкӏэ | кӏэтыкуэм | кӏэтыкухыу | кӏэтыкуэхэкӏэ | кӏэтыкуэхэр | кӏэтыкуыу | кӏэтыкуэхэм | кӏэтыкуэр | кӏэтыкуэхэмэ | кӏэтыкуэхэ | кӏэтыкуэ,accepted
wiktionary-02188,train,true,,wiktionary,2188,lexicon,кӏэтыщх,"a Jewish person, a Jew",noun,кӏэтыщх | кӏэтыщхэхыу | кӏэтыщхэм | кӏэтыщхэкӏэ | кӏэтыщхэхэм | кӏэтыщхыу | кӏэтыщхэхэ | кӏэтыщхэр | кӏэтыщхэхэр | кӏэтыщхэ | кӏэтыщхэхэкӏэ | кӏэтыщхэхэмэ,accepted
wiktionary-02189,train,true,,wiktionary,2189,lexicon,кӏэтӏэй,intestine,noun,кӏэтӏэй | кӏэтӏэйэхэмэ | кӏэтӏэйэм | кӏэтӏэйэхыу | кӏэтӏэйэкӏэ | кӏэтӏэйэхэм | кӏэтӏэйэхэ | кӏэтӏэйэ | кӏэтӏэйэхэкӏэ | кӏэтӏэйыу | кӏэтӏэйэхэр | кӏэтӏэйэр,accepted
wiktionary-02190,train,true,,wiktionary,2190,lexicon,кӏэупкӏэн,to ask,verb,кӏэупкӏэн,accepted
wiktionary-02191,test,true,,wiktionary,2191,lexicon,кӏэупхъухьан,to take a haircut,verb,кӏэупхъухьан,accepted
wiktionary-02192,train,true,,wiktionary,2192,lexicon,кӏэух,"end ; closing, conclusive ; (literally) tail end (the last part of a period of time, event, or situation; the concluding or final part)",noun,кӏэух,accepted
wiktionary-02193,train,true,,wiktionary,2193,lexicon,кӏэхъопсын,"to long for, to miss someone (To feel the absence of someone or something) ; to have a dream to look forward to ; to envy",verb,кӏэхъопсын,accepted
wiktionary-02194,train,true,,wiktionary,2194,lexicon,кӏэхьан,"to overtake someone and surpass him, to catch up with someone",verb,кӏэхьан | ӏукӏэхьан | ӏукӏыхьан,accepted
wiktionary-02195,train,true,,wiktionary,2195,lexicon,кӏэшъун,(Standard) to suck ; (Standard) (vulgar) to perform fellatio ; (Shapsug dialect) to suck (in the only sense of: to draw something into the mouth by inhaling) ; to drain by extracting water,verb,кӏэшъун,accepted
wiktionary-02196,train,true,,wiktionary,2196,lexicon,кӏэшӏыхьан,to construct under ; to make under,verb,кӏэшӏыхьан,accepted
wiktionary-02197,validation,true,,wiktionary,2197,lexicon,кӏэшӏэн,to harness,verb,кӏэшӏэн,accepted
wiktionary-02198,train,true,,wiktionary,2198,lexicon,кӏэщакӏо,leader ; president,noun,кӏэщакӏо | кӏэщакӏоу | кӏэщакӏохэкӏэ | кӏэщакӏохэр | кӏэщакӏом | кӏэщакӏохэм | кӏэщакӏохыу | кӏэщакӏор | кӏэщакӏокӏэ | кӏэщакӏохэмэ | кӏэщакӏохэ,accepted
wiktionary-02199,train,true,,wiktionary,2199,lexicon,кӏэӏэжьын,"to run away, to make off, to flee",verb,кӏэӏэжьын,accepted
wiktionary-02200,train,true,,wiktionary,2200,lexicon,кӏэӏэн,"to run away, to flee",verb,кӏэӏэн,accepted
wiktionary-02201,train,true,,wiktionary,2201,lexicon,лавэ,lava,noun,лавэ,accepted
wiktionary-02202,train,true,,wiktionary,2202,lexicon,лагъымэ,mine,noun,лагъымэ,accepted
wiktionary-02203,excluded_benchmark_overlap,false,exact_normalized_input_target_or_variant_overlap_with_benchmark,wiktionary,2203,lexicon,лагъэ,colored ; plate,adj | noun,лагъэ,accepted
wiktionary-02204,test,true,,wiktionary,2204,lexicon,лажьэ,"fault; blame ; fault, a defect ; matter (condition)",noun,лажьэ,accepted
wiktionary-02205,train,true,,wiktionary,2205,lexicon,лалэ,something that is loosed ; meat,adj | noun,лалэ | лалэхэр | лалэхэмэ | лалэм | лалэхэ | лалэхэм | лалэкӏэ | лалэхыу | лалэхэкӏэ | лалэу | лалэр,accepted
wiktionary-02206,train,true,,wiktionary,2206,lexicon,лантӏэ,"flexible, pliable, agile ; adaptable",adj,лантӏэ,accepted
wiktionary-02207,train,true,,wiktionary,2207,lexicon,ланчъэ,maple,noun,ланчъэ | ланчъэкӏэ | лачэм | ланчъэхыу | лачэхэр | ланчъэхэкӏэ | ланчъэхэм | лачэ | лачэхэм | лачэхэкӏэ | ланчъэм | ланчъэхэр | лачэхэмэ | лачэхыу | лачэхэ | ланчъэхэмэ | ланчъэу | лачэкӏэ | ланчъэхэ | лачэр | ланчъэр | лачэу,accepted
wiktionary-02208,train,true,,wiktionary,2208,lexicon,лимон,lemon (fruit) ; lemon tree,noun,лимон | лимонэхэр | лимонэхэмэ | лимонэкӏэ | лимонэ | лимонэхэкӏэ | лимонэм | лимоныу | лимонэхэ | лимонэхэм | лимонэхыу | лимонэр,accepted
wiktionary-02209,train,true,,wiktionary,2209,lexicon,лъабжъэ,hoof,noun,лъабжъэ,accepted
wiktionary-02210,excluded_benchmark_overlap,false,exact_normalized_input_target_or_variant_overlap_with_benchmark,wiktionary,2210,lexicon,лъагъо,"trail ; path, way, road",noun,лъагъо,accepted
wiktionary-02211,train,true,,wiktionary,2211,lexicon,лъагэ,high,adj,лъагэ,accepted
wiktionary-02212,excluded_benchmark_overlap,false,exact_normalized_input_target_or_variant_overlap_with_benchmark,wiktionary,2212,lexicon,лъакъо,leg,noun,лъакъо | лъакъохэмэ | лъакъом | лъакъохэм | лъакъор | лъакъокӏэ | лъакъохыу | лъакъохэкӏэ | лъакъохэ | лъакъоу | лъакъохэр,accepted
wiktionary-02213,train,true,,wiktionary,2213,lexicon,лъапсэ,root ; root (Plant's root) ; shoelaces,noun,лъапсэ | лъапсэм | лъапсэхэкӏэ | лъапсэхэм | лъапсэхэ | лъапсэкӏэ | лъапсэр | лъапсэу | лъапсэхыу | лъапсэхэмэ | лъапсэхэр,accepted
wiktionary-02214,train,true,,wiktionary,2214,lexicon,лъапцӏэ,barefoot,adj,лъапцӏэ | лъапцӏэу | лъапсӏэм | лъапцӏэхэмэ | лъапцӏэхыу | лъапцӏэм | лъапцӏэхэм | лъапсӏэхэмэ | лъапсӏэу | лъапсӏэхэ | лъапсӏэр | лъапсӏэ | лъапцӏэр | лъапцӏэхэр | лъапсӏэхэкӏэ | лъапсӏэхэм | лъапцӏэхэ | лъапсӏэкӏэ | лъапцӏэкӏэ | лъапсӏэхэр | лъапсӏэхыу | лъапцӏэхэкӏэ,accepted
wiktionary-02215,excluded_benchmark_overlap,false,exact_normalized_input_target_or_variant_overlap_with_benchmark,wiktionary,2215,lexicon,лъапэ,foot,noun,лъапэ | лъапэм | лъапэхэкӏэ | лъапэхэм | лъапэкӏэ | лъапэхыу | лъапэхэр | лъапэхэмэ | лъапэхэ | лъапэр | лъапэу,accepted
wiktionary-02216,train,true,,wiktionary,2216,lexicon,лъапӏэ,expensive ; dear,adj,лъапӏэ,accepted
wiktionary-02217,validation,true,,wiktionary,2217,lexicon,лъасэ,base,adj,лъасэ,accepted
wiktionary-02218,train,true,,wiktionary,2218,lexicon,лъашъхьэ,ankle,noun,лъашъхьэ | лъашъхьэхэкӏэ | лъашъхьэхэм | лъашъхьэу | лъашъхьэхэр | лъашъхьэхыу | лъашъхьэкӏэ | лъашъхьэр | лъашъхьэм | лъашъхьэхэмэ | лъашъхьэхэ,accepted
wiktionary-02219,train,true,,wiktionary,2219,lexicon,лъащэ,lame,adj,лъащэ,accepted
wiktionary-02220,train,true,,wiktionary,2220,lexicon,лъежьэн,to run after ; to chase,verb,лъежьэн,accepted
wiktionary-02221,train,true,,wiktionary,2221,lexicon,лъежэн,to chase after,verb,лъежэн,accepted
wiktionary-02222,train,true,,wiktionary,2222,lexicon,лъфащэ,semen,noun,лъфащэ | лъфащээхыу | лъфащээм | лъфащээхэ | лъфащээхэмэ | лъфащэыу | лъфащээхэм | лъфащээхэр | лъфащээр | лъфащээкӏэ | лъфащээ | лъфащээхэкӏэ,accepted
wiktionary-02223,test,true,,wiktionary,2223,lexicon,лъфыгъэ,"begotten ; child delivery, childbirth ; child",adj | noun,лъфыгъэ | лъыфыгъэ,accepted
wiktionary-02224,train,true,,wiktionary,2224,lexicon,лъфэн,to give birth ; to calve; to lamb; to farrow; to give birth to an animal ; to beget,verb,лъфэн | къэлъфын | лъфын,accepted
wiktionary-02225,excluded_benchmark_overlap,false,exact_normalized_input_target_or_variant_overlap_with_benchmark,wiktionary,2225,lexicon,лъхъанчэ,low,adj,лъхъанчэ,accepted
wiktionary-02226,excluded_benchmark_overlap,false,exact_normalized_input_target_or_variant_overlap_with_benchmark,wiktionary,2226,lexicon,лъы,blood,noun,лъы,accepted
wiktionary-02227,train,true,,wiktionary,2227,lexicon,лъы къикӏын,to bleed,verb,лъы къикӏын,accepted
wiktionary-02228,train,true,,wiktionary,2228,lexicon,лъыгъачъэ,bloodshed ; massacre,noun,лъыгъачъэ | лъыгъачъэхэкӏэ | лъыгъачъэр | лъыгъачъэм | лъыгъачъэхэр | лъыгъачъэхэм | лъыгъачъэкӏэ | лъыгъачъэу | лъыгъачъэхыу | лъыгъачъэхэ | лъыгъачъэхэмэ,accepted
wiktionary-02229,train,true,,wiktionary,2229,lexicon,лъыдэкӏое-лъыкъеох,blood pressure,noun,лъыдэкӏое-лъыкъеох | лъыдэкӏое-лъыкъеохэхэ | лъыдэкӏое-лъыкъеохэм | лъыдэкӏое-лъыкъеохэхэмэ | лъыдэкӏое-лъыкъеохэхэр | лъыдэкӏое-лъыкъеохэхыу | лъыдэкӏое-лъыкъеохэкӏэ | лъыдэкӏое-лъыкъеохэр | лъыдэкӏое-лъыкъеохэхэм | лъыдэкӏое-лъыкъеохэхэкӏэ | лъыдэкӏое-лъыкъеохыу | лъыдэкӏое-лъыкъеохэ,accepted
wiktionary-02230,train,true,,wiktionary,2230,lexicon,лъыкӏон,"to follow, to walk after",verb,лъыкӏон,accepted
wiktionary-02231,train,true,,wiktionary,2231,lexicon,лъыкӏотэн,to move away a bit,verb,лъыкӏотэн,accepted
wiktionary-02232,train,true,,wiktionary,2232,lexicon,лъыкӏошъэн,to stalk (To approach slowly and quietly in order not to be discovered when getting closer),verb,лъыкӏошъэн,accepted
wiktionary-02233,excluded_benchmark_overlap,false,exact_normalized_input_target_or_variant_overlap_with_benchmark,wiktionary,2233,lexicon,лъын,"to sharpen, to whet",verb,лъын,accepted
wiktionary-02234,train,true,,wiktionary,2234,lexicon,лъынтфэ,A blood vessel: an artery or vein. ; sinew,noun,лъынтфэ | лъытфэхэмэ | лъытфэхэр | лъынтфэхэмэ | лъытфэхэм | лъынтфэхэм | лъытфэм | лъынтфэхэкӏэ | лъынтфэхыу | лъытфэр | лъынтфэм | лъытфэхэкӏэ | лъытфэхэ | лъынтфэкӏэ | лъынтфэу | лъытфэ | лъынтфэхэ | лъытфэу | лъынтфэхэр | лъытфэкӏэ | лъытфэхыу | лъынтфэр,accepted
wiktionary-02235,train,true,,wiktionary,2235,lexicon,лъынэ,bird's fat,noun,лъынэ,accepted
wiktionary-02236,train,true,,wiktionary,2236,lexicon,лъыплъэн,"to watch over, to keep an eye on",verb,лъыплъэн,accepted
wiktionary-02237,excluded_benchmark_overlap,false,exact_normalized_input_target_or_variant_overlap_with_benchmark,wiktionary,2237,lexicon,лъытэн,"to count ; to respect, to honor",verb,лъытэн,accepted
wiktionary-02238,excluded_benchmark_overlap,false,exact_normalized_input_target_or_variant_overlap_with_benchmark,wiktionary,2238,lexicon,лъытэныгъ,respect,noun,лъытэныгъ,accepted
wiktionary-02239,train,true,,wiktionary,2239,lexicon,лъыхъожьын,to mate (animals),verb,лъыхъожьын,accepted
wiktionary-02240,train,true,,wiktionary,2240,lexicon,лъыхъуакӏо,searcher ; seeker,noun,лъыхъуакӏо,accepted
wiktionary-02241,train,true,,wiktionary,2241,lexicon,лъыхъун,"to search for, to look for",verb,лъыхъун,accepted
wiktionary-02242,train,true,,wiktionary,2242,lexicon,лъычъэн,to run after ; to chase,verb,лъычъэн,accepted
wiktionary-02243,train,true,,wiktionary,2243,lexicon,лъышӏэжь,vengeance ; revenge,noun,лъышӏэжь | лъышӏэжьэхэм | лъышӏэжьэр | лъышӏэжьэм | лъышӏэжьэкӏэ | лъышӏэжьэхэкӏэ | лъышӏэжьэхыу | лъышӏэжьыу | лъышӏэжьэхэр | лъышӏэжьэхэ | лъышӏэжьэхэмэ | лъышӏэжьэ,accepted
wiktionary-02244,train,true,,wiktionary,2244,lexicon,лъышӏэжьакӏо,revenger,noun,лъышӏэжьакӏо | лъышӏэжьакӏом | лъышӏэжьакӏохэм | лъышӏэжьакӏохыу | лъышӏэжьакӏохэкӏэ | лъышӏэжьакӏохэр | лъышӏэжьакӏокӏэ | лъышӏэжьакӏор | лъышӏэжьакӏоу | лъышӏэжьакӏохэмэ | лъышӏэжьакӏохэ,accepted
wiktionary-02245,train,true,,wiktionary,2245,lexicon,лъышӏэжьын,to reverse,verb,лъышӏэжьын,accepted
wiktionary-02246,train,true,,wiktionary,2246,lexicon,лъыӏэбэн,"to try to reach for something, to attempt to reach for",verb,лъыӏэбэн,accepted
wiktionary-02247,train,true,,wiktionary,2247,lexicon,лъыӏэсын,to reach for,verb,лъыӏэсын,accepted
wiktionary-02248,excluded_benchmark_overlap,false,exact_normalized_input_target_or_variant_overlap_with_benchmark,wiktionary,2248,lexicon,лъэ,leg,noun,лъэ,accepted
wiktionary-02249,test,true,,wiktionary,2249,lexicon,лъэбанэ,"puddle, pool",noun,лъэбанэ,accepted
wiktionary-02250,train,true,,wiktionary,2250,lexicon,лъэбжъанэ,toenail,noun,лъэбжъанэ | лъэбжъанэхыу | лъэбжъанэхэмэ | лъэбжъанэхэ | лъэбжъанэхэм | лъэбжъанэу | лъэбжъанэхэр | лъэбжъанэхэкӏэ | лъэбжъанэм | лъэбжъанэкӏэ | лъэбжъанэр,accepted
wiktionary-02251,train,true,,wiktionary,2251,lexicon,лъэбыӏу,mule (footwear),noun,лъэбыӏу | лъэбыӏуэхэ | лъэбыӏуэкӏэ | лъэбыӏуэм | лъэбыӏуэхэмэ | лъэбыӏуэхэкӏэ | лъэбыӏуэхэм | лъэбыӏуэхэр | лъэбыӏуыу | лъэбыӏуэ | лъэбыӏуэхыу | лъэбыӏуэр,accepted
wiktionary-02252,train,true,,wiktionary,2252,lexicon,лъэгонджэмышъхьэ,kneecap,noun,лъэгонджэмышъхьэ,accepted
wiktionary-02253,train,true,,wiktionary,2253,lexicon,лъэгу,"sole (bottom of the foot or of the shoe) ; floor ; vale, dale",noun,лъэгу | лъэгуэр | лъэгуэм | лъэгуэхэкӏэ | лъэгуэхэр | лъэгуэ | лъэгуэкӏэ | лъэгухыу | лъэгуэхэм | лъэгуэхэмэ | лъэгуэхэ | лъэгуыу,accepted
wiktionary-02254,train,true,,wiktionary,2254,lexicon,лъэгуанджэ,knee,noun,лъэгуанджэ | лъэгуаджэхэкӏэ | лъэгуаджэхыу | лъэгуаджэхэм | лъэгуаджэкӏэ | лъэгуанджэхэ | лъэгуанджэхэм | лъэгуаджэм | лъэгуаджэхэ | лъэгуанджэкӏэ | лъэгуаджэр | лъэгуаджэ | лъэгуанджэу | лъэгуанджэм | лъэгуанджэхэмэ | лъэгуаджэхэмэ | лъэгуанджэхэкӏэ | лъэгуанджэхыу | лъэгуаджэу | лъэгуанджэр | лъэгуаджэхэр | лъэгуанджэхэр,accepted
wiktionary-02255,train,true,,wiktionary,2255,lexicon,лъэгуц,"In front of the entrance, the entrance door ; porch",noun,лъэгуц | лъэгуцхэр | лъэгуцхэ | лъэгуцкӏэ | лъэгуцхэм | лъэгуцм | лъэгуцхэкӏэ | лъэгуцр | лъэгуцу | лъэгуцхэмэ | лъэгуцхыу,accepted
wiktionary-02256,test,true,,wiktionary,2256,lexicon,лъэгъуен,to throw at someone,verb,лъэгъуен,accepted
wiktionary-02257,excluded_benchmark_overlap,false,exact_normalized_input_target_or_variant_overlap_with_benchmark,wiktionary,2257,lexicon,лъэгъун,to see,verb,лъэгъун | жэхэлъэгъон | чӏэлъэгъон | лъылъэгъон | кӏэлъырылъэгъон | зэбгырылъэгъон | кӏоцӏы | ӏу | зэкӏэлъэгъон | лъы | и | кӏэлъыры | шъхьадэлъэгъон | бгъодэ | шъхьапырылъэгъон | бгъодэлъэгъон | шъхьадэ | хэ | зэбгыры | кӏоцӏылъэгъон | те | чӏэ | дэ | дэлъэгъон | го | шъхьапыры | илъэгъон | голъэгъон | ӏулъэгъон | телъэгъон | жэдэлъэгъон | пы | пылъэгъон | зэкӏэ | жэхэ | жэдэ | хэлъэгъон | къо | къолъэгъон,accepted
wiktionary-02258,train,true,,wiktionary,2258,lexicon,лъэгъупхъ,"beautiful (sight, view, visually) ; visually outstanding ; stately",adj,лъэгъупхъ,accepted
wiktionary-02259,validation,true,,wiktionary,2259,lexicon,лъэдакъэ,heel (leg),noun,лъэдакъэ | лъэдакъэхэмэ | лъэдакъэхыу | лъэдакъэм | лъэдакъэхэр | лъэдакъэр | лъэдакъэхэ | лъэдакъэхэкӏэ | лъэдакъэу | лъэдакъэкӏэ | лъэдакъэхэм,accepted
wiktionary-02260,train,true,,wiktionary,2260,lexicon,лъэецуакъо,boots,noun,лъэецуакъо | лъэецуакъохэм | лъэецуакъохэ | лъэецуакъом | лъэецуакъохэкӏэ | лъэецуакъокӏэ | лъэецуакъоу | лъэецуакъохыу | лъэецуакъор | лъэецуакъохэмэ | лъэецуакъохэр,accepted
wiktionary-02261,excluded_benchmark_overlap,false,exact_normalized_input_target_or_variant_overlap_with_benchmark,wiktionary,2261,lexicon,лъэжъуагъ,late,adv,лъэжъуагъ,accepted
wiktionary-02262,train,true,,wiktionary,2262,lexicon,лъэкур,"undersized, shortish, dwarf",noun,лъэкур,accepted
wiktionary-02263,train,true,,wiktionary,2263,lexicon,лъэкъопцӏанэ,"a kick for stumbling someone, a kick to trip over someone",noun,лъэкъопцӏанэ,accepted
wiktionary-02264,train,true,,wiktionary,2264,lexicon,лъэкъорыгъачъэ,bicycle,noun,лъэкъорыгъачъэ | лъэкъорыгъачъэм | лъэкъорыгъачъэкӏэ | лъэкъорыгъачъэхэм | лъэкъорыгъачъэр | лъэкъорыгъачъэу | лъэкъорыгъачъэхэкӏэ | лъэкъорыгъачъэхэ | лъэкъорыгъачъэхыу | лъэкъорыгъачъэхэр | лъэкъорыгъачъэхэмэ,accepted
wiktionary-02265,validation,true,,wiktionary,2265,lexicon,лъэкъуапцӏ,an Arab person,noun,лъэкъуапцӏ | лъэкъуапцӏэхэ | лъэкъуапцӏэхыу | лъэкъуапцӏэ | лъэкъуапцӏэхэкӏэ | лъэкъуапцӏэр | лъэкъуапцӏэхэм | лъэкъуапцӏэкӏэ | лъэкъуапсӏэм | лъэкъуапцӏэм | лъэкъуапсӏ | лъэкъуапсӏэ | лъэкъуапсӏэкӏэ | лъэкъуапсӏэхыу | лъэкъуапцӏыу | лъэкъуапцӏэхэр | лъэкъуапсӏэхэкӏэ | лъэкъуапсӏэхэ | лъэкъуапсӏэхэм | лъэкъуапцӏэхэмэ | лъэкъуапсӏэхэр | лъэкъуапсӏэр | лъэкъуапсӏэхэмэ | лъэкъуапсӏыу,accepted
wiktionary-02266,train,true,,wiktionary,2266,lexicon,лъэкъуасӏэ,name of clan,noun,лъэкъуасӏэ,accepted
wiktionary-02267,validation,true,,wiktionary,2267,lexicon,лъэкъуацӏэ,"family name, surname",noun,лъэкъуацӏэ | лъэкъуацӏэхыу | лъэкъуацӏэхэм | лъэкъуацӏэкӏэ | лъэкъуацӏэхэр | лъэкъуацӏэхэмэ | лъэкъуацӏэр | лъэкъуацӏэм | лъэкъуацӏэу | лъэкъуацӏэхэкӏэ | лъэкъуацӏэхэ,accepted
wiktionary-02268,excluded_benchmark_overlap,false,exact_normalized_input_target_or_variant_overlap_with_benchmark,wiktionary,2268,lexicon,лъэкӏ,capability,noun,лъэкӏ | лъэкӏэхэр | лъэкӏэхэм | лъэкӏэхыу | лъэкӏь | лъэкӏэхэ | лъэкӏэ | лъэкӏэкӏэ | лъэкӏэр | лъэкӏэм | лъэкӏыу | лъэкӏэхэмэ | лъэкӏэхэкӏэ,accepted
wiktionary-02269,excluded_benchmark_overlap,false,exact_normalized_input_target_or_variant_overlap_with_benchmark,wiktionary,2269,lexicon,лъэкӏапӏэ,shin,noun,лъэкӏапӏэ | лъэкӏьапӏэхэмэ | лъэкӏьапӏэхэр | лъэкӏапӏэхыу | лъэкӏапӏэхэм | лъэкӏьапӏэр | лъэкӏапӏэм | лъэкӏьапӏэм | лъэкӏапӏэхэмэ | лъэкӏьапӏэхэкӏэ | лъэкӏьапӏэу | лъэкӏапӏэкӏэ | лъэкӏапӏ | лъэкӏьапӏэкӏэ | лъэкӏьапӏэхэ | лъэкӏапӏэхэр | лъэкӏьапӏэхыу | лъэкӏьапӏэ | лъэкӏапӏэр | лъэкӏьапӏэхэм | лъэкӏапӏэу | лъэкӏапӏэхэкӏэ | лъэкӏапӏэхэ,accepted
wiktionary-02270,train,true,,wiktionary,2270,lexicon,лъэкӏоцӏ,"the inside of a human (insides, guts, intestines, innards)",noun,лъэкӏоцӏ,accepted
wiktionary-02271,train,true,,wiktionary,2271,lexicon,лъэкӏын,"to brush ; to wipe off ; to be able to, to manage to do, to be capable of doing",verb,лъэкӏын,accepted
wiktionary-02272,train,true,,wiktionary,2272,lexicon,лъэкӏэн,ankle,noun,лъэкӏэн | лъэкӏэнэм | лъэкӏэнэ | лъэкӏэныу | лъэкӏэнэкӏэ | лъэкӏэнэхэр | лъэкӏэнэхэмэ | лъэкӏэнэхыу | лъэкӏэнэр | лъэкӏэнэхэм | лъэкӏэнэхэ | лъэкӏэнэхэкӏэ,accepted
wiktionary-02273,train,true,,wiktionary,2273,lexicon,лъэкӏэпӏащ,"bow-legged; bowlegged, bandy-legged",adj,лъэкӏэпӏащ | лъэкӏэпӏащэхэм | лъэкӏэпӏащэхэ | лъэкӏэпӏащэ | лъэкӏэпӏащэм | лъэкӏэпӏащыу | лъэкӏэпӏащэхэкӏэ | лъэкӏэпӏащэхэмэ | лъэкӏэпӏащэр | лъэкӏэпӏащэхыу | лъэкӏэпӏащэкӏэ | лъэкӏэпӏащэхэр,accepted
wiktionary-02274,train,true,,wiktionary,2274,lexicon,лъэмыдж,bridge ; arch,noun,лъэмыдж | лъэмыджэ | лъэмыджэхэ | лъэмыджэм | лъэмыджэхэм | лъэмыджэр | лъэмыджэхэкӏэ | лъэмыджэхыу | лъэмыджэхэр | лъэмыджэкӏэ | лъэмыджэхэмэ | лъэмыджыу,accepted
wiktionary-02275,train,true,,wiktionary,2275,lexicon,лъэн,to jump,verb,лъэн,accepted
wiktionary-02276,train,true,,wiktionary,2276,lexicon,лъэныкъу,one side of ; side,noun,лъэныкъу,accepted
wiktionary-02277,train,true,,wiktionary,2277,lexicon,лъэныкъуащ,"crooked, curved, wry, bent",adj,лъэныкъуащ | лъэныкъуащэкӏэ | лъэныкъуащэхэкӏэ | лъэныкъуащэм | лъэныкъуащэхэмэ | лъэныкъуащэхыу | лъэныкъуащыу | лъэныкъуащэ | лъэныкъуащэхэм | лъэныкъуащэр | лъэныкъуащэхэр | лъэныкъуащэхэ,accepted
wiktionary-02278,train,true,,wiktionary,2278,lexicon,лъэой,staircase ; ladder,noun,лъэой | лъэойэ | лъэойэм | лъэойэхэм | лъэойэхэр | лъэойэхэ | лъэойэр | лъэойэхэкӏэ | лъэойэхыу | лъэойыу | лъэойэкӏэ | лъэойэхэмэ,accepted
wiktionary-02279,test,true,,wiktionary,2279,lexicon,лъэпапцӏэ,tiptoe,noun,лъэпапцӏэ | лъэпапцӏэхэмэ | лъэпапцӏэм | лъэпэпсӏийм | лъэпэпсӏийр | лъэпэпсӏий | лъэпэпсӏийхэ | лъэпэпсӏийхэкӏэ | лъэпапцӏэхэкӏэ | лъэпапцӏэр | лъэпэпсӏийу | лъэпапцӏэкӏэ | лъэпэпсӏийхэмэ | лъэпэпсӏийкӏэ | лъэпапцӏэхэм | лъэпэпсӏийхыу | лъэпэпсӏийхэм | лъэпэпсӏийхэр | лъэпапцӏэхыу | лъэпапцӏэхэр | лъэпапцӏэхэ | лъэпапцӏэу,accepted
wiktionary-02280,test,true,,wiktionary,2280,lexicon,лъэпкъ,"kin (race, kind) ; ethnicity ; ethnic group ; tribe",noun,лъэпкъ | лъэпкъыу | лъэпкъэхэм | лъэпкъэхэкӏэ | лъэпкъэкӏэ | лъэпкъэм | лъэпкъэхыу | лъэпкъэхэмэ | лъэпкъэ | лъэпкъэр | лъэпкъэхэ | лъэпкъэхэр,accepted
wiktionary-02281,train,true,,wiktionary,2281,lexicon,лъэпкъгъэкӏод,genocide,noun,лъэпкъгъэкӏод,accepted
wiktionary-02282,train,true,,wiktionary,2282,lexicon,лъэпкъэгъу,"fellow tribesman ; kinsman, a person from the same kin, kind or race",noun,лъэпкъэгъу | лъэпкъэгъуэкӏэ | лъэпкъэгъуэхэм | лъэпкъэгъуэхэр | лъэпкъэгъуэм | лъэпкъэгъуэхэкӏэ | лъэпкъэгъуэхыу | лъэпкъэгъуэр | лъэпкъэгъуэхэмэ | лъэпкъэгъуэ | лъэпкъэгъуыу | лъэпкъэгъуэхэ,accepted
wiktionary-02283,train,true,,wiktionary,2283,lexicon,лъэпс,shoelace,noun,лъэпс | лъэпсэм | лъэпсэхэр | лъэпсэхэмэ | лъэпсэхыу | лъэпсэхэ | лъэпсэхэм | лъэпсэр | лъэпсэ | лъэпсыу | лъэпсэкӏэ | лъэпсэхэкӏэ,accepted
wiktionary-02284,train,true,,wiktionary,2284,lexicon,лъэпхъабэ,toe (leg),noun,лъэпхъабэ | лъэпхъабэхэ | лъэпхъабэм | лъэпхъабэхэм | лъэпхъабэкӏэ | лъэпхъабэу | лъэпхъабэхыу | лъэпхъабэр | лъэпхъабэхэкӏэ | лъэпхъабэхэр | лъэпхъабэхэмэ,accepted
wiktionary-02285,train,true,,wiktionary,2285,lexicon,лъэпэд,socks,noun,лъэпэд | лъэпэдэхэм | лъэпэдэм | лъэпэдэхэ | лъэпэдэр | лъэпэдэкӏэ | лъэпэдэхэкӏэ | лъэпэдыу | лъэпэдэхэмэ | лъэпэдэхыу | лъэпэдэ | лъэпэдэхэр,accepted
wiktionary-02286,train,true,,wiktionary,2286,lexicon,лъэпэон,to stumble (over),verb,лъэпэон | елъэпэон,accepted
wiktionary-02287,train,true,,wiktionary,2287,lexicon,лъэпӏаӏо,very expensive,adj,лъэпӏаӏо,accepted
wiktionary-02288,validation,true,,wiktionary,2288,lexicon,лъэрмыхьы хъун,to become pregnant,verb,лъэрмыхьы хъун,accepted
wiktionary-02289,train,true,,wiktionary,2289,lexicon,лъэрыгъачъэ,bicycle,noun,лъэрыгъачъэ | лъэрыгъачъэхэр | лъэрыгъачъэхэм | лъэрыгъачъэм | лъэрыгъачъэр | лъэрыгъачъэхыу | лъэрыгъачъэхэмэ | лъэрыгъачъэу | лъэрыгъачъэхэкӏэ | лъэрыгъачъэхэ | лъэрыгъачъэкӏэ,accepted
wiktionary-02290,train,true,,wiktionary,2290,lexicon,лъэрымыхь,pregnant,adj,лъэрымыхь,accepted
wiktionary-02291,test,true,,wiktionary,2291,lexicon,лъэрычъ,skates ; skateboard ; running shoes,noun,лъэрычъ | лъэрычъэ | лъэрычъэхэ | лъэрычъэм | лъэрычъэхэкӏэ | лъэрычъэхыу | лъэрычъэхэм | лъэрычъыу | лъэрычъэкӏэ | лъэрычъэхэмэ | лъэрычъэр | лъэрычъэхэр,accepted
wiktionary-02292,train,true,,wiktionary,2292,lexicon,лъэсы,"unmounted, dismounted, someone that is going on foot",adj,лъэсы,accepted
wiktionary-02293,train,true,,wiktionary,2293,lexicon,лъэсыбэщ,cane; walking stick,noun,лъэсыбэщ | лъэсыбэщэхэкӏэ | лъэсыбэщэр | лъэсыбэщэхэм | лъэсыбэщэкӏэ | лъэсыбэщэм | лъэсыбэщыу | лъэсыбэщэхыу | лъэсыбэщэхэмэ | лъэсыбэщэхэ | лъэсыбэщэ | лъэсыбэщэхэр,accepted
wiktionary-02294,train,true,,wiktionary,2294,lexicon,лъэтэн,to jump up ; to take off; to take flight,verb,лъэтэн,accepted
wiktionary-02295,test,true,,wiktionary,2295,lexicon,лъэубакъу,step,noun,лъэубакъу | лъэбэкъу | хьэлъэбакъу | хьэлъэбакъо | хьэлъэубакъу | лъэбакъу,accepted
wiktionary-02296,train,true,,wiktionary,2296,lexicon,лъэугъуае,staircase ; ladder,noun,лъэугъуае | лъэугъуаехэм | лъэугъуаехэкӏэ | лъэугъуаем | лъэгъуаехэм | лъэгъуаехэмэ | лъэгъуае | лъэгъуаеу | лъэгъуаем | лъэугъуаехэмэ | лъэугъуаехэ | лъэугъуаеу | лъэугъуаекӏэ | лъэгъуаер | лъэгъуаехэкӏэ | лъэгъуаекӏэ | лъэгъуаехыу | лъэугъуаехыу | лъэгъуаехэ | лъэугъуаер | лъэгъуаехэр | лъэугъуаехэр,accepted
wiktionary-02297,train,true,,wiktionary,2297,lexicon,лъэуж,"track ; footprint, footstep",verb,лъэуж,accepted
wiktionary-02298,train,true,,wiktionary,2298,lexicon,лъэужь,what again,pron,лъэужь,accepted
wiktionary-02299,train,true,,wiktionary,2299,lexicon,лъэужьэу,whatever,pron,лъэужьэу,accepted
wiktionary-02300,validation,true,,wiktionary,2300,lexicon,лъэхъан,time ; period ; moment,noun,лъэхъан | лъэхъанэхэмэ | лъэхъанэм | лъэхъанэхэкӏэ | лъэхъанэкӏэ | лъэхъанэхэм | лъэхъанэр | лъэхъанэ | лъэхъанэхэр | лъэхъанэхэ | лъэхъанэхыу | лъэхъаныу,accepted
wiktionary-02301,validation,true,,wiktionary,2301,lexicon,лъэхъаны,season,noun,лъэхъаны | лъэхъаныэхэр | лъэхъаныэ | лъэхъаныэм | лъэхъаныэр | лъэхъаныэхэ | лъэхъаныэхэм | лъэхъаныэхэкӏэ | лъэхъаныыу | лъэхъаныэхыу | лъэхъаныэхэмэ | лъэхъаныэкӏэ,accepted
wiktionary-02302,train,true,,wiktionary,2302,lexicon,лъэхъомбэшх,centipede,noun,лъэхъомбэшх | лъэхъомбэшхыу | лъэхъомбэшхэхэм | лъэхъомбэшхэм | лъэхъомбэшхэ | лъэхъомбэшхэкӏэ | лъэхъомбэшхэр | лъэхъомбэшхэхэр | лъэхъомбэшхэхэкӏэ | лъэхъомбэшхэхыу | лъэхъомбэшхэхэмэ | лъэхъомбэшхэхэ,accepted
wiktionary-02303,train,true,,wiktionary,2303,lexicon,лъэхъуамбэ,toe (leg),noun,лъэхъуамбэ | лъэхъуамбэм | лъэхъуамбэу | лъэхъуамбэхэ | лъэхъуамбэр | лъэхъуамбэхэр | лъэхъуамбэхэм | лъэхъуамбэхэкӏэ | лъэхъуамбэхэмэ | лъэхъуамбэкӏэ | лъэхъуамбэхыу,accepted
wiktionary-02304,train,true,,wiktionary,2304,lexicon,лъэхъэн,to clog ; to hobble,verb,лъэхъэн,accepted
wiktionary-02305,train,true,,wiktionary,2305,lexicon,лъэхьэ,rivulet,noun,лъэхьэ,accepted
wiktionary-02306,train,true,,wiktionary,2306,lexicon,лъэхэнэн,to spare someone of (for example: from a punishment or debt),verb,лъэхэнэн,accepted
wiktionary-02307,train,true,,wiktionary,2307,lexicon,лъэшъун,to drag something around,verb,лъэшъун,accepted
wiktionary-02308,train,true,,wiktionary,2308,lexicon,лъэшы,"strong, powerful ; great ; excellent",adj,лъэшы | лъэш,accepted
wiktionary-02309,train,true,,wiktionary,2309,lexicon,лъэшыдж,pregnant,adj,лъэшыдж,accepted
wiktionary-02310,train,true,,wiktionary,2310,lexicon,лъэшыӏо,very loud,adj,лъэшыӏо,accepted
wiktionary-02311,train,true,,wiktionary,2311,lexicon,лъэшэу,greatly ; powerfully,adv,лъэшэу,accepted
wiktionary-02312,train,true,,wiktionary,2312,lexicon,лъэӏон,"to pray, to beg",verb,лъэӏон,accepted
wiktionary-02313,train,true,,wiktionary,2313,lexicon,лъэӏуакӏо,beggar (A poor person who begs for money),noun,лъэӏуакӏо,accepted
wiktionary-02314,excluded_benchmark_overlap,false,exact_normalized_input_target_or_variant_overlap_with_benchmark,wiktionary,2314,lexicon,лы,meat ; flesh,noun,лы | лыхэм | лыхэр | лым | лыхэкӏэ | лыкӏэ | лыу | лыр | лыхыу | лыхэмэ,accepted
wiktionary-02315,train,true,,wiktionary,2315,lexicon,лыгъон,"to singe, to scorch",verb,лыгъон,accepted
wiktionary-02316,train,true,,wiktionary,2316,lexicon,лыджын,to get tickled,verb,лыджын | мэлыджын | мэлыгьын,accepted
wiktionary-02317,train,true,,wiktionary,2317,lexicon,лыдын,"to light up; to begin to shine ; to shine a little, to shine sometimes",verb,лыдын | къэлыдын,accepted
wiktionary-02318,validation,true,,wiktionary,2318,lexicon,лые,"extra (beyond what is due, usual, expected, or necessary); superfluous, excess, spare ; harm, damage",adj,лые,accepted
wiktionary-02319,train,true,,wiktionary,2319,lexicon,лыкъумэ,luqma (a Circassian snack),noun,лыкъумэ,accepted
wiktionary-02320,validation,true,,wiktionary,2320,lexicon,лымышх,vegetarian,noun,лымышх,accepted
wiktionary-02321,train,true,,wiktionary,2321,lexicon,лыпцэ,muscle,noun,лыпцэ | лыпцэм | лыпцэхэр | лыпцэхыу | лыпцэр | лыпцэхэмэ | лыпцэкӏэ | лыпцэхэкӏэ | лыпцэу | лыпцэхэм | лыпцэхэ,accepted
wiktionary-02322,train,true,,wiktionary,2322,lexicon,лыпцӏэ,"(anatomy) birthmark, mole, melanism, nevus (naevus) (dark spot on the skin)",noun,лыпцӏэ | лыпцӏэхэм | лыпцӏэм | лыпцӏэр | лыпцӏэу | лыпцӏэхэмэ | лыпцӏэкӏэ | лыпцӏэхэр | лыпцӏэхэ | лыпцӏэхэкӏэ | лыпцӏэхыу,accepted
wiktionary-02323,train,true,,wiktionary,2323,lexicon,лыргъужъ,"horny, callous",adj,лыргъужъ,accepted
wiktionary-02324,test,true,,wiktionary,2324,lexicon,лышъутӏэ,beauty spot,noun,лышъутӏэ | лышъутӏэм | лышъутӏэу | лышъутӏэкӏэ | лышъутӏэхэкӏэ | лышъутӏэхэмэ | лышъутӏэхэм | лышъутӏэхыу | лышъутӏэр | лышъутӏэхэ | лышъутӏэхэр,accepted
wiktionary-02325,train,true,,wiktionary,2325,lexicon,лыӏу-лыӏоу,piece by piece,adv,лыӏу-лыӏоу,accepted
wiktionary-02326,train,true,,wiktionary,2326,lexicon,лэблэбый,chickpeas,noun,лэблэбый | лэблэбыйэкӏэ | лэблэбыйэхэ | лэблэбыйэ | лэблэбыйэр | лэблэбыйэхэм | лэблэбыйэхыу | лэблэбыйэхэкӏэ | лэблэбыйэм | лэблэбыйыу | лэблэбыйэхэмэ | лэблэбыйэхэр,accepted
wiktionary-02327,train,true,,wiktionary,2327,lexicon,лэгъу,"peer, contemporary, age-mate (one who is the same age as another)",noun,лэгъу | лэгъухыу | лэгъуэкӏэ | лэгъуэ | лэгъуэхэр | лэгъуэр | лэгъуэхэкӏэ | лэгъуэхэм | лэгъуэхэмэ | лэгъуэм | лэгъуэхэ | лэгъуыу,accepted
wiktionary-02328,train,true,,wiktionary,2328,lexicon,лэгъунэ,room,noun,лэгъунэ | лэгъунэу | лэгъунэр | лэгъунэкӏэ | лэгъунэхэм | лэгъунэхэкӏэ | лэгъунэм | лэгъунэхэр | лэгъунэхыу | лэгъунэхэмэ | лэгъунэхэ,accepted
wiktionary-02329,train,true,,wiktionary,2329,lexicon,лэгъуп,copper boiler,noun,лэгъуп | лэгъупэр | лэгъупэхэ | лэгъупэм | лэгъупэ | лэгъупэкӏэ | лэгъупыу | лэгъупэхэкӏэ | лэгъупэхэм | лэгъупэхэмэ | лэгъупэхэр | лэгъупхыу,accepted
wiktionary-02330,train,true,,wiktionary,2330,lexicon,лэгъупышху,great copper boiler,noun,лэгъупышху | лэгъупышхуэм | лэгъупышхуэкӏэ | лэгъупышхуыу | лэгъупышхуэхэм | лэгъупышхуэхэкӏэ | лэгъупышхуэхэр | лэгъупышхухыу | лэгъупышхуэхэ | лэгъупышхуэ | лэгъупышхуэхэмэ | лэгъупышхуэр,accepted
wiktionary-02331,train,true,,wiktionary,2331,lexicon,лэгъупэкъопс,rainbow,noun,лэгъупэкъопс | лэгъупэкъопсэхэм | лэгъупкъопсэр | лэгъупкъопсэхэкӏэ | лэгъупэкъопсэхэкӏэ | лэгъупэкъопсэ | лэгъупэкъопсэм | лэгъупкъопсэхэм | лэгъупкъопсэм | лэгъупкъопсэхэр | лэгъупкъопсэхэмэ | лэгъупэкъопсэхыу | лэгъупэкъопсэхэмэ | лэгъупкъопсыу | лэгъупэкъопсэхэ | лэгъупэкъопсэр | лэгъупкъопсэхыу | лэгъупкъопсэ | лэгъупэкъопсэхэр | лэгъупэкъопсэкӏэ | лэгъупкъопсэхэ | лэгъупкъопсэкӏэ | лэгъупэкъопсыу | лэгъупкъопс,accepted
wiktionary-02332,train,true,,wiktionary,2332,lexicon,лэджэн,basin,noun,лэджэн | лэгьэн,accepted
wiktionary-02333,train,true,,wiktionary,2333,lexicon,лэжьакӏу,"a person that works a lot, a person that works hard ; a person that works a lot, a person that works hard",adj | noun,лэжьакӏу | лэжьакӏуэкӏэ | лэжьакӏуэхэкӏэ | лэжьакӏуэм | лэжьакӏуэхэм | лэжьакӏухыу | лэжьакӏуэхэр | лэжьакӏуэр | лэжьакӏуэ | лэжьакӏуыу | лэжьакӏуэхэмэ | лэжьакӏуэхэ,accepted
wiktionary-02334,train,true,,wiktionary,2334,lexicon,лэжьын,to cultivate ; to practice (To perform or observe in a habitual fashion),verb,лэжьын,accepted
wiktionary-02335,train,true,,wiktionary,2335,lexicon,лэжьэн,"to work ; to function, to work",verb,лэжьэн,accepted
wiktionary-02336,train,true,,wiktionary,2336,lexicon,лэн,"to color, to paint",verb,лэн,accepted
wiktionary-02337,train,true,,wiktionary,2337,lexicon,лэныстэ,scissors,noun,лэныстэ | лэныстэхэм | лэныстэм | лэныстэр | лэныстэу | лэныстэхыу | лэныстэхэ | лэныстэхэр | лэныстэкӏэ | лэныстэхэмэ | лэныстэхэкӏэ,accepted
wiktionary-02338,validation,true,,wiktionary,2338,lexicon,лӏагъэ,death,noun,лӏагъэ | лӏагъэхэ | лӏагъэхэр | лӏагъэм | лӏагъэкӏэ | лӏагъэхэкӏэ | лӏагъэхыу | лӏагъэхэм | лӏагъэу | лӏагъэхэмэ | лӏагъэр,accepted
wiktionary-02339,train,true,,wiktionary,2339,lexicon,лӏакъо,clan ; kind,noun,лӏакъо,accepted
wiktionary-02340,train,true,,wiktionary,2340,lexicon,лӏапӏэ,death location,adj,лӏапӏэ,accepted
wiktionary-02341,excluded_benchmark_overlap,false,exact_normalized_input_target_or_variant_overlap_with_benchmark,wiktionary,2341,lexicon,лӏы,husband ; man,noun,лӏы | лӏым | лӏыхэмэ | лӏыкӏэ | лӏыхэм | лӏыхэр | лӏыр | лӏыхыу | лӏыхэкӏэ | лӏыу,accepted
wiktionary-02342,train,true,,wiktionary,2342,lexicon,лӏыблан,hero,noun,лӏыблан,accepted
wiktionary-02343,train,true,,wiktionary,2343,lexicon,лӏыгъэ,"bravery, courage ; manliness",noun,лӏыгъэ,accepted
wiktionary-02344,validation,true,,wiktionary,2344,lexicon,лӏыгъэкӏэ,barely ; With great difficulty,adv,лӏыгъэкӏэ,accepted
wiktionary-02345,train,true,,wiktionary,2345,lexicon,лӏыжъы,old man,noun,лӏыжъы | лӏыжъым | лӏыжъыхэмэ | лӏыжъыхэкӏэ | лӏыжъыхэр | лӏыжъыхэм | лӏыжъыр | лӏыжъыкӏэ | лӏыжъыхыу | лӏыжъыу,accepted
wiktionary-02346,train,true,,wiktionary,2346,lexicon,лӏыжъыгъу,old age,noun,лӏыжъыгъу | лӏыжъыгъуыу | лӏыжъыгъуэхэм | лӏыжъыгъуэхэмэ | лӏыжъыгъуэхэр | лӏыжъыгъуэр | лӏыжъыгъуэм | лӏыжъыгъуэхэкӏэ | лӏыжъыгъуэкӏэ | лӏыжъыгъуэ | лӏыжъыгъухыу | лӏыжъыгъуэхэ,accepted
wiktionary-02347,train,true,,wiktionary,2347,lexicon,лӏыжъыпӏ,old age,noun,лӏыжъыпӏ | лӏыжъыпӏыу | лӏыжъыпӏэм | лӏыжъыпӏэхэм | лӏыжъыпӏэр | лӏыжъыпӏэхэр | лӏыжъыпӏэкӏэ | лӏыжъыпӏэхэкӏэ | лӏыжъыпӏэхыу | лӏыжъыпӏэ | лӏыжъыпӏэхэмэ | лӏыжъыпӏэхэ,accepted
wiktionary-02348,train,true,,wiktionary,2348,lexicon,лӏыжъышъ,old age,noun,лӏыжъышъ | лӏыжъышър | лӏыжъышъхэм | лӏыжъышъм | лӏыжъышъхэ | лӏыжъышъхэкӏэ | лӏыжъышъкӏэ | лӏыжъышъу | лӏыжъышъхэмэ | лӏыжъышъхэр | лӏыжъышъхыу,accepted
wiktionary-02349,test,true,,wiktionary,2349,lexicon,лӏыкӏо,"messenger ; mediator, intermediary, negotiator ; legate; ambassador ; delegate; representative",noun,лӏыкӏо | лӏыкӏохэмэ | лӏыкӏоу | лӏыкӏом | лӏыкӏор | лӏыкӏохэм | лӏыкӏокӏэ | лӏыкӏохыу | лӏыкӏохэкӏэ | лӏыкӏохэ | лӏыкӏохэр,accepted
wiktionary-02350,train,true,,wiktionary,2350,lexicon,лӏыкӏын,to die (caused by something),verb,лӏыкӏын,accepted
wiktionary-02351,train,true,,wiktionary,2351,lexicon,лӏымыш,son-in-law,noun,лӏымыш,accepted
wiktionary-02352,validation,true,,wiktionary,2352,lexicon,лӏыукӏ,murderer,noun,лӏыукӏ | лӏыукӏэхэкӏэ | лӏыукӏэхэм | лӏыукӏэ | лӏыукӏэхэмэ | лӏыукӏэм | лӏыукӏэхыу | лӏыукӏэр | лӏыукӏэхэ | лӏыукӏыу | лӏыукӏэхэр | лӏыукӏэкӏэ,accepted
wiktionary-02353,train,true,,wiktionary,2353,lexicon,лӏыхъу,valiant ; hero,adj,лӏыхъу | лӏыхъуэхэ | лӏыхъуэм | лӏыхъуэр | лӏыхъуэхэр | лӏыхъуэхэм | лӏыхъуыу | лӏыхъуэхэмэ | лӏыхъуэхэкӏэ | лӏыхъуэ | лӏыхъуэкӏэ | лӏыхъухыу,accepted
wiktionary-02354,validation,true,,wiktionary,2354,lexicon,лӏыхъужъ,valiant ; hero,adj,лӏыхъужъ | лӏыхъужъэхэкӏэ | лӏыхъужъэ | лӏыхъужъэм | лӏыхъужъэхэм | лӏыхъужъэр | лӏыхъужъэхэмэ | лӏыхъужъэкӏэ | лӏыхъужъыу | лӏыхъужъэхэр | лӏыхъужъэхэ | лӏыхъужъэхыу,accepted
wiktionary-02355,validation,true,,wiktionary,2355,lexicon,лӏышъхьэ,head of; chief,noun,лӏышъхьэ | лӏышъхьэу | лӏышъхьэм | лӏышъхьэхыу | лӏышъхьэхэ | лӏышъхьэкӏэ | лӏышъхьэхэмэ | лӏышъхьэр | лӏышъхьэхэм | лӏышъхьэхэр | лӏышъхьэхэкӏэ,accepted
wiktionary-02356,train,true,,wiktionary,2356,lexicon,лӏыӏо-лӏышъу,masculine appearance,noun,лӏыӏо-лӏышъу | лӏыӏо-лӏышъуэхэр | лӏыӏо-лӏышъуэхэ | лӏыӏо-лӏышъуэм | лӏыӏо-лӏышъуэкӏэ | лӏыӏо-лӏышъуэхэм | лӏыӏо-лӏышъуэхэмэ | лӏыӏо-лӏышъуэхэкӏэ | лӏыӏо-лӏышъухыу | лӏыӏо-лӏышъуэр | лӏыӏо-лӏышъуыу | лӏыӏо-лӏышъуэ,accepted
wiktionary-02357,train,true,,wiktionary,2357,lexicon,лӏэгъу,"death time, time of death",noun,лӏэгъу,accepted
wiktionary-02358,train,true,,wiktionary,2358,lexicon,лӏэгъуаб,widower,noun,лӏэгъуаб | лӏэгъуабэхэр | лӏэгъуабэхэм | лӏэгъуабэм | лӏэгъуабэхыу | лӏэгъуабэхэкӏэ | лӏэгъуабэкӏэ | лӏэгъуабэхэмэ | лӏэгъуабэхэ | лӏэгъуабэ | лӏэгъуабыу | лӏэгъуабэр,accepted
wiktionary-02359,validation,true,,wiktionary,2359,lexicon,лӏэкъолъэш,noble clan,noun,лӏэкъолъэш,accepted
wiktionary-02360,train,true,,wiktionary,2360,lexicon,лӏэкъуацӏэ,"family name, surname",noun,лӏэкъуацӏэ | лӏэкъуацӏэу | лӏэкъуацӏэм | лӏэкъуацӏэхэмэ | лӏэкъуацӏэкӏэ | лӏэкъуацӏэхэ | лӏэкъуацӏэхэр | лӏэкъуацӏэхэм | лӏэкъуацӏэхэкӏэ | лӏэкъуацӏэхыу | лӏэкъуацӏэр,accepted
wiktionary-02361,train,true,,wiktionary,2361,lexicon,лӏэн,to die,verb,лӏэн | шъолӏэ | тызэлӏжьы | малӏэх | олӏэ | уелӏ | къытэлӏх | тэлӏэ | укъысэлӏ | усэлӏ | къышъолӏх | талӏ | салӏ | сызэлӏжьы | шъукъысэлӏ | шъукъытэлӏ | къысэлӏ | шъуелӏ | къытэлӏ | шъузэлӏжьы | узэлӏжьы | къышъолӏ | селӏ | шъуалӏ | мэлӏэн | шъутэлӏ | уалӏ | елӏх | къыолӏх | къысэлӏх | алӏх | сэлӏэ | алӏ | утэлӏ | елӏ | малӏэ | къыолӏ | укъытэлӏ | телӏ | шъусэлӏ,accepted
wiktionary-02362,train,true,,wiktionary,2362,lexicon,лӏэныгъ,death,noun,лӏэныгъ | лӏэныгъэхэмэ | лӏэныгъыу | лӏэныгъэхэ | лӏэныгъэхэм | лӏэныгъэхыу | лӏэныгъэр | лӏэныгъэ | лӏэныгъэхэр | лӏэныгъэм | лӏэныгъэкӏэ | лӏэныгъэхэкӏэ,accepted
wiktionary-02363,excluded_benchmark_overlap,false,exact_normalized_input_target_or_variant_overlap_with_benchmark,wiktionary,2363,lexicon,лӏэу,(archaic or dialectal) what (intangible),pron,лӏэу | лъэу,accepted
wiktionary-02364,test,true,,wiktionary,2364,lexicon,лӏэуж,posterity ; descendants,noun,лӏэуж | лӏэужэр | лӏэужэхэмэ | лӏэужэ | лӏэужыу | лӏэужэхэм | лӏэужэхэр | лӏэужэм | лӏэужэхэ | лӏэужэхэкӏэ | лӏэужэкӏэ | лӏэужэхыу,accepted
wiktionary-02365,train,true,,wiktionary,2365,lexicon,лӏэужыгъо,"the thing one is made of ; kin (from which one is originated), origin kin ; type, variety",noun,лӏэужыгъо | лӏэужьыгъо,accepted
wiktionary-02366,train,true,,wiktionary,2366,lexicon,лӏэшӏэгъу,century (100 years),noun,лӏэшӏэгъу | лӏэшӏэгъуэкӏэ | лӏэшӏэгъуэхэкӏэ | лӏэшӏэгъуэ | лӏэшӏэгъуэхэм | лӏэшӏэгъуыу | лӏэшӏэгъуэр | лӏэшӏэгъуэхэр | лӏэшӏэгъуэхэ | лӏэшӏэгъуэм | лӏэшӏэгъухыу | лӏэшӏэгъуэхэмэ,accepted
wiktionary-02367,train,true,,wiktionary,2367,lexicon,мажьэ,hairbrush,noun,мажьэ | мажьэм | мажьэхэм | мажьэкӏэ | мажьэхыу | мажьэр | мажьэхэ | мажьэхэр | мажьэу | мажьэхэкӏэ | мажьэхэмэ,accepted
wiktionary-02368,excluded_benchmark_overlap,false,exact_normalized_input_target_or_variant_overlap_with_benchmark,wiktionary,2368,lexicon,мазэ,month ; moon,noun,мазэ | мазэм | мазэхэкӏэ | мазэхыу | мазэхэмэ | мазэхэм | мазэкӏэ | мазэу | мазэхэ | мазэр | мазэхэр,accepted
wiktionary-02369,train,true,,wiktionary,2369,lexicon,маис,very sharp ; sharp sword,adj | noun,маис,accepted
wiktionary-02370,test,true,,wiktionary,2370,lexicon,маймун,monkey,noun,маймун,accepted
wiktionary-02371,validation,true,,wiktionary,2371,lexicon,майтэ,axe,noun,майтэ,accepted
wiktionary-02372,train,true,,wiktionary,2372,lexicon,макъэ,voice ; sound (Can also be noise),noun,макъэ | махъэхэкӏэ | махъэм | махъэу | макъэхэ | макъэхэм | махъэхэмэ | макъэхэкӏэ | макъэр | макъэм | макъэхэмэ | махъэхэм | макъэу | махъэхэр | махъэр | махъэ | махъэкӏэ | макъэхыу | махъэхыу | макъэхэр | макъэкӏэ | махъэхэ,accepted
wiktionary-02373,validation,true,,wiktionary,2373,lexicon,макӏэ,(literary) few,adv,макӏэ,accepted
wiktionary-02374,train,true,,wiktionary,2374,lexicon,малхъо,brother-in-law,noun,малхъо | малхъом | малхъоу | малхъокӏэ | малхъохэкӏэ | малхъохэм | малхъохэр | малхъор | малхъохыу | малхъохэмэ | малхъохэ,accepted
wiktionary-02375,train,true,,wiktionary,2375,lexicon,малъхъо,son-in-law ; brother-in-law,noun,малъхъо,accepted
wiktionary-02376,train,true,,wiktionary,2376,lexicon,мамыр,peaceful ; peace,adj | noun,мамыр,accepted
wiktionary-02377,train,true,,wiktionary,2377,lexicon,манэ,penis (body part) ; dick,noun,манэ | манэхэ | манэу | манэм | манэхэкӏэ | манэхэм | манэхыу | манэр | манэкӏэ | манэхэр | манэхэмэ,accepted
wiktionary-02378,test,true,,wiktionary,2378,lexicon,марджэ хъужьын,"far be it, it would be a desecration",phrase,марджэ хъужьын,accepted
wiktionary-02379,train,true,,wiktionary,2379,lexicon,мастэ,needle,noun,мастэ | мастэу | мастэхэм | мастэкӏэ | мастэхыу | мастэхэр | мастэхэ | мастэхэмэ | мастэм | мастэр | мастэхэкӏэ,accepted
wiktionary-02380,test,true,,wiktionary,2380,lexicon,матхъэжьын,to be happy,verb,матхъэжьын,accepted
wiktionary-02381,validation,true,,wiktionary,2381,lexicon,матэ,basket,noun,матэ,accepted
wiktionary-02382,excluded_benchmark_overlap,false,exact_normalized_input_target_or_variant_overlap_with_benchmark,wiktionary,2382,lexicon,мафэ,day,noun,мафэ | мафэр | мафэм | мафэхэкӏэ | мафэу | мафэхэ | мафэхэмэ | мафэкӏэ | мафэхэм | мафэхэр | мафэхыу,accepted
wiktionary-02383,train,true,,wiktionary,2383,lexicon,махълъэ,son-in-law,noun,махълъэ,accepted
wiktionary-02384,train,true,,wiktionary,2384,lexicon,махъсымэ,a Circassian alcoholic drink (Circassian boza),noun,махъсымэ | махъсымэхэм | махъсымэм | махъсымэу | махъсымэхэмэ | махъсымэхэр | махъсымэкӏэ | махъсымэхэкӏэ | махъсымэхыу | махъсымэр | махъсымэхэ,accepted
wiktionary-02385,train,true,,wiktionary,2385,lexicon,махъушэбзу,ostrich,noun,махъушэбзу,accepted
wiktionary-02386,train,true,,wiktionary,2386,lexicon,махъушэчэтыу,cheetah,noun,махъушэчэтыу,accepted
wiktionary-02387,train,true,,wiktionary,2387,lexicon,махъчэ,camel,noun,махъчэ | махъушэхэкӏэ | махъушэхэр | махъушэкӏэ | махъчэкӏэ | махъушэм | махъчэхэр | махъушэхэм | махъчэхэм | махъушэхыу | махъушэу | махъчэм | махъчэхэкӏэ | махъчэхыу | махъушэхэ | махъчэхэ | махъчэхэмэ | махъушэр | махъушэ | махъчэу | махъчэр | махъушэхэмэ,accepted
wiktionary-02388,train,true,,wiktionary,2388,lexicon,махъчэбзу,ostrich,noun,махъчэбзу,accepted
wiktionary-02389,train,true,,wiktionary,2389,lexicon,махь,here take this,intj,махь,accepted
wiktionary-02390,train,true,,wiktionary,2390,lexicon,махэ,"weak, fragile (usually said about objects) ; something not strong, solid durable",adj,махэ,accepted
wiktionary-02391,train,true,,wiktionary,2391,lexicon,мацӏэ,locust ; cricket,noun,мацӏэ | мацӏэхэмэ | мацӏэхэм | мацӏэхэр | мацӏэхыу | мацӏэкӏэ | мацӏэхэ | мацӏэр | мацӏэм | мацӏэу | мацӏэхэкӏэ,accepted
wiktionary-02392,train,true,,wiktionary,2392,lexicon,машинэ,car,noun,машинэ | машинэхэмэ | машинэкӏэ | машинэм | машинэхэм | машинэр | машинэхэ | машинэхэр | машинэхыу | машинэу | машинэхэкӏэ,accepted
wiktionary-02393,train,true,,wiktionary,2393,lexicon,машэ,pit ; grave,noun,машэ | машэхыу | машэхэ | машэм | машэхэр | машэхэкӏэ | машэу | машэхэм | машэр | машэкӏэ | машэхэмэ,accepted
wiktionary-02394,train,true,,wiktionary,2394,lexicon,машӀо хэнэн,"to ignite, to get on fire",verb,машӀо хэнэн,accepted
wiktionary-02395,excluded_benchmark_overlap,false,exact_normalized_input_target_or_variant_overlap_with_benchmark,wiktionary,2395,lexicon,машӏо,fire,noun,машӏо | машӏохэмэ | машӏоу | машӏор | машӏохэ | машӏохэр | машӏохэм | машӏом | машӏокӏэ | машӏохыу | машӏохэкӏэ,accepted
wiktionary-02396,train,true,,wiktionary,2396,lexicon,машӏо гъэкӏосалъэ,fire extinguisher,noun,машӏо гъэкӏосалъэ | машӏо гъэкӏосалъэкӏэ | машӏо гъэкӏосалъэр | машӏо гъэкӏосалъэхэм | машӏо гъэкӏосалъэхэ | машӏо гъэкӏосалъэм | машӏо гъэкӏосалъэхыу | машӏо гъэкӏосалъэхэмэ | машӏо гъэкӏосалъэхэкӏэ | машӏо гъэкӏосалъэу | машӏо гъэкӏосалъэхэр,accepted
wiktionary-02397,train,true,,wiktionary,2397,lexicon,маӏьэ,(Abzakh) few,adv,маӏьэ,accepted
wiktionary-02398,train,true,,wiktionary,2398,lexicon,мин,thousand,num,мин,accepted
wiktionary-02399,train,true,,wiktionary,2399,lexicon,минитӏу,two thousand,num,минитӏу,accepted
wiktionary-02400,train,true,,wiktionary,2400,lexicon,модэ,over there (Visible) ; (colloquial) Used to gain one's attention before making an inquiry or suggestion or when changing the topic of the conversation.,adv | intj,модэ,accepted
wiktionary-02401,train,true,,wiktionary,2401,lexicon,мы,this,det,мы,accepted
wiktionary-02402,train,true,,wiktionary,2402,lexicon,мыгъо,"unfortunate, ill-fated, ill-starred",adj,мыгъо,accepted
wiktionary-02403,train,true,,wiktionary,2403,lexicon,мыгъэ,this year,adv,мыгъэ,accepted
wiktionary-02404,validation,true,,wiktionary,2404,lexicon,мыджыр,introvert ; secluded ; unripe,adj,мыджыр | мыгьыр,accepted
wiktionary-02405,train,true,,wiktionary,2405,lexicon,мыдэ,over here,adv,мыдэ,accepted
wiktionary-02406,train,true,,wiktionary,2406,lexicon,мые,apple,noun,мые | мыекӏэ | мыем | мыехэкӏэ | мыехэм | мыехэмэ | мыехэ | мыехыу | мыер | мыеу | мыехэр,accepted
wiktionary-02407,excluded_benchmark_overlap,false,exact_normalized_input_target_or_variant_overlap_with_benchmark,wiktionary,2407,lexicon,мыжъо,rock ; stone,noun,мыжъо | мыжъохэмэ | мыжъоу | мыжъохыу | мыжъом | мыжъокӏэ | мыжъохэм | мыжъор | мыжъохэкӏэ | мыжъохэ | мыжъохэр,accepted
wiktionary-02408,train,true,,wiktionary,2408,lexicon,мыжъодэбыш,basalt,noun,мыжъодэбыш | мыжъодэбышэ | мыжъодэбышэхэ | мыжъодэбышэкӏэ | мыжъодэбышэм | мыжъодэбышыу | мыжъодэбышэхэкӏэ | мыжъодэбышэр | мыжъодэбышэхэм | мыжъодэбышэхэмэ | мыжъодэбышэхэр | мыжъодэбышэхыу,accepted
wiktionary-02409,train,true,,wiktionary,2409,lexicon,мыжъокӏашъхъ,gravel,noun,мыжъокӏашъхъ | мыжъокӏашъхъыу | мыжъокӏашъхъэхэ | мыжъокӏашъхъэкӏэ | мыжъокӏашъхъэхэр | мыжъокӏашъхъэхэм | мыжъокӏашъхъэхэкӏэ | мыжъокӏашъхъэр | мыжъокӏашъхъэм | мыжъокӏашъхъэхэмэ | мыжъокӏашъхъэ | мыжъокӏашъхъэхыу,accepted
wiktionary-02410,train,true,,wiktionary,2410,lexicon,мыжъуакӏэ,pebble,noun,мыжъуакӏэ | мыжъуакӏэхэм | мыжъуакӏэхыу | мыжъуакӏэхэ | мыжъуакӏэхэкӏэ | мыжъуакӏэу | мыжъуакӏэхэмэ | мыжъуакӏэкӏэ | мыжъуакӏэм | мыжъуакӏэхэр | мыжъуакӏэр,accepted
wiktionary-02411,train,true,,wiktionary,2411,lexicon,мызуэ,rock ; stone,noun,мызуэ | мызуэхэкӏэ | мызуэхыу | мызуэр | мызуэм | мызуэхэм | мызуэкӏэ | мызуэхэмэ | мызуэхэр | мызуэу | мызуэхэ,accepted
wiktionary-02412,excluded_benchmark_overlap,false,exact_normalized_input_target_or_variant_overlap_with_benchmark,wiktionary,2412,lexicon,мыкӏэ,here,adv,мыкӏэ,accepted
wiktionary-02413,train,true,,wiktionary,2413,lexicon,мылъку,"assets, stuff, goods, property, wealth",noun,мылъку | мылъкуэхэм | мылъыкуэхэмэ | мылъыкуэхэкӏэ | мылъыкуэм | мылъкуэм | мылъыкуэ | мылъыкуэкӏэ | мылъыкуэхэр | мылъыкухыу | мылъкухыу | мылъкуэхэ | мылъкуэхэмэ | мылъкуэхэр | мылъкуэ | мылъыкуэхэм | мылъкуэр | мылъкуэкӏэ | мылъыкуэр | мылъыкуэхэ | мылъкуэхэкӏэ | мылъыку | мылъыкуыу | мылъкуыу,accepted
wiktionary-02414,train,true,,wiktionary,2414,lexicon,мылъфыкъо,"unbegotten ; nonuterine son ; stepchild, stepson",noun,мылъфыкъо | мылъфыкъор | мылъфыкъокӏэ | мылъфыкъом | мылъфыкъохэр | мылъфыкъохэкӏэ | мылъфыкъохэ | мылъфыкъохэм | мылъфыкъохыу | мылъфыкъоу | мылъфыкъохэмэ,accepted
wiktionary-02415,excluded_benchmark_overlap,false,exact_normalized_input_target_or_variant_overlap_with_benchmark,wiktionary,2415,lexicon,мылы,ice,noun,мылы | мылыр | мылыхэкӏэ | мылыхэмэ | мылыу | мылыхэм | мылыкӏэ | мылыхэр | мылым | мылыхыу,accepted
wiktionary-02416,test,true,,wiktionary,2416,lexicon,мынэрылъэгъу,invisible,adj,мынэрылъэгъу,accepted
wiktionary-02417,validation,true,,wiktionary,2417,lexicon,мыпытэ,fragile,adj,мыпытэ,accepted
wiktionary-02418,train,true,,wiktionary,2418,lexicon,мыскъар,"jeer, sneer, gibe, mock, mockery, ridicule, derision, scoff, gleek",noun,мыскъар,accepted
wiktionary-02419,train,true,,wiktionary,2419,lexicon,мыст,uh (Space filler or pause during conversation),intj,мыст,accepted
wiktionary-02420,train,true,,wiktionary,2420,lexicon,мысэ,guilty ; culprit,noun,мысэ | мысэхэр | мысэхэмэ | мысэм | мысэхэм | мысэкӏэ | мысэр | мысэхыу | мысэхэ | мысэу | мысэхэкӏэ,accepted
wiktionary-02421,train,true,,wiktionary,2421,lexicon,мытэрэз,"wrong, incorrect",adj,мытэрэз,accepted
wiktionary-02422,validation,true,,wiktionary,2422,lexicon,мыхъатэ,insignificant ; inessential ; unimportant,adj,мыхъатэ,accepted
wiktionary-02423,test,true,,wiktionary,2423,lexicon,мыхъо-мышӏагъэ зехьан,to make trouble ; to wrongdo,verb,мыхъо-мышӏагъэ зехьан,accepted
wiktionary-02424,validation,true,,wiktionary,2424,lexicon,мыхъомышӏ,patchwork,noun,мыхъомышӏ | мыхъомышӏэкӏэ | мыхъомышӏэхэм | мыхъомышӏэхэ | мыхъомышӏэм | мыхъомышӏэхэкӏэ | мыхъомышӏыу | мыхъомышӏэр | мыхъомышӏэхэмэ | мыхъомышӏэ | мыхъомышӏэхэр | мыхъомышӏэхыу,accepted
wiktionary-02425,train,true,,wiktionary,2425,lexicon,мыхъумыбз,hermaphrodite,noun,мыхъумыбз,accepted
wiktionary-02426,train,true,,wiktionary,2426,lexicon,мычӏы,jewel,noun,мычӏы | мычӏым | мычӏыхэмэ | мычӏыкӏэ | мычӏыхэр | мычӏыхэм | мычӏыу | мычӏыр | мычӏыхыу | мычӏыхэкӏэ,accepted
wiktionary-02427,train,true,,wiktionary,2427,lexicon,мышкӏу,acorn,noun,мышкӏу | мышкӏуэр | мышкӏуэхэмэ | мышкӏухыу | мышкӏуэм | мышкӏуэхэр | мышкӏуэхэм | мышкӏуэкӏэ | мышкӏуэхэкӏэ | мышкӏуыу | мышкӏуэ | мышкӏуэхэ,accepted
wiktionary-02428,train,true,,wiktionary,2428,lexicon,мышъэ,bear,noun,мышъэ | мышъэхыу | мышъэм | мышъыпкъэм | мышъыпкъэхэм | мышъэхэм | кӏэхэкӏынхэкӏэ | мышъэхэр | кӏэхэкӏынхэм | мышъыпкъэ | кӏэхэкӏыну | мышъыпкъэхэр | кӏэхэкӏынхэ | мышъыпкъэхэмэ | кӏэхэкӏынм | кӏэхэкӏынхыу | кӏэхэкӏын | мышъыпкъэхэ | мышъэхэмэ | мышъыпкъэу | мышъэхэ | кӏэхэкӏынхэр | мышъыпкъэхэкӏэ | мышъыпкъэхыу | мышъэхэкӏэ | мышъыпкъэр | кӏэхэкӏынкӏэ | кӏэхэкӏынхэмэ | кӏэхэкӏынр | мышъэу | мышъэр | мышъыпкъэкӏэ | мышъэкӏэ,accepted
wiktionary-02429,train,true,,wiktionary,2429,lexicon,мышъэ шъабэ,teddy bear,noun,мышъэ шъабэ | мышъэ шъабэхэкӏэ | мышъэ шъабэкӏэ | мышъэ шъабэхэм | мышъэ шъабэм | мышъэ шъабэхыу | мышъэ шъабэр | мышъэ шъабэхэмэ | мышъэ шъабэхэр | мышъэ шъабэу | мышъэ шъабэхэ,accepted
wiktionary-02430,train,true,,wiktionary,2430,lexicon,мыщгъум,this time,adv,мыщгъум,accepted
wiktionary-02431,train,true,,wiktionary,2431,lexicon,мыщыгъу,"saltless, something that is not salty",adj,мыщыгъу,accepted
wiktionary-02432,validation,true,,wiktionary,2432,lexicon,мыӏуш,silly; foolish,adj,мыӏуш,accepted
wiktionary-02433,train,true,,wiktionary,2433,lexicon,мыӏэрыс,apple,noun,мыӏэрыс | мыӏэрысэхыу | мыӏэрысэм | мыӏэрысэхэкӏэ | мыӏэрысыу | мыӏэрысэхэм | мыӏэрысэкӏэ | мыӏэрысэ | мыӏэрысэхэмэ | мыӏэрысэхэ | мыӏэрысэр | мыӏэрысэхэр,accepted
wiktionary-02434,test,true,,wiktionary,2434,lexicon,мыӏэрысэпсы,apple juice,noun,мыӏэрысэпсы | мыӏэрысэпсыхэр | мыӏэрысэпсыхэмэ | мыӏэрысэпсым | мыӏэрысэпсыу | мыӏэрысэпсыр | мыӏэрысэпсыкӏэ | мыӏэрысэпсыхэм | мыӏэрысэпсыхэкӏэ | мыӏэрысэпсыхыу | мыӏэрысэпсыхэ,accepted
wiktionary-02435,train,true,,wiktionary,2435,lexicon,мэ,smell,noun,мэ,accepted
wiktionary-02436,train,true,,wiktionary,2436,lexicon,мэбагъо,it abounds,verb,мэбагъо,accepted
wiktionary-02437,train,true,,wiktionary,2437,lexicon,мэбэгъон,"to multiply, to become bigger (in numbers) ; to breed",verb,мэбэгъон,accepted
wiktionary-02438,train,true,,wiktionary,2438,lexicon,мэгъуен,to be throwing stuff,verb,мэгъуен | гъуен,accepted
wiktionary-02439,train,true,,wiktionary,2439,lexicon,мэгъушъыжъын,to dry,verb,мэгъушъыжъын,accepted
wiktionary-02440,train,true,,wiktionary,2440,lexicon,мэдрэ,this other,det,мэдрэ,accepted
wiktionary-02441,train,true,,wiktionary,2441,lexicon,мэдрэр,(absolutive case) this other,pron,мэдрэр,accepted
wiktionary-02442,train,true,,wiktionary,2442,lexicon,мэзагъо,moonlight,noun,мэзагъо | мэзагъокӏэ | мэзагъохэм | мэзагъор | мэзагъоу | мэзагъом | мэзагъохыу | мэзагъохэмэ | мэзагъохэкӏэ | мэзагъохэр | мэзагъохэ,accepted
wiktionary-02443,train,true,,wiktionary,2443,lexicon,мэзай,February,noun,мэзай | мэзайэм | мэзайэхэ | мэзайэкӏэ | мэзайэхэм | мэзайыу | мэзайэ | мэзайэхыу | мэзайэхэр | мэзайэр | мэзайэхэмэ | мэзайэхэкӏэ,accepted
wiktionary-02444,test,true,,wiktionary,2444,lexicon,мэзахэ,darkness,noun,мэзахэ,accepted
wiktionary-02445,train,true,,wiktionary,2445,lexicon,мэзпчэн,deer ; roebuck ; mountain goat,noun,мэзпчэн | мэзыпчэн,accepted
wiktionary-02446,train,true,,wiktionary,2446,lexicon,мэзчэт,Black partridge (bird) ; pheasant,noun,мэзчэт | мэзкьэтэхэкӏэ | мэзкьэт | мэзкьэтэкӏэ | мэзкьэтэр | мэзкьэтэм | мэзкьэтэхыу | мэзкьэтэхэм | мэзкьэтэхэр | мэзкьэтэхэ | мэзкьэтыу | мэзкьэтэ | мэзкьэтэхэмэ,accepted
wiktionary-02447,train,true,,wiktionary,2447,lexicon,мэзчэтыу,leopard ; wildcat,noun,мэзчэтыу,accepted
wiktionary-02448,excluded_benchmark_overlap,false,exact_normalized_input_target_or_variant_overlap_with_benchmark,wiktionary,2448,lexicon,мэзы,forest,noun,мэзы | мэзыр | мэзэ | мэзэхэ | мэзэхыу | мэзым | мэзыхэм | мэзэм | мэзыхэмэ | мэзыхыу | мэзыкӏэ | мэзэр | мэзэхэр | мэзэхэм | мэзэхэмэ | мэзыхэр | мэзэкӏэ | мэз | мэзэхэкӏэ | мэзыхэкӏэ | мэзыу,accepted
wiktionary-02449,train,true,,wiktionary,2449,lexicon,мэзыкъу,wild boar,noun,мэзыкъу | мэзыкъуэхэкӏэ | мэзыкъуэкӏэ | мэзыкъухыу | мэзыкъуэхэм | мэзыкъуыу | мэзыкъуэм | мэзыкъуэр | мэзыкъуэ | мэзыкъуэхэмэ | мэзыкъуэхэ | мэзыкъуэхэр,accepted
wiktionary-02450,train,true,,wiktionary,2450,lexicon,мэзэбэлыдж,turnip,noun,мэзэбэлыдж | мэзэбэлыджэхыу | мэзэбэлыджэхэмэ | мэзэбэлыджэ | мэзэбэлыджэм | мэзэбэлыджыу | мэзэбэлыджэхэкӏэ | мэзэбэлыджэхэм | мэзэбэлыджэхэ | мэзэбэлыджэхэр | мэзэбэлыджэр | мэзэбэлыджэкӏэ,accepted
wiktionary-02451,train,true,,wiktionary,2451,lexicon,мэзэгъэн,to get along,verb,мэзэгъэн,accepted
wiktionary-02452,validation,true,,wiktionary,2452,lexicon,мэзэзэн,(to) it shakes,verb,мэзэзэн,accepted
wiktionary-02453,train,true,,wiktionary,2453,lexicon,мэкъамэ,"melody, tune ; intonation",noun,мэкъамэ | мэкъамэхэр | мэкъамэхыу | мэкъамэхэмэ | мэкъамэр | мэкъамэм | мэкъамэхэ | мэкъамэхэкӏэ | мэкъамэхэм | мэкъамэу | мэкъамэкӏэ,accepted
wiktionary-02454,excluded_benchmark_overlap,false,exact_normalized_input_target_or_variant_overlap_with_benchmark,wiktionary,2454,lexicon,мэкъу,hay,noun,мэкъу | мэкъухыу | мэкъухэмэ | мэкъухэм | мэкъухэ | мэкъухэкӏэ | мэкъухэр | мэкъукӏэ | мэкъумкӏэ | мэкъур | мэкъум | мэкъуу,accepted
wiktionary-02455,train,true,,wiktionary,2455,lexicon,мэкъу-мэщ,"agricultural, farming",noun,мэкъу-мэщ,accepted
wiktionary-02456,train,true,,wiktionary,2456,lexicon,мэкъумэщышӏ,peasant,noun,мэкъумэщышӏ,accepted
wiktionary-02457,train,true,,wiktionary,2457,lexicon,мэкъуогъумаз,June,noun,мэкъуогъумаз | мэкъуогъумазэхыу | мэкъуогъумазэхэм | мэкъуогъумазэхэ | мэкъуогъумазэм | мэкъуогъумазэ | мэкъуогъумазэхэкӏэ | мэкъуогъумазэкӏэ | мэкъуогъумазэхэр | мэкъуогъумазэхэмэ | мэкъуогъумазэр | мэкъуогъумазыу,accepted
wiktionary-02458,train,true,,wiktionary,2458,lexicon,мэкъупӏ,meadow ; grassland,noun,мэкъупӏ | мэкъупӏэхыу | мэкъупӏэхэр | мэкъупӏэкӏэ | мэкъупӏэр | мэкъупӏэм | мэкъупӏэхэмэ | мэкъупӏэхэкӏэ | мэкъупӏэхэм | мэкъупӏэ | мэкъупӏыу | мэкъупӏэхэ,accepted
wiktionary-02459,train,true,,wiktionary,2459,lexicon,мэкъэкъащ,antenna,noun,мэкъэкъащ | мэкъэкъащэкӏэ | мэкъэкъащэм | мэкъэкъащэхыу | мэкъэкъащэхэ | мэкъэкъащэ | мэкъэкъащэхэм | мэкъэкъащэхэкӏэ | мэкъэкъащэхэмэ | мэкъэкъащэхэр | мэкъэкъащыу | мэкъэкъащэр,accepted
wiktionary-02460,train,true,,wiktionary,2460,lexicon,мэкъэркъэтэн,"to tremble, to quake, to shake",verb,мэкъэркъэтэн,accepted
wiktionary-02461,test,true,,wiktionary,2461,lexicon,мэкӏосэн,to be extinguished ; light to be turned off ; to be turned off,verb,мэкӏосэн,accepted
wiktionary-02462,validation,true,,wiktionary,2462,lexicon,мэкӏошъэн,to sneak up,verb,мэкӏошъэн | кӏошъэн,accepted
wiktionary-02463,validation,true,,wiktionary,2463,lexicon,мэлакӏэ лӏэн,"to starve (To be very hungry, to die from hunger).",verb,мэлакӏэ лӏэн,accepted
wiktionary-02464,train,true,,wiktionary,2464,lexicon,мэлахъо,"shepherd, sheep herdsman",noun,мэлахъо | мэлахъокӏэ | мэлахъом | мэлахъохэкӏэ | мэлахъохэм | мэлахъохэмэ | мэлахъохэ | мэлахъор | мэлахъоу | мэлахъохыу | мэлахъохэр,accepted
wiktionary-02465,train,true,,wiktionary,2465,lexicon,мэлхъогъ,A man's wife's sister's husband.,noun,мэлхъогъ | мэлхъогъэхэр | мэлхъогъэхыу | мэлхъогъыу | мэлхъогъэкӏэ | мэлхъогъэхэмэ | мэлхъогъэм | мэлхъогъэ | мэлхъогъэхэ | мэлхъогъэхэм | мэлхъогъэхэкӏэ | мэлхъогъэр,accepted
wiktionary-02466,train,true,,wiktionary,2466,lexicon,мэлъэхъу,trot,noun,мэлъэхъу | мэлъэхъуэхэ | мэлъэхъуэр | мэлъэхъуэм | мэлъэхъуэхэкӏэ | мэлъэхъуэхэм | мэлъэхъухыу | мэлъэхъуыу | мэлъэхъуэхэр | мэлъэхъуэхэмэ | мэлъэхъуэ | мэлъэхъуэкӏэ,accepted
wiktionary-02467,excluded_benchmark_overlap,false,exact_normalized_input_target_or_variant_overlap_with_benchmark,wiktionary,2467,lexicon,мэлы,sheep,noun,мэлы | мэлэ | мэлыу | мэлэхэм | мэлэхэр | мэл | мэлэм | мэлэхэкӏэ | мэлэр | мэлэкӏэ | мэлэхыу | мэлэхэмэ | мэлэхэ,accepted
wiktionary-02468,train,true,,wiktionary,2468,lexicon,мэлыл,lamb,noun,мэлыл | мэлылэр | мэлылэхыу | мэлылэхэр | мэлылэкӏэ | мэлылэм | мэлылэхэм | мэлылэхэмэ | мэлылэхэ | мэлылыу | мэлылэхэкӏэ | мэлылэ,accepted
wiktionary-02469,train,true,,wiktionary,2469,lexicon,мэлылъфэгъумаз,April,noun,мэлылъфэгъумаз | мэлылъфэгъумазэ | мэлылъфэгъумазэкӏэ | мэлылъфэгъумазэхэкӏэ | мэлылъфэгъумазыу | мэлылъфэгъумазэр | мэлылъфэгъумазэхыу | мэлылъфэгъумазэхэмэ | мэлылъфэгъумазэм | мэлылъфэгъумазэхэр | мэлылъфэгъумазэхэм | мэлылъфэгъумазэхэ,accepted
wiktionary-02470,train,true,,wiktionary,2470,lexicon,мэлыхъогъу,shepherd's companion,noun,мэлыхъогъу,accepted
wiktionary-02471,train,true,,wiktionary,2471,lexicon,мэлэкӏэн,to be hungry,verb,мэлэкӏэн,accepted
wiktionary-02472,train,true,,wiktionary,2472,lexicon,мэлэлэн,to be loosed (freed),verb,мэлэлэн | лэлэн,accepted
wiktionary-02473,train,true,,wiktionary,2473,lexicon,мэмэхъэшэн,to be disgusted,verb,мэмэхъэшэн,accepted
wiktionary-02474,train,true,,wiktionary,2474,lexicon,мэмэхын,"to faint, to pass out, to swoon, to keel over",verb,мэмэхын,accepted
wiktionary-02475,train,true,,wiktionary,2475,lexicon,мэон,"to get destroyed, to get ruined ; (slang) to go all out and do something straightforward that might be embarrassing ; (slang) something to be really noticeable to the point you can't ignore it ; to hit",verb,мэон,accepted
wiktionary-02476,train,true,,wiktionary,2476,lexicon,мэплъын,to be heated,verb,мэплъын,accepted
wiktionary-02477,train,true,,wiktionary,2477,lexicon,мэплъэн,to look,verb,мэплъэн,accepted
wiktionary-02478,train,true,,wiktionary,2478,lexicon,мэпрэзэн,to get dizzy,verb,мэпрэзэн | прэзэн,accepted
wiktionary-02479,excluded_review_required,false,missing_target_text,wiktionary,2479,lexicon,мэпхъэпхъэн,,,мэпхъэпхъэн,review_required
wiktionary-02480,train,true,,wiktionary,2480,lexicon,мэпщэн,to be defeated,verb,мэпщэн,accepted
wiktionary-02481,train,true,,wiktionary,2481,lexicon,мэпыджэн,"to strike with pointy things, to stab (Usually done to annoy or bug someone thus it can also be to bug someone)",verb,мэпыджэн | мэпыгьэн,accepted
wiktionary-02482,excluded_benchmark_overlap,false,exact_normalized_input_target_or_variant_overlap_with_benchmark,wiktionary,2482,lexicon,мэр,(absolutive case) this (right here),pron,мэр,accepted
wiktionary-02483,train,true,,wiktionary,2483,lexicon,мэракӏуапцӏэ,blackberry,noun,мэракӏуапцӏэ | мэракӏуапцӏэхэмэ | мэракӏуапцӏэхэкӏэ | мэракӏуапцӏэхэм | мэракӏуапцӏэм | мэракӏуапцӏэу | мэракӏуапцӏэхыу | мэракӏуапцӏэр | мэракӏуапцӏэхэр | мэракӏуапцӏэкӏэ | мэракӏуапцӏэхэ,accepted
wiktionary-02484,validation,true,,wiktionary,2484,lexicon,мэстэ гъуанэм ригъэкӏын,to attempt to do something as perfect as possible,phrase,мэстэ гъуанэм ригъэкӏын,accepted
wiktionary-02485,validation,true,,wiktionary,2485,lexicon,мэсэкъатын,"to become out of order, to be ruined (usually machines)",verb,мэсэкъатын,accepted
wiktionary-02486,train,true,,wiktionary,2486,lexicon,мэсэн,to be trained ; to be taught how to behave well.,verb,мэсэн,accepted
wiktionary-02487,train,true,,wiktionary,2487,lexicon,мэтазэ,mataza: a kind of dumpling eaten in Circassia.,noun,мэтазэ | мэтазэхыу | мэтазэр | мэтазэм | мэтазэкӏэ | мэтазэхэм | мэтазэу | мэтазэхэ | мэтазэхэмэ | мэтазэхэкӏэ | мэтазэхэр,accepted
wiktionary-02488,train,true,,wiktionary,2488,lexicon,мэтэкхъуайэ,Circassian cheese,noun,мэтэкхъуайэ | мэтэкхъуайэм | мэтэкхъуайэхэр | мэтэкхъуайэу | мэтэкхъуайэхэмэ | мэтэкхъуайэкӏэ | мэтэкхъуайэхэм | мэтэкхъуайэхэ | мэтэкхъуайэр | мэтэкхъуайэхэкӏэ | мэтэкхъуайэхыу,accepted
wiktionary-02489,validation,true,,wiktionary,2489,lexicon,мэтэкъон,to crumble,verb,мэтэкъон,accepted
wiktionary-02490,train,true,,wiktionary,2490,lexicon,мэтэн,to vote ; to pay,verb,мэтэн,accepted
wiktionary-02491,test,true,,wiktionary,2491,lexicon,мэтӏатӏэ,dripping,verb,мэтӏатӏэ,accepted
wiktionary-02492,validation,true,,wiktionary,2492,lexicon,мэтӏыгъо,comb ; Curly (become) (hair) ; ripen,adj,мэтӏыгъо,accepted
wiktionary-02493,train,true,,wiktionary,2493,lexicon,мэтӏыгъон,to ripen,verb,мэтӏыгъон,accepted
wiktionary-02494,train,true,,wiktionary,2494,lexicon,мэтӏэрэхьын,to roll around,verb,мэтӏэрэхьын | тӏэрэхьын,accepted
wiktionary-02495,excluded_benchmark_overlap,false,exact_normalized_input_target_or_variant_overlap_with_benchmark,wiktionary,2495,lexicon,мэу,here,adv,мэу,accepted
wiktionary-02496,validation,true,,wiktionary,2496,lexicon,мэубэтэн,"to be completely broken, to be destroyed, to be shattered,",verb,мэубэтэн,accepted
wiktionary-02497,train,true,,wiktionary,2497,lexicon,мэузын,to feel pain or to ache in a specific part of the body,verb,мэузын | узын,accepted
wiktionary-02498,train,true,,wiktionary,2498,lexicon,мэукӏын,to be killed,verb,мэукӏын,accepted
wiktionary-02499,train,true,,wiktionary,2499,lexicon,мэулэлэн,to hang and bounce (freely),verb,мэулэлэн | улэлэн,accepted
wiktionary-02500,test,true,,wiktionary,2500,lexicon,мэунэхъун,to be ruined,verb,мэунэхъун | унэхъун,accepted
wiktionary-02501,train,true,,wiktionary,2501,lexicon,мэухын,"to run out, to get finished",verb,мэухын,accepted
wiktionary-02502,train,true,,wiktionary,2502,lexicon,мэушъы,trot,noun,мэушъы | мэушъыэхэр | мэушъыэкӏэ | мэушъыэм | мэушъыыу | мэушъыэ | мэушъыэхэмэ | мэушъыэхэкӏэ | мэушъыэхэм | мэушъыэхэ | мэушъыхыу | мэушъыэр,accepted
wiktionary-02503,train,true,,wiktionary,2503,lexicon,мэушӏоин,to become dirty ; to get deleted,verb,мэушӏоин,accepted
wiktionary-02504,train,true,,wiktionary,2504,lexicon,мэуэн,"to be hitting ; to be destroyed, to be ruined. ; to play music ; to shoot",verb,мэуэн,accepted
wiktionary-02505,train,true,,wiktionary,2505,lexicon,мэуӏэн,to get wounded,verb,мэуӏэн,accepted
wiktionary-02506,train,true,,wiktionary,2506,lexicon,мэфэзакъу,Saturday,noun,мэфэзакъу | мэфэзакъуэхэм | мэфэзакъуэ | мэфэзакъуэхыу | мэфэзакъуэхэ | мэфэзакъуэхэкӏэ | мэфэзакъуыу | мэфэзакъуэкӏэ | мэфэзакъуэхэмэ | мэфэзакъуэм | мэфэзакъуэр | мэфэзакъуэхэр,accepted
wiktionary-02507,train,true,,wiktionary,2507,lexicon,мэфэку,Thursday,noun,мэфэку | мэфэкуэхэр | мэфэкуэхэм | мэфэкуэкӏэ | мэфэкуэм | мэфэкуыу | мэфэкуэхэкӏэ | мэфэкуэхэ | мэфэкуэр | мэфэкуэхыу | мэфэкуэ | мэфэкуэхэмэ,accepted
wiktionary-02508,train,true,,wiktionary,2508,lexicon,мэфэкӏ,holiday,noun,мэфэкӏ,accepted
wiktionary-02509,excluded_benchmark_overlap,false,exact_normalized_input_target_or_variant_overlap_with_benchmark,wiktionary,2509,lexicon,мэфэл,long time,noun,мэфэл,accepted
wiktionary-02510,train,true,,wiktionary,2510,lexicon,мэхагъ,"fragility, frailness, frailty",noun,мэхагъ | мэхагъэхэр | мэхагъэхэ | мэхагъэ | мэхагъэм | мэхагъыу | мэхагъэхыу | мэхагъэхэмэ | мэхагъэр | мэхагъэкӏэ | мэхагъэхэкӏэ | мэхагъэхэм,accepted
wiktionary-02511,train,true,,wiktionary,2511,lexicon,мэхапӏэ,"place of weakness, location that has weakness ; weak spot",noun,мэхапӏэ | мэхапӏэхэм | мэхапӏэу | мэхапӏэкӏэ | мэхапӏэм | мэхапӏэхыу | мэхапӏэхэ | мэхапӏэхэмэ | мэхапӏэхэкӏэ | мэхапӏэр | мэхапӏэхэр,accepted
wiktionary-02512,train,true,,wiktionary,2512,lexicon,мэхъаджэ,murderer ; criminal ; cruel,noun | adj,мэхъаджэ | мэхъаджэу | мэхъаджэхэм | мэхъаджэхэмэ | мэхъагьэхэкӏэ | мэхъагьэхыу | мэхъагьэм | мэхъаджэм | мэхъагьэкӏэ | мэхъагьэхэ | мэхъаджэхэ | мэхъаджэхэкӏэ | мэхъагьэу | мэхъаджэкӏэ | мэхъаджэхэр | мэхъагьэхэм | мэхъагьэхэр | мэхъагьэ | мэхъагьэхэмэ | мэхъаджэхыу | мэхъагьэр | мэхъаджэр,accepted
wiktionary-02513,train,true,,wiktionary,2513,lexicon,мэхъут,"permitted, allowed, lawful, permissible",verb,мэхъут,accepted
wiktionary-02514,train,true,,wiktionary,2514,lexicon,мэхъшэбзыу,ostrich,noun,мэхъшэбзыу | махъшэбзу,accepted
wiktionary-02515,test,true,,wiktionary,2515,lexicon,мэхъэшэн,to be fastidious/squeamish,verb,мэхъэшэн,accepted
wiktionary-02516,train,true,,wiktionary,2516,lexicon,мэхьанэ,meaning,noun,мэхьанэ | мыхьэнэ,accepted
wiktionary-02517,test,true,,wiktionary,2517,lexicon,мэхэр,(absolutive case) these: these people or things right here,pron,мэхэр,accepted
wiktionary-02518,validation,true,,wiktionary,2518,lexicon,мэцӏэтхъун,to get a scratch,verb,мэцӏэтхъун,accepted
wiktionary-02519,train,true,,wiktionary,2519,lexicon,мэшто,like this,adv,мэшто,accepted
wiktionary-02520,train,true,,wiktionary,2520,lexicon,мэшъухъугъон,to be jealous,verb,мэшъухъугъон,accepted
wiktionary-02521,test,true,,wiktionary,2521,lexicon,мэшӏоку,train ; (literally) firewagon,noun,мэшӏоку | мэшӏокуэкӏэ | мэшӏокуэ | мэшӏокуэхэмэ | мэшӏокуэхэкӏэ | мэшӏокуэм | мэшӏокуэр | мэшӏокуэхэм | мэшӏокуэхэр | мэшӏокуыу | мэшӏокуэхэ | мэшӏокухыу,accepted
wiktionary-02522,train,true,,wiktionary,2522,lexicon,мэшӏотхъуабз,flame ; blaze,noun,мэшӏотхъуабз | мэшӏотхъуабзэ | мэшӏотхъуабзэхэкӏэ | мэшӏотхъуабзэхэм | мэшӏотхъуабзэхэ | мэшӏотхъуабзэхэмэ | мэшӏотхъуабзыу | мэшӏотхъуабзэм | мэшӏотхъуабзэр | мэшӏотхъуабзэкӏэ | мэшӏотхъуабзэхэр | мэшӏотхъуабзэхыу,accepted
wiktionary-02523,train,true,,wiktionary,2523,lexicon,мэшӏощыхъу,match,adj,мэшӏощыхъу,accepted
wiktionary-02524,train,true,,wiktionary,2524,lexicon,мэшӏуахь,firefly,noun,мэшӏуахь | мэшӏуахьэхыу | мэшӏуахьэкӏэ | мэшӏуахьэхэмэ | мэшӏуахьэм | мэшӏуахьэхэр | мэшӏуахьэхэкӏэ | мэшӏуахьэхэм | мэшӏуахьэхэ | мэшӏуахьыу | мэшӏуахьэр | мэшӏуахьэ,accepted
wiktionary-02525,train,true,,wiktionary,2525,lexicon,мэшӏуач,spark of fire ; match (to ignite fire with) ; torch,noun,мэшӏуач,accepted
wiktionary-02526,train,true,,wiktionary,2526,lexicon,мэшӏуащэ,(Abzakh) Alternative form of мэшӏуач (măṣ̂°āč),noun,мэшӏуащэ | мэшӏуащэм | мэшӏуащэхэр | мэшӏуащэхэ | мэшӏуащэр | мэшӏуащэхэм | мэшӏуащэу | мэшӏуащэкӏэ | мэшӏуащэхэкӏэ | мэшӏуащэхыу | мэшӏуащэхэмэ,accepted
wiktionary-02527,train,true,,wiktionary,2527,lexicon,мэщы,millet,noun,мэщы | мэщым | мэщыкӏэ | мэщыр | мэщыхэмэ | мэщыхэкӏэ | мэщыу | мэщыхыу | мэщыхэр | мэщыхэм,accepted
wiktionary-02528,test,true,,wiktionary,2528,lexicon,мэӏу,fully filled ; shield,adj | noun,мэӏу,accepted
wiktionary-02529,test,true,,wiktionary,2529,lexicon,набгъу,nest ; quail,noun,набгъу | набгъуыу | набгъуэм | набгъуэхэ | набгъуэ | набгъуэхэкӏэ | набгъуэхэм | набгъухыу | набгъуэкӏэ | набгъуэхэр | набгъуэр | набгъуэхэмэ,accepted
wiktionary-02530,train,true,,wiktionary,2530,lexicon,набгъэ,myopic (having bad eye-sight),adj,набгъэ,accepted
wiktionary-02531,train,true,,wiktionary,2531,lexicon,назэ,"squint-eyed, cross-eyed",adj,назэ | назэхэ | назэу | назэм | назэкӏэ | назэхэмэ | назэхэм | назэхыу | назэр | назэхэкӏэ | назэхэр,accepted
wiktionary-02532,validation,true,,wiktionary,2532,lexicon,накӏэ,wink (a blinking of only one eye),noun,накӏэ | накӏэхэм | накӏэхэкӏэ | накӏэхэр | накӏэхыу | накӏэм | накӏэхэмэ | накӏэу | накӏэхэ | накӏэр | накӏэкӏэ,accepted
wiktionary-02533,train,true,,wiktionary,2533,lexicon,налкъут,emerald,noun,налкъут | налкъутэхэр | налкъутэм | налкъутэхэм | налкъутэкӏэ | налкъутэхыу | налкъутэхэкӏэ | налкъутэ | налкъутэр | налкъутэхэмэ | налкъутыу | налкъутэхэ,accepted
wiktionary-02534,train,true,,wiktionary,2534,lexicon,налъэ,"unit (slice, piece)",noun,налъэ | налъэхыу | налъэм | налъэу | налъэкӏэ | налъэр | налъэхэм | налъэхэмэ | налъэхэр | налъэхэ | налъэхэкӏэ,accepted
wiktionary-02535,train,true,,wiktionary,2535,lexicon,налэ,horseshoe,noun,налэ | налэр | налэм | налэхэм | налэхыу | налэкӏэ | налэхэр | налэхэмэ | налэхэкӏэ | налэу | налэхэ,accepted
wiktionary-02536,train,true,,wiktionary,2536,lexicon,нану,baby,noun,нану,accepted
wiktionary-02537,test,true,,wiktionary,2537,lexicon,наныу,"baby, infant",noun,наныу | наныуэр | наныуэхэкӏэ | наныуэкӏэ | наныуэм | наныуыу | наныуэхэм | наныухыу | наныуэхэ | наныуэхэр | наныуэхэмэ | наныуэ,accepted
wiktionary-02538,train,true,,wiktionary,2538,lexicon,нао,a bit (few) (Abzakh dialect),adv,нао,accepted
wiktionary-02539,train,true,,wiktionary,2539,lexicon,напкӏэ тэхын,to bless,verb,напкӏэ тэхын,accepted
wiktionary-02540,validation,true,,wiktionary,2540,lexicon,напсэ,medlar,noun,напсэ | напсэхэкӏэ | напсэхэр | напсэхыу | напсэр | напсэхэмэ | напсэу | напсэм | напсэхэм | напсэхэ | напсэкӏэ,accepted
wiktionary-02541,train,true,,wiktionary,2541,lexicon,напцэ,eyebrow,noun,напцэ | напцэхэм | напцэхэкӏэ | напцэхыу | напцэм | напцэхэр | напцэу | напцэкӏэ | напцэхэмэ | напцэр | напцэхэ,accepted
wiktionary-02542,train,true,,wiktionary,2542,lexicon,напэ,"cheek, face",noun,напэ | напэм | напэкӏэ | напэу | напэхэмэ | напэхыу | напэхэр | напэхэм | напэхэ | напэхэкӏэ | напэр,accepted
wiktionary-02543,train,true,,wiktionary,2543,lexicon,напэр тепхын,to shame,verb,напэр тепхын,accepted
wiktionary-02544,train,true,,wiktionary,2544,lexicon,напӏэ,eyelid,noun,напӏэ | напӏэхэм | напӏэм | напӏэхэ | напӏэр | напӏэхэмэ | напӏэкӏэ | напӏэхэр | напӏэхыу | напӏэу | напӏэхэкӏэ,accepted
wiktionary-02545,validation,true,,wiktionary,2545,lexicon,нарт,(mythology) Nart,name,нарт,accepted
wiktionary-02546,train,true,,wiktionary,2546,lexicon,нарэ,pomegranate,noun,нарэ | нарэхэр | нарэм | нарэу | нарэхэмэ | нарэкӏэ | нарэхэ | нарэхэм | нарэр | нарэхыу | нарэхэкӏэ,accepted
wiktionary-02547,train,true,,wiktionary,2547,lexicon,насып,luck,noun,насып,accepted
wiktionary-02548,test,true,,wiktionary,2548,lexicon,насыпынчъэ,"unlucky, luckless ; unluck, bad luck, luckless",adj | noun,насыпынчъэ | насыпынчъ,accepted
wiktionary-02549,train,true,,wiktionary,2549,lexicon,нат,(mythology) Nart,name,нат,accepted
wiktionary-02550,train,true,,wiktionary,2550,lexicon,натрыф,corn,noun,натрыф | натрыфэхэмэ | натрыфэхэкӏэ | натыфыу | натрыфэм | натрыфэхэ | натыфэхэ | натрыфэхэм | натыфэм | натыфэкӏэ | натыфэ | натрыфэкӏэ | натрыфэ | натрыфэхэр | натыфэхэмэ | натыфэхэр | натрыфэр | натыф | натрыфэхыу | натыфэхэм | натыфэр | натыфэхыу | натрыфыу | натыфэхэкӏэ,accepted
wiktionary-02551,train,true,,wiktionary,2551,lexicon,натӏэ,forehead,noun,натӏэ | натӏэм | натӏэхэм | натӏэхэмэ | натӏэу | натӏэхэ | натӏэхыу | натӏэкӏэ | натӏэхэкӏэ | натӏэр | натӏэхэр,accepted
wiktionary-02552,train,true,,wiktionary,2552,lexicon,нафэ,clear ; clarity,adj | noun,нафэ,accepted
wiktionary-02553,train,true,,wiktionary,2553,lexicon,нахъутэ,halter,noun,нахъутэ | нахъутэхэ | нахъутэкӏэ | нахъутэхэр | нахъутэм | нахъутэр | нахъутэхэмэ | нахъутэхэкӏэ | нахъутэу | нахъутэхыу | нахъутэхэм,accepted
wiktionary-02554,excluded_benchmark_overlap,false,exact_normalized_input_target_or_variant_overlap_with_benchmark,wiktionary,2554,lexicon,нахь,"more ; rather, though",adv,нахь | нэхь,accepted
wiktionary-02555,train,true,,wiktionary,2555,lexicon,нахь къигъэкӏын,to prefer,verb,нахь къигъэкӏын,accepted
wiktionary-02556,train,true,,wiktionary,2556,lexicon,нахьиу,even more,adv,нахьиу,accepted
wiktionary-02557,test,true,,wiktionary,2557,lexicon,нахьыбэрэ,more often,adv,нахьыбэрэ,accepted
wiktionary-02558,train,true,,wiktionary,2558,lexicon,нахьыбэрэм,mostly,adv,нахьыбэрэм,accepted
wiktionary-02559,train,true,,wiktionary,2559,lexicon,нахьышӏу,better,adv,нахьышӏу,accepted
wiktionary-02560,train,true,,wiktionary,2560,lexicon,нахэ,"visage, countenance, face (appearance)",noun,нахэ | нахэхыу | нахэхэр | нахэхэм | нахэхэмэ | нахэр | нахэм | нахэхэ | нахэкӏэ | нахэу | нахэхэкӏэ,accepted
wiktionary-02561,train,true,,wiktionary,2561,lexicon,нацэӏуцэ,rough in appearance,adj,нацэӏуцэ,accepted
wiktionary-02562,train,true,,wiktionary,2562,lexicon,нашхъо,blue-eyed,adj,нашхъо | нашхъом | нашхъокӏэ | нашхъоу | нашхъохэм | нашхъохэкӏэ | нашхъор | нашхъохэр | нашъухъо | нашхъохэ | нашхъохыу | нашхъохэмэ,accepted
wiktionary-02563,test,true,,wiktionary,2563,lexicon,нашэ,watermelon,noun,нашэ | нашэм | нашэхэм | нашэхэ | нашэхэкӏэ | нашэр | нашэхыу | нашэу | нашэхэмэ | нашэкӏэ | нашэхэр,accepted
wiktionary-02564,train,true,,wiktionary,2564,lexicon,непэ,today,adv,непэ | нэпэ,accepted
wiktionary-02565,train,true,,wiktionary,2565,lexicon,нет,intention,noun,нет,accepted
wiktionary-02566,train,true,,wiktionary,2566,lexicon,неущы,tomorrow,adv,неущы | нэущы,accepted
wiktionary-02567,train,true,,wiktionary,2567,lexicon,неущымыкӏ,day after tomorrow,adv,неущымыкӏ | нэущымыщкӏь,accepted
wiktionary-02568,excluded_benchmark_overlap,false,exact_normalized_input_target_or_variant_overlap_with_benchmark,wiktionary,2568,lexicon,ны,mother,noun,ны | ныкӏэ | ным | ныхэр | ныхыу | ныхэмэ | ныхэм | ныр | ныхэкӏэ | ныу,accepted
wiktionary-02569,train,true,,wiktionary,2569,lexicon,ныбачъ,a person that has diarrhea,adj,ныбачъ,accepted
wiktionary-02570,train,true,,wiktionary,2570,lexicon,ныбгъу,quail (bird),noun,ныбгъу,accepted
wiktionary-02571,test,true,,wiktionary,2571,lexicon,ныбгъэ,nest,noun,ныбгъэ | ныбгъэр | ныбгъэм | ныбгъэхыу | ныбгъэхэ | ныбгъэу | ныбгъэхэкӏэ | ныбгъэхэм | ныбгъэхэмэ | ныбгъэхэр | ныбгъэкӏэ,accepted
wiktionary-02572,train,true,,wiktionary,2572,lexicon,ныбгъэшъу,calf,noun,ныбгъэшъу | ныбгъэшъухэкӏэ | ныбгъэшъукӏэ | ныбгъэшъухэм | ныбгъэшъухэ | ныбгъэшъуу | ныбгъэшъухэр | ныбгъэшъум | ныбгъэшъур | ныбгъэшъухэмэ | ныбгъэшъухыу | ныбгъэшъумкӏэ,accepted
wiktionary-02573,train,true,,wiktionary,2573,lexicon,ныбджэгъу,friend,noun,ныбджэгъу | ныбджэгъухыу | ныбджэгъуэкӏэ | ныбджэгъуэхэм | ныбджэгъуэр | ныбджэгъуэм | ныбджэгъуэхэр | ныбджэгъуэхэкӏэ | ныбджэгъуэхэмэ | ныбджэгъуэ | ныбджэгъуэхэ | ныбджэгъуыу,accepted
wiktionary-02574,excluded_benchmark_overlap,false,exact_normalized_input_target_or_variant_overlap_with_benchmark,wiktionary,2574,lexicon,ныбжь,age,noun,ныбжь | ныбжьэхэм | ныбжьэхыу | ныбжьэм | ныбжьыу | ныбжьэхэр | ныбжьэр | ныбжьэкӏэ | ныбжьэхэ | ныбжьэхэкӏэ | ныбжьэхэмэ | ныбжьэ,accepted
wiktionary-02575,test,true,,wiktionary,2575,lexicon,ныбжьи,never (in my life),adv,ныбжьи,accepted
wiktionary-02576,validation,true,,wiktionary,2576,lexicon,ныбжьыкъу,shade,noun,ныбжьыкъу | ныбжьыкъуэхэмэ | ныбжьыкъуэхэкӏэ | ныбжьыкъуэхэм | ныбжьыкъуыу | ныбжьыкъуэм | ныбжьыкъуэ | ныбжьыкъуэкӏэ | ныбжьыкъуэр | ныбжьыкъухыу | ныбжьыкъуэхэр | ныбжьыкъуэхэ,accepted
wiktionary-02577,train,true,,wiktionary,2577,lexicon,ныбжьыкӏэ,young ; young person,adj | noun,ныбжьыкӏэ | ныбжьыкӏэр | ныбжьыкӏэм | ныбжьыкӏэу | ныбжьыкӏэхыу | ныбжьыкӏэхэм | ныбжьыкӏэхэр | ныбжьыкӏэхэмэ | ныбжьыкӏэхэкӏэ | ныбжьыкӏэкӏэ | ныбжьыкӏэхэ,accepted
wiktionary-02578,train,true,,wiktionary,2578,lexicon,ныбжьэгъу,"A peer, an age-mate: a person of approximately the same age as another.",noun,ныбжьэгъу | ныбжьэгъуэм | ныбжьэгъуэхэм | ныбжьэгъуэхэкӏэ | ныбжьэгъухыу | ныбжьэгъуэ | ныбжьэгъуэхэ | ныбжьэгъуэр | ныбжьэгъуэхэр | ныбжьэгъуэхэмэ | ныбжьэгъуэкӏэ | ныбжьэгъуыу,accepted
wiktionary-02579,train,true,,wiktionary,2579,lexicon,ныбыдж,navel,noun,ныбыдж | ныбыджр | ныбыджхэм | ныбыджу | ныбыджхэмэ | ныбыджхыу | ныбыджм | ныбыджхэр | ныбыджмкӏэ | ныбыджхэ | ныбыджкӏэ | ныбыджхэкӏэ,accepted
wiktionary-02580,train,true,,wiktionary,2580,lexicon,ныбэ,stomach ; belly,noun,ныбэ | ныбэкӏэ | ныбэхэмэ | ныбэр | ныбэм | ныбэхэр | ныбэу | ныбэхэкӏэ | ныбэхэм | ныбэхыу | ныбэхэ,accepted
wiktionary-02581,validation,true,,wiktionary,2581,lexicon,ныбэрый,"gluttonous, voracious, one who eats excessively ; glutton",adj | noun,ныбэрый,accepted
wiktionary-02582,train,true,,wiktionary,2582,lexicon,ныбэузы,stomach ache,noun,ныбэузы,accepted
wiktionary-02583,train,true,,wiktionary,2583,lexicon,ныбэшъу,potbellied; paunchy; big-bellied,adj,ныбэшъу,accepted
wiktionary-02584,train,true,,wiktionary,2584,lexicon,ныджы,"sand bar, sand bank",noun,ныджы,accepted
wiktionary-02585,train,true,,wiktionary,2585,lexicon,ныкъо,half,num,ныкъо,accepted
wiktionary-02586,train,true,,wiktionary,2586,lexicon,ныкъо сыкъо,half efficient,adj,ныкъо сыкъо,accepted
wiktionary-02587,train,true,,wiktionary,2587,lexicon,ныкъо сыкъоу,hardly ; half efficiently,adv,ныкъо сыкъоу,accepted
wiktionary-02588,train,true,,wiktionary,2588,lexicon,ныкъолӏагъэ,undead ; half dead,noun,ныкъолӏагъэ | ныкъолӏагъэхэмэ | ныкъолӏагъэр | ныкъолӏагъэхэр | ныкъолӏагъэм | ныкъолӏагъэхэм | ныкъолӏагъэхэ | ныкъолӏагъэхэкӏэ | ныкъолӏагъэкӏэ | ныкъолӏагъэу | ныкъолӏагъэхыу,accepted
wiktionary-02589,test,true,,wiktionary,2589,lexicon,ныкъуалӏэ,weak ; half dead,adj,ныкъуалӏэ,accepted
wiktionary-02590,train,true,,wiktionary,2590,lexicon,нынэпӏос,stepmother,noun,нынэпӏос | нынэпӏэс,accepted
wiktionary-02591,train,true,,wiktionary,2591,lexicon,ныо,old woman,noun,ныо | ныом | ныокӏэ | ныохэр | ныохэмэ | ныор | ныоу | ныохыу | ныохэм | ныохэкӏэ | ныохэ,accepted
wiktionary-02592,train,true,,wiktionary,2592,lexicon,ныожъ,old hag,noun,ныожъ,accepted
wiktionary-02593,train,true,,wiktionary,2593,lexicon,нып,flag,noun,нып | ныпэхэ | ныпэр | ныпэм | ныпэхэкӏэ | ныпыу | ныпэхыу | ныпэхэмэ | ныпэхэр | ныпэхэм | ныпэкӏэ | ныпэ,accepted
wiktionary-02594,train,true,,wiktionary,2594,lexicon,ныпсӏэ,intestine,noun,ныпсӏэ | ныпсӏэхыу | ныпсӏэхэ | ныпсӏэм | ныпсӏэхэр | ныпсӏэхэмэ | ныпсӏэхэм | ныпсӏэу | ныпсӏэкӏэ | ныпсӏэр | ныпсӏэхэкӏэ,accepted
wiktionary-02595,train,true,,wiktionary,2595,lexicon,ныпчыхьэ,today's evening,adv,ныпчыхьэ,accepted
wiktionary-02596,train,true,,wiktionary,2596,lexicon,ныпчэдыжьы,"this morning, today's morning",adv,ныпчэдыжьы | нэпчэдыжьы,accepted
wiktionary-02597,train,true,,wiktionary,2597,lexicon,нысащэ,wedding,noun,нысащэ | нысащэхыу | нысащэр | нысащэхэм | нысащэхэмэ | нысащэм | нысащэу | нысащэхэ | нысащэхэкӏэ | нысащэхэр | нысащэкӏэ,accepted
wiktionary-02598,train,true,,wiktionary,2598,lexicon,нысхъапэ,doll,noun,нысхъапэ | нысэпхъапэм | нысэпхъапэхэ | нысэпхъапэхэр | нысхъапэм | нысхъапэр | нысхъапэхэм | нысэпхъапэхыу | нысэпхъапэ | нысэпхъапэхэм | нысэпхъапэу | нысэпхъапэкӏэ | нысэпхъапэр | нысэпхъапэхэкӏэ | нысхъапэхэр | нысхъапэхыу | нысхъапэхэмэ | нысхъапэхэ | нысэпхъапэхэмэ | нысхъапэхэкӏэ | нысхъапэу | нысхъапэкӏэ,accepted
wiktionary-02599,train,true,,wiktionary,2599,lexicon,нысэ,bride ; daughter-in-law ; sister-in-law,noun,нысэ | нысэхэр | нысэм | нысэу | нысэхэмэ | нысэкӏэ | нысэхэм | нысэхыу | нысэхэкӏэ | нысэхэ | нысэр,accepted
wiktionary-02600,train,true,,wiktionary,2600,lexicon,нысэщэджэгу,Marriage party,noun,нысэщэджэгу | нысэщэджэгуыу | нысэщэджэгуэм | нысэщэджэгуэхэм | нысэщэджэгуэхэр | нысэщэджэгуэр | нысэщэджэгуэкӏэ | нысэщэджэгуэхэкӏэ | нысэщэджэгуэхэ | нысэщэджэгухыу | нысэщэджэгуэхэмэ | нысэщэджэгуэ,accepted
wiktionary-02601,train,true,,wiktionary,2601,lexicon,нычэпэ,tonight,adv,нычэпэ | нэчэпэ,accepted
wiktionary-02602,train,true,,wiktionary,2602,lexicon,ныӏэп,only (No more than; just),adv,ныӏэп | ныӏэ,accepted
wiktionary-02603,excluded_benchmark_overlap,false,exact_normalized_input_target_or_variant_overlap_with_benchmark,wiktionary,2603,lexicon,нэ,"and not, nor ; eye",adv | noun,нэ | нэхэр | нэхэкӏэ | нэхэмэ | нэм | нэу | нэхэм | нэкӏэ | нэр | нэхэ | нэхыу,accepted
wiktionary-02604,validation,true,,wiktionary,2604,lexicon,нэбгъэ,Nest,noun,нэбгъэ | нэбгъэм | нэбгъэр | нэбгъэкӏэ | нэбгъэхэр | нэбгъэхыу | нэбгъэхэ | нэбгъэхэмэ | нэбгъэхэкӏэ | нэбгъэу | нэбгъэхэм,accepted
wiktionary-02605,test,true,,wiktionary,2605,lexicon,нэбгыр,person (used when the amount of people in a sentence is important),noun,нэбгыр | нэбгырэм | нэбгырэхэкӏэ | нэбгыхэмэ | нэбгырэхыу | нэбгырэхэм | нэбгым | нэбгырэ | нэбгы | нэбгыхэм | нэбгыхыу | нэбгырэр | нэбгырэхэр | нэбгырэхэмэ | нэбгыу | нэбгыхэкӏэ | нэбгырэкӏэ | нэбгырыу | нэбгырэхэ | нэбгыкӏэ | нэбгыхэр,accepted
wiktionary-02606,train,true,,wiktionary,2606,lexicon,нэбзый,"ray, beam",noun,нэбзый,accepted
wiktionary-02607,train,true,,wiktionary,2607,lexicon,нэбзыц,eyelash,noun,нэбзыц | нэбзыцэхэкӏэ | нэбзыцэхэмэ | нэбзыцхыу | нэбзыцэм | нэбзыцыу | нэбзыцэхэр | нэбзыцэхэ | нэбзыцэкӏэ | нэбзыцэ | нэбзыцэхэм | нэбзыцэр,accepted
wiktionary-02608,excluded_benchmark_overlap,false,exact_normalized_input_target_or_variant_overlap_with_benchmark,wiktionary,2608,lexicon,нэгу,cheek,noun,нэгу | нэгуэкӏэ | нэгуэхэкӏэ | нэгуэр | нэгухыу | нэгуэм | нэгуэхэр | нэгуэ | нэгуэхэм | нэгуэхэмэ | нэгуыу | нэгуэхэ,accepted
wiktionary-02609,excluded_benchmark_overlap,false,exact_normalized_input_target_or_variant_overlap_with_benchmark,wiktionary,2609,lexicon,нэгуихыгъэу,nice,adj,нэгуихыгъэу,accepted
wiktionary-02610,train,true,,wiktionary,2610,lexicon,нэгушъо,cheek,noun,нэгушъо | нэкӏьышъо | нэкӏышъо,accepted
wiktionary-02611,validation,true,,wiktionary,2611,lexicon,нэгушъо етын,to slap someone's cheek,verb,нэгушъо етын | нэкӏышъо етын,accepted
wiktionary-02612,train,true,,wiktionary,2612,lexicon,нэгушъоутын,slap (to the cheek),noun,нэгушъоутын,accepted
wiktionary-02613,train,true,,wiktionary,2613,lexicon,нэгушӏу,"nice ; affable, friendly",adj,нэгушӏу,accepted
wiktionary-02614,train,true,,wiktionary,2614,lexicon,нэгъунджэ,eyeglasses,noun,нэгъунджэ | нэгъунджэхэмэ | нэгъунджэм | нэгъунджэхэр | нэгъунджэхэкӏэ | нэгъунджэхэ | нэгъунджэкӏэ | нэгъунджэхэм | нэгъунджэу | нэгъунджэхыу | нэгъунджэр,accepted
wiktionary-02615,train,true,,wiktionary,2615,lexicon,нэгъургьэ,eyeglasses,noun,нэгъургьэ | нэгъургьэхэр | нэгъургьэм | нэгъургьэхэкӏэ | нэгъургьэхэм | нэгъургьэкӏэ | нэгъургьэр | нэгъургьэу | нэгъургьэхыу | нэгъургьэхэ | нэгъургьэхэмэ,accepted
wiktionary-02616,train,true,,wiktionary,2616,lexicon,нэгъуцу,"unfriendly, ungracious, impolite",adj,нэгъуцу | нэгъуцуэм | нэгъуцуэкӏэ | нэгъуцуыу | нэгъуцухыу | нэгъуцуэхэр | нэгъуцуэхэ | нэгъуцуэр | нэгъуцуэхэкӏэ | нэгъуцуэ | нэгъуцуэхэмэ | нэгъуцуэхэм,accepted
wiktionary-02617,train,true,,wiktionary,2617,lexicon,нэгъучӏыцэ,witch,noun,нэгъучӏыцэ | нэгъучӏыц,accepted
wiktionary-02618,train,true,,wiktionary,2618,lexicon,нэгъэцӏыу,money,noun,нэгъэцӏыу | нэгъэцӏуэхэ | нэгъэцӏуэхэм | нэгъэцӏуэхэмэ | нэгъэцӏыуэр | нэгъэцӏуыу | нэгъэцӏыуэм | нэгъэцӏуэм | нэгъэцӏыуэхэ | нэгъэцӏыуэхэмэ | нэгъэцӏуэхэр | нэгъэцӏуэкӏэ | нэгъэцӏыуэхэр | нэгъэцӏыуэ | нэгъэцӏуэхэкӏэ | нэгъэцӏуэр | нэгъэцӏыуэкӏэ | нэгъэцӏыуэхэкӏэ | нэгъэцӏыуэхэм | нэгъэцӏуэ | нэгъэцӏухыу | нэгъэцӏыухыу | нэгъэцӏыуыу | нэгъэцӏу,accepted
wiktionary-02619,train,true,,wiktionary,2619,lexicon,нэджэ-ӏудж,"ugly, hideous (displeasing to the eye; not aesthetically pleasing) ; freak",noun,нэджэ-ӏудж,accepted
wiktionary-02620,train,true,,wiktionary,2620,lexicon,нэдэлъфыбзэ,"mother tongue, first language",noun,нэдэлъфыбзэ,accepted
wiktionary-02621,train,true,,wiktionary,2621,lexicon,нэз,edge,noun,нэз | нэзыхэм | нэзыхыу | нэзым | нэзэм | нэзэхэмэ | нэзэр | нэзыхэкӏэ | нэзэхэкӏэ | нэзыхэр | нэзы | нэзэхэм | нэзыхэмэ | нэзыу | нэзыкӏэ | нэзэхэр | нэзыр | нэзэ | нэзэхэ | нэзэхыу | нэзэкӏэ,accepted
wiktionary-02622,train,true,,wiktionary,2622,lexicon,нэзэжъу,Asian,noun,нэзэжъу | нэзэжъуэхэкӏэ | нэзэжъуэкӏэ | нэзэжъуыу | нэзэжъухыу | нэзэжъуэр | нэзэжъуэхэр | нэзэжъуэ | нэзэжъуэм | нэзэжъуэхэм | нэзэжъуэхэмэ | нэзэжъуэхэ,accepted
wiktionary-02623,train,true,,wiktionary,2623,lexicon,нэкулъ,sausage,noun,нэкулъ,accepted
wiktionary-02624,train,true,,wiktionary,2624,lexicon,нэкъокъон,to be arguing,verb,нэкъокъон | мэнэкъокъон,accepted
wiktionary-02625,train,true,,wiktionary,2625,lexicon,нэкъыгъэ,flower (the flower of the plant),noun,нэкъыгъэ | нэкъыгъэхэм | нэкъыгъэхэ | нэкъыгъэм | нэкъыгъэхэмэ | нэкъыгъэхэр | нэкъыгъэкӏэ | нэкъыгъэхэкӏэ | нэкъыгъэхыу | нэкъыгъэр | нэкъыгъэу,accepted
wiktionary-02626,validation,true,,wiktionary,2626,lexicon,нэкӏап,"(of hair) fringe, bang ; (horse's) forelock",noun,нэкӏап,accepted
wiktionary-02627,test,true,,wiktionary,2627,lexicon,нэкӏо,let's,adv,нэкӏо,accepted
wiktionary-02628,train,true,,wiktionary,2628,lexicon,нэкӏубгъу,page,noun,нэкӏубгъу | нэкӏубгъуэхэкӏэ | нэкӏубгъуэкӏэ | нэкӏубгъуэхэм | нэкӏубгъуэ | нэкӏубгъуэхэмэ | нэкӏубгъуэм | нэкӏубгъуэхыу | нэкӏубгъуэхэр | нэкӏубгъуэхэ | нэкӏубгъуэр | нэкӏубгъуыу,accepted
wiktionary-02629,test,true,,wiktionary,2629,lexicon,нэкӏушъу,cheek,noun,нэкӏушъу | нэкӏушъур | нэкӏушъухэм | нэкӏушъухыу | нэкӏушъухэкӏэ | нэкӏушъухэр | нэкӏушъумкӏэ | нэкӏушъукӏэ | нэкӏушъухэ | нэкӏушъухэмэ | нэкӏушъуу | нэкӏушъум,accepted
wiktionary-02630,train,true,,wiktionary,2630,lexicon,нэкӏушъхь,cheek,noun,нэкӏушъхь | нэкӏушъхьэкӏэ | нэкӏушъхьхыу | нэкӏушъхьэхэм | нэкӏушъхьэ | нэкӏушъхьэм | нэкӏушъхьэхэкӏэ | нэкӏушъхьэхэмэ | нэкӏушъхьыу | нэкӏушъхьэхэ | нэкӏушъхьэхэр | нэкӏушъхьэр,accepted
wiktionary-02631,train,true,,wiktionary,2631,lexicon,нэкӏы,empty,adj,нэкӏы,accepted
wiktionary-02632,train,true,,wiktionary,2632,lexicon,нэкӏымазэ,ramadan,noun,нэкӏымазэ | нэкӏымазэхэм | нэкӏымазэхэр | нэкӏымазэу | нэкӏымазэм | нэкӏымазэхэмэ | нэкӏымазэхыу | нэкӏымазэхэкӏэ | нэкӏымазэкӏэ | нэкӏымазэр | нэкӏымазэхэ,accepted
wiktionary-02633,train,true,,wiktionary,2633,lexicon,нэкӏын,to fast,verb,нэкӏын,accepted
wiktionary-02634,test,true,,wiktionary,2634,lexicon,нэкӏьэ нашъхьэ,wink (a blinking of only one eye),noun,нэкӏьэ нашъхьэ | нэкӏьэ нашъхьэхэ | нэкӏьэ нашъхьэхэкӏэ | нэкӏьэ нашъхьэхэм | нэкӏьэ нашъхьэу | нэкӏьэ нашъхьэр | нэкӏьэ нашъхьэкӏэ | нэкӏьэ нашъхьэм | нэкӏьэ нашъхьэхыу | нэкӏьэ нашъхьэхэмэ | нэкӏьэ нашъхьэхэр,accepted
wiktionary-02635,validation,true,,wiktionary,2635,lexicon,нэкӏэ рикӏын,"to gaze exaggeratedly at someone, to stare really intently or really earnestly at someone",verb,нэкӏэ рикӏын,accepted
wiktionary-02636,validation,true,,wiktionary,2636,lexicon,нэкӏэбыдз,"rheum (dried mucus in or around the eyes) ; stye (bacterial infection of the eyelash or eyelid) ; barley (annual temperate grasses of the species Hordeum vulgare) ; barley (the grain of annual temperate grasses of the species Hordeum vulgare, used in making beer and whisky and for soups, puddings, etc.)",noun,нэкӏэбыдз | нэкӏэбыдзкӏэ | нэкӏэбыдзм | нэкӏэбыдзу | нэкӏэбыдзхэр | нэкӏэбыдзхэ | нэкӏэбыдзр | нэкӏэбыдзхэмэ | нэкӏэбыдзхыу | нэкӏэбыдзхэм | нэкӏэбыдзхэкӏэ,accepted
wiktionary-02637,train,true,,wiktionary,2637,lexicon,нэкӏэон,wink ; to wink at someone,noun | verb,нэкӏэон | нэкӏьэон | енэкӏэон | енэкӏьэон,accepted
wiktionary-02638,train,true,,wiktionary,2638,lexicon,нэкӏэтӏэр,rheum (eye),noun,нэкӏэтӏэр | нэкӏэтӏэрэхэр | нэкӏэтӏэрэхэм | нэкӏэтӏэрэхэкӏэ | нэкӏэтӏэрэм | нэкӏэтӏэрхыу | нэкӏэтӏэрэ | нэкӏэтӏэрыу | нэкӏэтӏэрэкӏэ | нэкӏэтӏэрэхэ | нэкӏэтӏэрэр | нэкӏэтӏэрэхэмэ,accepted
wiktionary-02639,train,true,,wiktionary,2639,lexicon,нэм къыпэшӏошӏыхьан,"to seem to the eye, to appear to the eye",verb,нэм къыпэшӏошӏыхьан,accepted
wiktionary-02640,train,true,,wiktionary,2640,lexicon,нэмаздэкъ,carpet for prayer,noun,нэмаздэкъ | нэмаздэкъэхэмэ | нэмаздэкъэкӏэ | нэмаздэкъэхэм | нэмаздэкъэм | нэмаздэкъэр | нэмаздэкъэхэр | нэмаздэкъыу | нэмаздэкъэхыу | нэмаздэкъэхэ | нэмаздэкъэхэкӏэ | нэмаздэкъэ,accepted
wiktionary-02641,test,true,,wiktionary,2641,lexicon,нэмазэ,prayer (The act of praying),noun,нэмазэ | нэмазэр | нэмазэм | нэмазэхэкӏэ | нэмазэхэр | нэмазэу | нэмазэхэ | нэмазэхэм | нэмазэхыу | нэмазэхэмэ | нэмазэкӏэ,accepted
wiktionary-02642,excluded_benchmark_overlap,false,exact_normalized_input_target_or_variant_overlap_with_benchmark,wiktionary,2642,lexicon,нэмыкӏ,"different, another (not the same)",adj,нэмыкӏ | нэмкӏырэхэр | нэмыкӏыр | пэмкӏырэхэр | нэмкӏырыу | пэмкӏырэхэмэ | нэмкӏырэхэм | нэмкӏырэм | пэмкӏырыу | пэмкӏырэр | нэмкӏыр | пэмкӏырэкӏэ | нэмкӏырэхыу | пэмкӏырэхэм | пэмкӏырэм | нэмкӏырэхэкӏэ | нэмкӏырэкӏэ | нэмкӏырэ | нэмкӏырэхэмэ | нэмкӏ | пэмкӏырэ | пэмкӏырэхэ | пэмкӏырэхэкӏэ | нэмкӏырэр | пэмкӏырэхыу | пэмкӏыр | нэмкӏырэхэ,accepted
wiktionary-02643,train,true,,wiktionary,2643,lexicon,нэмысыпэу,before it reaches a time,adv,нэмысыпэу,accepted
wiktionary-02644,train,true,,wiktionary,2644,lexicon,нэмыӏэкӏэ,so much that,adv,нэмыӏэкӏэ,accepted
wiktionary-02645,train,true,,wiktionary,2645,lexicon,нэнау,baby,noun,нэнау,accepted
wiktionary-02646,train,true,,wiktionary,2646,lexicon,нэнэжъ,grandma,noun,нэнэжъ | нэнэжъэм | нэнэжъэхэмэ | нэнэжъэхэр | нэнэжъэкӏэ | нэнэжъэхыу | нэнэжъэхэ | нэнэжъэхэкӏэ | нэнэжъэр | нэнэжъэхэм | нэнэжъыу | нэнэжъэ,accepted
wiktionary-02647,train,true,,wiktionary,2647,lexicon,нэпашъо,skin of the face,noun,нэпашъо,accepted
wiktionary-02648,validation,true,,wiktionary,2648,lexicon,нэпкъы,"bank, shore, coast, beach",noun,нэпкъы | нэпкъым | нэпкъыхэкӏэ | нэпкъыхэм | нэпкъыхэр | нэпкъыхэмэ | нэпкъыхыу | нэпкъыкӏэ | нэпкъыр | нэпкъыу,accepted
wiktionary-02649,train,true,,wiktionary,2649,lexicon,нэплъэгъу,view,noun,нэплъэгъу,accepted
wiktionary-02650,train,true,,wiktionary,2650,lexicon,нэпс,tear,noun,нэпс | нэпсэм | нэпсэхэмэ | нэпсэ | нэпсэхэр | нэпсэхэм | нэпсэхыу | нэпсэхэкӏэ | нэпсэхэ | нэпсэкӏэ | нэпсыу | нэпсэр,accepted
wiktionary-02651,validation,true,,wiktionary,2651,lexicon,нэпх,jugglery ; magic ; hypnotism ; wizardry games,noun,нэпх | нэпхэхыу | нэпхэр | нэпхэм | нэпхэхэм | нэпхэхэ | нэпхэкӏэ | нэпхэхэмэ | нэпхэ | нэпхыу | нэпхэхэкӏэ | нэпхэхэр,accepted
wiktionary-02652,validation,true,,wiktionary,2652,lexicon,нэпцӏы,"false (untrue, not factual, wrong) ; fallacious (deceptive or misleading, mistaken)",noun,нэпцӏы,accepted
wiktionary-02653,train,true,,wiktionary,2653,lexicon,нэпчыхьэ,today's evening,adv,нэпчыхьэ,accepted
wiktionary-02654,train,true,,wiktionary,2654,lexicon,нэпэон,to slap someone's face,verb,нэпэон | енэпэон,accepted
wiktionary-02655,validation,true,,wiktionary,2655,lexicon,нэпэтелъхьэ,mask,noun,нэпэтелъхьэ | нэпэтелъхьэхэ | нэпэталхьэм | нэпэтелъхьэхэр | нэпэтелъхьэхэкӏэ | нэпэтелъхьэхэм | нэпэталхьэ | нэпэталхьэхэм | нэпэталхьэхэмэ | нэпэталхьэхэр | нэпэталхьэу | нэпэтелъхьэм | нэпэталхьэр | нэпэтелъхьэу | нэпэтелъхьэхыу | нэпэтелъхьэр | нэпэтелъхьэхэмэ | нэпэталхьэхэкӏэ | нэпэталхьэкӏэ | нэпэталхьэхыу | нэпэталхьэхэ | нэпэтелъхьэкӏэ,accepted
wiktionary-02656,train,true,,wiktionary,2656,lexicon,нэпэшъоон,to slap someone's face,verb,нэпэшъоон | енэпэшъоон,accepted
wiktionary-02657,train,true,,wiktionary,2657,lexicon,нэпэшъоутын,slap (to the face); slap in the face,noun,нэпэшъоутын,accepted
wiktionary-02658,train,true,,wiktionary,2658,lexicon,нэпэӏэплъэкӏ,napkin ; handkerchief,noun,нэпэӏэплъэкӏ | нэпэӏэплъэкӏэм | нэпэӏэплъэкӏэ | нэпэӏэплъэкӏыу | нэпэӏэплъэкӏэхэмэ | нэпэӏэплъэкӏэхэм | нэпэӏэплъэкӏэхэкӏэ | нэпэӏэплъэкӏэхэ | нэпэӏэплъэкӏэкӏэ | нэпэӏэплъэкӏэхыу | нэпэӏэплъэкӏэхэр | нэпэӏэплъэкӏэр,accepted
wiktionary-02659,train,true,,wiktionary,2659,lexicon,нэпӏэхъ,illusion,noun,нэпӏэхъ,accepted
wiktionary-02660,train,true,,wiktionary,2660,lexicon,нэрыплъ,binocular,noun,нэрыплъ | нэрыплъэхэр | нэриплъэхэм | нэриплъэхэр | нэрыплъэхэм | нэриплъэхэкӏэ | нэрыплъэкӏэ | нэрыплъэм | нэриплъэхыу | нэрыплъыу | нэриплъэкӏэ | нэрыплъэхэкӏэ | нэриплъэр | нэрыплъэхэмэ | нэриплъэм | нэрыплъэр | нэриплъыу | нэриплъэхэ | нэриплъэ | нэрыплъэхэ | нэрыплъэ | нэрыплъэхыу | нэриплъ | нэриплъэхэмэ,accepted
wiktionary-02661,train,true,,wiktionary,2661,lexicon,нэсын,to touch ; to reach,verb,нэсын,accepted
wiktionary-02662,train,true,,wiktionary,2662,lexicon,нэугъэупӏэпӏэгъу,second,noun,нэугъэупӏэпӏэгъу | нэугъэупӏэпӏэгъуэхэкӏэ | нэугъэупӏэпӏэгъуэ | нэугъэупӏэпӏэгъуэхэм | нэугъэупӏэпӏэгъуэм | нэугъэупӏэпӏэгъуэхэмэ | нэугъэупӏэпӏэгъуыу | нэугъэупӏэпӏэгъуэхэ | нэугъэупӏэпӏэгъуэр | нэугъэупӏэпӏэгъуэхэр | нэугъэупӏэпӏэгъухыу | нэугъэупӏэпӏэгъуэкӏэ,accepted
wiktionary-02663,train,true,,wiktionary,2663,lexicon,нэутх,"diligent, well-behaved; industrious",adj,нэутх,accepted
wiktionary-02664,train,true,,wiktionary,2664,lexicon,нэфнэ,light,noun,нэфнэ | нэфнэр | нэфнэм | нэфнэхэм | нэфнэу | нэфнэхэ | нэфнэкӏэ | нэфнэхэкӏэ | нэфнэхыу | нэфнэхэр | нэфнэхэмэ,accepted
wiktionary-02665,train,true,,wiktionary,2665,lexicon,нэфы,light,noun,нэфы | нэфыкӏэ | нэфым | нэфыхэр | нэфыхэмэ | нэфыхэм | нэфыр | нэфыхэкӏэ | нэфыхыу | нэфыу,accepted
wiktionary-02666,train,true,,wiktionary,2666,lexicon,нэфын,bright ; light,adj | noun,нэфын,accepted
wiktionary-02667,train,true,,wiktionary,2667,lexicon,нэхай,"sullen, gloomy",adj,нэхай,accepted
wiktionary-02668,train,true,,wiktionary,2668,lexicon,нэхаш,"modesty, humility (the quality of being modest)",adj,нэхаш,accepted
wiktionary-02669,train,true,,wiktionary,2669,lexicon,нэхъут,"lead (tack), lead line, lead rope, a rope used to lead an animal such as a horse",noun,нэхъут | нэхъутэхыу | нэхъутэкӏэ | нэхъутэхэмэ | нэхъутэхэ | нэхъутэ | нэхъутэр | нэхъутэм | нэхъутэхэкӏэ | нэхъутэхэм | нэхъутэхэр | нэхъутыу,accepted
wiktionary-02670,train,true,,wiktionary,2670,lexicon,нэхьышӏу,better,adv,нэхьышӏу,accepted
wiktionary-02671,train,true,,wiktionary,2671,lexicon,нэцӏэкӏ,"lack, deficiency, deficit, shortage ; defect, drawback, flaw",noun,нэцӏэкӏ | нэцӏэкӏэм | нэцӏэкӏэхэ | нэцӏэкӏэхэкӏэ | нэцӏэкӏэхыу | нэцӏэкӏэр | нэцӏэкӏэхэр | нэцӏэкӏэ | нэцӏэкӏыу | нэцӏэкӏэкӏэ | нэцӏэкӏэхэм | нэцӏэкӏэхэмэ,accepted
wiktionary-02672,test,true,,wiktionary,2672,lexicon,нэчыхь,marriage contract,noun,нэчыхь,accepted
wiktionary-02673,train,true,,wiktionary,2673,lexicon,нэчыхьытх,nakahitkh (marriage registration ceremony),noun,нэчыхьытх | нэкьыхьытх,accepted
wiktionary-02674,train,true,,wiktionary,2674,lexicon,нэшакӏэ,watermelon seed (food),noun,нэшакӏэ | нэшакӏэхэр | нэшакӏэкӏэ | нэшакӏэхыу | нэшакӏэм | нэшакӏэу | нэшакӏэхэм | нэшакӏэхэ | нэшакӏэр | нэшакӏэхэмэ | нэшакӏэхэкӏэ,accepted
wiktionary-02675,test,true,,wiktionary,2675,lexicon,нэшанэ,"sign, indication",noun,нэшанэ | нэшан,accepted
wiktionary-02676,train,true,,wiktionary,2676,lexicon,нэшхъэигъу,"sorrow time, grief time",noun,нэшхъэигъу,accepted
wiktionary-02677,train,true,,wiktionary,2677,lexicon,нэшхъэин,"to get sad, grieve",verb,нэшхъэин,accepted
wiktionary-02678,test,true,,wiktionary,2678,lexicon,нэшхъэй,"melancholy, sad, sorrowful",noun,нэшхъэй,accepted
wiktionary-02679,train,true,,wiktionary,2679,lexicon,нэшъу,blind person ; blind,noun | adj,нэшъу | нэшъуэм | нэшъуэхэм | нэшъуэкӏэ | нэшъуэхэмэ | нэшъуэхэкӏэ | нэшъуэхэ | нэшъуэхэр | нэшъуэ | нэшъуыу | нэшъуэр | нэшъухыу,accepted
wiktionary-02680,train,true,,wiktionary,2680,lexicon,нэшэбэгу,cucumber,noun,нэшэбэгу | нэшэбэгуэ | нэшэбэгуэхэкӏэ | нэшэбэгуэм | нэшэбэгуэхэр | нэшэбэгуэхэ | нэшэбэгуэхэм | нэшэбэгухыу | нэшэбэгуэр | нэшэбэгуэкӏэ | нэшэбэгуэхэмэ | нэшэбэгуыу,accepted
wiktionary-02681,train,true,,wiktionary,2681,lexicon,нэшэгъожь,muskmelon,noun,нэшэгъожь | нэшэгъожьэхэмэ | нэшэгъожьэхэм | нэшэгъожьэхэр | нэшэгъожьэм | нэшэгъожьэхэкӏэ | нэшэгъожьыу | нэшэгъожьэхыу | нэшэгъожьэкӏэ | нэшэгъожьэр | нэшэгъожьэ | нэшэгъожьэхэ,accepted
wiktionary-02682,train,true,,wiktionary,2682,lexicon,нэшӏошӏ,illusion ; a person that is pretending to be joyful,noun,нэшӏошӏ | нэшӏошӏу,accepted
wiktionary-02683,train,true,,wiktionary,2683,lexicon,нэшӏу шыфэн,to bless,verb,нэшӏу шыфэн,accepted
wiktionary-02684,train,true,,wiktionary,2684,lexicon,нэӏазэ,optician,noun,нэӏазэ | нэӏазэкӏэ | нэӏазэм | нэӏазэу | нэӏазэхэ | нэӏазэхэм | нэӏазэхыу | нэӏазэхэкӏэ | нэӏазэхэр | нэӏазэхэмэ | нэӏазэр,accepted
wiktionary-02685,train,true,,wiktionary,2685,lexicon,нэӏаплъэкӏ,towel,noun,нэӏаплъэкӏ,accepted
wiktionary-02686,train,true,,wiktionary,2686,lexicon,нэӏу,"facade, frontage, front",noun,нэӏу,accepted
wiktionary-02687,train,true,,wiktionary,2687,lexicon,нэӏуасэ,"a familiar person, a person one personally knows, acquaintance",noun,нэӏуасэ,accepted
wiktionary-02688,train,true,,wiktionary,2688,lexicon,нэӏурыхъу,mask,noun,нэӏурыхъу | нэӏурыхъуэ | нэӏурыхъуэхэмэ | нэӏурыхъухыу | нэӏурыхъуэм | нэӏурыхъуэхэкӏэ | нэӏурыхъуэр | нэӏурыхъуыу | нэӏурыхъуэхэр | нэӏурыхъуэкӏэ | нэӏурыхъуэхэ | нэӏурыхъуэхэм,accepted
wiktionary-02689,train,true,,wiktionary,2689,lexicon,нэӏэ зтэгъэтын,to be careful,verb,нэӏэ зтэгъэтын,accepted
wiktionary-02690,train,true,,wiktionary,2690,lexicon,нэӏэ тегъэтын,to protect ; to look after,verb,нэӏэ тегъэтын | нэӏэ тэгъэтын,accepted
wiktionary-02691,train,true,,wiktionary,2691,lexicon,нэӏэбэсын,to successfully reach for (usually with the hands),verb,нэӏэбэсын,accepted
wiktionary-02692,train,true,,wiktionary,2692,lexicon,о,you (singular) ; weather,pron | noun,о,accepted
wiktionary-02693,train,true,,wiktionary,2693,lexicon,обзэгъу,ax; axe,noun,обзэгъу,accepted
wiktionary-02694,train,true,,wiktionary,2694,lexicon,оды,slim,adj,оды,accepted
wiktionary-02695,train,true,,wiktionary,2695,lexicon,одыджын,bell,noun,одыджын | одыджынэм | одыджынэхэ | одыджынэхэмэ | одыджынэкӏэ | одыджынэхыу | одыджынэхэр | одыджынэ | одыджыныу | одыджынэр | одыджынэхэм | одыджынэхэкӏэ,accepted
wiktionary-02696,train,true,,wiktionary,2696,lexicon,ожъубанэхьэмлыу,earthworm,noun,ожъубанэхьэмлыу | ожъубанэхьэмлыуэм | ожъубанэхьэмлыуэхэмэ | ожъубанэхьэмлыуэхэкӏэ | ожъубанэхьэмлыуэхэм | ожъубанэхьэмлыуэхэ | ожъубанэхьэмлыуэхэр | ожъубанэхьэмлыуыу | ожъубанэхьэмлыухыу | ожъубанэхьэмлыуэкӏэ | ожъубанэхьэмлыуэр | ожъубанэхьэмлыуэ,accepted
wiktionary-02697,excluded_benchmark_overlap,false,exact_normalized_input_target_or_variant_overlap_with_benchmark,wiktionary,2697,lexicon,ожьы,weather,noun,ожьы | ожьыхэм | ожьыу | ожьыр | ожьыхэмэ | ожьым | ожьыхэкӏэ | ожьыхыу | ожьыкӏэ | ожьыхэр,accepted
wiktionary-02698,train,true,,wiktionary,2698,lexicon,олъэн,to agitated,verb,олъэн,accepted
wiktionary-02699,excluded_benchmark_overlap,false,exact_normalized_input_target_or_variant_overlap_with_benchmark,wiktionary,2699,lexicon,он,to hit someone or something physically and directly (not by throwing for example) ; to eat with gusto ; to play music ; to shake (milk) ; to shoot (кӏэрахъомкӏэ еон) ; to spend money thriftily ; to sting ; to weed ; to smoke ; (mathematics) to multiply,verb,он | лъыон | укъысэощт | къоогъэх | шъузэощт | усэо | утэо | саощт | къысэох | уауагъ | бгъодэон | шъукъытэо | еон | жэхэон | шъеуагъ | къысэуа | тэо | ӏу | еуагъ | ео | шъукъытэощт | еуа | яох | и | хэон | укъытэо | къысэо | бгъодэ | шъео | укъытэуа | шъхьадэон | уео | шъутэуа | уауа | чӏэ | теуа | шъхьапыры | сэо | шъоо | къытэуагъ | сеуагъ | къоон | сызэощт | тауа | зэкӏэ | къоощт | къыоуа | узэуажьы | шъхьапырыон | сауагъ | шъуао | усэуа | яощт | утэуа | къытэуа | еощт | шъеощт | гоон | шъуаощт | къысэуах | шъузэо | жэдэон | кӏоцӏы | еох | укъытэощт | яощтых | шъутэо | шъутэощт | еощтых | шъуауа | къышъоох | кӏэлъыры | тауагъ | яуагъ | яогъэх | сызэо | шъуеуа | утэощт | оо | къышъоощтых | ауа | укъысэо | къышъоо | уеуагъ | къытэох | теуагъ | шъукъысэощт | уеуа | ион | къышъоогъэх | пы | жэдэ | тызэуагъ | къышъоощт | къо | тызэощт | къоуагъ | теон | тао | къышъоуа | укъысэуа | къытэогъэх | усэуагъ | чӏэон | зэбгырыон | къысэуагъ | сызэуагъ | къышъоуагъ | зэкӏэон | сеощт | сеуа | уао | къытэощтых | пыон | шъусэо | шъуауагъ | мао | сызэуажьы | яо | таощт | узэуагъ | хэ | маох | еогъэх | къоо | къысэощт | ӏуон | зэбгыры | укъысэуагъ | дэ | сео | еуах | го | теощт | тео | тызэуажьы | къытэо | шъукъысэуагъ | жэхэ | шъусэуагъ | уаощт | шъусэуа | ауах | кӏэлъырыон | къытэуах | тызэо | узэо | къышъоуах | къыоуах | шъутэуагъ | лъы | къытэощт | утэуагъ | къоощтых | сауа | кӏоцӏыон | шъхьадэ | шъукъысэо | къоох | шъусэощт | те | джыхэон | уеощт | дэон | сао | шъузэуажьы | узэощт | укъытэуагъ | шъукъытэуагъ | къысэощтых | шъукъытэуа | усэощт | шъукъысэуа | шъузэуагъ | къысэогъэх,accepted
wiktionary-02700,train,true,,wiktionary,2700,lexicon,онджэкъ,flue,noun,онджэкъ,accepted
wiktionary-02701,train,true,,wiktionary,2701,lexicon,онтэгъу,heavy,adj,онтэгъу | отэгъу,accepted
wiktionary-02702,train,true,,wiktionary,2702,lexicon,онэгу,top of the saddle (where is the rider sits),noun,онэгу,accepted
wiktionary-02703,validation,true,,wiktionary,2703,lexicon,опсэу,thanks (a short thank you),intj,опсэу,accepted
wiktionary-02704,excluded_benchmark_overlap,false,exact_normalized_input_target_or_variant_overlap_with_benchmark,wiktionary,2704,lexicon,ор,"wave ; stormy, turbulent, violent",noun,ор | орыхэр | орым | орыхэм | орыхэмэ | орыу | оры | орыкӏэ | орыхыу | орыхэкӏэ | орыр,accepted
wiktionary-02705,train,true,,wiktionary,2705,lexicon,оркъ,"noble, nobleman (a man of noble rank)",noun,оркъ,accepted
wiktionary-02706,train,true,,wiktionary,2706,lexicon,орыжъ,swamp ; marsh,noun,орыжъ | орыжъэхэ | орыжъэ | орыжъэхыу | орыжъыу | орыжъэхэм | орыжъэм | орыжъэр | орыжъэхэр | орыжъэхэмэ | орыжъэкӏэ | орыжъэхэкӏэ,accepted
wiktionary-02707,train,true,,wiktionary,2707,lexicon,орэд,song,noun,орэд | орэдэр | орэдэкӏэ | орэдэм | орэдэхэм | орэдэхэкӏэ | орэдэ | орэдэхэмэ | орэдэхэ | орэдэхыу | орэдэхэр | орэдыу,accepted
wiktionary-02708,validation,true,,wiktionary,2708,lexicon,орэдаӏу,singer,noun,орэдаӏу | орэдаӏуэхэкӏэ | орэдаӏуэхэм | орэдаӏуэ | орэдаӏуэхэр | орэдаӏуэр | орэдаӏуэкӏэ | орэдаӏуэм | орэдаӏуыу | орэдаӏуэхэ | орэдаӏуэхэмэ | орэдаӏухыу,accepted
wiktionary-02709,train,true,,wiktionary,2709,lexicon,орэдус,composer,noun,орэдус | орэдусыу | орэдусэм | орэдусэ | орэдусэхэм | орэдусэхэмэ | орэдусэкӏэ | орэдусэхэкӏэ | орэдусэр | орэдусэхэ | орэдусэхыу | орэдусэхэр,accepted
wiktionary-02710,train,true,,wiktionary,2710,lexicon,орэдыӏон,to sing,verb,орэдыӏон,accepted
wiktionary-02711,train,true,,wiktionary,2711,lexicon,орэдыӏу,singer,noun,орэдыӏу | орэдыӏуэхэкӏэ | орэдыӏуэхэм | орэдыӏуэкӏэ | орэдыӏуэм | орэдыӏуэхэр | орэдыӏуэхэмэ | орэдыӏуэ | орэдыӏуыу | орэдыӏухыу | орэдыӏуэхэ | орэдыӏуэр,accepted
wiktionary-02712,validation,true,,wiktionary,2712,lexicon,остыгъ,lamp,noun,остыгъ,accepted
wiktionary-02713,train,true,,wiktionary,2713,lexicon,осы,snow,noun,осы | осыхэм | осэхэ | осыу | осэм | осыкӏэ | осым | осэхэм | осыхэмэ | ос | осэхыу | осэр | осэхэр | осэхэкӏэ | осыхэкӏэ | осэхэмэ | осэкӏэ | осыхэр | осэ | осыхыу | осыр,accepted
wiktionary-02714,validation,true,,wiktionary,2714,lexicon,осылӏ,snowman,noun,осылӏ | осылӏэхэкӏэ | осылӏэм | осылӏэхэм | осылӏэхыу | осылӏэхэмэ | осылӏэхэр | осылӏэхэ | осылӏыу | осылӏэ | осылӏэкӏэ | осылӏэр,accepted
wiktionary-02715,train,true,,wiktionary,2715,lexicon,осыпсы,snowflake ; melt water,noun,осыпсы,accepted
wiktionary-02716,train,true,,wiktionary,2716,lexicon,осӏэбыцу,mitten,noun,осӏэбыцу | осӏэбыцухыу | осӏэбыцуэхэм | осӏэбыцуэхэр | осӏэбыцуэм | осӏэбыцуэкӏэ | осӏэбыцуэхэкӏэ | осӏэбыцуыу | осӏэбыцуэхэмэ | осӏэбыцуэр | осӏэбыцуэхэ | осӏэбыцуэ,accepted
wiktionary-02717,train,true,,wiktionary,2717,lexicon,отыч,ax; axe,noun,отыч | отычэхыу | отычэм | отычэхэр | отычэхэм | отычэхэ | отычэр | отычэхэкӏэ | отычэхэмэ | отычэкӏэ | отычэ | отычыу,accepted
wiktionary-02718,test,true,,wiktionary,2718,lexicon,отычыцэ,axe blade ; blade,noun,отычыцэ | отычыцэхэкӏэ | отычыцэхэр | отычыцэхэмэ | отычыцэр | отычыцэм | отычыцэхэм | отычыцэхэ | отычыцэкӏэ | отычыцэхыу | отычыцэу,accepted
wiktionary-02719,train,true,,wiktionary,2719,lexicon,отэр,flock,noun,отэр,accepted
wiktionary-02720,train,true,,wiktionary,2720,lexicon,офис псэуалъэ,office supple,noun,офис псэуалъэ | офис псэуалъэм | офис псэуалъэхэмэ | офис псэуалъэхэкӏэ | офис псэуалъэхэ | офис псэуалъэхэм | офис псэуалъэкӏэ | офис псэуалъэу | офис псэуалъэхыу | офис псэуалъэхэр | офис псэуалъэр,accepted
wiktionary-02721,train,true,,wiktionary,2721,lexicon,ошъогу,sky ; zenith,noun,ошъогу | ошъогуыу | ошъогуэхэм | ошъогуэкӏэ | ошъогуэхэ | ошъогуэм | ошъогуэхэмэ | ошъогуэхэкӏэ | ошъогуэхэр | ошъогухыу | ошъогуэр | ошъогуэ,accepted
wiktionary-02722,validation,true,,wiktionary,2722,lexicon,ошъоку,airplane,noun,ошъоку,accepted
wiktionary-02723,train,true,,wiktionary,2723,lexicon,ошъолъапсэ,horizon,noun,ошъолъапсэ,accepted
wiktionary-02724,train,true,,wiktionary,2724,lexicon,ошъочап,"skyline, horizon, the place at which the earth and sky appear to meet",noun,ошъочап | ошъочапэ | ошъочапэм | ошъочапэхэр | ошъочапэхэм | ошъочапэр | ошъочапыу | ошъочапэхыу | ошъочапэхэ | ошъочапэхэмэ | ошъочапэхэкӏэ | ошъочапэкӏэ,accepted
wiktionary-02725,train,true,,wiktionary,2725,lexicon,ошъуапщэ,cloud,noun,ошъуапщэ | ошъуапщэхэ | ошъуапщэхэмэ | ошъуапщэм | ошъуапщэхэм | ошъуапщэр | ошъуапщэхыу | ошъуапщэхэкӏэ | ошъуапщэкӏэ | ошъуапщэу | ошъуапщэхэр,accepted
wiktionary-02726,train,true,,wiktionary,2726,lexicon,ошэкур,bed ; mattress,noun,ошэкур,accepted
wiktionary-02727,test,true,,wiktionary,2727,lexicon,ошӏу,good weather,noun,ошӏу | ошӏуэхыу | ошӏуэкӏэ | ошӏуэхэкӏэ | ошӏуэхэ | ошӏуэр | ошӏуэм | ошӏуэхэм | ошӏуэ | ошӏуыу | ошӏуэхэр | ошӏуэхэмэ,accepted
wiktionary-02728,validation,true,,wiktionary,2728,lexicon,ошӏэ дэмышӏэу,suddenly ; unexpectedly,adv,ошӏэ дэмышӏэу | ошӏэдэмышӏэу,accepted
wiktionary-02729,validation,true,,wiktionary,2729,lexicon,ощхы,rain,noun,ощхы | ощхыр | ощхыхэкӏэ | ощхыхэм | ощхыкӏэ | ощхыхыу | ощхым | ощхыу | ощхыхэмэ | ощхыхэр,accepted
wiktionary-02730,train,true,,wiktionary,2730,lexicon,ощы,ax,noun,ощы | ощыр | ощыхэкӏэ | ощыхэм | ощыкӏэ | ощыу | ощыхэмэ | ощым | ощыхыу | ощыхэр,accepted
wiktionary-02731,train,true,,wiktionary,2731,lexicon,ощыкӏ,"axe handle, helve",noun,ощыкӏ | ощыкӏэкӏэ | ощыкӏэр | ощыкӏэ | ощыкӏэхэмэ | ощыкӏэхэкӏэ | ощыкӏэхэм | ощыкӏэм | ощыкӏэхэ | ощыкӏэхыу | ощыкӏэхэр | ощыкӏыу,accepted
wiktionary-02732,test,true,,wiktionary,2732,lexicon,пагэ,"arrogant, haughty, proud ; haughty",adj,пагэ,accepted
wiktionary-02733,excluded_benchmark_overlap,false,exact_normalized_input_target_or_variant_overlap_with_benchmark,wiktionary,2733,lexicon,пае,for ; in order to ; a roadway that has a slope,conj | noun,пае,accepted
wiktionary-02734,test,true,,wiktionary,2734,lexicon,пакъ,pug nose ; snub-nosed ; bluntnose,noun,пакъ,accepted
wiktionary-02735,validation,true,,wiktionary,2735,lexicon,пакӏо,since the time,adv,пакӏо,accepted
wiktionary-02736,train,true,,wiktionary,2736,lexicon,пакӏьэ,direction,noun,пакӏьэ,accepted
wiktionary-02737,train,true,,wiktionary,2737,lexicon,пакӏэ,"whisker, mustache ; direction",noun,пакӏэ | пакӏэхэ | пакӏэм | пакӏэхэм | пакӏэхэр | пакӏэхыу | пакӏэкӏэ | пакӏэр | пакӏэхэкӏэ | пакӏэхэмэ | пакӏэу,accepted
wiktionary-02738,excluded_benchmark_overlap,false,exact_normalized_input_target_or_variant_overlap_with_benchmark,wiktionary,2738,lexicon,палътэу,coat,noun,палътэу | палътэуэхэм | палътэуэкӏэ | палътэуэр | палътэуэм | палътэуэхэ | палътэуэхэмэ | палътэуыу | палътэуэхэр | палътэухыу | палътэуэ | палътэуэхэкӏэ,accepted
wiktionary-02739,validation,true,,wiktionary,2739,lexicon,панэ,thorn,noun,панэ | панэхэ | панэхыу | панэм | панэхэр | панэхэмэ | панэкӏэ | панэхэм | панэу | панэхэкӏэ | панэр,accepted
wiktionary-02740,excluded_benchmark_overlap,false,exact_normalized_input_target_or_variant_overlap_with_benchmark,wiktionary,2740,lexicon,папкӏэ,for,conj,папкӏэ,accepted
wiktionary-02741,validation,true,,wiktionary,2741,lexicon,папцӏэ,pointy (having a comparatively sharp point); sharp-pointed,adj,папцӏэ | папсӏэ,accepted
wiktionary-02742,train,true,,wiktionary,2742,lexicon,папыщ,"pantofle, slipper, babouche, pump",noun,папыщ | папыщэхэр | папыщэм | папыщэкӏэ | папыщэ | папыщыу | папыщэхэм | папыщэхэмэ | папыщэхэкӏэ | папыщэр | папыщэхэ | папыщэхыу,accepted
wiktionary-02743,train,true,,wiktionary,2743,lexicon,парчэ,piece,noun,парчэ | парчэхэ | парчэм | парчэу | парчэкӏэ | парчэр | парчэхэм | парчэхэкӏэ | парчэхэмэ | парчэхэр | парчэхыу,accepted
wiktionary-02744,train,true,,wiktionary,2744,lexicon,парэ,money,noun,парэ | парэхэм | парэм | парэкӏэ | парэхыу | парэу | парэхэр | парэхэкӏэ | парэхэмэ | парэхэ | парэр,accepted
wiktionary-02745,train,true,,wiktionary,2745,lexicon,пасэ,early,adv,пасэ,accepted
wiktionary-02746,train,true,,wiktionary,2746,lexicon,пахъэ,steam,noun,пахъэ | пахъээхэм | пахъээхэкӏэ | пахъээхэмэ | пахъээхэ | пахъээм | пахъээкӏэ | пахъээхэр | пахъээ | пахъээхыу | пахъэыу | пахъээр,accepted
wiktionary-02747,train,true,,wiktionary,2747,lexicon,пацэ,"fur, hair (animal hair or human body hair)",noun,пацэ,accepted
wiktionary-02748,train,true,,wiktionary,2748,lexicon,пачъыхь,"king, emperor, caesar, sultan",noun,пачъыхь | пачъыхьэр | пачъыхьэм | парчъыхьыу | пачъыхьэхэкӏэ | пачъыхьэхэмэ | парчъыхьэхэкӏэ | парчъыхьэм | парчъыхьэхэм | парчъыхьэхэ | пачъыхьэхыу | пачъыхьэхэм | парчъыхьэ | пачъыхьыу | парчъыхь | парчъыхьэхэмэ | пачъыхьэ | парчъыхьэр | пачъыхьэхэр | парчъыхьэхыу | пачъыхьэхэ | парчъыхьэхэр | парчъыхьэкӏэ | пачъыхьэкӏэ,accepted
wiktionary-02749,train,true,,wiktionary,2749,lexicon,пачъыхьагъо,"kingdom, realm ; reign",noun,пачъыхьагъо,accepted
wiktionary-02750,train,true,,wiktionary,2750,lexicon,пашъхьэ,chief ; leader ; in front of,noun,пашъхьэ | пашъхьэхэм | пашъхьэм | пашъхьэхэ | пашъхьэкӏэ | пашъхьэхэр | пашъхьэхэмэ | пашъхьэхэкӏэ | пашъхьэр | пашъхьэу | пашъхьэхыу,accepted
wiktionary-02751,train,true,,wiktionary,2751,lexicon,пащ,chief ; leader,noun,пащ | пащэхэ | пащэхэм | пащэм | пащэкӏэ | пащыу | пащэ | пащэхэмэ | пащэхыу | пащэр | пащэхэр | пащэхэкӏэ,accepted
wiktionary-02752,train,true,,wiktionary,2752,lexicon,паӏо,hat ; cap,noun,паӏо | паӏом | паӏохэр | паӏохэм | паӏохэмэ | паӏохыу | паӏоу | паӏохэкӏэ | паӏокӏэ | паӏор | паӏохэ,accepted
wiktionary-02753,train,true,,wiktionary,2753,lexicon,пелыуан,"strongly built man, hero",noun,пелыуан,accepted
wiktionary-02754,train,true,,wiktionary,2754,lexicon,пихын,to emit,verb,пихын,accepted
wiktionary-02755,train,true,,wiktionary,2755,lexicon,пкъы,body ; organ; body part ; figure (structure),noun,пкъы | пкъым | пкъыхэр | пкъыхэкӏэ | пкъыу | пкъыкӏэ | пкъыхэм | пкъыр | пкъыхыу | пкъыхэмэ,accepted
wiktionary-02756,train,true,,wiktionary,2756,lexicon,пкъыгъо,thing ; matter ; an object,noun,пкъыгъо,accepted
wiktionary-02757,test,true,,wiktionary,2757,lexicon,пкъыгъуацӏэ,noun,noun,пкъыгъуацӏэ,accepted
wiktionary-02758,train,true,,wiktionary,2758,lexicon,пкъышъолы,body,noun,пкъышъолы | пкъышъолым | пкъышъолыр | пкъышъолыхэм | пкъышъолыу | пкъышъолыхэр | пкъышъолыхэкӏэ | пкъышъолыхэмэ | пкъышъолыхыу | пкъышъолыкӏэ,accepted
wiktionary-02759,train,true,,wiktionary,2759,lexicon,пкъэу,"post, pole, pillar, column",noun,пкъэу,accepted
wiktionary-02760,train,true,,wiktionary,2760,lexicon,пкьэн,card,noun,пкьэн,accepted
wiktionary-02761,test,true,,wiktionary,2761,lexicon,пкӏантӏэ,sweat,noun,пкӏантӏэ | пкӏантӏэм | пкӏатӏэ | пкӏатӏэм | пкӏантӏэкӏэ | пкӏантӏэу | пкӏантӏэхыу | пкӏатӏэхэм | пкӏантӏэхэр | пкӏантӏэхэ | пкӏантӏэр | пкӏантӏэхэмэ | пкӏантӏэхэм | пкӏатӏэхэр | пкӏатӏэхэкӏэ | пкӏатӏэхэмэ | пкӏатӏэкӏэ | пкӏатӏэхыу | пкӏатӏэр | пкӏатӏэу | пкӏантӏэхэкӏэ | пкӏатӏэхэ,accepted
wiktionary-02762,train,true,,wiktionary,2762,lexicon,пкӏау,grasshopper,noun,пкӏау | пкӏауэхэм | пкӏауыу | пкӏауэхэ | пкӏаухыу | пкӏауэр | пкӏауэ | пкӏауэм | пкӏауэхэкӏэ | пкӏауэхэр | пкӏауэхэмэ | пкӏауэкӏэ,accepted
wiktionary-02763,train,true,,wiktionary,2763,lexicon,пкӏыхь,dream,noun,пкӏыхь | пкӏыхьэхэмэ | пкӏыхьэм | пкӏыхьэр | пкӏыхьэхыу | пкӏыхьэхэр | пкӏыхьэхэм | пкӏыхьэкӏэ | пкӏыхьыу | пкӏыхьэ | пкӏыхьэхэкӏэ | пкӏыхьэхэ,accepted
wiktionary-02764,test,true,,wiktionary,2764,lexicon,пкӏыхьапӏ,dream,noun,пкӏыхьапӏ | пкӏыхьапӏэхэм | пкӏыхьапӏэхэкӏэ | пкӏыхьапӏэм | пкӏыхьапӏэ | пкӏыхьапӏэхэр | пкӏыхьапӏэхэ | пкӏыхьапӏыу | пкӏыхьапӏэхыу | пкӏыхьапӏэхэмэ | пкӏыхьапӏэкӏэ | пкӏыхьапӏэр,accepted
wiktionary-02765,train,true,,wiktionary,2765,lexicon,пкӏышъхьэмышъхьэ,fruit,noun,пкӏышъхьэмышъхьэ,accepted
wiktionary-02766,train,true,,wiktionary,2766,lexicon,пкӏэ,"value; worth ; significance, importance, meaningfulness",noun,пкӏэ,accepted
wiktionary-02767,validation,true,,wiktionary,2767,lexicon,пкӏэн,to jump ; to be sticky; to be gluey ; to pave,verb,пкӏэн | пкӏьэн | мэпкӏэн,accepted
wiktionary-02768,test,true,,wiktionary,2768,lexicon,пкӏэнчъ,"idle, wasted, useless ; meaningless",adv,пкӏэнчъ,accepted
wiktionary-02769,train,true,,wiktionary,2769,lexicon,пкӏэтэн,to jump rapidly,verb,пкӏэтэн,accepted
wiktionary-02770,train,true,,wiktionary,2770,lexicon,пкӏэшъэхъу,centipede ; caterpillar,noun,пкӏэшъэхъу | пкӏэшъэхъуэкӏэ | пкӏэшъэхъуэхэм | пкӏэшъэхъуыу | пкӏэшъэхъуэхыу | пкӏэшъэхъуэм | пкӏэшъэхъуэхэ | пкӏэшъэхъуэхэкӏэ | пкӏэшъэхъуэхэмэ | пкӏэшъэхъуэр | пкӏэшъэхъуэ | пкӏэшъэхъуэхэр,accepted
wiktionary-02771,train,true,,wiktionary,2771,lexicon,плъыжьгьэф,pink ; pink,adj | noun,плъыжьгьэф | плъыжьгьэфэхыу | плъыжьгьэфэхэм | плъыжьгьэфэхэкӏэ | плъыжьгьэфыу | плъыжьгьэфэ | плъыжьгьэфэм | плъыжьгьэфэр | плъыжьгьэфэхэр | плъыжьгьэфэхэ | плъыжьгьэфэкӏэ | плъыжьгьэфэхэмэ,accepted
wiktionary-02772,excluded_benchmark_overlap,false,exact_normalized_input_target_or_variant_overlap_with_benchmark,wiktionary,2772,lexicon,плъыжьы,red ; red color,adj | noun,плъыжьы,accepted
wiktionary-02773,train,true,,wiktionary,2773,lexicon,плъыжьыбз,red blood,noun,плъыжьыбз,accepted
wiktionary-02774,train,true,,wiktionary,2774,lexicon,плъыр,fever ; high fever ; hot ; hotness,noun,плъыр | плъырэм | плъырэхэм | плъырэкӏэ | плъырэ | плъырыу | плъырэхыу | плъырэхэ | плъырэхэр | плъырэр | плъырэхэмэ | плъырэхэкӏэ,accepted
wiktionary-02775,test,true,,wiktionary,2775,lexicon,плъышъо,"guide, mark, similar, similarity",noun,плъышъо,accepted
wiktionary-02776,test,true,,wiktionary,2776,lexicon,плъэкӏун,"to try out something ; to check, to examine ; to test",verb,плъэкӏун,accepted
wiktionary-02777,excluded_benchmark_overlap,false,exact_normalized_input_target_or_variant_overlap_with_benchmark,wiktionary,2777,lexicon,плъэн,to look,verb,плъэн | шъуеплъы | гоплъэн | узэплъыжьы | ӏу | и | еплъых | бгъодэ | къыоплъых | пыплъэн | дэплъэн | къоплъэн | чӏэ | шъхьапыры | утэплъы | зэкӏэ | сеплъы | маплъэх | таплъы | лъыплъэн | тэплъэ | къысэплъы | кӏоцӏы | шъутэплъы | оплъэ | кӏэлъыры | аплъых | укъытэплъы | жэдэплъэн | теплъэн | теплъы | хэплъэн | пы | жэдэ | шъукъытэплъы | къо | жэхэплъэн | еплъын | зэбгырыплъэн | саплъы | зэкӏэплъэн | укъысэплъы | аплъы | маплъэ | хэ | ӏуплъэн | зэбгыры | дэ | шъусэплъы | го | жэхэ | къытэплъы | иплъэн | кӏоцӏыплъэн | къышъоплъы | кӏэлъырыплъэн | къытэплъых | шъхьадэплъэн | усэплъы | шъукъысэплъы | тызэплъыжьы | лъы | уеплъы | шъхьадэ | еплъы | къышъоплъых | те | шъуаплъы | бгъодэплъэн | шъоплъэ | къыоплъы | чӏэплъэн | сэплъэ | уаплъы | шъузэплъыжьы | шъхьапырыплъэн | сызэплъыжьы | къысэплъых,accepted
wiktionary-02778,train,true,,wiktionary,2778,lexicon,плъэхъун,"to overlook, to miss",verb,плъэхъун,accepted
wiktionary-02779,train,true,,wiktionary,2779,lexicon,плӏанэ,quarter,num,плӏанэ,accepted
wiktionary-02780,train,true,,wiktionary,2780,lexicon,плӏы,four,num,плӏы,accepted
wiktionary-02781,test,true,,wiktionary,2781,lexicon,плӏэмыепкъ,cube,noun,плӏэмыепкъ | плӏэмыепкъэхэ | плӏэмыепкъэкӏэ | плӏэмыепкъэм | плӏэмыепкъэхэкӏэ | плӏэмыепкъэхэм | плӏэмыепкъэ | плӏэмыепкъэхэр | плӏэмыепкъэхэмэ | плӏэмыепкъыу | плӏэмыепкъэхыу | плӏэмыепкъэр,accepted
wiktionary-02782,test,true,,wiktionary,2782,lexicon,плӏэмый,square,noun,плӏэмый | плӏэмыйэхэ | плӏэмыйэхэм | плӏэмыйыу | плӏэмыйэхыу | плӏэмыйэхэкӏэ | плӏэмыйэ | плӏэмыйэм | плӏэмыйэкӏэ | плӏэмыйэхэр | плӏэмыйэр | плӏэмыйэхэмэ,accepted
wiktionary-02783,train,true,,wiktionary,2783,lexicon,плӏэнэбзы,pyramid,noun,плӏэнэбзы | плӏэнэбзыхэкӏэ | плӏэнэбзыхэм | плӏэнэбзыу | плӏэнэбзыхэр | плӏэнэбзым | плӏэнэбзыхэмэ | плӏэнэбзыр | плӏэнэбзыхыу | плӏэнэбзыкӏэ,accepted
wiktionary-02784,train,true,,wiktionary,2784,lexicon,прилъэшъон,to pay a deep attention to something without leaving it,verb,прилъэшъон,accepted
wiktionary-02785,excluded_benchmark_overlap,false,exact_normalized_input_target_or_variant_overlap_with_benchmark,wiktionary,2785,lexicon,псалъэ,word,noun,псалъэ,accepted
wiktionary-02786,validation,true,,wiktionary,2786,lexicon,псапэ,"redemption, good deed",noun,псапэ | псапэхэмэ | псапэм | псапэхэм | псапэу | псапэхыу | псапэр | псапэкӏэ | псапэхэ | псапэхэр | псапэхэкӏэ,accepted
wiktionary-02787,validation,true,,wiktionary,2787,lexicon,пскэн,to cough,verb,пскэн,accepted
wiktionary-02788,train,true,,wiktionary,2788,lexicon,пстэуми афэмыдэ,"special, detached, distinct",adj,пстэуми афэмыдэ,accepted
wiktionary-02789,excluded_benchmark_overlap,false,exact_normalized_input_target_or_variant_overlap_with_benchmark,wiktionary,2789,lexicon,пстэури,all,adv,пстэури,accepted
wiktionary-02790,train,true,,wiktionary,2790,lexicon,псчэн,to cough,verb,псчэн,accepted
wiktionary-02791,excluded_benchmark_overlap,false,exact_normalized_input_target_or_variant_overlap_with_benchmark,wiktionary,2791,lexicon,псы,water,noun,псы | псыэхэкӏэ | псыэм | псыэкӏэ | псыэхэмэ | псыэхэм | псыыу | псыхыу | псыэр | псыэхэр | псыэ | псыэхэ,accepted
wiktionary-02792,train,true,,wiktionary,2792,lexicon,псы тэгъэчъын,to hit or expel water at,verb,псы тэгъэчъын,accepted
wiktionary-02793,test,true,,wiktionary,2793,lexicon,псы фэлӏэн,to be thirsty,verb,псы фэлӏэн,accepted
wiktionary-02794,train,true,,wiktionary,2794,lexicon,псыбыб,bubble,noun,псыбыб | псыбыбэм | псыбыбыу | псыбыбэ | псыбыбэр | псыбыбэхэмэ | псыбыбэхэм | псыбыбэхыу | псыбыбэкӏэ | псыбыбэхэкӏэ | псыбыбэхэр | псыбыбэхэ,accepted
wiktionary-02795,train,true,,wiktionary,2795,lexicon,псыгу,island,noun,псыгу | псыгуэм | псыгуэхэм | псыгуэхэмэ | псыгуэкӏэ | псыгухыу | псыгуыу | псыгуэхэкӏэ | псыгуэхэ | псыгуэ | псыгуэхэр | псыгуэр,accepted
wiktionary-02796,train,true,,wiktionary,2796,lexicon,псыгъо,thin,adj,псыгъо,accepted
wiktionary-02797,train,true,,wiktionary,2797,lexicon,псыгъэхъун,island,noun,псыгъэхъун | псыгъэхъунэхэмэ | псыгъэхъунэкӏэ | псыгъэхъунэхэ | псыгъэхъунэм | псыгъэхъунэхэкӏэ | псыгъэхъунэхэм | псыгъэхъунэхэр | псыгъэхъунэ | псыгъэхъунэр | псыгъэхъуныу | псыгъэхъунэхыу,accepted
wiktionary-02798,train,true,,wiktionary,2798,lexicon,псыжъо,boiling water,noun,псыжъо | псыжъохэ | псыжъохыу | псыжъохэр | псыжъом | псыжъокӏэ | псыжъор | псыжъохэкӏэ | псыжъоу | псыжъохэм | псыжъохэмэ,accepted
wiktionary-02799,train,true,,wiktionary,2799,lexicon,псыкъефэх,waterfall,noun,псыкъефэх | псыкъефэхэхэ | псыкъефэххыу | псыкъефэхэхэр | псыкъефэхэм | псыкъефэхэхэкӏэ | псыкъефэхыу | псыкъефэхэхэмэ | псыкъефэхэкӏэ | псыкъефэхэхэм | псыкъефэхэр | псыкъефэхэ,accepted
wiktionary-02800,train,true,,wiktionary,2800,lexicon,псыкъу,dolphin,noun,псыкъу | псыкъуэ | псыкъуэхэмэ | псыкъуэм | псыкъуэхэ | псыкъухыу | псыкъуэкӏэ | псыкъуэхэкӏэ | псыкъуэхэм | псыкъуэр | псыкъуыу | псыкъуэхэр,accepted
wiktionary-02801,train,true,,wiktionary,2801,lexicon,псылъэхъу,octopus,noun,псылъэхъу | псылъэхъуэр | псылъэхъуэхэкӏэ | псылъэхъуэхэр | псылъэхъуэм | псылъэхъуэхэм | псылъэхъуыу | псылъэхъуэхэмэ | псылъэхъуэ | псылъэхъухыу | псылъэхъуэхэ | псылъэхъуэкӏэ,accepted
wiktionary-02802,train,true,,wiktionary,2802,lexicon,псым фэдэу,smoothly,adv,псым фэдэу,accepted
wiktionary-02803,train,true,,wiktionary,2803,lexicon,псынжъы,mud ; dirt (stain or spot (on clothes etc)),noun,псынжъы | псыжъ | псыжъы,accepted
wiktionary-02804,train,true,,wiktionary,2804,lexicon,псынкӏагъэ,"speed, velocity",noun,псынкӏагъэ,accepted
wiktionary-02805,train,true,,wiktionary,2805,lexicon,псынкӏэ,fast ; nimble ; light (Of low weight; not heavy),adj,псынкӏэ | псыкӏэ,accepted
wiktionary-02806,validation,true,,wiktionary,2806,lexicon,псынкӏэн,"to hurry up, to hasten",verb,псынкӏэн,accepted
wiktionary-02807,train,true,,wiktionary,2807,lexicon,псынкӏэу,quickly ; lightly,adv,псынкӏэу | псыкӏэу,accepted
wiktionary-02808,train,true,,wiktionary,2808,lexicon,псынэ,"spring, stream, well",noun,псынэ | псынэм | псынэхэм | псынэр | псынэкӏэ | псынэхэ | псынэу | псынэхэр | псынэхыу | псынэхэмэ | псынэхэкӏэ,accepted
wiktionary-02809,train,true,,wiktionary,2809,lexicon,псынэкъуау,winch (for the well); windlass,noun,псынэкъуау,accepted
wiktionary-02810,train,true,,wiktionary,2810,lexicon,псыор,wave,noun,псыор,accepted
wiktionary-02811,train,true,,wiktionary,2811,lexicon,псысамыр,beaver,noun,псысамыр,accepted
wiktionary-02812,train,true,,wiktionary,2812,lexicon,псыуалъэ,wave,noun,псыуалъэ,accepted
wiktionary-02813,train,true,,wiktionary,2813,lexicon,псыунэ,toilet,noun,псыунэ,accepted
wiktionary-02814,train,true,,wiktionary,2814,lexicon,псыуцупӏэ,water tank,noun,псыуцупӏэ,accepted
wiktionary-02815,train,true,,wiktionary,2815,lexicon,псыфалӏэ лӏэн,to be dying of thirst,verb,псыфалӏэ лӏэн,accepted
wiktionary-02816,train,true,,wiktionary,2816,lexicon,псыхъо,river,noun,псыхъо | псыхъохэм | псыхъокӏэ | псыхъом | псыхъоу | псыхъохэр | псыхъор | псыхъохэкӏэ | псыхъохыу | псыхъохэ | псыхъохэмэ,accepted
wiktionary-02817,train,true,,wiktionary,2817,lexicon,псыхъурай,lake,noun,псыхъурай | псы хъурай,accepted
wiktionary-02818,validation,true,,wiktionary,2818,lexicon,псыхьэн,"to temper (to heat-treat) ; to temper, to harden, to inure",verb,псыхьэн,accepted
wiktionary-02819,train,true,,wiktionary,2819,lexicon,псыцу,water buffalo,noun,псыцу,accepted
wiktionary-02820,train,true,,wiktionary,2820,lexicon,псычэт,duck,noun,псычэт | псыкӏэты | псыкьэт,accepted
wiktionary-02821,train,true,,wiktionary,2821,lexicon,псычэтыхъу,"drake, male duck",noun,псычэтыхъу,accepted
wiktionary-02822,train,true,,wiktionary,2822,lexicon,псычӏэгъы,submarine,noun,псычӏэгъы | псычӏэгъыхэмэ | псычӏэгъыр | псычӏэгъыхэр | псычӏэгъым | псычӏэгъыхыу | псычӏэгъыхэкӏэ | псычӏэгъыу | псычӏэгъыхэм | псычӏэгъыкӏэ,accepted
wiktionary-02823,train,true,,wiktionary,2823,lexicon,псышъо,liquid,noun,псышъо,accepted
wiktionary-02824,train,true,,wiktionary,2824,lexicon,псышъонт,hippopotamus,noun,псышъонт,accepted
wiktionary-02825,test,true,,wiktionary,2825,lexicon,псышъуалъэ,"a tool to store drinkable liquid in (such as jug, glass, cup, mug and bowl)",noun,псышъуалъэ,accepted
wiktionary-02826,test,true,,wiktionary,2826,lexicon,псыӏушъо,beach,noun,псыӏушъо,accepted
wiktionary-02827,train,true,,wiktionary,2827,lexicon,псыӏыгъыпӏэ,a pond behind a dam; water tank,noun,псыӏыгъыпӏэ,accepted
wiktionary-02828,excluded_benchmark_overlap,false,exact_normalized_input_target_or_variant_overlap_with_benchmark,wiktionary,2828,lexicon,псэ,soul,noun,псэ | псэхэм | псэхыу | псэхэкӏэ | псэхэмэ | псэм | псэхэр | псэу | псэхэ | псэкӏэ | псэр,accepted
wiktionary-02829,train,true,,wiktionary,2829,lexicon,псэи,fir ; evergreen,noun,псэи | псэир | псэикӏэ | псэихэкӏэ | псэихэм | псэихэмэ | псэиу | псэихэр | псэим | псэихыу,accepted
wiktionary-02830,validation,true,,wiktionary,2830,lexicon,псэкӏод,misdeed,noun,псэкӏод | псэкӏодэхэр | псэкӏодэхэм | псэкӏодыу | псэкӏодэр | псэкӏодэм | псэкӏодэхэ | псэкӏодэ | псэкӏодэкӏэ | псэкӏодэхэкӏэ | псэкӏодэхыу | псэкӏодэхэмэ,accepted
wiktionary-02831,train,true,,wiktionary,2831,lexicon,псэлъыхъо,boyfriend,noun,псэлъыхъо | псэлъыхъохэм | псэлъыхъохэкӏэ | псэлъыхъом | псэлъыхъохэ | псэлъыхъор | псэлъыхъокӏэ | псэлъыхъохыу | псэлъыхъоу | псэлъыхъохэмэ | псэлъыхъохэр,accepted
wiktionary-02832,validation,true,,wiktionary,2832,lexicon,псэлъыхъон,to talk a conversation with a potential romantic partner ; to flirt,verb,псэлъыхъон,accepted
wiktionary-02833,train,true,,wiktionary,2833,lexicon,псэлъыхъу,bridegroom; fiancé,noun,псэлъыхъу,accepted
wiktionary-02834,train,true,,wiktionary,2834,lexicon,псэлъэн,to talk,verb,псэлъэн | мэпсэлъэн,accepted
wiktionary-02835,train,true,,wiktionary,2835,lexicon,псэо,"everyone, everything",noun,псэо,accepted
wiktionary-02836,train,true,,wiktionary,2836,lexicon,псэолъэшӏ,builder,noun,псэолъэшӏ,accepted
wiktionary-02837,train,true,,wiktionary,2837,lexicon,псэолъэшӏыпӏ,"construction site, building site",noun,псэолъэшӏыпӏ,accepted
wiktionary-02838,train,true,,wiktionary,2838,lexicon,псэонгъэ,health,noun,псэонгъэ | псэонгъэм | псэонгъэр | псэонгъэхэмэ | псэонгъэу | псэонгъэхэм | псэонгъэкӏэ | псэонгъэхэ | псэонгъэхыу | псэонгъэхэр | псэонгъэхэкӏэ,accepted
wiktionary-02839,excluded_benchmark_overlap,false,exact_normalized_input_target_or_variant_overlap_with_benchmark,wiktionary,2839,lexicon,псэори,all,adv,псэори,accepted
wiktionary-02840,excluded_benchmark_overlap,false,exact_normalized_input_target_or_variant_overlap_with_benchmark,wiktionary,2840,lexicon,псэу,"whole, intact ; fine, in good health, alright, on good condition ; (rare) health condition",adj | noun,псэу | псау | псао,accepted
wiktionary-02841,train,true,,wiktionary,2841,lexicon,псэуагъэ,health condition ; wholeness,noun,псэуагъэ,accepted
wiktionary-02842,train,true,,wiktionary,2842,lexicon,псэуалъэ,structure,noun,псэуалъэ,accepted
wiktionary-02843,train,true,,wiktionary,2843,lexicon,псэун,"to live (To have permanent residence somewhere, to inhabit)",verb,псэун,accepted
wiktionary-02844,excluded_benchmark_overlap,false,exact_normalized_input_target_or_variant_overlap_with_benchmark,wiktionary,2844,lexicon,псэушъхь,animal,noun,псэушъхь | псэушъхьэм | псэушъхьэхэм | псэушъхьэкӏэ | псэушъхьэ | псэушъхьэр | псэушъхьэхыу | псэушъхьэхэ | псэушъхьэхэмэ | псэушъхьэхэр | псэушъхьыу | псэушъхьэхэкӏэ,accepted
wiktionary-02845,train,true,,wiktionary,2845,lexicon,псэхалӏэ,"(animate) carrion, offal (dead flesh; carcasses), dead (of animals)",noun,псэхалӏэ,accepted
wiktionary-02846,train,true,,wiktionary,2846,lexicon,псӏы,a lie,noun,псӏы | псӏыхэр | псӏыхэм | псӏым | псӏыхыу | псӏыхэкӏэ | псӏыу | псӏыр | псӏыкӏэ | псӏыхэмэ,accepted
wiktionary-02847,train,true,,wiktionary,2847,lexicon,пхъапэ,a piece of wood,noun,пхъапэ,accepted
wiktionary-02848,train,true,,wiktionary,2848,lexicon,пхъатэ,respect,noun,пхъатэ,accepted
wiktionary-02849,train,true,,wiktionary,2849,lexicon,пхъацӏэ,bug,noun,пхъацӏэ | пхъацӏэм | пхъацӏэхэм | пхъацӏэу | пхъацӏэр | пхъацӏэхыу | пхъацӏэхэр | пхъацӏэхэкӏэ | пхъацӏэхэ | пхъацӏэкӏэ | пхъацӏэхэмэ,accepted
wiktionary-02850,train,true,,wiktionary,2850,lexicon,пхъашэ,"bold, brave, hard ; rough, coarse, surface with high friction (opposite of soft)",adj,пхъашэ,accepted
wiktionary-02851,train,true,,wiktionary,2851,lexicon,пхъон,to extend unexpectedly,verb,пхъон,accepted
wiktionary-02852,train,true,,wiktionary,2852,lexicon,пхъотэн,"to grasp, to grab, to seize, to snap, to snatch, to catch, to catch hold of",verb,пхъотэн,accepted
wiktionary-02853,excluded_benchmark_overlap,false,exact_normalized_input_target_or_variant_overlap_with_benchmark,wiktionary,2853,lexicon,пхъу,daughter,noun,пхъу,accepted
wiktionary-02854,test,true,,wiktionary,2854,lexicon,пхъуант,"trunk, box, chest",noun,пхъуант,accepted
wiktionary-02855,train,true,,wiktionary,2855,lexicon,пхъурылъф,grandchildren (on the line of the daughter); one's daughter's children,noun,пхъурылъф,accepted
wiktionary-02856,train,true,,wiktionary,2856,lexicon,пхъы,carrot,noun,пхъы | пхъыхэр | пхъыхэкӏэ | пхъыкӏэ | пхъыр | пхъым | пхъыхэм | пхъыхэмэ | пхъыхыу | пхъыу,accepted
wiktionary-02857,excluded_benchmark_overlap,false,exact_normalized_input_target_or_variant_overlap_with_benchmark,wiktionary,2857,lexicon,пхъэ,wood,noun,пхъэ | пхъэхэм | пхъэу | пхъэхыу | пхъэр | пхъэхэ | пхъэхэкӏэ | пхъэкӏэ | пхъэм | пхъэхэмэ | пхъэхэр,accepted
wiktionary-02858,train,true,,wiktionary,2858,lexicon,пхъэгулъ,A cherry plum: a member of a certain species of plum (namely Prunus cerasifera).,noun,пхъэгулъ | пхъэгулъэ | пхъэгулъыу | пхъэгулъэхэ | пхъэгулъэкӏэ | пхъэгулъэхэм | пхъэгулъэхыу | пхъэгулъэхэкӏэ | пхъэгулъэхэр | пхъэгулъэр | пхъэгулъэм | пхъэгулъэхэмэ,accepted
wiktionary-02859,train,true,,wiktionary,2859,lexicon,пхъэжъые,a piece of wood,noun,пхъэжъые,accepted
wiktionary-02860,train,true,,wiktionary,2860,lexicon,пхъэкӏэн,checkers,noun,пхъэкӏэн | пхъэкӏэнэм | пхъэкӏэнэхэм | пхъэкӏэнэхыу | пхъэкӏэнэр | пхъэкӏэнэ | пхъэкӏэнэхэмэ | пхъэкӏэнэхэ | пхъэкӏэнэхэр | пхъэкӏэнэкӏэ | пхъэкӏэныу | пхъэкӏэнэхэкӏэ,accepted
wiktionary-02861,train,true,,wiktionary,2861,lexicon,пхъэмбай,coffin,noun,пхъэмбай,accepted
wiktionary-02862,train,true,,wiktionary,2862,lexicon,пхъэмбгъу,"board, plank",noun,пхъэмбгъу | пхъэмбгъуэм | пхъэмбгъуэхэмэ | пхъэмбгъухыу | пхъэмбгъуэхэм | пхъэмбгъуэр | пхъэмбгъуэхэ | пхъэмбгъуэхэкӏэ | пхъэмбгъуэкӏэ | пхъэмбгъуыу | пхъэмбгъуэхэр | пхъэмбгъуэ,accepted
wiktionary-02863,train,true,,wiktionary,2863,lexicon,пхъэн,to sow,verb,пхъэн,accepted
wiktionary-02864,train,true,,wiktionary,2864,lexicon,пхъэнкӏын,to sweep,verb,пхъэнкӏын,accepted
wiktionary-02865,train,true,,wiktionary,2865,lexicon,пхъэнкӏыпхъ,broom,noun,пхъэнкӏыпхъ | пхъэкӏыпхъэхэкӏэ | пхъэкӏыпхъэм | пхъэнкӏыпхъыу | пхъэнкӏыпхъэкӏэ | пхъэнкӏыпхъэм | пхъэнкӏыпхъэр | пхъэкӏыпхъэхэм | пхъэнкӏыпхъэхэм | пхъэкӏыпхъэхэмэ | пхъэнкӏыпхъэхэ | пхъэкӏыпхъыу | пхъэкӏыпхъэ | пхъэкӏыпхъэхэр | пхъэнкӏыпхъэхэмэ | пхъэкӏыпхъ | пхъэкӏыпхъэхэ | пхъэкӏыпхъэкӏэ | пхъэнкӏыпхъэхэкӏэ | пхъэнкӏыпхъэ | пхъэнкӏыпхъэхыу | пхъэкӏыпхъэр | пхъэнкӏыпхъэхэр | пхъэкӏыпхъэхыу,accepted
wiktionary-02866,train,true,,wiktionary,2866,lexicon,пхъэнтэкӏу кӏыхь,bench,noun,пхъэнтэкӏу кӏыхь | пхъэнтэкӏу кӏыхьэхэкӏэ | пхъэнтэкӏу кӏыхьэ | пхъэнтэкӏу кӏыхьыу | пхъэнтэкӏу кӏыхьэкӏэ | пхъэнтэкӏу кӏыхьэхыу | пхъэнтэкӏу кӏыхьэр | пхъэнтэкӏу кӏыхьэхэм | пхъэнтэкӏу кӏыхьэм | пхъэнтэкӏу кӏыхьэхэмэ | пхъэнтэкӏу кӏыхьэхэ | пхъэнтэкӏу кӏыхьэхэр,accepted
wiktionary-02867,train,true,,wiktionary,2867,lexicon,пхъэнтӏэкӏу,chair,noun,пхъэнтӏэкӏу | пхъэтӏэкӏу,accepted
wiktionary-02868,test,true,,wiktionary,2868,lexicon,пхъэнтӏэкӏущыхьэ,armchair,noun,пхъэнтӏэкӏущыхьэ | пхъэнтӏэкӏущыхьэкӏэ | пхъэнтӏэкӏущыхьэхэм | пхъэнтӏэкӏущыхьэхэр | пхъэнтӏэкӏущыхьэм | пхъэнтӏэкӏущыхьэхыу | пхъэнтӏэкӏущыхьэхэкӏэ | пхъэнтӏэкӏущыхьэхэмэ | пхъэнтӏэкӏущыхьэу | пхъэнтӏэкӏущыхьэхэ | пхъэнтӏэкӏущыхьэр,accepted
wiktionary-02869,validation,true,,wiktionary,2869,lexicon,пхъэныӏу,ladle,noun,пхъэныӏу | пхъэныӏуэхэм | пхъэныӏуэр | пхъэныӏуыу | пхъэныӏуэхыу | пхъэныӏуэм | пхъэныӏуэхэкӏэ | пхъэныӏуэхэ | пхъэныӏуэ | пхъэныӏуэхэр | пхъэныӏуэкӏэ | пхъэныӏуэхэмэ,accepted
wiktionary-02870,validation,true,,wiktionary,2870,lexicon,пхъэпхъэн,"to crumble, to fall to pieces; to disintegrate ; to crunch",verb,пхъэпхъэн,accepted
wiktionary-02871,train,true,,wiktionary,2871,lexicon,пхъэтакъэ,stump,noun,пхъэтакъэ | пхъэтакъэхэкӏэ | пхъэтакъэхэм | пхъэтакъэр | пхъэтакъэхэр | пхъэтакъэхэмэ | пхъэтакъэу | пхъэтакъэхыу | пхъэтакъэм | пхъэтакъэкӏэ | пхъэтакъэхэ,accepted
wiktionary-02872,test,true,,wiktionary,2872,lexicon,пхъэтэкъэжъ,stump ; blockhead,noun,пхъэтэкъэжъ | пхъэтэкъэжъэхэм | пхъэтэкъэжъэхэмэ | пхъэтэкъэжъэкӏэ | пхъэтэкъэжъыу | пхъэтэкъэжъэхыу | пхъэтэкъэжъэ | пхъэтэкъэжъэр | пхъэтэкъэжъэхэр | пхъэтэкъэжъэхэ | пхъэтэкъэжъэм | пхъэтэкъэжъэхэкӏэ,accepted
wiktionary-02873,train,true,,wiktionary,2873,lexicon,пхъэтэпэмыхьы шӏын,"to ignore, to disregard (to deliberately pay no attention to), to igg",verb,пхъэтэпэмыхьы шӏын,accepted
wiktionary-02874,validation,true,,wiktionary,2874,lexicon,пхъэуӏу,woodpecker,noun,пхъэуӏу | пхъэуӏухыу | пхъэуӏуэм | пхъэуӏуэхэкӏэ | пхъэуӏуэхэм | пхъэуӏуэхэр | пхъэуӏуэ | пхъэуӏуыу | пхъэуӏуэхэ | пхъэуӏуэкӏэ | пхъэуӏуэр | пхъэуӏуэхэмэ,accepted
wiktionary-02875,train,true,,wiktionary,2875,lexicon,пхъэх,saw (tool),noun,пхъэх | пхъэхэм | пхъэхэхэкӏэ | пхъэхыу | пхъэхэхэр | пхъэхэхэмэ | пхъэхэ | пхъэхэкӏэ | пхъэхэхэм | пхъэхэхэ | пхъэхэхыу | пхъэхэр,accepted
wiktionary-02876,train,true,,wiktionary,2876,lexicon,пхъэхатӏэ,"post, pole, pillar, column",noun,пхъэхатӏэ,accepted
wiktionary-02877,train,true,,wiktionary,2877,lexicon,пхъэцӏакӏэ,charred log ; firebrand,noun,пхъэцӏакӏэ | пхъэцӏакӏэхэмэ | пхъэцӏакӏэм | пхъэцӏакӏэхэкӏэ | пхъэцӏакӏэхэм | пхъэцӏакӏэхэр | пхъэцӏакӏэр | пхъэцӏакӏэкӏэ | пхъэцӏакӏэхыу | пхъэцӏакӏэу | пхъэцӏакӏэхэ,accepted
wiktionary-02878,train,true,,wiktionary,2878,lexicon,пхъэчай,"tub, vat",noun,пхъэчай,accepted
wiktionary-02879,train,true,,wiktionary,2879,lexicon,пхъэчыпэ,a piece of wood,noun,пхъэчыпэ,accepted
wiktionary-02880,train,true,,wiktionary,2880,lexicon,пхъэшъхьэмышъхь,fruit,noun,пхъэшъхьэмышъхь,accepted
wiktionary-02881,train,true,,wiktionary,2881,lexicon,пхъэшъхьэмышъхьэхэр,fruits,noun,пхъэшъхьэмышъхьэхэр,accepted
wiktionary-02882,test,true,,wiktionary,2882,lexicon,пхын,to tie,verb,пхын | епхын,accepted
wiktionary-02883,train,true,,wiktionary,2883,lexicon,пхыр,sheaf,noun,пхыр,accepted
wiktionary-02884,train,true,,wiktionary,2884,lexicon,пхэ,anus,noun,пхэ | пхэкӏэ | пхэхэмэ | пхэу | пхэм | пхэхэкӏэ | пхэхэм | пхэхэ | пхэр | пхэхыу | пхэхэр,accepted
wiktionary-02885,train,true,,wiktionary,2885,lexicon,пхэкӏ,"back (body), rear ; buttock",noun,пхэкӏ,accepted
wiktionary-02886,train,true,,wiktionary,2886,lexicon,пхэндж,"wrong, incorrect ; twisted",adj,пхэндж | пхэдж,accepted
wiktionary-02887,train,true,,wiktionary,2887,lexicon,пцае,Circassian female traditional clothes,noun,пцае | пцаем | пцаехэм | пцаехэр | пцаер | пцаехэ | пцаехыу | пцаехэкӏэ | пцаехэмэ | пцаекӏэ | пцаеу,accepted
wiktionary-02888,train,true,,wiktionary,2888,lexicon,пцантхьэ,glue,noun,пцантхьэ | пцантхьэр | пцантхьэхэ | пцантхьэхэм | пцантхьэм | пцантхьэхэмэ | пцантхьэкӏэ | пцантхьэхэр | пцантхьэу | пцантхьэхэкӏэ | пцатхьэ | пцантхьэхыу,accepted
wiktionary-02889,train,true,,wiktionary,2889,lexicon,пцелы,willow,noun,пцелы | пцелыхэмэ | пцелыкӏэ | пцелыу | пцелыхэм | пцелыхыу | пцелыхэр | пцелым | пцелыр | пцелыхэкӏэ,accepted
wiktionary-02890,train,true,,wiktionary,2890,lexicon,пцум,layer,noun,пцум | пцумэ | пцумэкӏэ | пцумэр | пцумэхэр | пцумэхэкӏэ | пцумэхэ | пцумэхэмэ | пцумэхэм | пцумэм | пцумыу | пцумэхыу,accepted
wiktionary-02891,train,true,,wiktionary,2891,lexicon,пцы,chisel,noun,пцы | пцым | пцыр | пцыхэмэ | пцыхэр | пцыкӏэ | пцыу | пцыхэм | пцыхэкӏэ | пцыхыу,accepted
wiktionary-02892,train,true,,wiktionary,2892,lexicon,пцыкъо,ski,noun,пцыкъо,accepted
wiktionary-02893,test,true,,wiktionary,2893,lexicon,пцыкъу,ski ; Snow shoe,noun,пцыкъу | пцыкъухыу | пцыкъуэ | пцыкъуэхэм | пцыкъуэкӏэ | пцыкъуыу | пцыкъуэхэмэ | пцыкъуэм | пцыкъуэхэкӏэ | пцыкъуэхэ | пцыкъуэр | пцыкъуэхэр,accepted
wiktionary-02894,excluded_benchmark_overlap,false,exact_normalized_input_target_or_variant_overlap_with_benchmark,wiktionary,2894,lexicon,пцэ,fish,noun,пцэ | пцэу | пцэхэр | пцэкӏэ | пцэхэ | пцэхэм | пцэхыу | пцэм | пцэхэкӏэ | пцэр | пцэхэмэ,accepted
wiktionary-02895,excluded_benchmark_overlap,false,exact_normalized_input_target_or_variant_overlap_with_benchmark,wiktionary,2895,lexicon,пцэжъые,fish,noun,пцэжъые | пцэжъыехэм | пцэжъыехэр | пцэжъыем | пцэжъыехэкӏэ | пцэжъыер | пцэжъыеу | пцэжъыехыу | пцэжъыехэ | пцэжъыехэмэ | пцэжъыекӏэ,accepted
wiktionary-02896,train,true,,wiktionary,2896,lexicon,пцэкъэнтф,fishhook,noun,пцэкъэнтф | пцэкъэнтфэм | пцэкъэнтфэхэм | пцэкъэнтфэкӏэ | пцэкъэнтфыу | пцэкъэнтфэхэ | пцэкъэнтфэхэмэ | пцэкъэнтфэхэр | пцэкъэнтфэхыу | пцэкъэнтфэр | пцэкъэнтфэхэкӏэ | пцэкъэнтфэ,accepted
wiktionary-02897,train,true,,wiktionary,2897,lexicon,пцӏанэ,naked,adj,пцӏанэ | псӏанэ,accepted
wiktionary-02898,validation,true,,wiktionary,2898,lexicon,пцӏашхъо,swallow,noun,пцӏашхъо | псӏашъухъохыу | псӏашъухъокӏэ | псӏашъухъо | пцӏашхъокӏэ | пцӏашхъом | пцӏашхъохэм | псӏашъухъохэр | псӏашъухъоу | псӏашъухъохэмэ | псӏашъухъохэкӏэ | пцӏашхъор | псӏашъухъохэм | псӏашъухъохэ | псӏашъухъом | пцӏашхъохэкӏэ | пцӏашхъохэ | псӏашъухъор | пцӏашхъоу | пцӏашхъохэмэ | пцӏашхъохыу | пцӏашхъохэр,accepted
wiktionary-02899,train,true,,wiktionary,2899,lexicon,пцӏы,a lie,noun,пцӏы | пцӏыкӏэ | пцӏыхэм | пцӏыхэкӏэ | пцӏым | пцӏыхэр | пцӏыхэмэ | пцӏыу | пцӏыр | пцӏыхыу,accepted
wiktionary-02900,test,true,,wiktionary,2900,lexicon,пцӏы усын,to lie,verb,пцӏы усын,accepted
wiktionary-02901,train,true,,wiktionary,2901,lexicon,пцӏын,to lie,verb,пцӏын | мэпцӏын | псӏын,accepted
wiktionary-02902,train,true,,wiktionary,2902,lexicon,пцӏырый,liar,adj,пцӏырый | псӏырый,accepted
wiktionary-02903,train,true,,wiktionary,2903,lexicon,пцӏыус,liar,noun,пцӏыус | пцӏыусэр | пцӏыусыу | пцӏыусэхэ | пцӏыусэм | пцӏыусэхэр | пцӏыусэхэкӏэ | пцӏыусэхэм | пцӏыусэхыу | пцӏыусэ | пцӏыусэкӏэ | пцӏыусэхэмэ,accepted
wiktionary-02904,train,true,,wiktionary,2904,lexicon,пцӏэгъоплъ,bay,noun,пцӏэгъоплъ | пцӏэгъоплъэхэм | пцӏэгъоплъэкӏэ | пцӏэгъоплъэр | пцӏэгъоплъэм | пцӏэгъоплъэхыу | пцӏэгъоплъэхэр | пцӏэгъоплъэ | пцӏэгъоплъэхэ | пцӏэгъоплъыу | пцӏэгъоплъэхэмэ | пцӏэгъоплъэхэкӏэ,accepted
wiktionary-02905,train,true,,wiktionary,2905,lexicon,пцӏэун,to howl,verb,пцӏэун,accepted
wiktionary-02906,train,true,,wiktionary,2906,lexicon,пчъаблэ,doorjamb,noun,пчъаблэ,accepted
wiktionary-02907,train,true,,wiktionary,2907,lexicon,пчъагъэ,date ; number,noun,пчъагъэ | пчъагъэу | пчъагъэм | пчъагъэр | пчъагъэхэкӏэ | пчъагъэхыу | пчъагъэкӏэ | пчъагъэхэ | пчъагъэхэм | пчъагъэхэр | пчъагъэхэмэ,accepted
wiktionary-02908,train,true,,wiktionary,2908,lexicon,пчъын,"to count ; to calculate ; to enumerate, to list (to specify each member of a sequence individually in incrementing order)",verb,пчъын | къэпчъын | пчын,accepted
wiktionary-02909,excluded_benchmark_overlap,false,exact_normalized_input_target_or_variant_overlap_with_benchmark,wiktionary,2909,lexicon,пчъэ,door,noun,пчъэ | пчъэхыу | пчъэм | пчъэр | пчъэхэм | пчэ | пчъэкӏэ | пчъэхэ | пчъэхэкӏэ | пчъэу | пчъэхэмэ | пчъэхэр,accepted
wiktionary-02910,train,true,,wiktionary,2910,lexicon,пчъэ иӏэп,there is no solution,adv,пчъэ иӏэп,accepted
wiktionary-02911,train,true,,wiktionary,2911,lexicon,пчъэпсы,door handle,noun,пчъэпсы | пчъэпсым | пчъэпсыхэмэ | пчъэпсыхэм | пчъэпсыкӏэ | пчъэпсыхыу | пчъэпсыхэр | пчъэпсыхэкӏэ | пчъэпсыу | пчъэпсыр,accepted
wiktionary-02912,train,true,,wiktionary,2912,lexicon,пчъэшъхьаӏу,"threshold, doorstep",noun,пчъэшъхьаӏу | пчъэшъхьаӏуэр | пчъэшъхьаӏуэхэ | пчъэшъхьаӏуэм | пчъэшъхьаӏуэхэкӏэ | пчъэшъхьаӏуыу | пчъэшъхьаӏухыу | пчъэшъхьаӏуэ | пчъэшъхьаӏуэхэм | пчъэшъхьаӏуэкӏэ | пчъэшъхьаӏуэхэр | пчъэшъхьаӏуэхэмэ,accepted
wiktionary-02913,train,true,,wiktionary,2913,lexicon,пчъэӏупэ,"In front of the entrance, the entrance door ; porch",noun,пчъэӏупэ | пчъэӏупэхэкӏэ | пчъэӏуэхэкӏэ | пчъэӏуэм | пчъэӏуэхэмэ | пчъэӏупэхэр | пчъэӏупэкӏэ | пчъэӏуэ | пчъэӏуэхэм | пчъэӏупэу | пчъэӏупэм | пчъэӏупэхыу | пчъэӏупэхэм | пчъэӏупэхэмэ | пчъэӏуэр | пчъэӏу | пчъэӏуэхэ | пчъэӏухыу | пчъэӏупэр | пчъэӏуыу | пчъэӏуэхэр | пчъэӏуэкӏэ | пчъэӏупэхэ,accepted
wiktionary-02914,excluded_benchmark_overlap,false,exact_normalized_input_target_or_variant_overlap_with_benchmark,wiktionary,2914,lexicon,пчы,spear ; pike ; lance,noun,пчы | пчыхэмэ | пщыкӏэ | пчыкӏэм | пчыкӏэхэм | пчым | пчыхэр | пчыхэм | пчыкӏэхэкӏэ | пчыкӏэкӏэ | пчыкӏэхэ | пчыкӏэ | пчыкӏэу | пчыр | пчыхыу | пчыкӏэхэр | пчыкӏэхыу | пчыкӏэхэмэ | пчыкӏэр | пчыхэкӏэ | пчыу | пкӏыкӏэ,accepted
wiktionary-02915,train,true,,wiktionary,2915,lexicon,пчыкӏэ,lightning ; spear channel ; thunderbolt,noun,пчыкӏэ | пчыкӏэхэм | пчыкӏэм | пчыкӏэу | пчыкӏэхэкӏэ | пщыкӏэ | пчыкӏэкӏэ | пчыкӏэхэр | пчыкӏэхэ | пчыкӏэхыу | пчыкӏэхэмэ | пкӏыкӏэ | пчыкӏэр,accepted
wiktionary-02916,test,true,,wiktionary,2916,lexicon,пчытӏаркъу,forked spear,noun,пчытӏаркъу,accepted
wiktionary-02917,test,true,,wiktionary,2917,lexicon,пчыхьапэ,beginning of the evening,noun,пчыхьапэ | пчыхьапэхэм | пчыхьапэр | пчыхьапэхыу | пчыхьапэхэмэ | пчыхьапэхэкӏэ | пчыхьапэм | пчыхьапэхэ | пчыхьапэу | пчыхьапэкӏэ | пчыхьапэхэр,accepted
wiktionary-02918,excluded_benchmark_overlap,false,exact_normalized_input_target_or_variant_overlap_with_benchmark,wiktionary,2918,lexicon,пчыхьэ,evening,noun,пчыхьэ | пчыхьэм | пчыхьэу | пчыхьэхэр | пчыхьэр | пчыхьэхэмэ | пчыхьэхэкӏэ | пчыхьэхэм | пчыхьэхыу | пчыхьэкӏэ | пчыхьэхэ,accepted
wiktionary-02919,excluded_benchmark_overlap,false,exact_normalized_input_target_or_variant_overlap_with_benchmark,wiktionary,2919,lexicon,пчыхьэ шӏу,good evening,intj,пчыхьэ шӏу,accepted
wiktionary-02920,train,true,,wiktionary,2920,lexicon,пчыхьэзэхахь,party (a social gathering),noun,пчыхьэзэхахь | пчыхьэзэхахьэхэмэ | пчыхьэзэхахьэхэкӏэ | пчыхьэзэхахьэкӏэ | пчыхьэзэхахьэхэ | пчыхьэзэхахьэхэм | пчыхьэзэхахьэр | пчыхьэзэхахьэм | пчыхьэзэхахьэхыу | пчыхьэзэхахьэхэр | пчыхьэзэхахьыу | пчыхьэзэхахьэ,accepted
wiktionary-02921,train,true,,wiktionary,2921,lexicon,пчыхьэшъхьашхэ,dinner for evening,noun,пчыхьэшъхьашхэ,accepted
wiktionary-02922,train,true,,wiktionary,2922,lexicon,пчэгу,"middle (centre, midpoint) ; circle area",noun,пчэгу,accepted
wiktionary-02923,train,true,,wiktionary,2923,lexicon,пчэдыгъо,cherry,noun,пчэдыгъо | пчэдыгъом | пчэдыгъохэкӏэ | пчэдыгъохэм | пчэдыгъохыу | пчэдыгъор | пчэдыгъохэ | пчэдыгъоу | пчэдыгъокӏэ | пчэдыгъохэр | пчэдыгъохэмэ,accepted
wiktionary-02924,excluded_benchmark_overlap,false,exact_normalized_input_target_or_variant_overlap_with_benchmark,wiktionary,2924,lexicon,пчэдыжь шӏу,good morning,intj,пчэдыжь шӏу,accepted
wiktionary-02925,excluded_benchmark_overlap,false,exact_normalized_input_target_or_variant_overlap_with_benchmark,wiktionary,2925,lexicon,пчэдыжьы,morning,noun,пчэдыжьы | пчэдыжьыхэмэ | пчэдыжьыкӏэ | пчэдыжьыхэм | пчэдыжьыр | пчэдыжьым | пчэдыжьыхэкӏэ | пчэдыжьыхэр | пчэдыжьыхыу | пчэдыжьыу,accepted
wiktionary-02926,test,true,,wiktionary,2926,lexicon,пчэдыжьышхэ,breakfast,noun,пчэдыжьышхэ,accepted
wiktionary-02927,train,true,,wiktionary,2927,lexicon,пчэн,to cough,verb,пчэн,accepted
wiktionary-02928,train,true,,wiktionary,2928,lexicon,пчэндэхъу,starling,noun,пчэндэхъу,accepted
wiktionary-02929,train,true,,wiktionary,2929,lexicon,пчэны,goat,noun,пчэны | пчэныр | пчэныхэмэ | пчэныхыу | пчэныкӏэ | пчэныхэм | пчэныхэкӏэ | пчэныхэр | пчэным | пчэныу | пчэныхэ,accepted
wiktionary-02930,train,true,,wiktionary,2930,lexicon,пчэнышъо,goatskin,noun,пчэнышъо,accepted
wiktionary-02931,train,true,,wiktionary,2931,lexicon,пшахъо,sand,noun,пшахъо | пшахъохэкӏэ | пшахъор | пшахъом | пшахъокӏэ | пшахъохэм | пшахъохэмэ | пшахъохэ | пшахъохыу | пшахъохэр | пшахъоу,accepted
wiktionary-02932,test,true,,wiktionary,2932,lexicon,пшъапӏэ,collar,noun,пшъапӏэ,accepted
wiktionary-02933,train,true,,wiktionary,2933,lexicon,пшъашъэ,"girl ; young woman, young lady",noun,пшъашъэ | пшъашъэм | пшъашъэкӏэ | пшъашъэхэр | пшъашъэр | пшъашъэхэм | пшъашъэхэкӏэ | пшъашъэхэмэ | пшъашъэхыу | пшъашъэхэ | пшъашъэу,accepted
wiktionary-02934,train,true,,wiktionary,2934,lexicon,пшъын,"to get tired, to get exhausted",verb,пшъын | мэпшъын,accepted
wiktionary-02935,excluded_benchmark_overlap,false,exact_normalized_input_target_or_variant_overlap_with_benchmark,wiktionary,2935,lexicon,пшъэ,neck,noun,пшъэ | пшъэм | пшъэхэ | пшъэхэм | пшъэкӏэ | пшъэр | пшъэхэкӏэ | пшъэхэмэ | пшъэхэр | пшъэхыу | пшъэу,accepted
wiktionary-02936,test,true,,wiktionary,2936,lexicon,пшъэб,back of the neck,noun,пшъэб | пшъэбэхэмэ | пшъэбыэхэр | пшъэбэхэм | пшъэбыэхэм | пшъэбыэхэ | пшъэбыэхыу | пшъэбэхыу | пшъэбыэхэмэ | пшъэбыу | пшъэбыэм | пшъэбэм | пшъэбыыу | пшъэбэр | пшъэбэкӏэ | пшъэбэхэр | пшъэбыэ | пшъэбэхэ | пшъэбыэхэкӏэ | пшъэбэхэкӏэ | пшъэбы | пшъэбэ | пшъэбыэр | пшъэбыэкӏэ,accepted
wiktionary-02937,validation,true,,wiktionary,2937,lexicon,пшъэбы дэон,to give a slap in the neck,noun,пшъэбы дэон,accepted
wiktionary-02938,train,true,,wiktionary,2938,lexicon,пшъэбыдэлъ,scarf (neck),noun,пшъэбыдэлъ | пшъэбыдэлъэхэр | пшъэбыдэлъыу | пшъэбыдэлъэм | пшъэбыдэлъэхэм | пшъэбыдэлъэ | пшъэбыдэлъэр | пшъэбыдэлъэхэмэ | пшъэбыдэлъэхыу | пшъэбыдэлъэкӏэ | пшъэбыдэлъэхэ | пшъэбыдэлъэхэкӏэ,accepted
wiktionary-02939,train,true,,wiktionary,2939,lexicon,пшъэдадз,scarf (neck),noun,пшъэдадз | пшъэдадзэм | пшъэдадзэхэм | пшъэдадзэхэр | пшъэдадзэр | пшъэдадзэхыу | пшъэдадзэхэкӏэ | пшъэдадзэ | пшъэдадзэхэ | пшъэдадзэкӏэ | пшъэдадзыу | пшъэдадзэхэмэ,accepted
wiktionary-02940,validation,true,,wiktionary,2940,lexicon,пшъэдалъхь,necktie,noun,пшъэдалъхь | пшъэдалъхьэхэ | пшъэдалхьэр | пшъэдалъхьэ | пшъэдалхьэхэм | пшъэдалъхьэм | пшъэдалхьэхэкӏэ | пшъэдалхьэм | пшъэдалхьыу | пшъэдалъхьэхэм | пшъэдалъхьэхэкӏэ | пшъэдалъхьэхэмэ | пшъэдалхьэ | пшъэдалхь | пшъэдалхьэхэр | пшъэдалъхьэхэр | пшъэдалъхьэр | пшъэдалхьэхэ | пшъэдалхьэхыу | пшъэдалхьэкӏэ | пшъэдалъхьэхыу | пшъэдалхьэхэмэ | пшъэдалъхьэкӏэ | пшъэдалъхьыу,accepted
wiktionary-02941,train,true,,wiktionary,2941,lexicon,пшъэдэкӏыжь,punishment,noun,пшъэдэкӏыжь | пшъэдэкӏыжъ,accepted
wiktionary-02942,train,true,,wiktionary,2942,lexicon,пшъэдэкӏыжь егъэхьын,to punish,verb,пшъэдэкӏыжь егъэхьын,accepted
wiktionary-02943,train,true,,wiktionary,2943,lexicon,пшъэдэлъ,scarf (neck),noun,пшъэдэлъ | пшъэдэлъэхэ | пшъэдэлъэхэм | пшъэдэлъэр | пшъэдэлъэм | пшъэдэлъэхэмэ | пшъэдэлъэ | пшъэдэлъыу | пшъэдэлъэхыу | пшъэдэлъэхэкӏэ | пшъэдэлъэкӏэ | пшъэдэлъэхэр,accepted
wiktionary-02944,train,true,,wiktionary,2944,lexicon,пшъэрылъ,"task, problem ; object, objective, aim, goal, mission, end ; assignment, commission, errand ; duty",noun,пшъэрылъ | пшъэрылъэхыу | пшъэрылъэм | пшъэрылъэхэм | пшъэрылъэкӏэ | пшъэрылъэхэ | пшъэрылъэхэр | пшъэрылъэ | пшъэрылъэхэкӏэ | пшъэрылъэр | пшъэрылъэхэмэ | пшъэрылъыу,accepted
wiktionary-02945,train,true,,wiktionary,2945,lexicon,пшъэтыкъ,front of the neck ; neck,noun,пшъэтыкъ | пшъэтыкъэм | пшъэтыкъыу | пшъэтыкъхыу | пшъэтыкъэхэ | пшъэтыкъэр | пшъэтыкъэхэр | пшъэтыкъэхэм | пшъэтыкъэхэмэ | пшъэтыкъэкӏэ | пшъэтыкъэ | пшъэтыкъэхэкӏэ,accepted
wiktionary-02946,train,true,,wiktionary,2946,lexicon,пшъэшъэгъу,girlfriend,noun,пшъэшъэгъу | пшъэшъэгъуэхэкӏэ | пшъэшъэгъуэм | пшъэшъэгъуэхэр | пшъэшъэгъухыу | пшъэшъэгъуыу | пшъэшъэгъуэхэмэ | пшъэшъэгъуэхэм | пшъэшъэгъуэ | пшъэшъэгъуэхэ | пшъэшъэгъуэкӏэ | пшъэшъэгъуэр,accepted
wiktionary-02947,train,true,,wiktionary,2947,lexicon,пшъэшъэжъые,little girl,noun,пшъэшъэжъые | пшъэшъэжъыехыу | пшъэшъэжъыер | пшъэшъэжъыем | пшъэшъэжъыехэ | пшъэшъэжъыехэм | пшъэшъэжъыеу | пшъэшъэжъыехэмэ | пшъэшъэжъыехэкӏэ | пшъэшъэжъыекӏэ | пшъэшъэжъыехэр,accepted
wiktionary-02948,train,true,,wiktionary,2948,lexicon,пшъэшъэжъый,little girl,noun,пшъэшъэжъый,accepted
wiktionary-02949,validation,true,,wiktionary,2949,lexicon,пшын,to crawl ; to walk dragging oneself,verb,пшын,accepted
wiktionary-02950,train,true,,wiktionary,2950,lexicon,пшысэ,fairy tale,noun,пшысэ | пшысэхэмэ | пшысэкӏэ | пшысэхэр | пшысэхэм | пшысэм | пшысэр | пшысэу | пшысэхыу | пшысэхэ | пшысэхэкӏэ,accepted
wiktionary-02951,train,true,,wiktionary,2951,lexicon,пшэсэн,nettle,noun,пшэсэн,accepted
wiktionary-02952,train,true,,wiktionary,2952,lexicon,пшэхъоф,white sand,noun,пшэхъоф,accepted
wiktionary-02953,train,true,,wiktionary,2953,lexicon,пшӏанэ,one ten,num,пшӏанэ,accepted
wiktionary-02954,excluded_benchmark_overlap,false,exact_normalized_input_target_or_variant_overlap_with_benchmark,wiktionary,2954,lexicon,пшӏы,ten,num,пшӏы,accepted
wiktionary-02955,train,true,,wiktionary,2955,lexicon,пщагъу,fog ; mist,noun,пщагъу | пщагъуэхэ | пщагъуэм | пщагъуыу | пщагъуэхэм | пщагъуэ | пщагъуэхэмэ | пщагъуэхэр | пщагъуэкӏэ | пщагъуэхыу | пщагъуэр | пщагъуэхэкӏэ,accepted
wiktionary-02956,train,true,,wiktionary,2956,lexicon,пщтын,to be boiled (milk),verb,пщтын,accepted
wiktionary-02957,train,true,,wiktionary,2957,lexicon,пщы,A prince. ; A woman's father-in-law: her husband's father. ; (Abzakh dialect) spear,noun,пщы | пщым | пщыкӏэ | пщыхэм | пщыхыу | пщыр | пщыхэкӏэ | пщыхэмэ | пщыу | пщыхэр,accepted
wiktionary-02958,train,true,,wiktionary,2958,lexicon,пщыкъу,son-in-law,noun,пщыкъу,accepted
wiktionary-02959,train,true,,wiktionary,2959,lexicon,пщылӏы,slave,noun,пщылӏы | пщылӏыхэм | пщылӏыхэр | пщылӏыкӏэ | пщылӏыхыу | пщылӏым | пщылӏыхэкӏэ | пщылӏыхэмэ | пщылӏыу | пщылӏыр,accepted
wiktionary-02960,test,true,,wiktionary,2960,lexicon,пщылӏыгъо,slavery,noun,пщылӏыгъо,accepted
wiktionary-02961,test,true,,wiktionary,2961,lexicon,пщылӏын,to bow down to,noun,пщылӏын,accepted
wiktionary-02962,train,true,,wiktionary,2962,lexicon,пщын,"to become inflated, to become bigger in a round shape (usually by air) ; to swell (Usually a specific spot)",verb,пщын | мэпщын,accepted
wiktionary-02963,train,true,,wiktionary,2963,lexicon,пщынао,"accordionist, a person that plays accordion",noun,пщынао,accepted
wiktionary-02964,train,true,,wiktionary,2964,lexicon,пщыныжьын,to fine with; to compensate for,verb,пщыныжьын,accepted
wiktionary-02965,train,true,,wiktionary,2965,lexicon,пщынэ,accordion,noun,пщынэ | пщынэхэм | пщынэу | пщынэхэкӏэ | пщынэм | пщынэхэмэ | пщынэхыу | пщынэхэр | пщынэр | пщынэкӏэ | пщынэхэ,accepted
wiktionary-02966,train,true,,wiktionary,2966,lexicon,пщынэжь,punishment,noun,пщынэжь,accepted
wiktionary-02967,train,true,,wiktionary,2967,lexicon,пщынэн,"to compensate, to indemnify, to atone",verb,пщынэн,accepted
wiktionary-02968,train,true,,wiktionary,2968,lexicon,пщынэныгъ,fine; mulct; penalty,noun,пщынэныгъ,accepted
wiktionary-02969,train,true,,wiktionary,2969,lexicon,пщыпащ,"king, emperor, caesar, sultan",noun,пщыпащ | пщыпащэр | пщыпащэхэр | пщыпащэм | пщыпащыу | пщыпащэхэмэ | пщыпащэ | пщыпащэхэм | пщыпащэкӏэ | пщыпащэхыу | пщыпащэхэкӏэ | пщыпащэхэ,accepted
wiktionary-02970,excluded_benchmark_overlap,false,exact_normalized_input_target_or_variant_overlap_with_benchmark,wiktionary,2970,lexicon,пщэ,cloud,noun,пщэ | пщэхэкӏэ | пщэу | пщэхэм | пщэм | пщэхэр | пщэхэ | пщэр | пщэхыу | пщэхэмэ | пщэкӏэ,accepted
wiktionary-02971,excluded_benchmark_overlap,false,exact_normalized_input_target_or_variant_overlap_with_benchmark,wiktionary,2971,lexicon,пщэры,fat,adj,пщэры,accepted
wiktionary-02972,train,true,,wiktionary,2972,lexicon,пщэрыхь,servant,noun,пщэрыхь | пщэрыхьэр | пщэрыхьыу | пщэрыхьэкӏэ | пщэрыхьэхыу | пщэрыхьэхэкӏэ | пщэрыхьэхэм | пщэрыхьэм | пщэрыхьэ | пщэрыхьэхэмэ | пщэрыхьэхэ | пщэрыхьэхэр,accepted
wiktionary-02973,train,true,,wiktionary,2973,lexicon,пщэрыхьакӏо,chef (in a restaurant),noun,пщэрыхьакӏо | пщэрыхьакӏом | пщэрыхьакӏохыу | пщэрыхьакӏохэ | пщэрыхьакӏоу | пщэрыхьакӏохэм | пщэрыхьакӏохэмэ | пщэрыхьакӏор | пщэрыхьакӏокӏэ | пщэрыхьакӏохэр | пщэрыхьакӏохэкӏэ,accepted
wiktionary-02974,train,true,,wiktionary,2974,lexicon,пщэрыхьан,to cook,verb,пщэрыхьан,accepted
wiktionary-02975,train,true,,wiktionary,2975,lexicon,пщэрыхьапӏэ,kitchen,noun,пщэрыхьапӏэ | пщэрыхьапӏээхэ | пщэрыхьапӏээм | пщэрыхьапӏээхэкӏэ | пщэрыхьапӏээхэм | пщэрыхьапӏээр | пщэрыхьапӏээ | пщэрыхьапӏээхэр | пщэрыхьапӏээхыу | пщэрыхьапӏээкӏэ | пщэрыхьапӏээхэмэ | пщэрыхьапӏэыу,accepted
wiktionary-02976,train,true,,wiktionary,2976,lexicon,пыгъэтэкъун,to make something to fall down successively or gradually from,verb,пыгъэтэкъун,accepted
wiktionary-02977,train,true,,wiktionary,2977,lexicon,пыгъэун,"to break, to fracture",verb,пыгъэун,accepted
wiktionary-02978,validation,true,,wiktionary,2978,lexicon,пыгъэхьан,to infect someone else ; to connect someone with,verb,пыгъэхьан,accepted
wiktionary-02979,train,true,,wiktionary,2979,lexicon,пыдзыгъэ,lonely ; lonely person,adj | noun,пыдзыгъэ,accepted
wiktionary-02980,train,true,,wiktionary,2980,lexicon,пыдзэгъ,"isolated, loner",adj,пыдзэгъ,accepted
wiktionary-02981,train,true,,wiktionary,2981,lexicon,пыдэн,to sew something to something,verb,пыдэн,accepted
wiktionary-02982,train,true,,wiktionary,2982,lexicon,пыжъ,Prunus spinosa,noun,пыжъ | пыжъэхэкӏэ | пыжъэр | пыжъэ | пыжъэкӏэ | пыжъэм | пыжъэхэр | пыжъэхэм | пыжъэхэмэ | пыжъыу | пыжъэхыу | пыжъэхэ,accepted
wiktionary-02983,test,true,,wiktionary,2983,lexicon,пыжъы,hedgehog,noun,пыжъы,accepted
wiktionary-02984,test,true,,wiktionary,2984,lexicon,пызы,a tree or plant that is full of fruits and vegetables,adj,пызы,accepted
wiktionary-02985,test,true,,wiktionary,2985,lexicon,пызын,to fall off from,verb,пызын,accepted
wiktionary-02986,train,true,,wiktionary,2986,lexicon,пый,one's enemy,noun,пый | пыйэхэр | пыйэхэ | пыйэкӏэ | пыйыу | пыйэм | пыйэхэкӏэ | пыйэхэм | пыйэхыу | пыйэр | пыйэ | пыйэхэмэ,accepted
wiktionary-02987,train,true,,wiktionary,2987,lexicon,пыкӏын,"to leave someone, to refrain from, to separate from ; to divorce from",verb,пыкӏын | зэпыкӏьын | пыкӏьын | зэпыкӏын,accepted
wiktionary-02988,validation,true,,wiktionary,2988,lexicon,пыкӏэрэплъын,to look after,verb,пыкӏэрэплъын | пэкӏэрэплъын,accepted
wiktionary-02989,excluded_benchmark_overlap,false,exact_normalized_input_target_or_variant_overlap_with_benchmark,wiktionary,2989,lexicon,пыл,elephant,noun,пыл | пылэ | пылэхэмэ | пылэм | пылэр | пылэхэм | пылыу | пылэхэ | пылэхыу | пылэхэр | пылэкӏэ | пылэхэкӏэ,accepted
wiktionary-02990,train,true,,wiktionary,2990,lexicon,пылъалъэ,hanger,noun,пылъалъэ | пылъалъэхэ | пылъалъэкӏэ | пылъалъэм | пылъалъэхэр | пылъалъэхэмэ | пылъалъэхыу | пылъалъэр | пылъалъэхэм | пылъалъэхэкӏэ | пылъалъэу,accepted
wiktionary-02991,train,true,,wiktionary,2991,lexicon,пылъапӏ,hanger,noun,пылъапӏ | пылъапӏхэкӏэ | пылъапӏэхэмэ | пылъапӏр | пылъапӏм | пылъапӏэм | пылъапӏхыу | пылъапӏэхэ | пылъапӏхэм | пылъапӏэхэм | пылъапӏэ | пылъапӏэу | пылъапӏу | пылъапӏэкӏэ | пылъапӏкӏэ | пылъапӏэхыу | пылъапӏэр | пылъапӏэхэкӏэ | пылъапӏхэр | пылъапӏэхэр | пылъапӏхэ | пылъапӏхэмэ,accepted
wiktionary-02992,excluded_benchmark_overlap,false,exact_normalized_input_target_or_variant_overlap_with_benchmark,wiktionary,2992,lexicon,пылъын,"to be hanging, to be attached ; to be dealing with someone",verb,пылъын,accepted
wiktionary-02993,train,true,,wiktionary,2993,lexicon,пылъэн,to hang up,verb,пылъэн,accepted
wiktionary-02994,train,true,,wiktionary,2994,lexicon,пылэлын,"to droop, to hang down, to dangle",verb,пылэлын | къыпылэлын,accepted
wiktionary-02995,train,true,,wiktionary,2995,lexicon,пылӏыкӏын,to die slowly ; to die from bleeding,verb,пылӏыкӏын,accepted
wiktionary-02996,train,true,,wiktionary,2996,lexicon,пындж,rice,noun,пындж | пыджэм | пынджу | пынджхэкӏэ | пыджэхыу | пыджэ | пынджхэр | пыджэхэр | пыджэр | пыджэхэм | пынджмкӏэ | пыджыу | пыджэкӏэ | пынджхыу | пынджхэмэ | пынджкӏэ | пыджэхэмэ | пынджм | пынджхэ | пынджхэм | пыджэхэкӏэ | пынджр | пыдж | пыджэхэ,accepted
wiktionary-02997,validation,true,,wiktionary,2997,lexicon,пынэн,"to become stuck (trapped and unable to move) ; to become stuck (unable to progress) ; to stay, remain (should have the prefix къы- /qə-/)",verb,пынэн,accepted
wiktionary-02998,train,true,,wiktionary,2998,lexicon,пыпсыкӏын,to spark (fire),verb,пыпсыкӏын,accepted
wiktionary-02999,train,true,,wiktionary,2999,lexicon,пыскӏэн,to cough,verb,пыскӏэн | пыскӏьэн,accepted
wiktionary-03000,train,true,,wiktionary,3000,lexicon,пысын,"to be hanging, to be attached (Usually said about Humans and Animals)",verb,пысын,accepted
wiktionary-03001,train,true,,wiktionary,3001,lexicon,пытапӏэ,сrucifixion place ; fortress,noun,пытапӏэ,accepted
wiktionary-03002,train,true,,wiktionary,3002,lexicon,пытхъын,to tear off (forcefully) something from something,verb,пытхъын,accepted
wiktionary-03003,train,true,,wiktionary,3003,lexicon,пытын,"to be hanging, to be attached (Usually said about Fruits and Vegetables)",verb,пытын,accepted
wiktionary-03004,test,true,,wiktionary,3004,lexicon,пытэ,tough,adj,пытэ,accepted
wiktionary-03005,train,true,,wiktionary,3005,lexicon,пытэ хъун,to harden,verb,пытэ хъун,accepted
wiktionary-03006,train,true,,wiktionary,3006,lexicon,пытэкъун,to fall down successively or gradually from,verb,пытэкъун,accepted
wiktionary-03007,validation,true,,wiktionary,3007,lexicon,пытӏэрын,to fall off from,verb,пытӏэрын,accepted
wiktionary-03008,train,true,,wiktionary,3008,lexicon,пыун,to have the smell of; to emit smell,verb,пыун | къыпыун,accepted
wiktionary-03009,train,true,,wiktionary,3009,lexicon,пыупкӏын,"to cut off (hair, tree)",verb,пыупкӏын | пыукӏын,accepted
wiktionary-03010,train,true,,wiktionary,3010,lexicon,пыуты,cheap,adj,пыуты | пыутэм | пыутэр | пыутэхэкӏэ | пыутэхэ | пыутэкӏэ | пыутэхэр | пыутэхэм | пыутыу | пыут | пыутэ | пыутэхыу | пыутэхэмэ,accepted
wiktionary-03011,train,true,,wiktionary,3011,lexicon,пыхын,"to pick from a hanging state (like a shirt, fruit on tree etc.) ; to unplug ; to take away (knowledge, behavior) from someone",verb,пыхын,accepted
wiktionary-03012,excluded_benchmark_overlap,false,exact_normalized_input_target_or_variant_overlap_with_benchmark,wiktionary,3012,lexicon,пыхьан,"to plug ; to attach ; to start engaging with a certain field , subject or hobby",verb,пыхьан | жэхэхьан | зэбгырыхьан | кӏоцӏы | шъхьапырыхьан | ӏу | шъхьадэхьан | хэхьан | кӏоцӏыхьан | лъы | и | кӏэлъыры | пэхьан | бгъодэ | техьан | кӏэлъырыхьан | бгъодэхьан | шъхьадэ | хэ | зэбгыры | те | ӏухьан | чӏэ | дэ | гохьан | къохьан | го | шъхьапыры | пы | зэкӏэ | чӏэхьан | жэхэ | жэдэ | ихьан | жэдэхьан | лъыхьан | къо | джыхэхьэн | дэхьан | зэкӏэхьан,accepted
wiktionary-03013,train,true,,wiktionary,3013,lexicon,пыцӏэн,"to talk shit about someone, to speak ill of someone",verb,пыцӏэн | пысӏэн,accepted
wiktionary-03014,validation,true,,wiktionary,3014,lexicon,пычын,"to pick (fruit, ticket)",verb,пычын | пыкьын,accepted
wiktionary-03015,test,true,,wiktionary,3015,lexicon,пышхэхьан,to feast upon,verb,пышхэхьан,accepted
wiktionary-03016,excluded_benchmark_overlap,false,exact_normalized_input_target_or_variant_overlap_with_benchmark,wiktionary,3016,lexicon,пэ,nose,noun,пэ | пэр | пэхэм | пэхыу | пэхэр | пэм | пэкӏэ | пэхэкӏэ | пэхэ | пэхэмэ | пэу,accepted
wiktionary-03017,train,true,,wiktionary,3017,lexicon,пэбжъакъо,rhino,noun,пэбжъакъо | пэбжъакъохэм | пэбжъакъохыу | пэбжъакъокӏэ | пэбжъакъом | пэбжъакъохэкӏэ | пэбжъакъохэр | пэбжъакъор | пэбжъакъоу | пэбжъакъохэ | пэбжъакъохэмэ,accepted
wiktionary-03018,train,true,,wiktionary,3018,lexicon,пэбзыджын,"nasal septum, the bone between the two nose-holes",noun,пэбзыджын | пэбзыджынхэмэ | пэбзыджынхэ | пэбзыджынкӏэ | пэбзыджынхыу | пэбзыджынхэр | пэбзыджыну | пэбзыджынхэм | пэбзыджынм | пэбзыджынр | пэбзыджынхэкӏэ,accepted
wiktionary-03019,train,true,,wiktionary,3019,lexicon,пэгъодз,answer,noun,пэгъодз | пэгъодзэхэр | пэгъодзэхэм | пэгъодзэкӏэ | пэгъодзэхэ | пэгъодзэ | пэгъодзыу | пэгъодзэр | пэгъодзэхэкӏэ | пэгъодзэхэмэ | пэгъодзэм | пэгъодзэхыу,accepted
wiktionary-03020,train,true,,wiktionary,3020,lexicon,пэгъокӏын,to greet someone,verb,пэгъокӏын | пэгъокӏьын,accepted
wiktionary-03021,train,true,,wiktionary,3021,lexicon,пэгъуанэ,nostril ; nosehole,noun,пэгъуанэ | пэгъон | пэгъуанэм | пэгъонхыу | пэгъуанэхэм | пэгъонхэр | пэгъуанэхэкӏэ | пэгъуанэхэр | пэгъонм | пэгъуанэкӏэ | пэгъуанэхэ | пэгъонхэм | пэгъуанэу | пэгъонхэ | пэгъуанэхэмэ | пэгъонр | пэгъонкӏэ | пэгъонхэкӏэ | пэгъону | пэгъонхэмэ | пэгъуанэхыу | пэгъуанэр,accepted
wiktionary-03022,excluded_benchmark_overlap,false,exact_normalized_input_target_or_variant_overlap_with_benchmark,wiktionary,3022,lexicon,пэкӏо,bed,noun,пэкӏо | пэкӏор | пэкӏом | пэкӏохэр | пэкӏохэмэ | пэкӏохэкӏэ | пэкӏохэм | пэкӏохыу | пэкӏоу | пэкӏокӏэ | пэкӏохэ,accepted
wiktionary-03023,train,true,,wiktionary,3023,lexicon,пэкӏэракӏэу,diligently; zealously; ardently; fervently,adv,пэкӏэракӏэу,accepted
wiktionary-03024,train,true,,wiktionary,3024,lexicon,пэлэлэжъ,snot,noun,пэлэлэжъ | плэлэжъэ | пэлэлэжъэхэр | пэлэлэжъэм | пэлэлэжъыу | плэлэжъэкӏэ | пэлэлэжъэхэм | плэлэжъэхэм | плэлэжъэм | пэлэлэжъэ | плэлэжъэр | плэлэжъэхэ | пэлэлэжъэхэ | плэлэжъэхыу | пэлэлэжъэхыу | пэлэлэжъэр | пэлэлэжъэкӏэ | пэлэлэжъэхэкӏэ | плэлэжъэхэкӏэ | пэлэлэжъэхэмэ | плэлэжъэхэмэ | плэлэжъыу | плэлэжъ | плэлэжъэхэр,accepted
wiktionary-03025,validation,true,,wiktionary,3025,lexicon,пэмэн,to try to smell (to try to sense a smell),verb,пэмэн | фэмэн,accepted
wiktionary-03026,train,true,,wiktionary,3026,lexicon,пэплъэн,to wait,verb,пэплъэн,accepted
wiktionary-03027,train,true,,wiktionary,3027,lexicon,пэпскъикӏ,"cooled, chilled",adj,пэпскъикӏ | пэпскъикӏэхэм | пэпскъикӏэр | пэпскъикӏэхэкӏэ | пэпскъикӏыу | пэпскъикӏэм | пэпскъикӏэхыу | пэпскъикӏэхэр | пэпскъикӏэкӏэ | пэпскъикӏэхэмэ | пэпскъикӏэхэ | пэпскъикӏэ,accepted
wiktionary-03028,train,true,,wiktionary,3028,lexicon,пэпсы,snot ; (a piece of) snivel,noun,пэпсы | пэпсым | пэпсыр | пэпсыхэр | пэпсыхэмэ | пэпсыхыу | пэпсыхэм | пэпсыхэкӏэ | пэпсыкӏэ | пэпсыу,accepted
wiktionary-03029,train,true,,wiktionary,3029,lexicon,пэрыохъу,"obstacle, impediment",noun,пэрыохъу,accepted
wiktionary-03030,train,true,,wiktionary,3030,lexicon,пэсакӏо,"guard, watchman",noun,пэсакӏо | пэсакӏор | пэсакӏоу | пэсакӏохэм | пэсакӏохэкӏэ | пэсакӏохэр | пэсакӏохэмэ | пэсакӏохыу | пэсакӏом | пэсакӏохэ | пэсакӏокӏэ,accepted
wiktionary-03031,train,true,,wiktionary,3031,lexicon,пэсын,"to guard, to watch over ; to be on the watch (for), to lie in wait (for), to waylay ; to anticipate for, to wait expecting for someone or something ; to sit on something",verb,пэсын,accepted
wiktionary-03032,excluded_benchmark_overlap,false,exact_normalized_input_target_or_variant_overlap_with_benchmark,wiktionary,3032,lexicon,пэтырэ,while,adv,пэтырэ,accepted
wiktionary-03033,train,true,,wiktionary,3033,lexicon,пэцуй,booger,noun,пэцуй | пэцуйэхэкӏэ | пэцуйэхэр | пэцуйэм | пэцуйыу | пэцуйхыу | пэцуйэр | пэцуйэ | пэцуйэкӏэ | пэцуйэхэм | пэцуйэхэмэ | пэцуйэхэ,accepted
wiktionary-03034,test,true,,wiktionary,3034,lexicon,пэшын,snot ; (a piece of) snivel,noun,пэшын,accepted
wiktionary-03035,train,true,,wiktionary,3035,lexicon,пэшӏыжьын,to mimic; to imitate,verb,пэшӏыжьын,accepted
wiktionary-03036,train,true,,wiktionary,3036,lexicon,пэщ,room,noun,пэщ | пэщэхэ | пэщэкӏэ | пэщэм | пэщэхэр | пэщэхэм | пэщэхэкӏэ | пэщэхыу | пэщэ | пэщыу | пэщэхэмэ | пэщэр,accepted
wiktionary-03037,train,true,,wiktionary,3037,lexicon,пэщэн,leadership,noun,пэщэн,accepted
wiktionary-03038,train,true,,wiktionary,3038,lexicon,пэӏоталъхьэ,helmet,noun,пэӏоталъхьэ | пэӏоталъхьэу | пэӏоталъхьэхэ | пэӏоталъхьэм | пэӏоталъхьэхыу | пэӏоталъхьэр | пэӏоталъхьэхэр | пэӏоталъхьэкӏэ | пэӏоталъхьэхэкӏэ | пэӏоталъхьэхэм | пэӏоталъхьэхэмэ,accepted
wiktionary-03039,train,true,,wiktionary,3039,lexicon,пэӏоӏожьын,to whine against someone disagreeably,verb,пэӏоӏожьын,accepted
wiktionary-03040,train,true,,wiktionary,3040,lexicon,пэӏухъо,curtain,noun,пэӏухъо | пэӏухъоу | пэӏухъохэмэ | пэӏухъохыу | пэӏухъохэкӏэ | пэӏухъом | пэӏухъокӏэ | пэӏухъохэм | пэӏухъор | пэӏухъохэр | пэӏухъохэ,accepted
wiktionary-03041,train,true,,wiktionary,3041,lexicon,пэӏухъон,to drape,verb,пэӏухъон,accepted
wiktionary-03042,train,true,,wiktionary,3042,lexicon,пӏалъэ,appointment ; date (A pre-arranged meeting),noun,пӏалъэ,accepted
wiktionary-03043,train,true,,wiktionary,3043,lexicon,пӏастэ,porridge,noun,пӏастэ | пӏастэхэкӏэ | пӏастэм | пӏастэхэм | пӏастэу | пӏастэхыу | пӏастэхэр | пӏастэхэ | пӏастэхэмэ | пӏастэр | пӏастэкӏэ,accepted
wiktionary-03044,train,true,,wiktionary,3044,lexicon,пӏастӏэ,oatmeal ; porridge,noun,пӏастӏэ | пӏастӏэкӏэ | пӏастӏэу | пӏастӏэхэм | пӏастӏэм | пӏастӏэр | пӏастӏэхыу | пӏастӏэхэмэ | пӏастӏэхэкӏэ | пӏастӏэхэ | пӏастӏэхэр,accepted
wiktionary-03045,train,true,,wiktionary,3045,lexicon,пӏо,lid (The top or cover of a container),noun,пӏо,accepted
wiktionary-03046,train,true,,wiktionary,3046,lexicon,пӏонкӏын,"to pop, to burst (to break from internal pressure) ; to bubble up from heat",verb,пӏонкӏын | пӏэркӏьын | мэпӏэркӏьын,accepted
wiktionary-03047,train,true,,wiktionary,3047,lexicon,пӏоны,squama,noun,пӏоны | пӏоныхэр | пӏоныхыу | пӏоным | пӏоныр | пӏоныхэкӏэ | пӏоныхэм | пӏоныкӏэ | пӏоныу | пӏоныхэмэ,accepted
wiktionary-03048,validation,true,,wiktionary,3048,lexicon,пӏуаблэ,mat,noun,пӏуаблэ,accepted
wiktionary-03049,train,true,,wiktionary,3049,lexicon,пӏуакӏэ,thin,adj,пӏуакӏэ | пӏуанкӏэ | пӏакӏэ,accepted
wiktionary-03050,train,true,,wiktionary,3050,lexicon,пӏун,"to raise, to adopt",verb,пӏун | пӏын,accepted
wiktionary-03051,train,true,,wiktionary,3051,lexicon,пӏупкӏэ,alimony,noun,пӏупкӏэ | пӏупкӏэхэм | пӏупкӏэхэмэ | пӏупкӏэу | пӏупкӏэкӏэ | пӏупкӏэхэкӏэ | пӏупкӏэр | пӏупкӏэхыу | пӏупкӏэхэр | пӏупкӏэм | пӏупкӏэхэ,accepted
wiktionary-03052,train,true,,wiktionary,3052,lexicon,пӏур,pupil,noun,пӏур,accepted
wiktionary-03053,train,true,,wiktionary,3053,lexicon,пӏырагу,ball,noun,пӏырагу | пӏырагуэхэм | пӏырагуэр | пӏырагуэкӏэ | пӏырагуэм | пӏырагуэхэкӏэ | пӏырагухыу | пӏырагуэхэр | пӏырагуыу | пӏырагуэхэ | пӏырагуэхэмэ | пӏырагуэ,accepted
wiktionary-03054,validation,true,,wiktionary,3054,lexicon,пӏысакӏо,fucker,noun,пӏысакӏо | пӏысакӏохэм | пӏысакӏохэ | пӏысакӏохыу | пӏысакӏохэр | пӏысакӏор | пӏысакӏом | пӏысакӏоу | пӏысакӏокӏэ | пӏысакӏохэмэ | пӏысакӏохэкӏэ,accepted
wiktionary-03055,validation,true,,wiktionary,3055,lexicon,пӏысыгъэжъ,"(vulgar) screwed, fucked",adj,пӏысыгъэжъ,accepted
wiktionary-03056,train,true,,wiktionary,3056,lexicon,пӏысын,(vulgar) to fuck,verb,пӏысын,accepted
wiktionary-03057,excluded_benchmark_overlap,false,exact_normalized_input_target_or_variant_overlap_with_benchmark,wiktionary,3057,lexicon,пӏэ,mattress ; sheath,noun,пӏэ | пӏэхэкӏэ | пӏэм | пӏэкӏэ | пӏэхэм | пӏэхыу | пӏэхэр | пӏэу | пӏэхэмэ | пӏэр | пӏэхэ,accepted
wiktionary-03058,excluded_benchmark_overlap,false,exact_normalized_input_target_or_variant_overlap_with_benchmark,wiktionary,3058,lexicon,пӏэкӏор,bed,noun,пӏэкӏор,accepted
wiktionary-03059,train,true,,wiktionary,3059,lexicon,пӏэстхъэн,to scratch (With fingernails or foot-nails),verb,пӏэстхъэн | мэпӏэстхъэн | пӏэсхъэн,accepted
wiktionary-03060,train,true,,wiktionary,3060,lexicon,пӏэстӏэкӏэшып,cockroach,noun,пӏэстӏэкӏэшып | пӏэстӏэкӏэшыпэм | пӏэстӏэкӏэшыпэхэм | пӏэстӏэкӏэшыпэхэмэ | пӏэстӏэкӏэшыпэхэ | пӏэстӏэкӏэшыпэхэкӏэ | пӏэстӏэкӏэшыпэ | пӏэстӏэкӏэшыпэхэр | пӏэстӏэкӏэшыпэкӏэ | пӏэстӏэкӏэшыпыу | пӏэстӏэкӏэшыпэхыу | пӏэстӏэкӏэшыпэр,accepted
wiktionary-03061,train,true,,wiktionary,3061,lexicon,пӏэтедзэ,coverlet,noun,пӏэтедзэ | пӏэтедзэхэр | пӏэтедзэхэм | пӏэтедзэхэ | пӏэтедзэу | пӏэтедзэхэмэ | пӏэтедзэм | пӏэтедзэхэкӏэ | пӏэтедзэкӏэ | пӏэтедзэр | пӏэтедзэхыу,accepted
wiktionary-03062,train,true,,wiktionary,3062,lexicon,пӏэтехъо,bed sheet ; blanket,noun,пӏэтехъо | пӏэтехъохэмэ | пӏэтехъокӏэ | пӏэтехъохэм | пӏэтехъоу | пӏэтехъохыу | пӏэтехъом | пӏэтехъохэ | пӏэтехъор | пӏэтехъохэкӏэ | пӏэтехъохэр,accepted
wiktionary-03063,train,true,,wiktionary,3063,lexicon,пӏэтын,to raise,verb,пӏэтын,accepted
wiktionary-03064,train,true,,wiktionary,3064,lexicon,пӏэшъхьагъ,headboard,noun,пӏэшъхьагъ,accepted
wiktionary-03065,train,true,,wiktionary,3065,lexicon,ренэу,always,adv,ренэу,accepted
wiktionary-03066,validation,true,,wiktionary,3066,lexicon,ригъэбылъхьэн,to hide inside,verb,ригъэбылъхьэн,accepted
wiktionary-03067,train,true,,wiktionary,3067,lexicon,рилъэшъон,to drag inside,verb,рилъэшъон,accepted
wiktionary-03068,train,true,,wiktionary,3068,lexicon,рыгушхон,to take pride,verb,рыгушхон,accepted
wiktionary-03069,excluded_benchmark_overlap,false,exact_normalized_input_target_or_variant_overlap_with_benchmark,wiktionary,3069,lexicon,рэхьат,comfortable,adj,рэхьат,accepted
wiktionary-03070,train,true,,wiktionary,3070,lexicon,рэхьэнйэл,a person from the Israeli village of Rehaniya,noun,рэхьэнйэл | рэхьэнйэлэкӏэ | рэхьэнйэлэхэр | рэхьэнйэлэр | рэхьэнйэлэм | рэхьэнйэлэхэмэ | рэхьэнйэлэхэкӏэ | рэхьэнйэлыу | рэхьэнйэлэхэм | рэхьэнйэлэхэ | рэхьэнйэлэхыу | рэхьэнйэлэ,accepted
wiktionary-03071,validation,true,,wiktionary,3071,lexicon,сабый,child,noun,сабый | сабыйэ | сабыйэм | сабыйэхэм | сабыйыу | сабыйэкӏэ | сабыйэхэмэ | сабыйэхэкӏэ | сабыйэхыу | сабыйэхэр | сабыйэхэ | сабыйэр,accepted
wiktionary-03072,train,true,,wiktionary,3072,lexicon,сабын,soap,noun,сабын | сабынхэмэ | сабынхэкӏэ | сабынр | сабынм | сабынхэ | сабынкӏэ | сабынхыу | сабынхэр | сабынхэм | сабыну,accepted
wiktionary-03073,train,true,,wiktionary,3073,lexicon,сагъындакъ,quiver (case for holding arrows),noun,сагъындакъ,accepted
wiktionary-03074,train,true,,wiktionary,3074,lexicon,сае,Circassian female traditional clothes,noun,сае | саехэм | саекӏэ | саеу | саем | саехэкӏэ | саехэр | саехэмэ | саер | саехыу | саехэ,accepted
wiktionary-03075,train,true,,wiktionary,3075,lexicon,сако,jacket; coat,noun,сако | сакӏом | сакохэкӏэ | сакӏохэр | сакӏохыу | сакӏоу | сакӏо | сакохэм | сакохэ | сакоу | сакохэмэ | сакохыу | саком | сакохэр | сакӏор | сакӏохэмэ | сакокӏэ | сакӏохэм | сакӏохэкӏэ | сакӏохэ | сакӏокӏэ | сакор,accepted
wiktionary-03076,train,true,,wiktionary,3076,lexicon,самбыр,patient ; calm ; quiet,noun,самбыр,accepted
wiktionary-03077,train,true,,wiktionary,3077,lexicon,самбырын,to calm down ; to be patient,verb,самбырын,accepted
wiktionary-03078,train,true,,wiktionary,3078,lexicon,сандыкъ,box,noun,сандыкъ,accepted
wiktionary-03079,train,true,,wiktionary,3079,lexicon,санэ,grape,noun,санэ | санэхэмэ | санэкӏэ | санэхэ | санэхэм | санэу | санэхыу | санэр | санэхэр | санэм | санэхэкӏэ,accepted
wiktionary-03080,train,true,,wiktionary,3080,lexicon,сапэ,dust,noun,сапэ | сапэхэкӏэ | сапэм | сапэхэр | сапэхыу | сапэр | сапэхэмэ | сапэхэм | сапэу | сапэхэ | сапэкӏэ,accepted
wiktionary-03081,test,true,,wiktionary,3081,lexicon,сапэм чӏыкӏын,"to go to waste,",verb,сапэм чӏыкӏын,accepted
wiktionary-03082,train,true,,wiktionary,3082,lexicon,сахъэ,hoar-frost,noun,сахъэ | сахъэхыу | сахъэхэм | сахъэхэр | сахъэхэ | сахъэкӏэ | сахъэм | сахъэр | сахъэхэкӏэ | сахъэу | сахъэхэмэ,accepted
wiktionary-03083,validation,true,,wiktionary,3083,lexicon,сонэ,person from Svaneti; Svan.,noun,сонэ,accepted
wiktionary-03084,train,true,,wiktionary,3084,lexicon,стаф,ash,noun,стаф | стафэхэр | стафэр | стафэм | стафэхэм | стафэкӏэ | стафэ | стафэхэ | стафэхыу | стафэхэкӏэ | стафыу | стафэхэмэ,accepted
wiktionary-03085,train,true,,wiktionary,3085,lexicon,стыгъэ,burned,verb,стыгъэ,accepted
wiktionary-03086,train,true,,wiktionary,3086,lexicon,стын,"to be burned ; to burn, to scorch",verb,стын | мэстын,accepted
wiktionary-03087,excluded_benchmark_overlap,false,exact_normalized_input_target_or_variant_overlap_with_benchmark,wiktionary,3087,lexicon,стыр,burned (usually food) ; hot (food and water) ; spicy,adj,стыр,accepted
wiktionary-03088,test,true,,wiktionary,3088,lexicon,стырыпс,soup,noun,стырыпс,accepted
wiktionary-03089,train,true,,wiktionary,3089,lexicon,сурэт,picture ; photo ; drawing ; painting,noun,сурэт | сурэтхэм | сурэтм | сурэтхэкӏэ | сурэтхэмэ | сурэтр | сурэтхэр | сурэту | сурэткӏэ | сурэтхыу,accepted
wiktionary-03090,train,true,,wiktionary,3090,lexicon,суыз,wife ; woman,noun,суыз | суызэ | суызэхэмэ | суызэкӏэ | суызэм | суызэхэм | суызэхыу | суызэхэ | суызэр | суызэхэр | суызыу | суызэхэкӏэ,accepted
wiktionary-03091,validation,true,,wiktionary,3091,lexicon,суэу,honey,noun,суэу | суэуэхэ | суэуыу | суэуэ | суэуэм | суэуэхэм | суэуэхыу | суэуэхэр | суэуэр | суэуэхэмэ | суэуэкӏэ | суэуэхэкӏэ,accepted
wiktionary-03092,excluded_benchmark_overlap,false,exact_normalized_input_target_or_variant_overlap_with_benchmark,wiktionary,3092,lexicon,сыд,what,pron,сыд | шъыд,accepted
wiktionary-03093,train,true,,wiktionary,3093,lexicon,сыд джыри,what else,adv,сыд джыри,accepted
wiktionary-03094,train,true,,wiktionary,3094,lexicon,сыд рикӏорэр,what about,phrase,сыд рикӏорэр,accepted
wiktionary-03095,train,true,,wiktionary,3095,lexicon,сыд фэдиз,"how much, how long",adv,сыд фэдиз,accepted
wiktionary-03096,excluded_benchmark_overlap,false,exact_normalized_input_target_or_variant_overlap_with_benchmark,wiktionary,3096,lexicon,сыда,why,adv,сыда | шъыда | штэ | щтэ,accepted
wiktionary-03097,train,true,,wiktionary,3097,lexicon,сыда пӏомэ,"because (for what cause, reason, or purpose)",adv,сыда пӏомэ,accepted
wiktionary-03098,train,true,,wiktionary,3098,lexicon,сыдж,anvil ; crest,noun,сыдж,accepted
wiktionary-03099,excluded_benchmark_overlap,false,exact_normalized_input_target_or_variant_overlap_with_benchmark,wiktionary,3099,lexicon,сыдигъо,when,adv,сыдигъо | шыдгъо | шъыдгъо | шъыдигъо,accepted
wiktionary-03100,train,true,,wiktionary,3100,lexicon,сыдэу,whatever ; so,pron | adv,сыдэу | шъыдэу,accepted
wiktionary-03101,excluded_benchmark_overlap,false,exact_normalized_input_target_or_variant_overlap_with_benchmark,wiktionary,3101,lexicon,сыдэущтэу,how,pron,сыдэущтэу,accepted
wiktionary-03102,train,true,,wiktionary,3102,lexicon,сымаджэ,"sick, ill",adj,сымаджэ | сымагьэ,accepted
wiktionary-03103,train,true,,wiktionary,3103,lexicon,сымэджаплъэ,patient visit,noun,сымэджаплъэ,accepted
wiktionary-03104,validation,true,,wiktionary,3104,lexicon,сымэджэдэй,very sick,adj,сымэджэдэй,accepted
wiktionary-03105,train,true,,wiktionary,3105,lexicon,сымэджэщ,hospital,noun,сымэджэщ,accepted
wiktionary-03106,train,true,,wiktionary,3106,lexicon,сын,(Abzakh dialect) to be burned,verb,сын,accepted
wiktionary-03107,train,true,,wiktionary,3107,lexicon,сырныч,match,adj,сырныч,accepted
wiktionary-03108,train,true,,wiktionary,3108,lexicon,сырэ,"line ; column ; row ; queue (A line of people, vehicles or other objects)",noun,сырэ | сырэр | сырэхэкӏэ | сырэм | сырэу | сырэхэр | сырэхыу | сырэхэмэ | сырэкӏэ | сырэхэм | сырэхэ,accepted
wiktionary-03109,train,true,,wiktionary,3109,lexicon,сысын,to shake,verb,сысын | мэрсысын | рсысын,accepted
wiktionary-03110,train,true,,wiktionary,3110,lexicon,сыунэхъугъ,I am ruined (beset with unfortunate circumstances that seem difficult or impossible to overcome),phrase,сыунэхъугъ,accepted
wiktionary-03111,train,true,,wiktionary,3111,lexicon,сыхьат,o’clock ; hour,noun,сыхьат | сыхьатэхыу | сыхьатэр | сыхьатэ | сыхьатэкӏэ | сыхьатэхэм | сыхьатэм | сыхьатэхэр | сыхьатэхэмэ | сыхьатэхэкӏэ | сыхьатыу | сыхьатэхэ,accepted
wiktionary-03112,excluded_benchmark_overlap,false,exact_normalized_input_target_or_variant_overlap_with_benchmark,wiktionary,3112,lexicon,сэ,saber ; I,noun | pron,сэ | сэр | сэм | сэхэмэ | сэхэм | сэхэкӏэ | сэу | сэкӏэ | сэхэ | сэхэр | сэхыу,accepted
wiktionary-03113,train,true,,wiktionary,3113,lexicon,сэку,mane,noun,сэку,accepted
wiktionary-03114,train,true,,wiktionary,3114,lexicon,сэкъат,"defective, out of order, not functioning/working properly ; disabled",adj,сэкъат,accepted
wiktionary-03115,train,true,,wiktionary,3115,lexicon,сэлам ехын,to greet,verb,сэлам ехын,accepted
wiktionary-03116,train,true,,wiktionary,3116,lexicon,сэмэгу,left,noun,сэмэгу | сэмэгумкӏэ | сэмэгур | сэмэгухэр | сэмэгухэ | сэмэгум | сэмэгукӏэ | сэмэгухэкӏэ | сэмэгухэм | сэмэгуу | сэмэгухыу | сэмэгухэмэ,accepted
wiktionary-03117,train,true,,wiktionary,3117,lexicon,сэмэркъэу,joke,adv,сэмэркъэу,accepted
wiktionary-03118,train,true,,wiktionary,3118,lexicon,сэмэркъэушӏыл,comedian,noun,сэмэркъэушӏыл,accepted
wiktionary-03119,train,true,,wiktionary,3119,lexicon,сэнсэй,"pine, pine tree ; pine wood",noun,сэнсэй | сэнсэйэм | сэнсэйэкӏэ | сэнсэйэхэмэ | сэнсэйыу | сэнсэйэ | сэнсэйэхэкӏэ | сэнсэйэхэр | сэнсэйэхэм | сэнсэйэхэ | сэнсэйэр | сэнсэйэхыу,accepted
wiktionary-03120,train,true,,wiktionary,3120,lexicon,сэнэтхьапэ,"grape leaf ; stuffed grape leaf (food) (compare the English concepts of ""dolma"", ""sarma"")",noun,сэнэтхьапэ | сэнэтхьапэхыу | сэнэтхьапэхэм | сэнэтхьапэу | сэнэтхьапэр | сэнэтхьапэхэкӏэ | сэнэтхьапэхэр | сэнэтхьапэхэ | сэнэтхьапэкӏэ | сэнэтхьапэм | сэнэтхьапэхэмэ,accepted
wiktionary-03121,train,true,,wiktionary,3121,lexicon,сэнэхьат,"specialty, profession (that in which one specializes)",noun,сэнэхьат,accepted
wiktionary-03122,validation,true,,wiktionary,3122,lexicon,сэпсэуэ,"everyone, everybody",noun,сэпсэуэ,accepted
wiktionary-03123,train,true,,wiktionary,3123,lexicon,сэпэон,to dust (To remove dust; to clean by removing dust),verb,сэпэон | есэпэон,accepted
wiktionary-03124,train,true,,wiktionary,3124,lexicon,сэраджэ,leprous,adj,сэраджэ,accepted
wiktionary-03125,train,true,,wiktionary,3125,lexicon,сэрай,"latticework, trellis",noun,сэрай | сэрайэхэмэ | сэрайэм | сэрайэхэр | сэрайэр | сэрайэ | сэрайэхэкӏэ | сэрайэхэ | сэрайэхэм | сэрайыу | сэрайэхыу | сэрайэкӏэ,accepted
wiktionary-03126,train,true,,wiktionary,3126,lexicon,сэшхо,sword,noun,сэшхо | сэшхохэр | сэшхом | сэшхокӏэ | сэшхохыу | сэшхохэмэ | сэшхохэ | сэшхор | сэшхохэм | сэшхохэкӏэ | сэшхоу,accepted
wiktionary-03127,excluded_benchmark_overlap,false,exact_normalized_input_target_or_variant_overlap_with_benchmark,wiktionary,3127,lexicon,сӏакӏьэ,nit,noun,сӏакӏьэ,accepted
wiktionary-03128,train,true,,wiktionary,3128,lexicon,сӏынэ,wet,adj,сӏынэ,accepted
wiktionary-03129,train,true,,wiktionary,3129,lexicon,табэ,"frying pan (long-handled, shallow pan used for frying food)",noun,табэ,accepted
wiktionary-03130,train,true,,wiktionary,3130,lexicon,такъикъ,minute,noun,такъикъ | такъикъыу | такъикъэхэ | такъикъэхэмэ | такъикъэхэкӏэ | такъикъэр | такъикъэм | такъикъэхыу | такъикъэ | такъикъэхэм | такъикъэхэр | такъикъэкӏэ,accepted
wiktionary-03131,train,true,,wiktionary,3131,lexicon,такъыр,piece ; dot,noun,такъыр,accepted
wiktionary-03132,train,true,,wiktionary,3132,lexicon,такъэ,stump ; block,noun,такъэ | такъэм | такъэкӏэ | такъэхэкӏэ | такъэхэм | такъэр | такъэхыу | такъэу | такъэхэр | такъэхэ | такъэхэмэ,accepted
wiktionary-03133,test,true,,wiktionary,3133,lexicon,тамэ,shoulder ; wing,noun,тамэ | тамэу | тамэкӏэ | тамэхэкӏэ | тамэхыу | тамэр | тамэхэм | тамэхэр | тамэм | тамэхэмэ | тамэхэ,accepted
wiktionary-03134,train,true,,wiktionary,3134,lexicon,тары,which,pron,тары,accepted
wiktionary-03135,train,true,,wiktionary,3135,lexicon,тас,"cup, bowl",noun,тас | тасэм | тасэхыу | тасэхэ | тасэхэмэ | тасэкӏэ | тасэр | тасэхэкӏэ | тасэхэм | тасыу | тасэхэр | тасэ,accepted
wiktionary-03136,train,true,,wiktionary,3136,lexicon,тауташ,"precipice, abyss, chasm",noun,тауташ,accepted
wiktionary-03137,train,true,,wiktionary,3137,lexicon,тегощэн,"to distribute between, to divide between, to split between",verb,тегощэн,accepted
wiktionary-03138,train,true,,wiktionary,3138,lexicon,тегубжыхьан,to get angry over someone,verb,тегубжыхьан,accepted
wiktionary-03139,train,true,,wiktionary,3139,lexicon,тегупшысыкӏын,"to deflect/divert one's attention away from thinking about the important things ; to be distracted from thinking about the important things ; to underthink, to give insufficient thought or consideration to; fail to consider adequately.",verb,тегупшысыкӏын,accepted
wiktionary-03140,train,true,,wiktionary,3140,lexicon,тегущыӏэн,to talk about,verb,тегущыӏэн,accepted
wiktionary-03141,train,true,,wiktionary,3141,lexicon,тегъогъон,(Kfar Kama dialect) to bark on,verb,тегъогъон | тэгъогъон,accepted
wiktionary-03142,train,true,,wiktionary,3142,lexicon,тегъэбылъхьэн,to hide on,verb,тегъэбылъхьэн,accepted
wiktionary-03143,test,true,,wiktionary,3143,lexicon,тегъэзын,to knock down something or someone off something ; to make something fall off something,verb,тегъэзын | къытегъэзын,accepted
wiktionary-03144,train,true,,wiktionary,3144,lexicon,тегъэзэн,to repeat,verb,тегъэзэн | къытегъэзэн,accepted
wiktionary-03145,train,true,,wiktionary,3145,lexicon,тегъэнэн,to leave an object or someone on somewhere,verb,тегъэнэн,accepted
wiktionary-03146,train,true,,wiktionary,3146,lexicon,тегъэпкӏэн,to glue on; to stick on ; to patch,verb,тегъэпкӏэн,accepted
wiktionary-03147,train,true,,wiktionary,3147,lexicon,тегъэпсыхьан,to aim at something ; to point at something ; to fix a clock ; to set (machines) ; to plan on; to anticipate future actions based on,verb,тегъэпсыхьан,accepted
wiktionary-03148,train,true,,wiktionary,3148,lexicon,тегъэпытахьын,to fix something forcefully upon ; to be strict ; to be punctilious,verb,тегъэпытахьын,accepted
wiktionary-03149,validation,true,,wiktionary,3149,lexicon,тегъэстыкӏын,to erase or remove something by burning on the surface,verb,тегъэстыкӏын,accepted
wiktionary-03150,train,true,,wiktionary,3150,lexicon,тегъэстыхьан,to burn something on the surface something,verb,тегъэстыхьан,accepted
wiktionary-03151,train,true,,wiktionary,3151,lexicon,тегъэткӏон,to drip on,verb,тегъэткӏон,accepted
wiktionary-03152,validation,true,,wiktionary,3152,lexicon,тегъэтӏысхьан,to make someone sit down on,verb,тегъэтӏысхьан,accepted
wiktionary-03153,validation,true,,wiktionary,3153,lexicon,тегъэтӏэтӏэн,to drip (sticky substance) on,verb,тегъэтӏэтӏэн | тэгъэтӏэтӏэн,accepted
wiktionary-03154,train,true,,wiktionary,3154,lexicon,тегъэун,to divert,verb,тегъэун,accepted
wiktionary-03155,train,true,,wiktionary,3155,lexicon,тегъэцӏырэн,to spray burst liquid on to (usually from a pile),verb,тегъэцӏырэн,accepted
wiktionary-03156,train,true,,wiktionary,3156,lexicon,тедэжьын,"to patch; to mend by sewing on a piece or pieces of cloth, leather, or the like",verb,тедэжьын,accepted
wiktionary-03157,train,true,,wiktionary,3157,lexicon,тезын,to fall off something,verb,тезын,accepted
wiktionary-03158,train,true,,wiktionary,3158,lexicon,текӏон,"to overcome (To win or prevail in some sort of battle, contest, etc) ; to become greater than something else",verb,текӏон,accepted
wiktionary-03159,train,true,,wiktionary,3159,lexicon,текӏутэн,"to drip on (To let fall in drops), to spill small amount of liquid on",verb,текӏутэн | тэкӏутэн,accepted
wiktionary-03160,train,true,,wiktionary,3160,lexicon,текӏэн,to spill liquid on,verb,текӏэн | текӏьэн,accepted
wiktionary-03161,train,true,,wiktionary,3161,lexicon,телъхьан,to put something on; to place something on,verb,телъхьан,accepted
wiktionary-03162,train,true,,wiktionary,3162,lexicon,телъэдэн,to attack with unfounded accusations ; to run toward; to rush at (usually to assault),verb,телъэдэн,accepted
wiktionary-03163,train,true,,wiktionary,3163,lexicon,телӏэхьын,to fall in love with someone,noun,телӏэхьын,accepted
wiktionary-03164,excluded_benchmark_overlap,false,exact_normalized_input_target_or_variant_overlap_with_benchmark,wiktionary,3164,lexicon,темыр,north,noun,темыр,accepted
wiktionary-03165,train,true,,wiktionary,3165,lexicon,темэн,"swamp ; marsh, meadowland, flooded areas",noun,темэн | темэнэхэмэ | темэнэм | темэнэхэм | темэнэкӏэ | темэнэхэ | темэнэхэкӏэ | темэнэхэр | темэныу | темэнэр | темэнэ | темэнэхыу,accepted
wiktionary-03166,train,true,,wiktionary,3166,lexicon,тенэн,"to become stuck (trapped and unable to move) ; to stay, remain (should have the prefix къы- /qə-/)",verb,тенэн | тэнэн,accepted
wiktionary-03167,train,true,,wiktionary,3167,lexicon,тенэцӏэхьын,to fall in love with someone,noun,тенэцӏэхьын,accepted
wiktionary-03168,train,true,,wiktionary,3168,lexicon,теон,to hit toward the top of ; to knock ; to pat,verb,теон,accepted
wiktionary-03169,train,true,,wiktionary,3169,lexicon,теплъаджэ,"ugly, freaky",adj,теплъаджэ,accepted
wiktionary-03170,train,true,,wiktionary,3170,lexicon,теплъэ,"appearance, one's look, the look of someone or something, the way something or someone looks",noun,теплъэ | теплъэм | теплъэхэр | таплъэ | теплъэу | таплъэхэм | таплъэхэр | теплъэр | таплъэкӏэ | теплъэхыу | таплъэхэмэ | теплъэкӏэ | теплъэхэ | таплъэр | таплъэу | теплъэхэм | таплъэм | теплъэхэкӏэ | теплъэхэмэ | таплъэхыу | таплъэхэкӏэ | таплъэхэ,accepted
wiktionary-03171,train,true,,wiktionary,3171,lexicon,теплъэ къиубытын,to take shape ; to become good-looking,noun,теплъэ къиубытын,accepted
wiktionary-03172,train,true,,wiktionary,3172,lexicon,теплъэ ыубытын,to take shape ; to become good-looking,noun,теплъэ ыубытын,accepted
wiktionary-03173,train,true,,wiktionary,3173,lexicon,теплъэшӏу,handsome ; good-looking,adj,теплъэшӏу | теплъэшӏуэр | теплъэшӏуэхэкӏэ | теплъэшӏуэм | теплъэшӏуэкӏэ | теплъэшӏуэхэ | теплъэшӏуэ | теплъэшӏуэхэр | теплъэшӏуэхэм | теплъэшӏухыу | теплъэшӏуэхэмэ | теплъэшӏуыу,accepted
wiktionary-03174,train,true,,wiktionary,3174,lexicon,тепсэн,"to light, to light up, to illuminate",verb,тепсэн,accepted
wiktionary-03175,train,true,,wiktionary,3175,lexicon,тепхэ,bandage,noun,тепхэ,accepted
wiktionary-03176,validation,true,,wiktionary,3176,lexicon,тепщэч,plate,noun,тепщэч,accepted
wiktionary-03177,test,true,,wiktionary,3177,lexicon,тепӏо,lid (The top or cover of a container),noun,тепӏо,accepted
wiktionary-03178,train,true,,wiktionary,3178,lexicon,тетхыкӏын,to copy (writing) from,verb,тетхыкӏын | тэтхыкӏын | тэтхыкӏьын,accepted
wiktionary-03179,test,true,,wiktionary,3179,lexicon,тетӏэтӏэн,to drip (a sticky substances) on,verb,тетӏэтӏэн | тэтӏэтӏэн,accepted
wiktionary-03180,train,true,,wiktionary,3180,lexicon,теужъунтхэн,to spit upon,verb,теужъунтхэн | тэжъутхэн | теужъутхэн,accepted
wiktionary-03181,train,true,,wiktionary,3181,lexicon,теунэхъухьан,to be ruined due to (beset with unfortunate circumstances that seem difficult or impossible to overcome),verb,теунэхъухьан,accepted
wiktionary-03182,train,true,,wiktionary,3182,lexicon,теупӏэпӏэн,to spank,verb,теупӏэпӏэн,accepted
wiktionary-03183,validation,true,,wiktionary,3183,lexicon,теутхэн,to splash water on; to splatter on,verb,теутхэн | теутхын,accepted
wiktionary-03184,train,true,,wiktionary,3184,lexicon,теутын,"to knock down ; to hit with a projectile (bow, rock, bullet)",verb,теутын,accepted
wiktionary-03185,train,true,,wiktionary,3185,lexicon,теутэн,"to sprinkle, To cause (a substance) to fall in fine drops (for a liquid substance) or small pieces (for a solid substance)",verb,теутэн,accepted
wiktionary-03186,train,true,,wiktionary,3186,lexicon,теуцогъу,degree (unit of temperature or angle) ; radius ; Spoke (wheel) ; stage ; step ; Wheel axle,noun,теуцогъу,accepted
wiktionary-03187,train,true,,wiktionary,3187,lexicon,теуцон,to stop on ; to stand still on,verb,теуцон,accepted
wiktionary-03188,train,true,,wiktionary,3188,lexicon,теуцӏэлэн,"to scribble on, To write or draw carelessly on",verb,теуцӏэлэн | тэуцӏэлэн,accepted
wiktionary-03189,train,true,,wiktionary,3189,lexicon,тефэхьын,"to spread (on), to smear (with), to daub (with)",verb,тефэхьын,accepted
wiktionary-03190,train,true,,wiktionary,3190,lexicon,техакӏу,aggressor,noun,техакӏу | техакӏуыу | техакӏухыу | техакӏуэхэ | техакӏуэхэм | техакӏуэхэр | техакӏуэхэмэ | техакӏуэхэкӏэ | техакӏуэр | техакӏуэкӏэ | техакӏуэм | техакӏуэ,accepted
wiktionary-03191,train,true,,wiktionary,3191,lexicon,техъон,to cover with,verb,техъон,accepted
wiktionary-03192,test,true,,wiktionary,3192,lexicon,техьагъу,malaria,noun,техьагъу,accepted
wiktionary-03193,excluded_benchmark_overlap,false,exact_normalized_input_target_or_variant_overlap_with_benchmark,wiktionary,3193,lexicon,техьан,to go on the surface of something ; to invade in order to attack,verb,техьан | жэхэхьан | зэбгырыхьан | пыхьан | кӏоцӏы | шъхьапырыхьан | ӏу | шъхьадэхьан | хэхьан | кӏоцӏыхьан | лъы | и | кӏэлъыры | пэхьан | бгъодэ | кӏэлъырыхьан | бгъодэхьан | шъхьадэ | хэ | зэбгыры | те | ӏухьан | чӏэ | дэ | гохьан | къохьан | го | шъхьапыры | пы | зэкӏэ | чӏэхьан | жэхэ | жэдэ | ихьан | жэдэхьан | лъыхьан | къо | джыхэхьэн | дэхьан | зэкӏэхьан,accepted
wiktionary-03194,train,true,,wiktionary,3194,lexicon,техьэ-текӏ,"changeable ; shifting often ; impermanent, inconstant",adj,техьэ-текӏ,accepted
wiktionary-03195,train,true,,wiktionary,3195,lexicon,тецӏэлэн,"to spread (on), to smear (with), to daub (with)",verb,тецӏэлэн,accepted
wiktionary-03196,test,true,,wiktionary,3196,lexicon,тецӏэцӏэн,to yell at,verb,тецӏэцӏэн | тэцӏэцӏэн | тэсӏэсӏэн,accepted
wiktionary-03197,train,true,,wiktionary,3197,lexicon,течъын,"a liquid to slide off above something ; to surpass; to overtake ; to outrun, to outdistance",verb,течъын,accepted
wiktionary-03198,validation,true,,wiktionary,3198,lexicon,течын,to peal,verb,течын | текьын,accepted
wiktionary-03199,train,true,,wiktionary,3199,lexicon,тещыныхьан,to be afraid that a certain thing will happen,verb,тещыныхьан,accepted
wiktionary-03200,test,true,,wiktionary,3200,lexicon,теӏэбэхьын,to touch the surface of something (repetitively),verb,теӏэбэхьын,accepted
wiktionary-03201,validation,true,,wiktionary,3201,lexicon,тикӏэн,"to spill, to pour",verb,тикӏэн,accepted
wiktionary-03202,train,true,,wiktionary,3202,lexicon,тифэхьын,"to spread, to smear",verb,тифэхьын,accepted
wiktionary-03203,train,true,,wiktionary,3203,lexicon,ткӏун,to be melted,verb,ткӏун | мэткӏун,accepted
wiktionary-03204,validation,true,,wiktionary,3204,lexicon,тутын,cigarette,noun,тутын | тутыныу | тутынэхэр | тутынэм | тутынэхэм | тутынэхэкӏэ | тутынэкӏэ | тутынэхыу | тутынэ | тутынэхэмэ | тутынэхэ | тутынэр,accepted
wiktionary-03205,train,true,,wiktionary,3205,lexicon,тучан,shop,noun,тучан,accepted
wiktionary-03206,train,true,,wiktionary,3206,lexicon,тфанэ,one fifth,num,тфанэ,accepted
wiktionary-03207,excluded_benchmark_overlap,false,exact_normalized_input_target_or_variant_overlap_with_benchmark,wiktionary,3207,lexicon,тфы,five,num,тфы,accepted
wiktionary-03208,train,true,,wiktionary,3208,lexicon,тфый,ew (an expression of disgusted).,intj,тфый,accepted
wiktionary-03209,test,true,,wiktionary,3209,lexicon,тфэи,beech,noun,тфэи | тфэихэр | тфэим | тфэихэкӏэ | тфэикӏэ | тфэихэм | тфэир | тфэиу | тфэихэмэ | тфэихыу,accepted
wiktionary-03210,train,true,,wiktionary,3210,lexicon,тхакӏо,writer,noun,тхакӏо | тхакӏохэр | тхакӏохэмэ | тхакӏом | тхакӏохэ | тхакӏохэкӏэ | тхакӏоу | тхакӏохэм | тхакӏохыу | тхакӏокӏэ | тхакӏор,accepted
wiktionary-03211,train,true,,wiktionary,3211,lexicon,тхъо,gray hair; dun,adj,тхъо | тхъохэм | тхъом | тхъохэкӏэ | тхъохыу | тхъокӏэ | тхъохэр | тхъор | тхъоу | тхъохэмэ | тхъохэ,accepted
wiktionary-03212,train,true,,wiktionary,3212,lexicon,тхъу,oil ; petroleum ; butter (melted),noun,тхъу | тхъуэкӏэ | тхъуэ | тхъуэхэкӏэ | тхъуэхэм | тхъуэхэр | тхъуэр | тхъухыу | тхъуэм | тхъуыу | тхъуэхэ | тхъуэхэмэ,accepted
wiktionary-03213,train,true,,wiktionary,3213,lexicon,тхъубэ къегъэхын,foam,noun,тхъубэ къегъэхын | тхъубэ къегъэхынэкӏэ | тхъубэ къегъэхынэхэм | тхъубэ къегъэхыныу | тхъубэ къегъэхынэхыу | тхъубэ къегъэхынэм | тхъубэ къегъэхынэхэкӏэ | тхъубэ къегъэхынэхэр | тхъубэ къегъэхынэ | тхъубэ къегъэхынэхэ | тхъубэ къегъэхынэр | тхъубэ къегъэхынэхэмэ,accepted
wiktionary-03214,train,true,,wiktionary,3214,lexicon,тхъун,"to clean (out, up) ; to shovel out, to rake out, to remove by shoveling or raking",verb,тхъун,accepted
wiktionary-03215,validation,true,,wiktionary,3215,lexicon,тхъурыжъ,dumpling,noun,тхъурыжъ | тхъужъэм | тхъурыжъэхэмэ | тхъурыжъэм | тхъурыжъэкӏэ | тхъурыжъэхэр | тхъурыжъэхэм | тхъужъ | тхъужъэкӏэ | тхъужъэ | тхъужъэхэ | тхъурыжъэр | тхъужъэхэкӏэ | тхъужъэхыу | тхъурыжъэ | тхъужъэхэр | тхъужъыу | тхъурыжъыу | тхъурыжъэхыу | тхъужъэр | тхъурыжъэхэкӏэ | тхъурыжъэхэ | тхъужъэхэм | тхъужъэхэмэ,accepted
wiktionary-03216,train,true,,wiktionary,3216,lexicon,тхъын,to tear something off,verb,тхъын,accepted
wiktionary-03217,train,true,,wiktionary,3217,lexicon,тхъытхъын,to hurry,verb,тхъытхъын,accepted
wiktionary-03218,train,true,,wiktionary,3218,lexicon,тхъэжьын,to become happy,verb,тхъэжьын | мэтхъэжьын,accepted
wiktionary-03219,train,true,,wiktionary,3219,lexicon,тхъэн,"to be amused, to be entertained ; to be having fun",verb,тхъэн,accepted
wiktionary-03220,validation,true,,wiktionary,3220,lexicon,тхы,back (body part),noun,тхы,accepted
wiktionary-03221,train,true,,wiktionary,3221,lexicon,тхыбзэ,literary,noun,тхыбзэ | тхыбзэкӏэ | тхыбзэхэм | тхыбзэу | тхыбзэхэ | тхыбзэхэр | тхыбзэр | тхыбзэхэмэ | тхыбзэм | тхыбзэхэкӏэ | тхыбзэхыу,accepted
wiktionary-03222,train,true,,wiktionary,3222,lexicon,тхыгъэ,writing,noun,тхыгъэ | тхыгъэу | тхыгъэм | тхыгъэхэр | тхыгъэхэмэ | тхыгъэхыу | тхыгъэр | тхыгъэхэм | тхыгъэхэкӏэ | тхыгъэкӏэ | тхыгъэхэ,accepted
wiktionary-03223,train,true,,wiktionary,3223,lexicon,тхыдэ,story ; narrative,noun,тхыдэ | тхыдэкӏэ | тхыдэр | тхыдэхэкӏэ | тхыдэм | тхыдэхэр | тхыдэхэ | тхыдэу | тхыдэхэмэ | тхыдэхэм | тхыдэхыу,accepted
wiktionary-03224,train,true,,wiktionary,3224,lexicon,тхыдэжъ,story ; tale,noun,тхыдэжъ | тхыдэжъэкӏэ | тхыдэжъэхэм | тхыдэжъэм | тхыдэжъыу | тхыдэжъэхэ | тхыдэжъэхэр | тхыдэжъэр | тхыдэжъэхэкӏэ | тхыдэжъэ | тхыдэжъэхэмэ | тхыдэжъэхыу,accepted
wiktionary-03225,test,true,,wiktionary,3225,lexicon,тхыкъупшъхь,"backbone, spinal column, vertebral column, spine (set of bones which connected make up the spine and spinal column)",noun,тхыкъупшъхь,accepted
wiktionary-03226,train,true,,wiktionary,3226,lexicon,тхылъ,book,noun,тхылъ | тхылъэхэкӏэ | тхылъэр | тхылъэкӏэ | тхылъэхэр | тхылъэхэ | тхылъэм | тхылъэхэм | тхылъыу | тхылъэ | тхылъэхыу | тхылъэхэмэ,accepted
wiktionary-03227,train,true,,wiktionary,3227,lexicon,тхылъылъ,briefcase,noun,тхылъылъ | тхылъылъэхэр | тхылъылъэм | тхылъылъэр | тхылъылъэхэ | тхылъылъыу | тхылъылъэхыу | тхылъылъэхэкӏэ | тхылъылъэкӏэ | тхылъылъэ | тхылъылъэхэм | тхылъылъэхэмэ,accepted
wiktionary-03228,train,true,,wiktionary,3228,lexicon,тхылъыпӏэ,paper ; tissue for cleaning one’s nose ; kleenex,noun,тхылъыпӏэ | тхылъыпӏэм | тхылъыпӏэхэм | тхылъыпӏэхэкӏэ | тхылъыпӏэхэ | тхылъыпӏэхыу | тхылъыпӏэр | тхылъыпӏэхэмэ | тхылъыпӏэхэр | тхылъыпӏэу | тхылъыпӏэкӏэ,accepted
wiktionary-03229,train,true,,wiktionary,3229,lexicon,тхылъыщэ,bookstore,noun,тхылъыщэ | тхылъыщэкӏэ | тхылъыщэм | тхылъыщэхэмэ | тхылъыщэхэм | тхылъыщэр | тхылъыщэхэкӏэ | тхылъыщэу | тхылъыщэхэ | тхылъыщэхыу | тхылъыщэхэр,accepted
wiktionary-03230,validation,true,,wiktionary,3230,lexicon,тхылъӏыгъыпӏэ,library,noun,тхылъӏыгъыпӏэ | тхылъӏыгъыпӏэхэ | тхылъӏыгъыпӏэм | тхылъӏыгъыпӏэхэкӏэ | тхылъӏыгъыпӏэу | тхылъӏыгъыпӏэхэмэ | тхылъӏыгъыпӏэхэм | тхылъӏыгъыпӏэр | тхылъӏыгъыпӏэхэр | тхылъӏыгъыпӏэкӏэ | тхылъӏыгъыпӏэхыу,accepted
wiktionary-03231,train,true,,wiktionary,3231,lexicon,тхын,to write,verb,тхын,accepted
wiktionary-03232,train,true,,wiktionary,3232,lexicon,тхыон,"to fear, to get afraid",verb,тхыон,accepted
wiktionary-03233,train,true,,wiktionary,3233,lexicon,тхыпкъылъэ,alphabet,noun,тхыпкъылъэ | тхыпкъылъэхэмэ | тхыпкъылъэкӏэ | тхыпкъылъэхэкӏэ | тхыпкъылъэхэр | тхыпкъылъэр | тхыпкъылъэм | тхыпкъылъэхэм | тхыпкъылъэу | тхыпкъылъэхыу | тхыпкъылъэхэ,accepted
wiktionary-03234,train,true,,wiktionary,3234,lexicon,тхыпкъэ,letter,noun,тхыпкъэ | тхыпкъэхэ | тхыпкъэхэмэ | тхыпкъэхэкӏэ | тхыпкъэхэм | тхыпкъэм | тхыпкъэкӏэ | тхыпкъэхыу | тхыпкъэу | тхыпкъэр | тхыпкъэхэр,accepted
wiktionary-03235,train,true,,wiktionary,3235,lexicon,тхытхын,"to shiver (to tremble or shake, especially when cold or frightened.)",verb,тхытхын | мэтхытхын,accepted
wiktionary-03236,test,true,,wiktionary,3236,lexicon,тхыцэ,rhino,noun,тхыцэ,accepted
wiktionary-03237,train,true,,wiktionary,3237,lexicon,тхыцӏэ,back,noun,тхыцӏэ | тхыцӏэхэр | тхыцӏэм | тхыцӏэхыу | тхыцӏэхэ | тхыцӏэхэм | тхыцӏэр | тхыцӏэхэкӏэ | тхыцӏэу | тхыцӏэхэмэ | тхыцӏэкӏэ,accepted
wiktionary-03238,test,true,,wiktionary,3238,lexicon,тхьабыл,lung,noun,тхьабыл | тхьабылэкӏэ | тхьабылэхэ | тхьабылэхэмэ | тхьабылэхэкӏэ | тхьабылэхэм | тхьабылэр | тхьабылэм | тхьабылэхэр | тхьабылэ | тхьабылэхыу | тхьабылыу,accepted
wiktionary-03239,train,true,,wiktionary,3239,lexicon,тхьагъэпцӏ,dishonest ; munafiq,adj,тхьагъэпцӏ,accepted
wiktionary-03240,train,true,,wiktionary,3240,lexicon,тхьакӏумкӏыхь,rabbit ; bunny,noun,тхьакӏумкӏыхь | тхьэкӏумэкӏэхьы,accepted
wiktionary-03241,excluded_benchmark_overlap,false,exact_normalized_input_target_or_variant_overlap_with_benchmark,wiktionary,3241,lexicon,тхьакӏумэ,ear,noun,тхьакӏумэ | тхьэкӏумэм | тхьакӏумэхэкӏэ | тхьакӏумэу | тхьакӏумэхыу | тхьакӏумэм | тхьакӏумэхэм | тхьэкӏумэхэ | тхьэкӏумэхэм | тхьэкӏумэ | тхьэкӏумэхыу | тхьакӏумэкӏэ | тхьэкӏумэкӏэ | тхьэкӏумэу | тхьэкӏумэхэкӏэ | тхьэкӏумэхэмэ | тхьэкӏумэр | тхьэкӏумэхэр | тхьакӏумэхэр | тхьакӏумэхэмэ | тхьакӏумэхэ | тхьакӏумэр,accepted
wiktionary-03242,train,true,,wiktionary,3242,lexicon,тхьакӏын,to wash,verb,тхьакӏын,accepted
wiktionary-03243,train,true,,wiktionary,3243,lexicon,тхьаматэ,"foreman (of a village) ; boss ; master (superior person in status or rank) ; chairman ; (dated, possibly archaic) religious leader ; (possibly dated) husband",noun,тхьаматэ | тхьаматэхэм | тхьэматэм | тхьаматэхэр | тхьаматэкӏэ | тхьаматэм | тхьэматэхэр | тхьэматэ | тхьэматэхэмэ | тхьэматэр | тхьэматэхыу | тхьаматэхэ | тхьэматэхэ | тхьаматэу | тхьаматэр | тхьэматэкӏэ | тхьаматэхыу | тхьэматэу | тхьаматэхэкӏэ | тхьэматэхэм | тхьаматэхэмэ | тхьэматэхэкӏэ,accepted
wiktionary-03244,test,true,,wiktionary,3244,lexicon,тхьамшӏыгъу,liver,noun,тхьамшӏыгъу,accepted
wiktionary-03245,train,true,,wiktionary,3245,lexicon,тхьамыкӏ,poor (A person with little/no money or possessions) ; poor (A person or animal to be pitied),adj,тхьамыкӏ | тхьэмыщкӏьэхэ | тхьэмыщкӏьэхэм | тхьэмыщкӏьэхэмэ | тхьэмыщкӏьэм | тхьэмыщкӏьэхэр | тхьэмыщкӏьэхэкӏэ | тхьэмыщкӏьэр | тхьэмыщкӏьэ | тхьэмыщкӏь | тхьэмыщкӏьыу | тхьэмыщкӏьэкӏэ | тхьэмыщкӏьэхыу,accepted
wiktionary-03246,train,true,,wiktionary,3246,lexicon,тхьамыкӏагъу,misfortune time; miserable time,noun,тхьамыкӏагъу | тхьамыкӏэгъо,accepted
wiktionary-03247,validation,true,,wiktionary,3247,lexicon,тхьанычъэ,atheist,noun,тхьанычъэ,accepted
wiktionary-03248,train,true,,wiktionary,3248,lexicon,тхьапш,how much,adv,тхьапш | хьапщ,accepted
wiktionary-03249,train,true,,wiktionary,3249,lexicon,тхьапэ,leaf,noun,тхьапэ | тхьапэм | тхьапэхэкӏэ | тхьапэхэм | тхьапэкӏэ | тхьапэхэмэ | тхьапэхыу | тхьапэхэр | тхьапэу | тхьапэхэ | тхьапэр,accepted
wiktionary-03250,train,true,,wiktionary,3250,lexicon,тхьаркъо,pigeon ; dove,noun,тхьаркъо | тхьаркъохыу | тхьаркъом | тхьаркъокӏэ | тхьаркъохэкӏэ | тхьаркъохэм | тхьаркъоу | тхьаркъор | тхьаркъохэмэ | тхьаркъохэ | тхьаркъохэр,accepted
wiktionary-03251,test,true,,wiktionary,3251,lexicon,тхьарыӏу,"vow, oath, swear in God",noun,тхьарыӏу,accepted
wiktionary-03252,excluded_benchmark_overlap,false,exact_normalized_input_target_or_variant_overlap_with_benchmark,wiktionary,3252,lexicon,тхьауегъэпсэу,thank you,intj,тхьауегъэпсэу,accepted
wiktionary-03253,train,true,,wiktionary,3253,lexicon,тхьаумаф,Sunday,noun,тхьаумаф | тхьаумафыу | тхьаумафэ | тхьаумафэхэмэ | тхьаумафэм | тхьаумафэкӏэ | тхьаумафэхэм | тхьаумафэхыу | тхьаумафэхэр | тхьаумафэхэ | тхьаумафэхэкӏэ | тхьаумафэр,accepted
wiktionary-03254,train,true,,wiktionary,3254,lexicon,тхьаусхэн,to complain ; to allege,verb,тхьаусхэн | мэтхьаусхэн,accepted
wiktionary-03255,train,true,,wiktionary,3255,lexicon,тхьауысхако,"wake; in Adyghe culture, the practice of visiting a person's house on three nights following his death.",noun,тхьауысхако | тхьауысхакоу | тхьауысхакохэ | тхьауысхаком | тхьауысхакохэм | тхьауысхакокӏэ | тхьауысхакохэкӏэ | тхьауысхакор | тхьауысхакохэмэ | тхьауысхакохэр | тхьауысхакохыу,accepted
wiktionary-03256,train,true,,wiktionary,3256,lexicon,тхьацэ,"miser, stingy",adj,тхьацэ,accepted
wiktionary-03257,train,true,,wiktionary,3257,lexicon,тхьачэт,turkey,noun,тхьачэт | тхьэчэтыу | тхьачэтэр | тхьэкӏэт | тхьэкӏэтэр | тхьачэтэм | тхьэкӏэтэм | тхьэчэтэкӏэ | тхьэчэтэм | тхьэкӏэтэ | тхьэчэт | тхьэчэтэхэм | тхьэкӏэтэхэмэ | тхьэкӏэтэкӏэ | тхьэкӏэтыу | тхьэчэтэхэмэ | тхьачэтэхэ | тхьачэтыу | тхьэчэтэ | тхьачэтэкӏэ | тхьачэтэхыу | тхьэкӏэтэхэкӏэ | тхьэчэтэхыу | тхьачэтэхэр | тхьэкӏэтэхыу | тхьачэтэхэм | тхьэкӏэтэхэр | тхьачэтэ | тхьэкӏэтэхэ | тхьэчэтэхэ | тхьэчэтэр | тхьэчэтэхэр | тхьэкӏэтэхэм | тхьачэтэхэкӏэ | тхьэчэтэхэкӏэ | тхьачэтэхэмэ,accepted
wiktionary-03258,train,true,,wiktionary,3258,lexicon,тхьашъуегъэпсэу,thank you (plural),intj,тхьашъуегъэпсэу,accepted
wiktionary-03259,excluded_benchmark_overlap,false,exact_normalized_input_target_or_variant_overlap_with_benchmark,wiktionary,3259,lexicon,тхьэ,god,noun,тхьэ | тхьэхэмэ | тхьэу | тхьэхэр | тхьэхэм | тхьэхыу | тхьэхэкӏэ | тхьэм | тхьэхэ | тхьэр | тхьэкӏэ,accepted
wiktionary-03260,train,true,,wiktionary,3260,lexicon,тхьэ сурэт,idol,noun,тхьэ сурэт | тхьэ сурэтэм | тхьэ сурэтэхэмэ | тхьэ сурэтэкӏэ | тхьэ сурэтэхэр | тхьэ сурэтэхэм | тхьэ сурэтыу | тхьэ сурэтэхыу | тхьэ сурэтэр | тхьэ сурэтэ | тхьэ сурэтэхэ | тхьэ сурэтэхэкӏэ,accepted
wiktionary-03261,train,true,,wiktionary,3261,lexicon,тхьэ ӏон,to swear to god,verb,тхьэ ӏон,accepted
wiktionary-03262,train,true,,wiktionary,3262,lexicon,тхьэет,luck,noun,тхьэет | тхьэетэ | тхьэтынэхэм | тхьэетэхэмэ | тхьэтынэм | тхьэтынэхэмэ | тхьэтынэр | тхьэтынэхэкӏэ | тхьэетэхэкӏэ | тхьэтынэхэ | тхьэетэхэм | тхьэетыу | тхьэетэр | тхьэетэкӏэ | тхьэетэхэ | тхьэтынэхэр | тхьэтын | тхьэтынэ | тхьэтынэкӏэ | тхьэетэм | тхьэтыныу | тхьэтынэхыу | тхьэетэхэр | тхьэетэхыу,accepted
wiktionary-03263,validation,true,,wiktionary,3263,lexicon,тхьэкӏумэпылъ,earring,noun,тхьэкӏумэпылъ | тхьэкӏумэпылъэхыу | тхьэкӏумэпылъэхэ | тхьэкӏумэпылъэхэмэ | тхьэкӏумэпылъэхэм | тхьэкӏумэпылъэм | тхьэкӏумэпылъэхэр | тхьэкӏумэпылъэр | тхьэкӏумэпылъэкӏэ | тхьэкӏумэпылъыу | тхьэкӏумэпылъэхэкӏэ | тхьэкӏумэпылъэ,accepted
wiktionary-03264,train,true,,wiktionary,3264,lexicon,тхьэлъэӏупӏэ,temple ; a place where people can gather up to pray to God,noun,тхьэлъэӏупӏэ | тхьэлъэӏупӏэр | тхьэлъэӏупӏэкӏэ | тхьэлъэӏупӏэм | тхьэлъэӏупӏэхэкӏэ | тхьэлъэӏупӏэхэм | тхьэлъэӏупӏэхэмэ | тхьэлъэӏупӏэхэ | тхьэлъэӏупӏэу | тхьэлъэӏупӏэхэр | тхьэлъэӏупӏэхыу,accepted
wiktionary-03265,test,true,,wiktionary,3265,lexicon,тхьэлӏыкӏу,prophet,noun,тхьэлӏыкӏу | тхьэлӏыкӏуэхэр | тхьэлӏыкӏуэхэкӏэ | тхьэлӏыкӏуэм | тхьэлӏыкӏуэкӏэ | тхьэлӏыкӏуэр | тхьэлӏыкӏухыу | тхьэлӏыкӏуэхэм | тхьэлӏыкӏуэхэмэ | тхьэлӏыкӏуэ | тхьэлӏыкӏуыу | тхьэлӏыкӏуэхэ,accepted
wiktionary-03266,train,true,,wiktionary,3266,lexicon,тхьэм бытырбыф,go to hell,intj,тхьэм бытырбыф,accepted
wiktionary-03267,train,true,,wiktionary,3267,lexicon,тхьэм емыд,"God forbid, may god not allow it",phrase,тхьэм емыд,accepted
wiktionary-03268,train,true,,wiktionary,3268,lexicon,тхьэмафэ,week,noun,тхьэмафэ | тхьэмафэхэм | тхьэмафэхыу | тхьэмафэхэ | тхьэмафэм | тхьэмафэр | тхьэмафэхэр | тхьэмафэхэкӏэ | тхьэмафэу | тхьэмафэхэмэ | тхьэмафэкӏэ,accepted
wiktionary-03269,train,true,,wiktionary,3269,lexicon,тхьэмбылышъу,pink ; pink,adj | noun,тхьэмбылышъу | тхьэмбылышъуэкӏэ | тхьэмбылышъуэхэкӏэ | тхьэмбылышъуэхэмэ | тхьэмбылышъуэм | тхьэмбылышъуэхэ | тхьэмбылышъуэр | тхьэмбылышъуэхэм | тхьэмбылышъуэхэр | тхьэмбылышъуыу | тхьэмбылышъухыу | тхьэмбылышъуэ,accepted
wiktionary-03270,validation,true,,wiktionary,3270,lexicon,тхьэмыдэ,atheist,noun,тхьэмыдэ,accepted
wiktionary-03271,test,true,,wiktionary,3271,lexicon,тхьэмышӏэ,atheist,noun,тхьэмышӏэ,accepted
wiktionary-03272,validation,true,,wiktionary,3272,lexicon,тхьэпкӏэ,leaf,noun,тхьэпкӏэ | тхьэпкӏэу | тхьэпкӏэхыу | тхьэпкӏэм | тхьэпкӏэхэм | тхьэпкӏэхэр | тхьэпкӏэкӏэ | тхьэпкӏэхэмэ | тхьэпкӏэхэ | тхьэпкӏэхэкӏэ | тхьэпкӏэр,accepted
wiktionary-03273,train,true,,wiktionary,3273,lexicon,тхьэр еон,to be cursed,verb,тхьэр еон,accepted
wiktionary-03274,train,true,,wiktionary,3274,lexicon,тхьэцу,dough,noun,тхьэцу,accepted
wiktionary-03275,train,true,,wiktionary,3275,lexicon,тхьэӏофыт,beauty ; angel,adj | noun,тхьэӏофыт,accepted
wiktionary-03276,train,true,,wiktionary,3276,lexicon,тхэн,to write,verb,тхэн | мэтхэн,accepted
wiktionary-03277,train,true,,wiktionary,3277,lexicon,тхэхьын,to book; to fine (police),verb,тхэхьын,accepted
wiktionary-03278,excluded_benchmark_overlap,false,exact_normalized_input_target_or_variant_overlap_with_benchmark,wiktionary,3278,lexicon,ты,father,noun,ты | тым | тыхэм | тыхыу | тыхэмэ | тыхэкӏэ | тыу | тыкӏэ | тыр | тыхэр,accepted
wiktionary-03279,train,true,,wiktionary,3279,lexicon,тыгъон,to steal,verb,тыгъон,accepted
wiktionary-03280,train,true,,wiktionary,3280,lexicon,тыгъоснахьыпэ,"day before yesterday, two days ago",adv,тыгъоснахьыпэ | тыгъуасэнахьыпэ | тгъосэнэхьпэ,accepted
wiktionary-03281,train,true,,wiktionary,3281,lexicon,тыгъуакӏо,"thief, burglar, robber",noun,тыгъуакӏо | тгъуакӏохэкӏэ | тыгъуакӏом | тгъуакӏо | тгъуакӏохыу | тыгъуакӏохэкӏэ | тыгъуакӏохэмэ | тыгъуакӏокӏэ | тгъуакӏохэм | тыгъуакӏохэм | тгъуакӏом | тгъуакӏохэ | тгъуакӏоу | тгъуакӏокӏэ | тыгъуакӏоу | тыгъуакӏохэ | тыгъуакӏор | тгъуакӏор | тгъуакӏохэмэ | тыгъуакӏохэр | тыгъуакӏохыу | тгъуакӏохэр,accepted
wiktionary-03282,train,true,,wiktionary,3282,lexicon,тыгъуасэ,yesterday,adv,тыгъуасэ,accepted
wiktionary-03283,train,true,,wiktionary,3283,lexicon,тыгъужъ,wolf,noun,тыгъужъ | тыгъужъэхэкӏэ | тыгъужъэхэм | тыгъужъэм | тыгъужъэхэмэ | тыгъужъэхыу | тыгъужъэкӏэ | тыгъужъыу | тыгъужъэхэр | тыгъужъэхэ | тыгъужъэ | тыгъужъэр,accepted
wiktionary-03284,train,true,,wiktionary,3284,lexicon,тыгъун,to steal,verb,тыгъун,accepted
wiktionary-03285,train,true,,wiktionary,3285,lexicon,тыгъурыгъу,eagle-owl,noun,тыгъурыгъу | тыгъурыгъуыу | тыгъурыгъуэхэмэ | тыгъурыгъуэр | тыгъурыгъуэм | тыгъурыгъуэкӏэ | тыгъурыгъуэ | тыгъурыгъуэхэм | тыгъурыгъуэхэкӏэ | тыгъурыгъухыу | тыгъурыгъуэхэр | тыгъурыгъуэхэ,accepted
wiktionary-03286,excluded_benchmark_overlap,false,exact_normalized_input_target_or_variant_overlap_with_benchmark,wiktionary,3286,lexicon,тыгъэ,sun,noun,тыгъэ | тыгъэхэкӏэ | тыгъэм | тыгъэхэм | тыгъэр | тыгъэхэ | тыгъэхэмэ | тыгъэкӏэ | тыгъэхэр | тыгъэу | тыгъэхыу,accepted
wiktionary-03287,train,true,,wiktionary,3287,lexicon,тыгъэгъазэ,sunflower,noun,тыгъэгъазэ | тгъэргъазэхэр | тыгъэгъазэхэр | тгъэргъазэм | тыгъэгъазэхэм | тыгъэгъазэм | тгъэргъазэхыу | тыгъэгъазэр | тгъэргъазэкӏэ | тыгъэгъазэхэмэ | тгъэргъазэхэм | тгъэргъазэ | тыгъэгъазэхыу | тыгъэгъазэу | тгъэргъазэхэмэ | тгъэргъаз | тыгъэгъазэхэ | тгъэргъазэхэкӏэ | тгъэргъазэр | тгъэргъазэхэ | тыгъэгъазэхэкӏэ | тгъэргъазыу | тыгъэгъазэкӏэ,accepted
wiktionary-03288,train,true,,wiktionary,3288,lexicon,тыгъэгъэзэмаз,December,noun,тыгъэгъэзэмаз | тыгъэгъэзэмазэхэр | тыгъэгъэзэмазэм | тыгъэгъэзэмазэр | тыгъэгъэзэмазэ | тыгъэгъэзэмазэкӏэ | тыгъэгъэзэмазыу | тыгъэгъэзэмазэхэкӏэ | тыгъэгъэзэмазэхэм | тыгъэгъэзэмазэхыу | тыгъэгъэзэмазэхэмэ | тыгъэгъэзэмазэхэ,accepted
wiktionary-03289,train,true,,wiktionary,3289,lexicon,тыгъэзегъэупӏэ,beach,noun,тыгъэзегъэупӏэ,accepted
wiktionary-03290,train,true,,wiktionary,3290,lexicon,тыгъэкъокӏыпӏ,east,noun,тыгъэкъокӏыпӏ,accepted
wiktionary-03291,train,true,,wiktionary,3291,lexicon,тыгъэкъохьапӏ,west,noun,тыгъэкъохьапӏ,accepted
wiktionary-03292,train,true,,wiktionary,3292,lexicon,тыгъэнэгъунджэ,sunglasses,noun,тыгъэнэгъунджэ | тыгъэнэгъунджэр | тыгъэнэгъунджэхэ | тыгъэнэгъунджэхэмэ | тыгъэнэгъунджэхэкӏэ | тгъэнэгъургьэ | тыгъэнэгъунджэхэр | тыгъэнэгъунджэм | тыгъэнэгъунджэу | тгъэнэгъургьэхэкӏэ | тгъэнэгъургьэкӏэ | тгъэнэгъургьэр | тгъэнэгъургьэхэмэ | тгъэнэгъургьэхэ | тыгъэнэгъунджэкӏэ | тыгъэнэгъунджэхэм | тыгъэнэгъунджэхыу | тгъэнэгъургьэм | тгъэнэгъургьэхэм | тгъэнэгъургьэхыу | тгъэнэгъургьэу | тгъэнэгъургьэхэр,accepted
wiktionary-03293,train,true,,wiktionary,3293,lexicon,тыгъэнэстыр,"heatwave, heat, swelter ; heat of the sun",adj,тыгъэнэстыр | тыгъэстырэхэкӏэ | тыгъэнэстырэхэм | тыгъэстырэм | тыгъэнэстырэхэр | тыгъэстырэкӏэ | тыгъэстырэр | тыгъэстыр | тыгъэнэстырэхэмэ | тыгъэстырэхэм | тыгъэнэстырэкӏэ | тыгъэстырыу | тыгъэстырэхыу | тыгъэстырэхэ | тыгъэстырэхэр | тыгъэнэстырэхэ | тыгъэнэстырэр | тыгъэнэстырэм | тыгъэнэстырэ | тыгъэстырэ | тыгъэнэстырыу | тыгъэнэстырэхэкӏэ | тыгъэстырэхэмэ | тыгъэнэстырэхыу,accepted
wiktionary-03294,train,true,,wiktionary,3294,lexicon,тыгъэпсы,sunny,adj,тыгъэпсы,accepted
wiktionary-03295,excluded_benchmark_overlap,false,exact_normalized_input_target_or_variant_overlap_with_benchmark,wiktionary,3295,lexicon,тыдэ,where,adv,тыдэ,accepted
wiktionary-03296,train,true,,wiktionary,3296,lexicon,тыжьыны,silver,noun,тыжьыны | тыжьыныхэм | тыжьыным | тыжьыныхэкӏэ | тыжьыныхыу | тыжьыныхэр | тыжьыныхэмэ | тыжьыныу | тыжьыныр | тыжьыныкӏэ,accepted
wiktionary-03297,validation,true,,wiktionary,3297,lexicon,тыкъын,Adam's apple,noun,тыкъын | тыкъынэхыу | тыкъынэм | тыкъыныу | тыкъынэхэкӏэ | тыкъынэхэ | тыкъынэкӏэ | тыкъынэхэр | тыкъынэ | тыкъынэхэм | тыкъынэхэмэ | тыкъынэр,accepted
wiktionary-03298,excluded_benchmark_overlap,false,exact_normalized_input_target_or_variant_overlap_with_benchmark,wiktionary,3298,lexicon,тын,to pay,verb,тын,accepted
wiktionary-03299,excluded_benchmark_overlap,false,exact_normalized_input_target_or_variant_overlap_with_benchmark,wiktionary,3299,lexicon,тыны,"present, gift",noun,тыны,accepted
wiktionary-03300,train,true,,wiktionary,3300,lexicon,тыпсэ,ram,noun,тыпсэ | тыпсэхэ | тыпсэр | тыпсэхыу | тыпсэхэкӏэ | тыпсэхэм | тыпсэхэмэ | тыпсэм | тыпсэу | тыпсэхэр | тыпсэкӏэ,accepted
wiktionary-03301,train,true,,wiktionary,3301,lexicon,тыркъо,wound ; scar,noun,тыркъо | тыркъом | тыркъохэ | тыркъокӏэ | тыркъохыу | тыркъор | тыркъохэкӏэ | тыркъохэр | тыркъохэмэ | тыркъохэм | тыркъоу,accepted
wiktionary-03302,excluded_benchmark_overlap,false,exact_normalized_input_target_or_variant_overlap_with_benchmark,wiktionary,3302,lexicon,тэ,we,pron,тэ | тэкӏэ | тэр | тэхэм | тэхэкӏэ | тэу | тэм | тэхыу | тэхэ | тэхэр | тэхэмэ,accepted
wiktionary-03303,train,true,,wiktionary,3303,lexicon,тэгъзакӏэ,sunflower seeds (food),noun,тэгъзакӏэ | тэгъзакӏэм | тэгъзакӏэхэм | тэгъзакӏэу | тэгъзакӏэхэмэ | тэгъзакӏэкӏэ | тэгъзакӏэр | тэгъзакӏэхэр | тэгъзакӏэхыу | тэгъзакӏэхэ | тэгъзакӏэхэкӏэ,accepted
wiktionary-03304,test,true,,wiktionary,3304,lexicon,тэгъолъхьан,to lie down on,verb,тэгъолъхьан,accepted
wiktionary-03305,train,true,,wiktionary,3305,lexicon,тэгъэпсэхьэн,to set,verb,тэгъэпсэхьэн,accepted
wiktionary-03306,validation,true,,wiktionary,3306,lexicon,тэгъэтӏысхьэн,to make someone sit on something,verb,тэгъэтӏысхьэн,accepted
wiktionary-03307,validation,true,,wiktionary,3307,lexicon,тэгъэфэн,to make an object hit someone or something (usually by throwing),verb,тэгъэфэн,accepted
wiktionary-03308,train,true,,wiktionary,3308,lexicon,тэгъэцӏэшъутыкӏын,to make someone slip over a,verb,тэгъэцӏэшъутыкӏын,accepted
wiktionary-03309,train,true,,wiktionary,3309,lexicon,тэджын,to stand up,verb,тэджын | тэгьын,accepted
wiktionary-03310,excluded_benchmark_overlap,false,exact_normalized_input_target_or_variant_overlap_with_benchmark,wiktionary,3310,lexicon,тэдрэз,each,det,тэдрэз,accepted
wiktionary-03311,train,true,,wiktionary,3311,lexicon,тэдэгьи,"everywhere, every place",adv,тэдэгьи,accepted
wiktionary-03312,train,true,,wiktionary,3312,lexicon,тэкуон,"to scream at, to yell at",verb,тэкуон,accepted
wiktionary-03313,train,true,,wiktionary,3313,lexicon,тэкӏу гъашӏэмэ,soon,adv,тэкӏу гъашӏэмэ,accepted
wiktionary-03314,train,true,,wiktionary,3314,lexicon,тэкӏурэ,few times,adv,тэкӏурэ,accepted
wiktionary-03315,train,true,,wiktionary,3315,lexicon,тэмэжъый,collarbone,noun,тэмэжъый | тэмэжъыйэхэмэ | тэмэжъыйэр | тэмэжъыйэм | тэмэжъыйэхэм | тэмэжъыйэхэкӏэ | тэмэжъыйыу | тэмэжъыйэхэр | тэмэжъыйэхыу | тэмэжъыйэ | тэмэжъыйэхэ | тэмэжъыйэкӏэ,accepted
wiktionary-03316,train,true,,wiktionary,3316,lexicon,тэпкӏэн,"to get stuck from something sticky, to become or remain attached; to adhere, to stick",verb,тэпкӏэн,accepted
wiktionary-03317,train,true,,wiktionary,3317,lexicon,тэпсэ,tray,noun,тэпсэ | тэпсэхэр | тэпсэкӏэ | тэпсэм | тэпсэу | тэпсэр | тэпсэхэм | тэпсэхэ | тэпсэхэмэ | тэпсэхэкӏэ | тэпсэхыу,accepted
wiktionary-03318,train,true,,wiktionary,3318,lexicon,тэрэз,correct,adj,тэрэз,accepted
wiktionary-03319,train,true,,wiktionary,3319,lexicon,тэрэзыдж,"wrong, incorrect",adj,тэрэзыдж,accepted
wiktionary-03320,train,true,,wiktionary,3320,lexicon,тэтэжъ,grandpa,noun,тэтэжъ | тэтэжъэхэкӏэ | тэтэжъэм | тэтэжъэхэ | тэтэжъэхэм | тэтэжъэхэр | тэтэжъэ | тэтэжъыу | тэтэжъэхыу | тэтэжъэр | тэтэжъэхэмэ | тэтэжъэкӏэ,accepted
wiktionary-03321,train,true,,wiktionary,3321,lexicon,тэуцон,to step on,verb,тэуцон,accepted
wiktionary-03322,train,true,,wiktionary,3322,lexicon,тэфэн,to be hit ; to fall (On something or someone) ; to meet someone (by chance),verb,тэфэн,accepted
wiktionary-03323,train,true,,wiktionary,3323,lexicon,тэцӏэшъутыкӏын,to slip over a,verb,тэцӏэшъутыкӏын | тэцӏэшъутыкӏьын,accepted
wiktionary-03324,train,true,,wiktionary,3324,lexicon,тэчъын,to surpass,verb,тэчъын,accepted
wiktionary-03325,train,true,,wiktionary,3325,lexicon,тэшӏыкӏын,"to sculpture based on ; (vulgar, slang) to masturbate watching someone",verb,тэшӏыкӏын | тэшӏыкӏьын,accepted
wiktionary-03326,excluded_benchmark_overlap,false,exact_normalized_input_target_or_variant_overlap_with_benchmark,wiktionary,3326,lexicon,тэщгъум,when,adv,тэщгъум,accepted
wiktionary-03327,excluded_benchmark_overlap,false,exact_normalized_input_target_or_variant_overlap_with_benchmark,wiktionary,3327,lexicon,тэщтэу,how,pron,тэщтэу,accepted
wiktionary-03328,train,true,,wiktionary,3328,lexicon,тэӏэн,to touch,verb,тэӏэн,accepted
wiktionary-03329,train,true,,wiktionary,3329,lexicon,тӀэкӀу,a bit (few) ; place,adv | noun,тӀэкӀу,accepted
wiktionary-03330,test,true,,wiktionary,3330,lexicon,тӏамы,orange (Fruit),noun,тӏамы | тӏамыхэр | тӏамым | тӏамыхэкӏэ | тӏамыхыу | тӏамыхэм | тӏамыхэмэ | тӏамыкӏэ | тӏамыу | тӏамыр,accepted
wiktionary-03331,train,true,,wiktionary,3331,lexicon,тӏаркъу,forked ; bifurcation (A division into two branches.) ; furcation (A division into several branches.),adj | noun,тӏаркъу,accepted
wiktionary-03332,test,true,,wiktionary,3332,lexicon,тӏокӏиплӏ,eighty,num,тӏокӏиплӏ,accepted
wiktionary-03333,train,true,,wiktionary,3333,lexicon,тӏокӏиплӏырэ пшӏырэ,ninety,num,тӏокӏиплӏырэ пшӏырэ,accepted
wiktionary-03334,train,true,,wiktionary,3334,lexicon,тӏокӏитӏу,forty,num,тӏокӏитӏу,accepted
wiktionary-03335,train,true,,wiktionary,3335,lexicon,тӏокӏищ,sixty,num,тӏокӏищ,accepted
wiktionary-03336,train,true,,wiktionary,3336,lexicon,тӏокӏищырэ пшӏырэ,seventy,num,тӏокӏищырэ пшӏырэ,accepted
wiktionary-03337,train,true,,wiktionary,3337,lexicon,тӏокӏы,twenty,num,тӏокӏы,accepted
wiktionary-03338,train,true,,wiktionary,3338,lexicon,тӏолъфэныкъо,twin,noun,тӏолъфэныкъо | тӏолъфэныкъох,accepted
wiktionary-03339,excluded_benchmark_overlap,false,exact_normalized_input_target_or_variant_overlap_with_benchmark,wiktionary,3339,lexicon,тӏу,two,num,тӏу,accepted
wiktionary-03340,train,true,,wiktionary,3340,lexicon,тӏуазэ,twin,noun,тӏуазэ | тӏуазэх,accepted
wiktionary-03341,train,true,,wiktionary,3341,lexicon,тӏуакӏэ,"gorge, ravine, canyon",noun,тӏуакӏэ | тӏуакӏэхэр | тӏуакӏэм | тӏуакӏэхэкӏэ | тӏуакӏэхэ | тӏуакӏэкӏэ | тӏуакӏэхыу | тӏуакӏэу | тӏокӏэжъ | тӏуакӏэхэм | тӏуакӏэр | тӏуакӏэхэмэ,accepted
wiktionary-03342,train,true,,wiktionary,3342,lexicon,тӏуанэ,rival (female),noun,тӏуанэ | тӏуанэхэр | тӏуанэхэм | тӏуанэхыу | тӏуанэм | тӏуанэу | тӏуанэхэ | тӏуанэхэкӏэ | тӏуанэхэмэ | тӏуанэкӏэ | тӏуанэр,accepted
wiktionary-03343,train,true,,wiktionary,3343,lexicon,тӏупщын,to release ; to launch ; to set free; to let go ; to leave someone (from harm or annoyance),verb,тӏупщын,accepted
wiktionary-03344,train,true,,wiktionary,3344,lexicon,тӏурыс,old,adj,тӏурыс,accepted
wiktionary-03345,train,true,,wiktionary,3345,lexicon,тӏурытӏу,pair,noun,тӏурытӏу,accepted
wiktionary-03346,validation,true,,wiktionary,3346,lexicon,тӏурытӏу къашъо,pair dance,noun,тӏурытӏу къашъо | тӏурытӏу къашъохэкӏэ | тӏурытӏу къашъор | тӏурытӏу къашъом | тӏурытӏу къашъокӏэ | тӏурытӏу къашъохыу | тӏурытӏу къашъохэм | тӏурытӏу къашъоу | тӏурытӏу къашъохэ | тӏурытӏу къашъохэмэ | тӏурытӏу къашъохэр,accepted
wiktionary-03347,test,true,,wiktionary,3347,lexicon,тӏуӏугъэ,wrinkly,adj,тӏуӏугъэ | тӏуӏугъээхэм | тӏуӏугъээр | тӏуӏугъээхэр | тӏуӏугъэыу | тӏуӏугъээм | тӏуӏугъээкӏэ | тӏуӏугъээхыу | тӏуӏугъээхэкӏэ | тӏуӏугъээ | тӏуӏугъээхэмэ | тӏуӏугъээхэ,accepted
wiktionary-03348,train,true,,wiktionary,3348,lexicon,тӏы,ram,noun,тӏы | тӏым | тӏыхэм | тӏыхэкӏэ | тӏыхэр | тӏыу | тӏыкӏэ | тӏыхыу | тӏыр | тӏыхэмэ,accepted
wiktionary-03349,validation,true,,wiktionary,3349,lexicon,тӏын,to dig,verb,тӏын,accepted
wiktionary-03350,train,true,,wiktionary,3350,lexicon,тӏыргун,"to push, to shove, to thrust",verb,тӏыргун,accepted
wiktionary-03351,validation,true,,wiktionary,3351,lexicon,тӏыргъон,"to ripen, to mature",verb,тӏыргъон | тӏыгъон,accepted
wiktionary-03352,train,true,,wiktionary,3352,lexicon,тӏысын,to sit down,verb,тӏысын,accepted
wiktionary-03353,train,true,,wiktionary,3353,lexicon,тӏысыпӏэ,seat,noun,тӏысыпӏэ | тӏысыпӏэкӏэ | тӏысыпӏэхэм | тӏысыпӏэхэкӏэ | тӏысыпӏэм | тӏысыпӏэхыу | тӏысыпӏэхэ | тӏысыпӏэу | тӏысыпӏэхэр | тӏысыпӏэр | тӏысыпӏэхэмэ,accepted
wiktionary-03354,train,true,,wiktionary,3354,lexicon,тӏэкӏугъашӏэм,soon,adv,тӏэкӏугъашӏэм | тӏэкӏушӏэмэ,accepted
wiktionary-03355,train,true,,wiktionary,3355,lexicon,тӏэкӏунау,very small amount,adj,тӏэкӏунау,accepted
wiktionary-03356,train,true,,wiktionary,3356,lexicon,тӏэкӏунитӏэ,very small amount,adj,тӏэкӏунитӏэ,accepted
wiktionary-03357,train,true,,wiktionary,3357,lexicon,тӏэн,to implant,verb,тӏэн,accepted
wiktionary-03358,train,true,,wiktionary,3358,lexicon,тӏэпӏын,"to be unstitched, to be torn at the seams",verb,тӏэпӏын,accepted
wiktionary-03359,train,true,,wiktionary,3359,lexicon,тӏэтэн,to disband ; to unleash ; to unbutton,verb,тӏэтэн,accepted
wiktionary-03360,train,true,,wiktionary,3360,lexicon,тӏэтӏэй,slow,adj,тӏэтӏэй,accepted
wiktionary-03361,train,true,,wiktionary,3361,lexicon,тӏэтӏэн,"to be dripping (sticky substances like honey, cake and color liquid)",verb,тӏэтӏэн | мэтӏэтӏэн | мэутӏэтӏэн | утӏэтӏэн,accepted
wiktionary-03362,train,true,,wiktionary,3362,lexicon,уае,"bad weather, strong weather",noun,уае | уаехэ | уаехэм | уаем | уаехэкӏэ | уаер | уаехыу | уаехэр | уаекӏэ | уаехэмэ | уаеу,accepted
wiktionary-03363,train,true,,wiktionary,3363,lexicon,уалъэ,wave,noun,уалъэ,accepted
wiktionary-03364,excluded_benchmark_overlap,false,exact_normalized_input_target_or_variant_overlap_with_benchmark,wiktionary,3364,lexicon,уанэ,saddle,noun,уанэ | уанэм | уанэхэ | уанэхэм | уанэхэкӏэ | уанэу | уанэхыу | уанэр | уанэкӏэ | уанэхэмэ | уанэхэр,accepted
wiktionary-03365,train,true,,wiktionary,3365,lexicon,уарзэ,straw,noun,уарзэ,accepted
wiktionary-03366,train,true,,wiktionary,3366,lexicon,уасэ,price; cost,noun,уасэ,accepted
wiktionary-03367,excluded_benchmark_overlap,false,exact_normalized_input_target_or_variant_overlap_with_benchmark,wiktionary,3367,lexicon,уатэ,hammer,noun,уатэ | уатэхэм | уатэхэмэ | уатэхэ | уатэкӏэ | уатэм | уатэр | уатэу | уатэхыу | уатэхэкӏэ | уатэхэр,accepted
wiktionary-03368,excluded_benchmark_overlap,false,exact_normalized_input_target_or_variant_overlap_with_benchmark,wiktionary,3368,lexicon,уахътэ,time,noun,уахътэ | уахътэхэкӏэ | уахътэм | уахътэхэм | уахътэхыу | уахътэхэ | уахътэкӏэ | уахътэхэр | уахътэу | уахътэр | уахътэхэмэ,accepted
wiktionary-03369,train,true,,wiktionary,3369,lexicon,уашхъо,heaven; sky,verb,уашхъо,accepted
wiktionary-03370,excluded_benchmark_overlap,false,exact_normalized_input_target_or_variant_overlap_with_benchmark,wiktionary,3370,lexicon,уашъо,sky,noun,уашъо | уашъохэм | уашъом | уашъохыу | уашъохэр | уашъохэ | уашъокӏэ | уашъоу | уашъор | уашъохэкӏэ | уашъохэмэ,accepted
wiktionary-03371,train,true,,wiktionary,3371,lexicon,ублапӏэ,"beginning, start",verb,ублапӏэ,accepted
wiktionary-03372,train,true,,wiktionary,3372,lexicon,ублэгъу,time of beginning ; beginner,noun,ублэгъу,accepted
wiktionary-03373,validation,true,,wiktionary,3373,lexicon,убын,"to speak ill of, to gossip",verb,убын | еубын,accepted
wiktionary-03374,train,true,,wiktionary,3374,lexicon,убытын,"to catch ; to hold with strength, to grip ; to capture, to make something yours (Like a room, house, territory, vehicle, animal, any object)",verb,убытын,accepted
wiktionary-03375,train,true,,wiktionary,3375,lexicon,убэн,"to tamp, to make smooth",verb,убэн | мэубэн | еубэн,accepted
wiktionary-03376,train,true,,wiktionary,3376,lexicon,убэтэн,"to shatter, to destroy (cannot be repaired anymore)",verb,убэтэн,accepted
wiktionary-03377,test,true,,wiktionary,3377,lexicon,угъоин,to gather ; to collect,verb,угъоин | еугъоин,accepted
wiktionary-03378,train,true,,wiktionary,3378,lexicon,угъонын,to make a hole into,verb,угъонын,accepted
wiktionary-03379,train,true,,wiktionary,3379,lexicon,удж,dance,noun,удж | угь,accepted
wiktionary-03380,train,true,,wiktionary,3380,lexicon,уджын,to dance,verb,уджын | угьын,accepted
wiktionary-03381,train,true,,wiktionary,3381,lexicon,уджэгъун,"to hate, to dislike",verb,уджэгъун | еуджэгъун,accepted
wiktionary-03382,train,true,,wiktionary,3382,lexicon,удзуцон,to shuck,noun,удзуцон,accepted
wiktionary-03383,test,true,,wiktionary,3383,lexicon,уды,witch ; sorcerer ; magician ; wizard,noun,уды | удыхэкӏэ | удым | удыр | удыхэм | удыу | удыхэмэ | удыхыу | удыхэр | удыкӏэ,accepted
wiktionary-03384,train,true,,wiktionary,3384,lexicon,ужъунтхэн,to spit,verb,ужъунтхэн | жъутхэн | мэжъутхэн,accepted
wiktionary-03385,train,true,,wiktionary,3385,lexicon,ужы,"weasel ; track ; footprint, footstep",noun,ужы | ужыкӏэ | ужыхэкӏэ | ужыр | ужыхэм | ужыхыу | ужым | ужыу | ужыхэр | ужыхэмэ,accepted
wiktionary-03386,train,true,,wiktionary,3386,lexicon,узы,"disease, illness",noun,узы | узэхэкӏэ | узэхэр | узэм | уз | узэхэмэ | узэр | узэ | узэхыу | узэкӏэ | узэхэм | узыу | узэхэ,accepted
wiktionary-03387,train,true,,wiktionary,3387,lexicon,узыныгъэ,pain,noun,узыныгъэ | узыныгъэм | узыныгъэр | узыныгъэу | узыныгъэхыу | узыныгъэхэм | узыныгъэхэкӏэ | узыныгъэхэр | узыныгъэхэмэ | узыныгъэкӏэ | узыныгъэхэ,accepted
wiktionary-03388,train,true,,wiktionary,3388,lexicon,уиӏоф шӏоп,your work is not well (Used to express: You will be in a really problematic situation),intj,уиӏоф шӏоп,accepted
wiktionary-03389,train,true,,wiktionary,3389,lexicon,укъэбзын,to clean,verb,укъэбзын,accepted
wiktionary-03390,train,true,,wiktionary,3390,lexicon,укӏакӏо,killer,noun,укӏакӏо | укӏакӏохэмэ | укӏакӏохэм | укӏакӏом | укӏакӏохэр | укӏакӏохэ | укӏакӏор | укӏакӏохэкӏэ | укӏакӏокӏэ | укӏакӏоу | укӏакӏохыу,accepted
wiktionary-03391,train,true,,wiktionary,3391,lexicon,укӏорэин,"to fall, to roll down",verb,укӏорэин,accepted
wiktionary-03392,train,true,,wiktionary,3392,lexicon,укӏын,to kill,verb,укӏын | укӏьын,accepted
wiktionary-03393,train,true,,wiktionary,3393,lexicon,укӏыт,"modesty, humility",noun,укӏыт | укӏытэр | укӏытэхэм | укӏытэм | укӏытэхэр | укӏытэхэмэ | укӏытыу | укӏытэхэкӏэ | укӏытэ | укӏытэхыу | укӏытэкӏэ | укӏытэхэ,accepted
wiktionary-03394,train,true,,wiktionary,3394,lexicon,укӏытагъо,shamefulness,noun,укӏытагъо | укӏытагъохэкӏэ | укӏытагъокӏэ | укӏытагъор | укӏытагъохэр | укӏытагъохэм | укӏытагъохэ | укӏытагъохэмэ | укӏытагъом | укӏытагъоу | укӏытагъохыу,accepted
wiktionary-03395,train,true,,wiktionary,3395,lexicon,укӏытапх,a shy person,adj,укӏытапх | укӏытапхэ | укӏьытапх,accepted
wiktionary-03396,test,true,,wiktionary,3396,lexicon,укӏытэн,to be ashamed ; to be shy,verb,укӏытэн | укӏьытэн | мэукӏытэн,accepted
wiktionary-03397,train,true,,wiktionary,3397,lexicon,укӏэпхъэн,to trim,verb,укӏэпхъэн | укӏьэпхъэн,accepted
wiktionary-03398,train,true,,wiktionary,3398,lexicon,укӏэсын,to like (the process of liking or falling in love),verb,укӏэсын,accepted
wiktionary-03399,train,true,,wiktionary,3399,lexicon,улъыин,to get rusted,verb,улъыин | мэулъыен,accepted
wiktionary-03400,validation,true,,wiktionary,3400,lexicon,улэун,to get tired,verb,улэун,accepted
wiktionary-03401,train,true,,wiktionary,3401,lexicon,умыармэ,if not (if not the result will be),adv,умыармэ,accepted
wiktionary-03402,excluded_benchmark_overlap,false,exact_normalized_input_target_or_variant_overlap_with_benchmark,wiktionary,3402,lexicon,унагъо,family,noun,унагъо | унагъохэр | унагъом | унагъохэм | унагъохэмэ | унагъокӏэ | унагъохэкӏэ | унагъохэ | унагъохыу | унагъоу | унагъор,accepted
wiktionary-03403,train,true,,wiktionary,3403,lexicon,унагъобзэ,language family,noun,унагъобзэ,accepted
wiktionary-03404,train,true,,wiktionary,3404,lexicon,унагъоцӏэ,"family name, last name",noun,унагъоцӏэ | унагъоцӏэм | унагъоцӏэхэр | унагъоцӏэхэм | унагъоцӏэхэмэ | унагъоцӏэхыу | унагъоцӏэхэ | унагъоцӏэкӏэ | унагъоцӏэхэкӏэ | унагъоцӏэу | унагъоцӏэр,accepted
wiktionary-03405,test,true,,wiktionary,3405,lexicon,унакӏэ,new house,noun,унакӏэ | унакӏэхэмэ | унакӏэкӏэ | унакӏэхэм | унакӏэу | унакӏэр | унакӏэм | унакӏэхэр | унакӏэхэкӏэ | унакӏэхэ | унакӏэхыу,accepted
wiktionary-03406,validation,true,,wiktionary,3406,lexicon,унапчъэ,front door,noun,унапчъэ | унапчъэм | унапчъэу | унапчъэхэм | унапчъэхэкӏэ | унапчъэхэ | унапчъэр | унапчъэхэр | унапчъэхыу | унапчъэкӏэ | унапчъэхэмэ,accepted
wiktionary-03407,train,true,,wiktionary,3407,lexicon,унашъо,"attention ; order (oral), command",noun,унашъо | унашъохэм | унашъоу | унашъохэкӏэ | унашъокӏэ | унашъохэр | унашъохэмэ | унашъом | унашъохыу | унашъор | унашъохэ,accepted
wiktionary-03408,train,true,,wiktionary,3408,lexicon,унашъо фэшӏын,to bring to attention for someone,verb,унашъо фэшӏын,accepted
wiktionary-03409,test,true,,wiktionary,3409,lexicon,унашъо шӏын,"to order, to make arrangements, to see to it (that)",verb,унашъо шӏын,accepted
wiktionary-03410,train,true,,wiktionary,3410,lexicon,унашъхьэ,roof,noun,унашъхьэ | унашъхьэм | унашъхьэу | унашъхьэхэкӏэ | унашъхьэхэр | унашъхьэхэм | унашъхьэхыу | унашъхьэхэмэ | унашъхьэр | унашъхьэхэ | унашъхьэкӏэ,accepted
wiktionary-03411,excluded_benchmark_overlap,false,exact_normalized_input_target_or_variant_overlap_with_benchmark,wiktionary,3411,lexicon,унэ,house,noun,унэ | унэхэр | унэр | унэм | унэхэкӏэ | унэхыу | унэхэм | унэхэ | унэхэмэ | унэу | унэкӏэ,accepted
wiktionary-03412,train,true,,wiktionary,3412,lexicon,унэ шъхьаф,room,noun,унэ шъхьаф | унэ шъхьафэм | унэ шъхьафэхэм | унэ шъхьафэхэмэ | унэ шъхьафэхэкӏэ | унэ шъхьафэкӏэ | унэ шъхьафэ | унэ шъхьафыу | унэ шъхьафэхэр | унэ шъхьафэр | унэ шъхьафэхыу | унэ шъхьафэхэ,accepted
wiktionary-03413,train,true,,wiktionary,3413,lexicon,унэгъо псэуалъэ,furniture,noun,унэгъо псэуалъэ | унэгъо псэуалъэхэм | унэгъо псэуалъэхэмэ | унэгъо псэуалъэм | унэгъо псэуалъэкӏэ | унэгъо псэуалъэр | унэгъо псэуалъэхэкӏэ | унэгъо псэуалъэу | унэгъо псэуалъэхыу | унэгъо псэуалъэхэ | унэгъо псэуалъэхэр,accepted
wiktionary-03414,train,true,,wiktionary,3414,lexicon,унэгъуацӏэ,"family name, surname",noun,унэгъуацӏэ | унэгъуацӏэм | унэгъуацӏэхэмэ | унэгъуацӏэхэкӏэ | унэгъуацӏэхыу | унэгъуацӏэхэр | унэгъуацӏэхэ | унэгъуацӏэр | унэгъуацӏэхэм | унэгъуацӏэу | унэгъуацӏэкӏэ,accepted
wiktionary-03415,train,true,,wiktionary,3415,lexicon,унэзэн,to begin to whirl/spin (to the point of dizziness),verb,унэзэн | мэунэзэн,accepted
wiktionary-03416,train,true,,wiktionary,3416,lexicon,унэкӏын,"to unload, to discharge ; to relieve ; to empty",verb,унэкӏын,accepted
wiktionary-03417,train,true,,wiktionary,3417,lexicon,унэчӏэгъ,"under the house, lower part of a house",noun,унэчӏэгъ | унэчӏэгъэ | унэчӏэгъэхэм | унэчӏэгъэхэкӏэ | унэчӏэгъэм | унэчӏэгъэхэмэ | унэчӏэгъэхыу | унэчӏэгъэхэ | унэчӏэгъэр | унэчӏэгъэхэр | унэчӏэгъыу | унэчӏэгъэкӏэ,accepted
wiktionary-03418,train,true,,wiktionary,3418,lexicon,унэшъошӏы,"administrator, manager, steward (one who administers affairs) ; master of ceremonies, host",noun,унэшъошӏы,accepted
wiktionary-03419,train,true,,wiktionary,3419,lexicon,унэӏут,servant; house serf; menial,noun,унэӏут | унэӏутэхэкӏэ | унэӏутэхэмэ | унэӏутэхэм | унэӏутэхэр | унэӏутэхэ | унэӏутэм | унэӏутэ | унэӏутыу | унэӏутэкӏэ | унэӏутэхыу | унэӏутэр,accepted
wiktionary-03420,train,true,,wiktionary,3420,lexicon,упкӏэ,felt,noun,упкӏэ,accepted
wiktionary-03421,train,true,,wiktionary,3421,lexicon,упкӏэн,"to mow, to cut",verb,упкӏэн,accepted
wiktionary-03422,train,true,,wiktionary,3422,lexicon,упкӏэтэн,to chop; to cut into pieces; to slice into pieces,verb,упкӏэтэн,accepted
wiktionary-03423,train,true,,wiktionary,3423,lexicon,упсын,to shave,verb,упсын,accepted
wiktionary-03424,train,true,,wiktionary,3424,lexicon,упхъон,"to trim ; to clip, to crop (usually of hair)",verb,упхъон,accepted
wiktionary-03425,train,true,,wiktionary,3425,lexicon,упчӏэ,question,noun,упчӏэ | упчӏэкӏэ | упчӏэхэ | упчӏэм | упчӏэу | упчӏэхэр | упчӏэхэм | упчӏэр | упчӏэхыу | упчӏэхэкӏэ | упчӏэхэмэ,accepted
wiktionary-03426,train,true,,wiktionary,3426,lexicon,упчӏэжьын,to doubt,verb,упчӏэжьын,accepted
wiktionary-03427,train,true,,wiktionary,3427,lexicon,упчӏэн,to ask a question,verb,упчӏэн,accepted
wiktionary-03428,train,true,,wiktionary,3428,lexicon,упэпцӏын,"to make something sharp, to sharp",verb,упэпцӏын,accepted
wiktionary-03429,train,true,,wiktionary,3429,lexicon,упэшӏын,to chew,verb,упэшӏын,accepted
wiktionary-03430,train,true,,wiktionary,3430,lexicon,упӏэпӏэн,to blink,verb,упӏэпӏэн,accepted
wiktionary-03431,train,true,,wiktionary,3431,lexicon,урам,street,noun,урам,accepted
wiktionary-03432,validation,true,,wiktionary,3432,lexicon,урыс,a Russian (person),noun,урыс | урысэхыу | урысэхэр | урысэхэ | урысэхэмэ | урысэхэм | урысэм | урысэхэкӏэ | урысэкӏэ | урысэр | урысэ | урысыу,accepted
wiktionary-03433,train,true,,wiktionary,3433,lexicon,урысыбзэ,the Russian language,name,урысыбзэ,accepted
wiktionary-03434,train,true,,wiktionary,3434,lexicon,усын,to name (someone) ; to compose,verb,усын | фэусын,accepted
wiktionary-03435,train,true,,wiktionary,3435,lexicon,утхъоен,to mold; to become moldy; mold to grow upon,verb,утхъоен,accepted
wiktionary-03436,validation,true,,wiktionary,3436,lexicon,утхыпкӏын,"to shake out ; to agitate a piece of cloth or other flexible material in order to remove dust, or to try to make it smooth and flat",verb,утхыпкӏын,accepted
wiktionary-03437,excluded_benchmark_overlap,false,exact_normalized_input_target_or_variant_overlap_with_benchmark,wiktionary,3437,lexicon,уты,iron (for pressing clothes) ; blow (from impact),noun,уты | уты еуалъэхэр | утыр | уты еуалъэхэм | утыхэр | уты еуалъэм | уты еуалъэхэ | утым | уты еуалъэкӏэ | утыхыу | уты еуалъэхэмэ | уты еуалъэр | уты еуалъэ | утыхэмэ | уты еуалъэхыу | утыу | утыхэм | утыхэ | утыхэкӏэ | утыкӏэ | уты еуалъэу | уты еуалъэхэкӏэ,accepted
wiktionary-03438,validation,true,,wiktionary,3438,lexicon,уты егъэшхын,to make someone eat a blow,verb,уты егъэшхын,accepted
wiktionary-03439,train,true,,wiktionary,3439,lexicon,уты еон,"to iron, to pass an iron over (clothing or some other item made of cloth) in order to remove creases.",verb,уты еон,accepted
wiktionary-03440,train,true,,wiktionary,3440,lexicon,утысэн,"to spray dust ; grinding into dust, pulverizing, pulverization",verb,утысэн,accepted
wiktionary-03441,train,true,,wiktionary,3441,lexicon,утэбжьэн,to get numb; to tingle (body-part),noun,утэбжьэн,accepted
wiktionary-03442,train,true,,wiktionary,3442,lexicon,утэцэн,"to numb, to tingle (body-part); to feel a prickling or mildly stinging sensation",noun,утэцэн,accepted
wiktionary-03443,train,true,,wiktionary,3443,lexicon,утэшъон,to get drunk ; to get intoxicated,verb,утэшъон | мэутэшъон,accepted
wiktionary-03444,train,true,,wiktionary,3444,lexicon,уфын,to swing,verb,уфын,accepted
wiktionary-03445,train,true,,wiktionary,3445,lexicon,уфэн,"to bend, to crook ; to tilt, to bend",verb,уфэн,accepted
wiktionary-03446,train,true,,wiktionary,3446,lexicon,уфэупцӏэ,"flexible, pliable, agile ; adaptable",adj,уфэупцӏэ,accepted
wiktionary-03447,train,true,,wiktionary,3447,lexicon,ухъумэн,"to take care of, to safeguard, to watch over ; to protect",verb,ухъумэн,accepted
wiktionary-03448,train,true,,wiktionary,3448,lexicon,ухын,"to finish, to run out ; to finish doing something, to done doing something",verb,ухын,accepted
wiktionary-03449,train,true,,wiktionary,3449,lexicon,уц ӏэзэгъу,medicine,noun,уц ӏэзэгъу | уц ӏэзэгъуэхэр | уц ӏэзэгъуэхэм | уц ӏэзэгъуэкӏэ | уц ӏэзэгъуэм | уц ӏэзэгъухыу | уц ӏэзэгъуыу | уц ӏэзэгъуэхэмэ | уц ӏэзэгъуэхэкӏэ | уц ӏэзэгъуэхэ | уц ӏэзэгъуэ | уц ӏэзэгъуэр,accepted
wiktionary-03450,test,true,,wiktionary,3450,lexicon,уц ӏэзэгъу щапӏэ,"pharmacy, drugstore",noun,уц ӏэзэгъу щапӏэ | уц ӏэзэгъу щапӏэхэр | уц ӏэзэгъу щапӏэм | уц ӏэзэгъу щапӏэкӏэ | уц ӏэзэгъу щапӏэхэм | уц ӏэзэгъу щапӏэхэкӏэ | уц ӏэзэгъу щапӏэу | уц ӏэзэгъу щапӏэхэ | уц ӏэзэгъу щапӏэр | уц ӏэзэгъу щапӏэхыу | уц ӏэзэгъу щапӏэхэмэ,accepted
wiktionary-03451,test,true,,wiktionary,3451,lexicon,уцолъын,"(Shapsug dialect) to suck, to suckle (in the only sense of: To work the lips and tongue on (an object) to extract moisture or nourishment; to absorb (something) in the mouth.) ; (vulgar) to perform fellatio",verb,уцолъын | цолъын,accepted
wiktionary-03452,train,true,,wiktionary,3452,lexicon,уцун,to stop ; to standstill,verb,уцун | мэуцун,accepted
wiktionary-03453,test,true,,wiktionary,3453,lexicon,уцупӏэ,"A stopping place, station",noun,уцупӏэ,accepted
wiktionary-03454,excluded_benchmark_overlap,false,exact_normalized_input_target_or_variant_overlap_with_benchmark,wiktionary,3454,lexicon,уцы,grass ; medicine,noun,уцы | уцэ | уцэм | уцэхэкӏэ | уцым | уцэхэ | уцыхэр | уцэр | уцыхэкӏэ | уцэхэм | уц | уцыхэм | уцыр | уцыкӏэ | уцыу | уцэхыу | уцэхэмэ | уцэкӏэ | уцэхэр | уцыхыу | уцыхэмэ,accepted
wiktionary-03455,test,true,,wiktionary,3455,lexicon,уцы такъыр,pill,noun,уцы такъыр,accepted
wiktionary-03456,excluded_benchmark_overlap,false,exact_normalized_input_target_or_variant_overlap_with_benchmark,wiktionary,3456,lexicon,уцышъо,green ; green color,adj | noun,уцышъо,accepted
wiktionary-03457,train,true,,wiktionary,3457,lexicon,уцэкун,"to become dull, to dull (lose a sharp edge)",verb,уцэкун,accepted
wiktionary-03458,train,true,,wiktionary,3458,lexicon,уцэӏун,"to masticate; to chew, to munch",verb,уцэӏун,accepted
wiktionary-03459,train,true,,wiktionary,3459,lexicon,уцӏынын,"to get wet/soaked, to be soaking, to be sopping wet",verb,уцӏынын,accepted
wiktionary-03460,excluded_benchmark_overlap,false,exact_normalized_input_target_or_variant_overlap_with_benchmark,wiktionary,3460,lexicon,уцӏэлэн,"to scribble, To write or draw carelessly",verb,уцӏэлэн | гоуцӏэлэн | чӏэуцӏэлэн | жэдэуцӏэлэн | зэкӏэуцӏэлэн | кӏоцӏы | кӏэлъырыуцӏэлэн | тэуцӏэлэн | ӏу | лъыуцӏэлэн | къоуцӏэлэн | лъы | и | ӏууцӏэлэн | кӏэлъыры | мэуцӏэлэн | бгъодэ | пыуцӏэлэн | шъхьадэ | хэ | шъхьапырыуцӏэлэн | зэбгыры | кӏоцӏыуцӏэлэн | те | чӏэ | дэ | хэуцӏэлэн | го | шъхьапыры | дэуцӏэлэн | жэхэуцӏэлэн | иуцӏэлэн | пы | зэкӏэ | жэхэ | жэдэ | теуцӏэлэн | бгъодэуцӏэлэн | шъхьадэуцӏэлэн | къо | зэбгырыуцӏэлэн,accepted
wiktionary-03461,train,true,,wiktionary,3461,lexicon,уцӏэрэпхъын,to scratch (write badly); to write or draw by scratching,verb,уцӏэрэпхъын,accepted
wiktionary-03462,train,true,,wiktionary,3462,lexicon,ушхъухьакӏо,sorcerer ; wizard ; magician,noun,ушхъухьакӏо | ушхъухьакӏохэм | ушхъухьакӏохэмэ | ушхъухьакӏохэ | ушхъухьакӏор | ушхъухьакӏокӏэ | ушхъухьакӏом | ушхъухьакӏохыу | ушхъухьакӏохэкӏэ | ушхъухьакӏохэр | ушхъухьакӏоу,accepted
wiktionary-03463,train,true,,wiktionary,3463,lexicon,ушхъухьан,to cast a spell on someone; to bewitch,verb,ушхъухьан,accepted
wiktionary-03464,train,true,,wiktionary,3464,lexicon,ушъорэкӏын,"to overturn, to tip over, to capsize",verb,ушъорэкӏын,accepted
wiktionary-03465,train,true,,wiktionary,3465,lexicon,ушъхьагъо шӏын,to give an excuse; to give an justification,verb,ушъхьагъо шӏын,accepted
wiktionary-03466,train,true,,wiktionary,3466,lexicon,ушъхьагъу,justification ; excuse,noun,ушъхьагъу,accepted
wiktionary-03467,train,true,,wiktionary,3467,lexicon,ушъын,"to trot, to move at a gait between a walk and a canter.",verb,ушъын,accepted
wiktionary-03468,test,true,,wiktionary,3468,lexicon,ушыгун,to chop,noun,ушыгун,accepted
wiktionary-03469,train,true,,wiktionary,3469,lexicon,ушыхьатын,to witness,verb,ушыхьатын,accepted
wiktionary-03470,validation,true,,wiktionary,3470,lexicon,ушэтын,"to examine, to check, to verify, to test",verb,ушэтын,accepted
wiktionary-03471,test,true,,wiktionary,3471,lexicon,ушӏоин,to dirty,verb,ушӏоин,accepted
wiktionary-03472,train,true,,wiktionary,3472,lexicon,уыбэтэн,"to completely break, to destroy, to shatter,",verb,уыбэтэн,accepted
wiktionary-03473,excluded_benchmark_overlap,false,exact_normalized_input_target_or_variant_overlap_with_benchmark,wiktionary,3473,lexicon,уыд,there,adv,уыд,accepted
wiktionary-03474,train,true,,wiktionary,3474,lexicon,уыдрэ,that other,det,уыдрэ,accepted
wiktionary-03475,train,true,,wiktionary,3475,lexicon,уыдрэр,(absolutive case) that other,pron,уыдрэр,accepted
wiktionary-03476,train,true,,wiktionary,3476,lexicon,уэнтэгъу,heavy,adj,уэнтэгъу,accepted
wiktionary-03477,excluded_benchmark_overlap,false,exact_normalized_input_target_or_variant_overlap_with_benchmark,wiktionary,3477,lexicon,уэр,that,pron,уэр,accepted
wiktionary-03478,train,true,,wiktionary,3478,lexicon,уэрзэӏанэ,"a table (on which to make foods with dough), a dough table",noun,уэрзэӏанэ,accepted
wiktionary-03479,train,true,,wiktionary,3479,lexicon,уӏагъэ,wound,noun,уӏагъэ,accepted
wiktionary-03480,train,true,,wiktionary,3480,lexicon,уӏэн,to wound ; to incise,verb,уӏэн,accepted
wiktionary-03481,excluded_benchmark_overlap,false,exact_normalized_input_target_or_variant_overlap_with_benchmark,wiktionary,3481,lexicon,фабэ,"heat ; hot, warm",noun | adj,фабэ | фабэкӏэ | фабэм | фабэхыу | фабэхэм | фабэхэр | фабэхэмэ | фабэу | фабэхэкӏэ | фабэр | фабэхэ,accepted
wiktionary-03482,train,true,,wiktionary,3482,lexicon,фабэ пэн,to feel hot,verb,фабэ пэн,accepted
wiktionary-03483,validation,true,,wiktionary,3483,lexicon,фае,must,adv,фае,accepted
wiktionary-03484,train,true,,wiktionary,3484,lexicon,фапшэ,breath ; oxygen,noun,фапшэ | фапшэр | фапшэхэр | фапшэхэм | фапшэу | фапшэхэмэ | фапшэкӏэ | фапшэм | фапшэхыу | фапшэхэ | фапшэхэкӏэ,accepted
wiktionary-03485,train,true,,wiktionary,3485,lexicon,фапщэ,breathe ; oxygen,noun,фапщэ | фапщэм | фапщэхэкӏэ | фапщэхэ | фапщэхэмэ | фапщэхыу | фапщэхэм | фапщэр | фапщэу | фапщэхэр | фапщэкӏэ,accepted
wiktionary-03486,test,true,,wiktionary,3486,lexicon,фегъэпэн,to care for,verb,фегъэпэн | фигъэпэн,accepted
wiktionary-03487,validation,true,,wiktionary,3487,lexicon,феуэн,to hit for someone ; to call (a phone),verb,феуэн,accepted
wiktionary-03488,train,true,,wiktionary,3488,lexicon,фикъун,"to suffice, to be sufficient / enough; to last out ; to be superior in strength; to prevail",verb,фикъун,accepted
wiktionary-03489,excluded_benchmark_overlap,false,exact_normalized_input_target_or_variant_overlap_with_benchmark,wiktionary,3489,lexicon,фит,"permission, authorization, approval",noun,фит,accepted
wiktionary-03490,excluded_benchmark_overlap,false,exact_normalized_input_target_or_variant_overlap_with_benchmark,wiktionary,3490,lexicon,фитын,"to be up for, to be willing to participate in ; to be allowed; to",verb,фитын,accepted
wiktionary-03491,excluded_benchmark_overlap,false,exact_normalized_input_target_or_variant_overlap_with_benchmark,wiktionary,3491,lexicon,фитыныгъ,right; claim,noun,фитыныгъ | фитыныгъэхыу | фитыныгъэхэ | фитыныгъэм | фитыныгъэхэмэ | фитыныгъэхэкӏэ | фитыныгъэ | фитыныгъэхэм | фитыныгъэр | фитыныгъэкӏэ | фитыныгъэхэр | фитыныгъыу,accepted
wiktionary-03492,train,true,,wiktionary,3492,lexicon,фо,(Shapsug) big,adj,фо,accepted
wiktionary-03493,train,true,,wiktionary,3493,lexicon,фыгу,mallet,noun,фыгу | фыгуыу | фыгуэм | фыгуэкӏэ | фыгуэхэкӏэ | фыгуэхэ | фыгуэхэм | фыгуэр | фыгуэхэр | фыгуэхэмэ | фыгуэ | фыгухыу,accepted
wiktionary-03494,excluded_benchmark_overlap,false,exact_normalized_input_target_or_variant_overlap_with_benchmark,wiktionary,3494,lexicon,фыжьы,white ; white color,adj | noun,фыжьы | фыжьыкӏэ | фыжьыхэм | фыжьыр | фыжьым | фыжьыхэр | фыжьыу | фыжьыхэкӏэ | фыжьыхыу | фыжьыхэмэ,accepted
wiktionary-03495,train,true,,wiktionary,3495,lexicon,фыжьыбз,bright skinned,adj,фыжьыбз,accepted
wiktionary-03496,test,true,,wiktionary,3496,lexicon,фызын,to squeeze,verb,фызын,accepted
wiktionary-03497,test,true,,wiktionary,3497,lexicon,фылым,film,noun,фылым,accepted
wiktionary-03498,excluded_benchmark_overlap,false,exact_normalized_input_target_or_variant_overlap_with_benchmark,wiktionary,3498,lexicon,фын,"to drive ; to drive off, to drive away (To force someone to leave or go away.)",verb,фын,accepted
wiktionary-03499,train,true,,wiktionary,3499,lexicon,фыцӏын,"to compress, to press forcefully something against a solid thing",verb,фыцӏын,accepted
wiktionary-03500,validation,true,,wiktionary,3500,lexicon,фэ,tendon (tough band of inelastic fibrous tissue that connects a muscle with its bony attachment),noun,фэ | фӏэ,accepted
wiktionary-03501,train,true,,wiktionary,3501,lexicon,фэбае,"hot air, hot weather, hot spell",noun,фэбае | фэбаем | фэбаехыу | фэбаехэкӏэ | фэбаехэ | фэбаехэм | фэбаехэр | фэбаеу | фэбаекӏэ | фэбаехэмэ | фэбаер,accepted
wiktionary-03502,train,true,,wiktionary,3502,lexicon,фэбзэджэн,to treat someone badly,verb,фэбзэджэн,accepted
wiktionary-03503,train,true,,wiktionary,3503,lexicon,фэгубжын,"to get angry at, to get mad at ; to get angry for someone, to get mad for someone,",verb,фэгубжын,accepted
wiktionary-03504,train,true,,wiktionary,3504,lexicon,фэгуӏэн,to worry for/about someone,verb,фэгуӏэн | фэгоӏэн,accepted
wiktionary-03505,train,true,,wiktionary,3505,lexicon,фэгъэгъун,to forgive,verb,фэгъэгъун,accepted
wiktionary-03506,train,true,,wiktionary,3506,lexicon,фэгъэзэн,to point / direct something toward ; to turn something toward,verb,фэгъэзэн,accepted
wiktionary-03507,train,true,,wiktionary,3507,lexicon,фэгъэпсын,"to point to, to aim for",verb,фэгъэпсын,accepted
wiktionary-03508,train,true,,wiktionary,3508,lexicon,фэгъэсэн,to train someone for,verb,фэгъэсэн,accepted
wiktionary-03509,train,true,,wiktionary,3509,lexicon,фэгъэшъошэн,to consider somebody worthy of; to esteem worthy of,verb,фэгъэшъошэн,accepted
wiktionary-03510,excluded_benchmark_overlap,false,exact_normalized_input_target_or_variant_overlap_with_benchmark,wiktionary,3510,lexicon,фэд,like (Similar),adv,фэд,accepted
wiktionary-03511,train,true,,wiktionary,3511,lexicon,фэдиз,equal ; much,adv,фэдиз,accepted
wiktionary-03512,train,true,,wiktionary,3512,lexicon,фэдэ къэгъэчъыгъ,"exactly like, identical in all forms",adj,фэдэ къэгъэчъыгъ,accepted
wiktionary-03513,train,true,,wiktionary,3513,lexicon,фэдэ къэгъэчъыгъэу,identically in all forms,adv,фэдэ къэгъэчъыгъэу,accepted
wiktionary-03514,train,true,,wiktionary,3514,lexicon,фэдэгъэзын,to reduce a debt or a punishment,verb,фэдэгъэзын,accepted
wiktionary-03515,train,true,,wiktionary,3515,lexicon,фэдэкъабз,"very identical, exactly the same thing",adv,фэдэкъабз,accepted
wiktionary-03516,validation,true,,wiktionary,3516,lexicon,фэдэн,to permit,verb,фэдэн,accepted
wiktionary-03517,train,true,,wiktionary,3517,lexicon,фэен,to want,verb,фэен,accepted
wiktionary-03518,train,true,,wiktionary,3518,lexicon,фэжъыуф,very big,adj,фэжъыуф | фӏэжъыуфӏ,accepted
wiktionary-03519,train,true,,wiktionary,3519,lexicon,фэкъолӏ,free peasant,noun,фэкъолӏ | фэкъолӏэхэ | фэкъолӏэкӏэ | фэкъолӏэхэкӏэ | фэкъолӏэхэр | фэкъолӏэхэмэ | фэкъолӏэм | фэкъолӏыу | фэкъолӏэхыу | фэкъолӏэхэм | фэкъолӏэ | фэкъолӏэр,accepted
wiktionary-03520,validation,true,,wiktionary,3520,lexicon,фэкъулай,"master, skillful, skilled, competent",noun,фэкъулай,accepted
wiktionary-03521,train,true,,wiktionary,3521,lexicon,фэлъэкӏын,"to be capable of, to be able, to manage ; to bear",verb,фэлъэкӏын | фэлъэкӏьын,accepted
wiktionary-03522,train,true,,wiktionary,3522,lexicon,фэлӏэн,to die for something or someone ; (slang) to love something or someone very much,verb,фэлӏэн,accepted
wiktionary-03523,train,true,,wiktionary,3523,lexicon,фэмылъэгъун,to dislike ; to not be bearable,verb,фэмылъэгъун,accepted
wiktionary-03524,validation,true,,wiktionary,3524,lexicon,фэмыф,to lazy,adj,фэмыф,accepted
wiktionary-03525,train,true,,wiktionary,3525,lexicon,фэпцӏын,to lie to someone,verb,фэпцӏын | фэпсӏын,accepted
wiktionary-03526,train,true,,wiktionary,3526,lexicon,фэпщэн,to breathe,verb,фэпщэн | фэпшэн,accepted
wiktionary-03527,train,true,,wiktionary,3527,lexicon,фэпэн,to dress someone,verb,фэпэн,accepted
wiktionary-03528,train,true,,wiktionary,3528,lexicon,фэрэзэн,to be pleased with,verb,фэрэзэн,accepted
wiktionary-03529,train,true,,wiktionary,3529,lexicon,фэрэхьатын,to be comfortable for,verb,фэрэхьатын,accepted
wiktionary-03530,train,true,,wiktionary,3530,lexicon,фэсакъын,to save ; to spare ; to be careful,verb,фэсакъын,accepted
wiktionary-03531,train,true,,wiktionary,3531,lexicon,фэулэун,"to do/render a service, to do a good turn",verb,фэулэун,accepted
wiktionary-03532,excluded_benchmark_overlap,false,exact_normalized_input_target_or_variant_overlap_with_benchmark,wiktionary,3532,lexicon,фэшъуаш,have it coming (appropriate penalty); deserve ; depends on,intj | verb,фэшъуаш,accepted
wiktionary-03533,train,true,,wiktionary,3533,lexicon,фэшъуашэу,appropriately/accordingly as one deserves; deservingly ; accordingly,adv,фэшъуашэу,accepted
wiktionary-03534,excluded_benchmark_overlap,false,exact_normalized_input_target_or_variant_overlap_with_benchmark,wiktionary,3534,lexicon,фэшъхьаф,different,adj,фэшъхьаф,accepted
wiktionary-03535,train,true,,wiktionary,3535,lexicon,фэшӏ,for ; because of,adv,фэшӏ,accepted
wiktionary-03536,train,true,,wiktionary,3536,lexicon,фэшӏкӏэ,because of ; for,conj,фэшӏкӏэ | фэшӏыкӏэ,accepted
wiktionary-03537,test,true,,wiktionary,3537,lexicon,фэшӏун,to be suitable for,verb,фэшӏун,accepted
wiktionary-03538,train,true,,wiktionary,3538,lexicon,фэшӏын,to do something for someone ; to close something (to move so that an opening is closed),verb,фэшӏын,accepted
wiktionary-03539,train,true,,wiktionary,3539,lexicon,фэшӏэн,"to be capable to do, to be able to do, to manage",verb,фэшӏэн,accepted
wiktionary-03540,train,true,,wiktionary,3540,lexicon,фэщэӏэн,to bear,verb,фэщэӏэн,accepted
wiktionary-03541,train,true,,wiktionary,3541,lexicon,фэӏаз,skillful,adj,фэӏаз,accepted
wiktionary-03542,train,true,,wiktionary,3542,lexicon,фэӏофытэн,to go for someone to bring something,verb,фэӏофытэн,accepted
wiktionary-03543,train,true,,wiktionary,3543,lexicon,фэӏэпыӏас,"master, skillful, skilled, competent",noun,фэӏэпыӏас,accepted
wiktionary-03544,excluded_benchmark_overlap,false,exact_normalized_input_target_or_variant_overlap_with_benchmark,wiktionary,3544,lexicon,хабзэ,"culture ; custom ; habit ; the law (in the broadest sense), the culture's laws",noun,хабзэ | хабзэхэмэ | хабзэхэр | хабзэхэм | хабзэу | хабзэкӏэ | хабзэм | хабзэр | хабзэхэ | хабзэхыу | хабзэхэкӏэ,accepted
wiktionary-03545,train,true,,wiktionary,3545,lexicon,хакӏо,stallion,noun,хакӏо | хакӏор | хакӏохэ | хакӏохэр | хакӏом | хакӏохэм | хакӏохыу | хакӏохэмэ | хакӏоу | хакӏокӏэ | хакӏохэкӏэ,accepted
wiktionary-03546,train,true,,wiktionary,3546,lexicon,хамэ,stranger ; foreigner,adj,хамэ,accepted
wiktionary-03547,validation,true,,wiktionary,3547,lexicon,ханэ,one six,num,ханэ,accepted
wiktionary-03548,train,true,,wiktionary,3548,lexicon,хасэ,club ; council,noun,хасэ | хасэкӏэ | хасэхэм | хасэм | хасэр | хасэу | хасэхэр | хасэхэмэ | хасэхэ | хасэхэкӏэ | хасэхыу,accepted
wiktionary-03549,test,true,,wiktionary,3549,lexicon,хатэ,garden,noun,хатэ | хатэу | хатэхэ | хатэхэм | хатэкӏэ | хатэхыу | хатэхэр | хатэм | хатэхэмэ | хатэхэкӏэ | хатэр,accepted
wiktionary-03550,train,true,,wiktionary,3550,lexicon,хафэ,sour,adj,хафэ | хафэр | хафэм | хафэхэкӏэ | хафэхэм | хафэхэмэ | хафэу | хафэкӏэ | хафэхыу | хафэхэр | хафэхэ,accepted
wiktionary-03551,test,true,,wiktionary,3551,lexicon,хегъэбылъхьэн,to hide in,verb,хегъэбылъхьэн,accepted
wiktionary-03552,train,true,,wiktionary,3552,lexicon,хегъэхын,to allow/force/let/make someone (to) take something/someone ; to allow/force/let/make someone (to) choose or pick,verb,хегъэхын,accepted
wiktionary-03553,test,true,,wiktionary,3553,lexicon,хигъэгъощэн,to mislead someone,verb,хигъэгъощэн,accepted
wiktionary-03554,train,true,,wiktionary,3554,lexicon,хъагъэ,mesh (For example window mesh) ; wire net (Usually wire fence),noun,хъагъэ | хъагъэхэ | хъагъэм | хъагъэкӏэ | хъагъэу | хъагъэхыу | хъагъэхэр | хъагъэхэм | хъагъэхэкӏэ | хъагъэр | хъагъэхэмэ,accepted
wiktionary-03555,validation,true,,wiktionary,3555,lexicon,хъан,inn,noun,хъан | хъанэхэ | хъанэр | хъанэм | хъанэхэкӏэ | хъанэхыу | хъанэхэр | хъанэкӏэ | хъанэхэмэ | хъанэ | хъанэхэм | хъаныу,accepted
wiktionary-03556,excluded_benchmark_overlap,false,exact_normalized_input_target_or_variant_overlap_with_benchmark,wiktionary,3556,lexicon,хъанзэгу,ant,noun,хъанзэгу | хъанзэгуэхэр | хъанзэгуэхэм | хъанзэгуыу | хъанзэгуэкӏэ | хъанзэгуэхэмэ | хъанзэгуэхэ | хъанзэгуэхэкӏэ | хъанзэгуэм | хъанзэгухыу | хъанзэгуэ | хъанзэгуэр,accepted
wiktionary-03557,train,true,,wiktionary,3557,lexicon,хъатэ,"significant, meaningful, important",adj,хъатэ,accepted
wiktionary-03558,train,true,,wiktionary,3558,lexicon,хъашъо,tire,adj,хъашъо | хъашъохэр | хъашъом | хъашъокӏэ | хъашъохэ | хъашъохыу | хъашъохэм | хъашъор | хъашъохэкӏэ | хъашъоу | хъашъохэмэ,accepted
wiktionary-03559,train,true,,wiktionary,3559,lexicon,хъишъ,legend,noun,хъишъ,accepted
wiktionary-03560,train,true,,wiktionary,3560,lexicon,хъо,(Shapsug dialect) pig ; (very rare) herd,noun,хъо | хъом | хъохыу | хъор | хъохэкӏэ | хъоу | хъохэмэ | хъохэм | хъохэ | хъохэр | хъокӏэ,accepted
wiktionary-03561,test,true,,wiktionary,3561,lexicon,хъожьын,to exchange,verb,хъожьын,accepted
wiktionary-03562,train,true,,wiktionary,3562,lexicon,хъои,plenty,adj,хъои,accepted
wiktionary-03563,train,true,,wiktionary,3563,lexicon,хъокӏыгъ,shabby,adj,хъокӏыгъ,accepted
wiktionary-03564,train,true,,wiktionary,3564,lexicon,хъонал,someone that swears a lot; a vulgar person,adj,хъонал,accepted
wiktionary-03565,test,true,,wiktionary,3565,lexicon,хъонэн,to swear; to swear at,verb,хъонэн | ехъонын,accepted
wiktionary-03566,train,true,,wiktionary,3566,lexicon,хъопсащэ,semen,noun,хъопсащэ | хъопсащэыу | хъопсащээхыу | хъопсащээхэм | хъопсащээхэ | хъопсащээр | хъопсащээм | хъопсащээхэр | хъопсащээ | хъопсащээхэмэ | хъопсащээхэкӏэ | хъопсащээкӏэ,accepted
wiktionary-03567,validation,true,,wiktionary,3567,lexicon,хъопсэн,to envy ; to lust,verb,хъопсэн | ехъопсэн,accepted
wiktionary-03568,train,true,,wiktionary,3568,lexicon,хъоршэр,sly,noun,хъоршэр,accepted
wiktionary-03569,train,true,,wiktionary,3569,lexicon,хъот,snowstorm,noun,хъот | хъотэр | хъотэм | хъотэхэм | хъотэкӏэ | хъотэхэмэ | хъотэхэ | хъотэхэкӏэ | хъотэхыу | хъотэхэр | хъотэ | хъотыу,accepted
wiktionary-03570,test,true,,wiktionary,3570,lexicon,хъоу,shallow gully,noun,хъоу,accepted
wiktionary-03571,train,true,,wiktionary,3571,lexicon,хъохъ,plum,noun,хъохъ | хъохъэр | хъохъэхэмэ | хъохъэм | хъохъэхэм | хъохъэхэр | хъохъэ | хъохъэкӏэ | хъохъэхэкӏэ | хъохъэхыу | хъохъэхэ | хъохъыу,accepted
wiktionary-03572,train,true,,wiktionary,3572,lexicon,хъохъу,"toast (a proposed salutation (e.g. to say ""cheers""))",noun,хъохъу,accepted
wiktionary-03573,excluded_benchmark_overlap,false,exact_normalized_input_target_or_variant_overlap_with_benchmark,wiktionary,3573,lexicon,хъу,male ; itch,noun,хъу | хъуэхэм | хъуэкӏэ | хъуэм | хъуэхэр | хъуэхэ | хъуэ | хъуэхэкӏэ | хъуэр | хъуыу | хъухыу | хъуэхэмэ,accepted
wiktionary-03574,train,true,,wiktionary,3574,lexicon,хъуакӏо,"shepherd, sheep herdsman",noun,хъуакӏо | хъуакӏохэкӏэ | хъуакӏом | хъуакӏохэ | хъуакӏокӏэ | хъуакӏор | хъуакӏохэм | хъуакӏохыу | хъуакӏоу | хъуакӏохэмэ | хъуакӏохэр,accepted
wiktionary-03575,train,true,,wiktionary,3575,lexicon,хъуанэ,"curse, swear",noun,хъуанэ | хъуанэхэмэ | хъуанэкӏэ | хъуанэм | хъуанэхэкӏэ | хъуанэхэр | хъуанэр | хъуанэхэ | хъуанэхэм | хъуанэу | хъуанэхыу,accepted
wiktionary-03576,train,true,,wiktionary,3576,lexicon,хъуат,ravine,noun,хъуат,accepted
wiktionary-03577,test,true,,wiktionary,3577,lexicon,хъугъэ,"that's enough, leave it be, oh well (An expression of mild disappointment or resignation)",intj,хъугъэ,accepted
wiktionary-03578,train,true,,wiktionary,3578,lexicon,хъужьын,"to become healthy again, to become cured, to recover",verb,хъужьын | мэхъужьын,accepted
wiktionary-03579,excluded_benchmark_overlap,false,exact_normalized_input_target_or_variant_overlap_with_benchmark,wiktionary,3579,lexicon,хъулъфыгъэ,man,noun,хъулъфыгъэ | хъулъфыгъэхэр | къулъфыгъэм | къулъфыгъэхэр | къулъфыгъэхэм | хъулъфыгъэкӏэ | хъулъфыгъэм | къулъфыгъэкӏэ | хъулъфыгъэр | къулъфыгъэхэ | хъулъфыгъэхэ | хъулъфыгъэхыу | къулъфыгъэ | хъулъфыгъэхэкӏэ | къулъфыгъэхэкӏэ | хъулъфыгъэхэм | къулъфыгъэхэмэ | къулъфыгъэхыу | хъулъфыгъэу | къулъфыгъэу | къулъфыгъэр | хъулъфыгъэхэмэ,accepted
wiktionary-03580,train,true,,wiktionary,3580,lexicon,хъумэн,to cover,verb,хъумэн,accepted
wiktionary-03581,excluded_benchmark_overlap,false,exact_normalized_input_target_or_variant_overlap_with_benchmark,wiktionary,3581,lexicon,хъун,"to happen ; to become, to turn to ; to feel itchy",verb,хъун | мэхъун,accepted
wiktionary-03582,train,true,,wiktionary,3582,lexicon,хъупхъэ,"nice, kind",adj,хъупхъэ | хъупхъэм | хъупхъэр | хъупхъэкӏэ | хъупхъэхэ | хъупхъэхэм | хъупхъэхэкӏэ | хъупхъэхэмэ | хъупхъэхэр | хъупхъэхыу | хъупхъэу,accepted
wiktionary-03583,excluded_benchmark_overlap,false,exact_normalized_input_target_or_variant_overlap_with_benchmark,wiktionary,3583,lexicon,хъупцӏ,itch,noun,хъупцӏ,accepted
wiktionary-03584,train,true,,wiktionary,3584,lexicon,хъупцӏын,to feel itchy,verb,хъупцӏын,accepted
wiktionary-03585,train,true,,wiktionary,3585,lexicon,хъупӏэ,meadow ; grassland,noun,хъупӏэ | хъупӏэхэкӏэ | хъупӏэр | хъупӏэм | хъупӏэхэм | хъупӏэкӏэ | хъупӏэу | хъупӏэхэ | хъупӏэхыу | хъупӏэхэр | хъупӏэхэмэ,accepted
wiktionary-03586,train,true,,wiktionary,3586,lexicon,хъупӏэжьец,Montagu's Harrier,noun,хъупӏэжьец | хъупӏэжьецэм | хъупӏэжьецэхэм | хъупӏэжьецэхэ | хъупӏэжьецэхэмэ | хъупӏэжьецэр | хъупӏэжьецэкӏэ | хъупӏэжьецэхэкӏэ | хъупӏэжьецыу | хъупӏэжьецэхыу | хъупӏэжьецэхэр | хъупӏэжьецэ,accepted
wiktionary-03587,validation,true,,wiktionary,3587,lexicon,хъурай,circle,noun,хъурай | хъурайэхэр | хъурайэкӏэ | хъурайэхэкӏэ | хъурайэхэм | хъурайыу | хъурайэхыу | хъурайэм | хъурайэхэмэ | хъурайэ | хъурайэхэ | хъурайэр,accepted
wiktionary-03588,train,true,,wiktionary,3588,lexicon,хъурмэ,date palm ; date palm tree,noun,хъурмэ | хъурмэм | хъурмэкӏэ | хъурмэхэм | хъурмэхэ | хъурмэхэр | хъурмэхэкӏэ | хъурмэхэмэ | хъурмэу | хъурмэхыу | хъурмэр,accepted
wiktionary-03589,train,true,,wiktionary,3589,lexicon,хъусӏысый,on purpose,adv,хъусӏысый,accepted
wiktionary-03590,validation,true,,wiktionary,3590,lexicon,хъучӏанэ,ball,noun,хъучӏанэ | хъучӏанэхэ | хъучӏанэм | хъучӏанэхэм | хъучӏанэкӏэ | хъучӏанэхэкӏэ | хъучӏанэхэмэ | хъучӏанэхыу | хъучӏанэхэр | хъучӏанэу | хъучӏанэр,accepted
wiktionary-03591,train,true,,wiktionary,3591,lexicon,хъы,net,noun,хъы | хъым | хъыу | хъыхэм | хъыхыу | хъыр | хъыкӏэ | хъыхэмэ | хъыхэкӏэ | хъыхэр,accepted
wiktionary-03592,validation,true,,wiktionary,3592,lexicon,хъыбый,a person that is physically weak from illness ; a person with a terminal illness,adj,хъыбый,accepted
wiktionary-03593,train,true,,wiktionary,3593,lexicon,хъыен,to move,verb,хъыен | мэхъыен,accepted
wiktionary-03594,validation,true,,wiktionary,3594,lexicon,хъыжъэн,to hurry,verb,хъыжъэн,accepted
wiktionary-03595,train,true,,wiktionary,3595,lexicon,хъызмэт,household,noun,хъызмэт,accepted
wiktionary-03596,train,true,,wiktionary,3596,lexicon,хъыкӏы,organizer ; head of the a case,noun,хъыкӏы | хъыкӏыхыу | хъыкӏыкӏэ | хъыкӏыу | хъыкӏым | хъыкӏыхэкӏэ | хъыкӏыхэм | хъыкӏыхэр | хъыкӏыр | хъыкӏыхэмэ,accepted
wiktionary-03597,train,true,,wiktionary,3597,lexicon,хъырбыдз,watermelon,noun,хъырбыдз | хъырбыдзэхэм | хъырбыдзэкӏэ | хъырбыдзэр | хъырбыдзыу | хъырбыдзэхэ | хъырбыдзэ | хъырбыдзэм | хъырбыдзэхэр | хъырбыдзэхэкӏэ | хъырбыдзхыу | хъырбыдзэхэмэ,accepted
wiktionary-03598,validation,true,,wiktionary,3598,lexicon,хъырцэ,peach,noun,хъырцэ | хъырцэм | хъырцэхэмэ | хъырцэкӏэ | хъырцэхэм | хъырцэу | хъырцэхэ | хъырцэхэкӏэ | хъырцэр | хъырцэхэр | хъырцэхыу,accepted
wiktionary-03599,train,true,,wiktionary,3599,lexicon,хъытыу,seine,noun,хъытыу | хъытыуэкӏэ | хъытыуэхэр | хъытыухыу | хъытыуэм | хъытыуэ | хъытыуыу | хъытыуэхэм | хъытыуэхэмэ | хъытыуэхэ | хъытыуэхэкӏэ | хъытыуэр,accepted
wiktionary-03600,train,true,,wiktionary,3600,lexicon,хъыу,jay,noun,хъыу | хъыухэр | хъыухыу | хъыухэ | хъыукӏэ | хъыум | хъыур | хъыухэм | хъыухэкӏэ | хъыуу | хъыухэмэ,accepted
wiktionary-03601,excluded_benchmark_overlap,false,exact_normalized_input_target_or_variant_overlap_with_benchmark,wiktionary,3601,lexicon,хъэ,grave,noun,хъэ | хъэр | хъэхэр | хъэм | хъэхыу | хъэхэкӏэ | хъэхэмэ | хъэхэм | хъэкӏэ | хъэу | хъэхэ,accepted
wiktionary-03602,train,true,,wiktionary,3602,lexicon,хъэдз,16 dunam,noun,хъэдз | хъэдзэм | хъэдзэхэм | хъэдзэ | хъэдзэр | хъэдзэхэмэ | хъэдзэкӏэ | хъэдзэхэ | хъэдзэхэкӏэ | хъэдзыу | хъэдзэхыу | хъэдзэхэр,accepted
wiktionary-03603,train,true,,wiktionary,3603,lexicon,хъэдэн,rag (piece of cloth),noun,хъэдэн,accepted
wiktionary-03604,train,true,,wiktionary,3604,lexicon,хъэдэн цӏынэ,rag,noun,хъэдэн цӏынэ,accepted
wiktionary-03605,train,true,,wiktionary,3605,lexicon,хъэн,"to tie up, to bind ; to knit",verb,хъэн,accepted
wiktionary-03606,train,true,,wiktionary,3606,lexicon,хъэпрашъо,bat,noun,хъэпрашъо,accepted
wiktionary-03607,train,true,,wiktionary,3607,lexicon,хъэрен,swing,noun,хъэрен | хъэренэхыу | хъэренэхэм | хъэренэм | хъэренэхэр | хъэренэхэ | хъэреныу | хъэренэ | хъэренэхэкӏэ | хъэренэкӏэ | хъэренэр | хъэренэхэмэ,accepted
wiktionary-03608,train,true,,wiktionary,3608,lexicon,хъэхалъэ,graveyard,noun,хъэхалъэ | хъэхалъэхэ | хъэхалъэр | хъэхалъэхэм | хъэхалъэхэр | хъэхалъэхэмэ | хъэхалъэхэкӏэ | хъэхалъэкӏэ | хъэхалъэу | хъэхалъэм | хъэхалъэхыу,accepted
wiktionary-03609,train,true,,wiktionary,3609,lexicon,хъяр,joy,noun,хъяр,accepted
wiktionary-03610,test,true,,wiktionary,3610,lexicon,хъяркӏэ,good bye,intj,хъяркӏэ | хъяркӏэм | хъяркӏэхэр | хъяркӏэхэм | хъяркӏэхыу | хъяркӏэкӏэ | хъяркӏэхэмэ | хъяркӏэу | хъяркӏэр | хъяркӏэхэкӏэ | хъяркӏэхэ,accepted
wiktionary-03611,train,true,,wiktionary,3611,lexicon,хы,six ; sea,num | noun,хы | хым | хыкӏэ | хыу | хыхэмэ | хыхыу | хыр | хыхэм | хыхэр | хыхэкӏэ,accepted
wiktionary-03612,train,true,,wiktionary,3612,lexicon,хыбзу,albatross,noun,хыбзу,accepted
wiktionary-03613,test,true,,wiktionary,3613,lexicon,хыблыгу,"bay, inlet",noun,хыблыгу | хыблыгуэм | хыблыгуэхэр | хыблыгуэхэм | хыблыгуэхэкӏэ | хыблыгуэхэ | хыблыгуэхэмэ | хыблыгуэкӏэ | хыблыгуэр | хыблыгуэ | хыблыгухыу | хыблыгуыу,accepted
wiktionary-03614,train,true,,wiktionary,3614,lexicon,хыгъунэ,beach,noun,хыгъунэ | хыгъунэхэм | хыгъунэр | хыгъунэхэр | хыгъунэхэкӏэ | хыгъунэкӏэ | хыгъунэм | хыгъунэхэ | хыгъунэхэмэ | хыгъунэхыу | хыгъунэу,accepted
wiktionary-03615,train,true,,wiktionary,3615,lexicon,хыгъэхъун,island,noun,хыгъэхъун | хыгъэхъунэкӏэ | хыгъэхъунэхэмэ | хыгъэхъуныу | хыгъэхъунэхэр | хыгъэхъунэхыу | хыгъэхъунэ | хыгъэхъунэм | хыгъэхъунэхэкӏэ | хыгъэхъунэхэ | хыгъэхъунэхэм | хыгъэхъунэр,accepted
wiktionary-03616,test,true,,wiktionary,3616,lexicon,хыгъэхъунэныкъу,"half-island, peninsula",noun,хыгъэхъунэныкъу | хыгъэхъунэныкъуэм | хыгъэхъунэныкъуыу | хыгъэхъунэныкъуэр | хыгъэхъунэныкъухыу | хыгъэхъунэныкъуэхэкӏэ | хыгъэхъунэныкъуэкӏэ | хыгъэхъунэныкъуэхэм | хыгъэхъунэныкъуэхэмэ | хыгъэхъунэныкъуэхэр | хыгъэхъунэныкъуэ | хыгъэхъунэныкъуэхэ,accepted
wiktionary-03617,train,true,,wiktionary,3617,lexicon,хыкум,lake,noun,хыкум,accepted
wiktionary-03618,train,true,,wiktionary,3618,lexicon,хыкъо,dolphin,noun,хыкъо | хыкъухэм | хыкъохэ | хыкъум | хыкъухэкӏэ | хыкъухэ | хыкъухэмэ | хыкъокӏэ | хыкъухэр | хыкъохэм | хыкъом | хыкъукӏэ | хыкъухыу | хыкъор | хыкъумкӏэ | хыкъур | хыкъохыу | хыкъуу | хыкъохэкӏэ | хыкъоу | хыкъохэмэ | хыкъу | хыкъохэр,accepted
wiktionary-03619,train,true,,wiktionary,3619,lexicon,хыкъохъу,elephant seal,noun,хыкъохъу,accepted
wiktionary-03620,train,true,,wiktionary,3620,lexicon,хыкъумэ,lake,noun,хыкъумэ,accepted
wiktionary-03621,train,true,,wiktionary,3621,lexicon,хымацӏ,lobster,noun,хымацӏ,accepted
wiktionary-03622,validation,true,,wiktionary,3622,lexicon,хымэ,stranger ; foreign,noun,хымэ,accepted
wiktionary-03623,validation,true,,wiktionary,3623,lexicon,хыор,sea wave,noun,хыор,accepted
wiktionary-03624,test,true,,wiktionary,3624,lexicon,хырыкӏ,"foreign country, abroad, overseas",noun,хырыкӏ,accepted
wiktionary-03625,train,true,,wiktionary,3625,lexicon,хысыдж,wave crest,noun,хысыдж,accepted
wiktionary-03626,train,true,,wiktionary,3626,lexicon,хытыгъужъ,shark,noun,хытыгъужъ,accepted
wiktionary-03627,train,true,,wiktionary,3627,lexicon,хытӏуал,"bay, gulf",noun,хытӏуал | хытӏуалэм | хытӏуалыу | хытӏуалэхэкӏэ | хытӏуалэхэм | хытӏуалэкӏэ | хытӏуалэхэ | хытӏуалхыу | хытӏуалэр | хытӏуалэ | хытӏуалэхэмэ | хытӏуалэхэр,accepted
wiktionary-03628,train,true,,wiktionary,3628,lexicon,хыуай,storm,noun,хыуай | хыуайэхэмэ | хыуайэхэ | хыуайхыу | хыуайэ | хыуайэм | хыуайэхэм | хыуайэр | хыуайэхэр | хыуайэхэкӏэ | хыуайэкӏэ | хыуайыу,accepted
wiktionary-03629,train,true,,wiktionary,3629,lexicon,хыуалъэ,sea wave,noun,хыуалъэ,accepted
wiktionary-03630,train,true,,wiktionary,3630,lexicon,хыхьэ,shark,noun,хыхьэ | хыхьэхэр | хыхьэм | хыхьэхэм | хыхьэхэ | хыхьэхэкӏэ | хыхьэр | хыхьэхэмэ | хыхьэу | хыхьэкӏэ | хыхьэхыу,accepted
wiktionary-03631,train,true,,wiktionary,3631,lexicon,хыӏушъо,beach ; coast ; seaboard,noun,хыӏушъо | хы ӏушъу | хы ӏушъуэ | хы ӏушъуэхэр | хы ӏушъуэм | хы ӏушъуэхэм | хы ӏушъуэхэ | хы ӏушъуыу | хы ӏушъуэхэкӏэ | хы ӏушъухыу | хы ӏушъуэкӏэ | хы ӏушъуэхэмэ | хы ӏушъуэр,accepted
wiktionary-03632,excluded_benchmark_overlap,false,exact_normalized_input_target_or_variant_overlap_with_benchmark,wiktionary,3632,lexicon,хьа,(Abzakh dialect) why,adv,хьа,accepted
wiktionary-03633,train,true,,wiktionary,3633,lexicon,хьабзы,bitch (female dog),noun,хьабзы,accepted
wiktionary-03634,train,true,,wiktionary,3634,lexicon,хьадагъэ,burial; funeral,noun,хьадагъэ,accepted
wiktionary-03635,train,true,,wiktionary,3635,lexicon,хьаджыгъэ,flour,noun,хьаджыгъэ | хьаджыгъээр | хьаджыгъээхэмэ | хьаджыгъээхэм | хьаджыгъэхыу | хьаджыгъэыу | хьаджыгъээ | хьаджыгъээм | хьаджыгъээхэкӏэ | хьаджыгъээкӏэ | хьаджыгъээхэ | хьаджыгъээхэр,accepted
wiktionary-03636,train,true,,wiktionary,3636,lexicon,хьаджыгъэпс,Hajgeps (A Circassian food made from flour),noun,хьаджыгъэпс | хьаджыгъэпсэхэмэ | хьаджыгъэпсэхэ | хьаджыгъэпсэм | хьаджыгъэпсэхэкӏэ | хьаджыгъэпсыу | хьаджыгъэпсхыу | хьаджыгъэпсэр | хьаджыгъэпсэ | хьаджыгъэпсэхэм | хьаджыгъэпсэхэр | хьаджыгъэпсэкӏэ,accepted
wiktionary-03637,train,true,,wiktionary,3637,lexicon,хьаджын,to grind,verb,хьаджын,accepted
wiktionary-03638,train,true,,wiktionary,3638,lexicon,хьадэ,"a dead body, corpse",noun,хьадэ | хьадэхэм | хьадэр | хьадэкӏэ | хьадэхэкӏэ | хьадэм | хьадэхыу | хьадэхэр | хьадэхэ | хьадэхэмэ | хьадэу,accepted
wiktionary-03639,train,true,,wiktionary,3639,lexicon,хьадэгъу,"deathtime, time of death",noun,хьадэгъу | хьэдэгъу,accepted
wiktionary-03640,train,true,,wiktionary,3640,lexicon,хьадэгъущэ,killing bullet,noun,хьадэгъущэ | хьадэгъущээм | хьадэгъущэхэм | хьадэгъущэыу | хьадэгъущэхэкӏэ | хьадэгъущээхыу | хьадэгъущээхэкӏэ | хьадэгъущэхыу | хьадэгъущээкӏэ | хьадэгъущыу | хьадэгъущээхэм | хьадэгъущэм | хьадэгъущээр | хьадэгъущээхэ | хьадэгъущэкӏэ | хьадэгъущэр | хьадэгъущээ | хьадэгъущэхэр | хьадэгъущэхэ | хьадэгъущээхэмэ | хьадэгъущэхэмэ | хьадэгъущээхэр | хьадэгъущ,accepted
wiktionary-03641,train,true,,wiktionary,3641,lexicon,хьадэпчэмыӏу,turtle,noun,хьадэпчэмыӏу | хьадэпчэмыӏуэм | хьадэпчэмыӏуэхэм | хьадэпчэмыӏуэхэкӏэ | хьадэпчэмыӏуэхэмэ | хьадэпчэмыӏуэкӏэ | хьадэпчэмыӏуэхыу | хьадэпчэмыӏуэхэ | хьадэпчэмыӏуыу | хьадэпчэмыӏуэхэр | хьадэпчэмыӏуэ | хьадэпчэмыӏуэр,accepted
wiktionary-03642,train,true,,wiktionary,3642,lexicon,хьазыр,ready,adv,хьазыр,accepted
wiktionary-03643,validation,true,,wiktionary,3643,lexicon,хьазырын,to be ready,verb,хьазырын,accepted
wiktionary-03644,train,true,,wiktionary,3644,lexicon,хьай,shit,noun,хьай | хьайэр | хьайэ | хьайэхэ | хьайэкӏэ | хьайэхэмэ | хьайэхэм | хьайыу | хьайэм | хьайэхэр | хьайэхыу | хьайэхэкӏэ,accepted
wiktionary-03645,train,true,,wiktionary,3645,lexicon,хьай ригъаф,(vulgar) shit; expression of failure.,intj,хьай ригъаф,accepted
wiktionary-03646,test,true,,wiktionary,3646,lexicon,хьайнапэ,shame ; disgrace,noun,хьайнапэ | хьэинап | хьайнап,accepted
wiktionary-03647,test,true,,wiktionary,3647,lexicon,хьайнапэу шӏын,to shame,verb,хьайнапэу шӏын,accepted
wiktionary-03648,train,true,,wiktionary,3648,lexicon,хьаку,oven ; stove,noun,хьаку,accepted
wiktionary-03649,train,true,,wiktionary,3649,lexicon,хьакуако,vagina,noun,хьакуако | хьэкуакуэкӏэ | хьэкуакуыу | хьэкукуэм | хьэкукуэхэмэ | хьакуакоэр | хьэкуакуэхэр | хьэкуакуэм | хьакуакоэхэм | хьэкуакуэхэкӏэ | хьакуакоэ | хьакуакоэхэкӏэ | хьэкуакуэхэм | хьакуакоэхэр | хьэкуку | хьэкукуэхэр | хьэкукуэхэм | хьакуакоэм | хьэкуакухыу | хьэкуаку | хьэкукуэхэкӏэ | хьэкукуэкӏэ | хьакуакохыу | хьэкуакуэхэмэ | хьэкукуэхэ | хьэкукуэр | хьакуакоэкӏэ | хьакуакоыу | хьэкуакуэхэ | хьакуакоэхэмэ | хьэкукухыу | хьэкуакуэр | хьакуакоэхэ | хьэкуакуэ | хьэкукуэ | хьэкукуыу,accepted
wiktionary-03650,train,true,,wiktionary,3650,lexicon,хьакъун,to bark,verb,хьакъун,accepted
wiktionary-03651,train,true,,wiktionary,3651,lexicon,хьакӏэ,"guest, visitor",noun,хьакӏэ | хьакӏэм | хьакӏэхэр | хьакӏэхэм | хьакӏэхэкӏэ | хьакӏэхэ | хьакӏэр | хьакӏэхыу | хьакӏэхэмэ | хьакӏэу | хьакӏэкӏэ,accepted
wiktionary-03652,train,true,,wiktionary,3652,lexicon,хьакӏэкъуакӏэ,predatory,noun,хьакӏэкъуакӏэ | хьакӏэ-къуакӏэ,accepted
wiktionary-03653,train,true,,wiktionary,3653,lexicon,хьакӏэщ,hotel; inn ; guest room; living room,noun,хьакӏэщ,accepted
wiktionary-03654,train,true,,wiktionary,3654,lexicon,хьалжъогъуан,round haleva,noun,хьалжъогъуан | хьалжъогъуанэм | хьалжъогъуанэхэмэ | хьалжъогъуанэкӏэ | хьалжъогъуанэхэм | хьалжъогъуанэхэкӏэ | хьалжъогъуанэхыу | хьалжъогъуанэхэ | хьалжъогъуаныу | хьалжъогъуанэхэр | хьалжъогъуанэр | хьалжъогъуанэ,accepted
wiktionary-03655,train,true,,wiktionary,3655,lexicon,хьалы,wedge,noun,хьалы | хьалыхэмэ | хьалым | хьалыу | хьалыхэр | хьалыхэм | хьалыр | хьалыхэкӏэ | хьалыкӏэ | хьалыхыу,accepted
wiktionary-03656,train,true,,wiktionary,3656,lexicon,хьалыгъущапӏэ,bakery,noun,хьалыгъущапӏэ | хьалыгъущапӏэхыу | хьалыгъущапӏэм | хьалыгъущапӏэхэмэ | хьалыгъущапӏэхэкӏэ | хьалыгъущапӏэр | хьалыгъущапӏэхэр | хьалыгъущапӏэу | хьалыгъущапӏэхэм | хьалыгъущапӏэкӏэ | хьалыгъущапӏэхэ,accepted
wiktionary-03657,train,true,,wiktionary,3657,lexicon,хьалыжъощыхьагъэ,roll,noun,хьалыжъощыхьагъэ | хьалыжъощыхьагъэхэм | хьалыжъощыхьагъэм | хьалыжъощыхьагъэу | хьалыжъощыхьагъэкӏэ | хьалыжъощыхьагъэр | хьалыжъощыхьагъэхэр | хьалыжъощыхьагъэхэмэ | хьалыжъощыхьагъэхэкӏэ | хьалыжъощыхьагъэхыу | хьалыжъощыхьагъэхэ,accepted
wiktionary-03658,train,true,,wiktionary,3658,lexicon,хьалэмэт,tower,adj,хьалэмэт,accepted
wiktionary-03659,test,true,,wiktionary,3659,lexicon,хьамбар,barn,noun,хьамбар,accepted
wiktionary-03660,train,true,,wiktionary,3660,lexicon,хьамлашкӏу,snail,noun,хьамлашкӏу,accepted
wiktionary-03661,train,true,,wiktionary,3661,lexicon,хьамлыу,worm,noun,хьамлыу | хьамлыуэм | хьамлыуэкӏэ | хьамлыуэ | хьамлыуыу | хьамлыухыу | хьамлыуэхэр | хьамлыуэхэкӏэ | хьамлыуэхэм | хьамлыуэр | хьамлыуэхэ | хьамлыуэхэмэ,accepted
wiktionary-03662,train,true,,wiktionary,3662,lexicon,хьамплъыжь,"lizard, chameleon",noun,хьамплъыжь | хьамплъыжьэхэр | хьамплъыжьэкӏэ | хьамплъыжьэ | хьамплъыжьэм | хьамплъыжьэхэкӏэ | хьамплъыжьэхэмэ | хьамплъыжьыу | хьамплъыжьэхыу | хьамплъыжьэр | хьамплъыжьэхэм | хьамплъыжьэхэ,accepted
wiktionary-03663,train,true,,wiktionary,3663,lexicon,хьампӏырашъу,"butterfly, moth",noun,хьампӏырашъу | хьампӏырашъуэкӏэ | хьампӏырашъуэр | хьампӏырашъуэхэкӏэ | хьампӏырашъуэхэм | хьампӏырашъуэм | хьампӏырашъухыу | хьампӏырашъуыу | хьампӏырашъуэ | хьампӏырашъуэхэ | хьампӏырашъуэхэмэ | хьампӏырашъуэхэр,accepted
wiktionary-03664,train,true,,wiktionary,3664,lexicon,хьамцӏый,corn,noun,хьамцӏый | хьамцӏыйэхэ | хьамцӏыйэхэкӏэ | хьамцӏыйэхэм | хьамцӏыйыу | хьамцӏыйэм | хьамцӏыйэхыу | хьамцӏыйэ | хьамцӏыйэкӏэ | хьамцӏыйэр | хьамцӏыйэхэмэ | хьамцӏыйэхэр,accepted
wiktionary-03665,excluded_benchmark_overlap,false,exact_normalized_input_target_or_variant_overlap_with_benchmark,wiktionary,3665,lexicon,хьан,to go / enter / advance / move to,verb,хьан | жэхэхьан | зэбгырыхьан | пыхьан | кӏоцӏы | шъхьапырыхьан | ӏу | шъхьадэхьан | хэхьан | кӏоцӏыхьан | лъы | и | кӏэлъыры | пэхьан | бгъодэ | техьан | кӏэлъырыхьан | бгъодэхьан | шъхьадэ | хэ | зэбгыры | те | ӏухьан | чӏэ | дэ | гохьан | къохьан | го | шъхьапыры | пы | зэкӏэ | чӏэхьан | жэхэ | жэдэ | ихьан | жэдэхьан | лъыхьан | къо | джыхэхьэн | дэхьан | зэкӏэхьан,accepted
wiktionary-03666,train,true,,wiktionary,3666,lexicon,хьандзу,rick ; stack,noun,хьандзу | хьандзухыу | хьандзуэкӏэ | хьандзуыу | хьандзуэ | хьандзуэхэ | хьандзуэр | хьандзуэхэр | хьандзуэм | хьандзуэхэкӏэ | хьандзуэхэм | хьандзуэхэмэ,accepted
wiktionary-03667,train,true,,wiktionary,3667,lexicon,хьандзуачӏ,lower rick ; stack's bottom,noun,хьандзуачӏ | хьандзуачӏэр | хьандзуачӏэм | хьандзуачӏэхэмэ | хьандзуачӏэхэ | хьандзуачӏыу | хьандзуачӏэхэм | хьандзуачӏэхыу | хьандзуачӏэ | хьандзуачӏэкӏэ | хьандзуачӏэхэр | хьандзуачӏэхэкӏэ,accepted
wiktionary-03668,train,true,,wiktionary,3668,lexicon,хьантхъупсы,soup,noun,хьантхъупсы | хьантхъупсыэхэкӏэ | хьантхъупсыэхэмэ | хьантхъупсыэм | хьантхъупсыэ | хьантхъупсыэхэм | хьантхъупсыэкӏэ | хьантхъупсыыу | хьантхъупсыэр | хьантхъупсыэхэ | хьантхъупсыэхыу | хьантхъупсыэхэр,accepted
wiktionary-03669,train,true,,wiktionary,3669,lexicon,хьантыкъуакъу,frog,noun,хьантыкъуакъу | хьантыкъуакъуэкӏэ | хьантыкъуакъуэхэр | хьантыкъуакъуэ | хьантыкъуакъуэхэмэ | хьантыкъуакъуэхэ | хьантыкъуакъуэм | хьантыкъуакъуэхэм | хьантыкъуакъуыу | хьантыкъуакъуэхэкӏэ | хьантыкъуакъуэр | хьантыкъуакъухыу,accepted
wiktionary-03670,validation,true,,wiktionary,3670,lexicon,хьантӏаркъу,frog,noun,хьантӏаркъу | хьантӏаркъуэхэ | хьантӏаркъуэ | хьантӏаркъуэхэр | хьантӏаркъуэкӏэ | хьантӏаркъуэм | хьантӏаркъуэхэкӏэ | хьантӏаркъуэхэмэ | хьантӏаркъуэр | хьантӏаркъухыу | хьантӏаркъуыу | хьантӏаркъуэхэм,accepted
wiktionary-03671,train,true,,wiktionary,3671,lexicon,хьанцэ,shovel (wooden shovel),noun,хьанцэ | хьэнцэ,accepted
wiktionary-03672,train,true,,wiktionary,3672,lexicon,хьапкӏ,gallop ; galop,noun,хьапкӏ,accepted
wiktionary-03673,test,true,,wiktionary,3673,lexicon,хьаплъы,brown,adj,хьаплъы | хьаплъэхэм | хьаплъыу | хьаплъым | хьаплъыр | хьаплъыхэр | хьаплъэм | хьаплъыхэмэ | хьаплъэ | хьаплъыкӏэ | хьаплъыхэкӏэ | хьаплъэу | хьаплъэхэр | хьаплъэкӏэ | хьаплъэр | хьаплъыхэм | хьаплъэхыу | хьаплъэхэмэ | хьаплъыхыу | хьаплъэхэ | хьаплъэхэкӏэ,accepted
wiktionary-03674,validation,true,,wiktionary,3674,lexicon,хьарз,swan (Bird),noun,хьарз,accepted
wiktionary-03675,validation,true,,wiktionary,3675,lexicon,хьарзэ,swan,noun,хьарзэ | хьарзэу | хьарзэхэм | хьарзэхэ | хьарзэм | хьарзэкӏэ | хьарзэхэмэ | хьарзэхыу | хьарзэхэкӏэ | хьарзэхэр | хьарзэр,accepted
wiktionary-03676,train,true,,wiktionary,3676,lexicon,хьарыпӏ,cake,noun,хьарыпӏ | хьарыпӏэхэр | хьарыпӏэкӏэ | хьарыпӏэм | хьарыпӏэхэм | хьарыпӏэхэкӏэ | хьарыпӏэр | хьарыпӏыу | хьарыпӏэхыу | хьарыпӏэхэ | хьарыпӏэ | хьарыпӏэхэмэ,accepted
wiktionary-03677,train,true,,wiktionary,3677,lexicon,хьарыф,letter,noun,хьарыф | хьарыфкӏэ | хьарыфр | хьарыфхэмэ | хьарыфхэм | хьарыфу | хьарыфм | хьарыфхыу | хьарыфхэ | хьарыфхэкӏэ | хьарыфхэр,accepted
wiktionary-03678,test,true,,wiktionary,3678,lexicon,хьасэ,"bed (for plants), seedbed ; field",noun,хьасэ | хьасэу | хьасэм | хьасэхэ | хьасэхэм | хьасэхыу | хьасэкӏэ | хьасэхэр | хьасэхэмэ | хьасэхэкӏэ | хьасэр,accepted
wiktionary-03679,test,true,,wiktionary,3679,lexicon,хьасэтх,borders of a field,noun,хьасэтх | хьасэтхэхэр | хьасэтхэхэм | хьасэтхэм | хьасэтхэхэмэ | хьасэтхэхэкӏэ | хьасэтхыу | хьасэтхэхыу | хьасэтхэхэ | хьасэтхэр | хьасэтхэ | хьасэтхэкӏэ,accepted
wiktionary-03680,validation,true,,wiktionary,3680,lexicon,хьатыр,respect,noun,хьатыр,accepted
wiktionary-03681,train,true,,wiktionary,3681,lexicon,хьатыякӏо,festival manager,noun,хьатыякӏо,accepted
wiktionary-03682,excluded_benchmark_overlap,false,exact_normalized_input_target_or_variant_overlap_with_benchmark,wiktionary,3682,lexicon,хьау,no,adv,хьау,accepted
wiktionary-03683,train,true,,wiktionary,3683,lexicon,хьаулый,in vain,adv,хьаулый,accepted
wiktionary-03684,train,true,,wiktionary,3684,lexicon,хьаумэ,"if not, else if",adv,хьаумэ,accepted
wiktionary-03685,train,true,,wiktionary,3685,lexicon,хьацэ,"miser, greed ; shovel (Shapsug)",adj | noun,хьацэ,accepted
wiktionary-03686,validation,true,,wiktionary,3686,lexicon,хьацэгъуй,"miser, greed",adj,хьацэгъуй,accepted
wiktionary-03687,train,true,,wiktionary,3687,lexicon,хьацэпӏацэ,insect,noun,хьацэпӏацэ | хьацэпӏацэхэкӏэ | хьацӏэбацӏэхэкӏэ | хьацэпӏацэхэр | хьацӏэбацӏэхэм | хьацэпӏацэхэмэ | хьацӏэбацӏэм | хьацэпӏацэр | хьацэпӏацэхэ | хьацэпӏацэу | хьацӏэбацӏэхэр | хьацӏэбацӏэ | хьацэпӏацэм | хьацэпӏацэхыу | хьацӏэбацӏэкӏэ | хьацэпӏацэхэм | хьацэпӏацэкӏэ | хьацӏэбацӏэу | хьацӏэбацӏэхэ | хьацӏэбацӏэхэмэ | хьацӏэбацӏэхыу | хьацӏэбацӏэр,accepted
wiktionary-03688,train,true,,wiktionary,3688,lexicon,хьашъо,rubber ; tire,noun,хьашъо | хьашъохэр | хьашъохэмэ | хьашъохэкӏэ | хьашъохыу | хьашъохэ | хьашъор | хьашъом | хьашъоу | хьашъохэм | хьашъокӏэ,accepted
wiktionary-03689,excluded_benchmark_overlap,false,exact_normalized_input_target_or_variant_overlap_with_benchmark,wiktionary,3689,lexicon,хьаӏ,(Abzakh) no,adv,хьаӏ,accepted
wiktionary-03690,test,true,,wiktionary,3690,lexicon,хьаӏьэ,(Abzakh) guest,noun,хьаӏьэ,accepted
wiktionary-03691,train,true,,wiktionary,3691,lexicon,хьилэ,"guileful, insidious, perfidious, crafty, treacherous",noun,хьилэ | хьилэхэм | хьилэу | хьилэхэмэ | хьилэхэ | хьилэхыу | хьилэм | хьилэкӏэ | хьилэр | хьилэхэр | хьилэхэкӏэ,accepted
wiktionary-03692,train,true,,wiktionary,3692,lexicon,хьылъэ,"hard, difficult",adj,хьылъэ,accepted
wiktionary-03693,validation,true,,wiktionary,3693,lexicon,хьын,to carry to somewhere/someone,verb,хьын,accepted
wiktionary-03694,excluded_benchmark_overlap,false,exact_normalized_input_target_or_variant_overlap_with_benchmark,wiktionary,3694,lexicon,хьэ,(Abzakh) dog,noun,хьэ | хьэхэм | хьэхэмэ | хьэм | хьэхэр | хьэхыу | хьэкӏэ | хьэхэ | хьэхэкӏэ | хьэр | хьэу,accepted
wiktionary-03695,train,true,,wiktionary,3695,lexicon,хьэб,"pill, drug",noun,хьэб | хьэбэ | хьэбэхэ | хьэбэхэм | хьэбэкӏэ | хьэбэхыу | хьэбэм | хьэбэр | хьэбыу | хьэбэхэмэ | хьэбэхэкӏэ | хьэбэхэр,accepted
wiktionary-03696,validation,true,,wiktionary,3696,lexicon,хьэбадзэ,stable fly,noun,хьэбадзэ | хьэбадзэхэ | хьэбадзэхэм | хьэбадзэкӏэ | хьэбадзэхыу | хьэбадзэм | хьэбадзэр | хьэбадзэхэмэ | хьэбадзэу | хьэбадзэхэкӏэ | хьэбадзэхэр,accepted
wiktionary-03697,excluded_review_required,false,missing_target_text,wiktionary,3697,lexicon,хьэбзу,,,хьэбзу,review_required
wiktionary-03698,train,true,,wiktionary,3698,lexicon,хьэблыу,worm,noun,хьэблыу | хьэблыуэ | хьэблыуэхэр | хьаблыуэхэм | хьэблыуэм | хьэблыуэхэкӏэ | хьэблыухыу | хьаблыуэхэкӏэ | хьаблыуыу | хьаблыуэ | хьаблыуэм | хьэблыуэхэм | хьаблыуэр | хьаблыухыу | хьэблыуэхэмэ | хьаблыуэхэр | хьаблыуэхэмэ | хьэблыуэр | хьаблыуэкӏэ | хьаблыу | хьэблыуыу | хьаблыуэхэ | хьэблыуэхэ | хьэблыуэкӏэ,accepted
wiktionary-03699,train,true,,wiktionary,3699,lexicon,хьэгъошӏыгъу,activity,noun,хьэгъошӏыгъу,accepted
wiktionary-03700,train,true,,wiktionary,3700,lexicon,хьэджашъу,hound ; hunting dog,noun,хьэджашъу | хьэджашъуыу | хьэджашъуэ | хьэджашъуэхэ | хьэджашъуэр | хьэджашъуэкӏэ | хьэджашъухыу | хьэджашъуэхэкӏэ | хьэджашъуэм | хьэджашъуэхэм | хьэджашъуэхэмэ | хьэджашъуэхэр,accepted
wiktionary-03701,train,true,,wiktionary,3701,lexicon,хьэдэджадэ,"ghost, spectre, apparition, spook",noun,хьэдэджадэ | хьэдэджадэм | хьэдэджадэхэмэ | хьэдэджадэхэр | хьэдэджадэхэм | хьэдэджадэхэ | хьэдэджадэу | хьэдэджадэхыу | хьэдэджадэр | хьэдэджадэхэкӏэ | хьэдэджадэкӏэ,accepted
wiktionary-03702,train,true,,wiktionary,3702,lexicon,хьэдэкъаз,swan (Bird),noun,хьэдэкъаз,accepted
wiktionary-03703,train,true,,wiktionary,3703,lexicon,хьэдэпчэмыӏу,turtle,noun,хьэдэпчэмыӏу,accepted
wiktionary-03704,train,true,,wiktionary,3704,lexicon,хьэе регъаф,"(vulgar) screw this, fuck this",intj,хьэе регъаф | хьае регъаф,accepted
wiktionary-03705,validation,true,,wiktionary,3705,lexicon,хьэжъ,dog (Shapsug dialect),noun,хьэжъ | хьэжъм | хьэжъуэхэмэ | хьэжъуэхэ | хьэжъхэмэ | хьэжъуэкӏэ | хьэжъу | хьэжъхыу | хьэжъуэхэм | хьэжъуэ | хьэжъуэм | хьэжъхэм | хьэжъуэхэр | хьажъу | хьэжъуэхыу | хьэжъхэкӏэ | хьэжъкӏэ | хьэжъуэр | хьэжър | хьэжъуэхэкӏэ | хьэжъуыу | хьэжъхэ | хьэжъхэр,accepted
wiktionary-03706,train,true,,wiktionary,3706,lexicon,хьэжъу,puppy,noun,хьэжъу | хьэжъуэхэмэ | хьэжъуэхэ | хьэжъуэкӏэ | хьэжъуэхэм | хьэжъуэ | хьэжъуэм | хьэжъуэхэр | хьэжъуэхыу | хьажъу | хьэжъуэр | хьэжъуэхэкӏэ | хьэжъуыу,accepted
wiktionary-03707,train,true,,wiktionary,3707,lexicon,хьэкъуашъо,"trough, waterer (device from which animals drink) ; tub",noun,хьэкъуашъо | хьэкъуашъохэмэ | хьэкъуашъокӏэ | хьэкъуашъоу | хьэкъуашъор | хьэкъуашъом | хьэкъуашъохэм | хьэкъуашъохыу | хьэкъуашъохэкӏэ | хьэкъуашъохэ | хьэкъуашъохэр,accepted
wiktionary-03708,train,true,,wiktionary,3708,lexicon,хьэкъухъ,mulberry,noun,хьэкъухъ | хьэкъухъэхэр | хьэкъухъэм | хьэкъухъэхэм | хьэкъухъэкӏэ | хьэкъухъыу | хьэкъухъэхэмэ | хьэкъухъэ | хьэкъухъэхыу | хьэкъухъэхэ | хьэкъухъэр | хьэкъухъэхэкӏэ,accepted
wiktionary-03709,train,true,,wiktionary,3709,lexicon,хьэкӏапӏэ,hotel ; inn,noun,хьэкӏапӏэ,accepted
wiktionary-03710,train,true,,wiktionary,3710,lexicon,хьэкӏутӏэ,vagina,noun,хьэкӏутӏэ | хьэкӏутӏэхыу | хьэкӏутӏэм | хьэкӏутӏэр | хьэкӏутӏэхэм | хьэкӏутӏэхэмэ | хьэкӏутӏэхэкӏэ | хьэкӏутӏэу | хьэкӏутӏэкӏэ | хьэкӏутӏэхэр | хьэкӏутӏэхэ,accepted
wiktionary-03711,train,true,,wiktionary,3711,lexicon,хьэлжъо,"haliva (a Circassian food, fried triangular pasties with mainly Circassian cheese or potato)",noun,хьэлжъо | хьэлжъохыу | хьэлжъохэ | хьэлжъом | хьэлжъохэм | хьэлжъохэкӏэ | хьэлжъохэмэ | хьэлжъокӏэ | хьэлжъоу | хьэлжъохэр | хьэлжъор,accepted
wiktionary-03712,train,true,,wiktionary,3712,lexicon,хьэлъэбэкъищ,three steps (Said to places that are very close),noun,хьэлъэбэкъищ | хьэлъэбэкъищыу | хьэлъэбэкъищэр | хьэлъэбэкъищэкӏэ | хьэлъэбэкъищэхэм | хьэлъэбэкъищэм | хьэлъэбэкъищэ | хьэлъэбэкъищэхэ | хьэлъэбэкъищэхэр | хьэлъэбэкъищэхэмэ | хьэлъэбэкъищэхыу | хьэлъэбэкъищэхэкӏэ,accepted
wiktionary-03713,train,true,,wiktionary,3713,lexicon,хьэлэбэлыкъ,"bustle, turmoil ; trouble",noun,хьэлэбэлыкъ,accepted
wiktionary-03714,train,true,,wiktionary,3714,lexicon,хьэлэгъу,bread,noun,хьэлэгъу | хьалыгъуэм | хьэлэгъуэхэмэ | хьэлэгъуэхэ | хьэлэгъуэхэкӏэ | хьэлэгъуэхэм | хьалыгъуэхэмэ | хьалыгъуэхэкӏэ | хьэлэгъухыу | хьэлэгъуэм | хьалыгъухыу | хьэлэгъуэр | хьалыгъу | хьалыгъуыу | хьалыгъуэхэр | хьалыгъуэхэм | хьалыгъуэкӏэ | хьэлэгъуэ | хьэлэгъуыу | хьалыгъуэхэ | хьалыгъуэ | хьэлэгъуэкӏэ | хьэлэгъуэхэр | хьалыгъуэр,accepted
wiktionary-03715,train,true,,wiktionary,3715,lexicon,хьэмашэ,penis,noun,хьэмашэ,accepted
wiktionary-03716,train,true,,wiktionary,3716,lexicon,хьэнтӏэрэпӏый,butterfly,noun,хьэнтӏэрэпӏый | хьэнтӏэрэпӏыйэм | хьэнтӏэрэпӏыйэхэкӏэ | хьэнтӏэрэпӏыйэ | хьэнтӏэрэпӏыйэхыу | хьэнтӏэрэпӏыйэкӏэ | хьэнтӏэрэпӏыйэхэмэ | хьэнтӏэрэпӏыйыу | хьэнтӏэрэпӏыйэхэм | хьэнтӏэрэпӏыйэхэ | хьэнтӏэрэпӏыйэхэр | хьэнтӏэрэпӏыйэр,accepted
wiktionary-03717,test,true,,wiktionary,3717,lexicon,хьэнчэмыӏу,turtle,noun,хьэнчэмыӏу | хьэнчэмыӏуэм | хьэнчэмыӏуэкӏэ | хьэнчэмыӏуэхэм | хьэнчэмыӏуэхэкӏэ | хьэнчэмыӏуэхыу | хьэнчэмыӏуэхэмэ | хьэнчэмыӏуыу | хьэнчэмыӏуэхэр | хьэнчэмыӏуэхэ | хьэнчэмыӏуэ | хьэнчэмыӏуэр,accepted
wiktionary-03718,train,true,,wiktionary,3718,lexicon,хьэпс,jail,noun,хьэпс | хьэпсэ | хьэпсэр | хьэпсэхэкӏэ | хьэпсэхэр | хьэпсэхэм | хьэпсэм | хьэпсэкӏэ | хьэпсэхэмэ | хьэпсэхыу | хьэпсэхэ | хьэпсыу,accepted
wiktionary-03719,train,true,,wiktionary,3719,lexicon,хьэпӏацӏэ,worm,noun,хьэпӏацӏэ | хьэпӏацӏэр | хьэпӏацӏэм | хьэпӏацӏэхэкӏэ | хьэпӏацӏэхэм | хьэпӏацӏэкӏэ | хьэпӏацӏэхэр | хьэпӏацӏэхэ | хьэпӏацӏэхэмэ | хьэпӏацӏэу | хьэпӏацӏэхыу,accepted
wiktionary-03720,validation,true,,wiktionary,3720,lexicon,хьэтӏрэпӏый,butterfly,noun,хьэтӏрэпӏый | хьэтӏрэпӏыйэхэмэ | хьэтӏрэпӏыйэр | хьэтӏрэпӏыйэхэр | хьэтӏрэпӏыйэхэ | хьэтӏрэпӏыйэхэкӏэ | хьэтӏрэпӏыйэ | хьэтӏрэпӏыйэкӏэ | хьэтӏрэпӏыйэхыу | хьэтӏрэпӏыйэм | хьэтӏрэпӏыйэхэм | хьэтӏрэпӏыйыу,accepted
wiktionary-03721,train,true,,wiktionary,3721,lexicon,хьэуарзэ,straw,noun,хьэуарзэ,accepted
wiktionary-03722,train,true,,wiktionary,3722,lexicon,хьэубыт,police; cop,noun,хьэубыт | хьэубытэхэмэ | хьэубытэм | хьэубытэхыу | хьэубытэр | хьэубытэкӏэ | хьэубытэхэ | хьэубытэхэм | хьэубытэхэкӏэ | хьэубытыу | хьэубытэхэр | хьэубытэ,accepted
wiktionary-03723,train,true,,wiktionary,3723,lexicon,хьэцэ,dog hair,noun,хьэцэ | хьэцэкӏэ | хьэцэм | хьэцэхэмэ | хьэцэхэм | хьэцэхэ | хьэцэхэкӏэ | хьэцэу | хьэцэхыу | хьэцэхэр | хьэцэр,accepted
wiktionary-03724,train,true,,wiktionary,3724,lexicon,хьэцэӏукь,"miser, stingy person ; stingy, miserly",noun | adj,хьэцэӏукь | хьэцэӏукьэр | хьэцэӏукьэхэм | хьэцэӏукьэхыу | хьэцэӏукьэм | хьэцэӏукьэкӏэ | хьэцэӏукьыу | хьэцэӏукьэ | хьэцэӏукьэхэмэ | хьэцэӏукьэхэр | хьэцэӏукьэхэкӏэ | хьэцэӏукьэхэ,accepted
wiktionary-03725,train,true,,wiktionary,3725,lexicon,хьэцэӏукӏ,"miser, stingy person ; stingy, miserly",noun | adj,хьэцэӏукӏ | хьэцэӏукӏыу | хьэцэӏукӏэм | хьэцэӏукӏэхэмэ | хьэцэӏукӏэр | хьэцэӏукӏэхэ | хьэцэӏукӏэкӏэ | хьэцэӏукӏэхэкӏэ | хьэцэӏукӏэхэм | хьэцэӏукӏэ | хьэцэӏукӏэхыу | хьэцэӏукӏэхэр,accepted
wiktionary-03726,train,true,,wiktionary,3726,lexicon,хьэшхъурэӏу,mad,adj,хьэшхъурэӏу,accepted
wiktionary-03727,train,true,,wiktionary,3727,lexicon,хьэшъобыдз,pacifier,noun,хьэшъобыдз | хьэшъобыдзэр | хьэшъобыдзэхэр | хьэшъобыдзэхэмэ | хьэшъобыдзэхэкӏэ | хьэшъобыдзэм | хьэшъобыдзэкӏэ | хьэшъобыдзыу | хьэшъобыдзэхэ | хьэшъобыдзэхэм | хьэшъобыдзэ | хьэшъобыдзэхыу,accepted
wiktionary-03728,train,true,,wiktionary,3728,lexicon,хьэшъотоп,football,noun,хьэшъотоп | хьэшъотопэм | хьэшъотопэхэм | хьэшъотопэр | хьэшъотопэхэ | хьэшъотопэхыу | хьэшъотопэ | хьэшъотопэхэмэ | хьэшъотопэкӏэ | хьэшъотопэхэкӏэ | хьэшъотопыу | хьэшъотопэхэр,accepted
wiktionary-03729,validation,true,,wiktionary,3729,lexicon,хьэшъутыубат,(vulgar) bullshit; horseshit (nonsense),noun,хьэшъутыубат | хьэшъутыубэтагъ | хьэшъуты убат,accepted
wiktionary-03730,train,true,,wiktionary,3730,lexicon,хьэшъутыубэтэн,(vulgar) to bullshit; to talk bullshit; to talk horseshit (to talk nonsense),verb,хьэшъутыубэтэн | хьэшъуты убэтэн,accepted
wiktionary-03731,train,true,,wiktionary,3731,lexicon,хьэят,"corridor, passage, passageway",noun,хьэят | хьэятэм | хьэятэкӏэ | хьэятэхэкӏэ | хьэятэхэм | хьэятэр | хьэятыу | хьэятэхыу | хьэятэхэр | хьэятэхэмэ | хьэятэхэ | хьэятэ,accepted
wiktionary-03732,train,true,,wiktionary,3732,lexicon,хьэӏу,mushroom,noun,хьэӏу | хьэӏуэр | хьэӏуэкӏэ | хьэӏуэ | хьэӏуэм | хьэӏуэхэр | хьэӏуэхэкӏэ | хьэӏуэхэ | хьэӏухыу | хьэӏуэхэм | хьэӏуыу | хьэӏуэхэмэ,accepted
wiktionary-03733,train,true,,wiktionary,3733,lexicon,хьэӏуцӏ,greenhorn,adj,хьэӏуцӏ,accepted
wiktionary-03734,validation,true,,wiktionary,3734,lexicon,хэгущыӏэхьан,to suddenly speak up among a group of people ; to interrupt or break into a conversation by speaking ; to get a word in edgewise,verb,хэгущыӏэхьан,accepted
wiktionary-03735,train,true,,wiktionary,3735,lexicon,хэгъозэн,to get addict to ; to adapt to ; to acclimatize,verb,хэгъозэн,accepted
wiktionary-03736,train,true,,wiktionary,3736,lexicon,хэгъолъхьан,to lay down among,verb,хэгъолъхьан,accepted
wiktionary-03737,validation,true,,wiktionary,3737,lexicon,хэгъошъхьаӏу,surrounding area (of a village or city),noun,хэгъошъхьаӏу,accepted
wiktionary-03738,train,true,,wiktionary,3738,lexicon,хэгъощэн,"to lose one's way, to go astray, to get lost (by going the wrong way)",verb,хэгъощэн,accepted
wiktionary-03739,train,true,,wiktionary,3739,lexicon,хэгъуашъхьэ,surrounding area (of a village or city),noun,хэгъуашъхьэ,accepted
wiktionary-03740,train,true,,wiktionary,3740,lexicon,хэгъэгу,country ; state,noun,хэгъэгу | хэгъэгуэхэ | хэгъэгуэхэмэ | хэгъэгуэ | хэгъэгуэкӏэ | хэгъэгуэхэр | хэгъэгуэхэм | хэгъэгуэм | хэгъэгуэхэкӏэ | хэгъэгуэр | хэгъэгуыу | хэгъэгухыу,accepted
wiktionary-03741,train,true,,wiktionary,3741,lexicon,хэгъэгэжьын,to make someone quit doing something,verb,хэгъэгэжьын,accepted
wiktionary-03742,train,true,,wiktionary,3742,lexicon,хэгъэдэн,to make someone select ; to give someone the opportunity to choose,verb,хэгъэдэн,accepted
wiktionary-03743,train,true,,wiktionary,3743,lexicon,хэгъэкӏын,"to allow/force someone to leave from a group ; to decrease, to lower (amount)",verb,хэгъэкӏын,accepted
wiktionary-03744,train,true,,wiktionary,3744,lexicon,хэгъэон,to dip ; to quench,verb,хэгъэон,accepted
wiktionary-03745,train,true,,wiktionary,3745,lexicon,хэгъэузыкӏын,to make someone feel pain or to hurt (In general),verb,хэгъэузыкӏын | хэгъэузыкӏьын,accepted
wiktionary-03746,train,true,,wiktionary,3746,lexicon,хэгъэхъон,to increase (transitive),verb,хэгъэхъон,accepted
wiktionary-03747,train,true,,wiktionary,3747,lexicon,хэгъэщын,to make or find a partner for a romantic relationship.,verb,хэгъэщын,accepted
wiktionary-03748,test,true,,wiktionary,3748,lexicon,хэдзын,"to choose, to elect",verb,хэдзын,accepted
wiktionary-03749,validation,true,,wiktionary,3749,lexicon,хэдэн,"to choose, to select, to pick out",verb,хэдэн,accepted
wiktionary-03750,train,true,,wiktionary,3750,lexicon,хэку,"homeland, land",noun,хэку | хэкуэм | хэкуыу | хэкуэкӏэ | хэкуэхэм | хэкухыу | хэкуэхэ | хэкуэ | хэкуэхэкӏэ | хэкуэхэмэ | хэкуэхэр | хэкуэр,accepted
wiktionary-03751,train,true,,wiktionary,3751,lexicon,хэкъутыхьан,to break/shatter an object in a certain area (like inside a battlefield),verb,хэкъутыхьан,accepted
wiktionary-03752,validation,true,,wiktionary,3752,lexicon,хэкъэхьын,to be totally frozen (Kfar Kama dialect),verb,хэкъэхьын,accepted
wiktionary-03753,train,true,,wiktionary,3753,lexicon,хэкӏ,garbage; debris,noun,хэкӏ | хэкӏэхэ | хэкӏэр | хэкӏэхэмэ | хэкӏэхэкӏэ | хэкӏэхэм | хэкӏыу | хэкӏэм | хэкӏэ | хэкӏэхыу | хэкӏэхэр | хэкӏэкӏэ,accepted
wiktionary-03754,test,true,,wiktionary,3754,lexicon,хэкӏодыкӏын,to disappear/vanish out of something,verb,хэкӏодыкӏын,accepted
wiktionary-03755,validation,true,,wiktionary,3755,lexicon,хэкӏодэн,to disappear in ; to get lost in ; to perish,verb,хэкӏодэн,accepted
wiktionary-03756,train,true,,wiktionary,3756,lexicon,хэкӏодэхьын,to get lost (in an area),verb,хэкӏодэхьын,accepted
wiktionary-03757,train,true,,wiktionary,3757,lexicon,хэкӏон,to shove,verb,хэкӏон,accepted
wiktionary-03758,test,true,,wiktionary,3758,lexicon,хэкӏотагъ,"became late, became old",verb,хэкӏотагъ,accepted
wiktionary-03759,train,true,,wiktionary,3759,lexicon,хэкӏутэн,to spill something inside a liquid,verb,хэкӏутэн,accepted
wiktionary-03760,test,true,,wiktionary,3760,lexicon,хэкӏы,"debris, rubbish, trash, garbage",noun,хэкӏы,accepted
wiktionary-03761,train,true,,wiktionary,3761,lexicon,хэкӏын,"to get through, to go through ; to get out within a mass (liquid, gas or solid) ; to leave a group, to come out from a group. ; to emerge ; to get decreased",verb,хэкӏын | хэкӏьын,accepted
wiktionary-03762,train,true,,wiktionary,3762,lexicon,хэкӏэн,to pour (liquid) into,verb,хэкӏэн | хэкӏьэн,accepted
wiktionary-03763,train,true,,wiktionary,3763,lexicon,хэлъхьан,"to plant ; to lie/put somewhere within a mass (gas, solid or liquid) ; to lie/put somewhere among other objects or people ; to be situated ; to be screwed; to beset with unfortunate circumstances that seem difficult or impossible to overcome",verb,хэлъхьан,accepted
wiktionary-03764,train,true,,wiktionary,3764,lexicon,хэлъын,"to lie somewhere within a mass (gas, solid or liquid) ; to be situated",verb,хэлъын,accepted
wiktionary-03765,test,true,,wiktionary,3765,lexicon,хэлъэшъон,to drag something into a crowd ; to drag or pull something into an area of mass (usually liquid),verb,хэлъэшъон,accepted
wiktionary-03766,train,true,,wiktionary,3766,lexicon,хэнэжьын,"to quit doing something, to get out of the habit (of), to break oneself of the habit (of)",verb,хэнэжьын,accepted
wiktionary-03767,train,true,,wiktionary,3767,lexicon,хэнэн,"to become stuck (trapped and unable to move) ; to become stuck (unable to progress) ; to stay, remain (should have the prefix къы- /qə-/)",verb,хэнэн,accepted
wiktionary-03768,train,true,,wiktionary,3768,lexicon,хэон,to hit someone's face,verb,хэон,accepted
wiktionary-03769,test,true,,wiktionary,3769,lexicon,хэпкӏьэн,to spill a liquid onto another liquid.,verb,хэпкӏьэн,accepted
wiktionary-03770,train,true,,wiktionary,3770,lexicon,хэпкӏэн,to spill a liquid to another liquid. ; to count (to be included),verb,хэпкӏэн,accepted
wiktionary-03771,train,true,,wiktionary,3771,lexicon,хэплъын,to look through,verb,хэплъын,accepted
wiktionary-03772,train,true,,wiktionary,3772,lexicon,хэплъэн,to look (among them),verb,хэплъэн,accepted
wiktionary-03773,validation,true,,wiktionary,3773,lexicon,хэпыджэн,to stab someone or something,verb,хэпыджэн | хэпыгьэн,accepted
wiktionary-03774,validation,true,,wiktionary,3774,lexicon,хэпэзэн,"to doze off, to get drowsy",verb,хэпэзэн,accepted
wiktionary-03775,train,true,,wiktionary,3775,lexicon,хэстыхьан,to be burned inside an area with mass ; to be burned in fire,verb,хэстыхьан,accepted
wiktionary-03776,test,true,,wiktionary,3776,lexicon,хэсэн,"to thrust into, to plunge into, to stick into ; to place something into forcefully",verb,хэсэн,accepted
wiktionary-03777,excluded_benchmark_overlap,false,exact_normalized_input_target_or_variant_overlap_with_benchmark,wiktionary,3777,lexicon,хэт,who,adv,хэт,accepted
wiktionary-03778,train,true,,wiktionary,3778,lexicon,хэти,"anybody, everyone",adv,хэти,accepted
wiktionary-03779,train,true,,wiktionary,3779,lexicon,хэтэрыкӏ,vegetable,noun,хэтэрыкӏ | хэтэрыкӏэ | хэтэрыкӏыу | хэтэрыкӏэм | хэтэрыкӏэхэкӏэ | хэтэрыкӏэхэр | хэтэрыкӏэкӏэ | хэтэрыкӏэр | хэтэрыкӏэхэм | хэтэрыкӏэхыу | хэтэрыкӏэхэ | хэтэрыкӏэхэмэ,accepted
wiktionary-03780,train,true,,wiktionary,3780,lexicon,хэузыкӏын,to feel pain or to ache (In general),verb,хэузыкӏын | хэузыкӏьын,accepted
wiktionary-03781,train,true,,wiktionary,3781,lexicon,хэукъон,to make mistake,verb,хэукъон,accepted
wiktionary-03782,train,true,,wiktionary,3782,lexicon,хэукӏэхьэн,"to die (among other people) (For example in a car accident, war, etc).",verb,хэукӏэхьэн,accepted
wiktionary-03783,train,true,,wiktionary,3783,lexicon,хэупцӏэн,"to throw an object against something forcefully ; to stain forcefully, to make a mark on a surface or a piece of clothing forcefully",verb,хэупцӏэн | хэупсӏэн,accepted
wiktionary-03784,validation,true,,wiktionary,3784,lexicon,хэутын,to install,verb,хэутын,accepted
wiktionary-03785,train,true,,wiktionary,3785,lexicon,хэуцон,to step on liquid,verb,хэуцон,accepted
wiktionary-03786,train,true,,wiktionary,3786,lexicon,хэуӏэн,to incise,verb,хэуӏэн | хэуӏэнэхэр | хэуӏэнэхэм | хэуӏэнэм | хэуӏэнэкӏэ | хэуӏэнэхэмэ | хэуӏэнэхэкӏэ | хэуӏэнэхыу | хэуӏэнэхэ | хэуӏэнэр | хэуӏэныу | хэуӏэнэ,accepted
wiktionary-03787,train,true,,wiktionary,3787,lexicon,хэхъон,to increase (intransitive),verb,хэхъон,accepted
wiktionary-03788,train,true,,wiktionary,3788,lexicon,хэхын,"to take something/someone from among others ; to choose, to pick, to select",verb,хэхын | хихын,accepted
wiktionary-03789,excluded_benchmark_overlap,false,exact_normalized_input_target_or_variant_overlap_with_benchmark,wiktionary,3789,lexicon,хэхьан,"to join (a group, an organization or a company of people) ; to go into / enter an area of mass (liquid, solid or gas), to go through",verb,хэхьан | жэхэхьан | зэбгырыхьан | пыхьан | кӏоцӏы | шъхьапырыхьан | ӏу | шъхьадэхьан | кӏоцӏыхьан | лъы | и | кӏэлъыры | пэхьан | бгъодэ | техьан | кӏэлъырыхьан | бгъодэхьан | шъхьадэ | хэ | зэбгыры | те | ӏухьан | чӏэ | дэ | гохьан | къохьан | го | шъхьапыры | пы | зэкӏэ | чӏэхьан | жэхэ | жэдэ | ихьан | жэдэхьан | лъыхьан | къо | джыхэхьэн | дэхьан | зэкӏэхьан,accepted
wiktionary-03790,train,true,,wiktionary,3790,lexicon,хэшъон,"to drink directly from a container (such as a bottle or gallon), rather than from a glass",verb,хэшъон,accepted
wiktionary-03791,train,true,,wiktionary,3791,lexicon,хэшӏагъ,related (Standing in relation or connection),adj,хэшӏагъ,accepted
wiktionary-03792,train,true,,wiktionary,3792,lexicon,хэшӏыкӏын,"to have knowledge about some technical stuff or subject, to have an understanding about a certain subject ; to feel",verb,хэшӏыкӏын | хэшӏыкӏьын,accepted
wiktionary-03793,validation,true,,wiktionary,3793,lexicon,хэшӏэн,to relate someone/something to,adj,хэшӏэн,accepted
wiktionary-03794,train,true,,wiktionary,3794,lexicon,хэщтыхьын,to be totally frozen,verb,хэщтыхьын,accepted
wiktionary-03795,train,true,,wiktionary,3795,lexicon,хэщын,"to pull someone from, to take someone out of, to drag someone out of ; to exempt someone from ; to stick out (to be noticeable, to be prominent) ; to start having a certain habit",verb,хэщын | хэщыжьын,accepted
wiktionary-03796,train,true,,wiktionary,3796,lexicon,хэщэн,to take someone to ; to drag someone into,verb,хэщэн,accepted
wiktionary-03797,train,true,,wiktionary,3797,lexicon,хэӏалъ,scoop,noun,хэӏалъ,accepted
wiktionary-03798,train,true,,wiktionary,3798,lexicon,хэӏон,to pierce,verb,хэӏон,accepted
wiktionary-03799,train,true,,wiktionary,3799,lexicon,хэӏуагъ,famous,adj,хэӏуагъ,accepted
wiktionary-03800,train,true,,wiktionary,3800,lexicon,хэӏун,"to prick, to sting",verb,хэӏун,accepted
wiktionary-03801,validation,true,,wiktionary,3801,lexicon,хэӏэбэн,"to put one self's hands into, to touch deeply",verb,хэӏэбэн,accepted
wiktionary-03802,train,true,,wiktionary,3802,lexicon,хэӏэжьын,to break the fast,verb,хэӏэжьын,accepted
wiktionary-03803,excluded_benchmark_overlap,false,exact_normalized_input_target_or_variant_overlap_with_benchmark,wiktionary,3803,lexicon,цагэ,rib,noun,цагэ | цагэхэмэ | цагэхэм | цагэм | цагэу | цагэхэр | цагэр | цагэхэ | цагэхыу | цагэхэкӏэ | цагэкӏэ,accepted
wiktionary-03804,excluded_benchmark_overlap,false,exact_normalized_input_target_or_variant_overlap_with_benchmark,wiktionary,3804,lexicon,цадльэ,rib,noun,цадльэ | цадльэхэр | цадльэр | цадльэхэмэ | цадльэм | цадльэхэ | цадльэхыу | цадльэкӏэ | цадльэхэм | цадльэу | цадльэхэкӏэ,accepted
wiktionary-03805,train,true,,wiktionary,3805,lexicon,цако,"toothless ; insipid ; dull, blunt",adj,цако,accepted
wiktionary-03806,train,true,,wiktionary,3806,lexicon,цакӏэ,edge,noun,цакӏэ | цакӏьэ,accepted
wiktionary-03807,validation,true,,wiktionary,3807,lexicon,цау,expression of a hit/strike sound,intj,цау,accepted
wiktionary-03808,validation,true,,wiktionary,3808,lexicon,цацэ,fork,noun,цацэ | цацэхэмэ | цацэр | цацэкӏэ | цацэхэкӏэ | цацэм | цацэхэм | цацэхэр | цацэу | цацэхэ | цацэхыу,accepted
wiktionary-03809,train,true,,wiktionary,3809,lexicon,цокъэкӏыхь,boots,noun,цокъэкӏыхь | цуэкъокӏэхьэхэкӏэ | цокъэкӏыхьэм | цокъэкӏыхьэр | цокъэкӏыхьыу | цуэкъокӏэхь | цуэкъокӏэхьэхэр | цокъэкӏыхьэ | цокъэкӏыхьэхэкӏэ | цуэкъокӏэхьэхыу | цуэкъокӏэхьэкӏэ | цуэкъокӏэхьыу | цокъэкӏыхьэкӏэ | цуэкъокӏэхьэхэм | цокъэкӏыхьэхэмэ | цокъэкӏыхьэхыу | цуэкъокӏэхьэм | цокъэкӏыхьэхэр | цуэкъокӏэхьэхэмэ | цокъэкӏыхьэхэ | цуэкъокӏэхьэр | цуэкъокӏэхьэ | цуэкъокӏэхьэхэ | цокъэкӏыхьэхэм,accepted
wiktionary-03810,train,true,,wiktionary,3810,lexicon,цохъон,"to slip/slide (on a surface that have a fraction like dirt, mud, wooden table and etc.) (Usually objects)",verb,цохъон | мэцохъон | чъохъон,accepted
wiktionary-03811,excluded_benchmark_overlap,false,exact_normalized_input_target_or_variant_overlap_with_benchmark,wiktionary,3811,lexicon,цу,ox ; bull (Animal) ; buffalo,noun,цу | цуэр | цуэкӏэ | цуэм | цуэхэмэ | цуэхэм | чъухыу | чъуэхэ | цуэ | цуэхэ | чъуэм | чъуэ | чъуэр | цуэхэкӏэ | чъуэхэкӏэ | цухыу | чъу | чъуэхэр | чъуэхэм | чъуэкӏэ | чъуыу | цуыу | чъуэхэмэ | цуэхэр,accepted
wiktionary-03812,train,true,,wiktionary,3812,lexicon,цуабзэ,ploughshare ; share,noun,цуабзэ | цуабзэхэм | цуабзэкӏэ | цуабзэхэ | цуабзэхэмэ | цуабзэр | цуабзэм | цуабзэхыу | цуабзэхэкӏэ | цуабзэу | цуабзэхэр,accepted
wiktionary-03813,train,true,,wiktionary,3813,lexicon,цуакъэ,shoes ; footwear,noun,цуакъэ | цуакъэхэкӏэ | чъуакъохэр | цуакъокӏэ | чъуакъохэ | цуакъэр | цуакъохэкӏэ | цуакъоу | цуакъом | цуакъэм | чъуакъохэм | цуакъэу | цуакъохэр | чъуакъор | чъуакъоу | чъуакъом | чъуакъохыу | цуакъэкӏэ | цуакъохыу | цуакъор | цуакъохэм | цуакъэхыу | цуакъохэ | чъуакъохэкӏэ | чъуакъо | чъуакъокӏэ | цуакъохэмэ | цуакъэхэм | цуакъэхэ | чъуакъохэмэ | цуакъо | цуакъэхэмэ | цуакъэхэр,accepted
wiktionary-03814,train,true,,wiktionary,3814,lexicon,цугу,tomato,noun,цугу | цугуэ | цугуэм | цугуыу | цугуэкӏэ | цугуэхэр | цугуэхэмэ | цугуэр | цугуэхэкӏэ | цугуэхэм | цугуэхэ | цугухыу,accepted
wiktionary-03815,train,true,,wiktionary,3815,lexicon,цужъ,huge ox,noun,цужъ | чъужъэхэм | цужъэр | цужъэхэм | чъужъэм | чъужъэр | чъужъэкӏэ | цужъэкӏэ | цужъэхэкӏэ | чъужъэхэ | чъужъэ | чъужъэхэр | цужъыу | цужъэхэр | цужъэм | цужъэхэмэ | чъужъыу | чъужъэхыу | цужъэхэ | чъужъэхэмэ | чъужъэхэкӏэ | цужъэ | цужъэхыу | чъужъ,accepted
wiktionary-03816,validation,true,,wiktionary,3816,lexicon,цуманэ,"(vulgar) idiot, dumb fuck ; (literally, vulgar) dick of an ox",adj,цуманэ | чъуманэхэм | чъуманэкӏэ | чъуманэхэр | цуманэм | цуманэр | цуманэхэ | чъуманэр | чъуманэм | чъуман | цуманэхэмэ | цуманэхэм | цуманэхыу | чъуманэхэкӏэ | чъуманэхыу | чъуманыу | цуманэхэкӏэ | цуманэу | чъуманэхэ | чъуманэ | цуманэкӏэ | цуманэхэр | чъуманэхэмэ,accepted
wiktionary-03817,train,true,,wiktionary,3817,lexicon,цумпэ,wild strawberry ; strawberry,noun,цумпэ | цумпэхэмэ | цумпэхэм | цумпэхэкӏэ | цумпэр | цумпэхыу | цумпэм | цумпэхэ | цумпэкӏэ | цумпэу | цумпэхэр,accepted
wiktionary-03818,train,true,,wiktionary,3818,lexicon,цумпэӏэрыс,strawberry,noun,цумпэӏэрыс | цумпэӏэрысхэ | цумпэӏэрысхэм | цумпэӏэрысм | цумпэӏэрысхэмэ | цумпэӏэрысхэкӏэ | цумпэӏэрыср | цумпэӏэрысхыу | цумпэӏэрыскӏэ | цумпэӏэрысхэр | цумпэӏэрысу,accepted
wiktionary-03819,train,true,,wiktionary,3819,lexicon,цунды,raven ; crow,noun,цунды | цундыхэм | цундыкӏэ | цундыхэмэ | цундыхэкӏэ | цундым | цундыхыу | цундыу | цундыхэр | цундыр,accepted
wiktionary-03820,train,true,,wiktionary,3820,lexicon,цунтхъэн,"to tear apart/asunder, to tear up",verb,цунтхъэн,accepted
wiktionary-03821,train,true,,wiktionary,3821,lexicon,цуӏ,buttons (clothes and pants),noun,цуӏ | цуӏэм | цуӏэкӏэ | цуӏэхэмэ | цуӏэхэм | цуӏэхэкӏэ | цуӏэхэр | цуӏэ | цуӏэр | цуӏэхэ | цуӏэхыу | цуӏыу,accepted
wiktionary-03822,train,true,,wiktionary,3822,lexicon,цы,hair (Usually of animal or human's body) ; wool,noun,цы | цым | цыу | цыхэкӏэ | цыр | цыкӏэ | цыхэм | цыхэмэ | цыхэр | цыхыу,accepted
wiktionary-03823,excluded_benchmark_overlap,false,exact_normalized_input_target_or_variant_overlap_with_benchmark,wiktionary,3823,lexicon,цыгъо,mouse,noun,цыгъо | цыгъоу | цыгъор | цыгъохэмэ | цыгъом | цыгъохыу | цыгъохэр | цыгъохэкӏэ | цыгъокӏэ | цыгъохэ | цыгъохэм,accepted
wiktionary-03824,train,true,,wiktionary,3824,lexicon,цыгъон,to bite (small bite),verb,цыгъон | ецыгъон | мэцыгъон,accepted
wiktionary-03825,train,true,,wiktionary,3825,lexicon,цыджанэ,sweater,noun,цыджанэ | цыгьанэр | цыгьанэм | цыджанэр | цыгьаныу | цыджанэхэ | цыджанэм | цыгьан | цыгьанэкӏэ | цыгьанэхэкӏэ | цыджанэхэм | цыгьанэхэм | цыджанэхэмэ | цыджанэкӏэ | цыгьанэхэмэ | цыджанэу | цыгьанэхыу | цыджанэхэкӏэ | цыджанэхыу | цыгьанэхэ | цыгьанэхэр | цыгьанэ | цыджанэхэр,accepted
wiktionary-03826,train,true,,wiktionary,3826,lexicon,цые,"Circassian male traditional clothes, Chokha",noun,цые | цыем | цыехэкӏэ | цыехэмэ | цыекӏэ | цыехэр | цыехэм | цыехыу | цыеу | цыехэ | цыер,accepted
wiktionary-03827,test,true,,wiktionary,3827,lexicon,цыз,squirrel,noun,цыз | цызэ | цызэу | цызэкӏэ | цызэхыу | цызэхэр | цызэхэ | цызэхэмэ | цызэхэкӏэ | цызэм | цызэхэм | цызэр | цызыу,accepted
wiktionary-03828,train,true,,wiktionary,3828,lexicon,цызэ,squirrel ; marten,noun,цызэ | цызэу | цызэкӏэ | цызэхыу | цызэхэр | цызэхэ | цызэхэмэ | цызэхэкӏэ | цызэм | цызэхэм | цызэр,accepted
wiktionary-03829,train,true,,wiktionary,3829,lexicon,цыпкъэ,chisel,noun,цыпкъэ | цыпкъээхэ | цыпкъээр | цыпкъээхэмэ | цыпкъээм | цыпкъээхэр | цыпкъээхэм | цыпкъээхыу | цыпкъэыу | цыпкъээхэкӏэ | цыпкъээкӏэ | цыпкъээ,accepted
wiktionary-03830,train,true,,wiktionary,3830,lexicon,цыпэ,"tip (the extreme end of something, especially when pointed; e.g. the sharp end of a pencil)",noun,цыпэ | цыпэкӏэ | цыпэхэмэ | цыпэхэм | цыпэм | цыпэу | цыпэр | цыпэхэкӏэ | цыпэхыу | цыпэхэр | цыпэхэ,accepted
wiktionary-03831,train,true,,wiktionary,3831,lexicon,цыулэ,(childish) penis,noun,цыулэ | цыулэхэкӏэ | цыулэхэмэ | цыулэхэр | цыулэу | цыулэм | цыулэхэ | цыулэхэм | цыулэхыу | цыулэр | цыулэкӏэ,accepted
wiktionary-03832,train,true,,wiktionary,3832,lexicon,цыхьэ,trust,noun,цыхьэ | цыхьэхэ | цыхьэкӏэ | цыхьэхэм | цыхьэу | цыхьэхэкӏэ | цыхьэхыу | цыхьэм | цыхьэр | цыхьэхэмэ | цыхьэхэр,accepted
wiktionary-03833,train,true,,wiktionary,3833,lexicon,цыхьэ мышӏын,to distrust,verb,цыхьэ мышӏын,accepted
wiktionary-03834,train,true,,wiktionary,3834,lexicon,цыхьэ фэшӏын,to trust someone,verb,цыхьэ фэшӏын,accepted
wiktionary-03835,train,true,,wiktionary,3835,lexicon,цыхьэ шӏын,to trust,verb,цыхьэ шӏын | цэхь тэлъхьэн | цэхь Фэшӏын,accepted
wiktionary-03836,train,true,,wiktionary,3836,lexicon,цыхьэмышӏ,"distrustful, incredulous, mistrustful, suspicious",adj,цыхьэмышӏ,accepted
wiktionary-03837,excluded_benchmark_overlap,false,exact_normalized_input_target_or_variant_overlap_with_benchmark,wiktionary,3837,lexicon,цэ,tooth,noun,цэ | цэу | цэхэмэ | цэхэкӏэ | цэхэм | цэм | цэхэ | цэхэр | цэр | цэхыу | цэкӏэ,accepted
wiktionary-03838,train,true,,wiktionary,3838,lexicon,цэкъэн,to bite,verb,цэкъэн,accepted
wiktionary-03839,validation,true,,wiktionary,3839,lexicon,цэлъэкӏ,toothbrush,noun,цэлъэкӏ | цэлъэкӏэкӏэ | цэлъэкӏалъэхэкӏэ | цэлъэкӏэм | цэлъэкӏалъэкӏэ | цэлъэкӏалъэм | цэлъэкӏалъэу | цэлъэкӏэхыу | цэлъэкӏэхэкӏэ | цэлъэкӏалъэхыу | цэлъэкӏалъэ | цэлъэкӏалъэхэр | цэлъэкӏэхэм | цэлъэкӏалъэр | цэлъэкӏэхэр | цэлъэкӏэ | цэлъэкӏыу | цэлъэкӏалъэхэм | цэлъэкӏэхэмэ | цэлъэкӏэхэ | цэлъэкӏалъэхэ | цэлъэкӏалъэхэмэ | цэлъэкӏэр,accepted
wiktionary-03840,train,true,,wiktionary,3840,lexicon,цэлы,gum (The flesh round the teeth.),noun,цэлы | цэлым | цэлыхэкӏэ | цэлыхыу | цэлыхэр | цэлыр | цэлыхэмэ | цэлыхэм | цэлыу | цэлыкӏэ,accepted
wiktionary-03841,excluded_benchmark_overlap,false,exact_normalized_input_target_or_variant_overlap_with_benchmark,wiktionary,3841,lexicon,цэф,tin,noun,цэф,accepted
wiktionary-03842,train,true,,wiktionary,3842,lexicon,цэхь,trust,noun,цэхь | цэхьэм | цэхьэкӏэ | цэхьэхэм | цэхьэхэкӏэ | цэхьэхыу | цэхьэхэмэ | цэхьэ | цэхьэхэ | цэхьыу | цэхьэхэр | цэхьэр,accepted
wiktionary-03843,train,true,,wiktionary,3843,lexicon,цӀуцӀэ,black ; black,adj | noun,цӀуцӀэ | цӀуцӀэр | цӀуцӀэм | цӀуцӀэхэм | цӀуцӀэхэмэ | цӀуцӀэхэр | цӀуцӀэхыу | цӀуцӀэхэ | цӀуцӀэкӏэ | цӀуцӀэхэкӏэ | цӀуцӀэу,accepted
wiktionary-03844,excluded_benchmark_overlap,false,exact_normalized_input_target_or_variant_overlap_with_benchmark,wiktionary,3844,lexicon,цӏакӏэ,nit,noun,цӏакӏэ,accepted
wiktionary-03845,train,true,,wiktionary,3845,lexicon,цӏапӏэ,"(slang) awesome, nice ; mean, cruel ; evil ; awful (Usually said to kids)",adj,цӏапӏэ | пцӏапӏэ,accepted
wiktionary-03846,test,true,,wiktionary,3846,lexicon,цӏашъутэ,"slippery, low-friction surface ; smooth, flat ; (slang) hairless ; (slang) beardless and moustacheless",adj,цӏашъутэ,accepted
wiktionary-03847,train,true,,wiktionary,3847,lexicon,цӏуэи,dirty ; crud,adj,цӏуэи,accepted
wiktionary-03848,excluded_benchmark_overlap,false,exact_normalized_input_target_or_variant_overlap_with_benchmark,wiktionary,3848,lexicon,цӏы,"(vulgar) crap, shit",noun,цӏы,accepted
wiktionary-03849,excluded_benchmark_overlap,false,exact_normalized_input_target_or_variant_overlap_with_benchmark,wiktionary,3849,lexicon,цӏыкӏу,little,adj,цӏыкӏу,accepted
wiktionary-03850,train,true,,wiktionary,3850,lexicon,цӏыкӏужъый,"tiny, wee",adj,цӏыкӏужъый,accepted
wiktionary-03851,train,true,,wiktionary,3851,lexicon,цӏыкӏуинтӏэ,very little,adj,цӏыкӏуинтӏэ,accepted
wiktionary-03852,train,true,,wiktionary,3852,lexicon,цӏыкӏунау,very little,adj,цӏыкӏунау,accepted
wiktionary-03853,train,true,,wiktionary,3853,lexicon,цӏын,"(vulgar) to take a shit,",verb,цӏын | къэцӏын | къэсӏын | мэсӏын | сӏын | мэцӏын,accepted
wiktionary-03854,train,true,,wiktionary,3854,lexicon,цӏынэ,wet,adj,цӏынэ,accepted
wiktionary-03855,train,true,,wiktionary,3855,lexicon,цӏыотэн,to shine rapidly,verb,цӏыотэн,accepted
wiktionary-03856,train,true,,wiktionary,3856,lexicon,цӏыун,"to shine, to glitter, to sparkle, to flash",verb,цӏыун | цӏыон | къэцӏыон | мэцӏыон,accepted
wiktionary-03857,train,true,,wiktionary,3857,lexicon,цӏыфхэ,people,noun,цӏыфхэ | цӏыфхэм | цӏыфхэхэ | цӏыфхэкӏэ | цӏыфхэхэмэ | цӏыфхэхыу | цӏыфхэхэр | цӏыфхэхэкӏэ | цӏыфхэу | цӏыфхэр | цӏыфхэхэм,accepted
wiktionary-03858,excluded_benchmark_overlap,false,exact_normalized_input_target_or_variant_overlap_with_benchmark,wiktionary,3858,lexicon,цӏыфы,"person, human",noun,цӏыфы | цӏыфыкӏэ | цӏыфыу | цӏыфыхэкӏэ | цӏыфыхыу | цӏыфыр | цӏыфым | цӏыфыхэм | цӏыфыхэр | цӏыфыхэмэ,accepted
wiktionary-03859,train,true,,wiktionary,3859,lexicon,цӏыфыбз,woman,noun,цӏыфыбз,accepted
wiktionary-03860,train,true,,wiktionary,3860,lexicon,цӏыфыгъэ,morality,noun,цӏыфыгъэ | цӏыфыгъэм | цӏыфыгъэхэмэ | цӏыфыгъэкӏэ | цӏыфыгъэхэр | цӏыфыгъэхэ | цӏыфыгъэхэкӏэ | цӏыфыгъэхэм | цӏыфыгъэхыу | цӏыфыгъэр | цӏыфыгъэу,accepted
wiktionary-03861,excluded_benchmark_overlap,false,exact_normalized_input_target_or_variant_overlap_with_benchmark,wiktionary,3861,lexicon,цӏыфыхъу,man,noun,цӏыфыхъу,accepted
wiktionary-03862,train,true,,wiktionary,3862,lexicon,цӏыфышъхьэ,individual,noun,цӏыфышъхьэ,accepted
wiktionary-03863,train,true,,wiktionary,3863,lexicon,цӏыцӏын,"to crumple ; to compress something, to press forcefully something against a solid thing",verb,цӏыцӏын | мэцӏыцӏын,accepted
wiktionary-03864,train,true,,wiktionary,3864,lexicon,цӏыӏргъ,snail,noun,цӏыӏргъ | цӏыӏргъэм | цӏыӏргъэхэ | цӏыӏргъэхыу | цӏыӏргъыу | цӏыӏргъэхэм | цӏыӏргъэкӏэ | цӏыӏргъэр | цӏыӏргъэхэкӏэ | цӏыӏргъэ | цӏыӏргъэхэр | цӏыӏргъэхэмэ,accepted
wiktionary-03865,excluded_benchmark_overlap,false,exact_normalized_input_target_or_variant_overlap_with_benchmark,wiktionary,3865,lexicon,цӏэ,name,noun,цӏэ | цӏэхэм | цӏэхыу | сӏэхэ | сӏэр | цӏэм | сӏэхэр | сӏэ | сӏэм | цӏэхэкӏэ | цӏэхэмэ | сӏэкӏэ | сӏэхэм | цӏэр | цӏэу | сӏэу | цӏэхэ | цӏэкӏэ | сӏэхэмэ | цӏэхэр | сӏэхыу | сӏэхэкӏэ,accepted
wiktionary-03866,train,true,,wiktionary,3866,lexicon,цӏэжьын,(vulgar) to get wasted from alcohol ; (vulgar) to shit,verb,цӏэжьын | ыцӏэжьын,accepted
wiktionary-03867,train,true,,wiktionary,3867,lexicon,цӏэлэн,"to soil, to dirty, to stain",verb,цӏэлэн,accepted
wiktionary-03868,train,true,,wiktionary,3868,lexicon,цӏэнлъэн,to crawl ; to walk dragging oneself,verb,цӏэнлъэн | цӏэлъэн | мэцӏэлъэн,accepted
wiktionary-03869,validation,true,,wiktionary,3869,lexicon,цӏэпапкӏ,pronoun,noun,цӏэпапкӏ,accepted
wiktionary-03870,train,true,,wiktionary,3870,lexicon,цӏэпӏэжъ,"very mean, very cruel, evil, villain, vile ; very naughty (Usually said to kids)",adj,цӏэпӏэжъ,accepted
wiktionary-03871,test,true,,wiktionary,3871,lexicon,цӏэрыӏу,famous,adj,цӏэрыӏу,accepted
wiktionary-03872,train,true,,wiktionary,3872,lexicon,цӏэтхъун,to scratch,verb,цӏэтхъун | цӏэтхъын | ецӏэтхъун,accepted
wiktionary-03873,train,true,,wiktionary,3873,lexicon,цӏэтхын,to sneeze,verb,цӏэтхын | мэцӏэтхын | къэцӏэтхын,accepted
wiktionary-03874,train,true,,wiktionary,3874,lexicon,цӏэцӏэн,to yell,verb,цӏэцӏэн | мэцӏэцӏэн | мэсӏэсӏэн | сӏэсӏэн,accepted
wiktionary-03875,validation,true,,wiktionary,3875,lexicon,цӏэшъутэн,"to slip (on flat slippery surface with low friction like wet floor, wet road, slide and etc.) ; to slip-up ; to loss the right way, to do the wrong things",verb,цӏэшъутэн | мэцӏэшъутэн,accepted
wiktionary-03876,test,true,,wiktionary,3876,lexicon,чабэ,Kaaba,noun,чабэ,accepted
wiktionary-03877,train,true,,wiktionary,3877,lexicon,чан,sharp (Able to cut easily) ; sharp (Intelligent) ; fellow,adj | noun,чан,accepted
wiktionary-03878,train,true,,wiktionary,3878,lexicon,чап,slope ; side (various senses),noun,чап | чапэхэкӏэ | чапэхэр | чапэр | чапэм | чапэхэм | чапэхэмэ | чапэхыу | чапэ | чапыу | чапэкӏэ | чапэхэ,accepted
wiktionary-03879,train,true,,wiktionary,3879,lexicon,чатэ,sword,noun,чатэ | чатэр | чатэхэр | чатэхыу | чатэхэм | чатэкӏэ | чатэм | чатэхэкӏэ | чатэу | чатэхэмэ | чатэхэ,accepted
wiktionary-03880,train,true,,wiktionary,3880,lexicon,чхыӏан,blanket,noun,чхыӏан | чъыӏыхэн,accepted
wiktionary-03881,train,true,,wiktionary,3881,lexicon,чъыгай,oak (tree),noun,чъыгай | чъыгайэхэ | чъыгайэ | чъыгайэм | чъыгайэхэм | чъыгайыу | чъыгайэхэр | чъыгайэр | чъыгайэкӏэ | чъыгайэхэкӏэ | чъыгайэхэмэ | чъыгайэхыу,accepted
wiktionary-03882,train,true,,wiktionary,3882,lexicon,чъыглэныстэ,secateurs,noun,чъыглэныстэ | чъыглэныстэхэм | чъыглэныстэхыу | чъыглэныстэхэкӏэ | чъыглэныстэхэ | чъыглэныстэм | чъыглэныстэр | чъыглэныстэу | чъыглэныстэхэмэ | чъыглэныстэхэр | чъыглэныстэкӏэ,accepted
wiktionary-03883,train,true,,wiktionary,3883,lexicon,чъыгхатэ,garden (Usually one with tress and plants),noun,чъыгхатэ | чъыгхатэхыу | чъыгхатэхэм | чъыгхатэхэмэ | чъыгхатэхэр | чъыгхатэкӏэ | чъыгхатэм | чъыгхатэхэкӏэ | чъыгхатэу | чъыгхатэхэ | чъыгхатэр,accepted
wiktionary-03884,train,true,,wiktionary,3884,lexicon,чъыгшъхьацыз,squirrel,noun,чъыгшъхьацыз,accepted
wiktionary-03885,excluded_benchmark_overlap,false,exact_normalized_input_target_or_variant_overlap_with_benchmark,wiktionary,3885,lexicon,чъыгы,tree,noun,чъыгы | чъыгэр | чъыгэм | чъыгыхэм | чъыгэхыу | чъыгыхэмэ | чъыгэхэ | чъыгэхэкӏэ | чъыг | чъыгэхэр | чъыгыкӏэ | чъыгыхэр | чъыгыхыу | чъыгэхэм | чъыгым | чъыгыхэкӏэ | чъыгыр | чъыгыу | чъыгэхэмэ | чъыгэ | чъыгэкӏэ,accepted
wiktionary-03886,excluded_review_required,false,missing_target_text,wiktionary,3886,lexicon,чъыгы шъуампӏ,,,чъыгы шъуампӏ | чъыгы шъуампӏхэкӏэ | чъыгы шъуампӏхэм | чъыгы шъуампӏкӏэ | чъыгы шъуампӏу | чъыгы шъуампӏм | чъыгы шъуампӏхэ | чъыгы шъуампӏхыу | чъыгы шъуампӏхэмэ | чъыгы шъуампӏхэр | чъыгы шъуампӏр,review_required
wiktionary-03887,train,true,,wiktionary,3887,lexicon,чъыгыпкъы,"tree trunk, treetrunk",noun,чъыгыпкъы | чъыгыпкъыэм | чъыгыпкъыэхэмэ | чъыгыпкъыэхэм | чъыгыпкъыэр | чъыгыпкъыыу | чъыгыпкъыхыу | чъыгыпкъыэ | чъыгыпкъыэхэ | чъыгыпкъыэхэкӏэ | чъыгыпкъыэхэр | чъыгыпкъыэкӏэ,accepted
wiktionary-03888,validation,true,,wiktionary,3888,lexicon,чъыгышъхьэцыз,squirrel,noun,чъыгышъхьэцыз | чъыгышъхьэцызэхэр | чъыгышъхьэцызыу | чъыгышъхьэцызэхэ | чъыгышъхьэцызэхэкӏэ | чъыгышъхьэцызэхыу | чъыгышъхьэцызэм | чъыгышъхьэцызэр | чъыгышъхьэцызэхэмэ | чъыгышъхьэцызэхэм | чъыгышъхьэцызэ | чъыгышъхьэцызэкӏэ,accepted
wiktionary-03889,validation,true,,wiktionary,3889,lexicon,чъые,sleep,noun,чъые,accepted
wiktionary-03890,train,true,,wiktionary,3890,lexicon,чъыен,to sleep,verb,чъыен | мэчъыен,accepted
wiktionary-03891,train,true,,wiktionary,3891,lexicon,чъыетхъун,to snore,verb,чъыетхъун | мэчъыетхъун,accepted
wiktionary-03892,validation,true,,wiktionary,3892,lexicon,чъын,to harden ; to freeze,verb,чъын,accepted
wiktionary-03893,train,true,,wiktionary,3893,lexicon,чъыяпӏэ,bedroom,noun,чъыяпӏэ | чъыяпӏэр | чъыяпӏэхэкӏэ | чъыяпӏэу | чъыяпӏэм | чъыяпӏэхэм | чъыяпӏэхэ | чъыяпӏэхэр | чъыяпӏэкӏэ | чъыяпӏэхэмэ | чъыяпӏэхыу,accepted
wiktionary-03894,train,true,,wiktionary,3894,lexicon,чъыӏалӏэ,cold (fever),noun,чъыӏалӏэ,accepted
wiktionary-03895,validation,true,,wiktionary,3895,lexicon,чъыӏаӏо,very cold,adj,чъыӏаӏо,accepted
wiktionary-03896,train,true,,wiktionary,3896,lexicon,чъыӏэ,cold,noun,чъыӏэ | чъыӏэкӏэ | чъыӏэр | чъыӏэу | чъыӏэхыу | чъыӏэхэм | чъыӏэм | чъыӏэхэ | чъыӏэхэмэ | чъыӏэхэкӏэ | чъыӏэхэр,accepted
wiktionary-03897,train,true,,wiktionary,3897,lexicon,чъыӏэ лӏэн,"to be cold, to freeze from cold",verb,чъыӏэ лӏэн,accepted
wiktionary-03898,train,true,,wiktionary,3898,lexicon,чъэкӏыгъэ,"to grow pale, to turn white",verb,чъэкӏыгъэ,accepted
wiktionary-03899,train,true,,wiktionary,3899,lexicon,чъэн,to run,verb,чъэн | чӏэн | мэчъэн,accepted
wiktionary-03900,train,true,,wiktionary,3900,lexicon,чъэныр,race,noun,чъэныр,accepted
wiktionary-03901,train,true,,wiktionary,3901,lexicon,чъэпыогъумаз,October,noun,чъэпыогъумаз | чъэпыогъумазыу | чъэпыогъумазэм | чъэпыогъумазэкӏэ | чъэпыогъумазэхэмэ | чъэпыогъумазэхэр | чъэпыогъумазэхэкӏэ | чъэпыогъумазэхэм | чъэпыогъумазэхэ | чъэпыогъумазэхыу | чъэпыогъумазэ | чъэпыогъумазэр,accepted
wiktionary-03902,train,true,,wiktionary,3902,lexicon,чъэхъун,to run the wrong way,verb,чъэхъун,accepted
wiktionary-03903,train,true,,wiktionary,3903,lexicon,чы,twig,noun,чы | чыхэр | чым | чыу | чыхыу | чыхэм | чыхэмэ | чыхэкӏэ | чыр | чыкӏэ,accepted
wiktionary-03904,train,true,,wiktionary,3904,lexicon,чыдан,"Iron cable, Iron wire",noun,чыдан | чыданэхэмэ | чыданэ | чыданэхэр | чыданэм | чыданэр | чыданэхэм | чыданэхэкӏэ | чыданыу | чыданэхыу | чыданэхэ | чыданэкӏэ,accepted
wiktionary-03905,train,true,,wiktionary,3905,lexicon,чыжьэ,far,adj,чыжьэ,accepted
wiktionary-03906,train,true,,wiktionary,3906,lexicon,чыжьэу,far away,adj,чыжьэу,accepted
wiktionary-03907,train,true,,wiktionary,3907,lexicon,чызмэ,boots,noun,чызмэ | чызмэкӏэ | чызмэм | чызмэхыу | чызмэр | чызмэхэр | чызмэхэкӏэ | чызмэхэм | чызмэхэ | чызмэу | чызмэхэмэ,accepted
wiktionary-03908,validation,true,,wiktionary,3908,lexicon,чый,throat,noun,чый,accepted
wiktionary-03909,train,true,,wiktionary,3909,lexicon,чылапхъ,seed,noun,чылапхъ,accepted
wiktionary-03910,train,true,,wiktionary,3910,lexicon,чылмэ,carpet,noun,чылмэ | чылмэм | чылмэхэм | чылмэхэ | чылмэхэр | чылмэхыу | чылмэкӏэ | чылмэу | чылмэхэмэ | чылмэхэкӏэ | чылмэр,accepted
wiktionary-03911,train,true,,wiktionary,3911,lexicon,чылыс,church,noun,чылыс | чылысэхэм | чылысэхэ | чылысэхэмэ | чылысэм | чылысэхыу | чылысэкӏэ | чылысэр | чылысэхэкӏэ | чылысыу | чылысэ | чылысэхэр,accepted
wiktionary-03912,train,true,,wiktionary,3912,lexicon,чылысы,cathedral,noun,чылысы | чылысыхэм | чылысыхыу | чылысыхэр | чылысым | чылысыхэмэ | чылысыу | чылысыкӏэ | чылысыр | чылысыхэкӏэ,accepted
wiktionary-03913,train,true,,wiktionary,3913,lexicon,чылэ,"village, settlement",noun,чылэ | чылэхэмэ | чылэхэм | чылэу | чылэр | чылэм | чылэхэкӏэ | чылэхэ | чылэхыу | чылэхэр | чылэкӏэ,accepted
wiktionary-03914,train,true,,wiktionary,3914,lexicon,чылэгъу,fellow-villager ; fellow-resident,noun,чылэгъу | чылэгъуэм | чылэгъуэхэм | чылэгъуэхэмэ | чылэгъуэ | чылэгъуэхэкӏэ | чылэгъуэкӏэ | чылэгъуэхэ | чылэгъуэр | чылэгъухыу | чылэгъуыу | чылэгъуэхэр,accepted
wiktionary-03915,train,true,,wiktionary,3915,lexicon,чылэдэс,"resident ; village dweller, villager",noun,чылэдэс | чылэдэсхэмэ | чылэдэсм | чылэдэсхыу | чылэдэскӏэ | чылэдэсхэм | чылэдэсу | чылэдэсхэкӏэ | чылэдэср | чылэдэсхэ | чылэдэсхэр,accepted
wiktionary-03916,validation,true,,wiktionary,3916,lexicon,чылэпхъэеут машин,"seeding-machine, sowing-machine",noun,чылэпхъэеут машин,accepted
wiktionary-03917,train,true,,wiktionary,3917,lexicon,чынасыу,mercury,noun,чынасыу,accepted
wiktionary-03918,train,true,,wiktionary,3918,lexicon,чырбыч,brick,noun,чырбыч | чырбычэр | чырбыщэхэр | чырбычэ | чырбыщ | чырбычэхэм | чырбыщэхэкӏэ | чырбычыу | чырбычэм | чырбыщэкӏэ | чырбыщэхэм | чырбыщэхыу | чырбыщэм | чырбыщэхэмэ | чырбычэхэр | чырбыщэхэ | чырбычэхэ | чырбычэхэмэ | чырбыщыу | чырбычэкӏэ | чырбыщэ | чырбычэхыу | чырбычэхэкӏэ | чырбыщэр,accepted
wiktionary-03919,train,true,,wiktionary,3919,lexicon,чыфыт,Jewish,noun,чыфыт | чыфытэхэм | чыфытэм | чыфытэр | чыфытэхэ | чыфытэ | чыфытэкӏэ | чыфытыу | чыфытэхэмэ | чыфытэхэр | чыфытэхэкӏэ | чыфытэхыу,accepted
wiktionary-03920,train,true,,wiktionary,3920,lexicon,чыян,sharp (Able to cut easily) ; dishing,adj,чыян,accepted
wiktionary-03921,train,true,,wiktionary,3921,lexicon,чыӏу,button,noun,чыӏу | чыӏуыу | чыӏуэхэм | чыӏуэр | чыӏуэкӏэ | чыӏухыу | чыӏуэхэмэ | чыӏуэ | чыӏуэм | чыӏуэхэр | чыӏуэхэкӏэ | чыӏуэхэ,accepted
wiktionary-03922,train,true,,wiktionary,3922,lexicon,чыӏун,buttonhole,noun,чыӏун | чыӏунэхыу | чыӏунэр | чыӏунэм | чыӏунэхэкӏэ | чыӏунэхэм | чыӏуныу | чыӏунэкӏэ | чыӏунэхэмэ | чыӏунэ | чыӏунэхэр | чыӏунэхэ,accepted
wiktionary-03923,validation,true,,wiktionary,3923,lexicon,чыӏхэн,blanket,noun,чыӏхэн,accepted
wiktionary-03924,train,true,,wiktionary,3924,lexicon,чэ,"spleen, milt (organ) ; crack, crash, snap (sharp sound made when solid material breaks)",noun,чэ | кьэ | кьэхэкӏэ | кьэхэм | кьэр | кьэм | кьэкӏэ | кьэхэмэ | кьэхыу | кьэхэ | кьэу | кьэхэр,accepted
wiktionary-03925,train,true,,wiktionary,3925,lexicon,чэгый,thoroughbred,adj,чэгый | чэгыйэхэкӏэ | чэгыйэм | чэгыйэр | чэгыйэхэр | чэгыйэхэм | чэгыйэхэ | чэгыйыу | чэгыйэхыу | чэгыйэхэмэ | чэгыйэ | чэгыйэкӏэ,accepted
wiktionary-03926,train,true,,wiktionary,3926,lexicon,чэзыу,time ; turn,noun,чэзыу,accepted
wiktionary-03927,train,true,,wiktionary,3927,lexicon,чэкӏошъыкӏын,to steal a girl in order to merry her (Adyghe culture),verb,чэкӏошъыкӏын,accepted
wiktionary-03928,train,true,,wiktionary,3928,lexicon,чэл,"barracks, kiosk ; shelter",noun,чэл | чэлэ | чэлэхэмэ | чэлэхэкӏэ | чэлыу | чэлэхэр | чэлэм | чэлэхэ | чэлэхыу | чэлэхэм | чэлэкӏэ | чэлэр,accepted
wiktionary-03929,train,true,,wiktionary,3929,lexicon,чэмахъо,"cowherd, cow herdsman",noun,чэмахъо | чэмахъом | чэмахъохэмэ | чэмахъохэр | чэмахъохэкӏэ | чэмахъохэм | чэмахъор | чэмахъохэ | чэмахъохыу | чэмахъоу | чэмахъокӏэ,accepted
wiktionary-03930,excluded_benchmark_overlap,false,exact_normalized_input_target_or_variant_overlap_with_benchmark,wiktionary,3930,lexicon,чэмы,cow,noun,чэмы | чэмэхэкӏэ | чэмэ | чэмэм | чэмэр | чэмэхэ | чэмэкӏэ | чэмэхэм | чэмэхэмэ | чэм | чэмэхэр | чэмэхыу | чэмыу,accepted
wiktionary-03931,validation,true,,wiktionary,3931,lexicon,чэмыбгъэ,a cow that did not give birth in the current year,noun,чэмыбгъэ,accepted
wiktionary-03932,train,true,,wiktionary,3932,lexicon,чэмыл,beef,noun,чэмыл | чэмылэхыу | чэмылэкӏэ | чэмылэхэм | чэмылэм | чэмылэхэ | чэмылыу | чэмылэхэкӏэ | чэмылэр | чэмылэхэмэ | чэмылэ | чэмылэхэр,accepted
wiktionary-03933,train,true,,wiktionary,3933,lexicon,чэмышъо,cowskin,noun,чэмышъо,accepted
wiktionary-03934,train,true,,wiktionary,3934,lexicon,чэмыӏо,byre (for cows),noun,чэмыӏо,accepted
wiktionary-03935,validation,true,,wiktionary,3935,lexicon,чэмэдан,"suitcase, trunk",noun,чэмэдан | чэмэданхэм | чэмэданм | чэмэданхэкӏэ | чэмэдану | чэмэданр | чэмэданхыу | чэмэданхэмэ | чэмэданхэр | чэмэданкӏэ,accepted
wiktionary-03936,train,true,,wiktionary,3936,lexicon,чэн,to be cracked,verb,чэн | мэчэн | кьэн | мэкьэн,accepted
wiktionary-03937,train,true,,wiktionary,3937,lexicon,чэндж,shallow,adj,чэндж,accepted
wiktionary-03938,train,true,,wiktionary,3938,lexicon,чэпзэхэогъу,dusk,noun,чэпзэхэогъу | чэпзэхэогъуэкӏэ | чэпзэхэогъуэм | чэпзэхэогъуэхэм | чэпзэхэогъуыу | чэпзэхэогъуэхэмэ | чэпзэхэогъухыу | чэпзэхэогъуэхэр | чэпзэхэогъуэхэкӏэ | чэпзэхэогъуэр | чэпзэхэогъуэхэ | чэпзэхэогъуэ,accepted
wiktionary-03939,train,true,,wiktionary,3939,lexicon,чэркэс,Circassian,name,чэркэс | чэркэсэ | чэркэсэм | чэркэсыу | чэркэсэхэм | чэркэсэхыу | чэркэсэхэ | чэркэсэр | чэркэсэкӏэ | чэркэсэхэр | чэркэсэхэмэ | чэркэсэхэкӏэ,accepted
wiktionary-03940,train,true,,wiktionary,3940,lexicon,чэрэгъун,to be twisted ; to be whirled,verb,чэрэгъун | мэчэрэгъун,accepted
wiktionary-03941,train,true,,wiktionary,3941,lexicon,чэрэз,cherry,noun,чэрэз | чэрэзэхэм | чэрэзэр | чэрэзэхэ | чэрэзэм | чэрэзэхэкӏэ | чэрэзэхыу | чэрэзэхэмэ | чэрэзыу | чэрэзэхэр | чэрэзэ | чэрэзэкӏэ,accepted
wiktionary-03942,train,true,,wiktionary,3942,lexicon,чэрэзын,to spin,verb,чэрэзын | мэчэрэзын | мэкьэрэзын,accepted
wiktionary-03943,train,true,,wiktionary,3943,lexicon,чэрэуан,caravan,noun,чэрэуан | чэрэуанэхэм | чэрэуанэм | чэрэуанэхэмэ | чэрэуанэкӏэ | чэрэуаныу | чэрэуанэхэкӏэ | чэрэуанэхыу | чэрэуанэ | чэрэуанэр | чэрэуанэхэр | чэрэуанэхэ,accepted
wiktionary-03944,train,true,,wiktionary,3944,lexicon,чэсэй,"cotton cloth, Print cloth, White gauze,",noun,чэсэй | чэсэйэхэм | чэсэйэхэкӏэ | чэсэйэхыу | чэсэйэкӏэ | чэсэйэр | чэсэйэхэр | чэсэйэхэ | чэсэйэхэмэ | чэсэйэм | чэсэйыу | чэсэйэ,accepted
wiktionary-03945,train,true,,wiktionary,3945,lexicon,чэтапэ,tip of a sword,noun,чэтапэ,accepted
wiktionary-03946,validation,true,,wiktionary,3946,lexicon,чэтжъые,chick ; nestling,noun,чэтжъые | чэтжъыеэхэ | чэтжъыеэхэмэ | чэтжъыеэхэкӏэ | чэтжъыеыу | чэтжъыеэ | чэтжъыеэхэм | чэтжъыеэкӏэ | чэтжъыеэм | чэтжъыеэр | чэтжъыеэхыу | чэтжъыеэхэр,accepted
wiktionary-03947,train,true,,wiktionary,3947,lexicon,чэтхъэн,to tear to shreds ; to rip something apart,verb,чэтхъэн | кьэтхъэн,accepted
wiktionary-03948,excluded_benchmark_overlap,false,exact_normalized_input_target_or_variant_overlap_with_benchmark,wiktionary,3948,lexicon,чэты,(literary) chicken,noun,чэты,accepted
wiktionary-03949,train,true,,wiktionary,3949,lexicon,чэтыл,chicken meat,noun,чэтыл | кӏэтылэхэм | чэтылэ | чэтылэхэмэ | чэтылэкӏэ | кӏэтылэхэр | кӏэтылэхыу | кӏэтылэр | чэтылэм | чэтылэхэм | кӏэтылыу | чэтылэхэ | кӏэтылэхэмэ | чэтылэхэр | кӏэтылэхэ | кӏэтылэ | чэтылэр | кӏэтылэм | чэтылэхэкӏэ | кӏэтылэкӏэ | кӏэтыл | чэтылэхыу | кӏэтылэхэкӏэ | чэтылыу,accepted
wiktionary-03950,excluded_benchmark_overlap,false,exact_normalized_input_target_or_variant_overlap_with_benchmark,wiktionary,3950,lexicon,чэтыу,cat,noun,чэтыу | чэтыуэм | чэтыуэхэ | чэтыуэ | чэтыуэхэмэ | чэтыуэхэкӏэ | чэтыуэхэр | чэтыуэхэм | чэтыуэр | чэтыуэкӏэ | чэтыуэхыу | чэтыуыу,accepted
wiktionary-03951,train,true,,wiktionary,3951,lexicon,чэтыушыумыш,bobcat,noun,чэтыушыумыш,accepted
wiktionary-03952,train,true,,wiktionary,3952,lexicon,чэтышх,Jewish person; Jew,noun,чэтышх | чэтышхэхэмэ | чэтышхэхэм | чэтышхыу | чэтышхэхэ | чэтышхэм | чэтышхэр | чэтышхэ | чэтышхэхэр | чэтышхэхэкӏэ | чэтышхэхыу | чэтышхэкӏэ,accepted
wiktionary-03953,train,true,,wiktionary,3953,lexicon,чэу,wattle fence ; farmstead,noun,чэу,accepted
wiktionary-03954,train,true,,wiktionary,3954,lexicon,чэупчъэ,gate,noun,чэупчъэ | кьэпчъэӏуэкӏэ | чэупчъээхэм | кьэупчъээхэм | кьэпчъэӏуэм | кьэупчъээхэ | чэупчъээм | кьэупчъээ | кьэпчъэӏуэхэм | кьэпчъэӏу | кьэупчъээкӏэ | кьэпчъэӏуэхэмэ | кьэпчъэӏуэ | чэупчъээхэмэ | кьэупчъээхэр | чэупчъээ | кьэпчъэӏуэхыу | чэупчъээкӏэ | кьэупчъээм | кьэупчъээр | кьэпчъэӏуэхэр | кьэпчъэӏуыу | кьэупчъэыу | чэупчъээхэ | кьэпчъэӏуэхэ | чэупчъээр | кьэпчъэӏуэр | чэупчъээхэкӏэ | чэупчъээхэр | кьэпчъэӏуэхэкӏэ | кьэупчъээхыу | чэупчъээхыу | кьэупчъэ | кьэупчъээхэмэ | кьэупчъээхэкӏэ | чэупчъэыу,accepted
wiktionary-03955,train,true,,wiktionary,3955,lexicon,чэфы,cheerful; joyful ; pleased,adj,чэфы | кьэфы,accepted
wiktionary-03956,train,true,,wiktionary,3956,lexicon,чэфын,shroud (dress for the dead),noun,чэфын,accepted
wiktionary-03957,train,true,,wiktionary,3957,lexicon,чэфынчъэ,"grieve, sad, sorrowful",noun,чэфынчъэ,accepted
wiktionary-03958,train,true,,wiktionary,3958,lexicon,чэфынчъэн,to be sad,verb,чэфынчъэн,accepted
wiktionary-03959,train,true,,wiktionary,3959,lexicon,чэфыныпхъ,shroud (the dress for the dead; a winding sheet.),noun,чэфыныпхъ,accepted
wiktionary-03960,train,true,,wiktionary,3960,lexicon,чэцӏы,kid,noun,чэцӏы | чэцӏыр | чэцӏыхэр | чэцӏыхэм | чэцӏым | чэцӏыкӏэ | чэцӏыхыу | чэцӏыу | чэцӏыхэкӏэ | чэцӏыхэмэ,accepted
wiktionary-03961,train,true,,wiktionary,3961,lexicon,чэцӏыбжъ,"dates, palm",noun,чэцӏыбжъ | чэцӏыбжъэхыу | чэцӏыбжъэхэ | чэцӏыбжъыу | чэцӏыбжъэхэм | чэцӏыбжъэр | чэцӏыбжъэкӏэ | чэцӏыбжъэм | чэцӏыбжъэхэмэ | чэцӏыбжъэхэкӏэ | чэцӏыбжъэ | чэцӏыбжъэхэр,accepted
wiktionary-03962,train,true,,wiktionary,3962,lexicon,чэщ щыгъын,pajamas,noun,чэщ щыгъын | чэщ щыгъынэхэр | чэщ щыгъынэм | чэщ щыгъынэр | чэщ щыгъынэ | чэщ щыгъынэхэ | чэщ щыгъынэхэмэ | чэщ щыгъынэкӏэ | чэщ щыгъынэхэм | чэщ щыгъыныу | чэщ щыгъынэхэкӏэ | чэщ щыгъынэхыу,accepted
wiktionary-03963,train,true,,wiktionary,3963,lexicon,чэщдэс,party (a social gathering),noun,чэщдэс | чэщдэсэм | чэщдэсыу | чэщдэсэхэм | чэщдэсэхэкӏэ | чэщдэсэхэр | чэщдэсэхэмэ | чэщдэсэкӏэ | чэщдэсэхыу | чэщдэсэхэ | чэщдэсэ | чэщдэсэр,accepted
wiktionary-03964,validation,true,,wiktionary,3964,lexicon,чэщныкъо,midnight,noun,чэщныкъо | чэщныкъоу | чэщныкъохэм | чэщныкъохэр | чэщныкъохэмэ | чэщныкъохэкӏэ | чэщныкъохэ | чэщныкъом | чэщныкъор | чэщныкъохыу | чэщныкъокӏэ,accepted
wiktionary-03965,validation,true,,wiktionary,3965,lexicon,чэщтеу,nightmare ; sleep paralysis,noun,чэщтеу | чэщтао,accepted
wiktionary-03966,excluded_benchmark_overlap,false,exact_normalized_input_target_or_variant_overlap_with_benchmark,wiktionary,3966,lexicon,чэщы,night,noun,чэщы | чэщэхэкӏэ | чэщэр | чэщэхэм | чэщэхэр | чэщ | чэщыхэмэ | чэщыу | чэщым | чэщыр | чэщэм | чэщыкӏэ | чэщыхэр | чэщэ | чэщыхэм | чэщэхэмэ | чэщыхэкӏэ | чэщэхыу | чэщэкӏэ | чэщыхыу | чэщэхэ,accepted
wiktionary-03967,train,true,,wiktionary,3967,lexicon,чэщы рэхьат къыокӏу,good night,intj,чэщы рэхьат къыокӏу,accepted
wiktionary-03968,train,true,,wiktionary,3968,lexicon,чэщы рэхьат къышъокӏу,good night (said to plural),intj,чэщы рэхьат къышъокӏу,accepted
wiktionary-03969,train,true,,wiktionary,3969,lexicon,чэщыбзыу,bat,noun,чэщыбзыу,accepted
wiktionary-03970,train,true,,wiktionary,3970,lexicon,чэщым еныу,"overnight, all night",adv,чэщым еныу,accepted
wiktionary-03971,train,true,,wiktionary,3971,lexicon,чӏапцӏэ,dark,noun,чӏапцӏэ | чӏапцӏэм | чӏапцӏэхэкӏэ | чӏапцӏэхэм | чӏапцӏэхыу | чӏапцӏэу | чӏапцӏэхэ | чӏапцӏэкӏэ | чӏапцӏэхэр | чӏапцӏэр | чӏапцӏэхэмэ,accepted
wiktionary-03972,train,true,,wiktionary,3972,lexicon,чӏегъэбылъхьэн,to hide under,verb,чӏегъэбылъхьэн,accepted
wiktionary-03973,train,true,,wiktionary,3973,lexicon,чӏитхъун,to accelerate,noun,чӏитхъун,accepted
wiktionary-03974,train,true,,wiktionary,3974,lexicon,чӏы,ground,noun,чӏы | чӏырэхыу | чӏырэм | чӏыхэм | чӏырэр | чӏырэкӏэ | чӏым | чӏыр | чӏыхэр | чӏырэхэм | чӏыу | чӏыкӏэ | чӏырэ | чӏырэхэр | чӏыхыу | чӏырэхэ | чӏыхэкӏэ | чӏырэхэмэ | чӏырыу | чӏырэхэкӏэ | чӏыхэмэ,accepted
wiktionary-03975,validation,true,,wiktionary,3975,lexicon,чӏыбгъэ,"pergola, arbour, arcade, bower",noun,чӏыбгъэ | чӏыбгъээм | чӏыбгъээхэм | чӏыбгъээхэ | чӏыбгъээхэр | чӏыбгъээр | чӏыбгъээхэмэ | чӏыбгъээхыу | чӏыбгъээкӏэ | чӏыбгъээхэкӏэ | чӏыбгъэыу | чӏыбгъээ,accepted
wiktionary-03976,train,true,,wiktionary,3976,lexicon,чӏыбжь,bumble-bee,noun,чӏыбжь | чӏыбжьэхэ | чӏыбжьэхэм | чӏыбжьэм | чӏыбжьыу | чӏыбжьэ | чӏыбжьэкӏэ | чӏыбжьэхэкӏэ | чӏыбжьэхэмэ | чӏыбжьэхыу | чӏыбжьэр | чӏыбжьэхэр,accepted
wiktionary-03977,excluded_review_required,false,missing_target_text,wiktionary,3977,lexicon,чӏыбзу,,,чӏыбзу | чӏыбзухэкӏэ | чӏыбзухэ | чӏыбзухыу | чӏыбзум | чӏыбзукӏэ | чӏыбзухэмэ | чӏыбзухэм | чӏыбзухэр | чӏыбзуу | чӏыбзур,review_required
wiktionary-03978,train,true,,wiktionary,3978,lexicon,чӏыгу,land ; earth,noun,чӏыгу | чӏыгуэм | чӏыгуэхэкӏэ | чӏыгуэхэмэ | чӏыгуэкӏэ | чӏыгуэр | чӏыгуыу | чӏыгуэ | чъыгу | чӏыгуэхэр | чӏыгухыу | чӏыгуэхэм | чӏыгуэхэ,accepted
wiktionary-03979,train,true,,wiktionary,3979,lexicon,чӏыгъыкӏэлъыбз,code,noun,чӏыгъыкӏэлъыбз | чӏыгъыкӏэлъыбзэ | чӏыгъыкӏэлъыбзэхэмэ | чӏыгъыкӏэлъыбзэм | чӏыгъыкӏэлъыбзэхэм | чӏыгъыкӏэлъыбзыу | чӏыгъыкӏэлъыбзэхэр | чӏыгъыкӏэлъыбзэхыу | чӏыгъыкӏэлъыбзэкӏэ | чӏыгъыкӏэлъыбзэхэкӏэ | чӏыгъыкӏэлъыбзэхэ | чӏыгъыкӏэлъыбзэр,accepted
wiktionary-03980,validation,true,,wiktionary,3980,lexicon,чӏыдагъ,petroleum,noun,чӏыдагъ | чӏыдагъэхыу | чӏыдагъэхэр | чӏыдагъыу | чӏыдагъэхэм | чӏыдагъэр | чӏыдагъэм | чӏыдагъэ | чӏыдагъэхэмэ | чӏыдагъэхэ | чӏыдагъэкӏэ | чӏыдагъэхэкӏэ,accepted
wiktionary-03981,test,true,,wiktionary,3981,lexicon,чӏыкъу,badger,noun,чӏыкъу | чӏыкъуыу | чӏыкъуэхэкӏэ | чӏыкъуэхэр | чӏыкъуэхэ | чӏыкъуэхэм | чӏыкъухыу | чӏыкъуэм | чӏыкъуэкӏэ | чӏыкъуэр | чӏыкъуэ | чӏыкъуэхэмэ,accepted
wiktionary-03982,train,true,,wiktionary,3982,lexicon,чӏыкӏухьныкъу,longitude,noun,чӏыкӏухьныкъу | чӏыкӏухьныкъуэкӏэ | чӏыкӏухьныкъуэр | чӏыкӏухьныкъуэхэ | чӏыкӏухьныкъуэм | чӏыкӏухьныкъуэхэкӏэ | чӏыкӏухьныкъухыу | чӏыкӏухьныкъуэхэм | чӏыкӏухьныкъуэ | чӏыкӏухьныкъуыу | чӏыкӏухьныкъуэхэмэ | чӏыкӏухьныкъуэхэр,accepted
wiktionary-03983,train,true,,wiktionary,3983,lexicon,чӏылъэ,land,noun,чӏылъэ | чӏылъэхэр | чӏылъэм | чӏылъэхыу | чӏылъэхэмэ | чӏылъэхэм | чӏылъэхэ | чӏылъэр | чӏылъэу | чӏылъэкӏэ | чӏылъ | чӏылъэхэкӏэ,accepted
wiktionary-03984,validation,true,,wiktionary,3984,lexicon,чӏылъэныкъу,"district, province, territory",noun,чӏылъэныкъу | чӏылъэныкъухыу | чӏылъэныкъуэ | чӏылъэныкъуэхэкӏэ | чӏылъэныкъуэхэм | чӏылъэныкъуэкӏэ | чӏылъэныкъуэхэмэ | чӏылъэныкъуэхэ | чӏылъэныкъуэм | чӏылъэныкъуэр | чӏылъэныкъуыу | чӏылъэныкъуэхэр,accepted
wiktionary-03985,train,true,,wiktionary,3985,lexicon,чӏылъэтеплъ,"landscape, territory",noun,чӏылъэтеплъ | чӏылъэтеплъэм | чӏылъэтеплъэкӏэ | чӏылъэтеплъэхэм | чӏылъэтеплъэхыу | чӏылъэтеплъэхэмэ | чӏылъэтеплъэхэ | чӏылъэтеплъэр | чӏылъэтеплъэхэкӏэ | чӏылъэтеплъэ | чӏылъэтеплъэхэр | чӏылъэтеплъыу,accepted
wiktionary-03986,train,true,,wiktionary,3986,lexicon,чӏымэтх,geology,noun,чӏымэтх | чӏымэтхэкӏэ | чӏымэтхэм | чӏымэтхэхэр | чӏымэтхэ | чӏымэтхэр | чӏымэтхэхэмэ | чӏымэтхыу | чӏымэтхэхэ | чӏымэтхэхэм | чӏымэтхэхыу | чӏымэтхэхэкӏэ,accepted
wiktionary-03987,train,true,,wiktionary,3987,lexicon,чӏыопс,"Natural ambience, nature",noun,чӏыопс | чӏыопсэкӏэ | чӏыопсэхэм | чӏыопсыу | чӏыопсэхэкӏэ | чӏыопсэм | чӏыопсэ | чӏыопсэхэмэ | чӏыопсэхыу | чӏыопсэр | чӏыопсэхэр | чӏыопсэхэ,accepted
wiktionary-03988,train,true,,wiktionary,3988,lexicon,чӏыопс кӏыб,metaphysics,noun,чӏыопс кӏыб | чӏыопс кӏыбэхэкӏэ | чӏыопс кӏыбэм | чӏыопс кӏыбэхыу | чӏыопс кӏыбэхэр | чӏыопс кӏыбэхэм | чӏыопс кӏыбэкӏэ | чӏыопс кӏыбэхэ | чӏыопс кӏыбэр | чӏыопс кӏыбыу | чӏыопс кӏыбэ | чӏыопс кӏыбэхэмэ,accepted
wiktionary-03989,train,true,,wiktionary,3989,lexicon,чӏыплъ,beet,noun,чӏыплъ | чӏыплъэхэм | чӏыплъэхэмэ | чӏыплъэм | чӏыплъэ | чӏыплъэр | чӏыплъэхэр | чӏыплъэкӏэ | чӏыплъэхыу | чӏыплъыу | чӏыплъэхэкӏэ | чӏыплъэхэ,accepted
wiktionary-03990,train,true,,wiktionary,3990,lexicon,чӏыпчъыншӏэныгъэр,geodesy,noun,чӏыпчъыншӏэныгъэр,accepted
wiktionary-03991,train,true,,wiktionary,3991,lexicon,чӏыпӏалъэ,site,noun,чӏыпӏалъэ | чӏыпӏалъэхэр | чӏыпӏалъэхэ | чӏыпӏалъэкӏэ | чӏыпӏалъэхэкӏэ | чӏыпӏалъэхэмэ | чӏыпӏалъэм | чӏыпӏалъэу | чӏыпӏалъэр | чӏыпӏалъэхэм | чӏыпӏалъэхыу,accepted
wiktionary-03992,train,true,,wiktionary,3992,lexicon,чӏыпӏэ,place,noun,чӏыпӏэ,accepted
wiktionary-03993,test,true,,wiktionary,3993,lexicon,чӏыпӏэрыс,settler; local resident,noun,чӏыпӏэрыс,accepted
wiktionary-03994,train,true,,wiktionary,3994,lexicon,чӏыр,roots (land),noun,чӏыр | чӏырэхэр | чӏырэхэм | чӏырэхэ | чӏырэхыу | чӏырэм | чӏырэхэкӏэ | чӏырыу | чӏырэ | чӏырэр | чӏырэкӏэ | чӏырэхэмэ,accepted
wiktionary-03995,test,true,,wiktionary,3995,lexicon,чӏырыгъыс,dive,noun,чӏырыгъыс | чӏырыгъысэхэ | чӏырыгъысэхыу | чӏырыгъысэр | чӏырыгъысэм | чӏырыгъысэхэм | чӏырыгъысэ | чӏырыгъысэхэмэ | чӏырыгъысэхэкӏэ | чӏырыгъысэкӏэ | чӏырыгъысэхэр | чӏырыгъысыу,accepted
wiktionary-03996,train,true,,wiktionary,3996,lexicon,чӏырыкӏу,Jerusalem artichoke (Helianthus tuberosus) ; potato,noun,чӏырыкӏу | чӏырыкӏухэкӏэ | чӏырыкӏум | чӏырыкӏухэм | чӏырыкӏуу | чӏырыкӏумкӏэ | чӏырыкӏухэмэ | чӏырыкӏур | чӏырыкӏухыу | чӏырыкӏукӏэ | чӏырыкӏухэр,accepted
wiktionary-03997,train,true,,wiktionary,3997,lexicon,чӏытхъыцэхэр,coordinates,noun,чӏытхъыцэхэр,accepted
wiktionary-03998,train,true,,wiktionary,3998,lexicon,чӏыунэ,basement,noun,чӏыунэ | чӏыунэхэр | чӏыунэм | чӏыунэхыу | чӏыунэхэм | чӏыунэр | чӏыунэхэкӏэ | чӏыунэу | чӏыунэхэ | чӏыунэхэмэ | чӏыунэкӏэ,accepted
wiktionary-03999,test,true,,wiktionary,3999,lexicon,чӏыфэ,debt,noun,чӏыфэ,accepted
wiktionary-04000,train,true,,wiktionary,4000,lexicon,чӏыфэ чӏэтын,to be in debt,verb,чӏыфэ чӏэтын,accepted
wiktionary-04001,test,true,,wiktionary,4001,lexicon,чӏышъутын,"to run and climb up ; to run off upwards, to flee upwards",verb,чӏышъутын,accepted
wiktionary-04002,train,true,,wiktionary,4002,lexicon,чӏэ,bottom,noun,чӏэ | чӏэу | чӏэкӏэ | чӏэхэм | чӏэхэр | чӏэр | чӏэхэмэ | чӏэм | чӏэхэ | чӏэхэкӏэ | чӏэхыу,accepted
wiktionary-04003,train,true,,wiktionary,4003,lexicon,чӏэбын,to drown ; to sink,verb,чӏэбын,accepted
wiktionary-04004,validation,true,,wiktionary,4004,lexicon,чӏэгъолъхьан,to lay down under,verb,чӏэгъолъхьан,accepted
wiktionary-04005,train,true,,wiktionary,4005,lexicon,чӏэгъэкӏын,"to let out , to let go, to release, to set free ; to let someone get out from under something ; to solve ; to let someone raise up ; to raise something upward; to elevate someone ; to invent something",verb,чӏэгъэкӏын | кӏэгъэкӏын,accepted
wiktionary-04006,train,true,,wiktionary,4006,lexicon,чӏэгъэцӏэн,"(vulgar) to scare the shit out of, to make someone feel very frightened",verb,чӏэгъэцӏэн | чӏэгъэсӏэн,accepted
wiktionary-04007,train,true,,wiktionary,4007,lexicon,чӏэкӏын,probably,adv,чӏэкӏын | чӏэкӏьын,accepted
wiktionary-04008,test,true,,wiktionary,4008,lexicon,чӏэлъхьан,to put/place something under something ; to plant (a mine) ; to bury,verb,чӏэлъхьан,accepted
wiktionary-04009,test,true,,wiktionary,4009,lexicon,чӏэлъэтыкӏьын,to fall on the ground,verb,чӏэлъэтыкӏьын,accepted
wiktionary-04010,train,true,,wiktionary,4010,lexicon,чӏэнэн,"to become stuck (trapped and unable to move) ; to become stuck (unable to progress) ; to stay, remain (should have the prefix къы- /qə-/)",verb,чӏэнэн,accepted
wiktionary-04011,train,true,,wiktionary,4011,lexicon,чӏэрэп,(slang) I don't know,verb,чӏэрэп,accepted
wiktionary-04012,train,true,,wiktionary,4012,lexicon,чӏэсэн,to stick (under),verb,чӏэсэн,accepted
wiktionary-04013,train,true,,wiktionary,4013,lexicon,чӏэтэкъун,"to strew (on an ground), To distribute objects or pieces of something on the ground (especially in a random manner)",verb,чӏэтэкъун,accepted
wiktionary-04014,train,true,,wiktionary,4014,lexicon,чӏэухъумэ,camouflage,noun,чӏэухъумэ,accepted
wiktionary-04015,validation,true,,wiktionary,4015,lexicon,чӏэухъумэн,to cover under something,verb,чӏэухъумэн | чӏэухъубэн,accepted
wiktionary-04016,excluded_benchmark_overlap,false,exact_normalized_input_target_or_variant_overlap_with_benchmark,wiktionary,4016,lexicon,чӏэхьан,to go under something,verb,чӏэхьан | жэхэхьан | зэбгырыхьан | пыхьан | кӏоцӏы | шъхьапырыхьан | ӏу | шъхьадэхьан | хэхьан | кӏоцӏыхьан | лъы | и | кӏэлъыры | пэхьан | бгъодэ | техьан | кӏэлъырыхьан | бгъодэхьан | шъхьадэ | хэ | зэбгыры | те | ӏухьан | чӏэ | дэ | гохьан | къохьан | го | шъхьапыры | пы | зэкӏэ | жэхэ | жэдэ | ихьан | жэдэхьан | лъыхьан | къо | джыхэхьэн | дэхьан | зэкӏэхьан,accepted
wiktionary-04017,train,true,,wiktionary,4017,lexicon,чӏэхьапкӏэ,entrance,noun,чӏэхьапкӏэ | чӏэхьапкӏэхэ | чӏэхьапкӏэм | чӏэхьапкӏэхэкӏэ | чӏэхьапкӏэу | чӏэхьапкӏэхэр | чӏэхьапкӏэхэмэ | чӏэхьапкӏэкӏэ | чӏэхьапкӏэр | чӏэхьапкӏэхэм | чӏэхьапкӏэхыу,accepted
wiktionary-04018,train,true,,wiktionary,4018,lexicon,чӏэцӏэн,"(vulgar) to take a shit under ; (vulgar, slang) to withdraw, to chicken out",verb,чӏэцӏэн | чӏэсӏэн,accepted
wiktionary-04019,train,true,,wiktionary,4019,lexicon,чӏэшъутын,to run off/flea from under something,verb,чӏэшъутын,accepted
wiktionary-04020,train,true,,wiktionary,4020,lexicon,чӏэщыкӏьын,to elope; to steal a girl for engagement (Circassian tradition),verb,чӏэщыкӏьын,accepted
wiktionary-04021,train,true,,wiktionary,4021,lexicon,чӏэӏотыкӏын,"to bewray, to reveal, to divulge, to make something known (especially a secret)",verb,чӏэӏотыкӏын | чӏэӏотыкӏьын,accepted
wiktionary-04022,train,true,,wiktionary,4022,lexicon,шакӏо,hunter ; honeycomb,noun,шакӏо | шакӏокӏэ | шъуакӏом | шъуакӏокӏэ | шъуакӏохэкӏэ | шакӏохэмэ | шакӏор | шъуакӏоу | шъуакӏохэмэ | шакӏом | шъуакӏохэр | шъуакӏохыу | шъуакӏохэм | шакӏохэкӏэ | шакӏохэм | шъуакӏохэ | шакӏохэ | шакӏохыу | шакӏоу | шъуакӏо | шъуакӏор | шакӏохэр,accepted
wiktionary-04023,test,true,,wiktionary,4023,lexicon,шамгьэн,prostitute,noun,шамгьэн | шамгьэнэхэм | шамгьэнэм | шамгьэнэхэкӏэ | шамгьэныу | шамгьэнэхэр | шамгьэнэхыу | шамгьэнэхэмэ | шамгьэнэхэ | шамгьэнэр | шамгьэнэкӏэ | шамгьэнэ,accepted
wiktionary-04024,train,true,,wiktionary,4024,lexicon,шамйэ,kerchief,noun,шамйэ | шамйэхэм | шамйэкӏэ | шамйэхэкӏэ | шамйэхэмэ | шамйэм | шамйэр | шамйэхыу | шамйэхэр | шамйэу | шамйэхэ,accepted
wiktionary-04025,validation,true,,wiktionary,4025,lexicon,шапсыгъэбзэ,the Shapsug language (One of the Adyghe dialects),name,шапсыгъэбзэ | шапсыгъэбзэхэкӏэ | шапсыгъэбзэм | шапсыгъэбзэу | шапсыгъэбзэхэм | шапсыгъэбзэхыу | шапсыгъэбзэхэ | шапсыгъэбзэкӏэ | шапсыгъэбзэхэмэ | шапсыгъэбзэхэр | шапсыгъэбзэр,accepted
wiktionary-04026,excluded_benchmark_overlap,false,exact_normalized_input_target_or_variant_overlap_with_benchmark,wiktionary,4026,lexicon,шапхъэ,example,noun,шапхъэ,accepted
wiktionary-04027,test,true,,wiktionary,4027,lexicon,шашыф,veil,noun,шашыф | шашыфэхэмэ | шашыфэкӏэ | шашыфэм | шашыфэхэр | шашыфэхэ | шашыфэр | шашыфэ | шашыфэхэм | шашыфыу | шашыфэхэкӏэ | шашыфэхыу,accepted
wiktionary-04028,train,true,,wiktionary,4028,lexicon,шифэн,"to smear, to rub in, to daub",verb,шифэн,accepted
wiktionary-04029,train,true,,wiktionary,4029,lexicon,шкӏэ,calf,noun,шкӏэ | шкӏэм | шкӏэхэ | шкӏэхэмэ | шкӏэр | шкӏэхэр | шкӏэхэкӏэ | шкӏэу | шкӏэхыу | шкӏэхэм | шкӏэкӏэ,accepted
wiktionary-04030,validation,true,,wiktionary,4030,lexicon,штэн,to pick up ; to conquer,verb,штэн,accepted
wiktionary-04031,train,true,,wiktionary,4031,lexicon,шхакӏо,a person that eats a lot ; a person that really enjoys eating ; eater,adj | noun,шхакӏо | шхакӏом | шхакӏохэр | шхакӏор | шхакӏохэмэ | шхакӏокӏэ | шхакӏохэм | шхакӏоу | шхакӏохэ | шхакӏохыу | шхакӏохэкӏэ,accepted
wiktionary-04032,train,true,,wiktionary,4032,lexicon,шхапӏэ,dining-room ; dining-hall,noun,шхапӏэ,accepted
wiktionary-04033,train,true,,wiktionary,4033,lexicon,шхомлакӏ,"rein, bridle",noun,шхомлакӏ | шхомлакӏэм | шхомлакӏэ | шхомлакӏэр | шхомлакӏэхэ | шхомлакӏыу | шхомлакӏэхэкӏэ | шхомлакӏэхэм | шхомлакӏэкӏэ | шхомлакӏэхыу | шхомлакӏэхэмэ | шхомлакӏэхэр,accepted
wiktionary-04034,train,true,,wiktionary,4034,lexicon,шхонч,"shotgun, musket, rifle",noun,шхонч | шхончхэм | шхончм | шхончр | шхончкӏэ | шхончхыу | шхончу | шхончхэмэ | шхончхэр | шхончхэкӏэ,accepted
wiktionary-04035,train,true,,wiktionary,4035,lexicon,шхончау,shooter ; rifleman,noun,шхончау | шхончауэ | шхончауэхэкӏэ | шхончаухыу | шхончауэр | шхончауэхэ | шхончауэм | шхончауэкӏэ | шхончауэхэмэ | шхончауэхэм | шхончауэхэр | шхончауыу,accepted
wiktionary-04036,train,true,,wiktionary,4036,lexicon,шхоӏу,bit (metal in horse's mouth),noun,шхоӏу | шхоӏуэхэм | шхоӏуэхэр | шхоӏуэкӏэ | шхоӏуэхэмэ | шхоӏухыу | шхоӏуэм | шхоӏуыу | шхоӏуэ | шхоӏуэхэ | шхоӏуэхэкӏэ | шхоӏуэр,accepted
wiktionary-04037,train,true,,wiktionary,4037,lexicon,шхъогъон,"to envy, To feel displeasure or hatred towards (someone) for their good fortune or possessions.",verb,шхъогъон | ешӏухъогъон | шӏухъогъон | ехьагъушъугъун | мэшӏухъогъон | ешъухъогъон | шъухъогъон | мэшъухъогъон,accepted
wiktionary-04038,validation,true,,wiktionary,4038,lexicon,шхъомч,chestnut,noun,шхъомч | шхъомчэм | шхъомчэкӏэ | шхъомчэр | шхъомчэхэм | шхъомчэхыу | шхъомчыу | шхъомчэхэмэ | шхъомчэхэкӏэ | шхъомчэхэр | шхъомчэ | шхъомчэхэ,accepted
wiktionary-04039,train,true,,wiktionary,4039,lexicon,шхъуантӏэ,blue ; blue color,adj | noun,шхъуантӏэ | шхъуатӏэхэм | шхъуантӏэхэм | шхъуантӏэм | шхъуатӏэкӏэ | шхъуатӏэу | шхъуатӏэхэкӏэ | шхъуантӏэхэ | шхъуантӏэкӏэ | шъухъуатӏэу | шъухъуатӏэ | шъухъуатӏэм | шхъуантӏэхэкӏэ | шъухъуатӏэхыу | шъухъуатӏэхэмэ | шхъуатӏэхэмэ | шхъуатӏэхэр | шъухъуатӏэхэм | шхъуантӏэхэмэ | шхъуатӏэхэ | шъухъуатӏэхэкӏэ | шхъуатӏэ | шъухъуатӏэхэр | шъухъуатӏэкӏэ | шхъуантӏэу | шхъуатӏэм | шхъуантӏэр | шъухъуатӏэхэ | шхъуантӏэхыу | шхъуантӏэхэр | шхъуатӏэр | шъухъуатӏэр | шхъуатӏэхыу,accepted
wiktionary-04040,train,true,,wiktionary,4040,lexicon,шхын,food,noun,шхын | шхынэ | шхынэр | шхынэхэм | шхынэхэмэ | шхынэм | шхынэхэ | шхыныу | шхынэкӏэ | шхынэхэкӏэ | шхынэхыу | шхынэхэр,accepted
wiktionary-04041,train,true,,wiktionary,4041,lexicon,шхэкӏын,to be full (after eating) ; to be saturated with food,verb,шхэкӏын,accepted
wiktionary-04042,train,true,,wiktionary,4042,lexicon,шхэн,to eat,verb,шхэн,accepted
wiktionary-04043,validation,true,,wiktionary,4043,lexicon,шъабэ,soft ; meek,adj,шъабэ,accepted
wiktionary-04044,train,true,,wiktionary,4044,lexicon,шъагъэ,"band, lace, tape, ribbon ; wick ; fuse",noun,шъагъэ | шъагъэр | шъагъэхэ | шъагъэм | шъагъэхэкӏэ | шъагъэхыу | шъагъэу | шъагъэхэм | шъагъэхэр | шъагъэхэмэ | шъагъэкӏэ,accepted
wiktionary-04045,excluded_benchmark_overlap,false,exact_normalized_input_target_or_variant_overlap_with_benchmark,wiktionary,4045,lexicon,шъао,lad ; teenager,noun,шъао | шъаор | шъаом | шъэохэкӏэ | шъэохэм | шъаохэкӏэ | шъаоу | шъэокӏэ | шъэохэ | шъэом | шъэор | шъаохэмэ | шъаохэр | шъаохэм | шъэо | шъэоу | шъаокӏэ | шъаохэ | шъэохэр | шъэохэмэ | шъэохыу | шъаохыу,accepted
wiktionary-04046,validation,true,,wiktionary,4046,lexicon,шъитӏу,two hundred,num,шъитӏу,accepted
wiktionary-04047,train,true,,wiktionary,4047,lexicon,шъищ,three hundred,num,шъищ,accepted
wiktionary-04048,excluded_benchmark_overlap,false,exact_normalized_input_target_or_variant_overlap_with_benchmark,wiktionary,4048,lexicon,шъо,you (plural) ; skin ; color,pron | noun,шъо | шъохэр | шъоуэхэмэ | шъоуэхэм | шъохэм | шъокӏэ | шъом | шъохэ | шъоуэкӏэ | шъоуэ | шъоуэр | шъохэмэ | шъоуэм | шъохэкӏэ | шъоуэхэ | шъохыу | шъоуэхэкӏэ | шъор | шъоуэхыу | шъоу | шъоуэхэр | шъоуыу,accepted
wiktionary-04049,train,true,,wiktionary,4049,lexicon,шъо течъын,color to wear off,verb,шъо течъын,accepted
wiktionary-04050,train,true,,wiktionary,4050,lexicon,шъоблыр,breastband,noun,шъоблыр,accepted
wiktionary-04051,train,true,,wiktionary,4051,lexicon,шъоджан,breastband,noun,шъоджан,accepted
wiktionary-04052,train,true,,wiktionary,4052,lexicon,шъодэны,thong (leather),verb,шъодэны,accepted
wiktionary-04053,train,true,,wiktionary,4053,lexicon,шъойцый,someone poorly dressed,adj,шъойцый,accepted
wiktionary-04054,train,true,,wiktionary,4054,lexicon,шъомпӏэжъ,beetle,noun,шъомпӏэжъ | шъомпӏэжъэхэ | шъомпӏэжъэм | шъомпӏэжъэхэр | шъомпӏэжъыу | шъомпӏэжъэкӏэ | шъомпӏэжъэ | шъомпӏэжъэр | шъомпӏэжъэхэм | шъомпӏэжъэхэмэ | шъомпӏэжъэхэкӏэ | шъомпӏэжъэхыу,accepted
wiktionary-04055,train,true,,wiktionary,4055,lexicon,шъон кӏуачӏэ,alcohol drink,noun,шъон кӏуачӏэ | шъон кӏуачӏэкӏэ | шъон кӏуачӏэхыу | шъон кӏуачӏэхэмэ | шъон кӏуачӏэхэкӏэ | шъон кӏуачӏэу | шъон кӏуачӏэхэ | шъон кӏуачӏэхэм | шъон кӏуачӏэхэр | шъон кӏуачӏэр | шъон кӏуачӏэм,accepted
wiktionary-04056,excluded_benchmark_overlap,false,exact_normalized_input_target_or_variant_overlap_with_benchmark,wiktionary,4056,lexicon,шъоны,drink,noun,шъоны | шъоныхэкӏэ | шъоным | шъоныхыу | шъоныхэр | шъоныхэм | шъоныу | шъоныкӏэ | шъоныхэмэ | шъоныр,accepted
wiktionary-04057,train,true,,wiktionary,4057,lexicon,шъорышӏ,"dandy, foppish, a man overly concerned with his appearance.",adj,шъорышӏ,accepted
wiktionary-04058,train,true,,wiktionary,4058,lexicon,шъорышӏын,"to be crafty, cunning, to sly ; to be foppish, to be dandy",verb,шъорышӏын,accepted
wiktionary-04059,train,true,,wiktionary,4059,lexicon,шъотехьэ-текӏ,changeable color ; color shifting,adj,шъотехьэ-текӏ,accepted
wiktionary-04060,train,true,,wiktionary,4060,lexicon,шъотехьэтекӏ,chameleon,noun,шъотехьэтекӏ | шъотехьэтекӏэхэкӏэ | шъотехьэтекӏэкӏэ | шъотехьэтекӏэхэ | шъотехьэтекӏэхэм | шъотехьэтекӏэхэмэ | шъотехьэтекӏэ | шъотехьэтекӏэр | шъотехьэтекӏэхэр | шъотехьэтекӏэм | шъотехьэтекӏыу | шъотехьэтекӏэхыу,accepted
wiktionary-04061,train,true,,wiktionary,4061,lexicon,шъотэгын,petroleum,noun,шъотэгын | шъотэгынэкӏэ | шъотэгынэхэмэ | шъотэгыныу | шъотэгынэхэр | шъотэгынэхэ | шъотэгынэм | шъотэгынэхэкӏэ | шъотэгынэхыу | шъотэгынэр | шъотэгынэхэм | шъотэгынэ,accepted
wiktionary-04062,train,true,,wiktionary,4062,lexicon,шъоу,honey,noun,шъоу | шъоуэм | шъоуэхэм | шъоуэхэмэ | шъоуэхыу | шъоуэхэр | шъоуэхэ | шъоуэкӏэ | шъоуэ | шъоуэр | шъоуэхэкӏэ | шъоуыу,accepted
wiktionary-04063,train,true,,wiktionary,4063,lexicon,шъоуалъэ,whistle,noun,шъоуалъэ | шъоуалъэхэм | шъоуалъэр | шъоуалъэхэкӏэ | шъоуалъэхэмэ | шъоуалъэкӏэ | шъоуалъэу | шъоуалъэм | шъоуалъэхэ | шъоуалъэхыу | шъоуалъэхэр,accepted
wiktionary-04064,train,true,,wiktionary,4064,lexicon,шъоущыгъу,sugar,noun,шъоущыгъу | шъоущыгъуэ | шъоущыгъуэм | шъоущыгъуэхэр | шъоущыгъуэхэ | шъоущыгъуэхэм | шъоущыгъуэхэмэ | шъоущыгъуэхэкӏэ | шъоущыгъухыу | шъоущыгъуыу | шъоущыгъуэр | шъоущыгъуэкӏэ,accepted
wiktionary-04065,validation,true,,wiktionary,4065,lexicon,шъофбзыу,Steppe bird,noun,шъофбзыу | шъофбзыуэр | шъофбзыуэхэм | шъофбзыуэхэкӏэ | шъофбзыуэм | шъофбзыуэхэмэ | шъофбзыуэхэр | шъофбзыуыу | шъофбзыуэхэ | шъофбзыуэкӏэ | шъофбзыуэ | шъофбзыухыу,accepted
wiktionary-04066,train,true,,wiktionary,4066,lexicon,шъофы,field,noun,шъофы | шъофым | шъофыу | шъофыкӏэ | шъофыхэм | шъофыхэр | шъофыхыу | шъофыхэмэ | шъофыхэкӏэ | шъофыр,accepted
wiktionary-04067,validation,true,,wiktionary,4067,lexicon,шъохътан,leather corset (which used to be worn by girls),noun,шъохътан,accepted
wiktionary-04068,test,true,,wiktionary,4068,lexicon,шъохъу-тӏыхъу,"scabies, skin itch",noun,шъохъу-тӏыхъу,accepted
wiktionary-04069,test,true,,wiktionary,4069,lexicon,шъуаджэ,"ill-starred, ill-fated ; leprous",adj,шъуаджэ,accepted
wiktionary-04070,train,true,,wiktionary,4070,lexicon,шъуае,rat,noun,шъуае,accepted
wiktionary-04071,train,true,,wiktionary,4071,lexicon,шъуалъэ,"cup, glass",noun,шъуалъэ | шъуалъэр | шъуалъэхэм | шъуалъэм | шъуалъэхэкӏэ | шъуалъэкӏэ | шъуалъэу | шъуалъэхэр | шъуалъэхэмэ | шъуалъэхэ | шъуалъэхыу,accepted
wiktionary-04072,train,true,,wiktionary,4072,lexicon,шъуамбгъо,"wide, big width",adj,шъуамбгъо | шъуабгъо,accepted
wiktionary-04073,train,true,,wiktionary,4073,lexicon,шъуампӏэ,"peel (The skin or outer layer of a fruit, vegetable, etc.)",noun,шъуампӏэ | шъуапӏэхэ | шъуампӏэм | шъуампӏэхэкӏэ | шъуампӏэхэм | шъуапӏэу | шъуампӏэхыу | шъуампӏэкӏэ | шъуампӏэр | шъуапӏэ | шъуапӏэхыу | шъуапӏэхэкӏэ | шъуампӏэхэ | шъуампӏэу | шъуампӏэхэр | шъуапӏэр | шъуампӏэхэмэ | шъуапӏэм | шъуапӏэхэмэ | шъуапӏэкӏэ | шъуапӏэхэм | шъуапӏэхэр,accepted
wiktionary-04074,train,true,,wiktionary,4074,lexicon,шъуапэ,cockroach,noun,шъуапэ | шъуапэхэр | шъуапэхэмэ | шъуапэу | шъуапэхэм | шъуапэр | шъуапэм | шъуапэхыу | шъуапэхэ | шъуапэхэкӏэ | шъуапэкӏэ,accepted
wiktionary-04075,train,true,,wiktionary,4075,lexicon,шъуатэ,alcohol drink,noun,шъуатэ,accepted
wiktionary-04076,train,true,,wiktionary,4076,lexicon,шъуашэ,national costume,noun,шъуашэ,accepted
wiktionary-04077,train,true,,wiktionary,4077,lexicon,шъугъон,"to envy, to be envious",verb,шъугъон | ешъугъон,accepted
wiktionary-04078,train,true,,wiktionary,4078,lexicon,шъуз,wife ; woman,noun,шъуз | шъузэкӏэ | шъузэхэм | шъузэм | шъузэр | шъузэхэмэ | шъузыу | шъузэхыу | шъузэхэр | шъузэ | шъузэхэ | шъузэхэкӏэ,accepted
wiktionary-04079,train,true,,wiktionary,4079,lexicon,шъуз псынжъы,harlot; prostitute,noun,шъуз псынжъы,accepted
wiktionary-04080,validation,true,,wiktionary,4080,lexicon,шъузабэ,widow,noun,шъузабэ | шъузабэкӏэ | шъузабэхэкӏэ | шъузабэм | шъузабэхэм | шъузабэхэр | шъузабэхыу | шъузабэхэ | шъузабэхэмэ | шъузабэр | шъузабэу,accepted
wiktionary-04081,train,true,,wiktionary,4081,lexicon,шъуин,to whistle,verb,шъуин | мэшъуен | шъуен,accepted
wiktionary-04082,train,true,,wiktionary,4082,lexicon,шъумэ,"stench, stink",noun,шъумэ | шъумэхэр | шъумэкӏэ | шъумэу | шъумэхэмэ | шъумэм | шъумэхэм | шъумэхэкӏэ | шъумэхыу | шъумэхэ | шъумэр,accepted
wiktionary-04083,train,true,,wiktionary,4083,lexicon,шъун,to get wet (usually by wet/soaked clothes) ; to get soaked ; to get rot; to decompose,verb,шъун,accepted
wiktionary-04084,validation,true,,wiktionary,4084,lexicon,шъуты,"butt, buttock",noun,шъуты | шъутыр | шъутым | шъутыкӏэ | шъутыхэкӏэ | шъутыхэм | шъутыхэмэ | шъутыхыу | шъутыу | шъутыхэр,accepted
wiktionary-04085,test,true,,wiktionary,4085,lexicon,шъуты къеон,"(vulgar, slang) to butthurt; to overly annoyed or bothered by a perceived insult; needlessly offended",verb,шъуты къеон,accepted
wiktionary-04086,train,true,,wiktionary,4086,lexicon,шъуты лэн,"(vulgar, slang) to fool someone",verb,шъуты лэн,accepted
wiktionary-04087,train,true,,wiktionary,4087,lexicon,шъутыгъуанэ,asshole; anus,noun,шъутыгъуанэ,accepted
wiktionary-04088,test,true,,wiktionary,4088,lexicon,шъутыжъ,"(slang) sexy (Of a person, very physically or sexually attractive)",adj,шъутыжъ,accepted
wiktionary-04089,train,true,,wiktionary,4089,lexicon,шъутым къикӏыжьын,"(vulgar, slang) to do a certain activity repetitively many times to the point that one gets bored or burned out from that activity",verb,шъутым къикӏыжьын,accepted
wiktionary-04090,validation,true,,wiktionary,4090,lexicon,шъутыпашъо,butt cheek,noun,шъутыпашъо | шъутыпашъохэм | шъутыпашъокӏэ | шъутыпашъом | шъутыпашъоу | шъутыпашъор | шъутыпашъохэ | шъутыпашъохэмэ | шъутыпашъохыу | шъутыпашъохэкӏэ | шъутыпашъохэр,accepted
wiktionary-04091,validation,true,,wiktionary,4091,lexicon,шъутыпцӏэ,"bare naked, bare-assed, bare-bottomed, a person that his buttock/butt is visible ; butt-naked",adj,шъутыпцӏэ | шъутыпсӏэ,accepted
wiktionary-04092,train,true,,wiktionary,4092,lexicon,шъутырын,to kick,verb,шъутырын | ешъутырын | мэшъутырэн,accepted
wiktionary-04093,train,true,,wiktionary,4093,lexicon,шъутырэхьын,to kick around,verb,шъутырэхьын | мэшъутырэхьын,accepted
wiktionary-04094,train,true,,wiktionary,4094,lexicon,шъуялъэ,whistle (device),noun,шъуялъэ | шъуилэхэм | шъуялъэхыу | шъуялыу | шъуилэкӏэ | шъуялэхэм | шъуилэр | шъуилэм | шъуялъэм | шъуялъэхэм | шъуялъэкӏэ | шъуялэм | шъуялэхэкӏэ | шъуялэ | шъуил | шъуялъэхэкӏэ | шъуилэ | шъуилэхэмэ | шъуилэхыу | шъуилэхэкӏэ | шъуилыу | шъуялэхэр | шъуилэхэр | шъуялэхыу | шъуялэкӏэ | шъуял | шъуялэр | шъуялъэхэ | шъуялъэхэмэ | шъуялэхэмэ | шъуялъэу | шъуялэхэ | шъуялъэхэр | шъуилэхэ | шъуялъэр,accepted
wiktionary-04095,train,true,,wiktionary,4095,lexicon,шъхъэи,"small, tiny",adj,шъхъэи,accepted
wiktionary-04096,excluded_benchmark_overlap,false,exact_normalized_input_target_or_variant_overlap_with_benchmark,wiktionary,4096,lexicon,шъхьадж,everyone; each one; every,pron,шъхьадж,accepted
wiktionary-04097,excluded_benchmark_overlap,false,exact_normalized_input_target_or_variant_overlap_with_benchmark,wiktionary,4097,lexicon,шъхьадэхьан,to go over,verb,шъхьадэхьан | жэхэхьан | зэбгырыхьан | пыхьан | кӏоцӏы | шъхьапырыхьан | ӏу | хэхьан | кӏоцӏыхьан | лъы | и | кӏэлъыры | пэхьан | бгъодэ | техьан | кӏэлъырыхьан | бгъодэхьан | шъхьадэ | хэ | зэбгыры | те | ӏухьан | чӏэ | дэ | гохьан | къохьан | го | шъхьапыры | пы | зэкӏэ | чӏэхьан | жэхэ | жэдэ | ихьан | жэдэхьан | лъыхьан | къо | джыхэхьэн | дэхьан | зэкӏэхьан,accepted
wiktionary-04098,excluded_benchmark_overlap,false,exact_normalized_input_target_or_variant_overlap_with_benchmark,wiktionary,4098,lexicon,шъхьае,for,conj,шъхьае,accepted
wiktionary-04099,test,true,,wiktionary,4099,lexicon,шъхьакӏо,grievance ; unfortunate problem ; humiliation ; offense,noun,шъхьакӏо | шъхьакӏор | шъхьакӏоу | шъхьакӏохэ | шъхьакӏохэм | шъхьакӏом | шъхьакӏохэр | шъхьакӏокӏэ | шъхьакӏохэмэ | шъхьакӏохэкӏэ | шъхьакӏохыу,accepted
wiktionary-04100,train,true,,wiktionary,4100,lexicon,шъхьакӏо ехын,"to humiliate, to abase ; to offend",verb,шъхьакӏо ехын,accepted
wiktionary-04101,train,true,,wiktionary,4101,lexicon,шъхьакӏун,to humiliate ; to offend,verb,шъхьакӏун,accepted
wiktionary-04102,train,true,,wiktionary,4102,lexicon,шъхьакӏэ,"however, although, yet",adv,шъхьакӏэ | шъхьэкӏьэ | ащ шъхьэкӏьэ,accepted
wiktionary-04103,train,true,,wiktionary,4103,lexicon,шъхьалы,mill,noun,шъхьалы | шъхьалыкӏэ | шъхьалыхэкӏэ | шъхьалыхэм | шъхьалыу | шъхьалыхыу | шъхьалым | шъхьалыхэмэ | шъхьалыр | шъхьалыхэр,accepted
wiktionary-04104,train,true,,wiktionary,4104,lexicon,шъхьангъупчъэ,window,noun,шъхьангъупчъэ | шъхьэнгъупчъэ | шъхьангъупчъэхэкӏэ | шъхьангъупчъэхэм | шъхьангъупчъэу | тхьэмгъупчээкӏэ | тхьэмгъупчээхэ | тхьэмгъупчэ | шъхьангъупчъэм | шъхьангъупчъэкӏэ | тхьэмгъупчээм | тхьэмгъупчээхэр | тхьэмгъупчээхэм | шъхьангъупчъэхэр | тхьэмгъупчээр | тхьэмгъупчээхэкӏэ | шъхьангъупчъэр | шъхьангъупчъэхыу | шъхьангъупчъэхэ | тхьэмгъупчээхэмэ | тхьэмгъупчээхыу | тхьэмгъупчэыу | шъхьангъупчъэхэмэ | тхьэмгъупчээ,accepted
wiktionary-04105,train,true,,wiktionary,4105,lexicon,шъхьанд,"bushes, shrubs, shrubbery",noun,шъхьанд | шъхьандэр | шъхьандэхэр | шъхьандыу | шъхьандэхэкӏэ | шъхьандэхэм | шъхьандэхэмэ | шъхьандэ | шъхьандэхыу | шъхьандэкӏэ | шъхьандэм | шъхьандэхэ,accepted
wiktionary-04106,train,true,,wiktionary,4106,lexicon,шъхьантэ,pillow,noun,шъхьантэ | шъхьантэхэкӏэ | шъхьатэхыу | шъхьатэхэмэ | шъхьатэхэ | шъхьантэхэр | шъхьантэхэмэ | шъхьатэ | шъхьатэхэм | шъхьантэхэм | шъхьантэр | шъхьатэу | шъхьантэм | шъхьатэм | шъхьатэкӏэ | шъхьатэхэкӏэ | шъхьатэхэр | шъхьантэу | шъхьатэр | шъхьантэхэ | шъхьантэхыу | шъхьантэкӏэ,accepted
wiktionary-04107,train,true,,wiktionary,4107,lexicon,шъхьапцӏэ,"bareheaded, a person without any cover on the head like headgear, hat and veil.",noun,шъхьапцӏэ | шъхьапцӏэр | шъхьапцӏэхэ | шъхьапсӏэхэкӏэ | шъхьапсӏэхыу | шъхьапцӏэкӏэ | шъхьапцӏэхыу | шъхьапсӏэхэр | шъхьапсӏэм | шъхьапцӏэм | шъхьапсӏэхэмэ | шъхьапсӏэр | шъхьапцӏэхэм | шъхьапсӏэ | шъхьапцӏэхэкӏэ | шъхьапсӏэхэ | шъхьапцӏэу | шъхьапсӏэхэм | шъхьапсӏэу | шъхьапцӏэхэмэ | шъхьапцӏэхэр | шъхьапсӏэкӏэ,accepted
wiktionary-04108,train,true,,wiktionary,4108,lexicon,шъхьарыгущыӏ,"twaddler, babbler",noun,шъхьарыгущыӏ,accepted
wiktionary-04109,excluded_benchmark_overlap,false,exact_normalized_input_target_or_variant_overlap_with_benchmark,wiktionary,4109,lexicon,шъхьарыхъон,hood,noun,шъхьарыхъон | шъхьарыхъонэм | шъхьарыхъонэр | шъхьарыхъонэхэмэ | шъхьарыхъонэхыу | шъхьарыхъонэхэр | шъхьарыхъонэкӏэ | шъхьарыхъонэ | шъхьарыхъонэхэм | шъхьарыхъонэхэ | шъхьарыхъонэхэкӏэ | шъхьарыхъоныу,accepted
wiktionary-04110,validation,true,,wiktionary,4110,lexicon,шъхьас,mercy,noun,шъхьас,accepted
wiktionary-04111,train,true,,wiktionary,4111,lexicon,шъхьасын,"to pity, to commiserate, to have mercy upon",verb,шъхьасын,accepted
wiktionary-04112,train,true,,wiktionary,4112,lexicon,шъхьатепӏо,lid (The top or cover of a container),noun,шъхьатепӏо | шъхьатепӏэ | шъхьэтэпӏ,accepted
wiktionary-04113,train,true,,wiktionary,4113,lexicon,шъхьаф-шъхьафэу,separately,adj,шъхьаф-шъхьафэу,accepted
wiktionary-04114,excluded_benchmark_overlap,false,exact_normalized_input_target_or_variant_overlap_with_benchmark,wiktionary,4114,lexicon,шъхьафы,"different, separated",adj,шъхьафы,accepted
wiktionary-04115,test,true,,wiktionary,4115,lexicon,шъхьахын,"to be lazy, to be unwilling to do work or make an effort",verb,шъхьахын,accepted
wiktionary-04116,excluded_benchmark_overlap,false,exact_normalized_input_target_or_variant_overlap_with_benchmark,wiktionary,4116,lexicon,шъхьацы,hair,noun,шъхьацы | шъхьацыхэмэ | шъхьацым | шъхьацыр | шъхьацыхыу | шъхьацыкӏэ | шъхьацыхэм | шъхьацыхэкӏэ | шъхьацыхэр | шъхьацыу,accepted
wiktionary-04117,train,true,,wiktionary,4117,lexicon,шъхьацышъо,hair lash (head),noun,шъхьацышъо | шъхьацышъохэм | шъхьацышъом | шъхьацышъоу | шъхьацышъохыу | шъхьацышъор | шъхьацышъохэмэ | шъхьацышъокӏэ | шъхьацышъохэкӏэ | шъхьацышъохэ | шъхьацышъохэр,accepted
wiktionary-04118,train,true,,wiktionary,4118,lexicon,шъхьацышъо мэтэджын,to have chills,verb,шъхьацышъо мэтэджын,accepted
wiktionary-04119,train,true,,wiktionary,4119,lexicon,шъхьач,back of the head; occiput,noun,шъхьач | шъхьачэхэм | шъхьачэр | шъхьачэхэ | шъхьачэхэмэ | шъхьачэм | шъхьачэкӏэ | шъхьачэхыу | шъхьачэ | шъхьачэхэкӏэ | шъхьачыу | шъхьачэхэр,accepted
wiktionary-04120,train,true,,wiktionary,4120,lexicon,шъхьачъэ-лъэчъэн,to become anxious / uneasy ; to run back and forth,adj,шъхьачъэ-лъэчъэн,accepted
wiktionary-04121,train,true,,wiktionary,4121,lexicon,шъхьашыгу,the topmost part of the head (crown),noun,шъхьашыгу,accepted
wiktionary-04122,train,true,,wiktionary,4122,lexicon,шъхьащэ фэшӏын,to bow,verb,шъхьащэ фэшӏын,accepted
wiktionary-04123,train,true,,wiktionary,4123,lexicon,шъхьи шъути иӏэп,(vulgar) meaningless,intj,шъхьи шъути иӏэп,accepted
wiktionary-04124,excluded_benchmark_overlap,false,exact_normalized_input_target_or_variant_overlap_with_benchmark,wiktionary,4124,lexicon,шъхьэ,head,noun,шъхьэ | шъхьэхэ | шъхьэм | шъхьэхэм | шъхьэу | шъхьэкӏэ | шъхьэхэкӏэ | шъхьэхэмэ | шъхьэр | шъхьэхэр | шъхьэхыу,accepted
wiktionary-04125,validation,true,,wiktionary,4125,lexicon,шъхьэ къыӏэпыкӏын,to lost one's mind; to become mad; to go crazy; to lose it,verb,шъхьэ къыӏэпыкӏын,accepted
wiktionary-04126,train,true,,wiktionary,4126,lexicon,шъхьэ убытын,to get wasted; to get very drunk or stoned,verb,шъхьэ убытын,accepted
wiktionary-04127,train,true,,wiktionary,4127,lexicon,шъхьэ шӏохын,to decapitate; to behead; to cut someone's head off.,verb,шъхьэ шӏохын,accepted
wiktionary-04128,validation,true,,wiktionary,4128,lexicon,шъхьэгъусэ,"spouse, marriage partner ; (dated) wife",noun,шъхьэгъусэ | шъхьэгъусэм | шъхьэгъусэхэкӏэ | шъхьэгъусэу | шъхьэгъусэхыу | шъхьэгъусэкӏэ | шъхьэгъусэр | шъхьэгъусэхэмэ | шъхьэгъусэхэм | шъхьэгъусэхэ | шъхьэгъусэхэр,accepted
wiktionary-04129,train,true,,wiktionary,4129,lexicon,шъхьэджашъу,baldhead,adj,шъхьэджашъу | шъхьэгьашъуэхэм | шъхьэджашъуэкӏэ | шъхьэгьашъуэм | шъхьэджашъуэр | шъхьэгьашъуэхэр | шъхьэгьашъуэхэкӏэ | шъхьэгьашъуэр | шъхьэгьашъуэкӏэ | шъхьэгьашъуыу | шъхьэджашъуыу | шъхьэджашъуэхэм | шъхьэгьашъу | шъхьэджашъуэхэр | шъхьэджашъуэхэ | шъхьэджашъуэм | шъхьэджашъуэхэкӏэ | шъхьэджашъухыу | шъхьэгьашъуэхэмэ | шъхьэгьашъуэ | шъхьэджашъуэхэмэ | шъхьэгьашъухыу | шъхьэджашъуэ | шъхьэгьашъуэхэ,accepted
wiktionary-04130,train,true,,wiktionary,4130,lexicon,шъхьэкъуй,baldhead,adj,шъхьэкъуй | шъхьэкъуйэм | шъхьэкъуйэкӏэ | шъхьэкъуйэхыу | шъхьэкъуйэхэкӏэ | шъхьэкъуйыу | шъхьэкъуйэр | шъхьэкъуйэхэм | шъхьэкъуйэхэ | шъхьэкъуйэ | шъхьэкъуйэхэмэ | шъхьэкъуйэхэр,accepted
wiktionary-04131,validation,true,,wiktionary,4131,lexicon,шъхьэкӏафэ,polite ; respect,adj | noun,шъхьэкӏафэ,accepted
wiktionary-04132,train,true,,wiktionary,4132,lexicon,шъхьэкӏэ къэӏон,to say something clearly while being fully self aware,verb,шъхьэкӏэ къэӏон | ишъхьэкӏэ къиӏон | ышъхьэкӏэ къыӏон,accepted
wiktionary-04133,train,true,,wiktionary,4133,lexicon,шъхьэкӏэ трехын,to be insane,verb,шъхьэкӏэ трехын,accepted
wiktionary-04134,train,true,,wiktionary,4134,lexicon,шъхьэкӏэфэныгъ,respect,noun,шъхьэкӏэфэныгъ,accepted
wiktionary-04135,train,true,,wiktionary,4135,lexicon,шъхьэм иубытэн,to memorize,verb,шъхьэм иубытэн,accepted
wiktionary-04136,train,true,,wiktionary,4136,lexicon,шъхьэм къиубытын,to make sense ; to comprehend,verb,шъхьэм къиубытын,accepted
wiktionary-04137,train,true,,wiktionary,4137,lexicon,шъхьэм къихьэн,something to come to the mind,verb,шъхьэм къихьэн,accepted
wiktionary-04138,train,true,,wiktionary,4138,lexicon,шъхьэмажьэ,comb,noun,шъхьэмажьэ | шъхьэмажьэм | шъхьэмажьэр | шъхьэмажьэхэкӏэ | шъхьэмажьэхэмэ | шъхьэмажьэхэм | шъхьэмажьэхыу | шъхьэмажьэхэ | шъхьэмажьэу | шъхьэмажьэхэр | шъхьэмажьэкӏэ,accepted
wiktionary-04139,train,true,,wiktionary,4139,lexicon,шъхьэныкъо,dumb,adj,шъхьэныкъо,accepted
wiktionary-04140,validation,true,,wiktionary,4140,lexicon,шъхьэпай,playful ; reckless,adj,шъхьэпай,accepted
wiktionary-04141,train,true,,wiktionary,4141,lexicon,шъхьэпразэ,dizzy,adj,шъхьэпразэ,accepted
wiktionary-04142,train,true,,wiktionary,4142,lexicon,шъхьэпылъапӏэ,"gallows, gibbet",noun,шъхьэпылъапӏэ | шъхьэпылъапӏэхэмэ | шъхьэпылъапӏэу | шъхьэпылъапӏэм | шъхьэпылъапӏэхэкӏэ | шъхьэпылъапӏэхэ | шъхьэпылъапӏэхэр | шъхьэпылъапӏэкӏэ | шъхьэпылъапӏэхэм | шъхьэпылъапӏэр | шъхьэпылъапӏэхыу,accepted
wiktionary-04143,train,true,,wiktionary,4143,lexicon,шъхьэпэкӏын,to exceed,verb,шъхьэпэкӏын | шъхьэпэкӏьын,accepted
wiktionary-04144,train,true,,wiktionary,4144,lexicon,шъхьэтелъхьэ,helmet,noun,шъхьэтелъхьэ | шъхьэтелъхьэхэ | шъхьэтелъхьэхэр | шъхьэталъхьэм | шъхьэтелъхьэхыу | шъхьэталъхьэу | шъхьэтелъхьэр | шъхьэтелъхьэм | шъхьэталъхьэкӏэ | шъхьэтелъхьэхэмэ | шъхьэталъхьэр | шъхьэталъхьэхэм | шъхьэталъхьэхэкӏэ | шъхьэталъхьэхыу | шъхьэтелъхьэхэкӏэ | шъхьэтелъхьэу | шъхьэталъхьэ | шъхьэтелъхьэхэм | шъхьэтелъхьэкӏэ | шъхьэталъхьэхэр | шъхьэталъхьэхэ | шъхьэталъхьэхэмэ,accepted
wiktionary-04145,train,true,,wiktionary,4145,lexicon,шъхьэтепхъу,headgear,noun,шъхьэтепхъу | шъхьэтепхъуэхэр | шъхьэтепхъуэм | шъхьэтепхъуэкӏэ | шъхьэтепхъуыу | шъхьэтепхъуэхэм | шъхьэтепхъуэр | шъхьэтепхъухыу | шъхьэтепхъуэхэкӏэ | шъхьэтепхъуэхэ | шъхьэтепхъуэ | шъхьэтепхъуэхэмэ,accepted
wiktionary-04146,train,true,,wiktionary,4146,lexicon,шъхьэтехъу,"shawl (a square piece of cloth worn as a covering for the head, neck, and shoulders) ; veil ; headscarf",noun,шъхьэтехъу | шъхьэтехъуэкӏэ | шъхьэтехъуыу | шъхьэтехъуэхэм | шъхьэтехъуэр | шъхьэтехъуэм | шъхьэтехъухыу | шъхьэтехъуэхэ | шъхьэтехъуэхэр | шъхьэтехъуэхэмэ | шъхьэтехъуэхэкӏэ | шъхьэтехъуэ,accepted
wiktionary-04147,train,true,,wiktionary,4147,lexicon,шъхьэубат,nonsense,adj,шъхьэубат | шъхьэубэтагъ,accepted
wiktionary-04148,train,true,,wiktionary,4148,lexicon,шъхьэубэтэн,to talk nonsense,verb,шъхьэубэтэн | шъхьэ убэтэн,accepted
wiktionary-04149,train,true,,wiktionary,4149,lexicon,шъхьэузы,headache,noun,шъхьэузы | шъхьэузым | шъхьэузыкӏэ | шъхьэузыхэм | шъхьэузыхыу | шъхьэузыр | шъхьэузыхэкӏэ | шъхьэузыхэмэ | шъхьэузыу | шъхьэузыхэр,accepted
wiktionary-04150,validation,true,,wiktionary,4150,lexicon,шъхьэукъэн,"to doze off, to get drowsy",verb,шъхьэукъэн,accepted
wiktionary-04151,train,true,,wiktionary,4151,lexicon,шъхьэфитынгъэ,freedom,noun,шъхьэфитынгъэ | шъхьафитныгъ,accepted
wiktionary-04152,train,true,,wiktionary,4152,lexicon,шъхьэфэшӏужь,"mercenary, selfish, self-interested, greedy",adj,шъхьэфэшӏужь,accepted
wiktionary-04153,train,true,,wiktionary,4153,lexicon,шъхьэхъу,flowerpot,noun,шъхьэхъу | шъхьэхъухыу | шъхьэхъуэхэ | шъхьэхъуэхэмэ | шъхьэхъуэхэм | шъхьэхъуэкӏэ | шъхьэхъуэм | шъхьэхъуэхэкӏэ | шъхьэхъуэхэр | шъхьэхъуэ | шъхьэхъуыу | шъхьэхъуэр,accepted
wiktionary-04154,train,true,,wiktionary,4154,lexicon,шъхьэц,hair (on head),noun,шъхьэц | шъхьэцыу | шъхьэцэм | шъхьэцэхэкӏэ | шъхьэцэхэм | шъхьэцэкӏэ | шъхьэцхыу | шъхьэцэхэ | шъхьэцэхэмэ | шъхьэцэхэр | шъхьэцэр | шъхьэцэ,accepted
wiktionary-04155,train,true,,wiktionary,4155,lexicon,шъхьэщытхъужь,"boaster, braggart; bragger",noun,шъхьэщытхъужь | шъхьэщытхъужьэхэ | шъхьэщытхъужьэкӏэ | шъхьэщытхъужьыу | шъхьэщытхъужьхыу | шъхьэщытхъужьэхэм | шъхьэщытхъужьэм | шъхьэщытхъужьэхэмэ | шъхьэщытхъужьэхэкӏэ | шъхьэщытхъужьэхэр | шъхьэщытхъужьэ | шъхьэщытхъужьэр,accepted
wiktionary-04156,train,true,,wiktionary,4156,lexicon,шъхьэӏатынгъэ,pride,noun,шъхьэӏатынгъэ | шъхьэӏатынгъэм | шъхьэатынгъэхэмэ | шъхьэатынгъэхэкӏэ | шъхьэатынгъэр | шъхьэӏатынгъэхэ | шъхьэатынгъэхэр | шъхьэатынгъэхэм | шъхьэӏатынгъэхэм | шъхьэатынгъэм | шъхьэатынгъэкӏэ | шъхьэӏатынгъэр | шъхьэатынгъэу | шъхьэӏатынгъэхэр | шъхьэатынгъэхыу | шъхьэӏатынгъэхэмэ | шъхьэатынгъэ | шъхьэӏатынгъэкӏэ | шъхьэӏатынгъэхэкӏэ | шъхьэӏатынгъэу | шъхьэӏатынгъэхыу | шъхьэатынгъэхэ,accepted
wiktionary-04157,train,true,,wiktionary,4157,lexicon,шъхьэӏужъу,idiot (literary: wide head),adj,шъхьэӏужъу,accepted
wiktionary-04158,train,true,,wiktionary,4158,lexicon,шъхьэӏух,corkscrew,noun,шъхьэӏух | шъхьэӏухэхыу | шъхьэӏухэхэкӏэ | шъхьэӏухэкӏэ | шъхьэӏухэр | шъхьэӏухэхэр | шъхьэӏухэ | шъхьэӏухэм | шъхьэӏухэхэ | шъхьэӏухэхэмэ | шъхьэӏухэхэм | шъхьэӏухыу,accepted
wiktionary-04159,validation,true,,wiktionary,4159,lexicon,шъыбын,to block/seal a flow or a hole,verb,шъыбын | ушъыбын,accepted
wiktionary-04160,train,true,,wiktionary,4160,lexicon,шъыгъо,mourning,noun,шъыгъо | шъыгъом | шъыгъохэ | шъыгъохэр | шъыгъокӏэ | шъыгъоу | шъыгъохыу | шъыгъор | шъыгъохэмэ | шъыгъохэм | шъыгъохэкӏэ,accepted
wiktionary-04161,train,true,,wiktionary,4161,lexicon,шъыкӏэ,shape,noun,шъыкӏэ | шъыкӏэу | шъыкӏэхыу | шъыкӏэр | шъыкӏэхэм | шъыкӏэм | шъыкӏэхэр | шъыкӏэкӏэ | шъыкӏэхэ | шъыкӏэхэкӏэ | шъыкӏэхэмэ,accepted
wiktionary-04162,train,true,,wiktionary,4162,lexicon,шъынэ,lamb,noun,шъынэ | шъынэхэ | шъынэм | шъынэхэмэ | шъынэкӏэ | шъынэхэкӏэ | шъынэхэм | шъынэу | шъынэхэр | шъынэр | шъынэхыу,accepted
wiktionary-04163,excluded_benchmark_overlap,false,exact_normalized_input_target_or_variant_overlap_with_benchmark,wiktionary,4163,lexicon,шъыпкъэ,"an expression of suddenly finding a new idea or solution or question, oh ; truth",intj | noun,шъыпкъэ,accepted
wiktionary-04164,validation,true,,wiktionary,4164,lexicon,шъыпкъэмкӏэ,"actually, in truth",adv,шъыпкъэмкӏэ,accepted
wiktionary-04165,train,true,,wiktionary,4165,lexicon,шъыпкъэу,truthfully ; seriously,adv,шъыпкъэу,accepted
wiktionary-04166,train,true,,wiktionary,4166,lexicon,шъырыт,humble,adj,шъырыт | шъырытэхэкӏэ | шъырытэхыу | шъырытэм | шъырытэ | шъырытэхэм | шъырытэхэ | шъырытэкӏэ | шъырытэхэмэ | шъырытэр | шъырытэхэр | шъырытыу,accepted
wiktionary-04167,train,true,,wiktionary,4167,lexicon,шъыхь,doe ; hind,noun,шъыхь | шъыхьыу | шъыхьэкӏэ | шъыхьэ | шъыхьэхэм | шъыхьэхэр | шъыхьэр | шъыхьэм | шъыхьэхэмэ | шъыхьэхыу | шъыхьэхэкӏэ | шъыхьэу | шъыхьэхэ,accepted
wiktionary-04168,train,true,,wiktionary,4168,lexicon,шъыхьэ,reindeer ; deer,noun,шъыхьэ | шъыхьэкӏэ | шъыхьэхэм | шъыхьэхэр | шъыхьэр | шъыхьэм | шъыхьэхэмэ | шъыхьэхыу | шъыхьэхэкӏэ | шъыхьэу | шъыхьэхэ,accepted
wiktionary-04169,excluded_benchmark_overlap,false,exact_normalized_input_target_or_variant_overlap_with_benchmark,wiktionary,4169,lexicon,шъэ,hundred,num,шъэ,accepted
wiktionary-04170,train,true,,wiktionary,4170,lexicon,шъэджашъ,"huge, vast, enormous",adj,шъэджашъ | шъэгьашъ,accepted
wiktionary-04171,test,true,,wiktionary,4171,lexicon,шъэджэшъэжъ,very huge,adj,шъэджэшъэжъ,accepted
wiktionary-04172,train,true,,wiktionary,4172,lexicon,шъэжъые,knife,noun,шъэжъые | шъэжъыехыу | шъэжъыем | шъэжъыехэмэ | шъэжъыехэкӏэ | шъэжъыехэм | шъэжъыеу | шъэжъыехэ | шъэжъыер | шъэжъыекӏэ | шъэжъыехэр,accepted
wiktionary-04173,train,true,,wiktionary,4173,lexicon,шъэжъыяц,blade,noun,шъэжъыяц | шъэжъыяцэкӏэ | шъэжъыяцыу | шъэжъыяцэхэмэ | шъэжъыяцэхэм | шъэжъыяцэм | шъэжъыяцэ | шъэжъыяцэхэкӏэ | шъэжъыяцэхыу | шъэжъыяцэхэр | шъэжъыяцэхэ | шъэжъыяцэр,accepted
wiktionary-04174,test,true,,wiktionary,4174,lexicon,шъэн,to weave,verb,шъэн,accepted
wiktionary-04175,test,true,,wiktionary,4175,lexicon,шъэнэкъо,fifty,num,шъэнэкъо,accepted
wiktionary-04176,train,true,,wiktionary,4176,lexicon,шъэогъу,friend,noun,шъэогъу | шъэогъуэхэмэ | шъэогъуэхэ | шъэогъуэхэр | шъэогъуэр | шъэогъуэкӏэ | шъэогъуэхэкӏэ | шъэогъуэхэм | шъэогъуэ | шъэогъухыу | шъэогъуэм | шъэогъуыу,accepted
wiktionary-04177,train,true,,wiktionary,4177,lexicon,шъэожъые,boy,noun,шъэожъые,accepted
wiktionary-04178,train,true,,wiktionary,4178,lexicon,шъэфы,"quiet, silence",adj,шъэфы,accepted
wiktionary-04179,train,true,,wiktionary,4179,lexicon,шы,horse ; brother,noun,шы,accepted
wiktionary-04180,train,true,,wiktionary,4180,lexicon,шыбгъэ,horse chest,noun,шыбгъэ,accepted
wiktionary-04181,train,true,,wiktionary,4181,lexicon,шыбзы,mare,noun,шыбзы | шыбзым | шыбзыхэмэ | шыбзыхэм | шыбзыкӏэ | шыбзыхэкӏэ | шыбзыхэр | шыбзыу | шыбзыхыу | шыбзыр,accepted
wiktionary-04182,train,true,,wiktionary,4182,lexicon,шыблэ,thunder,noun,шыблэ | шыблэм | шыблэр | шыблэхэмэ | шыблэхэкӏэ | шыблэхэ | шыблэкӏэ | шыблэхэм | шыблэу | шыблэхыу | шыблэхэр,accepted
wiktionary-04183,train,true,,wiktionary,4183,lexicon,шыгу,"peak, peak top",noun,шыгу | шыгуэр | шыгуэхэр | шыгуэм | шыгуэхэкӏэ | шыгуэхэм | шыгуэкӏэ | шыгуыу | шыгуэхэ | шыгуэхэмэ | шыгухыу | шыгуэ,accepted
wiktionary-04184,train,true,,wiktionary,4184,lexicon,шыгугъон,to trust,verb,шыгугъон,accepted
wiktionary-04185,test,true,,wiktionary,4185,lexicon,шыгъо,red-haired horse; dun horse,noun,шыгъо | шыгъом | шыгъохэмэ | шыгъохыу | шыгъохэкӏэ | шыгъоу | шыгъохэм | шыгъохэ | шыгъор | шыгъокӏэ | шыгъохэр,accepted
wiktionary-04186,validation,true,,wiktionary,4186,lexicon,шыдзыен,to go away,verb,шыдзыен,accepted
wiktionary-04187,train,true,,wiktionary,4187,lexicon,шыдкъолэн,zebra,noun,шыдкъолэн,accepted
wiktionary-04188,train,true,,wiktionary,4188,lexicon,шыдфэдиз,how much,adv,шыдфэдиз,accepted
wiktionary-04189,train,true,,wiktionary,4189,lexicon,шыкъолэн,zebra,noun,шыкъолэн | шыкъолэнэ | шыкъолэнэр | шыкъолэнэм | шыкъолэныу | шыкъолэнэкӏэ | шыкъолэнэхэмэ | шыкъолэнэхэм | шыкъолэнхыу | шыкъолэнэхэкӏэ | шыкъолэнэхэ | шыкъолэнэхэр,accepted
wiktionary-04190,train,true,,wiktionary,4190,lexicon,шыкъу,dish,noun,шыкъу | шыкъуэ | шыкъуэхэмэ | шыкъуэм | шыкъуэхэм | шыкъуэхэр | шыкъухыу | шыкъуэкӏэ | шыкъуэхэкӏэ | шыкъуэр | шыкъуэхэ | шыкъуыу,accepted
wiktionary-04191,train,true,,wiktionary,4191,lexicon,шыкӏадзэ,sweat-cloth (for horse riding),noun,шыкӏадзэ,accepted
wiktionary-04192,train,true,,wiktionary,4192,lexicon,шыкӏэ,foal,noun,шыкӏэ | шыкӏэхэм | шыкӏэм | шыкӏэкӏэ | шыкӏэу | шыкӏэхэ | шыкӏэхэр | шыкӏэхыу | шыкӏэхэкӏэ | шыкӏэхэмэ | шыкӏэр,accepted
wiktionary-04193,test,true,,wiktionary,4193,lexicon,шыкӏэпшынэ,Shkapshina (Circassian instrument),noun,шыкӏэпшынэ | шыкӏэпшынэхэм | шыкӏэпшынэм | шыкӏэпшынэхэкӏэ | шыкӏэпшынэу | шыкӏэпшынэр | шыкӏэпшынэхыу | шыкӏэпшынэхэр | шыкӏэпшынэкӏэ | шыкӏэпшынэхэ | шыкӏэпшынэхэмэ,accepted
wiktionary-04194,train,true,,wiktionary,4194,lexicon,шыкӏэпшынэ къыфеон,to play Shkapshina for someone ; (slang) to complain to someone repeatedly (to the point of annoyance),verb,шыкӏэпшынэ къыфеон,accepted
wiktionary-04195,excluded_benchmark_overlap,false,exact_normalized_input_target_or_variant_overlap_with_benchmark,wiktionary,4195,lexicon,шын,to measure,verb,шын,accepted
wiktionary-04196,train,true,,wiktionary,4196,lexicon,шынахьыжъ,older brother,noun,шынахьыжъ | шынахьыжъэм | шынахьыжъэ | шынахьыжъэхэр | шынахьыжъэр | шынахьыжъэхэкӏэ | шынахьыжъэхэм | шынахьыжъэхэмэ | шынахьыжъэхыу | шынахьыжъэхэ | шынахьыжъыу | шынахьыжъэкӏэ,accepted
wiktionary-04197,validation,true,,wiktionary,4197,lexicon,шынахьыкӏ,younger brother,noun,шынахьыкӏ | шынахьыкӏэхэм | шынахьыкӏыу | шынахьыкӏэр | шынахьыкӏэхэр | шынахьыкӏэхэмэ | шынахьыкӏэхэ | шынахьыкӏэм | шынахьыкӏэкӏэ | шынахьыкӏэхыу | шынахьыкӏэ | шынахьыкӏэхэкӏэ,accepted
wiktionary-04198,excluded_benchmark_overlap,false,exact_normalized_input_target_or_variant_overlap_with_benchmark,wiktionary,4198,lexicon,шыпхъу,sister,noun,шыпхъу | шыпхъуэр | шыпхъуэхэ | шыпхъуэм | шыпхъуэхэмэ | шыпхъуэхэкӏэ | шыпхъуэкӏэ | шыпхъуыу | шыпхъуэхэм | шыпхъуэхыу | шыпхъуэхэр | шыпхъуэ,accepted
wiktionary-04199,train,true,,wiktionary,4199,lexicon,шыр,steel,noun,шыр | шырыу | шырэхэм | шырэхэкӏэ | шырэ | шырэхэмэ | шырэкӏэ | шырэр | шырэхэ | шырэхэр | шырэм | шырэхыу,accepted
wiktionary-04200,train,true,,wiktionary,4200,lexicon,шытепхъо,breastband,noun,шытепхъо,accepted
wiktionary-04201,train,true,,wiktionary,4201,lexicon,шыу,horseman,noun,шыу | шыуэр | шыухыу | шыуэхэр | шыуэхэ | шыуэхэм | шыуэм | шыуыу | шыуэкӏэ | шу | шыуэхэмэ | шыуэхэкӏэ | шыуэ,accepted
wiktionary-04202,validation,true,,wiktionary,4202,lexicon,шыукӏытэн,to be ashamed of ; to be shy from,verb,шыукӏытэн | шыукӏьытэн,accepted
wiktionary-04203,train,true,,wiktionary,4203,lexicon,шыфэн,"to fit ; to smear, to rub in, to daub",verb,шыфэн,accepted
wiktionary-04204,train,true,,wiktionary,4204,lexicon,шыхъон,to friction,verb,шыхъон,accepted
wiktionary-04205,train,true,,wiktionary,4205,lexicon,шыхьат,witness,noun,шыхьат,accepted
wiktionary-04206,train,true,,wiktionary,4206,lexicon,шыхьатэу теуцон,to stand a witness to,verb,шыхьатэу теуцон | шыхьатэу утеуцон | шэхьэтэу къытеуцон,accepted
wiktionary-04207,train,true,,wiktionary,4207,lexicon,шышъхьэӏумаз,August,noun,шышъхьэӏумаз | шышъхьэӏумазэхэм | шышъхьэӏумазэхыу | шышъхьэӏумазэхэкӏэ | шышъхьэӏумазэкӏэ | шышъхьэӏумазэ | шышъхьэӏумазэм | шышъхьэӏумазэхэмэ | шышъхьэӏумазэхэр | шышъхьэӏумазэр | шышъхьэӏумазэхэ | шышъхьэӏумазыу,accepted
wiktionary-04208,train,true,,wiktionary,4208,lexicon,шэ,fat or oil from the body of an animal,noun,шэ | шэкӏэ | шэм | шэу | шэхэм | шэхэкӏэ | шэр | шэхэ | шэхэмэ | шэхэр | шэхыу,accepted
wiktionary-04209,train,true,,wiktionary,4209,lexicon,шэдыгъо,Prunus cerasus,noun,шэдыгъо | шэдыгъохэкӏэ | шэдыгъом | шэдыгъохыу | шэдыгъохэр | шэдыгъор | шэдыгъохэ | шэдыгъохэм | шэдыгъокӏэ | шэдыгъоу | шэдыгъохэмэ,accepted
wiktionary-04210,train,true,,wiktionary,4210,lexicon,шэзгъэ,"strained yoghurt, yoghurt cheese, labneh",noun,шэзгъэ | шэзгъэм | шэзгъэхэм | шэзгъэхэкӏэ | шэзгъэхэр | шэзгъэхэмэ | шэзгъэхэ | шэзгъэкӏэ | шэзгъэхыу | шэзгъэр | шэзгъэу,accepted
wiktionary-04211,validation,true,,wiktionary,4211,lexicon,шэкэр,sugar,noun,шэкэр | шэкэрэм | шэкэрэкӏэ | шэкэрхыу | шэкэрэхэм | шэкэрэхэмэ | шэкэрэхэр | шэкэрэр | шэкэрэ | шэкэрэхэкӏэ | шэкэрыу | шэкэрэхэ,accepted
wiktionary-04212,train,true,,wiktionary,4212,lexicon,шэкэрхафэ,candy,noun,шэкэрхафэ | шэкэрхафэхэкӏэ | шэкэрхафэр | шэкэрхафэхэм | шэкэрхафэхэр | шэкэрхафэм | шэкэрхафэхэмэ | шэкэрхафэу | шэкэрхафэхэ | шэкэрхафэхыу | шэкэрхафэкӏэ,accepted
wiktionary-04213,train,true,,wiktionary,4213,lexicon,шэкэрыпс,sugar water,noun,шэкэрыпс | шэкэрыпсэхыу | шэкэрыпсэхэм | шэкэрыпсэр | шэкэрыпсэхэр | шэкэрыпсыу | шэкэрыпсэм | шэкэрыпсэхэкӏэ | шэкэрыпсэхэмэ | шэкэрыпсэхэ | шэкэрыпсэ | шэкэрыпсэкӏэ,accepted
wiktionary-04214,train,true,,wiktionary,4214,lexicon,шэкӏ,fabric,noun,шэкӏ,accepted
wiktionary-04215,train,true,,wiktionary,4215,lexicon,шэкӏогъумаз,November,noun,шэкӏогъумаз | шэкӏогъумазэхэкӏэ | шэкӏогъумазэм | шэкӏогъумазэхэм | шэкӏогъумазэхэр | шэкӏогъумазэкӏэ | шэкӏогъумазэ | шэкӏогъумазыу | шэкӏогъумазэхэ | шэкӏогъумазэр | шэкӏогъумазэхэмэ | шэкӏогъумазэхыу,accepted
wiktionary-04216,train,true,,wiktionary,4216,lexicon,шэкӏуахь,hound ; hunting dog,noun,шэкӏуахь | шэкӏуахьэхыу | шэкӏуахьэхэмэ | шэкӏуахьэхэ | шэкӏуахьэр | шэкӏуахьэкӏэ | шэкӏуахьэм | шэкӏуахьэхэкӏэ | шэкӏуахьэхэм | шэкӏуахьыу | шэкӏуахьэхэр | шэкӏуахьэ,accepted
wiktionary-04217,train,true,,wiktionary,4217,lexicon,шэмбэт,Saturday,noun,шэмбэт | шэмбэтэ | шэмбэтэр | шэмбэтэм | шэмбэтэхэм | шэмбэтыу | шэмбэтэхыу | шэмбэтэхэ | шэмбэтэхэр | шэмбэтэхэкӏэ | шэмбэтэкӏэ | шэмбэтэхэмэ,accepted
wiktionary-04218,train,true,,wiktionary,4218,lexicon,шэнджэ,"rude, a person with an inappropriate behavior",adj,шэнджэ,accepted
wiktionary-04219,train,true,,wiktionary,4219,lexicon,шэнтэ,bag ; schoolbag,noun,шэнтэ | шэнтэкӏэ | шэнтэхэ | шэнтэм | шэнтэу | шэнтэхэкӏэ | шэнтэр | шэнтэхэм | шэнтэхэмэ | шэнтэхэр | шэнтэхыу,accepted
wiktionary-04220,train,true,,wiktionary,4220,lexicon,шэны,behavior ; characteristic,noun,шэны | шэн,accepted
wiktionary-04221,test,true,,wiktionary,4221,lexicon,шэнычъэ,a naughty person; a person with a bad behavior,adj,шэнычъэ | шэнчъэ | шэнынчъэ | шэнынчъ,accepted
wiktionary-04222,train,true,,wiktionary,4222,lexicon,шэплъы,pink ; pink,adj | noun,шэплъы | шэплъыу | шэплъыхэкӏэ | шэплъыхэм | шэплъыхэр | шэплъым | шэплъыхэмэ | шэплъыхыу | шэплъыкӏэ | шэплъыр,accepted
wiktionary-04223,train,true,,wiktionary,4223,lexicon,шэпсэун,to live in,verb,шэпсэун,accepted
wiktionary-04224,train,true,,wiktionary,4224,lexicon,шэрсэн,characteristic,noun,шэрсэн,accepted
wiktionary-04225,train,true,,wiktionary,4225,lexicon,шэфы,wax,noun,шэфы,accepted
wiktionary-04226,validation,true,,wiktionary,4226,lexicon,шэчалъ,balance (tool),noun,шэчалъ | шэчалъэхэ | шэчалъэм | шэчалъэкӏэ | шэчалъэ | шэчалъэхэмэ | шэчалъэхэр | шэчалъэхэм | шэчалъыу | шэчалъэхыу | шэчалъэхэкӏэ | шэчалъэр,accepted
wiktionary-04227,train,true,,wiktionary,4227,lexicon,шэшэн,Shashan (a Circassian dance),noun,шэшэн,accepted
wiktionary-04228,train,true,,wiktionary,4228,lexicon,шӏагъо,"wonderful, marvelous ; wonder",adj | noun,шӏагъо,accepted
wiktionary-04229,train,true,,wiktionary,4229,lexicon,шӏобзы,cut,noun,шӏобзы,accepted
wiktionary-04230,train,true,,wiktionary,4230,lexicon,шӏобзын,"to knife, to carve up; to butcher ; to kill by cutting.",verb,шӏобзын,accepted
wiktionary-04231,train,true,,wiktionary,4231,lexicon,шӏогъэшӏэгъонын,"to show interest in; to be interested in ; to wonder (at), to be amazed",verb,шӏогъэшӏэгъонын,accepted
wiktionary-04232,train,true,,wiktionary,4232,lexicon,шӏои,"dirty, unclean; covered with or containing unpleasant substances such as dirt or grime or mud. ; dirty, Morally unclean; obscene or indecent, especially sexually. ; crud",adj,шӏои,accepted
wiktionary-04233,train,true,,wiktionary,4233,lexicon,шӏоигъоджэн,"to dislike greatly, to detest ; to not want",verb,шӏоигъоджэн,accepted
wiktionary-04234,train,true,,wiktionary,4234,lexicon,шӏоигъон,to want,verb,шӏоигъон,accepted
wiktionary-04235,train,true,,wiktionary,4235,lexicon,шӏоигъуадж,"undesirable, unwanted",adj,шӏоигъуадж,accepted
wiktionary-04236,train,true,,wiktionary,4236,lexicon,шӏоилъ,garbage can,noun,шӏоилъ | шӏоилъэхэкӏэ | шӏоилъэм | шӏоилъыу | шӏоилъэр | шӏоилъэхэм | шӏоилъэхэмэ | шӏоилъэкӏэ | шӏоилъэхыу | шӏоилъэхэ | шӏоилъэ | шӏоилъэхэр,accepted
wiktionary-04237,train,true,,wiktionary,4237,lexicon,шӏойбэхь,very dirty (covered with or containing unpleasant substances such as dirt or grime or mud),adj,шӏойбэхь,accepted
wiktionary-04238,train,true,,wiktionary,4238,lexicon,шӏокӏон,to lose something ; to go against someone's will or interest,verb,шӏокӏон,accepted
wiktionary-04239,train,true,,wiktionary,4239,lexicon,шӏокӏын,to evade; to get away from,verb,шӏокӏын | шӏокӏьын,accepted
wiktionary-04240,train,true,,wiktionary,4240,lexicon,шӏомыкӏы,coal,noun,шӏомыкӏы | шӏомыкӏыхэкӏэ | шӏомыкӏыкӏэ | шӏомыкӏыхэм | шӏомыкӏыу | шӏомыкӏыхэр | шӏомыкӏыхыу | шӏомыкӏыхэмэ | шӏомыкӏыр | шӏомыкӏым,accepted
wiktionary-04241,train,true,,wiktionary,4241,lexicon,шӏошъ хъун,to believe,verb,шӏошъ хъун | шӏошъыхъун | шӏошӏун | шӏошъын,accepted
wiktionary-04242,validation,true,,wiktionary,4242,lexicon,шӏошъхъуныгъэ,faith,noun,шӏошъхъуныгъэ,accepted
wiktionary-04243,train,true,,wiktionary,4243,lexicon,шӏошӏ,hypothesis,noun,шӏошӏ | шӏошӏэ | шӏошӏэм | шӏошӏэхэм | шӏошӏыу | шӏошӏэкӏэ | шӏошӏэр | шӏошӏэхэмэ | шӏошӏэхэр | шӏошӏэхыу | шӏошӏэхэкӏэ | шӏошӏэхэ,accepted
wiktionary-04244,train,true,,wiktionary,4244,lexicon,шӏошӏу мэхъун,to believe,verb,шӏошӏу мэхъун,accepted
wiktionary-04245,train,true,,wiktionary,4245,lexicon,шӏошӏухъуныгъэ,faith,noun,шӏошӏухъуныгъэ | шӏошӏухъунгъэ,accepted
wiktionary-04246,train,true,,wiktionary,4246,lexicon,шӏошӏын,"to think that, to suppose; to hypothesize; to reckon ; to see as, to be perceived as",verb,шӏошӏын,accepted
wiktionary-04247,validation,true,,wiktionary,4247,lexicon,шӏоӏун,to rot,verb,шӏоӏун | мэшӏоӏун,accepted
wiktionary-04248,train,true,,wiktionary,4248,lexicon,шӏу,good ; well ; liver ; The fifty-seventh letter of the Adyghe alphabet,adv | noun | character,шӏу | Шӏу,accepted
wiktionary-04249,train,true,,wiktionary,4249,lexicon,шӏу лъэгъун,"to love ; to see someone or something in a positive way, to like",verb,шӏу лъэгъун,accepted
wiktionary-04250,test,true,,wiktionary,4250,lexicon,шӏуабэ,"hurry, hasten",noun,шӏуабэ | шӏуабэхэкӏэ | шӏуабэхыу | шӏуабэхэ | шӏуабэм | шӏуабэр | шӏуабэхэмэ | шӏуабэкӏэ | шӏуабэхэм | шӏуабэу | шӏуабэхэр,accepted
wiktionary-04251,train,true,,wiktionary,4251,lexicon,шӏуалъэ,foreleg,noun,шӏуалъэ,accepted
wiktionary-04252,excluded_benchmark_overlap,false,exact_normalized_input_target_or_variant_overlap_with_benchmark,wiktionary,4252,lexicon,шӏуанэ,hoe,noun,шӏуанэ,accepted
wiktionary-04253,train,true,,wiktionary,4253,lexicon,шӏугуащэ,a man's mother-in-law: his wife's mother,noun,шӏугуащэ | шӏугуащэхэм | шӏугуащэу | шӏугуащэм | шӏугуащэхыу | шӏугуащэкӏэ | шӏугуащэхэкӏэ | шӏугуащэхэмэ | шӏугуащэхэ | шӏугуащэхэр | шӏугуащэр,accepted
wiktionary-04254,validation,true,,wiktionary,4254,lexicon,шӏугъэ,goodness,noun,шӏугъэ,accepted
wiktionary-04255,test,true,,wiktionary,4255,lexicon,шӏуежьэжьын,to run away from,verb,шӏуежьэжьын,accepted
wiktionary-04256,train,true,,wiktionary,4256,lexicon,шӏункӏы,dark ; gloomy ; darkness ; haze,adj | noun,шӏункӏы | шӏункӏыу | шӏункӏыхэкӏэ | шӏункӏым | шӏункӏыр | шӏункӏыкӏэ | шӏункӏыхэр | шӏункӏыхэм | шӏункӏыхыу | шӏункӏыхэмэ,accepted
wiktionary-04257,train,true,,wiktionary,4257,lexicon,шӏупщы,a man's father-in-law: his wife's father,noun,шӏупщы | шӏупщыхэмэ | шӏупщыр | шӏупщыкӏэ | шӏупщым | шӏупщыхэкӏэ | шӏупщыхэм | шӏупщыхэр | шӏупщыу | шӏупщыхыу,accepted
wiktionary-04258,train,true,,wiktionary,4258,lexicon,шӏуфэс,greetings,intj,шӏуфэс,accepted
wiktionary-04259,train,true,,wiktionary,4259,lexicon,шӏухьафтын,"present, gift",noun,шӏухьафтын,accepted
wiktionary-04260,train,true,,wiktionary,4260,lexicon,шӏуцӏагъэ,blackness,noun,шӏуцӏагъэ,accepted
wiktionary-04261,train,true,,wiktionary,4261,lexicon,шӏуцӏэ,black ; black,adj | noun,шӏуцӏэ | шӏусӏэм | шӏуцӏэхэмэ | шӏусӏэр | шӏусӏэу | шӏусӏэ | шӏуцӏэхэкӏэ | шӏуцӏэм | шӏусӏэхэкӏэ | шӏуцӏэхэ | шӏуцӏэу | шӏуцӏэхэм | шӏуцӏэр | шӏуцӏэхэр | шӏуцӏэкӏэ | шӏусӏэхыу | шӏусӏэкӏэ | шӏусӏэхэм | шӏусӏэхэр | шӏусӏэхэмэ | шӏусӏэхэ | шӏуцӏэхыу,accepted
wiktionary-04262,train,true,,wiktionary,4262,lexicon,шӏушӏэ,noble ; benefactor,noun,шӏушӏэ,accepted
wiktionary-04263,train,true,,wiktionary,4263,lexicon,шӏыбзыу,mole cricket,noun,шӏыбзыу | шӏыбзыуэ | шӏыбзыуэм | шӏыбзыуэр | шӏыбзыуэхэмэ | шӏыбзыуэхэм | шӏыбзыуыу | шӏыбзыуэхыу | шӏыбзыуэхэр | шӏыбзыуэхэ | шӏыбзыуэкӏэ | шӏыбзыуэхэкӏэ,accepted
wiktionary-04264,train,true,,wiktionary,4264,lexicon,шӏыжьын,to do again ; to fix,verb,шӏыжьын,accepted
wiktionary-04265,train,true,,wiktionary,4265,lexicon,шӏыкӏай,"imp ; mischievous, naughty, prankish",noun | adj,шӏыкӏай,accepted
wiktionary-04266,train,true,,wiktionary,4266,lexicon,шӏыкӏашӏу,good manners,noun,шӏыкӏашӏу,accepted
wiktionary-04267,train,true,,wiktionary,4267,lexicon,шӏыкӏэ,"manner, method ; the way/manner/method something is structured",noun,шӏыкӏэ | шӏыкӏьэ,accepted
wiktionary-04268,train,true,,wiktionary,4268,lexicon,шӏыкӏэен,"to misbehave; to get naughty ; to frolic, to play about, to fool around, to get up to monkey tricks",verb,шӏыкӏэен | мэшӏыкӏьэен | мэшӏыкӏэен,accepted
wiktionary-04269,train,true,,wiktionary,4269,lexicon,шӏын,to build ; to make ; to produce,verb,шӏын,accepted
wiktionary-04270,train,true,,wiktionary,4270,lexicon,шӏыхьагъэ,fence,noun,шӏыхьагъэ,accepted
wiktionary-04271,test,true,,wiktionary,4271,lexicon,шӏыхьан,to encircle,verb,шӏыхьан,accepted
wiktionary-04272,train,true,,wiktionary,4272,lexicon,шӏэн,to know ; to do (an action),verb,шӏэн,accepted
wiktionary-04273,train,true,,wiktionary,4273,lexicon,шӏэныгъэ,knowledge,noun,шӏэныгъэ | шӏэнгъэ,accepted
wiktionary-04274,train,true,,wiktionary,4274,lexicon,шӏэпэн,"to be sure, to be certain",verb,шӏэпэн | ышӏэпэн,accepted
wiktionary-04275,test,true,,wiktionary,4275,lexicon,шӏэхын,"to hurry up, to hasten",verb,шӏэхын,accepted
wiktionary-04276,validation,true,,wiktionary,4276,lexicon,шӏэхэу,quickly,adv,шӏэхэу,accepted
wiktionary-04277,test,true,,wiktionary,4277,lexicon,щабзэ,bow,noun,щабзэ | щабзэхэр | щабзэхэмэ | щабзэм | щабзэхэкӏэ | щабзэхыу | щабзэхэм | щабзэхэ | щабзэкӏэ | щабзэу | щабзэр,accepted
wiktionary-04278,train,true,,wiktionary,4278,lexicon,щагу,yard,noun,щагу | щагуэм | щагуэхэмэ | щагуэр | щагуэхэкӏэ | щагуэхэм | щагуэкӏэ | щагуыу | щагуэхэр | щагуэхэ | щагухыу | щагуэ,accepted
wiktionary-04279,validation,true,,wiktionary,4279,lexicon,щагуикӏыпӏэ,"toilet, restroom",noun,щагуикӏыпӏэ | щагуикӏыпӏэр | щагуикӏыпӏэу | щагуикӏыпӏэм | щагуикӏыпӏэхэм | щагуикӏыпӏэхэр | щагуикӏыпӏэхэмэ | щагуикӏыпӏэкӏэ | щагуикӏыпӏэхэкӏэ | щагуикӏыпӏэхэ | щагуикӏыпӏэхыу,accepted
wiktionary-04280,train,true,,wiktionary,4280,lexicon,щагум икӏын,to urinate,verb,щагум икӏын,accepted
wiktionary-04281,train,true,,wiktionary,4281,lexicon,щае,tea,noun,щае,accepted
wiktionary-04282,train,true,,wiktionary,4282,lexicon,щазымэ,boot,noun,щазымэ | щазымэхэмэ | щазымэхэм | щазымэхэ | щазымэм | щазымэу | щазымэр | щазымэхэкӏэ | щазымэхыу | щазымэкӏэ | щазымэхэр,accepted
wiktionary-04283,train,true,,wiktionary,4283,lexicon,щаибжъэ,tea,noun,щаибжъэ,accepted
wiktionary-04284,train,true,,wiktionary,4284,lexicon,щайныч,kettle ; teapot,noun,щайныч | щайнычэхэкӏэ | щайнычэхэр | щайнычэр | щайнычэхыу | щайнычэкӏэ | щайнычэм | щайнычэхэ | щайнычэхэмэ | щайнычыу | щайнычэхэм | щайнычэ,accepted
wiktionary-04285,train,true,,wiktionary,4285,lexicon,щайуц,tea bags,noun,щайуц | щайуцэхэ | щайуцэкӏэ | щайуцэм | щайуцэхэкӏэ | щайуцэ | щайуцэр | щайуцэхэмэ | щайуцэхэм | щайуцэхыу | щайуцыу | щайуцэхэр,accepted
wiktionary-04286,train,true,,wiktionary,4286,lexicon,щалъ,bucket ; pail,noun,щалъ,accepted
wiktionary-04287,train,true,,wiktionary,4287,lexicon,щамсый,umbrella,noun,щамсый,accepted
wiktionary-04288,train,true,,wiktionary,4288,lexicon,щанэ,one third,num,щанэ,accepted
wiktionary-04289,train,true,,wiktionary,4289,lexicon,щао,garden ; yard,noun,щао | щаокӏэ | щаохэм | щаоу | щаор | щаом | щаохэр | щаохэкӏэ | щаохыу | щаохэ | щаохэмэ,accepted
wiktionary-04290,train,true,,wiktionary,4290,lexicon,щапӏэ,shop,noun,щапӏэ | щапӏэм | щапӏэу | щапӏэхыу | щапӏэкӏэ | щапӏэр | щапӏэхэм | щапӏэхэкӏэ | щапӏэхэ | щапӏэхэр | щапӏэхэмэ,accepted
wiktionary-04291,test,true,,wiktionary,4291,lexicon,щкъэн,to know,verb,щкъэн,accepted
wiktionary-04292,train,true,,wiktionary,4292,lexicon,щтапхэ,coward,adj,щтапхэ | щытапхэ,accepted
wiktionary-04293,train,true,,wiktionary,4293,lexicon,щтын,to be frozen,verb,щтын | мэщтын,accepted
wiktionary-04294,validation,true,,wiktionary,4294,lexicon,щтыргъукӏы,frost; freezing weather,noun,щтыргъукӏы,accepted
wiktionary-04295,test,true,,wiktionary,4295,lexicon,щтэн,"to fear, to get afraid ; to be frightened (of), to be startled (of), to take fright (at); to shy (at)",verb,щтэн | мэщтэн,accepted
wiktionary-04296,train,true,,wiktionary,4296,lexicon,щтэпхэрый,scaredy-cat (very coward),adj,щтэпхэрый,accepted
wiktionary-04297,validation,true,,wiktionary,4297,lexicon,щхъырыб,gooseberry,noun,щхъырыб | щхъырыбэхэм | щхъырыбэм | щхъырыбэкӏэ | щхъырыбэ | щхъырыбэхыу | щхъырыбыу | щхъырыбэхэ | щхъырыбэхэр | щхъырыбэхэмэ | щхъырыбэр | щхъырыбэхэкӏэ,accepted
wiktionary-04298,train,true,,wiktionary,4298,lexicon,щхын,to laugh,verb,щхын,accepted
wiktionary-04299,train,true,,wiktionary,4299,lexicon,щхыпцӏы,smile,noun,щхыпцӏы,accepted
wiktionary-04300,validation,true,,wiktionary,4300,lexicon,щхыпцӏын,to smile,verb,щхыпцӏын,accepted
wiktionary-04301,validation,true,,wiktionary,4301,lexicon,щхэны,funny ; laugh,adj | noun,щхэны | щхэныхэм | щхэныхэкӏэ | щхэныхэмэ | щхэныкӏэ | щхэныр | щхэным | щхэныу | щхэныхыу | щхэныхэр,accepted
wiktionary-04302,train,true,,wiktionary,4302,lexicon,щы,three,num,щы,accepted
wiktionary-04303,train,true,,wiktionary,4303,lexicon,щыбжьый,pepper,noun,щыбжьый | щыбжьыйыу | щыбжьыйэхыу | щыбжьыйэкӏэ | щыбжьыйэхэкӏэ | щыбжьыйэхэ | щыбжьыйэхэр | щыбжьыйэм | щыбжьыйэ | щыбжьыйэхэм | щыбжьыйэр | щыбжьыйэхэмэ,accepted
wiktionary-04304,train,true,,wiktionary,4304,lexicon,щыбжьэдум,hornet,noun,щыбжьэдум | щыбжьэдумэм | щыбжьэдумэ | щыбжьэдумэхэ | щыбжьэдумэхэм | щыбжьэдумэр | щыбжьэдумэкӏэ | щыбжьэдумэхэмэ | щыбжьэдумэхэр | щыбжьэдумэхэкӏэ | щыбжьэдумэхыу | щыбжьэдумыу,accepted
wiktionary-04305,train,true,,wiktionary,4305,lexicon,щыбырысыр,noisy,adj,щыбырысыр,accepted
wiktionary-04306,train,true,,wiktionary,4306,lexicon,щыгугъын,"to rely on, to count on ; to hope for ; to anticipate for",verb,щыгугъын,accepted
wiktionary-04307,train,true,,wiktionary,4307,lexicon,щыгушӏукӏын,to rejoice for someone or something ; (Kfar Kama dialect) to laugh,verb,щыгушӏукӏын | щыгушӏукӏьын,accepted
wiktionary-04308,train,true,,wiktionary,4308,lexicon,щыгъозэн,to be aware of,verb,щыгъозэн,accepted
wiktionary-04309,train,true,,wiktionary,4309,lexicon,щыгъу,salt,noun,щыгъу | щыгъуэхэ | щыгъуэм | щыгъуэхэм | щыгъухыу | щыгъуэр | щыгъуэ | щыгъуэкӏэ | щыгъуэхэкӏэ | щыгъуэхэр | щыгъуыу | щыгъуэхэмэ,accepted
wiktionary-04310,train,true,,wiktionary,4310,lexicon,щыгъупшын,to forget,verb,щыгъупшын | пщыгъупшын,accepted
wiktionary-04311,train,true,,wiktionary,4311,lexicon,щыгъущ,salty,adj,щыгъущ | щыгъущэр | щыгъущэм | щыгъущэхэкӏэ | щыгъущэкӏэ | щыгъущэхыу | щыгъущэ | щыгъущэхэмэ | щыгъущэхэ | щыгъущэхэм | щыгъущыу | щыгъущэхэр,accepted
wiktionary-04312,train,true,,wiktionary,4312,lexicon,щыгъын,clothing,noun,щыгъын,accepted
wiktionary-04313,train,true,,wiktionary,4313,lexicon,щыгъын пылъапӏэ,"coat hanger, peg (device used to hang up coats, shirts, etc)",noun,щыгъын пылъапӏэ,accepted
wiktionary-04314,train,true,,wiktionary,4314,lexicon,щыгъэгуфэн,to earn trust,verb,щыгъэгуфэн,accepted
wiktionary-04315,train,true,,wiktionary,4315,lexicon,щыгъэгъупщын,to make someone forget,verb,щыгъэгъупщын,accepted
wiktionary-04316,train,true,,wiktionary,4316,lexicon,щыгъэзыен,to put away something to another place/spot (usually to a small distance away),verb,щыгъэзыен,accepted
wiktionary-04317,train,true,,wiktionary,4317,lexicon,щыгъэзын,to take off (clothes),verb,щыгъэзын,accepted
wiktionary-04318,train,true,,wiktionary,4318,lexicon,щыгъэн,to be wearing,verb,щыгъэн,accepted
wiktionary-04319,train,true,,wiktionary,4319,lexicon,щыгъэтын,to shut up; to stop talking; to shush,verb,щыгъэтын,accepted
wiktionary-04320,train,true,,wiktionary,4320,lexicon,щыгъэӏэн,to let someone or something exist ; to let someone or something live,noun,щыгъэӏэн,accepted
wiktionary-04321,validation,true,,wiktionary,4321,lexicon,щыды,donkey,noun,щыды,accepted
wiktionary-04322,train,true,,wiktionary,4322,lexicon,щыдырхъуае,lizard,noun,щыдырхъуае | щыдырхъуаем | щыдырхъуаехэкӏэ | щыдырхъуаеу | щыдырхъуаехэ | щыдырхъуаер | щыдырхъуаехэр | щыдырхъуаехэм | щыдырхъуаехэмэ | щыдырхъуаекӏэ | щыдырхъуаехыу,accepted
wiktionary-04323,test,true,,wiktionary,4323,lexicon,щыдэхьащхын,to laugh at someone,verb,щыдэхьащхын | щыдыхьэщхын,accepted
wiktionary-04324,train,true,,wiktionary,4324,lexicon,щызымэ,boot,noun,щызымэ | щызымэхэм | щызымэр | щызымэхэкӏэ | щызымэхэмэ | щызымэхэ | щызымэм | щызымэхыу | щызымэу | щызымэкӏэ | щызымэхэр,accepted
wiktionary-04325,train,true,,wiktionary,4325,lexicon,щызэу,in parallel,adv,щызэу,accepted
wiktionary-04326,train,true,,wiktionary,4326,lexicon,щыкӏагъэ,"need ; lack, deficiency, shortage",noun,щыкӏагъэ | щыкӏагъэхэ | щыкӏагъэхэм | щыкӏагъэу | щыкӏагъэм | щыкӏагъэкӏэ | щыкӏагъэхэр | щыкӏагъэхыу | щыкӏагъэхэкӏэ | щыкӏагъэхэмэ | щыкӏагъэр,accepted
wiktionary-04327,train,true,,wiktionary,4327,lexicon,щыкӏэгъэн,to need to,verb,щыкӏэгъэн,accepted
wiktionary-04328,train,true,,wiktionary,4328,lexicon,щыкӏэн,to need something required,verb,щыкӏэн,accepted
wiktionary-04329,train,true,,wiktionary,4329,lexicon,щыкӏэпс,semen,noun,щыкӏэпс | щыкӏэпсэм | щыкӏэпсэкӏэ | щыкӏэпсэхэм | щыкӏэпсэхэкӏэ | щыкӏэпсэхэ | щыкӏэпсэхэр | щыкӏэпсыу | щыкӏэпсэхыу | щыкӏэпсэр | щыкӏэпсэхэмэ | щыкӏэпсэ,accepted
wiktionary-04330,train,true,,wiktionary,4330,lexicon,щылъэн,to wear a,verb,щылъэн,accepted
wiktionary-04331,train,true,,wiktionary,4331,lexicon,щылыч,steel,noun,щылыч | щылычэхэмэ | щылычэр | щылычэхэкӏэ | щылычыу | щылычэхыу | щылычэм | щылычэ | щылычэхэр | щылычэхэ | щылычэхэм | щылычэкӏэ,accepted
wiktionary-04332,train,true,,wiktionary,4332,lexicon,щылэмаз,January,noun,щылэмаз | щылэмазэхэм | щылэмазэр | щылэмазэм | щылэмазэхэр | щылэмазэ | щылэмазэхэ | щылэмазэхэмэ | щылэмазэкӏэ | щылэмазэхэкӏэ | щылэмазэхыу | щылэмазыу,accepted
wiktionary-04333,train,true,,wiktionary,4333,lexicon,щымыгъуаз,uninitiated ; ill-informed,adj,щымыгъуаз,accepted
wiktionary-04334,train,true,,wiktionary,4334,lexicon,щымын,shumen (a word that is said to dogs),adv,щымын,accepted
wiktionary-04335,test,true,,wiktionary,4335,lexicon,щымэхъэшэн,to be fastidious/squeamish (about),verb,щымэхъэшэн,accepted
wiktionary-04336,train,true,,wiktionary,4336,lexicon,щынагъо,"dangerous ; fearsome, menacing",adj,щынагъо,accepted
wiktionary-04337,train,true,,wiktionary,4337,lexicon,щынагъу,dangerous,adj,щынагъу,accepted
wiktionary-04338,train,true,,wiktionary,4338,lexicon,щынапхэ,coward,adj,щынапхэ,accepted
wiktionary-04339,train,true,,wiktionary,4339,lexicon,щыны,pus,noun,щыны,accepted
wiktionary-04340,train,true,,wiktionary,4340,lexicon,щынэ зымышӏэрэ,fearless,adj,щынэ зымышӏэрэ,accepted
wiktionary-04341,train,true,,wiktionary,4341,lexicon,щынэжьын,to abandon ; to divorce from,verb,щынэжьын,accepted
wiktionary-04342,train,true,,wiktionary,4342,lexicon,щынэн,"to fear, to be afraid",verb,щынэн | мэщынэн,accepted
wiktionary-04343,train,true,,wiktionary,4343,lexicon,щыпын,to collect,verb,щыпын | шыпын,accepted
wiktionary-04344,train,true,,wiktionary,4344,lexicon,щыпэлъф,firstborn ; firstling,noun,щыпэлъф,accepted
wiktionary-04345,excluded_benchmark_overlap,false,exact_normalized_input_target_or_variant_overlap_with_benchmark,wiktionary,4345,lexicon,щыр,"young animal, baby animal, cub, new born animal, animal's child",noun,щыр | щырэр | щырэхэкӏэ | щырэхэр | щырэхэм | щырэхэмэ | щырэм | щырыу | щырэхэ | щырэкӏэ | щырэхыу | щырэ,accepted
wiktionary-04346,train,true,,wiktionary,4346,lexicon,щырыкъу,shoe,noun,щырыкъу | щырыкъуэхэкӏэ | щырыкъуэр | щырыкъуэкӏэ | щырыкъуэхэр | щырыкъуэ | щырыкъуэхэм | щырыкъуэм | щырыкъуэхэмэ | щырыкъуыу | щырыкъуэхэ | щырыкъухыу,accepted
wiktionary-04347,train,true,,wiktionary,4347,lexicon,щысыпӏэ,sitting room; living room,noun,щысыпӏэ,accepted
wiktionary-04348,train,true,,wiktionary,4348,lexicon,щысэ,example,noun,щысэ | щысэм | щысэу | щысэхыу | щысэхэм | щысэхэ | щысэхэмэ | щысэкӏэ | щысэхэр | щысэр | щысэхэкӏэ,accepted
wiktionary-04349,train,true,,wiktionary,4349,lexicon,щысэхъукӏын,"to get out of the habit (of), to break oneself of the habit (of) ; to lose the skill (of), to forget (how to)",verb,щысэхъукӏын,accepted
wiktionary-04350,train,true,,wiktionary,4350,lexicon,щытхъу,praise ; brag,noun,щытхъу,accepted
wiktionary-04351,train,true,,wiktionary,4351,lexicon,щытхъун,"to compliment, to praise ; to brag about",verb,щытхъун,accepted
wiktionary-04352,train,true,,wiktionary,4352,lexicon,щытын,probably ; to stand,adv | verb,щытын,accepted
wiktionary-04353,train,true,,wiktionary,4353,lexicon,щыуан,"cauldron ; kazan (a type of cauldron or cooking pot used in Central Asian cuisine) ; pot, cooker",noun,щыуан | щыуанэхэкӏэ | щыуанэм | щыуанэ | щыуанэхэ | щыуанэхэмэ | щыуанэхэм | щыуанэхыу | щыуаныу | щыуанэр | щыуанэкӏэ | щыуанэхэр,accepted
wiktionary-04354,validation,true,,wiktionary,4354,lexicon,щыуанкъопс,rainbow,noun,щыуанкъопс | щыуанкъопсэм | щыуанкъопсэхэм | щыуанкъопсэкӏэ | щыуанкъопсэ | щыуанкъопсыу | щыуанкъопсэхэкӏэ | щыуанкъопсэхэ | щыуанкъопсэхэмэ | щыуанкъопсэр | щыуанкъопсэхыу | щыуанкъопсэхэр,accepted
wiktionary-04355,validation,true,,wiktionary,4355,lexicon,щыуаныжъ,cooking pot (traditionally made of cast iron) ; cast iron,noun,щыуаныжъ,accepted
wiktionary-04356,train,true,,wiktionary,4356,lexicon,щыугъэ,salty,adj,щыугъэ | щыугъээхыу | щыугъээр | щыугъээм | щыугъээхэмэ | щыугъээхэр | щыугъэыу | щыугъээ | щыугъээхэм | щыугъээхэкӏэ | щыугъээхэ | щыугъээкӏэ,accepted
wiktionary-04357,train,true,,wiktionary,4357,lexicon,щыун,"to salt ; to get out of the habit (of), to break oneself of the habit (of)",verb,щыун,accepted
wiktionary-04358,train,true,,wiktionary,4358,lexicon,щыфэн,"to spread (on), to smear (with), to daub (with)",verb,щыфэн,accepted
wiktionary-04359,train,true,,wiktionary,4359,lexicon,щыхын,to take off (clothes),verb,щыхын,accepted
wiktionary-04360,validation,true,,wiktionary,4360,lexicon,щыхьан,to wrap ; to fit (on the body) ; to scream or shout or yell angrily at,verb,щыхьан | щыхьэн,accepted
wiktionary-04361,train,true,,wiktionary,4361,lexicon,щышӏын,to happen to someone,verb,щышӏын,accepted
wiktionary-04362,train,true,,wiktionary,4362,lexicon,щыщынэн,to be afraid of,verb,щыщынэн,accepted
wiktionary-04363,train,true,,wiktionary,4363,lexicon,щыщэн,"to be a part of a group of some kind, to be belong to a group",verb,щыщэн,accepted
wiktionary-04364,excluded_benchmark_overlap,false,exact_normalized_input_target_or_variant_overlap_with_benchmark,wiktionary,4364,lexicon,щыӏ,exist,noun,щыӏ,accepted
wiktionary-04365,train,true,,wiktionary,4365,lexicon,щыӏэн,there is or are; there exist(s); to exist ; to be in a certain location; to be at,noun,щыӏэн,accepted
wiktionary-04366,train,true,,wiktionary,4366,lexicon,щыӏэцӏэ,noun,noun,щыӏэцӏэ,accepted
wiktionary-04367,excluded_benchmark_overlap,false,exact_normalized_input_target_or_variant_overlap_with_benchmark,wiktionary,4367,lexicon,щэ,milk ; bullet,noun,щэ | щэм | щэхэр | щэхэм | щэхэ | щэу | щэхэкӏэ | щэхэмэ | щэр | щэхыу | щэкӏэ,accepted
wiktionary-04368,train,true,,wiktionary,4368,lexicon,щэбзащ,arrow,noun,щэбзащ | щэбзащэм | щэбзащэхэ | щэбзащэр | щэбзащэхэм | щэбзащэ | щэбзащэхэмэ | щэбзащэхэкӏэ | щэбзащэхыу | щэбзащыу | щэбзащэкӏэ | щэбзащэхэр,accepted
wiktionary-04369,train,true,,wiktionary,4369,lexicon,щэгъэпцӏагъэ,"prostokvasha, (thick) soured milk, sour clotted milk, amasi (sour milk)",noun,щэгъэпцӏагъэ | щэгъэпцӏагъэхыу | щэгъэпцӏагъэм | щэгъэпцӏагъэхэ | щэгъэпцӏагъэкӏэ | щэгъэпцӏагъэхэр | щэгъэпцӏагъэу | щэгъэпцӏагъэр | щэгъэпцӏагъэхэм | щэгъэпцӏагъэхэкӏэ | щэгъэпцӏагъэхэмэ,accepted
wiktionary-04370,validation,true,,wiktionary,4370,lexicon,щэгьагъо,noon,noun,щэгьагъо | щэгьагъом | щэгьагъохэр | щэгьагъохэмэ | щэгьагъохэ | щэгьагъокӏэ | щэгьагъоу | щэгьагъор | щэгьагъохыу | щэгьагъохэм | щэгьагъохэкӏэ,accepted
wiktionary-04371,train,true,,wiktionary,4371,lexicon,щэдж,stack ; sun,noun,щэдж | щэджэхэ | щэджэхэмэ | щэджэкӏэ | щэджэхэкӏэ | щэджэхыу | щэджэхэр | щэджэхэм | щэджэр | щэджэм | щэджэ | щэджыу,accepted
wiktionary-04372,train,true,,wiktionary,4372,lexicon,щэджагъо,noon,noun,щэджагъо | щэджагъом | щэджагъохэр | щэджагъокӏэ | щэджагъор | щэджагъохэм | щэджагъоу | щэджагъохэмэ | щэджагъохыу | щэджагъохэ | щэджагъохэкӏэ,accepted
wiktionary-04373,train,true,,wiktionary,4373,lexicon,щэджэгъоуж,afternoon,noun,щэджэгъоуж | щэгьэгъоужэр | щэгьэгъожэ | щэгьэгъожэхэкӏэ | щэгьэгъожь | щэгьэгъожьыу | щэджэгъоужэр | щэгьэгъожьэхэмэ | щэгьэгъожьэхэкӏэ | щэгьэгъожэхэм | щэджэгъоужэхэр | щэгьэгъожэхэ | щэгьэгъоужэкӏэ | щэгьэгъожьэм | щэгьэгъожьэхыу | щэгьэгъожьэхэм | щэджэгъоужэхэмэ | щэджэгъоужэм | щэгьэгъоужыу | щэджэгъоужэкӏэ | щэгьэгъоужэм | щэгьэгъоужэхэм | щэгьэгъожьэр | щэгьэгъожэхыу | щэджэгъоужэхыу | щэджэгъоужэхэкӏэ | щэгьэгъожэхэр | щэгьэгъоужэхыу | щэджэгъоужэ | щэгьэгъожьэ | щэгьэгъожьэкӏэ | щэгьэгъожэр | щэгьэгъожэм | щэгьэгъоужэ | щэгьэгъоужэхэкӏэ | щэджэгъоужэхэ | щэгьэгъоуж | щэджэгъоужыу | щэджэгъоужэхэм | щэгьэгъоужэхэ | щэгьэгъоужэхэмэ | щэгьэгъожьэхэр | щэгьэгъожьэхэ | щэгьэгъожыу | щэгьэгъожэкӏэ | щэгьэгъоужэхэр | щэгьэгъожэхэмэ | щэгьэгъож,accepted
wiktionary-04374,train,true,,wiktionary,4374,lexicon,щэджэгъуашхэ,launch,noun,щэджэгъуашхэ,accepted
wiktionary-04375,train,true,,wiktionary,4375,lexicon,щэкӏы,thirty,num,щэкӏы,accepted
wiktionary-04376,train,true,,wiktionary,4376,lexicon,щэмбар,bamboo,noun,щэмбар,accepted
wiktionary-04377,train,true,,wiktionary,4377,lexicon,щэмэдж,scythe,noun,щэмэдж | щэмэгь,accepted
wiktionary-04378,train,true,,wiktionary,4378,lexicon,щэн,"to sell ; to take someone to, to bring someone somewhere ; to lead",verb,щэн,accepted
wiktionary-04379,test,true,,wiktionary,4379,lexicon,щэнаут,poison,noun,щэнаут,accepted
wiktionary-04380,train,true,,wiktionary,4380,lexicon,щэный,triangle,noun,щэный | щэныйэр | щэныйэм | щэныйэхэр | щэныйэхэкӏэ | щэныйэхэм | щэныйэхэ | щэныйэкӏэ | щэныйэхэмэ | щэныйэхыу | щэныйэ | щэныйыу,accepted
wiktionary-04381,train,true,,wiktionary,4381,lexicon,щэо-плӏэон,"to stagger, to reel, to sway on one's feet ; to rock (from time to time)",verb,щэо-плӏэон,accepted
wiktionary-04382,test,true,,wiktionary,4382,lexicon,щэрыу,"accurate; well-aimed, sharp (shooter) ; graphic, picturesque, vivid (image-bearing)",noun,щэрыу,accepted
wiktionary-04383,validation,true,,wiktionary,4383,lexicon,щэрэб,balloon,noun,щэрэб,accepted
wiktionary-04384,train,true,,wiktionary,4384,lexicon,щэрэхъ,wheel,noun,щэрэхъ | щэрэхъэхэр | щэрэхъэм | щэрэхъэхэкӏэ | щэрэхъэхэм | щэрэхъэкӏэ | щэрэхъыу | щэрэхъэхыу | щэрэхъэхэмэ | щэрыхъ | щэрэхъэр | щэрэхъэ | щэрэхъэхэ,accepted
wiktionary-04385,train,true,,wiktionary,4385,lexicon,щэуалэ,bag; sack,noun,щэуалэ | щэуалэхэ | щэуалэу | щэуалэр | щэуалэхэкӏэ | щэуалэм | щэуалэхэм | щэуалэхыу | щэуалэхэр | щэуалэкӏэ | щэуалэхэмэ,accepted
wiktionary-04386,validation,true,,wiktionary,4386,lexicon,щэфын,to buy,verb,щэфын,accepted
wiktionary-04387,train,true,,wiktionary,4387,lexicon,щэхъу,"except, besides, anything else",adv,щэхъу,accepted
wiktionary-04388,train,true,,wiktionary,4388,lexicon,щэхьын,to wrap,verb,щэхьын,accepted
wiktionary-04389,train,true,,wiktionary,4389,lexicon,щэчанэ,tower,noun,щэчанэ,accepted
wiktionary-04390,train,true,,wiktionary,4390,lexicon,щэчын,to measure weight,verb,щэчын | къэщэчын | къэщэкьын | щэкьын,accepted
wiktionary-04391,train,true,,wiktionary,4391,lexicon,щэӏун,"to moan, to groan ; to suffer, to languish",verb,щэӏун,accepted
wiktionary-04392,train,true,,wiktionary,4392,lexicon,ыгъэпэн,to care,noun,ыгъэпэн | гъэпэн,accepted
wiktionary-04393,train,true,,wiktionary,4393,lexicon,ыкъудыин,to last ; to pull,verb,ыкъудыин,accepted
wiktionary-04394,excluded_benchmark_overlap,false,exact_normalized_input_target_or_variant_overlap_with_benchmark,wiktionary,4394,lexicon,ыкӏи,and ; by the way,adv,ыкӏи | гьи,accepted
wiktionary-04395,train,true,,wiktionary,4395,lexicon,ымышӏахэу,by mistake; mistakenly,adv,ымышӏахэу,accepted
wiktionary-04396,test,true,,wiktionary,4396,lexicon,ыпэ ишъын,"to surpass; to overtake ; to outrun, to outdistance",verb,ыпэ ишъын,accepted
wiktionary-04397,test,true,,wiktionary,4397,lexicon,ыунэхъун,to ruin,verb,ыунэхъун,accepted
wiktionary-04398,train,true,,wiktionary,4398,lexicon,ычӏэгъ,below,adv,ычӏэгъ,accepted
wiktionary-04399,test,true,,wiktionary,4399,lexicon,ышъхьагъ,above,adv,ышъхьагъ,accepted
wiktionary-04400,train,true,,wiktionary,4400,lexicon,ышӏуабэ мэшӏэн,"to hurry, to be in a hurry, to hasten",verb,ышӏуабэ мэшӏэн,accepted
wiktionary-04401,train,true,,wiktionary,4401,lexicon,ышӏэу ышӏэн,to do intentionally,verb,ышӏэу ышӏэн,accepted
wiktionary-04402,train,true,,wiktionary,4402,lexicon,ябзэгу,"Their middle, the middle of (two or more things).",adv,ябзэгу,accepted
wiktionary-04403,excluded_benchmark_overlap,false,exact_normalized_input_target_or_variant_overlap_with_benchmark,wiktionary,4403,lexicon,ягъэ,harm ; scab,noun,ягъэ,accepted
wiktionary-04404,train,true,,wiktionary,4404,lexicon,ягъэ егъэкӏын,"to harm someone, to disturb someone, to get in someone's way, to annoy someone",verb,ягъэ егъэкӏын,accepted
wiktionary-04405,train,true,,wiktionary,4405,lexicon,ягъэ къэгъэкӏон,"to interrupt, to interfere with, to annoy",verb,ягъэ къэгъэкӏон,accepted
wiktionary-04406,train,true,,wiktionary,4406,lexicon,яжьэ,ash,noun,яжьэ | яжьэхэмэ | яжьэм | яжьэхэр | яжьэхэм | яжьэу | яжьэхэкӏэ | яжьэхыу | яжьэр | яжьэкӏэ | яжьэхэ,accepted
wiktionary-04407,test,true,,wiktionary,4407,lexicon,язырэ,one of them,adv,язырэ,accepted
wiktionary-04408,train,true,,wiktionary,4408,lexicon,ялыегъэ,"bestest, very best; most best",adj,ялыегъэ,accepted
wiktionary-04409,train,true,,wiktionary,4409,lexicon,янэ,one eighth ; mother,num | noun,янэ,accepted
wiktionary-04410,train,true,,wiktionary,4410,lexicon,янэхь,"most, most among them",adj,янэхь,accepted
wiktionary-04411,train,true,,wiktionary,4411,lexicon,янэш,uncle (Mother's brother),noun,янэш,accepted
wiktionary-04412,validation,true,,wiktionary,4412,lexicon,япхъурэлъф,firstborn ; firstling,noun,япхъурэлъф,accepted
wiktionary-04413,excluded_benchmark_overlap,false,exact_normalized_input_target_or_variant_overlap_with_benchmark,wiktionary,4413,lexicon,япэрэ,first,adj,япэрэ | апэрэ,accepted
wiktionary-04414,excluded_benchmark_overlap,false,exact_normalized_input_target_or_variant_overlap_with_benchmark,wiktionary,4414,lexicon,ятэ,father,noun,ятэ,accepted
wiktionary-04415,train,true,,wiktionary,4415,lexicon,ятэш,uncle (Father's brother),noun,ятэш,accepted
wiktionary-04416,train,true,,wiktionary,4416,lexicon,ятӏэ,dirt,noun,ятӏэ | ятӏэкӏэ | ятӏэхэм | ятӏэхэр | ятӏэм | ятӏэхэ | ятӏэхэмэ | ятӏэу | ятӏэхыу | ятӏэхэкӏэ | ятӏэр,accepted
wiktionary-04417,excluded_benchmark_overlap,false,exact_normalized_input_target_or_variant_overlap_with_benchmark,wiktionary,4417,lexicon,ӏа,that,det,ӏа,accepted
wiktionary-04418,train,true,,wiktionary,4418,lexicon,ӏаджэ,many,adj,ӏаджэ | ӏэгьэ,accepted
wiktionary-04419,train,true,,wiktionary,4419,lexicon,ӏадэ,tongs (An instrument or tool used for manipulating things in a fire without touching them with the hands) ; pliers,noun,ӏадэ | ӏадэу | ӏадэхэм | ӏадэхэр | ӏадэм | ӏадэхэ | ӏадэхэкӏэ | ӏадэхыу | ӏадэр | ӏадэкӏэ | ӏадэхэмэ,accepted
wiktionary-04420,train,true,,wiktionary,4420,lexicon,ӏае,"ugly ; bad-tasting, bad taste, distasteful ; indecent ; disgusting ; nasty ; awful; horrible",adj,ӏае | аехэм | аем | ае | аекӏэ | аехэ | аехэр | аехэмэ | аеу | аехыу | аер | аехэкӏэ,accepted
wiktionary-04421,excluded_benchmark_overlap,false,exact_normalized_input_target_or_variant_overlap_with_benchmark,wiktionary,4421,lexicon,ӏазэ,doctor ; skilled ; expert,noun | adj,ӏазэ | азэ | ӏазэм | ӏазэхэмэ | азэхэкӏэ | азэхыу | азэм | азэхэм | азэхэр | ӏазэхэм | азэр | ӏазэр | азэхэ | ӏазэхыу | ӏазэхэкӏэ | ӏазэу | ӏазэхэ | ӏазэкӏэ | азэу | азэкӏэ | ӏазэхэр | азэхэмэ,accepted
wiktionary-04422,train,true,,wiktionary,4422,lexicon,ӏалъмэкъ,"bag, sack ; handbag",noun,ӏалъмэкъ | алъмэкъ,accepted
wiktionary-04423,train,true,,wiktionary,4423,lexicon,ӏалы,wild,adj,ӏалы,accepted
wiktionary-04424,train,true,,wiktionary,4424,lexicon,ӏанлъэ,trough ; washing tub,noun,ӏанлъэ | ӏанлъэкӏэ | ӏанлъэхэм | ӏанлъэхэмэ | ӏанлъэхэкӏэ | ӏанлъэхэр | ӏанлъэу | ӏанлъэхыу | ӏанлъэр | ӏанлъэм | ӏанлъэхэ,accepted
wiktionary-04425,excluded_benchmark_overlap,false,exact_normalized_input_target_or_variant_overlap_with_benchmark,wiktionary,4425,lexicon,ӏанэ,table ; table (three-legged),noun,ӏанэ | анэуэхэмэ | анэуэм | анэуэхэм | анэу | анэхэр | анэм | ӏанэм | анэуэр | анэуэхэкӏэ | ӏанэхэм | анэ | анэуэхэ | анэкӏэ | ӏанэкӏэ | ӏанэр | анэхыу | анэуэхэр | анэуыу | анэухыу | анэхэ | ӏанэу | анэуэ | ӏанэхэкӏэ | анэхэм | анэр | анэуэкӏэ | ӏанэхэр | ӏанэхэ | ӏанэхэмэ | анэхэмэ | ӏанэхыу | анэхэкӏэ,accepted
wiktionary-04426,train,true,,wiktionary,4426,lexicon,ӏаплӏэ,hug,noun,ӏаплӏэ,accepted
wiktionary-04427,train,true,,wiktionary,4427,lexicon,ӏаплӏэ ещэкӏын,to hug,noun,ӏаплӏэ ещэкӏын,accepted
wiktionary-04428,train,true,,wiktionary,4428,lexicon,ӏаплӏэ фэшӏын,to hug,noun,ӏаплӏэ фэшӏын,accepted
wiktionary-04429,train,true,,wiktionary,4429,lexicon,ӏапшъ,wrist,noun,ӏапшъ | ӏапшъэхэмэ | ӏапшъэкӏэ | ӏапшъэ | ӏапшъыу | ӏапшъэм | ӏапшъэхэ | ӏапшъэхэкӏэ | ӏапшъэхэм | ӏапшъэхэр | ӏапшъэхыу | ӏапшъэр,accepted
wiktionary-04430,excluded_benchmark_overlap,false,exact_normalized_input_target_or_variant_overlap_with_benchmark,wiktionary,4430,lexicon,ӏапэ,hand,noun,ӏапэ | ӏапэм | ӏапэхэм | ӏапэхыу | ӏапэхэкӏэ | ӏапэу | ӏапэхэр | ӏапэкӏэ | ӏапэхэмэ | ӏапэхэ | ӏапэр,accepted
wiktionary-04431,excluded_benchmark_overlap,false,exact_normalized_input_target_or_variant_overlap_with_benchmark,wiktionary,4431,lexicon,ӏапӏэ,"a handful of; an armful of ; thing, object ; bundle",adv | noun,ӏапӏэ | апӏэ,accepted
wiktionary-04432,train,true,,wiktionary,4432,lexicon,ӏасэ,well-behaved ; tamed,adj,ӏасэ | асэ,accepted
wiktionary-04433,train,true,,wiktionary,4433,lexicon,ӏасэу,meekly,adv,ӏасэу,accepted
wiktionary-04434,train,true,,wiktionary,4434,lexicon,ӏахъо,"herdsman, herder",noun,ӏахъо | ӏахъоу | ӏахъокӏэ | ӏахъом | ӏахъохэкӏэ | ӏахъохэр | ӏахъохэмэ | ӏахъохэм | ӏахъор | ӏахъохыу | ӏахъохэ,accepted
wiktionary-04435,train,true,,wiktionary,4435,lexicon,ӏахь,share; part; portion,noun,ӏахь,accepted
wiktionary-04436,train,true,,wiktionary,4436,lexicon,ӏахьыл,"relative (someone in the same family; someone connected by blood, marriage, or adoption)",noun,ӏахьыл,accepted
wiktionary-04437,train,true,,wiktionary,4437,lexicon,ӏашкӏ,clod,noun,ӏашкӏ,accepted
wiktionary-04438,test,true,,wiktionary,4438,lexicon,ӏашэ,"weapon, arms",noun,ӏашэ | ашэхэм | ашэхэр | ӏашэр | ашэхэмэ | ашэкӏэ | ӏашэхэмэ | ашэхыу | ашэм | ашэхэ | ашэр | ашэу | ашэхэкӏэ | ӏашэкӏэ | ӏашэм | ашэ | ӏашэхэм | ӏашэхэ | ӏашэхэр | ӏашэхыу | ӏашэхэкӏэ | ӏашэу,accepted
wiktionary-04439,test,true,,wiktionary,4439,lexicon,ӏашэнчъэ,"armless, one that has no arms / weapons.",adj,ӏашэнчъэ | ӏашэнчъ,accepted
wiktionary-04440,train,true,,wiktionary,4440,lexicon,ӏекӏын,(Abzakh) Alternative form of чӏэкӏын (č̣ăč̣̍ən),adv,ӏекӏын,accepted
wiktionary-04441,validation,true,,wiktionary,4441,lexicon,ӏо,saying,noun,ӏо,accepted
wiktionary-04442,test,true,,wiktionary,4442,lexicon,ӏогъолъхьан,to lay down on,verb,ӏогъолъхьан,accepted
wiktionary-04443,train,true,,wiktionary,4443,lexicon,ӏоен,to whine; to complain,verb,ӏоен,accepted
wiktionary-04444,train,true,,wiktionary,4444,lexicon,ӏон,"to say something ; to say something to someone ; to attempt, to try",verb,ӏон,accepted
wiktionary-04445,train,true,,wiktionary,4445,lexicon,ӏонтагъ,"curve, crooked (Set at an angle, not vertical or square) ; curve, crooked (Not straight; having one or more bends or angles) ; incorrect, wrong",adj,ӏонтагъ | ӏуртӏагъ,accepted
wiktionary-04446,train,true,,wiktionary,4446,lexicon,ӏоныгъомаз,September,noun,ӏоныгъомаз | ӏоныгъомазэм | ӏоныгъомазэр | ӏоныгъомазэхэмэ | ӏоныгъомазэхэм | ӏоныгъомазэхэр | ӏоныгъомазыу | ӏоныгъомазэхэ | ӏоныгъомазэхыу | ӏоныгъомазэкӏэ | ӏоныгъомазэ | ӏоныгъомазэхэкӏэ,accepted
wiktionary-04447,validation,true,,wiktionary,4447,lexicon,ӏоржъор,"twaddler, babbler",noun,ӏоржъор,accepted
wiktionary-04448,train,true,,wiktionary,4448,lexicon,ӏорытх,dictation; the process of speaking for someone else to write down the words,noun,ӏорытх,accepted
wiktionary-04449,train,true,,wiktionary,4449,lexicon,ӏорышӏадж,"misbehave ; disobedient, a person that does not obey",adj,ӏорышӏадж,accepted
wiktionary-04450,train,true,,wiktionary,4450,lexicon,ӏорышӏэ,"well behaved ; obedient, dutiful, a person that obeys",adj,ӏорышӏэ,accepted
wiktionary-04451,train,true,,wiktionary,4451,lexicon,ӏорышӏэджэн,to disobey,verb,ӏорышӏэджэн,accepted
wiktionary-04452,validation,true,,wiktionary,4452,lexicon,ӏорышӏэн,to obey,verb,ӏорышӏэн | еӏорышӏэн,accepted
wiktionary-04453,validation,true,,wiktionary,4453,lexicon,ӏорӏотэжь,"rumor, talk, hearsay",noun,ӏорӏотэжь,accepted
wiktionary-04454,validation,true,,wiktionary,4454,lexicon,ӏоталъ,wisp,noun,ӏоталъ | ӏоталъхыу | ӏоталър | ӏоталъу | ӏоталъхэр | ӏоталъхэм | ӏоталъхэмэ | ӏоталъм | ӏоталъхэкӏэ | ӏоталъхэ | ӏоталъкӏэ,accepted
wiktionary-04455,train,true,,wiktionary,4455,lexicon,ӏотэн,to tell,verb,ӏотэн,accepted
wiktionary-04456,train,true,,wiktionary,4456,lexicon,ӏоф хэдзэн,to put someone in a troublesome situation,verb,ӏоф хэдзэн,accepted
wiktionary-04457,test,true,,wiktionary,4457,lexicon,ӏофшӏакӏэ,how to work; way of working; manner of working,noun,ӏофшӏакӏэ | ӏофшӏакӏэм | ӏофшӏакӏэхэм | ӏофшӏакӏэхэмэ | ӏофшӏакӏэхэкӏэ | ӏофшӏакӏэхэр | ӏофшӏакӏэкӏэ | ӏофшӏакӏэр | ӏофшӏакӏэхэ | ӏофшӏакӏэхыу | ӏофшӏакӏэу,accepted
wiktionary-04458,train,true,,wiktionary,4458,lexicon,ӏофшӏэгъу,colleague,noun,ӏофшӏэгъу | ӏофшӏэгъуэкӏэ | ӏофшӏэгъуэхэм | ӏофшӏэгъухыу | ӏофшӏэгъуэхэмэ | ӏофшӏэгъуыу | ӏофшӏэгъуэр | ӏофшӏэгъуэм | ӏофшӏэгъуэхэр | ӏофшӏэгъуэхэкӏэ | ӏофшӏэгъуэхэ | ӏофшӏэгъуэ,accepted
wiktionary-04459,train,true,,wiktionary,4459,lexicon,ӏофшӏэн,"work; job ; assignment, task",noun,ӏофшӏэн | ӏофшӏэнэхэкӏэ | ӏофшӏэнэхэм | ӏофшӏэнэхэ | ӏофшӏэнэм | ӏофшӏэнэр | ӏофшӏэнэхэр | ӏофшӏэнэхэмэ | ӏофшӏэнэхыу | ӏофшӏэнэ | ӏофшӏэныу | ӏофшӏэнэкӏэ,accepted
wiktionary-04460,train,true,,wiktionary,4460,lexicon,ӏофшӏэнынчъэ,unemployed,noun,ӏофшӏэнынчъэ | ӏофшӏэнынчъэхэм | ӏофшӏэнынчъэм | ӏофшӏэнынчъэу | ӏофшӏэнынчъэр | ӏофшӏэнынчъэхыу | ӏофшӏэнынчъэхэмэ | ӏофшӏэнынчъэхэкӏэ | ӏофшӏэнынчъэхэ | ӏофшӏэнынчъэхэр | ӏофшӏэнынчъэкӏэ,accepted
wiktionary-04461,excluded_benchmark_overlap,false,exact_normalized_input_target_or_variant_overlap_with_benchmark,wiktionary,4461,lexicon,ӏофы,work ; job ; problem,noun,ӏофы | ӏофэм | ӏофыхыу | ӏофыхэмэ | ӏофэ | ӏофыкӏэ | ӏофэхыу | ӏофэхэ | ӏофэр | ӏофэкӏэ | ӏофыр | ӏофым | ӏофыу | ӏофыхэкӏэ | ӏофэхэм | ӏофэхэмэ | ӏофыхэм | ӏофыхэр | ӏоф | ӏофэхэкӏэ | ӏофэхэр,accepted
wiktionary-04462,train,true,,wiktionary,4462,lexicon,ӏофыгъу,"matter, issue, problem",noun,ӏофыгъу,accepted
wiktionary-04463,train,true,,wiktionary,4463,lexicon,ӏофынчъэ,"unemployed, jobless",noun,ӏофынчъэ | ӏофынчъэр | ӏофынчъэхыу | ӏофынчъэм | ӏофынчъэхэм | ӏофынчъэу | ӏофынчъэхэкӏэ | ӏофынчъэхэр | ӏофынчъэхэ | ӏофынчъэхэмэ | ӏофынчъэкӏэ,accepted
wiktionary-04464,train,true,,wiktionary,4464,lexicon,ӏофытхьабз,"undertaking, action, enterprise, measure (that which is undertaken) ; event",noun,ӏофытхьабз,accepted
wiktionary-04465,train,true,,wiktionary,4465,lexicon,ӏофытэн,to send someone to bring something,verb,ӏофытэн,accepted
wiktionary-04466,train,true,,wiktionary,4466,lexicon,ӏохъун,to make a slip in speaking; to say something mistakenly,verb,ӏохъун,accepted
wiktionary-04467,train,true,,wiktionary,4467,lexicon,ӏу,"mouth ; opening, aperture, hole",noun,ӏу | ӏуэхэкӏэ | ӏуэкӏэ | ӏуэр | ӏуыу | ӏуэм | ӏуэхэр | ӏуэхэ | ӏуэхэм | ӏуэ | ӏухыу | ӏуэхэмэ,accepted
wiktionary-04468,test,true,,wiktionary,4468,lexicon,ӏуагъэ,oath,noun,ӏуагъэ | ӏуагъэхэмэ | ӏуагъэм | ӏуагъэу | ӏуагъэхэкӏэ | ӏуагъэхэм | ӏуагъэр | ӏуагъэхэр | ӏуагъэкӏэ | ӏуагъэхэ | ӏуагъэхыу,accepted
wiktionary-04469,test,true,,wiktionary,4469,lexicon,ӏуашъхьэ,mount ; hill,noun,ӏуашъхьэ | ӏуашъхьэхэ | ӏуашъхьэм | ӏуашъхьэхэм | ӏуашъхьэхэмэ | ӏуашъхьэхэр | ӏуашъхьэу | ӏуашъхьэхыу | ӏуашъхьэхэкӏэ | ӏуашъхьэкӏэ | ӏуашъхьэр,accepted
wiktionary-04470,train,true,,wiktionary,4470,lexicon,ӏуашъхьэмафэ,Mount Elbrus (a mountain in the Caucasus),name,ӏуашъхьэмафэ,accepted
wiktionary-04471,train,true,,wiktionary,4471,lexicon,ӏугушӏукӏын,to smile,verb,ӏугушӏукӏын,accepted
wiktionary-04472,validation,true,,wiktionary,4472,lexicon,ӏугъо,smoke,noun,ӏугъо | ӏугъохыу | къугъом | къугъо | ӏугъохэм | къугъоу | ӏугъокӏэ | къугъохэкӏэ | ӏугъом | ӏугъохэмэ | къугъохыу | ӏугъор | къугъохэр | ӏугъохэр | къугъохэм | ӏугъоу | ӏугъохэкӏэ | къугъокӏэ | къугъохэ | къугъохэмэ | къугъор | ӏугъохэ,accepted
wiktionary-04473,train,true,,wiktionary,4473,lexicon,ӏугъуашъо,"smoky ; tinted, smoke-colored",adj,ӏугъуашъо,accepted
wiktionary-04474,train,true,,wiktionary,4474,lexicon,ӏугъэкӏын,to make someone go away,verb,ӏугъэкӏын,accepted
wiktionary-04475,train,true,,wiktionary,4475,lexicon,ӏудан,thread,noun,ӏудан | ӏуданэ | ӏуданэхыу | ӏуданэхэ | ӏуданыу | ӏуданэхэмэ | ӏуданэм | ӏуданэхэм | ӏуданэхэкӏэ | ӏуданэкӏэ | ӏуданэхэр | ӏуданэр,accepted
wiktionary-04476,train,true,,wiktionary,4476,lexicon,ӏужъу,"thick, dense",adj,ӏужъу,accepted
wiktionary-04477,train,true,,wiktionary,4477,lexicon,ӏукьын,to go away,verb,ӏукьын,accepted
wiktionary-04478,validation,true,,wiktionary,4478,lexicon,ӏукӏын,to go away,verb,ӏукӏын,accepted
wiktionary-04479,test,true,,wiktionary,4479,lexicon,ӏукӏэн,"to meet ; to overtake, to sidestep, To catch up with someone but not pass",verb,ӏукӏэн,accepted
wiktionary-04480,train,true,,wiktionary,4480,lexicon,ӏул,pump (in horses),noun,ӏул,accepted
wiktionary-04481,train,true,,wiktionary,4481,lexicon,ӏулэ,"silly, stupid, foolish",adj,ӏулэ | ӏулэкӏэ | ӏулэхэр | ӏулэхэм | ӏулэм | ӏулэхэкӏэ | ӏулэр | ӏулэхэ | ӏулэхыу | ӏулэу | ӏулэхэмэ,accepted
wiktionary-04482,validation,true,,wiktionary,4482,lexicon,ӏулэлын,to hang and bounce (freely),noun,ӏулэлын,accepted
wiktionary-04483,train,true,,wiktionary,4483,lexicon,ӏулӏэн,to sweep off,verb,ӏулӏэн,accepted
wiktionary-04484,train,true,,wiktionary,4484,lexicon,ӏумпэм,A person that doesn't eat,adj,ӏумпэм,accepted
wiktionary-04485,train,true,,wiktionary,4485,lexicon,ӏун,to hear,verb,ӏун | еӏун,accepted
wiktionary-04486,train,true,,wiktionary,4486,lexicon,ӏункӏыбзэ,key,noun,ӏункӏыбзэ | ӏукӏьыбзэм | ӏункӏыбзэхэр | ӏункӏыбзэхэкӏэ | ӏукӏьыбзэхэм | ӏукӏьыбзэхэмэ | ӏукӏьыбзэхэкӏэ | ӏункӏыбзэкӏэ | ӏункӏыбзэхэм | ӏункӏыбзэу | ӏукӏьыбзэкӏэ | ӏункӏыбзэр | ӏункӏыбзэм | ӏукӏьыбзэхыу | ӏукӏьыбзэхэ | ӏукӏьыбзэхэр | ӏукӏьыбзэу | ӏункӏыбзэхыу | ӏункӏыбзэхэ | ӏункӏыбзэхэмэ | ӏукӏьыбзэ | ӏукӏьыбзэр,accepted
wiktionary-04487,train,true,,wiktionary,4487,lexicon,ӏункӏэн,"to push one another, to jostle",verb,ӏункӏэн | еӏункӏэн | гукӏэн | еӏункӏын | егукӏэн,accepted
wiktionary-04488,train,true,,wiktionary,4488,lexicon,ӏунэн,"to become stuck (trapped and unable to move) ; to become stuck (unable to progress) ; to stay, remain (usually the prefix къы- /qə-/ is added) ; to leave someone",verb,ӏунэн,accepted
wiktionary-04489,train,true,,wiktionary,4489,lexicon,ӏупс,saliva,noun,ӏупс,accepted
wiktionary-04490,train,true,,wiktionary,4490,lexicon,ӏупчъэпчъэн,"to mutter, to mumble",verb,ӏупчъэпчъэн,accepted
wiktionary-04491,train,true,,wiktionary,4491,lexicon,ӏупшӏэ,jaw,noun,ӏупшӏэ | ӏупшӏэкӏэ | ӏупшӏэм | ӏупшӏэхэр | ӏупшӏэхэмэ | ӏупшӏэхэкӏэ | ӏупшӏэхэм | ӏупшӏэр | ӏупшӏэхэ | ӏупшӏэу | ӏупшӏэхыу,accepted
wiktionary-04492,train,true,,wiktionary,4492,lexicon,ӏупэ,lip ; front,noun,ӏупэ | ӏупэхэмэ | ӏупэхэр | ӏупэкӏэ | ӏупэхэкӏэ | ӏупэхэм | ӏупэм | ӏупэхэ | ӏупэу | ӏупэхыу | ӏупэр,accepted
wiktionary-04493,validation,true,,wiktionary,4493,lexicon,ӏупэлэн,lipstick,noun,ӏупэлэн | ӏупэлэнэхэ | ӏупэлэнэхэмэ | ӏупэлэнэхэм | ӏупэлэнэхэкӏэ | ӏупэлэнэкӏэ | ӏупэлэнэр | ӏупэлэнэм | ӏупэлэнэ | ӏупэлэныу | ӏупэлэнэхэр | ӏупэлэнэхыу,accepted
wiktionary-04494,train,true,,wiktionary,4494,lexicon,ӏус,food for animals; fodder,noun,ӏус | ӏусэхэм | ӏусэм | ӏусэр | ӏусэкӏэ | ӏусыу | ӏусэ | ӏусэхэ | ӏусэхэкӏэ | ӏусэхыу | ӏусэхэмэ | ӏусэхэр,accepted
wiktionary-04495,validation,true,,wiktionary,4495,lexicon,ӏухын,to open ; to take something away from near something,verb,ӏухын,accepted
wiktionary-04496,excluded_benchmark_overlap,false,exact_normalized_input_target_or_variant_overlap_with_benchmark,wiktionary,4496,lexicon,ӏухьан,to go near,verb,ӏухьан | жэхэхьан | зэбгырыхьан | пыхьан | кӏоцӏы | шъхьапырыхьан | ӏу | шъхьадэхьан | хэхьан | кӏоцӏыхьан | лъы | и | кӏэлъыры | пэхьан | бгъодэ | техьан | кӏэлъырыхьан | бгъодэхьан | шъхьадэ | хэ | зэбгыры | те | чӏэ | дэ | гохьан | къохьан | го | шъхьапыры | пы | зэкӏэ | чӏэхьан | жэхэ | жэдэ | ихьан | жэдэхьан | лъыхьан | къо | джыхэхьэн | дэхьан | зэкӏэхьан,accepted
wiktionary-04497,train,true,,wiktionary,4497,lexicon,ӏуш,"wise ; clever, smart, intelligent",adj,ӏуш,accepted
wiktionary-04498,train,true,,wiktionary,4498,lexicon,ӏушъо,"shore, coast, seaboard, littoral",noun,ӏушъо,accepted
wiktionary-04499,train,true,,wiktionary,4499,lexicon,ӏушъэшъэн,to whisper,verb,ӏушъэшъэн,accepted
wiktionary-04500,test,true,,wiktionary,4500,lexicon,ӏыгъэн,to hold,noun,ӏыгъэн,accepted
wiktionary-04501,train,true,,wiktionary,4501,lexicon,ӏынджыр,fig,noun,ӏынджыр | ӏынджырыу | ӏынджырэм | ӏынджырэхэм | ӏынджырэ | ӏынджырэхэкӏэ | ӏынджырэхыу | ӏынджырэхэр | ӏынджырэхэмэ | ӏынджырэр | ӏынджырэхэ | ӏынджырэкӏэ,accepted
wiktionary-04502,train,true,,wiktionary,4502,lexicon,ӏьалэ,boy ; young man,noun,ӏьалэ,accepted
wiktionary-04503,excluded_benchmark_overlap,false,exact_normalized_input_target_or_variant_overlap_with_benchmark,wiktionary,4503,lexicon,ӏэ,arm ; hand,noun,ӏэ | ӏэхэр | ӏэм | ӏэр | ӏэхэмэ | ӏэхэм | ӏэхэ | ӏэу | ӏэхыу | ӏэкӏэ | ӏэхэкӏэ,accepted
wiktionary-04504,train,true,,wiktionary,4504,lexicon,ӏэ къэӏэтын,to surrender ; to give up,verb,ӏэ къэӏэтын,accepted
wiktionary-04505,train,true,,wiktionary,4505,lexicon,ӏэбжъанэ,fingernail,noun,ӏэбжъанэ | ӏэбжъанэр | ӏэбжъанэм | ӏэбжъанэхэм | ӏэбжъанэхэр | ӏэбжъанэкӏэ | ӏэбжъанэу | ӏэбжъанэхыу | ӏэбжъанэхэ | ӏэбжъанэхэмэ | ӏэбжъанэхэкӏэ,accepted
wiktionary-04506,train,true,,wiktionary,4506,lexicon,ӏэбжъэнэпыупкӏы,nail clipper,noun,ӏэбжъэнэпыупкӏы | ӏэбжъэнэпыупкӏыхэм | ӏэбжъэнэпыупкӏыкӏэ | ӏэбжъэнэпыупкӏым | ӏэбжъэнэпыупкӏыр | ӏэбжъэнэпыупкӏыхэкӏэ | ӏэбжъэнэпыупкӏыхыу | ӏэбжъэнэпыупкӏыхэмэ | ӏэбжъэнэпыупкӏыу | ӏэбжъэнэпыупкӏыхэр,accepted
wiktionary-04507,validation,true,,wiktionary,4507,lexicon,ӏэбжыб,handful; fistful,adj,ӏэбжыб | ӏэбжыбэм | ӏэбжыбэхэкӏэ | ӏэбжыбэ | ӏэбжыбэкӏэ | ӏэбжыбэхэмэ | ӏэбжыбэхэм | ӏэбжыбыу | ӏэбжыбэхыу | ӏэбжыбэр | ӏэбжыбэхэр | ӏэбжыбэхэ,accepted
wiktionary-04508,train,true,,wiktionary,4508,lexicon,ӏэбжым,fist,noun,ӏэбжым | ӏэбжымм | ӏэбжыму | ӏэбжымхэкӏэ | ӏэбжымхыу | ӏэбжымхэм | ӏэбжымкӏэ | ӏэбжымхэмэ | ӏэбжымхэр | ӏэбжымр,accepted
wiktionary-04509,train,true,,wiktionary,4509,lexicon,ӏэбыцу,glove ; mitten,noun,ӏэбыцу | ӏэбыцуэхэм | ӏэбыцуэхэр | ӏэбычъуэхэмэ | ӏэбыцуэхэмэ | ӏэбычъуэм | ӏэбыцухыу | ӏэбыцуэхэкӏэ | ӏэбычъуэ | ӏэбычъуэхэм | ӏэбыцуэм | ӏэбычъухыу | ӏэбыцуэр | ӏэбыцуэкӏэ | ӏэбычъуэхэр | ӏэбычъу | ӏэбычъуэхэ | ӏэбычъуэр | ӏэбыцуыу | ӏэбычъуэхэкӏэ | ӏэбыцуэхэ | ӏэбычъуыу | ӏэбыцуэ | ӏэбычъуэкӏэ,accepted
wiktionary-04510,train,true,,wiktionary,4510,lexicon,ӏэбэн,"to reach out, to extend one's hand(s) forward. ; to reach out and touch",verb,ӏэбэн,accepted
wiktionary-04511,validation,true,,wiktionary,4511,lexicon,ӏэгу,"wrist ; yard, courtyard",noun,ӏэгу | ӏэгуэкӏэ | ӏэгуэхэр | ӏэгуэхэкӏэ | ӏэгуэхэмэ | ӏэгуэм | ӏэгуэхэм | ӏэгуэр | ӏэгуэхэ | ӏэгуэ | ӏэгуыу | ӏэгухыу,accepted
wiktionary-04512,train,true,,wiktionary,4512,lexicon,ӏэгуау,ball,noun,ӏэгуау | ӏэгуауэхэкӏэ | ӏэгуауэхэр | ӏэгуауэхэ | ӏэгуауэхэм | ӏэгуаухыу | ӏэгуауэм | ӏэгуауэкӏэ | ӏэгуауэхэмэ | ӏэгуауэ | ӏэгуауэр | ӏэгуауыу,accepted
wiktionary-04513,test,true,,wiktionary,4513,lexicon,ӏэгъуапэ,sleeve (of a shirt),noun,ӏэгъуапэ | ӏэгъуапэр | ӏэгъуапэхэр | ӏэгъуапэхэмэ | ӏэгъуапэхэкӏэ | ӏэгъуапэхэм | ӏэгъуапэу | ӏэгъуапэкӏэ | ӏэгъуапэм | ӏэгъуапэхэ | ӏэгъуапэхыу,accepted
wiktionary-04514,train,true,,wiktionary,4514,lexicon,ӏэгьы,a lot,adv,ӏэгьы,accepted
wiktionary-04515,train,true,,wiktionary,4515,lexicon,ӏэдакъэ,The hand's heel,noun,ӏэдакъэ | ӏэдакъэхэм | ӏэдакъэкӏэ | ӏэдакъэхэкӏэ | ӏэдакъэхыу | ӏэдакъэм | ӏэдакъэр | ӏэдакъэхэмэ | ӏэдакъэхэр | ӏэдакъэу | ӏэдакъэхэ,accepted
wiktionary-04516,validation,true,,wiktionary,4516,lexicon,ӏэджэбыжэ,clumsy,adj,ӏэджэбыжэ,accepted
wiktionary-04517,validation,true,,wiktionary,4517,lexicon,ӏэдэб,polite,adj,ӏэдэб,accepted
wiktionary-04518,validation,true,,wiktionary,4518,lexicon,ӏэзэ,same,adv,ӏэзэ,accepted
wiktionary-04519,train,true,,wiktionary,4519,lexicon,ӏэзэгъу,treatment ; medicine ; healthy ; healing partner; healing body; healing friend,noun,ӏэзэгъу,accepted
wiktionary-04520,train,true,,wiktionary,4520,lexicon,ӏэкощ,umbrella,noun,ӏэкощ | ӏэкощэм | ӏэкощэхэ | ӏэкощэхэр | ӏэкощэхыу | ӏэкощэкӏэ | ӏэкощэ | ӏэкощэхэмэ | ӏэкощэхэм | ӏэкощыу | ӏэкощэр | ӏэкощэхэкӏэ,accepted
wiktionary-04521,train,true,,wiktionary,4521,lexicon,ӏэкӏэгъэхьан,"to make someone get ahold of something, to make someone receive something ; to supply",verb,ӏэкӏэгъэхьан,accepted
wiktionary-04522,train,true,,wiktionary,4522,lexicon,ӏэкӏэзын,to drop something unintentionally (from one's hand),verb,ӏэкӏэзын,accepted
wiktionary-04523,train,true,,wiktionary,4523,lexicon,ӏэкӏэкӏын,to let someone get away or run away (inadvertently) ; to break out of somebody's hands ; to miss out inadvertently ; to skip over,verb,ӏэкӏэкӏын,accepted
wiktionary-04524,train,true,,wiktionary,4524,lexicon,ӏэкӏэукӏэн,to kill somebody inadvertently,verb,ӏэкӏэукӏэн,accepted
wiktionary-04525,train,true,,wiktionary,4525,lexicon,ӏэкӏэхьан,"to receive, to gain, to take possession of, to get ahold of",verb,ӏэкӏэхьан | ӏэчӏэхьан | къыӏэкӏэхьэн,accepted
wiktionary-04526,train,true,,wiktionary,4526,lexicon,ӏэл,wild (animal),adj,ӏэл,accepted
wiktionary-04527,train,true,,wiktionary,4527,lexicon,ӏэлгьанэ,forearm,noun,ӏэлгьанэ | ӏэлгьанэхэмэ | ӏэлгьанэхэкӏэ | ӏэлгьанэхэр | ӏэлгьанэхэ | ӏэлгьанэр | ӏэлгьанэм | ӏэлгьанэкӏэ | ӏэлгьанэу | ӏэлгьанэхэм | ӏэлгьанэхыу,accepted
wiktionary-04528,train,true,,wiktionary,4528,lexicon,ӏэлджанэ,forearm,noun,ӏэлджанэ | ӏэлджанэхэм | ӏэлджанэкӏэ | ӏэлджанэр | ӏэлджанэм | ӏэлджанэхэр | ӏэлджанэхэкӏэ | ӏэлджанэхэмэ | ӏэлджанэу | ӏэлджанэхыу | ӏэлджанэхэ,accepted
wiktionary-04529,train,true,,wiktionary,4529,lexicon,ӏэлъмэкъ,bag,noun,ӏэлъмэкъ | ӏэлъмэкъхэр | ӏэлъмэкъкӏэ | ӏэлъмэкъм | ӏэлъмэкъхыу | ӏэлъмэкъхэкӏэ | ӏэлъмэкъхэ | ӏэлъмэкъхэм | ӏэлъмэкър | ӏэлъмэкъхэмэ | ӏэлъмэкъу,accepted
wiktionary-04530,validation,true,,wiktionary,4530,lexicon,ӏэлъын,ring,noun,ӏэлъын | ӏелъынэхыу | ӏэлъынэр | ӏелъынэхэкӏэ | ӏэлъынэхэр | ӏэлъынэхэм | ӏэлъынэм | ӏелъынэкӏэ | ӏэлъынэхэкӏэ | ӏэлъыныу | ӏэлъынэхэ | ӏелъынэм | ӏэлъынэкӏэ | ӏелъынэхэ | ӏэлъынэхэмэ | ӏелъынэхэм | ӏэлъынэ | ӏелъынэр | ӏелъынэ | ӏэлъынэхыу | ӏелъынэхэмэ | ӏелъынэхэр | ӏелъын | ӏелъыныу,accepted
wiktionary-04531,train,true,,wiktionary,4531,lexicon,ӏэмал,"method, means, way",verb,ӏэмал,accepted
wiktionary-04532,train,true,,wiktionary,4532,lexicon,ӏэмэпсымэ,tool,noun,ӏэмэпсымэ | ӏэмэпсымэу | ӏэмэпсымэхэмэ | ӏэмэпсымэкӏэ | ӏэмэпсымэхэкӏэ | ӏэмэпсымэхыу | ӏэмэпсымэм | ӏэмэпсымэхэм | ӏэмэпсымэхэр | ӏэмэпсымэхэ | ӏэмэпсымэр,accepted
wiktionary-04533,validation,true,,wiktionary,4533,lexicon,ӏэнатӏэ,"office, post, appointment, position, job",noun,ӏэнатӏэ | ӏэнатӏэхэм | ӏэнатӏэм | ӏэнатӏэхыу | ӏэнатӏэхэкӏэ | ӏэнатӏэхэ | ӏэнатӏэр | ӏэнатӏэхэмэ | ӏэнатӏэхэр | ӏэнатӏэкӏэ | ӏэнатӏэу,accepted
wiktionary-04534,train,true,,wiktionary,4534,lexicon,ӏэндыкъ,hyaena,noun,ӏэндыкъ,accepted
wiktionary-04535,train,true,,wiktionary,4535,lexicon,ӏэнтэгъу,elbow,noun,ӏэнтэгъу | ӏэнтэгъуэкӏэ | ӏэнтэгъуэхэр | ӏэнтэгъуэм | ӏэнтэгъуэхэм | ӏэнтэгъуэ | ӏэнтэгъухыу | ӏэнтэгъуэхэкӏэ | ӏэнтэгъуыу | ӏэнтэгъуэхэмэ | ӏэнтэгъуэр | ӏэнтэгъуэхэ,accepted
wiktionary-04536,validation,true,,wiktionary,4536,lexicon,ӏэнэгъунэ,(Kfar Kama dialect) surrounding area (of a village or city),noun,ӏэнэгъунэ,accepted
wiktionary-04537,train,true,,wiktionary,4537,lexicon,ӏэнэжъ,grandma,noun,ӏэнэжъ | ӏэнэжъэм | ӏэнэжъэкӏэ | ӏэнэжъэхэкӏэ | ӏэнэжъэхэм | ӏэнэжъэ | ӏэнэжъэр | ӏэнэжъыу | ӏэнэжъэхэмэ | ӏэнэжъэхэ | ӏэнэжъэхыу | ӏэнэжъэхэр,accepted
wiktionary-04538,train,true,,wiktionary,4538,lexicon,ӏэпапсӏэ,fingertip,noun,ӏэпапсӏэ | ӏэпапсӏэхыу | ӏэпапсӏэхэм | ӏэпапсӏэу | ӏэпапсӏэхэ | ӏэпапсӏэм | ӏэпапсӏэхэкӏэ | ӏэпапсӏэхэмэ | ӏэпапсӏэкӏэ | ӏэпапсӏэхэр | ӏэпапсӏэр,accepted
wiktionary-04539,train,true,,wiktionary,4539,lexicon,ӏэпапцӏэ,fingertip,noun,ӏэпапцӏэ | ӏэпапцӏэм | ӏэпапцӏэхыу | ӏэпапцӏэхэ | ӏэпапцӏэу | ӏэпапцӏэхэм | ӏэпапцӏэкӏэ | ӏэпапцӏэхэмэ | ӏэпапцӏэр | ӏэпапцӏэхэкӏэ | ӏэпапцӏэхэр,accepted
wiktionary-04540,test,true,,wiktionary,4540,lexicon,ӏэплъэкӏ,towel,noun,ӏэплъэкӏ,accepted
wiktionary-04541,validation,true,,wiktionary,4541,lexicon,ӏэплъэкӏжъые,handkerchiefs,noun,ӏэплъэкӏжъые | ӏэплъэкӏжъыехэм | ӏэплъэкӏжъыекӏэ | ӏэплъэкӏжъыехэкӏэ | ӏэплъэкӏжъыем | ӏэплъэкӏжъыер | ӏэплъэкӏжъыехэмэ | ӏэплъэкӏжъыехыу | ӏэплъэкӏжъыехэ | ӏэплъэкӏжъыехэр | ӏэплъэкӏжъыеу,accepted
wiktionary-04542,train,true,,wiktionary,4542,lexicon,ӏэпс-лъэпс,"simple, basic",adj,ӏэпс-лъэпс,accepted
wiktionary-04543,train,true,,wiktionary,4543,lexicon,ӏэпхъабэ,finger,noun,ӏэпхъабэ | ӏэпхъабэхыу | ӏэпхъабэм | ӏэпхъабэхэм | ӏэпхъабэхэкӏэ | ӏэпхъабэкӏэ | ӏэпхъабэхэ | ӏэпхъабэу | ӏэпхъабэхэр | ӏэпхъабэр | ӏэпхъабэхэмэ,accepted
wiktionary-04544,train,true,,wiktionary,4544,lexicon,ӏэпхъощ,"clumsy, a person that tend to drop stuff",adj,ӏэпхъощ,accepted
wiktionary-04545,train,true,,wiktionary,4545,lexicon,ӏэпшъэхъу,bracelet,noun,ӏэпшъэхъу | ӏэпшъэхъуэхэмэ | ӏэпшъэхъуэр | ӏэпшъэхъуэм | ӏэпшъэхъуэхэкӏэ | ӏэпшъэхъуэ | ӏэпшъэхъуэхэ | ӏэпшъэхъуыу | ӏэпшъэхъуэкӏэ | ӏэпшъэхъуэхыу | ӏэпшъэхъуэхэр | ӏэпшъэхъуэхэм,accepted
wiktionary-04546,train,true,,wiktionary,4546,lexicon,ӏэпшэхъу,clumsy,adj,ӏэпшэхъу,accepted
wiktionary-04547,test,true,,wiktionary,4547,lexicon,ӏэпыгъэзын,to make someone drop something (from one's hand),verb,ӏэпыгъэзын,accepted
wiktionary-04548,train,true,,wiktionary,4548,lexicon,ӏэпыгъэтӏэрын,to make someone drop something (from one's hand),verb,ӏэпыгъэтӏэрын,accepted
wiktionary-04549,train,true,,wiktionary,4549,lexicon,ӏэпызын,to slowly drop something unintentionally (from one's hand),verb,ӏэпызын,accepted
wiktionary-04550,train,true,,wiktionary,4550,lexicon,ӏэпыкӏын,to evade ; to not be able to hold the pee,verb,ӏэпыкӏын | ӏэпыкӏьын,accepted
wiktionary-04551,test,true,,wiktionary,4551,lexicon,ӏэпытӏэрын,to drop something unintentionally (from one's hand),verb,ӏэпытӏэрын | ӏэпэтӏэрын,accepted
wiktionary-04552,train,true,,wiktionary,4552,lexicon,ӏэпыӏэгъоу фэхъун,to help (usually small help); to aid; to assist,verb,ӏэпыӏэгъоу фэхъун,accepted
wiktionary-04553,train,true,,wiktionary,4553,lexicon,ӏэпыӏэгъу,help; aid; assistance,noun,ӏэпыӏэгъу,accepted
wiktionary-04554,train,true,,wiktionary,4554,lexicon,ӏэпыӏэн,to help,verb,ӏэпыӏэн,accepted
wiktionary-04555,train,true,,wiktionary,4555,lexicon,ӏэпэгъуапэ,"sleeve, The part of the shirt that covers the arm",noun,ӏэпэгъуапэ | ӏэпэгъуапэр | ӏэпэгъуапэкӏэ | ӏэпэгъуапэм | ӏэпэгъуапэу | ӏэпэгъуапэхэ | ӏэпэгъуапэхэкӏэ | ӏэпэгъуапэхэм | ӏэпэгъуапэхыу | ӏэпэгъуапэхэмэ | ӏэпэгъуапэхэр,accepted
wiktionary-04556,test,true,,wiktionary,4556,lexicon,ӏэпэпсӏий,fingertip,noun,ӏэпэпсӏий | ӏэпэпсӏийхэр | ӏэпэпсӏийм | ӏэпэпсӏийхэ | ӏэпэпсӏийхэмэ | ӏэпэпсӏийр | ӏэпэпсӏийхыу | ӏэпэпсӏийхэм | ӏэпэпсӏийхэкӏэ | ӏэпэпсӏийу | ӏэпэпсӏийкӏэ,accepted
wiktionary-04557,train,true,,wiktionary,4557,lexicon,ӏэпэӏас,skillful,adj,ӏэпэӏас,accepted
wiktionary-04558,validation,true,,wiktionary,4558,lexicon,ӏэрс,dish,noun,ӏэрс | ӏэрср | ӏэрсхэ | ӏэрсм | ӏэрсхэмэ | ӏэрсхэм | ӏэрсу | ӏэрсхэр | ӏэрсхэкӏэ | ӏэрскӏэ | ӏэрсхыу,accepted
wiktionary-04559,train,true,,wiktionary,4559,lexicon,ӏэтын,"to lift, to raise ; (Kfar Kama dialect, slang, vulgar) to have sexual intercourse; to fuck",verb,ӏэтын,accepted
wiktionary-04560,train,true,,wiktionary,4560,lexicon,ӏэтэгъ,high,adj,ӏэтэгъ | ӏэтэгъэр | ӏэтэгъэ | ӏэтэгъэхэр | ӏэтэгъэхэм | ӏэтэгъхыу | ӏэтэгъэхэмэ | ӏэтэгъэм | ӏэтэгъэхэкӏэ | ӏэтэгъэхэ | ӏэтэгъыу | ӏэтэгъэкӏэ,accepted
wiktionary-04561,train,true,,wiktionary,4561,lexicon,ӏэтэгъу,elbow,noun,ӏэтэгъу | ӏэтэгъуыу | ӏэтэгъухыу | ӏэтэгъуэхэмэ | ӏэтэгъуэкӏэ | ӏэтэгъуэ | ӏэтэгъуэхэр | ӏэтэгъуэхэкӏэ | ӏэтэгъуэхэ | ӏэтэгъуэхэм | ӏэтэгъуэм | ӏэтэгъуэр,accepted
wiktionary-04562,test,true,,wiktionary,4562,lexicon,ӏэтэжъ,grandpa,noun,ӏэтэжъ | ӏэтэжъэхэкӏэ | ӏэтэжъэхэм | ӏэтэжъэхыу | ӏэтэжъэм | ӏэтэжъэр | ӏэтэжъыу | ӏэтэжъэхэр | ӏэтэжъэхэ | ӏэтэжъэкӏэ | ӏэтэжъэхэмэ | ӏэтэжъэ,accepted
wiktionary-04563,train,true,,wiktionary,4563,lexicon,ӏэтэчэн,arm wrestling,noun,ӏэтэчэн,accepted
wiktionary-04564,test,true,,wiktionary,4564,lexicon,ӏэубытыпӏэ,handle ; knob,noun,ӏэубытыпӏэ | ӏэубытыпӏэхыу | ӏэубытыпӏэхэкӏэ | ӏэубытыпӏэхэр | ӏэубытыпӏэхэмэ | ӏэубытыпӏэхэ | ӏэубытыпӏэкӏэ | ӏэубытыпӏэм | ӏэубытыпӏэр | ӏэубытыпӏэхэм | ӏэубытыпӏэу,accepted
wiktionary-04565,train,true,,wiktionary,4565,lexicon,ӏэфӏ,sweet ; tasty,adj,ӏэфӏ | ӏэфӏэхэм | ӏэфӏэхэр | ӏэфӏэм | ӏэфӏэкӏэ | ӏэфӏэхэкӏэ | ӏэфӏэ | ӏэфӏыу | ӏэфӏэхэмэ | ӏэфӏэхыу | ӏэфӏэр | ӏэфӏэхэ,accepted
wiktionary-04566,train,true,,wiktionary,4566,lexicon,ӏэхъогъу,herd ; herdsman's companion,noun,ӏэхъогъу,accepted
wiktionary-04567,train,true,,wiktionary,4567,lexicon,ӏэхъу,bracelet,noun,ӏэхъу | ӏэхъуэр | ӏэхъуэм | ӏэхъуэхэ | ӏэхъуэхэр | ӏэхъуэкӏэ | ӏэхъухыу | ӏэхъуыу | ӏэхъуэхэкӏэ | ӏэхъуэ | ӏэхъуэхэм | ӏэхъуэхэмэ,accepted
wiktionary-04568,validation,true,,wiktionary,4568,lexicon,ӏэхъуамбэ,finger,noun,ӏэхъуамбэ | ӏэхъуамбэр | ӏэхъуамбэхэкӏэ | ӏэхъуамбэкӏэ | ӏэхъуамбэхэмэ | ӏэхъуамбэу | ӏэхъуамбэхыу | ӏэхъуамбэхэм | ӏэхъуамбэхэр | ӏэхъуамбэхэ | ӏэхъуамбэм,accepted
wiktionary-04569,validation,true,,wiktionary,4569,lexicon,ӏэчъэ-лъэчъэн,to become anxious / uneasy ; to run back and forth,verb,ӏэчъэ-лъэчъэн,accepted
wiktionary-04570,train,true,,wiktionary,4570,lexicon,ӏэшъхьэ,joint of hand,noun,ӏэшъхьэ | ӏэшъхьэхэкӏэ | ӏэшъхьэхыу | ӏэшъхьэхэм | ӏэшъхьэм | ӏэшъхьэкӏэ | ӏэшъхьэхэ | ӏэшъхьэхэмэ | ӏэшъхьэу | ӏэшъхьэр | ӏэшъхьэхэр,accepted
wiktionary-04571,train,true,,wiktionary,4571,lexicon,ӏэшъхьэтет,"boss, manager",noun,ӏэшъхьэтет | ӏэшъхьэтетэм | ӏэшъхьэтетэхэм | ӏэшъхьэтетыу | ӏэшъхьэтетэкӏэ | ӏэшъхьэтетэхэмэ | ӏэшъхьэтетэхыу | ӏэшъхьэтетэхэ | ӏэшъхьэтетэ | ӏэшъхьэтетэр | ӏэшъхьэтетэхэкӏэ | ӏэшъхьэтетэхэр,accepted
wiktionary-04572,train,true,,wiktionary,4572,lexicon,ӏэшъхьэхъу,bracelet,noun,ӏэшъхьэхъу | ӏэшъхьэхъуэхэмэ | ӏэшъхьэхъуэхэм | ӏэшъхьэхъухыу | ӏэшъхьэхъуэм | ӏэшъхьэхъуэхэ | ӏэшъхьэхъуэхэкӏэ | ӏэшъхьэхъуыу | ӏэшъхьэхъуэ | ӏэшъхьэхъуэхэр | ӏэшъхьэхъуэр | ӏэшъхьэхъуэкӏэ,accepted
wiktionary-04573,validation,true,,wiktionary,4573,lexicon,ӏэшӏу,"sweet ; tasty ; something sweet (e.g. candy, cage)",adj | noun,ӏэшӏу | ӏашӏу | ӏэшӏуэм | ӏашӏуэм | ӏашӏухыу | ӏэшӏуэхэмэ | ӏэшӏуэхэм | ӏашӏуэкӏэ | ӏэшӏуэхэ | ӏэшӏуэхэр | ӏашӏуэр | ӏашӏуэхэмэ | ӏэшӏуыу | ӏэшӏуэхэкӏэ | ӏашӏуэхэм | ӏэшӏуэкӏэ | ӏашӏуэ | ӏэшӏуэ | ӏэшӏухыу | ӏэшӏуэр | ӏашӏуэхэ | ӏашӏуэхэр | ӏашӏуэхэкӏэ | ӏашӏуыу,accepted
wiktionary-04574,train,true,,wiktionary,4574,lexicon,ӏэшӏу-ӏушӏу,sweet (food),noun,ӏэшӏу-ӏушӏу | ӏэшӏу-ӏушӏухэр | ӏэшӏу-ӏушӏухэ | ӏэшӏу-ӏушӏуу | ӏашӏуӏушӏум | ӏашӏу-ӏушӏухэкӏэ | ӏашӏу ӏушӏухэм | ӏашӏуӏушӏуу | ӏашӏуӏушӏухыу | ӏашӏу ӏушӏухэкӏэ | ӏашӏу ӏушӏуу | ӏашӏуӏушӏу | ӏашӏу-ӏушӏухэмэ | ӏашӏу-ӏушӏухэм | ӏашӏуӏушӏумкӏэ | ӏашӏу-ӏушӏу | ӏэшӏу-ӏушӏур | ӏэшӏу-ӏушӏухэкӏэ | ӏашӏу ӏушӏукӏэ | ӏашӏу ӏушӏу | ӏэшӏу-ӏушӏухыу | ӏашӏу ӏушӏур | ӏашӏу ӏушӏумкӏэ | ӏашӏуӏушӏур | ӏашӏуӏушӏухэр | ӏашӏу ӏушӏухэ | ӏашӏуӏушӏухэкӏэ | ӏэшӏу-ӏушӏухэм | ӏашӏу ӏушӏум | ӏашӏу ӏушӏухэмэ | ӏашӏу-ӏушӏуу | ӏашӏуӏушӏухэм | ӏашӏуӏушӏухэмэ | ӏашӏуӏушӏукӏэ | ӏэшӏу-ӏушӏукӏэ | ӏашӏу-ӏушӏумкӏэ | ӏашӏу-ӏушӏухэ | ӏашӏуӏушӏухэ | ӏэшӏу-ӏушӏухэмэ | ӏашӏу-ӏушӏур | ӏэшӏу-ӏушӏум | ӏашӏу ӏушӏухэр | ӏэшӏу-ӏушӏумкӏэ | ӏашӏу-ӏушӏум | ӏашӏу-ӏушӏукӏэ | ӏашӏу ӏушӏухыу | ӏашӏу-ӏушӏухыу | ӏашӏу-ӏушӏухэр,accepted
wiktionary-04575,train,true,,wiktionary,4575,lexicon,ӏэшӏэх,easy,adj,ӏэшӏэх,accepted
wiktionary-04576,test,true,,wiktionary,4576,lexicon,ӏэщхьэ,sleeve,noun,ӏэщхьэ | ӏэщхьэу | ӏэщхьэм | ӏэщхьэхэкӏэ | ӏэщхьэкӏэ | ӏэщхьэхэмэ | ӏэщхьэхэм | ӏэщхьэхэр | ӏэщхьэр | ӏэщхьэхыу | ӏэщхьэхэ,accepted
user-authored-003,excluded_benchmark_parent,false,adige_data_is_a_parent_source_of_adige_bench,user_authored,3,orthography_romanization,А а,a,,,accepted
user-authored-004,excluded_benchmark_parent,false,adige_data_is_a_parent_source_of_adige_bench,user_authored,4,orthography_romanization,Б б,b,,,accepted
user-authored-005,excluded_benchmark_parent,false,adige_data_is_a_parent_source_of_adige_bench,user_authored,5,orthography_romanization,В в,v,,,accepted
user-authored-006,excluded_benchmark_parent,false,adige_data_is_a_parent_source_of_adige_bench,user_authored,6,orthography_romanization,Г г,g,,,accepted
user-authored-007,excluded_benchmark_parent,false,adige_data_is_a_parent_source_of_adige_bench,user_authored,7,orthography_romanization,Д д,d,,,accepted
user-authored-008,excluded_benchmark_parent,false,adige_data_is_a_parent_source_of_adige_bench,user_authored,8,orthography_romanization,Е е,e/ye,,,accepted
user-authored-009,excluded_benchmark_parent,false,adige_data_is_a_parent_source_of_adige_bench,user_authored,9,orthography_romanization,Ж ж,j,,,accepted
user-authored-010,excluded_benchmark_parent,false,adige_data_is_a_parent_source_of_adige_bench,user_authored,10,orthography_romanization,З з,z,,,accepted
user-authored-011,excluded_benchmark_parent,false,adige_data_is_a_parent_source_of_adige_bench,user_authored,11,orthography_romanization,И и,i,,,accepted
user-authored-012,excluded_benchmark_parent,false,adige_data_is_a_parent_source_of_adige_bench,user_authored,12,orthography_romanization,Й й,y,,,accepted
user-authored-013,excluded_benchmark_parent,false,adige_data_is_a_parent_source_of_adige_bench,user_authored,13,orthography_romanization,К к,k,,,accepted
user-authored-014,excluded_benchmark_parent,false,adige_data_is_a_parent_source_of_adige_bench,user_authored,14,orthography_romanization,Л л,l,,,accepted
user-authored-015,excluded_benchmark_parent,false,adige_data_is_a_parent_source_of_adige_bench,user_authored,15,orthography_romanization,М м,m,,,accepted
user-authored-016,excluded_benchmark_parent,false,adige_data_is_a_parent_source_of_adige_bench,user_authored,16,orthography_romanization,Н н,n,,,accepted
user-authored-017,excluded_benchmark_parent,false,adige_data_is_a_parent_source_of_adige_bench,user_authored,17,orthography_romanization,О о,o,,,accepted
user-authored-018,excluded_benchmark_parent,false,adige_data_is_a_parent_source_of_adige_bench,user_authored,18,orthography_romanization,П п,p,,,accepted
user-authored-019,excluded_benchmark_parent,false,adige_data_is_a_parent_source_of_adige_bench,user_authored,19,orthography_romanization,Р р,r,,,accepted
user-authored-020,excluded_benchmark_parent,false,adige_data_is_a_parent_source_of_adige_bench,user_authored,20,orthography_romanization,С с,s,,,accepted
user-authored-021,excluded_benchmark_parent,false,adige_data_is_a_parent_source_of_adige_bench,user_authored,21,orthography_romanization,Т т,t,,,accepted
user-authored-022,excluded_benchmark_parent,false,adige_data_is_a_parent_source_of_adige_bench,user_authored,22,orthography_romanization,У у,u/w,,,accepted
user-authored-023,excluded_benchmark_parent,false,adige_data_is_a_parent_source_of_adige_bench,user_authored,23,orthography_romanization,Ф ф,f,,,accepted
user-authored-024,excluded_benchmark_parent,false,adige_data_is_a_parent_source_of_adige_bench,user_authored,24,orthography_romanization,Х х,h / kh,,,accepted
user-authored-025,excluded_benchmark_parent,false,adige_data_is_a_parent_source_of_adige_bench,user_authored,25,orthography_romanization,Ц ц,ts,,,accepted
user-authored-026,excluded_benchmark_parent,false,adige_data_is_a_parent_source_of_adige_bench,user_authored,26,orthography_romanization,Ч ч,ç,,,accepted
user-authored-027,excluded_benchmark_parent,false,adige_data_is_a_parent_source_of_adige_bench,user_authored,27,orthography_romanization,Ш ш,ş,,,accepted
user-authored-028,excluded_benchmark_parent,false,adige_data_is_a_parent_source_of_adige_bench,user_authored,28,orthography_romanization,Ы ы,ı,,,accepted
user-authored-029,excluded_benchmark_parent,false,adige_data_is_a_parent_source_of_adige_bench,user_authored,29,orthography_romanization,Э э,e,,,accepted
user-authored-030,excluded_benchmark_parent,false,adige_data_is_a_parent_source_of_adige_bench,user_authored,30,orthography_romanization,Ю ю,yu,,,accepted
user-authored-031,excluded_benchmark_parent,false,adige_data_is_a_parent_source_of_adige_bench,user_authored,31,orthography_romanization,Я я,ya,,,accepted
user-authored-032,excluded_benchmark_parent,false,adige_data_is_a_parent_source_of_adige_bench,user_authored,32,orthography_romanization,Ӏ,',,,accepted
user-authored-033,excluded_benchmark_parent,false,adige_data_is_a_parent_source_of_adige_bench,user_authored,33,orthography_romanization,Хъу хъу,hw,,,accepted
user-authored-034,excluded_benchmark_parent,false,adige_data_is_a_parent_source_of_adige_bench,user_authored,34,orthography_romanization,Ку ку,kw,,,accepted
user-authored-035,excluded_benchmark_parent,false,adige_data_is_a_parent_source_of_adige_bench,user_authored,35,orthography_romanization,Гу гу,gw,,,accepted
user-authored-036,excluded_benchmark_parent,false,adige_data_is_a_parent_source_of_adige_bench,user_authored,36,orthography_romanization,Шъ шъ,şh,,,accepted
user-authored-037,excluded_benchmark_parent,false,adige_data_is_a_parent_source_of_adige_bench,user_authored,37,orthography_romanization,Ш ш,ş,,,accepted
user-authored-038,excluded_benchmark_parent,false,adige_data_is_a_parent_source_of_adige_bench,user_authored,38,orthography_romanization,Чӏ чӏ,ç',,,accepted
user-authored-039,excluded_benchmark_parent,false,adige_data_is_a_parent_source_of_adige_bench,user_authored,39,orthography_romanization,Цӏ цӏ,ts',,,accepted
user-authored-040,excluded_benchmark_parent,false,adige_data_is_a_parent_source_of_adige_bench,user_authored,40,orthography_romanization,Тӏ тӏ,t',,,accepted
user-authored-041,excluded_benchmark_parent,false,adige_data_is_a_parent_source_of_adige_bench,user_authored,41,orthography_romanization,Пӏ пӏ,p',,,accepted
user-authored-042,excluded_benchmark_parent,false,adige_data_is_a_parent_source_of_adige_bench,user_authored,42,orthography_romanization,Кӏ кӏ,k',,,accepted
user-authored-043,excluded_benchmark_parent,false,adige_data_is_a_parent_source_of_adige_bench,user_authored,43,orthography_romanization,Лъ лъ,lh,,,accepted
user-authored-044,excluded_benchmark_parent,false,adige_data_is_a_parent_source_of_adige_bench,user_authored,44,orthography_romanization,Хъ хъ,h / kh,,,accepted
user-authored-045,excluded_benchmark_parent,false,adige_data_is_a_parent_source_of_adige_bench,user_authored,45,orthography_romanization,Х х,h / kh,,,accepted
user-authored-046,excluded_benchmark_parent,false,adige_data_is_a_parent_source_of_adige_bench,user_authored,46,orthography_romanization,Къ къ,q / kalın k,,,accepted
user-authored-047,excluded_benchmark_parent,false,adige_data_is_a_parent_source_of_adige_bench,user_authored,47,orthography_romanization,Гъ гъ,ğ,,,accepted
user-authored-048,excluded_benchmark_parent,false,adige_data_is_a_parent_source_of_adige_bench,user_authored,48,phrase_translation,Фэсапщи / Сэлам,Hi / Hello,,,accepted
user-authored-049,excluded_benchmark_parent,false,adige_data_is_a_parent_source_of_adige_bench,user_authored,49,phrase_translation,Уипчэдыжь шъу,Good morning,,,accepted
user-authored-050,excluded_benchmark_parent,false,adige_data_is_a_parent_source_of_adige_bench,user_authored,50,phrase_translation,Уи мафэ шъу,Good afternoon,,,accepted
user-authored-051,excluded_benchmark_parent,false,adige_data_is_a_parent_source_of_adige_bench,user_authored,51,phrase_translation,Уи пчыхьэ шъу,Good evening,,,accepted
user-authored-052,excluded_benchmark_parent,false,adige_data_is_a_parent_source_of_adige_bench,user_authored,52,phrase_translation,Чэщ рэхьат къыокIу,Good night,,,accepted
user-authored-053,excluded_benchmark_parent,false,adige_data_is_a_parent_source_of_adige_bench,user_authored,53,phrase_translation,Шъыд уикъэбар,How are you,,,accepted
user-authored-054,excluded_benchmark_parent,false,adige_data_is_a_parent_source_of_adige_bench,user_authored,54,phrase_translation,"Сэ дэгъу, оры?","I'm good, how about you?",,,accepted
user-authored-055,excluded_benchmark_parent,false,adige_data_is_a_parent_source_of_adige_bench,user_authored,55,phrase_translation,Бэ шIа тызэрэзэмылъэгъугъэр!,Long time no see!,,,accepted
user-authored-056,excluded_benchmark_parent,false,adige_data_is_a_parent_source_of_adige_bench,user_authored,56,phrase_translation,Шъыд пцIэр?,What is your name?,,,accepted
user-authored-057,excluded_benchmark_parent,false,adige_data_is_a_parent_source_of_adige_bench,user_authored,57,phrase_translation,Сэ сцIэр,My name is ...,,,accepted
user-authored-058,excluded_benchmark_parent,false,adige_data_is_a_parent_source_of_adige_bench,user_authored,58,phrase_translation,Ушхэба?,Have you eaten yet?,,,accepted
user-authored-059,excluded_benchmark_parent,false,adige_data_is_a_parent_source_of_adige_bench,user_authored,59,phrase_translation,Тэдэ ущыщ?,Where are you from?,,,accepted
user-authored-060,excluded_benchmark_parent,false,adige_data_is_a_parent_source_of_adige_bench,user_authored,60,phrase_translation,Сэ Турцием Сыщыщ.,I'm from Türkiye,,,accepted
user-authored-061,excluded_benchmark_parent,false,adige_data_is_a_parent_source_of_adige_bench,user_authored,61,phrase_translation,Сигуап ты зэрэшIашъ!,Nice to meet you!,,,accepted
user-authored-062,excluded_benchmark_parent,false,adige_data_is_a_parent_source_of_adige_bench,user_authored,62,phrase_translation,Адыгабзэджэ огущала?,Can you speak Adyghe?,,,accepted
user-authored-063,excluded_benchmark_parent,false,adige_data_is_a_parent_source_of_adige_bench,user_authored,63,phrase_translation,СфэшIэт. / СфэшIэтэп.,I can. / I cannot.,,,accepted
user-authored-064,excluded_benchmark_parent,false,adige_data_is_a_parent_source_of_adige_bench,user_authored,64,phrase_translation,Тхьауегъэпсэу!,Thank you!,,,accepted
user-authored-065,excluded_benchmark_parent,false,adige_data_is_a_parent_source_of_adige_bench,user_authored,65,phrase_translation,Къеблагъ!,You're welcome!,,,accepted
user-authored-066,excluded_benchmark_parent,false,adige_data_is_a_parent_source_of_adige_bench,user_authored,66,phrase_translation,ШIу усэлъэгъу.,I love you.,,,accepted
user-authored-067,excluded_benchmark_parent,false,adige_data_is_a_parent_source_of_adige_bench,user_authored,67,phrase_translation,КъызгурыIо.,I understand.,,,accepted
user-authored-068,excluded_benchmark_parent,false,adige_data_is_a_parent_source_of_adige_bench,user_authored,68,phrase_translation,КъызгурыIорэп.,I don't understand.,,,accepted
user-authored-069,excluded_benchmark_parent,false,adige_data_is_a_parent_source_of_adige_bench,user_authored,69,phrase_translation,Къысфэгъэгъу.,Sorry.,,,accepted
user-authored-070,excluded_benchmark_parent,false,adige_data_is_a_parent_source_of_adige_bench,user_authored,70,phrase_translation,Мо.,Please.,,,accepted
user-authored-071,excluded_benchmark_parent,false,adige_data_is_a_parent_source_of_adige_bench,user_authored,71,phrase_translation,Хъуни лъэпит.,Maybe.,,,accepted
user-authored-072,excluded_benchmark_parent,false,adige_data_is_a_parent_source_of_adige_bench,user_authored,72,lexicon,Сэры,I,,,accepted
user-authored-073,excluded_benchmark_parent,false,adige_data_is_a_parent_source_of_adige_bench,user_authored,73,lexicon,Оры,you (single),,,accepted
user-authored-074,excluded_benchmark_parent,false,adige_data_is_a_parent_source_of_adige_bench,user_authored,74,lexicon,Ар,he/she,,,accepted
user-authored-075,excluded_benchmark_parent,false,adige_data_is_a_parent_source_of_adige_bench,user_authored,75,lexicon,Мыр,it,,,accepted
user-authored-076,excluded_benchmark_parent,false,adige_data_is_a_parent_source_of_adige_bench,user_authored,76,lexicon,Тэры,we,,,accepted
user-authored-077,excluded_benchmark_parent,false,adige_data_is_a_parent_source_of_adige_bench,user_authored,77,lexicon,Шъоры,you (plural),,,accepted
user-authored-078,excluded_benchmark_parent,false,adige_data_is_a_parent_source_of_adige_bench,user_authored,78,lexicon,Ахэр,they,,,accepted
user-authored-079,excluded_benchmark_parent,false,adige_data_is_a_parent_source_of_adige_bench,user_authored,79,lexicon,Мыр,this,,,accepted
user-authored-080,excluded_benchmark_parent,false,adige_data_is_a_parent_source_of_adige_bench,user_authored,80,lexicon,Ур,that,,,accepted
user-authored-081,excluded_benchmark_parent,false,adige_data_is_a_parent_source_of_adige_bench,user_authored,81,lexicon,Моджэ,here,,,accepted
user-authored-082,excluded_benchmark_parent,false,adige_data_is_a_parent_source_of_adige_bench,user_authored,82,lexicon,Ауджэ,there,,,accepted
user-authored-083,excluded_benchmark_parent,false,adige_data_is_a_parent_source_of_adige_bench,user_authored,83,lexicon,ыджи,and,,,accepted
user-authored-084,excluded_benchmark_parent,false,adige_data_is_a_parent_source_of_adige_bench,user_authored,84,lexicon,Амэ,if,,,accepted
user-authored-085,excluded_benchmark_parent,false,adige_data_is_a_parent_source_of_adige_bench,user_authored,85,lexicon,Арышъ,because,,,accepted
user-authored-086,excluded_benchmark_parent,false,adige_data_is_a_parent_source_of_adige_bench,user_authored,86,lexicon,Жьы,old,,,accepted
user-authored-087,excluded_benchmark_parent,false,adige_data_is_a_parent_source_of_adige_bench,user_authored,87,lexicon,КIэ,new,,,accepted
user-authored-088,excluded_benchmark_parent,false,adige_data_is_a_parent_source_of_adige_bench,user_authored,88,lexicon,НыбжьыкI,young,,,accepted
user-authored-089,excluded_benchmark_parent,false,adige_data_is_a_parent_source_of_adige_bench,user_authored,89,lexicon,Ты,father,,,accepted
user-authored-090,excluded_benchmark_parent,false,adige_data_is_a_parent_source_of_adige_bench,user_authored,90,lexicon,Ны,mother,,,accepted
user-authored-091,excluded_benchmark_parent,false,adige_data_is_a_parent_source_of_adige_bench,user_authored,91,lexicon,Тат,grandfather,,,accepted
user-authored-092,excluded_benchmark_parent,false,adige_data_is_a_parent_source_of_adige_bench,user_authored,92,lexicon,Нан,grandmother,,,accepted
user-authored-093,excluded_benchmark_parent,false,adige_data_is_a_parent_source_of_adige_bench,user_authored,93,lexicon,Шы,brother,,,accepted
user-authored-094,excluded_benchmark_parent,false,adige_data_is_a_parent_source_of_adige_bench,user_authored,94,lexicon,Шыпхъу,sister,,,accepted
user-authored-095,excluded_benchmark_parent,false,adige_data_is_a_parent_source_of_adige_bench,user_authored,95,lexicon,Шъао / Къо,son,,,accepted
user-authored-096,excluded_benchmark_parent,false,adige_data_is_a_parent_source_of_adige_bench,user_authored,96,lexicon,Пхъу,daughter,,,accepted
user-authored-097,excluded_benchmark_parent,false,adige_data_is_a_parent_source_of_adige_bench,user_authored,97,lexicon,Цыф,people,,,accepted
user-authored-098,excluded_benchmark_parent,false,adige_data_is_a_parent_source_of_adige_bench,user_authored,98,lexicon,Хъу,male,,,accepted
user-authored-099,excluded_benchmark_parent,false,adige_data_is_a_parent_source_of_adige_bench,user_authored,99,lexicon,Бзы,female,,,accepted
user-authored-100,excluded_benchmark_parent,false,adige_data_is_a_parent_source_of_adige_bench,user_authored,100,lexicon,Ныбджэгъу,friend,,,accepted
user-authored-101,excluded_benchmark_parent,false,adige_data_is_a_parent_source_of_adige_bench,user_authored,101,lexicon,КIалэгъадж,teacher,,,accepted
user-authored-102,excluded_benchmark_parent,false,adige_data_is_a_parent_source_of_adige_bench,user_authored,102,lexicon,Студент,student,,,accepted
user-authored-103,excluded_benchmark_parent,false,adige_data_is_a_parent_source_of_adige_bench,user_authored,103,lexicon,Нэ,eye,,,accepted
user-authored-104,excluded_benchmark_parent,false,adige_data_is_a_parent_source_of_adige_bench,user_authored,104,lexicon,ТхьакIум,ear,,,accepted
user-authored-105,excluded_benchmark_parent,false,adige_data_is_a_parent_source_of_adige_bench,user_authored,105,lexicon,Пэ,nose,,,accepted
user-authored-106,excluded_benchmark_parent,false,adige_data_is_a_parent_source_of_adige_bench,user_authored,106,lexicon,Жэ,mouth,,,accepted
user-authored-107,excluded_benchmark_parent,false,adige_data_is_a_parent_source_of_adige_bench,user_authored,107,lexicon,Цэ,tooth,,,accepted
user-authored-108,excluded_benchmark_parent,false,adige_data_is_a_parent_source_of_adige_bench,user_authored,108,lexicon,Шъхьэ,head,,,accepted
user-authored-109,excluded_benchmark_parent,false,adige_data_is_a_parent_source_of_adige_bench,user_authored,109,lexicon,Шъхьац,hair,,,accepted
user-authored-110,excluded_benchmark_parent,false,adige_data_is_a_parent_source_of_adige_bench,user_authored,110,lexicon,Нэгу,face,,,accepted
user-authored-111,excluded_benchmark_parent,false,adige_data_is_a_parent_source_of_adige_bench,user_authored,111,lexicon,Iэ,hand,,,accepted
user-authored-112,excluded_benchmark_parent,false,adige_data_is_a_parent_source_of_adige_bench,user_authored,112,lexicon,Лъакъо,foot,,,accepted
user-authored-113,excluded_benchmark_parent,false,adige_data_is_a_parent_source_of_adige_bench,user_authored,113,lexicon,Хьэ,dog,,,accepted
user-authored-114,excluded_benchmark_parent,false,adige_data_is_a_parent_source_of_adige_bench,user_authored,114,lexicon,Чэтыу,cat,,,accepted
user-authored-115,excluded_benchmark_parent,false,adige_data_is_a_parent_source_of_adige_bench,user_authored,115,lexicon,Къо,pig,,,accepted
user-authored-116,excluded_benchmark_parent,false,adige_data_is_a_parent_source_of_adige_bench,user_authored,116,lexicon,Чэм,cow,,,accepted
user-authored-117,excluded_benchmark_parent,false,adige_data_is_a_parent_source_of_adige_bench,user_authored,117,lexicon,Мэл,sheep,,,accepted
user-authored-118,excluded_benchmark_parent,false,adige_data_is_a_parent_source_of_adige_bench,user_authored,118,lexicon,Шы,horse,,,accepted
user-authored-119,excluded_benchmark_parent,false,adige_data_is_a_parent_source_of_adige_bench,user_authored,119,lexicon,Цыгъо,mouse,,,accepted
user-authored-120,excluded_benchmark_parent,false,adige_data_is_a_parent_source_of_adige_bench,user_authored,120,lexicon,Чэт,chicken,,,accepted
user-authored-121,excluded_benchmark_parent,false,adige_data_is_a_parent_source_of_adige_bench,user_authored,121,lexicon,Бзыу,bird,,,accepted
user-authored-122,excluded_benchmark_parent,false,adige_data_is_a_parent_source_of_adige_bench,user_authored,122,lexicon,Парц,fish,,,accepted
user-authored-123,excluded_benchmark_parent,false,adige_data_is_a_parent_source_of_adige_bench,user_authored,123,lexicon,Къэгъагъ,flower,,,accepted
user-authored-124,excluded_benchmark_parent,false,adige_data_is_a_parent_source_of_adige_bench,user_authored,124,lexicon,Уц,grass,,,accepted
user-authored-125,excluded_benchmark_parent,false,adige_data_is_a_parent_source_of_adige_bench,user_authored,125,lexicon,Чъыг,tree,,,accepted
user-authored-126,excluded_benchmark_parent,false,adige_data_is_a_parent_source_of_adige_bench,user_authored,126,lexicon,Тхьапэ,leaf,,,accepted
user-authored-127,excluded_benchmark_parent,false,adige_data_is_a_parent_source_of_adige_bench,user_authored,127,lexicon,ПкIышъхьэ-мышъхь,fruit,,,accepted
user-authored-128,excluded_benchmark_parent,false,adige_data_is_a_parent_source_of_adige_bench,user_authored,128,lexicon,Мафэ,day,,,accepted
user-authored-129,excluded_benchmark_parent,false,adige_data_is_a_parent_source_of_adige_bench,user_authored,129,lexicon,Чэщы,night,,,accepted
user-authored-130,excluded_benchmark_parent,false,adige_data_is_a_parent_source_of_adige_bench,user_authored,130,lexicon,Илъэс,year,,,accepted
user-authored-131,excluded_benchmark_parent,false,adige_data_is_a_parent_source_of_adige_bench,user_authored,131,lexicon,Тыгъэ,sun,,,accepted
user-authored-132,excluded_benchmark_parent,false,adige_data_is_a_parent_source_of_adige_bench,user_authored,132,lexicon,Мазэ,moon,,,accepted
user-authored-133,excluded_benchmark_parent,false,adige_data_is_a_parent_source_of_adige_bench,user_authored,133,lexicon,Жъуагъо,stars,,,accepted
user-authored-134,excluded_benchmark_parent,false,adige_data_is_a_parent_source_of_adige_bench,user_authored,134,lexicon,МашIо,fire,,,accepted
user-authored-135,excluded_benchmark_parent,false,adige_data_is_a_parent_source_of_adige_bench,user_authored,135,lexicon,Псы,water,,,accepted
user-authored-136,excluded_benchmark_parent,false,adige_data_is_a_parent_source_of_adige_bench,user_authored,136,lexicon,Жьы,air,,,accepted
user-authored-137,excluded_benchmark_parent,false,adige_data_is_a_parent_source_of_adige_bench,user_authored,137,lexicon,ЧIыгу,earth,,,accepted
user-authored-138,excluded_benchmark_parent,false,adige_data_is_a_parent_source_of_adige_bench,user_authored,138,lexicon,Уашъо,sky,,,accepted
user-authored-139,excluded_benchmark_parent,false,adige_data_is_a_parent_source_of_adige_bench,user_authored,139,lexicon,Хы,sea,,,accepted
user-authored-140,excluded_benchmark_parent,false,adige_data_is_a_parent_source_of_adige_bench,user_authored,140,lexicon,Къушъхьэ,mountain,,,accepted
user-authored-141,excluded_benchmark_parent,false,adige_data_is_a_parent_source_of_adige_bench,user_authored,141,lexicon,Мэзы,forest,,,accepted
user-authored-142,excluded_benchmark_parent,false,adige_data_is_a_parent_source_of_adige_bench,user_authored,142,lexicon,Сэмагу,left,,,accepted
user-authored-143,excluded_benchmark_parent,false,adige_data_is_a_parent_source_of_adige_bench,user_authored,143,lexicon,Жъабгъу,right,,,accepted
user-authored-144,excluded_benchmark_parent,false,adige_data_is_a_parent_source_of_adige_bench,user_authored,144,lexicon,Гузэгу,center,,,accepted
user-authored-145,excluded_benchmark_parent,false,adige_data_is_a_parent_source_of_adige_bench,user_authored,145,lexicon,Плъыжьы,red,,,accepted
user-authored-146,excluded_benchmark_parent,false,adige_data_is_a_parent_source_of_adige_bench,user_authored,146,lexicon,ШхъуантIэ,blue,,,accepted
user-authored-147,excluded_benchmark_parent,false,adige_data_is_a_parent_source_of_adige_bench,user_authored,147,lexicon,Гъожьы,yellow,,,accepted
user-authored-148,excluded_benchmark_parent,false,adige_data_is_a_parent_source_of_adige_bench,user_authored,148,lexicon,Уцышъо,green,,,accepted
user-authored-149,excluded_benchmark_parent,false,adige_data_is_a_parent_source_of_adige_bench,user_authored,149,lexicon,Фыжьы,white,,,accepted
user-authored-150,excluded_benchmark_parent,false,adige_data_is_a_parent_source_of_adige_bench,user_authored,150,lexicon,ШъуцIэ,black,,,accepted
user-authored-151,excluded_benchmark_parent,false,adige_data_is_a_parent_source_of_adige_bench,user_authored,151,lexicon,ЦIэ,name,,,accepted
user-authored-152,excluded_benchmark_parent,false,adige_data_is_a_parent_source_of_adige_bench,user_authored,152,lexicon,зы,1,,,accepted
user-authored-153,excluded_benchmark_parent,false,adige_data_is_a_parent_source_of_adige_bench,user_authored,153,lexicon,тIу,2,,,accepted
user-authored-154,excluded_benchmark_parent,false,adige_data_is_a_parent_source_of_adige_bench,user_authored,154,lexicon,щы,3,,,accepted
user-authored-155,excluded_benchmark_parent,false,adige_data_is_a_parent_source_of_adige_bench,user_authored,155,lexicon,плъы,4,,,accepted
user-authored-156,excluded_benchmark_parent,false,adige_data_is_a_parent_source_of_adige_bench,user_authored,156,lexicon,тфы,5,,,accepted
user-authored-157,excluded_benchmark_parent,false,adige_data_is_a_parent_source_of_adige_bench,user_authored,157,lexicon,хы,6,,,accepted
user-authored-158,excluded_benchmark_parent,false,adige_data_is_a_parent_source_of_adige_bench,user_authored,158,lexicon,блы,7,,,accepted
user-authored-159,excluded_benchmark_parent,false,adige_data_is_a_parent_source_of_adige_bench,user_authored,159,lexicon,и,8,,,accepted
user-authored-160,excluded_benchmark_parent,false,adige_data_is_a_parent_source_of_adige_bench,user_authored,160,lexicon,бгъу,9,,,accepted
user-authored-161,excluded_benchmark_parent,false,adige_data_is_a_parent_source_of_adige_bench,user_authored,161,lexicon,пшIы,10,,,accepted
user-authored-162,excluded_benchmark_parent,false,adige_data_is_a_parent_source_of_adige_bench,user_authored,162,parallel_text,"ЦIыфхэр зэкIэри шъхьэфитхэу, ялъытэныгъэхэмджи, яфэшъуашъэхэмджи, зэфэдэхэу къэхъух.",All human beings are born free and equal in dignity and rights,,,accepted
user-authored-163,excluded_benchmark_parent,false,adige_data_is_a_parent_source_of_adige_bench,user_authored,163,parallel_text,"Ахэмэ, акъылрэ, цIыфыгъэрэ, ахэлъышъ, - зэкъошныгъэ шапхъэм тетхэу цIыэнхэ фай.",They are endowed with reason and conscience and should act towards one another in a spirit of brotherhood.,,,accepted
user-authored-164,excluded_benchmark_parent,false,adige_data_is_a_parent_source_of_adige_bench,user_authored,164,parallel_text,"Жьыбгъэмрэ тыгъэмрэ зэнэкъокъух, Шъхьадж нахъ кIуачIэм фэдэу еIо зэкIоу къакIотгъэр алъэгъугъ ЦIыер щыгъэу.","The breeze and the sun were arguing, each asserting that he was the strongest, when they saw a traveler who was advancing, wrapped in his coat.",,,accepted
user-authored-165,excluded_benchmark_parent,false,adige_data_is_a_parent_source_of_adige_bench,user_authored,165,parallel_text,"Апэ цIыер зыщезгъэхрэр, Анахь кIуачIэу зэзэгъыгъэх.",They agreed that whoever was the first to get the traveler to take off his coat would be regarded as the strongest.,,,accepted
user-authored-166,excluded_benchmark_parent,false,adige_data_is_a_parent_source_of_adige_bench,user_authored,166,parallel_text,"Жьыбгъэр боу лъэщэу ащ епщагъ, ау, нахъ лъэщэу епщэфэ - зэкIом нахъ зыIчIеуцуахьы. Джаш пай уцуэжьыгъ.","Then, the wind began to blow with all its force but the more it blew, the more the traveler tightened his coat around him and in the end, the wind gave up making him take it off.",,,accepted
user-authored-167,excluded_benchmark_parent,false,adige_data_is_a_parent_source_of_adige_bench,user_authored,167,parallel_text,"ЕтIанэ тыгъэр къэщыугъ, зэкIор фабэ къапи цIыер зыщищхыыгъ. Ыджы, Жьыбгъэм, тыгъэр зэрэнахькIуачIэр къыгурыIуагъ.","Then the sun started to shine and after a while, the traveler, warmed up, took off his coat. So the north wind had to recognize that the sun was the stronger of the two.",,,accepted
user-authored-168,excluded_benchmark_parent,false,adige_data_is_a_parent_source_of_adige_bench,user_authored,168,parallel_text,"БэшIэгъэдэдэу къолэжъ горэ цIылагъ Ар псы ешъонэу фэягъ. Оджэ-моджэ къыблъабэхэу, псы лъыхъутыгъ. ЕтIанэ къошын горэ ылъэгъугъ.","Once upon a time, there was a crow. He was thirsty. He was flying here and there in search of water. He wanted to drink water, but he could not find any. Then, he saw a pitcher.",,,accepted
user-authored-169,excluded_benchmark_parent,false,adige_data_is_a_parent_source_of_adige_bench,user_authored,169,parallel_text,"Къошыным нахъ благъэу екIолIагъ. МакIэ ащ псэу итыгъэр, ыпэ нэсытэп. Ау боу Iушыгъ а къолэжъыр. Мыжъо цIыкIу заулэ къошынымди цIылъэу ылъэгъугъ.","He moved closer to it. The level of water was very low in it. His beak could not reach the water, but the crow was very wise. He saw some little stones near the pitcher.",,,accepted
user-authored-170,excluded_benchmark_parent,false,adige_data_is_a_parent_source_of_adige_bench,user_authored,170,parallel_text,"Мыжъо цIыкIухэр къыштэхи, псым хидзагъ. Псыр къыздэкIуатем ыпэ къынэси, ешъуи быбыжьыгъ.","He picked up those stones and dropped them in the water. Then the level of water increased. His beak reached the water, and he drank the water and flew away.",,,accepted
user-authored-172,excluded_benchmark_parent,false,adige_data_is_a_parent_source_of_adige_bench,user_authored,172,story_lexicon,къолэжъ,crow,,,accepted
user-authored-173,excluded_benchmark_parent,false,adige_data_is_a_parent_source_of_adige_bench,user_authored,173,story_lexicon,псы,water,,,accepted
user-authored-174,excluded_benchmark_parent,false,adige_data_is_a_parent_source_of_adige_bench,user_authored,174,story_lexicon,къошын,pitcher / jug,,,accepted
user-authored-175,excluded_benchmark_parent,false,adige_data_is_a_parent_source_of_adige_bench,user_authored,175,story_lexicon,мыжъо,stone,,,accepted
user-authored-176,excluded_benchmark_parent,false,adige_data_is_a_parent_source_of_adige_bench,user_authored,176,story_lexicon,цIыкIу,small / little,,,accepted
user-authored-177,excluded_benchmark_parent,false,adige_data_is_a_parent_source_of_adige_bench,user_authored,177,story_lexicon,ыпэ,his beak,,,accepted
user-authored-178,excluded_benchmark_parent,false,adige_data_is_a_parent_source_of_adige_bench,user_authored,178,story_lexicon,Iушыгъ,wise,,,accepted
user-authored-179,excluded_benchmark_parent,false,adige_data_is_a_parent_source_of_adige_bench,user_authored,179,story_lexicon,благъэ,near / close,,,accepted
user-authored-180,excluded_benchmark_parent,false,adige_data_is_a_parent_source_of_adige_bench,user_authored,180,story_lexicon,макIэ,little / small amount,,,accepted
user-authored-181,excluded_benchmark_parent,false,adige_data_is_a_parent_source_of_adige_bench,user_authored,181,story_lexicon,лъыхъу-,search / look for,,,accepted
user-authored-182,excluded_benchmark_parent,false,adige_data_is_a_parent_source_of_adige_bench,user_authored,182,story_lexicon,лъэгъу-,see,,,accepted
user-authored-183,excluded_benchmark_parent,false,adige_data_is_a_parent_source_of_adige_bench,user_authored,183,story_lexicon,шъо- / ешъу-,drink,,,accepted
user-authored-184,excluded_benchmark_parent,false,adige_data_is_a_parent_source_of_adige_bench,user_authored,184,story_lexicon,хидзэ-,put / drop into,,,accepted
user-authored-185,excluded_benchmark_parent,false,adige_data_is_a_parent_source_of_adige_bench,user_authored,185,story_lexicon,къыштэ-,take / pick up,,,accepted
user-authored-186,excluded_benchmark_parent,false,adige_data_is_a_parent_source_of_adige_bench,user_authored,186,story_lexicon,быбыжьы-,fly away,,,accepted
user-authored-187,excluded_benchmark_parent,false,adige_data_is_a_parent_source_of_adige_bench,user_authored,187,story_lexicon,лъыхъутыгъ,was searching,,,accepted
user-authored-188,excluded_benchmark_parent,false,adige_data_is_a_parent_source_of_adige_bench,user_authored,188,story_lexicon,ылъэгъугъ,saw,,,accepted
user-authored-189,excluded_benchmark_parent,false,adige_data_is_a_parent_source_of_adige_bench,user_authored,189,story_lexicon,екIолIагъ,went / moved closer,,,accepted
user-authored-190,excluded_benchmark_parent,false,adige_data_is_a_parent_source_of_adige_bench,user_authored,190,story_lexicon,нэсытэп,could not reach,,,accepted
user-authored-191,excluded_benchmark_parent,false,adige_data_is_a_parent_source_of_adige_bench,user_authored,191,story_lexicon,къыштэхи,picked up / took,,,accepted
user-authored-192,excluded_benchmark_parent,false,adige_data_is_a_parent_source_of_adige_bench,user_authored,192,story_lexicon,хидзагъ,put / dropped in,,,accepted
user-authored-193,excluded_benchmark_parent,false,adige_data_is_a_parent_source_of_adige_bench,user_authored,193,story_lexicon,къынэси,reached,,,accepted
user-authored-194,excluded_benchmark_parent,false,adige_data_is_a_parent_source_of_adige_bench,user_authored,194,story_lexicon,ешъуи,drank,,,accepted
user-authored-195,excluded_benchmark_parent,false,adige_data_is_a_parent_source_of_adige_bench,user_authored,195,story_lexicon,быбыжьыгъ,flew away,,,accepted
